value,value_diff,value_rolling_mean_3,value_volatility_3,value_ewm_3,value_rolling_mean_6,value_volatility_6,value_ewm_6,value_rolling_mean_12,value_volatility_12,value_ewm_12,value_rolling_mean_24,value_volatility_24,value_ewm_24,drift_flag,time_since_last_spike
0.378,0.0,0.31,0.0,0.378,0.20833333333333334,0.0,0.378,0.16575,0.0,0.378,0.18820833333333334,0.0,0.378,0,1
0.353,-0.025000000000000022,0.31,0.0,0.3655,0.20833333333333334,0.0,0.3708571428571429,0.16575,0.0,0.37415384615384617,0.18820833333333334,0.0,0.376,1,0
0.199,-0.15399999999999997,0.31,0.09693812459502194,0.28225,0.20833333333333334,0.0,0.32175510204081637,0.16575,0.0,0.34720710059171594,0.18820833333333334,0.0,0.36184,1,0
0.115,-0.084,0.22233333333333336,0.12070349345952391,0.198625,0.20833333333333334,0.0,0.26268221574344025,0.16575,0.0,0.31148293126991344,0.18820833333333334,0.0,0.3420928,1,0
0.144,0.028999999999999984,0.15266666666666667,0.0426653645634646,0.17131249999999998,0.20833333333333334,0.0,0.22877301124531446,0.16575,0.0,0.2857163264591575,0.18820833333333334,0.0,0.326245376,1,0
0.061,-0.08299999999999999,0.10666666666666667,0.04212283624512178,0.11615624999999999,0.20833333333333334,0.12989174980215898,0.18083786517522463,0.16575,0.0,0.2511445839269794,0.18820833333333334,0.0,0.30502574592,0,1
0.105,0.044,0.10333333333333333,0.041525092815469365,0.110578125,0.16283333333333333,0.10375821252636662,0.159169903696589,0.16575,0.0,0.2286608017843672,0.18820833333333334,0.0,0.2890236862464,0,2
0.162,0.05700000000000001,0.10933333333333334,0.05063924696649177,0.1362890625,0.131,0.04813730362203511,0.1599785026404207,0.16575,0.0,0.2184052938175415,0.18820833333333334,0.0,0.27886179134668804,0,3
0.078,-0.084,0.115,0.04288356328478327,0.10714453125000001,0.11083333333333333,0.0382905558417041,0.13655607331458622,0.16575,0.0,0.19680447938407358,0.18820833333333334,0.0,0.26279284803895303,1,0
0.139,0.06100000000000001,0.12633333333333335,0.043408908455907336,0.12307226562500001,0.11483333333333334,0.04002707417069927,0.13725433808184728,0.16575,0.0,0.18791148255575457,0.18820833333333334,0.0,0.2528894201958368,0,1
0.145,0.005999999999999978,0.12066666666666666,0.03707200201409878,0.1340361328125,0.115,0.040174618853201255,0.13946738434417663,0.16575,0.0,0.1813097160087154,0.18820833333333334,0.0,0.24425826658016989,0,2
0.11,-0.03499999999999999,0.13133333333333333,0.01871719352182218,0.12201806640624999,0.12316666666666666,0.030915476167554985,0.13104813167441187,0.16575,0.10040746531463231,0.17033899046891304,0.18820833333333334,0.0,0.2335176052537563,0,3
0.162,0.052000000000000005,0.13899999999999998,0.026514147167125857,0.142009033203125,0.13266666666666668,0.03290997822343036,0.1398915226245799,0.14775000000000002,0.0750601274131128,0.16905606885831104,0.18820833333333334,0.0,0.2277961968334558,0,4
0.173,0.010999999999999982,0.14833333333333334,0.033650160970392695,0.1575045166015625,0.13449999999999998,0.03510413081105973,0.14935108758898563,0.13275,0.04020882987603595,0.16966282749549397,0.18820833333333334,0.0,0.22341250108677935,0,5
0.214,0.04100000000000001,0.18299999999999997,0.027404379212089474,0.18575225830078124,0.15716666666666668,0.03523303374202482,0.16782220542070403,0.134,0.042616684739451745,0.17648393095772566,0.18820833333333334,0.0,0.222659500999837,0,6
0.704,0.49,0.36366666666666664,0.29544937524613807,0.4448761291503906,0.25133333333333335,0.224365475656721,0.3210158610147886,0.18308333333333335,0.16938576645866052,0.2576402492719217,0.18820833333333334,0.0,0.26116674091985004,1,0
0.516,-0.18799999999999994,0.478,0.24720032362438354,0.48043806457519533,0.31316666666666665,0.23979192368940758,0.3767256150105633,0.21408333333333332,0.19385583131114045,0.29738790323008757,0.18820833333333334,0.0,0.281553401646262,0,1
0.088,-0.42800000000000005,0.436,0.31569605635801024,0.28421903228759765,0.3095,0.24365693095005525,0.2942325821504023,0.21633333333333335,0.19206596089191166,0.265174379656228,0.18820833333333334,0.0,0.2660691295145611,0,2
0.112,0.024000000000000007,0.23866666666666667,0.24047730315631322,0.19810951614379882,0.30116666666666664,0.25047029098611007,0.24216613010743024,0.21691666666666667,0.19170738039253915,0.24160909047834675,0.18820833333333334,0.0,0.2537435991533962,0,3
0.132,0.020000000000000004,0.11066666666666668,0.02203028218914558,0.1650547580718994,0.29433333333333334,0.2551812427798459,0.21069009293387875,0.21441666666666667,0.1926817717157364,0.224746153481678,0.18820833333333334,0.0,0.24400411122112453,0,4
0.063,-0.069,0.10233333333333335,0.03550117368951887,0.1140273790359497,0.26916666666666667,0.2716059032249974,0.1684929235241991,0.21316666666666664,0.1936932125967779,0.19986212986911217,0.18820833333333334,0.0,0.22952378232343457,0,5
0.124,0.061,0.10633333333333335,0.03774034092762526,0.11901368951797485,0.17250000000000001,0.17016198165277696,0.1557806596601422,0.21191666666666667,0.19426292320804125,0.18819103296617185,0.18820833333333334,0.0,0.22108187973755983,0,6
0.145,0.02099999999999999,0.11066666666666668,0.04259499188089352,0.1320068447589874,0.11066666666666668,0.030329303761653843,0.15270047118581587,0.21191666666666667,0.19426292320804125,0.18154625866368387,0.18820833333333334,0.0,0.21499532935855506,0,7
0.095,-0.04999999999999999,0.12133333333333333,0.025106440076868367,0.11350342237949371,0.11183333333333334,0.029403514529162494,0.13621462227558276,0.21066666666666667,0.19502509551026473,0.16823144963850173,0.18820833333333334,0.1534226838754173,0.20539570300987067,0,8
0.124,0.028999999999999998,0.12133333333333333,0.025106440076868367,0.11875171118974685,0.11383333333333334,0.029822251200515865,0.13272473019684483,0.2075,0.19619215997680345,0.16142661123257837,0.177625,0.14844112066522477,0.19888404676908103,0,9
0.115,-0.008999999999999994,0.11133333333333334,0.014843629385476592,0.11687585559487343,0.11099999999999999,0.028530685235374265,0.12766052156917487,0.2026666666666667,0.19782698287017156,0.15428405565833556,0.16770833333333335,0.14410216157648187,0.19217332302755458,0,10
0.063,-0.052000000000000005,0.10066666666666668,0.032929217016707,0.08993792779743671,0.111,0.028530685235374265,0.10918608683512492,0.19008333333333335,0.20180299048749742,0.1402403547878224,0.16204166666666667,0.14548553765466402,0.18183945718535022,0,11
0.14,0.07700000000000001,0.10600000000000002,0.03928103868280538,0.11496896389871836,0.11366666666666665,0.030657244929488854,0.11799006202508922,0.14308333333333334,0.12055135332246918,0.14020337712815742,0.16308333333333333,0.14522334123886457,0.17849230061052224,1,0
0.104,-0.03600000000000002,0.10233333333333335,0.038527046776691644,0.10948448194935917,0.10683333333333334,0.02657379661747019,0.1139929014464923,0.10875,0.027260110718110558,0.13463362680074858,0.16141666666666668,0.1456806861558545,0.17253291656168046,0,1
0.109,0.0050000000000000044,0.1176666666666667,0.019502136635081387,0.10924224097467958,0.10916666666666668,0.02593389031107115,0.11256635817606592,0.11049999999999999,0.02646953652099661,0.13068999190832573,0.16341666666666668,0.14456739564666013,0.16745028323674604,0,2
0.147,0.03799999999999999,0.12000000000000001,0.023515952032610744,0.12812112048733978,0.11299999999999999,0.029953296980466164,0.1224045415543328,0.11341666666666667,0.028500265814815854,0.13319922392242944,0.16516666666666666,0.14408290689034217,0.16581426057780635,0,3
0.095,-0.05199999999999999,0.11700000000000003,0.026907248094148347,0.11156056024366989,0.10966666666666668,0.030787443327867772,0.11457467253880915,0.11033333333333332,0.028307831660749697,0.1273224202420557,0.16237500000000002,0.14479425057646453,0.16014911973158186,0,4
0.115,0.020000000000000004,0.11900000000000001,0.026229754097208947,0.11328028012183494,0.11833333333333333,0.020684938159604684,0.11469619467057796,0.11466666666666665,0.02406556700249393,0.12542666328173943,0.16391666666666665,0.14405189785408007,0.15653719015305534,0,5
0.196,0.081,0.13533333333333333,0.05348208422764937,0.15464014006091747,0.12766666666666668,0.037892831336107234,0.1379258533361271,0.12066666666666666,0.03366501646120707,0.13628409969993338,0.16629166666666667,0.14409310974284065,0.15969421494081093,1,0
0.129,-0.067,0.1466666666666667,0.04329357150124461,0.14182007003045874,0.13183333333333333,0.03610216983322014,0.13537560952580507,0.11933333333333335,0.032922314436849634,0.1351634689768667,0.165625,0.14423284691926033,0.15723867774554606,0,1
0.355,0.22599999999999998,0.22666666666666666,0.11607899609030636,0.24841003501522935,0.1728333333333333,0.09561676979832914,0.19812543537557503,0.14100000000000001,0.07461172220843787,0.16898447374965644,0.1758333333333333,0.1487249187233779,0.1730595835259024,1,0
0.734,0.379,0.40599999999999997,0.30570737642392604,0.4912050175076147,0.27066666666666667,0.24597777677397334,0.3512324538396964,0.19183333333333333,0.1862519473154251,0.2559099393266324,0.19966666666666666,0.18725306444736103,0.2179348168438302,0,1
0.6,-0.134,0.5630000000000001,0.1921900101462092,0.5456025087538073,0.35483333333333333,0.2598548954063915,0.42230889559978313,0.23224999999999998,0.21798295387900907,0.30884687173791975,0.21745833333333334,0.20413379652585206,0.24850003149632377,0,2
0.797,0.19700000000000006,0.7103333333333334,0.10060980734169683,0.6713012543769037,0.46849999999999997,0.2821678578435184,0.529363496856988,0.29341666666666666,0.26424556703371527,0.383947353009009,0.24175,0.2359180495149884,0.29238002897661786,0,3
1.834,1.037,1.077,0.662939665429668,1.2526506271884519,0.7414999999999999,0.5901276980450927,0.9021167834692772,0.4345833333333333,0.511575722349067,0.6070323756230076,0.28883333333333333,0.3927882122851257,0.41570962665848843,0,4
0.744,-1.09,1.125,0.6145835988699992,0.9983253135942259,0.844,0.5105028893160155,0.8569405596209122,0.4879166666666667,0.5073215688716814,0.6281043178348527,0.29833333333333334,0.40118874086532075,0.44197285652580937,1,0
0.502,-0.242,1.0266666666666666,0.7095641854922875,0.7501626567971129,0.8685,0.4852437531797807,0.7555289711577945,0.5206666666666667,0.4931233172955889,0.6087036535525676,0.3155833333333333,0.4006518511090414,0.4467750280037447,0,1
0.601,0.09899999999999998,0.6156666666666667,0.12166484016893803,0.6755813283985564,0.8463333333333334,0.495545221616218,0.7113778365412818,0.5585,0.47906414449993495,0.6075184760829418,0.33595833333333336,0.4022792107551634,0.45911302576344515,0,2
0.5,-0.10099999999999998,0.5343333333333333,0.05774368652357777,0.5877906641992783,0.8296666666666668,0.5070355674572214,0.6509841689580584,0.59225,0.45720974399065467,0.5909771720701815,0.3512916666666667,0.40117896680384074,0.46238398370236955,0,3
0.677,0.17700000000000005,0.5926666666666667,0.08879376855012544,0.6323953320996392,0.8096666666666666,0.510933524704209,0.6584172635414703,0.6390833333333333,0.4319662146581149,0.6042114532901536,0.376875,0.40157248655320227,0.47955326500618,0,4
0.69,0.0129999999999999,0.6223333333333333,0.10614298532325749,0.6611976660498196,0.6190000000000001,0.10218023292202788,0.6674409025296217,0.68025,0.408820504066827,0.6174096912455146,0.40045833333333336,0.4026944012487652,0.4963890038056856,0,5
0.426,-0.26399999999999996,0.5976666666666667,0.14880972190462977,0.5435988330249097,0.566,0.10674642851168316,0.5984577875211584,0.7050000000000001,0.38041747402748805,0.5879620464385124,0.4121666666666666,0.39901222239824746,0.4907578835012308,1,0
0.59,0.16399999999999998,0.5686666666666667,0.13328665849714005,0.5667994165124548,0.5806666666666667,0.10214042621149838,0.5960412768008274,0.7245833333333334,0.3665583069911831,0.5882755777556643,0.4327916666666667,0.3946747675003424,0.49869725282113236,0,1
0.247,-0.34299999999999997,0.421,0.17155465601376096,0.4068997082562274,0.5216666666666667,0.1686400506008776,0.4963151977148767,0.684,0.39152940212361154,0.5357716427163314,0.4379166666666667,0.3912746079680865,0.4785614725954418,1,0
0.177,-0.07,0.338,0.2210271476538568,0.2919498541281137,0.4678333333333333,0.22051523001068785,0.40508228408205477,0.64875,0.41793107848500133,0.48057600537535733,0.44049999999999995,0.38924933330483813,0.4544365547878065,0,1
0.236,0.059,0.21999999999999997,0.037643060449434475,0.26397492706405684,0.39433333333333326,0.21010346657460593,0.35677306005861054,0.602,0.4310123389923267,0.44294892762530236,0.4477083333333333,0.3835142397635965,0.436961630404782,0,2
0.135,-0.10099999999999998,0.18266666666666667,0.050737888538380224,0.19948746353202843,0.30183333333333334,0.17275116979825797,0.2934093286132933,0.4604166666666667,0.21388249039360296,0.39557216952910196,0.4475,0.3836899790195205,0.41280469997239944,0,3
0.09,-0.04500000000000001,0.15366666666666665,0.07476853170507687,0.1447437317660142,0.24583333333333335,0.1788042691511211,0.23529237758092378,0.4059166666666667,0.21833021626273652,0.3485610665246247,0.44691666666666663,0.3842451568721592,0.38698032397460747,0,4
0.159,0.069,0.128,0.035028559776270306,0.1518718658830071,0.17400000000000002,0.059973327404771376,0.21349455541494555,0.3773333333333333,0.22689217837127082,0.3193978255208363,0.449,0.3824647753033293,0.3687418980566389,0,5
0.13,-0.028999999999999998,0.12633333333333333,0.03464582706954872,0.14093593294150356,0.1545,0.04961753722223526,0.18963896815353254,0.3380833333333333,0.22541697053695975,0.2902596985176307,0.4482916666666666,0.3830636772092879,0.3496425462121078,0,6
0.123,-0.007000000000000006,0.13733333333333334,0.019087517736287227,0.13196796647075176,0.1455,0.04961753722223527,0.17059926296680897,0.30666666666666664,0.2270644014905075,0.264527437207226,0.44945833333333335,0.3819820140503622,0.3315111425151392,0,7
0.143,0.01999999999999999,0.132,0.010148891565079596,0.13748398323537586,0.12999999999999998,0.023168944732117242,0.1627137592620064,0.2621666666666667,0.19840676002657365,0.2458309084061143,0.450625,0.38095746795581314,0.3164302511139281,0,8
0.083,-0.059999999999999984,0.11633333333333333,0.030550504633034617,0.11024199161768794,0.12133333333333335,0.029723167170854624,0.1399383994728617,0.21158333333333335,0.15116905547542883,0.22077999942055826,0.4459166666666667,0.3849189543907593,0.29775583102481384,1,0
0.062,-0.021000000000000005,0.09599999999999999,0.04203569911396415,0.08612099580884397,0.11666666666666665,0.03694680861274177,0.11767028533775836,0.18125000000000002,0.14036713225745465,0.19635230720201086,0.44312500000000005,0.38755132198705383,0.27889536454282876,0,1
0.179,0.11699999999999999,0.10799999999999998,0.06237788069500063,0.13256049790442198,0.12,0.04207612149426207,0.13519306095554168,0.147,0.05687626122477665,0.19368272147862456,0.43579166666666663,0.390941670192311,0.2709037353794025,1,0
0.121,-0.057999999999999996,0.12066666666666666,0.05850071224637416,0.126780248952211,0.11850000000000001,0.041807893991444994,0.13113790068252976,0.13649999999999998,0.047613023428469015,0.18250076432806694,0.41025,0.39063618679633694,0.2589114365490503,0,1
0.117,-0.00399999999999999,0.13899999999999998,0.034698703145791286,0.1218901244761055,0.11750000000000001,0.04175044909937979,0.12709850048752125,0.1315,0.04609969433935279,0.17242372366221048,0.39012500000000006,0.39287085083368384,0.2475585216251263,0,2
0.345,0.22799999999999998,0.19433333333333333,0.13049648781991452,0.23344506223805273,0.15116666666666667,0.10297653454387833,0.1893560717768009,0.14058333333333334,0.07201572850089827,0.1989739200218704,0.37129166666666663,0.38323389148105125,0.2553538398951162,1,0
0.649,0.30400000000000005,0.37033333333333335,0.26690322840560243,0.4412225311190264,0.24549999999999997,0.22037218517771226,0.32068290841200064,0.18341666666666667,0.1633426172376963,0.26820870155696724,0.3219166666666667,0.23378416591352819,0.2868455327035069,0,1
0.383,-0.266,0.459,0.16563815985454525,0.41211126555951316,0.299,0.20536796244789474,0.3384877917228576,0.20783333333333334,0.1698774067771618,0.2858689013174338,0.306875,0.2164147211299156,0.29453789008722636,0,2
0.377,-0.006000000000000005,0.4696666666666667,0.15533619453731065,0.3945556327797566,0.332,0.19800505044063876,0.34949127980204114,0.22599999999999998,0.17573585550220214,0.2998890703455209,0.3016666666666667,0.2129916648025512,0.30113485888024827,0,3
0.819,0.44199999999999995,0.5263333333333333,0.2534745220595814,0.6067778163898783,0.4483333333333333,0.24798279510213314,0.4836366284300294,0.28341666666666665,0.24169607449075872,0.37975229029236385,0.31075,0.23026058017517612,0.34256407016982837,0,4
0.177,-0.6419999999999999,0.45766666666666667,0.328513825178383,0.39188890819493916,0.4583333333333333,0.23268748712955442,0.3960261631643067,0.28791666666666665,0.2389246584684017,0.3485596302473848,0.2972916666666667,0.22814802196717865,0.3293189445562421,1,0
0.176,-0.0010000000000000009,0.39066666666666666,0.37094788492904657,0.2839444540974696,0.43016666666666664,0.2580018733782113,0.33316154511736196,0.2906666666666667,0.2372893643302253,0.32201199482471016,0.27641666666666664,0.21440107005465178,0.3170534289917427,0,1
0.12,-0.055999999999999994,0.15766666666666665,0.0326241219549759,0.2019722270487348,0.342,0.25865034312755103,0.2722582465124014,0.29375,0.23457044880919128,0.29093322639013935,0.25266666666666665,0.1974992937063136,0.3012891546724033,0,2
1.011,0.8909999999999999,0.43566666666666665,0.4990394106013403,0.6064861135243673,0.4466666666666666,0.37806066532590576,0.48332731893742953,0.37283333333333335,0.3001432486280004,0.4017127300224256,0.2770416666666667,0.24916407710350336,0.35806602229861106,1,0
1.169,0.15800000000000014,0.7666666666666666,0.5655743393518958,0.8877430567621837,0.5786666666666668,0.474766749748407,0.6792337992410211,0.4553333333333333,0.36996076778081444,0.5197569254035909,0.30116666666666664,0.30299815850590744,0.4229407405147222,0,1
0.833,-0.3360000000000001,1.0043333333333333,0.16809917707512279,0.8603715283810918,0.5810000000000001,0.47621633739299607,0.7231669994578722,0.5146666666666667,0.3685584530754021,0.5679481676491922,0.32558333333333334,0.32149013328110315,0.4557454812735444,0,2
0.961,0.128,0.9876666666666666,0.16957987301957,0.9106857641905459,0.7116666666666668,0.45003362837311006,0.7911192853270514,0.585,0.3662962040356263,0.6284176803185473,0.35824999999999996,0.3447275231503735,0.49616584277166087,0,3
0.381,-0.58,0.725,0.30470969790933805,0.645842882095273,0.7458333333333332,0.4069517989475738,0.6739423466621797,0.588,0.3642938374444455,0.5903534218080015,0.3642916666666666,0.34376109995253934,0.48695257534992803,0,4
1.136,0.7549999999999999,0.826,0.39518982780430983,0.8909214410476365,0.9151666666666666,0.2886412421444075,0.805958819044414,0.6285833333333334,0.39733531942253275,0.6742990492221551,0.40599999999999997,0.37411681505159305,0.5388763693219338,1,0
0.124,-1.012,0.547,0.5260256647731173,0.5074607205238182,0.7673333333333333,0.42478261106908144,0.6111134421745815,0.607,0.4183660858843387,0.5896376570341313,0.4074166666666666,0.372930686725361,0.5056862597761792,1,0
0.153,0.028999999999999998,0.4709999999999999,0.5760894027839775,0.3302303602619091,0.598,0.43502367751652304,0.4802238872675582,0.5883333333333333,0.43425659221108887,0.5224626328750341,0.4071666666666667,0.37310642690404233,0.4774713589940849,0,1
0.146,-0.007000000000000006,0.14100000000000007,0.015132745950411365,0.23811518013095456,0.4835,0.4509202812027862,0.3847313480482559,0.53225,0.4450816319406016,0.4645453047404135,0.4078333333333333,0.3726036087793064,0.45095365027455814,0,2
0.068,-0.07799999999999999,0.1223333333333334,0.047184036848631455,0.15305759006547728,0.33466666666666667,0.4070310389474818,0.2942366771773256,0.5231666666666667,0.4540133825286998,0.4035383347803499,0.4055416666666667,0.3745954315242521,0.42031735825259353,0,3
0.216,0.148,0.1433333333333334,0.07403602726600764,0.18452879503273864,0.3071666666666667,0.4088444284402888,0.27188334084094684,0.5265,0.4513719490216869,0.37468628327568065,0.4085833333333333,0.37266232724133463,0.40397196959238607,0,4
0.449,0.233,0.24433333333333343,0.19207377055010166,0.3167643975163693,0.19266666666666668,0.13435723525983426,0.32248810060067634,0.5539166666666666,0.43409748765441936,0.3861191627717298,0.4238333333333333,0.3661921171552806,0.4075742120249952,0,5
0.427,-0.02200000000000002,0.36400000000000005,0.12864291663360197,0.3718821987581846,0.24316666666666664,0.15821177790122476,0.3523486432861974,0.50525,0.41027798225992185,0.3924085223453099,0.4390416666666667,0.3579992080592003,0.40912827506299565,0,6
0.7,0.27299999999999996,0.5253333333333333,0.151665201458124,0.5359410993790923,0.33433333333333337,0.2348843687150477,0.4516776023472838,0.4661666666666666,0.36063601225242786,0.43973028813833914,0.46075,0.3573408128408218,0.432398013057956,0,7
0.746,0.04600000000000004,0.6243333333333334,0.17243646172817814,0.6409705496895461,0.4343333333333333,0.26451969050841284,0.5357697159623456,0.45891666666666664,0.3533927658706343,0.48684870534782543,0.4867916666666667,0.35426518919499056,0.45748617201331954,0,8
0.538,-0.20799999999999996,0.6613333333333333,0.10925810419979602,0.5894852748447731,0.5126666666666666,0.19472202409246506,0.536406939973104,0.4236666666666667,0.31809184875193547,0.4947181352943138,0.5043333333333334,0.34547253923042703,0.463927278252254,0,9
0.509,-0.029000000000000026,0.5976666666666668,0.1292761901253801,0.5492426374223865,0.5615,0.13211926430312837,0.5285763856950743,0.4343333333333333,0.3186766195985954,0.49691534524903475,0.5111666666666667,0.3438018472098829,0.46753309599207366,0,10
1.143,0.634,0.7300000000000001,0.35796228851654227,0.8461213187111933,0.6771666666666666,0.2578723844591867,0.7041259897821959,0.4349166666666666,0.3200810858441209,0.596312984441491,0.5317500000000001,0.36645425006582266,0.5215704483127078,1,0
0.669,-0.474,0.7736666666666668,0.3297049185761924,0.7575606593555967,0.7174999999999999,0.22812869175094994,0.6940899927015686,0.48033333333333333,0.3104753930619457,0.6074956022197231,0.5436666666666666,0.3660567390881968,0.5333648124476912,1,0
0.348,-0.32100000000000006,0.7200000000000001,0.3999462463881869,0.5527803296777983,0.6588333333333333,0.2741484391103961,0.5952071376439776,0.4965833333333333,0.2965775870687385,0.5675732018782272,0.5424583333333333,0.3666781528174583,0.5185356274518759,0,1
0.313,-0.034999999999999976,0.4433333333333334,0.19621501811363296,0.4328901648388992,0.5866666666666667,0.3021725776219056,0.5145765268885555,0.5105,0.28220092777374717,0.5284080938969615,0.521375,0.36462748262707334,0.5020927772557258,0,2
0.647,0.334,0.4360000000000001,0.18356742630434184,0.5399450824194496,0.6048333333333334,0.3019380179220009,0.5524118049203968,0.55875,0.24696342202476437,0.5466530025281983,0.5409583333333333,0.3578867296113174,0.5136853550752677,0,3
0.563,-0.08400000000000007,0.5076666666666667,0.17373926825370645,0.5514725412097248,0.6138333333333333,0.29930346918581907,0.5554370035145691,0.5876666666666667,0.22226247110253705,0.5491679252161678,0.5570833333333334,0.34934459338529394,0.5176305266692462,0,4
0.381,-0.18199999999999994,0.5303333333333334,0.1359754879871125,0.4662362706048624,0.4868333333333334,0.15832424535321965,0.5055978596532636,0.582,0.22693691554342516,0.5232959367213726,0.5679583333333332,0.339057706921976,0.5067000845357066,0,5
0.489,0.10799999999999998,0.47766666666666674,0.09152777356263682,0.4776181353024312,0.45683333333333337,0.13172154974288178,0.5008556140380455,0.5871666666666666,0.22377091911690467,0.5180196387642384,0.5462083333333333,0.32588861516284023,0.5052840777728501,0,6
0.451,-0.03799999999999998,0.44033333333333347,0.05478442601080426,0.4643090676512156,0.47400000000000003,0.12097437745241683,0.4866111528843182,0.5664166666666667,0.22390154424467815,0.5077089251082018,0.5162916666666667,0.29799277481271225,0.5009413515510222,0,7
0.602,0.15099999999999997,0.5140000000000001,0.0785429818634359,0.5331545338256078,0.5221666666666667,0.09971643127722982,0.5195793949173702,0.5544166666666667,0.21715911984840375,0.5222152443223246,0.5066666666666667,0.29096625632337625,0.5090260434269404,0,8
0.426,-0.176,0.4930000000000001,0.09522079604792222,0.4795772669128039,0.48533333333333334,0.08395395563442193,0.4928424249409787,0.5450833333333333,0.22031277697167212,0.507412899041967,0.484375,0.27468350364358096,0.5023839599527851,1,0
0.322,-0.10399999999999998,0.4500000000000001,0.1415344481036329,0.4007886334564019,0.4451666666666667,0.09613202726805713,0.44403030352927053,0.5295,0.22951827021750662,0.4788878376508951,0.4819166666666667,0.27591018019680247,0.4879532431565623,0,1
0.135,-0.187,0.2943333333333334,0.14745959898674996,0.26789431672820097,0.4041666666666666,0.1601292186537687,0.35573593109233614,0.4455,0.15783794911813248,0.4259820164738343,0.4402083333333333,0.24686591663715257,0.4597169837040373,0,2
0.2,0.065,0.21900000000000008,0.09493682109697846,0.2339471583641005,0.35600000000000004,0.17249579705024637,0.31123995078024014,0.40641666666666665,0.15551349449387647,0.39121555240093675,0.443375,0.24309200485842203,0.43893962500771433,0,3
0.16,-0.04000000000000001,0.16500000000000006,0.03278719262150435,0.19697357918205025,0.30750000000000005,0.18113613664865377,0.2680285362716001,0.39075,0.17066507604609138,0.35564392895463875,0.44366666666666665,0.24273239275538347,0.41662445500709716,0,4
0.081,-0.079,0.14700000000000008,0.06055575942880751,0.13898678959102512,0.22066666666666668,0.12913816889930885,0.21459181162257152,0.37141666666666673,0.192071699838336,0.31339101680777126,0.44095833333333334,0.24653097153813422,0.3897744986065294,0,5
0.138,0.05700000000000001,0.1263333333333334,0.040771722226721305,0.13849339479551256,0.17266666666666666,0.08274216982087432,0.19270843687326536,0.329,0.1815974569305317,0.2864077834527295,0.443875,0.24230457163409594,0.36963253871800705,0,6
0.102,-0.03600000000000002,0.10700000000000008,0.028827070610791605,0.12024669739775629,0.136,0.042090378948160194,0.16679174062376098,0.29058333333333336,0.17627894131607183,0.25803735522923266,0.439125,0.24801600798616089,0.3482219356205665,0,7
0.069,-0.03299999999999999,0.10300000000000008,0.03451086785346843,0.09462334869887815,0.125,0.05023942674831913,0.13885124330268642,0.26458333333333334,0.18454585945619092,0.22895468519396608,0.4232916666666667,0.25923406901144763,0.32588418077092124,0,8
0.14,0.07100000000000001,0.10366666666666674,0.035529330606315884,0.11731167434943908,0.115,0.03638681079731668,0.13917945950191887,0.23550000000000001,0.17310979175078434,0.215269349010279,0.41133333333333333,0.2655970577801068,0.31101344630924754,0,9
0.152,0.011999999999999983,0.1203333333333334,0.0448590384798082,0.13465583717471954,0.11366666666666668,0.03450603811894938,0.14284247107279918,0.21058333333333332,0.16031755891657534,0.2055356030086976,0.3885,0.26324678452968325,0.29829237060450775,0,10
0.156,0.0040000000000000036,0.1493333333333334,0.008326663997841176,0.14532791858735977,0.12616666666666665,0.03388460810849657,0.1466017650519994,0.17341666666666666,0.10265339593491096,0.1979147410073595,0.36391666666666667,0.2558549039671862,0.28690898095614714,0,11
0.185,0.028999999999999998,0.16433333333333341,0.01800925687897645,0.16516395929367989,0.134,0.04169892084934246,0.15757268932285673,0.15333333333333335,0.06565105182752595,0.19592785777545804,0.34920833333333334,0.2555585492630786,0.27875626247965535,0,12
0.226,0.04100000000000001,0.18900000000000006,0.03517101079013303,0.19558197964683993,0.15466666666666665,0.05209862442201713,0.17712334951632625,0.14533333333333334,0.046195893822508674,0.20055434119461835,0.3374166666666667,0.25439133097525635,0.2745357614812829,0,13
0.673,0.44700000000000006,0.36133333333333345,0.27068862800888627,0.43429098982341996,0.25533333333333336,0.2069296176642349,0.3188023925116616,0.19016666666666668,0.15888236548026963,0.2732382887031386,0.31783333333333336,0.20247290031586682,0.30641290056278025,1,0
0.547,-0.126,0.48200000000000004,0.23047993405066744,0.49064549491171,0.32316666666666666,0.22727025028953185,0.3840017089369011,0.21908333333333332,0.18946789525756935,0.3153554750565019,0.31275,0.19465359421066575,0.32565986851775786,0,1
0.181,-0.36600000000000005,0.4670000000000001,0.2555699512853575,0.335822747455855,0.328,0.22317347512641325,0.3260012206692151,0.22083333333333335,0.18896889274227746,0.2946854019708862,0.30579166666666663,0.19631651000730777,0.31408707903633726,0,2
0.162,-0.01899999999999999,0.29666666666666675,0.21700307217487294,0.2489113737279275,0.329,0.22226020786456532,0.27914372904943935,0.22758333333333336,0.18492330515075356,0.2742722632061345,0.2995,0.19848316104242042,0.30192011271343033,0,3
0.17,0.008000000000000007,0.17100000000000007,0.009539392014150152,0.20945568686396376,0.3265,0.22427906723544172,0.24795980646388524,0.23024999999999998,0.18374098617347176,0.2582303765590369,0.279625,0.18564009417477007,0.2913665036963559,0,4
0.081,-0.08900000000000001,0.13766666666666674,0.049237519569256594,0.1452278434319819,0.30233333333333334,0.24420128309791178,0.2002570046170609,0.2285,0.18516798270268472,0.23096416478072354,0.25954166666666667,0.1796254506917992,0.2745371834006474,0,5
0.126,0.045,0.12566666666666673,0.04450093631973278,0.13561392171599096,0.2111666666666667,0.1685246767291556,0.17904071758361492,0.23324999999999999,0.18139716595961955,0.2148158317375353,0.24891666666666667,0.1796704511445687,0.26265420872859563,0,6
0.14,0.014000000000000012,0.11566666666666675,0.030827476921293763,0.1378069608579955,0.14333333333333334,0.03653856410241613,0.16788622684543925,0.23324999999999999,0.18139716595961955,0.2033057037779145,0.234375,0.17340849297189198,0.252841872030308,0,7
0.118,-0.02200000000000002,0.12800000000000009,0.01113552872564124,0.12790348042899774,0.13283333333333333,0.0323630447681668,0.15363301917531375,0.2304166666666667,0.18303971667042052,0.19018174935054302,0.22050000000000003,0.16857690800653444,0.24205452226788338,0,8
0.217,0.099,0.1583333333333334,0.051983971888775016,0.17245174021449888,0.14200000000000002,0.04683161325429336,0.1717378708395098,0.23550000000000001,0.1816267401218022,0.19430763406584411,0.20445833333333333,0.14772359005240532,0.24005016048645272,1,0
1.509,1.2919999999999998,0.6146666666666667,0.776095569716342,0.8407258701072494,0.36516666666666664,0.5621478156736592,0.5538127648853641,0.3458333333333334,0.4085497262119738,0.39656799805571424,0.24958333333333335,0.3025823519476062,0.3415661476475365,1,0
0.69,-0.819,0.8053333333333333,0.6536760155714249,0.7653629350536246,0.4666666666666666,0.5555183765337258,0.5927234034895458,0.3845,0.41802468391667535,0.4417113829702197,0.26491666666666663,0.3154616929361551,0.3694408558357336,0,1
0.218,-0.472,0.8056666666666666,0.6532260966413802,0.4916814675268123,0.482,0.5454125044404462,0.48565957392110415,0.3465833333333333,0.41003646364091995,0.4072942471286474,0.268375,0.3144287867809209,0.35732558736887493,0,2
0.147,-0.07100000000000001,0.35166666666666674,0.2951479854807303,0.31934073376340616,0.4831666666666667,0.5445414278699706,0.38889969565793153,0.31325,0.4085186376075481,0.3672489783396247,0.26616666666666666,0.3151152538174023,0.3404995403793649,0,3
1.811,1.664,0.7253333333333334,0.9408848672039176,1.065170366881703,0.7653333333333333,0.7259081668273656,0.7952140683270938,0.4490833333333333,0.5908483051485971,0.5893645201335286,0.3349583333333333,0.4445568853086885,0.45813957714901576,1,0
1.199,-0.6119999999999999,1.0523333333333333,0.8416396695340198,1.1320851834408514,0.9289999999999999,0.6872248540325065,0.9105814773764955,0.5355,0.6201512278908633,0.6831545939591396,0.38154166666666667,0.4743646532735785,0.5174084109770944,0,1
1.43,0.23099999999999987,1.4799999999999998,0.30904853987683106,1.2810425917204258,0.9158333333333334,0.674529589170606,1.0589867695546396,0.6405,0.6581449826457832,0.798053887196195,0.435375,0.5169266042006687,0.5904157380989269,0,2
1.277,-0.15300000000000002,1.3019999999999998,0.1175117015449995,1.279021295860213,1.0136666666666665,0.6777851183573349,1.1212762639675997,0.7401666666666666,0.6562700155677794,0.8717379045506265,0.4843333333333333,0.5391446258066864,0.6453424790510128,0,3
0.454,-0.823,1.0536666666666668,0.5249307890887466,0.8665106479301065,1.053,0.627347112849019,0.9306259028339998,0.7675,0.634845650532474,0.8074705346197609,0.5003749999999999,0.5319288782551096,0.6300350807269318,0,4
0.283,-0.17100000000000004,0.6713333333333334,0.5314455130428084,0.5747553239650532,1.0756666666666665,0.5893731132878955,0.7455899305957142,0.7794166666666666,0.623231965911035,0.7267827600628746,0.5063333333333333,0.52850656420313,0.6022722742687773,0,5
1.118,0.8350000000000002,0.6183333333333334,0.44108993791893947,0.8463776619825267,0.9601666666666667,0.4728295323545966,0.8519928075683674,0.8627499999999998,0.5928691600252884,0.7869700277455093,0.5465833333333333,0.5370630208884216,0.6435304923272751,0,6
1.736,0.6179999999999999,1.0456666666666667,0.7291956756134352,1.2911888309912634,1.0496666666666665,0.5682698889318936,1.1045662911202623,0.9893333333333333,0.6045076634348943,0.9329746388615848,0.6124166666666667,0.582057214927601,0.7309280529410931,0,7
1.753,0.016999999999999904,1.5356666666666667,0.3618098027048668,1.5220944154956317,1.1035,0.6240656215495289,1.2898330650859016,1.0096666666666667,0.6272520637791092,1.0591323867290332,0.67775,0.6188343354910172,0.8126938087058057,0,8
1.453,-0.2999999999999998,1.6473333333333333,0.16851211628050575,1.487547207747816,1.1328333333333334,0.6378361597359203,1.3364521893470727,1.07325,0.6305654208724106,1.1197274041553358,0.728875,0.6304653431498386,0.8639183040093412,0,9
1.178,-0.27500000000000013,1.4613333333333334,0.2875905654456255,1.332773603873908,1.2535,0.5455341419196418,1.291180135247909,1.15325,0.5702041301148215,1.1286924189006688,0.7499166666666666,0.6369136120977181,0.8890448396885939,0,10
1.249,0.07100000000000017,1.2933333333333332,0.1427597048656747,1.2908868019369542,1.4145,0.2795215555194266,1.2791286680342209,1.2450833333333333,0.47404343075547906,1.1472012775313352,0.7791666666666667,0.6432773197812338,0.9178412525135065,0,11
0.717,-0.5320000000000001,1.0479999999999998,0.28884424868776787,1.0039434009684771,1.3476666666666668,0.39050104566654686,1.1185204771673005,1.1539166666666667,0.46031243506860453,1.0810164656034373,0.8015,0.6307904633835648,0.901773952312426,0,12
0.563,-0.15400000000000003,0.843,0.35993888370110977,0.7834717004842385,1.1521666666666668,0.4467735071226432,0.9598003408337861,1.1009166666666668,0.4902879410627142,1.00132162474137,0.8182083333333332,0.6183021618964285,0.8746720361274319,0,13
0.941,0.378,0.7403333333333334,0.1900771773078879,0.8622358502421192,1.0168333333333333,0.3381516917992079,0.9544288148812758,1.0601666666666667,0.48067714232269826,0.9920413747811593,0.8503333333333334,0.6029990025708579,0.8799782732372374,0,14
0.902,-0.038999999999999924,0.8019999999999999,0.20789660891895514,0.8821179251210596,0.9249999999999999,0.2623272765078,0.9394491534866256,1.0289166666666667,0.47747793063389293,0.9781888555840579,0.8845416666666667,0.5803181270847816,0.8817400113782585,0,15
0.387,-0.515,0.7433333333333333,0.3092092064174905,0.6345589625605298,0.7931666666666666,0.3050353531423307,0.7816065382047326,1.0233333333333334,0.4851420285635829,0.8872367239557413,0.8954166666666666,0.5677956549649722,0.8421608104679978,0,16
0.301,-0.08600000000000002,0.53,0.3250184610141411,0.4677794812802649,0.6351666666666667,0.26453462281271684,0.6442903844319519,1.0248333333333333,0.4826664260002752,0.797046458731781,0.902125,0.5593711774219646,0.7988679456305581,0,17
0.419,0.118,0.369,0.061024585209574926,0.4433897406401325,0.5855,0.2739063708642055,0.5799217031656799,0.9665833333333332,0.5117059628578142,0.7388854650807378,0.9146666666666667,0.5441943919518873,0.7684785099801135,0,18
0.193,-0.22599999999999998,0.30433333333333334,0.11303686714224682,0.3181948703200662,0.5238333333333333,0.31807446717186577,0.4693726451183428,0.8380000000000001,0.4943589053235793,0.6549030858375474,0.9136666666666665,0.5455525054766812,0.7224402291817045,0,19
0.091,-0.10200000000000001,0.23433333333333337,0.1678610536525192,0.2045974351600331,0.3821666666666667,0.2824028446504502,0.3612661750845306,0.6995,0.4450633254227583,0.5681487649394632,0.8545833333333334,0.554977940546067,0.671925010847168,0,20
0.12,0.028999999999999998,0.13466666666666668,0.05255790457518136,0.16229871758001654,0.2518333333333333,0.13808753262574536,0.2923329822032361,0.5884166666666667,0.40439392548565484,0.4992028011026227,0.8308333333333334,0.5741912775272766,0.6277710099793947,0,21
0.23,0.11000000000000001,0.147,0.07332803011127835,0.19614935879000828,0.22566666666666668,0.12119350917712665,0.2745235587165972,0.5094166666666666,0.36986986859836274,0.4577869855483731,0.8313333333333333,0.5736393857882638,0.5959493291810432,0,22
0.175,-0.05500000000000002,0.17499999999999996,0.05500000000000507,0.18557467939500413,0.20466666666666666,0.11634890058211239,0.24608825622614086,0.41991666666666666,0.29750002546473103,0.41428129546400805,0.8325,0.5722137788411359,0.5622733828465597,0,23
0.122,-0.05299999999999999,0.17566666666666664,0.05400308633155972,0.15378733969750208,0.15516666666666667,0.052685545139689496,0.21063446873295777,0.37033333333333335,0.29303469646670477,0.3693149423156991,0.762125,0.5500728262061625,0.527051512218835,0,24
0.162,0.04000000000000001,0.153,0.027622454633876165,0.15789366984875103,0.15,0.04966689037980525,0.196738906237827,0.3369166666666667,0.29192852747122133,0.33742033580559155,0.7189166666666668,0.5549706546622372,0.4978473912413282,0,25
0.088,-0.07400000000000001,0.124,0.03704051835491145,0.12294683492437551,0.1495,0.05038948302969174,0.16567064731273357,0.2658333333333333,0.2284042800639158,0.29904797645088516,0.663,0.5477702628562137,0.46505959994202195,0,26
0.144,0.055999999999999994,0.13133333333333333,0.03859188170242375,0.13347341746218774,0.1535,0.04849639161834201,0.15947903379480968,0.20266666666666666,0.11123630320860053,0.2751944416122874,0.6157916666666666,0.5413381149615691,0.43937483194666016,0,27
0.189,0.04500000000000001,0.14033333333333334,0.0505997364947079,0.16123670873109386,0.14666666666666667,0.03711423805854375,0.1679135955677212,0.18616666666666667,0.09489212375911776,0.2619337582873201,0.60475,0.547449759457829,0.41934484539092737,0,28
0.088,-0.101,0.1403333333333333,0.0505997364947079,0.12461835436554693,0.13216666666666668,0.04065669276596724,0.14508113969122943,0.16841666666666666,0.09131310603267154,0.2351747185508093,0.5966250000000001,0.5538423737851774,0.39283725775965317,1,0
0.188,0.1,0.155,0.058025856305620765,0.15630917718277346,0.14316666666666666,0.045940904068882404,0.157343671208021,0.14916666666666664,0.047542963026445124,0.22791706954299246,0.557875,0.5482841466199645,0.3764502771388809,1,0
0.187,-0.0010000000000000009,0.15433333333333332,0.05744852768638969,0.17165458859138671,0.14733333333333334,0.04902108389934129,0.1658169080057293,0.14866666666666667,0.047069259092487804,0.22162213576714745,0.49333333333333335,0.4918355740326822,0.36129425496777046,0,1
0.136,-0.05099999999999999,0.17033333333333334,0.029737742572930607,0.15382729429569336,0.15533333333333335,0.04059392401168258,0.15729779143266379,0.15241666666666667,0.04373153289901421,0.20844949949527863,0.42595833333333327,0.41680633383807425,0.34327071457034886,0,2
0.19,0.05399999999999999,0.171,0.03034798181099621,0.17191364714784668,0.163,0.04233202097702867,0.16664127959475983,0.15825,0.04368300064619113,0.20561111495754344,0.37333333333333335,0.3569270619275482,0.331009057404721,0,3
0.204,0.013999999999999985,0.17666666666666667,0.03590728802532841,0.18795682357392335,0.1655,0.04455894971831805,0.17731519971054274,0.15608333333333332,0.04031570488788024,0.20536325111792136,0.33275,0.31428223953471573,0.3208483328123433,0,4
0.16,-0.043999999999999984,0.18466666666666667,0.022479620400129047,0.17397841178696166,0.1775,0.024849547279570294,0.17236799979324482,0.15483333333333332,0.039906329717423805,0.19838428940747194,0.287375,0.2478342385196375,0.30798046618735586,0,5
0.279,0.11900000000000002,0.21433333333333335,0.06016920585593528,0.22648920589348084,0.19266666666666668,0.048783877118022005,0.20283428556660346,0.1679166666666667,0.05205147510500202,0.21078670642170702,0.269125,0.23033063427810985,0.30566202889236743,1,0
0.358,0.07899999999999996,0.26566666666666666,0.0996711258757216,0.29224460294674043,0.22116666666666665,0.08285992195667503,0.24716734683328817,0.18425,0.07549729074007547,0.2334349054337521,0.26058333333333333,0.22263108823629105,0.30984906658097805,0,1
0.153,-0.205,0.26333333333333336,0.1033940681728596,0.2226223014733702,0.22399999999999998,0.07959145682797629,0.22026239059520583,0.18966666666666665,0.07010295459126395,0.22106030459779022,0.22775,0.16974667826678824,0.2973011412544998,1,0
0.275,0.12200000000000003,0.262,0.10311643903859657,0.2488111507366851,0.23816666666666664,0.07989347073864224,0.23590170756800416,0.20058333333333334,0.07250386614561442,0.22935871927505325,0.20162500000000003,0.09183151514547083,0.29551704995413985,0,1
0.684,0.40900000000000003,0.3706666666666667,0.27812647003356944,0.4664055753683426,0.31816666666666665,0.19550694787312883,0.363929791120003,0.24183333333333334,0.15694922938982897,0.2993035316942758,0.214,0.12998427998599701,0.3265956859578087,1,0
0.624,-0.06000000000000005,0.5276666666666667,0.22086270244958534,0.5452027876841713,0.3955,0.21154172165319937,0.4382355650857164,0.28650000000000003,0.18325565847644892,0.3492568345105411,0.22745833333333332,0.1539042557161304,0.35038803108118405,0,1
0.966,0.34199999999999997,0.758,0.18261434773861795,0.7556013938420856,0.51,0.3023196983327413,0.5890254036326545,0.35133333333333333,0.2647445881782996,0.4441403984319964,0.25025000000000003,0.2127540425202198,0.3996369885946894,0,2
1.927,0.9610000000000001,1.1723333333333332,0.675560754731456,1.3413006969210428,0.7715,0.6374131313363413,0.9713038597376105,0.4963333333333333,0.5200005827502565,0.6722726448270739,0.3225,0.4023847391003659,0.5218260295071142,0,3
1.31,-0.617,1.4009999999999998,0.4869199112790533,1.3256503484605213,0.9643333333333333,0.5858001934675906,1.0680741855268647,0.5941666666666667,0.5552856485766148,0.7703845456229087,0.37329166666666663,0.44641854792059904,0.5848799471465451,0,4
1.487,0.17700000000000005,1.5746666666666667,0.3177047895977246,1.4063251742302607,1.1663333333333334,0.5037827574130208,1.187767275376332,0.7022499999999999,0.5943201042903029,0.8806330770655382,0.43025,0.4970340947101595,0.6570495513748216,0,5
0.649,-0.8380000000000001,1.1486666666666667,0.44168125762062205,1.0276625871151304,1.1605,0.5106406760139658,1.0338337681259515,0.7393333333333333,0.5739385987642888,0.8449972190554553,0.4477083333333334,0.49705318402925774,0.6564055872648359,0,6
0.843,0.19399999999999995,0.993,0.43867527853755434,0.9353312935575652,1.197,0.4709033871188441,0.9793098343756796,0.79625,0.5443683787824032,0.8446899545853852,0.4755416666666667,0.4998137026121238,0.6713331402836491,0,7
1.446,0.603,0.9793333333333333,0.4156228258088505,1.1906656467787826,1.277,0.4645406333142452,1.112649881696914,0.8935,0.547792512146375,0.9371991923414799,0.5307083333333333,0.5311788758868389,0.7333064890609572,0,8
1.439,-0.006999999999999895,1.2426666666666666,0.3461391820255753,1.3148328233893913,1.1956666666666667,0.358620505083949,1.2058927726406528,0.9835833333333334,0.5405614014965172,1.014399316596637,0.5839166666666666,0.5560174314335579,0.7897619699360806,0,9
0.711,-0.7280000000000001,1.1986666666666668,0.4223462244809752,1.0129164116946956,1.0958333333333334,0.40126620424185566,1.0644948376004661,1.0300833333333335,0.483618831563065,0.9677224986586929,0.6098750000000001,0.5463164644670946,0.7834610123411943,0,10
0.558,-0.1529999999999999,0.9026666666666667,0.4707359486307945,0.7854582058473478,0.941,0.3993710054573314,0.9197820268574759,1.0536666666666668,0.44912001500577536,0.904688268095817,0.627125,0.5374306274746782,0.7654241313538988,0,11
1.363,0.8049999999999999,0.8773333333333332,0.4275000974658765,1.074229102923674,1.0599999999999998,0.4013327796230952,1.0464157334696256,1.11025,0.4410122911088657,0.9751977653118452,0.6760416666666668,0.5491202037699998,0.813230200845587,1,0
1.288,-0.07499999999999996,1.0696666666666668,0.4447002735926009,1.181114551461837,1.1341666666666665,0.39426661875774704,1.115439809621161,1.1655833333333334,0.4153667510511498,1.0233211860330997,0.7260416666666667,0.5478796661888344,0.85121178477794,0,1
1.224,-0.06400000000000006,1.2916666666666667,0.06957250414735806,1.2025572757309186,1.0971666666666666,0.36874024280876455,1.146457006872258,1.1870833333333335,0.4107484207535254,1.0541948497203153,0.7692083333333333,0.5444467458420257,0.8810348419957048,0,2
0.704,-0.52,1.0719999999999998,0.32029985950668277,0.9532786378654593,0.9746666666666667,0.3542708944673081,1.02004071919447,1.0851666666666666,0.3589258807592284,1.000318718994113,0.79075,0.5304575752408812,0.8668720546360486,0,3
0.469,-0.235,0.7989999999999999,0.38636122993903077,0.7111393189327296,0.9343333333333333,0.40098811287451713,0.8626005137103357,1.0150833333333333,0.391648835828808,0.9185773776104033,0.804625,0.5167652576574199,0.8350422902651647,0,4
0.397,-0.07199999999999995,0.5233333333333333,0.1605500960240567,0.5540696594663648,0.9075000000000001,0.4351407818166436,0.7295717955073827,0.9242500000000001,0.3985873065077347,0.8383347041318796,0.8132499999999999,0.5077090274180079,0.7999989070439516,0,5
0.475,0.07799999999999996,0.4469999999999999,0.04340506882842683,0.5145348297331824,0.7595000000000001,0.3987203280496239,0.6568369967909876,0.90975,0.41243514641698514,0.7824370573423596,0.8245416666666667,0.4964588497476442,0.7739989944804355,0,6
0.624,0.14900000000000002,0.4986666666666666,0.11533574178603016,0.5692674148665913,0.6488333333333334,0.3034649348222398,0.6474549977078483,0.8914999999999998,0.42042521765037316,0.758062125443535,0.843875,0.47815190532425755,0.7619990749220007,0,7
0.682,0.05800000000000005,0.5936666666666666,0.10678170879571965,0.6256337074332956,0.5585,0.1278886234189715,0.6573249983627488,0.8278333333333333,0.3851929465353773,0.7463602599906835,0.8606666666666668,0.464328656717713,0.7555991489282408,0,8
1.076,0.394,0.7939999999999999,0.24593495074917804,0.8508168537166478,0.6205,0.24712324860279658,0.7769464274019635,0.7975833333333333,0.3449889216490959,0.7970740661459629,0.8905833333333334,0.45353873490361485,0.7812312170139816,0,9
0.411,-0.665,0.7229999999999999,0.33439049029540385,0.6309084268583239,0.6108333333333333,0.255235903952924,0.6723903052871169,0.7725833333333333,0.3622707320959468,0.7376780559696609,0.9013333333333332,0.438090586886823,0.7516127196528631,1,0
0.308,-0.10299999999999998,0.5983333333333333,0.41686488618416145,0.46945421342916194,0.596,0.2721727392668111,0.5682787894907978,0.7517499999999999,0.38236396868096045,0.671573739666636,0.9027083333333333,0.43608649712071446,0.7161237020806341,0,1
0.296,-0.01200000000000001,0.3383333333333332,0.06321655901212654,0.382727106714581,0.5661666666666667,0.2967857251733415,0.49048484963628414,0.6628333333333333,0.349991125428614,0.6137931643333074,0.8865416666666666,0.4514677492614382,0.6825138059141834,0,2
0.241,-0.05499999999999999,0.28166666666666657,0.03572580766523897,0.3118635533572905,0.5023333333333333,0.32197805308229643,0.41920346402591724,0.5755833333333333,0.30795379179154103,0.5564403698204909,0.8705833333333334,0.46763121075839525,0.6471927014410488,0,3
0.561,0.32000000000000006,0.36599999999999994,0.1710993863226878,0.4364317766786453,0.48216666666666663,0.3121124263253004,0.45971676001851236,0.5203333333333333,0.2308735715940783,0.5571418513865692,0.8537083333333334,0.4713310918965628,0.6402972853257649,0,4
0.399,-0.16200000000000003,0.4003333333333332,0.16000416661241582,0.41771588833932266,0.36933333333333335,0.11398362455487128,0.4423691142989374,0.49491666666666667,0.22554276286058883,0.5328123357886355,0.7900416666666666,0.4205090578734582,0.6209935024997038,0,5
0.175,-0.22400000000000003,0.37833333333333324,0.19382810253761892,0.2963579441696613,0.33,0.1354311633266108,0.36597793878495527,0.4704166666666667,0.24383990960290206,0.4777642841288455,0.74275,0.42330400731471446,0.5853140222997275,0,6
0.203,0.028000000000000025,0.2589999999999999,0.12204917041914015,0.24967897208483067,0.3125,0.14526906071149182,0.3194128134178252,0.45425000000000004,0.2553112627932635,0.4354928558013308,0.6892499999999999,0.4059349112529164,0.5547289005157494,0,7
0.183,-0.020000000000000018,0.18699999999999992,0.014422205101865546,0.21633948604241532,0.2936666666666667,0.15484529914293726,0.28043772386987514,0.4299166666666667,0.26680992837371664,0.3966478010626645,0.6698333333333334,0.41888222550089155,0.5249905884744894,0,8
0.091,-0.092,0.1589999999999999,0.059732738092274515,0.15366974302120767,0.26866666666666666,0.17574716688090788,0.22631265990705368,0.3855,0.27577741353885704,0.3496250624376392,0.6385,0.43324518612945695,0.4902713413965303,0,9
0.137,0.04600000000000001,0.1369999999999999,0.04600000000000273,0.14533487151060384,0.19799999999999998,0.10616025621671646,0.20079475707646693,0.34008333333333335,0.2672542059651457,0.3169135143703101,0.5839583333333334,0.4088787934750629,0.4620096340848079,0,10
0.142,0.004999999999999977,0.12333333333333323,0.028112867753638672,0.14366743575530191,0.15516666666666667,0.040191624334747586,0.18399625505461922,0.26225,0.13838032243192508,0.29000374292872394,0.5299166666666667,0.37528666337900257,0.43640886335802326,0,11
0.098,-0.043999999999999984,0.12566666666666657,0.024090108620211294,0.12083371787765096,0.14233333333333334,0.04463929509597404,0.15942589646758515,0.23616666666666666,0.1372879080508171,0.2604647055550741,0.504375,0.38320306939180976,0.4093361542893814,0,12
0.151,0.05299999999999999,0.13033333333333322,0.028360771028545416,0.1359168589388255,0.13366666666666668,0.03437246960381864,0.15701849747684654,0.22308333333333333,0.137300902687447,0.24362398162352425,0.48741666666666666,0.38967778402459463,0.3886692619462309,0,13
0.102,-0.049,0.11699999999999988,0.02951270912675148,0.11895842946941274,0.12016666666666666,0.026010895153097124,0.1412989267691761,0.20691666666666664,0.1393409541920516,0.22183567675836668,0.43487500000000007,0.34941980637473347,0.3657357209905325,0,14
0.077,-0.024999999999999994,0.10999999999999989,0.03764306044944055,0.09797921473470636,0.11783333333333333,0.029539239439521917,0.12292780483512578,0.19325,0.14366952292738266,0.1995532649493872,0.3844166666666667,0.3055510939507375,0.3426368633112899,0,15
0.199,0.12200000000000001,0.1259999999999999,0.064443773942874,0.14848960736735317,0.12816666666666665,0.044593347784904265,0.14466271773937556,0.16308333333333333,0.08577079216072742,0.19946814726486609,0.34170833333333334,0.24960986588059203,0.33114591424638673,1,0
0.143,-0.05600000000000002,0.13966666666666658,0.061068267810161336,0.1457448036836766,0.12833333333333333,0.04465721292988879,0.1441876555281254,0.14175000000000001,0.042861563624808995,0.19078073999334821,0.31833333333333336,0.24030174268246884,0.31609424110667583,0,1
0.16,0.017000000000000015,0.16733333333333322,0.028711205710203167,0.1528724018418383,0.13866666666666666,0.04338970692071387,0.14870546823437528,0.14049999999999999,0.04201406690837881,0.1860452415328331,0.30545833333333333,0.24015610487794078,0.30360670181814176,0,2
0.215,0.05499999999999999,0.17266666666666655,0.03763420430052435,0.18393620092091917,0.14933333333333335,0.05367556861986154,0.16764676302455375,0.14150000000000001,0.043744090509980516,0.1904998197585511,0.297875,0.2400132808825369,0.2965181656726904,0,3
0.145,-0.07,0.1733333333333332,0.03685557397916367,0.16446810046045957,0.1565,0.04873499769158516,0.1611762593032527,0.13833333333333334,0.04179894155539621,0.18349984748800477,0.284125,0.23887477390611003,0.2843967124188752,0,4
0.168,0.02300000000000002,0.1759999999999999,0.03567912554982639,0.1662340502302298,0.17166666666666666,0.029350752403737527,0.16312589950232337,0.14475000000000002,0.03973119909866923,0.18111525556677327,0.265125,0.22857903447166697,0.2750849754253652,0,5
0.787,0.619,0.36666666666666653,0.3642009518567102,0.47661702511511495,0.26966666666666667,0.2547827833011204,0.3413756425016595,0.19891666666666666,0.18939638968111913,0.2743282931718851,0.2695,0.23772673387736498,0.316038177391336,1,0
0.835,0.04799999999999993,0.5966666666666666,0.37201120054822795,0.6558085125575575,0.385,0.3311549486267708,0.48241117321547106,0.25666666666666665,0.2621454604303541,0.36058547883774894,0.2594583333333333,0.205018552536246,0.35755512320002913,0,1
0.285,-0.55,0.6356666666666666,0.3046331126672443,0.4704042562787787,0.4058333333333333,0.3178329225657183,0.4260079808681936,0.27225,0.25737066478312753,0.3489569436319414,0.2542083333333333,0.2025678585532267,0.3517507133440268,0,2
0.437,0.15200000000000002,0.5189999999999998,0.28402112597481294,0.45370212813938937,0.44283333333333336,0.30378572492246236,0.4291485577629954,0.2960833333333333,0.2583621342694055,0.36250202922702734,0.25958333333333333,0.205743807908654,0.35857065627650464,0,3
0.246,-0.191,0.32266666666666655,0.10091745802057132,0.3498510640696947,0.45966666666666667,0.2862751590108125,0.37682039840213954,0.3080833333333333,0.2517886770265648,0.34457864011517697,0.2575,0.20561212956945524,0.34956500377438426,0,4
0.404,0.15800000000000003,0.36233333333333323,0.10208982972526594,0.37692553203484735,0.49900000000000005,0.2523941362234856,0.3845859988586711,0.3353333333333333,0.24201101903288047,0.35372038778976517,0.26429166666666665,0.20772462523142443,0.35391980347243357,0,5
0.402,-0.0020000000000000018,0.3506666666666665,0.09064950818031937,0.3894627660174237,0.43483333333333335,0.20989275039092212,0.3895614277561936,0.35225,0.23868698597269014,0.3611480204374936,0.25766666666666665,0.20025129140693304,0.3577662191946389,0,6
1.227,0.8250000000000001,0.6776666666666666,0.47573767281279494,0.8082313830087119,0.5001666666666666,0.36388427647628047,0.6288295912544241,0.44258333333333333,0.33712243751905296,0.49435601729326384,0.2921666666666667,0.2807892086782262,0.42730492165906786,1,0
0.856,-0.3710000000000001,0.8283333333333333,0.41319527264156103,0.8321156915043559,0.5953333333333334,0.3709553432243109,0.6937354223245886,0.5005833333333334,0.343889373949169,0.5499935530943002,0.32054166666666667,0.30203915369090545,0.46160052792634243,0,1
1.476,0.62,1.1863333333333332,0.31199412387629016,1.154057845752178,0.7685,0.5017217356264326,0.9172395873747061,0.6056666666666667,0.4304573325563347,0.6924560833874848,0.3735833333333334,0.3817569129429221,0.542752485692235,0,2
1.323,-0.15300000000000002,1.2183333333333333,0.3229803915616765,1.238528922876089,0.9480000000000001,0.46899168436124783,1.0331711338390757,0.7038333333333333,0.44974150824937653,0.7894628397894102,0.4210833333333333,0.42543593158554166,0.6051722868368562,0,3
1.211,-0.11199999999999988,1.3366666666666667,0.13302756606558588,1.2247644614380446,1.0825,0.3910134268794367,1.0839793813136256,0.7907500000000001,0.4373877258534726,0.8543147105910394,0.46774999999999994,0.44845864042731165,0.6536385038899077,0,4
0.254,-0.9570000000000001,0.9293333333333331,0.5875307084172997,0.7393822307190223,1.0578333333333334,0.44365275460281683,0.8468424152240184,0.7463333333333333,0.4640533537768205,0.761958601269341,0.472625,0.4453319048022299,0.6216674235787152,1,0
1.17,0.9159999999999999,0.8783333333333333,0.5410770123867157,0.9546911153595111,1.0483333333333333,0.4399002917328735,0.9391731537314416,0.77425,0.4796855267208448,0.8247342010740577,0.5154583333333332,0.4613005225462563,0.665534029692418,1,0
0.42,-0.75,0.6146666666666665,0.48804234788933454,0.6873455576797556,0.9756666666666667,0.5086628221785695,0.7908379669510297,0.7855,0.468623613264516,0.762467400908818,0.528875,0.4532433181358358,0.6458913073170246,0,1
0.461,0.041000000000000036,0.6836666666666664,0.42167562572827727,0.5741727788398778,0.8065000000000001,0.4767669241883291,0.696598547822164,0.7875,0.46704963722966686,0.7160878007689999,0.5417916666666667,0.44637145568380066,0.6311000027316627,0,2
0.808,0.34700000000000003,0.5629999999999998,0.21316425591548155,0.6910863894199389,0.7206666666666667,0.4063395952484405,0.7284275341586885,0.8343333333333334,0.43488417127350376,0.7302281391122307,0.5712083333333333,0.4393361572395003,0.6452520025131298,0,3
0.935,0.127,0.7346666666666666,0.24536163785998444,0.8130431947099694,0.6746666666666666,0.35167466025670135,0.7874482386847775,0.8785833333333334,0.41361124882129946,0.7617315023257337,0.6069583333333334,0.432223923363268,0.6684318423120794,0,4
0.61,-0.32500000000000007,0.7843333333333332,0.16378746390775495,0.7115215973549847,0.734,0.2913671223731322,0.7367487419176982,0.8959166666666666,0.3957980335137266,0.7383881942756207,0.6240833333333333,0.42340975288788485,0.663757294927113,0,5
0.489,-0.121,0.6779999999999999,0.23064474847696154,0.6002607986774924,0.6205,0.2083792216129035,0.6659633870840701,0.8344166666666667,0.39701098183421757,0.7000207797716791,0.6385,0.41205539939905295,0.649776711332944,0,6
0.499,0.010000000000000009,0.5326666666666665,0.06715901527966468,0.5496303993387461,0.6336666666666667,0.19525948547168265,0.6182595622029072,0.8046666666666665,0.4084574826729398,0.6690945059606516,0.652625,0.4005904134497306,0.6377145744263085,0,7
0.675,0.17600000000000005,0.5543333333333332,0.10461994711016741,0.6123151996693731,0.6693333333333333,0.17600757559453606,0.6344711158592194,0.7379166666666667,0.35004816768120567,0.6700030435051667,0.6717916666666667,0.38959510522399127,0.6406974084722039,0,8
0.598,-0.07700000000000007,0.5906666666666665,0.08822886904712196,0.6051575998346865,0.6343333333333333,0.16334217663134726,0.6240507970422996,0.6775000000000001,0.2986824096229667,0.6589256521966795,0.6906666666666667,0.3736090338106503,0.6372816157944277,0,9
0.6,0.0020000000000000018,0.6243333333333332,0.04389001405028454,0.6025787999173433,0.5784999999999999,0.0713827710305465,0.6171791407444996,0.6265833333333334,0.2470916128716534,0.6498601672433442,0.7086666666666668,0.35738721743846114,0.6342990865308735,0,10
0.587,-0.013000000000000012,0.5949999999999999,0.007000000000060858,0.5947893999586716,0.5746666666666667,0.06995617675849705,0.608556529103214,0.6543333333333333,0.21848750050926882,0.6401893722828297,0.7003333333333334,0.35781275971448095,0.6305151596084037,0,11
0.472,-0.11499999999999999,0.5529999999999998,0.07044856279585031,0.5333946999793358,0.5718333333333333,0.07432742876399046,0.5695403779308672,0.5961666666666666,0.15130873515211618,0.6143140842393174,0.6852083333333333,0.3595407673766595,0.6178339468397314,0,12
0.745,0.273,0.6013333333333332,0.13706324574200843,0.6391973499896679,0.6128333333333332,0.09188997043565848,0.6196716985220481,0.62325,0.14589917128557678,0.6344196097409609,0.7043749999999999,0.34939647499528464,0.6280072310925529,1,0
0.554,-0.19099999999999995,0.5903333333333332,0.14007973919640979,0.596598674994834,0.5926666666666667,0.08874157236980945,0.6009083560871772,0.631,0.13879415759252287,0.6220473620885053,0.70925,0.34630625425933415,0.6220866526051487,1,0
0.386,-0.16800000000000004,0.5616666666666665,0.179622752827514,0.491299337497417,0.5573333333333333,0.12212070531513493,0.539505968633698,0.5958333333333333,0.1432599882815301,0.5857323833056584,0.7150833333333333,0.3392714594368438,0.6031997203967369,0,1
0.445,0.059,0.4616666666666665,0.08523105850178216,0.4681496687487085,0.5315,0.1275629256484786,0.5125042633097843,0.555,0.10156323601131874,0.5640812474124801,0.7167916666666666,0.33773670979762876,0.5905437427649979,0,2
0.457,0.01200000000000001,0.4293333333333332,0.03800438571183881,0.46257483437435426,0.5098333333333334,0.12729087424739402,0.49664590236413164,0.54225,0.10361390306851122,0.5476072093490216,0.7190833333333333,0.33568825038907085,0.5798602433437982,0,3
0.334,-0.123,0.41199999999999987,0.06781592733275046,0.39828741718717714,0.4868333333333333,0.14651063670145528,0.45017564454580833,0.5293333333333333,0.11932563035913948,0.5147445617568644,0.6818749999999999,0.32630171587444773,0.5601914238762943,0,4
0.186,-0.14800000000000002,0.3256666666666665,0.13569205331681827,0.29214370859358857,0.39366666666666666,0.1257754613057155,0.37469688896129166,0.50325,0.15533490212499496,0.4641684753327314,0.6539583333333333,0.3391641233035003,0.5302561099661908,0,5
0.204,0.017999999999999988,0.24133333333333318,0.08075477282077063,0.2480718542967943,0.3353333333333333,0.11742855984242236,0.32592634925806546,0.464,0.1670557881775915,0.4241425560507728,0.6009583333333334,0.3025282565554709,0.5041556211688955,0,6
0.112,-0.09199999999999998,0.1673333333333332,0.04875790534194723,0.18003592714839714,0.2896666666666667,0.14404536322514944,0.26480453518433245,0.4235,0.18907646360906233,0.37612062435065385,0.5505,0.2767566817071726,0.47278317147538385,0,7
0.126,0.013999999999999999,0.14733333333333318,0.04957149718673313,0.15301796357419856,0.23650000000000002,0.133748644852942,0.22514609656023746,0.38399999999999995,0.1981459517169558,0.3376405282967071,0.5052916666666667,0.25165167077887063,0.44504051775735315,0,8
0.118,-0.008000000000000007,0.11866666666666652,0.0070237691686370965,0.13550898178709928,0.18000000000000002,0.08451272093595279,0.19453292611445533,0.3449166666666667,0.20070261054303176,0.3038496777895214,0.49962500000000004,0.25898074672437144,0.4188772763367649,0,9
0.065,-0.05299999999999999,0.10299999999999987,0.03315116890851614,0.10025449089354964,0.13516666666666666,0.05130464566357283,0.15752351865318237,0.311,0.21137988207361305,0.2671035735142104,0.4535833333333334,0.23137150940061485,0.3905670942298237,0,10
0.131,0.066,0.10466666666666653,0.034961884007219925,0.11562724544677483,0.126,0.044922154890410904,0.14994537046655884,0.2598333333333333,0.16627569293377217,0.24616456220433186,0.4415416666666667,0.24053436510632198,0.36980172669143785,0,11
0.108,-0.023000000000000007,0.1013333333333332,0.0335012437580204,0.1118136227233874,0.11,0.02363895090730595,0.1379609789046849,0.22266666666666668,0.14272244732240622,0.22490847571135772,0.42683333333333334,0.24990305366658488,0.3488575885561228,0,12
0.107,-0.0010000000000000009,0.11533333333333319,0.013576941236313051,0.1094068113616937,0.10916666666666668,0.023642475899632105,0.12911498493191778,0.19941666666666666,0.13627542854176786,0.2067687102173027,0.39762500000000006,0.24431942963189007,0.329508981471633,0,13
0.15,0.043,0.12166666666666652,0.0245424801789529,0.12970340568084684,0.11316666666666665,0.028575630643341836,0.13508213209422698,0.1748333333333333,0.11247612541281304,0.19803506249156383,0.3649166666666667,0.22064981436590886,0.31514826295390236,0,14
0.151,0.0010000000000000009,0.13599999999999987,0.025119713374180036,0.14035170284042342,0.11866666666666666,0.032586295687983824,0.13963009435301926,0.14933333333333335,0.06895760665185231,0.19079889903132322,0.3457916666666667,0.21836367335383325,0.30201640191759016,0,15
0.109,-0.041999999999999996,0.13666666666666652,0.023965252624044937,0.1246758514202117,0.126,0.020976176963357,0.1308786388235852,0.13058333333333333,0.03767434220535431,0.17821445302650424,0.3299583333333333,0.2212854696042442,0.28657508976418294,1,0
0.291,0.182,0.1836666666666665,0.09529602999776161,0.20783792571010584,0.15266666666666664,0.07089898917942918,0.1766275991597037,0.13933333333333334,0.058275729133668346,0.19556607563781125,0.3212916666666667,0.2184318576794036,0.28692908258304833,1,0
0.758,0.467,0.38599999999999984,0.33476708320861076,0.4829189628550529,0.26099999999999995,0.2526459973955623,0.3427339993997883,0.1855,0.18837752230319563,0.2820943716935326,0.32475,0.22483854110275947,0.32461475597640443,0,1
0.607,-0.15100000000000002,0.5519999999999998,0.23830862342769069,0.5449594814275265,0.3443333333333333,0.27330690929185336,0.4182385709998488,0.22675,0.22201315481090517,0.33207985297145065,0.325125,0.22532108732052628,0.34720557549829206,0,2
0.988,0.381,0.7843333333333332,0.1918601921539071,0.7664797407137632,0.484,0.35580444066930794,0.5810275507141777,0.29858333333333337,0.30890111931676695,0.4329906448219967,0.3412916666666667,0.25751951874805873,0.3984691294584287,0,3
0.919,-0.06899999999999995,0.8379999999999997,0.203004926048608,0.8427398703568816,0.612,0.3501473975342376,0.677591107652984,0.36533333333333334,0.3501244800283914,0.5077613148493818,0.35512499999999997,0.27928920844981037,0.44011159910175446,0,4
0.292,-0.627,0.7329999999999998,0.38347229365366264,0.5673699351784408,0.6425,0.3022666041758492,0.5674222197521315,0.38425,0.3383572950165387,0.4745672664110153,0.347625,0.2784297292503706,0.4282626711736141,1,0
0.422,0.13,0.5443333333333332,0.33091741165030025,0.4946849675892204,0.6643333333333333,0.27533010490439697,0.5258730141086654,0.40850000000000003,0.3288513065477796,0.4664799946554745,0.33416666666666667,0.26591183021685066,0.427761657479725,0,1
0.378,-0.043999999999999984,0.3639999999999999,0.06612110101927364,0.4363424837946102,0.601,0.2926362930328352,0.48362358150618956,0.431,0.31538288418423016,0.45286768778540154,0.3268333333333333,0.26198351535705533,0.423780724881347,0,2
0.402,0.02400000000000002,0.4006666666666665,0.02203028218916659,0.41917124189730515,0.5668333333333333,0.30355916501839636,0.4603025582187068,0.4555833333333333,0.2988984194530226,0.4450418896645706,0.3275,0.262160919715519,0.4220382668908393,0,3
0.492,0.08999999999999997,0.4239999999999999,0.06009991680527494,0.45558562094865257,0.4841666666666667,0.22269119126419382,0.46935897015621914,0.48408333333333337,0.2829938831119636,0.4522662143315598,0.32945833333333335,0.2632500843001913,0.4276352055395722,0,4
0.403,-0.08899999999999997,0.43233333333333324,0.051675268101232914,0.4292928104743263,0.3981666666666666,0.06494433513914441,0.4503992643972994,0.5050833333333333,0.2647947604306305,0.44468679674208905,0.3272083333333333,0.2623417915234056,0.4256643890964064,0,5
0.381,-0.02200000000000002,0.4253333333333332,0.0587735768295099,0.40514640523716317,0.41300000000000003,0.041933280339115864,0.43057090314092816,0.52775,0.2381039211620151,0.4348888280125369,0.32916666666666666,0.2625700182670395,0.4220912379686939,0,6
0.444,0.063,0.40933333333333316,0.03197394772833518,0.42457320261858156,0.4166666666666667,0.04379802126427127,0.4344077879578059,0.5405,0.22816282065067603,0.4362905467798389,0.33991666666666664,0.2617338370354036,0.4238439389311984,0,7
0.343,-0.10099999999999998,0.38933333333333325,0.05101307022062399,0.38378660130929076,0.41083333333333333,0.05161169118199423,0.4082912771127185,0.5059166666666667,0.2236045447307417,0.42193815496755604,0.34570833333333334,0.2601284764791471,0.4173764238167026,0,8
0.355,0.011999999999999955,0.3806666666666665,0.05517547764482259,0.3693933006546454,0.40299999999999997,0.05655086206238463,0.3930651979376561,0.48491666666666666,0.22507673775578793,0.4116399772802397,0.3558333333333333,0.25532105392957705,0.4123863099113664,0,9
0.406,0.051000000000000045,0.3679999999999999,0.033451457367370235,0.3876966503273227,0.38866666666666666,0.03700090088991725,0.39676085566975433,0.4364166666666667,0.1601598396678272,0.41077228846789515,0.3675,0.2507180991021413,0.4118754051184571,0,10
0.334,-0.07200000000000001,0.3649999999999998,0.0370270171631606,0.3608483251636614,0.37716666666666665,0.042035302623692906,0.3788291826212531,0.38766666666666666,0.05329733633687483,0.39896116716514207,0.3765,0.24518830385608928,0.4056453727089806,0,11
0.357,0.022999999999999965,0.36566666666666653,0.03677408507814059,0.3589241625818307,0.37316666666666665,0.04273367134550263,0.37259227330089506,0.3930833333333333,0.04541016773073215,0.39250560298588943,0.3886666666666667,0.2361367817815446,0.4017537428922621,0,12
0.369,0.01200000000000001,0.3533333333333332,0.017785762095966648,0.36396208129091534,0.3606666666666667,0.025271855228007983,0.37156590950063934,0.3886666666666667,0.044916758025430194,0.3888893563726757,0.39858333333333335,0.2297567554320581,0.39913344346088114,0,13
0.362,-0.007000000000000006,0.36266666666666647,0.006027713773423666,0.36298104064545766,0.3638333333333333,0.023760611664378595,0.3688327925004567,0.38733333333333336,0.04549592056304263,0.38475253231534096,0.4091666666666667,0.221490929575136,0.3961627679840107,0,14
0.453,0.09100000000000003,0.3946666666666665,0.05063924696650131,0.40799052032272887,0.3801666666666667,0.042649345442403376,0.3928805660717548,0.39158333333333334,0.04922020710926237,0.3952521427283654,0.42358333333333337,0.21202623231196108,0.40070974654528985,1,0
0.505,0.05199999999999999,0.4399999999999998,0.07238093671679693,0.45649526016136444,0.39666666666666667,0.06689892874079154,0.4249146900512534,0.39266666666666666,0.051711319902517476,0.412136428462463,0.438375,0.20435451133837912,0.40905296682166664,0,1
0.555,0.050000000000000044,0.5043333333333332,0.05100326786916962,0.5057476300806822,0.4335,0.08411836898085313,0.462081921465181,0.4053333333333333,0.06989255823740882,0.43411543946823794,0.4552083333333334,0.1961270615579661,0.4207287294759333,0,2
0.754,0.19899999999999995,0.6046666666666666,0.13172066403315094,0.6298738150403411,0.4996666666666667,0.1455880031687564,0.5454870867608436,0.4364166666666667,0.12177360389698776,0.4833284487808167,0.48208333333333336,0.19074178235570674,0.44739043111785864,0,3
1.097,0.34299999999999997,0.8019999999999999,0.27416965550549316,0.8634369075201705,0.621,0.2673507060024333,0.7030622048291739,0.4908333333333334,0.22641387418672526,0.577739456660691,0.5156666666666666,0.22373677598360125,0.49935919662843,0,4
1.022,-0.07499999999999996,0.9576666666666664,0.18032285859905306,0.9427184537600852,0.731,0.27513705675535577,0.7941872891636956,0.5474166666666668,0.2672688324288461,0.6460872325590463,0.5266666666666666,0.24191997718733108,0.5411704608981556,0,5
1.317,0.29499999999999993,1.145333333333333,0.1533242750947613,1.1298592268800425,0.875,0.32255170128213595,0.9435623494026397,0.6275833333333333,0.33896539333505366,0.7493045813961161,0.55625,0.2906701776479882,0.6032368240263031,0,6
1.008,-0.30899999999999994,1.1156666666666666,0.17450023877729803,1.0689296134400212,0.9588333333333333,0.2678876008080015,0.9619731067161712,0.6777500000000001,0.3476270532939258,0.7891038765659444,0.5570833333333334,0.2919874798784994,0.6356178781041989,0,7
0.551,-0.45699999999999996,0.9586666666666664,0.3853755743859929,0.8099648067200107,0.9581666666666667,0.269095831752681,0.8445522190829795,0.6958333333333333,0.333475863467135,0.7524725109404146,0.5417500000000001,0.2816345535248301,0.628848447855863,0,8
0.568,0.016999999999999904,0.709,0.2590810683936605,0.6889824033600054,0.9271666666666666,0.30556270496686455,0.7655372993449854,0.7134166666666667,0.3192449781290315,0.7240921246418892,0.55325,0.2765827574870321,0.6239805720273941,0,9
0.495,-0.07299999999999995,0.5379999999999998,0.038196858509575084,0.5919912016800026,0.8268333333333332,0.3359663177562102,0.6882409281035611,0.7239166666666668,0.3087880880690398,0.6888471823892909,0.5562916666666666,0.27547579064571903,0.6136621262652026,0,10
0.446,-0.04899999999999999,0.5029999999999998,0.061392181912687166,0.5189956008400013,0.7308333333333333,0.35100280150828783,0.6190292343596865,0.7309166666666668,0.30068360245926035,0.651486077406323,0.559125,0.2739075236676406,0.6002491561639864,0,11
0.535,0.08900000000000002,0.4919999999999998,0.044575778176050615,0.5269978004200007,0.6004999999999999,0.20437881494910254,0.5950208816854903,0.73775,0.29466502553361673,0.6335651424207348,0.5646666666666667,0.27192864579848347,0.5950292236708676,0,12
0.566,0.030999999999999917,0.5156666666666665,0.062292321624208336,0.5464989002100002,0.5268333333333334,0.04780550874811346,0.5867292012039216,0.7428333333333333,0.2907854045772436,0.6231705051252371,0.56775,0.2714880492205231,0.5927068857771982,0,13
0.483,-0.08299999999999996,0.5279999999999999,0.04194043395102734,0.5147494501050001,0.5155,0.04897652498901135,0.5570922865742297,0.7368333333333333,0.29571449170789776,0.6016058120290467,0.5710833333333333,0.2698635591918815,0.5839303349150223,0,14
0.234,-0.24899999999999997,0.4276666666666665,0.17277827795569026,0.3743747250525,0.45983333333333337,0.11822591368505372,0.46478020469587833,0.6934999999999999,0.32917679692888957,0.5450510717168857,0.5649583333333333,0.2759646289821856,0.5559359081218205,1,0
0.161,-0.07300000000000001,0.29266666666666646,0.16882634075680752,0.26768736252625003,0.4041666666666666,0.16694839522039623,0.37798586049705596,0.6154999999999999,0.33570373843613927,0.48596629145274944,0.5531666666666667,0.28717615661390866,0.5243410354720749,0,1
0.123,-0.038000000000000006,0.1726666666666665,0.056412173627095955,0.195343681263125,0.35033333333333333,0.19963733785708893,0.30513275749789714,0.5405833333333333,0.3370501603709164,0.43012532353694183,0.5439999999999999,0.297501918152384,0.4922337526343089,0,2
0.184,0.061,0.15599999999999983,0.03080584360150321,0.1896718406315625,0.29183333333333333,0.1856377296420782,0.27052339821278365,0.44616666666666666,0.2462418741929579,0.39225988914664306,0.5368750000000001,0.3041974919857735,0.46757505242356423,0,3
0.15,-0.034,0.15233333333333313,0.03056686659331648,0.16983592031578126,0.22250000000000003,0.13297631368028845,0.23608814158055974,0.3746666666666667,0.18529992068552142,0.3549891369702365,0.5262083333333333,0.31333715403930196,0.4421690482296791,0,4
0.1,-0.04999999999999999,0.14466666666666647,0.042253205006645374,0.13491796015789065,0.15866666666666665,0.04714092348124898,0.19720581541468554,0.33708333333333335,0.191903128182061,0.31576003897481547,0.5164583333333334,0.3230676304438123,0.4147955243713048,0,5
0.219,0.119,0.15633333333333313,0.05975226634474721,0.17695898007894534,0.15616666666666668,0.042517839393188414,0.203432725296204,0.308,0.17978927058693397,0.30087387913253616,0.5107083333333333,0.3272303375920082,0.3991318824216004,1,0
0.251,0.032,0.1899999999999998,0.07956758133813231,0.21397949003947267,0.1711666666666667,0.05772145759303904,0.21702337521157428,0.2876666666666667,0.17026307630110268,0.2932009746506075,0.5057916666666666,0.3303239489226962,0.3872813318278724,0,1
0.097,-0.154,0.1889999999999998,0.08126499861564203,0.15548974501973634,0.16683333333333336,0.0628121538132947,0.18273098229398163,0.25858333333333333,0.17056561431859224,0.2630162093197448,0.49474999999999997,0.3396371785353868,0.36405882528164263,1,0
0.169,0.07200000000000001,0.17233333333333314,0.0770540935533838,0.1622448725098682,0.16433333333333336,0.06228857573154956,0.17880784449570117,0.22808333333333333,0.14785586244923143,0.24855217711670713,0.48291666666666666,0.3460420829731634,0.3484541192591112,0,1
0.124,-0.04500000000000001,0.1299999999999998,0.036373066958949964,0.1431224362549341,0.16,0.06435526396494934,0.16314846035407227,0.19125,0.10481162756453738,0.2293903037141368,0.46704166666666663,0.3536408739860582,0.3304977897183823,0,2
0.135,0.01100000000000001,0.1426666666666665,0.023459184413222894,0.13906121812746705,0.16583333333333336,0.05920951500109581,0.1551060431100516,0.16225,0.05116306373653878,0.21486871852734651,0.4495416666666667,0.35944328683295124,0.3148579665409117,0,3
0.222,0.087,0.16033333333333313,0.053687366608296344,0.18053060906373353,0.16633333333333333,0.05975840247751768,0.17421860222146546,0.16125,0.049730409573657,0.21596583875390857,0.427375,0.356240980053622,0.30742932921763877,0,4
0.171,-0.05099999999999999,0.17599999999999982,0.04371498598879213,0.17576530453186678,0.153,0.04391355143914334,0.17329900158676104,0.16208333333333333,0.04980956157448551,0.2090480174071534,0.3887916666666667,0.3297217508309307,0.2965149828802277,0,5
0.303,0.13199999999999998,0.23199999999999985,0.066565756962573,0.2393826522659334,0.18733333333333335,0.06623191577076001,0.21035642970482932,0.17708333333333334,0.062465202434247684,0.22350216857528363,0.35883333333333334,0.3011099274447738,0.2970337842498095,0,6
0.814,0.5109999999999999,0.4293333333333331,0.33960614442812104,0.5266913261329667,0.29483333333333334,0.26266740693634855,0.38282602121773524,0.22958333333333333,0.1943429294891487,0.3143479887944708,0.337875,0.24351561194483898,0.3383910815098247,0,7
0.449,-0.36499999999999994,0.5219999999999998,0.2632052431088723,0.48784566306648336,0.349,0.25375184728391403,0.40173287229838234,0.2545,0.20221972747933903,0.33506368282609067,0.3145833333333333,0.19936397055040564,0.3472397949890388,0,8
0.345,-0.10400000000000004,0.5359999999999998,0.24630671935617304,0.41642283153324167,0.38399999999999995,0.23187065359807593,0.3855234802131302,0.27491666666666664,0.19751614816991225,0.3365923470066921,0.306,0.19307826752719778,0.34706061138991573,0,9
0.341,-0.003999999999999948,0.37833333333333313,0.06123180001709728,0.3787114157666208,0.4038333333333333,0.22002946772345208,0.3728024858665216,0.28508333333333336,0.19751614816991225,0.337270447467201,0.29654166666666665,0.18508000130769878,0.3465757624787225,0,10
0.311,-0.030000000000000027,0.3323333333333331,0.01858314648636659,0.34485570788331044,0.4271666666666667,0.19657305681772794,0.35514463276180114,0.2900833333333333,0.19733426110551747,0.3332288401645547,0.28887500000000005,0.18024966079688223,0.34372970148042475,0,11
0.31,-0.0010000000000000009,0.32066666666666643,0.017616280348976936,0.3274278539416552,0.4283333333333334,0.19570760503022283,0.3422461662584294,0.30783333333333335,0.18773377345850595,0.3296551724469309,0.28320833333333334,0.17720731635859252,0.34103132536199077,0,12
0.308,-0.0020000000000000018,0.3096666666666665,0.0015275252317859527,0.31771392697082756,0.34400000000000003,0.05399259208445922,0.3324615473274496,0.3194166666666666,0.18260710846132464,0.32632360745509537,0.27375,0.16905421049756883,0.3383888193330315,0,13
0.21,-0.098,0.2759999999999998,0.057166423711829166,0.26385696348541376,0.30416666666666664,0.04896291113348313,0.2974725338053211,0.3265833333333333,0.1758012608980187,0.3084276678466192,0.25891666666666663,0.1575212661051266,0.328117713786389,1,0
0.225,0.015000000000000013,0.24766666666666645,0.05278573039500066,0.24442848174270687,0.2841666666666667,0.053266937838262425,0.27676609557522935,0.33408333333333334,0.1686596671801923,0.2955926420240624,0.24816666666666667,0.15019716510572653,0.3198682966834779,0,1
0.361,0.13599999999999998,0.26533333333333314,0.08318854087753738,0.30271424087135346,0.28750000000000003,0.057954292334551495,0.3008329254108781,0.3456666666666666,0.1649955003977837,0.3056553124818989,0.25345833333333334,0.1519038537927897,0.32315883294879966,1,0
0.246,-0.11499999999999999,0.27733333333333315,0.07321429732868928,0.2743571204356767,0.27666666666666667,0.05875258859544226,0.2851663752934843,0.35191666666666666,0.15909257358436585,0.2964775721000683,0.257,0.15064008358537403,0.3169861263128957,0,1
0.265,0.019000000000000017,0.2906666666666664,0.06164684366075628,0.26967856021783837,0.26916666666666667,0.05647447801144577,0.2794045537810602,0.34874999999999995,0.16052647756678615,0.2916348687000578,0.2629166666666667,0.14791211158530249,0.31282723620786407,0,2
0.197,-0.068,0.23599999999999977,0.03508560958570285,0.2333392801089192,0.25066666666666665,0.059318350168099096,0.25586039555790013,0.2973333333333333,0.0728027638502988,0.27707565813081814,0.26345833333333335,0.14763408913717085,0.30356105731123495,0,3
0.11,-0.08700000000000001,0.19066666666666646,0.07769384359995117,0.1716696400544596,0.23399999999999999,0.08253484112784439,0.2141859968270715,0.26908333333333334,0.07435597222860169,0.2513717107260769,0.26179166666666664,0.14918823218735516,0.2880761727263361,0,4
0.16,0.05,0.15566666666666645,0.04366157731156367,0.1658348200272298,0.22316666666666665,0.0880350309062543,0.19870428344790822,0.25366666666666665,0.0763369722567861,0.23731452446052662,0.26429166666666665,0.1468434478906212,0.2778300789082292,0,5
0.327,0.167,0.19899999999999976,0.11363538181394182,0.2464174100136149,0.21750000000000003,0.07789929396341452,0.2353602024627916,0.2525,0.07497575365652308,0.2511122899281379,0.26879166666666665,0.14704982272113976,0.2817636725955709,1,0
0.401,0.07400000000000001,0.2959999999999998,0.12345444503945731,0.3237087050068075,0.24333333333333332,0.10880931332687108,0.28268585890199405,0.26,0.08516828261528087,0.2741719376315013,0.2750416666666667,0.14942919776578917,0.2913025787879252,0,1
0.826,0.42499999999999993,0.5179999999999998,0.269289806713883,0.5748543525034038,0.3368333333333333,0.2629733193057148,0.43791847064428147,0.303,0.18474995386885865,0.3590685626112703,0.30541666666666667,0.1821707074879671,0.33407837248489125,0,2
1.102,0.27600000000000013,0.7763333333333331,0.35312934363110343,0.8384271762517019,0.4876666666666667,0.3937505132271777,0.6276560504602011,0.36916666666666664,0.2956191755784744,0.4733657068249211,0.34429166666666666,0.24163815548957834,0.3955121026861,0,3
0.403,-0.6990000000000001,0.7769999999999998,0.35206675503375856,0.620713588125851,0.5365000000000001,0.3536737196909029,0.5634686074715722,0.38525000000000004,0.29139230819073997,0.4625402134672409,0.35591666666666666,0.2372507234912073,0.396111134471212,0,4
1.422,1.019,0.9756666666666663,0.5211145107683472,1.0213567940629256,0.7468333333333333,0.4477371624811442,0.808763291051123,0.48499999999999993,0.4116236144829397,0.6101494113953576,0.4095416666666667,0.317143223599941,0.47818224371351503,1,0
0.934,-0.4879999999999999,0.9196666666666663,0.5096511879053496,0.9776783970314629,0.848,0.39992649324594653,0.8445452078936593,0.53275,0.42880788769034356,0.6599725788729949,0.43920833333333337,0.3317999632002843,0.5146476642164339,0,1
0.696,-0.2380000000000001,1.017333333333333,0.3701044897503055,0.8368391985157314,0.8971666666666667,0.3488543631182888,0.8021037199240424,0.57025,0.4210580018347717,0.6655152590463803,0.4610833333333333,0.3306528347095321,0.5291558510791192,0,2
1.051,0.355,0.8936666666666664,0.18090421038033885,0.9439195992578657,0.9346666666666666,0.3517554074448139,0.8732169428028874,0.6357499999999999,0.4302904146144677,0.7248206038084757,0.49225,0.3498023354882631,0.5709033829927898,0,3
1.112,0.061000000000000165,0.9529999999999997,0.2246486145071913,1.027959799628933,0.9363333333333334,0.35272916900458773,0.9414406734306339,0.7120000000000001,0.42652848141073185,0.7843866647610179,0.5046666666666667,0.36660518588645263,0.6141911123533667,0,4
0.626,-0.4860000000000001,0.9296666666666664,0.2647457900200378,0.8269798998144664,0.9735,0.29177508461141854,0.851314766736167,0.755,0.3842343035180481,0.7600194855670152,0.5120416666666666,0.3672164956944947,0.6151358233650973,0,5
0.734,0.10799999999999998,0.8239999999999997,0.2551940438176419,0.7804899499072332,0.8588333333333334,0.2014849043146082,0.817796261954405,0.8028333333333334,0.3361487315117658,0.7560164877874743,0.52825,0.36810681932664946,0.6246449574958896,0,6
0.792,0.05800000000000005,0.7173333333333329,0.08424567249024566,0.7862449749536167,0.8351666666666667,0.1992168834879884,0.8104259013960037,0.8415833333333333,0.3013057819598285,0.7615524127432475,0.5470416666666666,0.36964065736835566,0.6380333608962184,0,7
0.803,0.01100000000000001,0.776333333333333,0.037072002014104745,0.7946224874768084,0.8530000000000001,0.18878347385298355,0.8083042152828598,0.8750833333333334,0.2684204498148144,0.7679289646289018,0.5675416666666667,0.36962377807554603,0.651230692024521,0,8
0.674,-0.129,0.7563333333333331,0.0715145672806161,0.7343112437384043,0.7901666666666668,0.1716652750752657,0.7699315823448998,0.8624166666666667,0.27446558265218884,0.7534783546859939,0.5827083333333333,0.3660473334998068,0.6530522366625593,0,9
0.629,-0.04500000000000004,0.7019999999999996,0.09031611151948686,0.6816556218692021,0.7096666666666667,0.07856377451896263,0.7296654159606427,0.823,0.2708713213451586,0.7343278385804564,0.5960833333333334,0.3614084665723049,0.6511280577295546,0,10
0.451,-0.178,0.5846666666666663,0.11792511748280603,0.566327810934601,0.6805,0.1308934681334392,0.6500467256861734,0.827,0.26438195509871254,0.6907389403373092,0.6061249999999999,0.35347582323080534,0.6351178131111903,0,11
0.495,0.043999999999999984,0.5249999999999996,0.09271461589199517,0.5306639054673006,0.6406666666666667,0.1467605759959609,0.6057476612044096,0.74975,0.2030369984196779,0.6606252572084924,0.617375,0.3450137757174089,0.6239083880622951,0,12
0.253,-0.242,0.39966666666666634,0.12890823609581126,0.3918319527336503,0.5508333333333334,0.19321326731533206,0.5049626151460069,0.693,0.23886664214007017,0.5979136791764167,0.6128750000000001,0.3491821889600849,0.5942357170173116,0,13
0.35,0.09699999999999998,0.3659999999999996,0.1217908042505675,0.37091597636682516,0.47533333333333333,0.16074907983147443,0.4606875822471478,0.6641666666666667,0.25854376571071763,0.5597731131492757,0.6172083333333334,0.34505223034588056,0.5746968596559268,0,14
0.185,-0.16499999999999998,0.2626666666666663,0.0829236596716117,0.27795798818341255,0.3938333333333333,0.16381259617827168,0.3819197016051056,0.592,0.26159614954074767,0.5021157111263101,0.6138750000000001,0.34896683690698965,0.5435211108834527,0,15
0.126,-0.059,0.22033333333333294,0.1161048376827307,0.20197899409170628,0.31,0.14726574618694804,0.3087997868607897,0.5098333333333334,0.23712245909247073,0.4442517555684163,0.6109166666666667,0.35293291845269426,0.5101194220127765,0,16
0.181,0.05499999999999999,0.16399999999999962,0.0329696830436669,0.19148949704585314,0.265,0.1364155416365689,0.2722855620434212,0.47275,0.25165493149440654,0.4037514854809676,0.613875,0.34882527238170946,0.4837898682517544,0,17
0.132,-0.04899999999999999,0.14633333333333295,0.030171730698340345,0.16174474852292658,0.2045,0.08470360086795775,0.23220397288815797,0.4225833333333333,0.2548245236997174,0.3619435646377418,0.6127083333333333,0.3504523138393613,0.4556466787916141,0,18
0.108,-0.024000000000000007,0.14033333333333295,0.037206630233510375,0.13487237426146328,0.18033333333333335,0.08868972131349206,0.1967171234915414,0.3655833333333333,0.2407935586322606,0.322875323924243,0.6035833333333332,0.3609100715000135,0.42783494448828496,0,19
0.227,0.11900000000000001,0.15566666666666631,0.06293117934166802,0.18093618713073165,0.15983333333333333,0.045163776045242625,0.20536937392252957,0.31758333333333333,0.19954970141128608,0.3081252740897441,0.5963333333333333,0.36685522161090783,0.4117681489292222,1,0
0.096,-0.131,0.1436666666666663,0.0724177694584221,0.13846809356536582,0.145,0.04963869458394451,0.1741209813732354,0.2694166666666667,0.17379374313109008,0.27549061653747575,0.5659166666666667,0.37710486566755513,0.38650669701488444,1,0
0.086,-0.010000000000000009,0.13633333333333297,0.07867867140040664,0.11223404678268291,0.13833333333333334,0.05508780869361904,0.14894355812373958,0.22416666666666665,0.1388320328070347,0.24633821399324873,0.5235833333333334,0.371290922694539,0.3624661612536937,0,1
0.139,0.05300000000000002,0.10699999999999964,0.028160255680654004,0.12561702339134145,0.13133333333333333,0.05110642490592302,0.14610254151695684,0.19816666666666669,0.12049355571854138,0.229824642609672,0.5125833333333333,0.37885237651149245,0.34458886835339825,0,2
0.11,-0.029000000000000012,0.1116666666666663,0.02653927906581382,0.11780851169567072,0.12766666666666668,0.051833065379781836,0.13578752965496918,0.16608333333333333,0.07805412846030169,0.211390082208184,0.4579166666666667,0.33391497442451923,0.3258217588851264,0,3
0.144,0.03399999999999999,0.13099999999999964,0.018357559750681127,0.13090425584783535,0.13366666666666668,0.05118072553867086,0.13813394975354942,0.157,0.0732120208708947,0.20102237725307878,0.425,0.32372599793518314,0.31127601817431627,0,4
0.207,0.063,0.15366666666666629,0.04921720566360082,0.16895212792391767,0.13033333333333333,0.044039376320115446,0.15780996410967815,0.14508333333333331,0.045233652664069396,0.20194201152183588,0.404625,0.3213074935864123,0.302933936720371,0,5
0.282,0.07499999999999998,0.21099999999999963,0.06908690179766275,0.22547606396195882,0.16133333333333333,0.07177093190606369,0.19329283150691295,0.15316666666666667,0.05944873013910257,0.21425862513386112,0.3725833333333333,0.29095658075399794,0.30125922178274134,0,6
0.67,0.38800000000000007,0.386333333333333,0.24850821582662694,0.44773803198097945,0.25866666666666666,0.2107032668628209,0.329494879647795,0.1985,0.15971366424152572,0.2843726828055748,0.3541666666666667,0.25372540217752076,0.33075848404012204,0,7
0.573,-0.09700000000000009,0.508333333333333,0.2019216019482152,0.5103690159904897,0.33099999999999996,0.23455148688507318,0.39906777117699643,0.23116666666666666,0.19252666088496775,0.32877688545087097,0.3519583333333333,0.25147728381577933,0.3501378053169123,0,8
0.136,-0.43699999999999994,0.4596666666666662,0.28446851026666103,0.32318450799524484,0.3353333333333333,0.22984487522384597,0.32390555084071176,0.23149999999999996,0.19234273387036874,0.2991189030738139,0.3270416666666667,0.24140179012460125,0.33300678089155933,0,9
0.1,-0.036000000000000004,0.2696666666666662,0.263310336548593,0.21159225399762244,0.328,0.23773682928818293,0.2599325363147941,0.23083333333333333,0.19282296795168669,0.2684852256778425,0.29820833333333335,0.22416317410134096,0.3143662384202346,0,10
0.14,0.04000000000000001,0.12533333333333294,0.022030282189141482,0.17579612699881123,0.31683333333333336,0.24598733029704045,0.2256660973677101,0.22358333333333333,0.19460751098899948,0.24871826788125134,0.27058333333333334,0.19865086626205875,0.30041693934661584,0,11
0.037,-0.10300000000000001,0.09233333333333293,0.05192622972384172,0.10639806349940562,0.27599999999999997,0.27189630376303114,0.1717614981197929,0.21866666666666665,0.19882350937147275,0.21614622666875113,0.24404166666666663,0.18445441976546442,0.2793435841988866,0,12
0.086,0.048999999999999995,0.08766666666666627,0.05152022256680556,0.0961990317497028,0.17866666666666667,0.19680413274793002,0.14725821294270922,0.21866666666666668,0.19882350937147275,0.19612373025817403,0.22141666666666668,0.16772620460185872,0.2638760974629757,0,13
0.092,0.006000000000000005,0.07166666666666625,0.030171730698340296,0.09409951587485141,0.09849999999999999,0.037713392846546706,0.13147015210193516,0.21475,0.20098671371737317,0.18010469483383956,0.2064583333333333,0.16228101744562745,0.2501260096659376,0,14
0.04,-0.052,0.07266666666666625,0.028448784391132968,0.06704975793742571,0.0825,0.03896536923985081,0.10533582292995369,0.20891666666666664,0.205273413384258,0.15855012639786423,0.1875,0.15344365911219254,0.23331592889266262,0,15
0.106,0.066,0.07933333333333292,0.03477547028198432,0.08652487896871286,0.0835,0.03957650818349081,0.10552558780710977,0.20575000000000002,0.2066543556939291,0.15046549156742356,0.18137500000000004,0.15364918044745157,0.22313065458124962,0,16
0.161,0.05500000000000001,0.10233333333333293,0.06058327602014593,0.12376243948435643,0.08700000000000001,0.04598260540680492,0.12137541986222126,0.20191666666666666,0.20705531028001128,0.1520861851724353,0.1735,0.14941596445755798,0.21816020221474966,0,17
0.079,-0.082,0.11533333333333294,0.0417891532976345,0.10138121974217822,0.09399999999999999,0.0396030301870696,0.10926815704444376,0.18499999999999997,0.2082070647653006,0.14084215668436834,0.16908333333333334,0.15062302978445524,0.20702738603756968,1,0
0.207,0.128,0.14899999999999958,0.0648382603097884,0.1541906098710891,0.11416666666666668,0.060177792138501336,0.13719154074603124,0.14641666666666667,0.14277984218135853,0.15102028642523474,0.1724583333333333,0.15052313968194314,0.2070251951545641,1,0
0.986,0.779,0.42399999999999954,0.49089611935724253,0.5700953049355445,0.26316666666666666,0.35902725059062734,0.3797082433900223,0.18083333333333332,0.2581330993299721,0.27947870389827556,0.206,0.22417888819655413,0.269343179542199,1,0
0.996,0.010000000000000009,0.7296666666666662,0.45267022580829597,0.7830476524677723,0.42250000000000004,0.4425881833036202,0.5557916024214444,0.2525,0.3482179307168536,0.389712749452387,0.242,0.2753189454780221,0.32747572517882306,0,1
0.429,-0.567,0.8036666666666662,0.3245093732595928,0.6060238262338862,0.47633333333333333,0.415187507840332,0.5195654303010317,0.27991666666666665,0.3480711678361022,0.39575694184432747,0.25537499999999996,0.2763214593784622,0.3355976671645172,0,2
0.337,-0.09199999999999997,0.5873333333333329,0.35689260756330254,0.47151191311694307,0.5056666666666666,0.3941368628619579,0.4674038787864513,0.29633333333333334,0.3455084088789457,0.3867174123298156,0.25995833333333335,0.2767423034814728,0.3357098537913558,0,3
0.294,-0.04300000000000004,0.3533333333333329,0.0689661752842166,0.3827559565584715,0.5415,0.35546406288118526,0.4178599134188937,0.31775,0.33580084059670645,0.37245319504830554,0.2682083333333333,0.27458490081143005,0.33237306548804735,0,4
0.405,0.11100000000000004,0.3453333333333329,0.055967252329672965,0.39387797827923576,0.5745,0.3261844570178036,0.41418565244206695,0.3443333333333333,0.32833030301631916,0.3774603958101047,0.28150000000000003,0.2730981667746085,0.33818322024900355,0,5
0.63,0.22499999999999998,0.44299999999999956,0.1711928736834569,0.5119389891396179,0.5151666666666667,0.2625287920717761,0.4758468946014764,0.38916666666666666,0.32747264516800995,0.41631264260855017,0.30195833333333333,0.2802561684022958,0.3615285626290833,0,6
0.603,-0.027000000000000024,0.5459999999999995,0.12285357137666007,0.5574694945698089,0.4496666666666666,0.13811541067768537,0.5121763532867689,0.4360833333333334,0.3129064508278743,0.44503377451492704,0.32249999999999995,0.28362191612135257,0.38084627761875667,0,7
0.72,0.11699999999999999,0.6509999999999995,0.061261733569988056,0.6387347472849044,0.49816666666666665,0.17545303265166382,0.5715545380619778,0.48724999999999996,0.30410109712516187,0.4873362707433998,0.34650000000000003,0.2921042101121056,0.40797857540925614,0,8
0.67,-0.04999999999999993,0.6643333333333329,0.058705479585244406,0.6543673736424522,0.5536666666666666,0.1667269224410562,0.5996818129014126,0.5296666666666666,0.28961112903444486,0.515438382936723,0.3657916666666667,0.29772557822185175,0.4289402893765156,0,9
0.699,0.028999999999999915,0.6963333333333329,0.025106440076872266,0.676683686821226,0.6211666666666668,0.11432133075968871,0.6280584377867233,0.5813333333333334,0.25515782400607445,0.5436786317156886,0.38316666666666666,0.3047089369084599,0.45054506622639434,0,10
1.286,0.5870000000000001,0.8849999999999995,0.3475787680512152,0.981341843410613,0.7679999999999999,0.2573954156545914,0.816041741276231,0.67125,0.2978056489481926,0.6578819191440443,0.4088333333333333,0.3521682733490099,0.5173814609282829,1,0
1.16,-0.1260000000000001,1.048333333333333,0.30902157421988186,1.0706709217053065,0.8563333333333333,0.28950486466839687,0.9143155294830221,0.68575,0.31807035385272797,0.7351308546603451,0.43329166666666663,0.3830915975343874,0.5687909440540202,0,1
0.512,-0.6479999999999999,0.9859999999999997,0.41530229953613373,0.7913354608526533,0.8411666666666667,0.3072695342312132,0.7993682353450158,0.6454166666666666,0.30559463891458066,0.7008030308664459,0.44895833333333335,0.3780604367565846,0.5642476685296987,1,0
0.631,0.119,0.7676666666666662,0.3449410577668794,0.7111677304263266,0.8263333333333333,0.31630407311109143,0.7512630252464398,0.66225,0.29806043468946414,0.6900641030408389,0.47108333333333335,0.37224359914100474,0.5695878550473228,0,1
0.657,0.026000000000000023,0.5999999999999995,0.07731106001084272,0.6840838652131633,0.8241666666666666,0.31763086541875407,0.7243307323188857,0.6889166666666666,0.2800887711011801,0.6849773179576328,0.49262500000000004,0.3671756850550591,0.576580826643537,0,2
0.734,0.07699999999999996,0.6739999999999995,0.053563046963370234,0.7090419326065817,0.83,0.3151843904764321,0.7270933802277755,0.7255833333333332,0.2509775282708976,0.6925192690410739,0.5216666666666667,0.35699466159285476,0.5891743605120541,0,3
0.513,-0.22099999999999997,0.6346666666666662,0.11217991501749985,0.6110209663032908,0.7011666666666666,0.2406951737502568,0.6659238430198396,0.7345833333333333,0.24013876985584454,0.6649009199578317,0.5394583333333334,0.3447691072570748,0.5830804116710897,0,4
0.452,-0.061,0.5663333333333329,0.14837227953136461,0.5315104831516454,0.5831666666666667,0.10740841059556744,0.6048027450141712,0.7197499999999999,0.2523720647989959,0.6321469322720115,0.5544583333333334,0.3320517218965933,0.5725939787374025,0,5
0.837,0.38499999999999995,0.6006666666666662,0.20693074525873006,0.6842552415758227,0.6373333333333333,0.1410286022999099,0.6711448178672651,0.7392500000000001,0.2515700245910207,0.6636627888455481,0.5876666666666667,0.31791695205791864,0.5937464604384103,1,0
1.158,0.32099999999999995,0.8156666666666662,0.3534831443411887,0.9211276207879113,0.7251666666666666,0.25464125091325324,0.8102462984766179,0.7757499999999999,0.2788215868126546,0.7397146674846946,0.6315,0.3211258726526973,0.6388867436033374,0,1
0.19,-0.968,0.7283333333333329,0.4930642284057256,0.5555638103939556,0.6473333333333333,0.33752609775640485,0.6330330703404413,0.7357499999999999,0.32583825463229094,0.655143180179357,0.6327083333333333,0.31932802804131283,0.6029758041150705,1,0
0.096,-0.094,0.4813333333333329,0.5878922803824976,0.3257819051969778,0.541,0.39955875663035995,0.47959505024317234,0.6854999999999999,0.37483390260948124,0.5691211524594559,0.6334166666666666,0.3180627387750745,0.5624177397858648,0,1
0.146,0.04999999999999999,0.14399999999999955,0.047031904065213674,0.2358909525984889,0.47983333333333333,0.43151566213367704,0.3842821787451231,0.5904999999999999,0.3526091062610004,0.5040255905426165,0.630875,0.3218397268557885,0.5291043206029957,0,2
0.086,-0.06,0.10933333333333288,0.03214550253663405,0.16094547629924444,0.41883333333333334,0.4610927961556822,0.2990586991036594,0.501,0.33052740224732263,0.4397139612283678,0.593375,0.33096588718213954,0.4936559749547561,0,3
0.089,0.0030000000000000027,0.10699999999999954,0.0338082830087452,0.12497273814962222,0.29416666666666663,0.425137350354759,0.23904192793118528,0.46575000000000005,0.3511596697178699,0.3857579671932343,0.5555833333333333,0.33475453910182484,0.46128349695837567,0,4
0.177,0.088,0.11733333333333289,0.051694616096192816,0.1509863690748111,0.13066666666666668,0.04655176330349605,0.2213156628079895,0.42791666666666667,0.35615840661994835,0.3536413568558136,0.5450833333333334,0.34275417945844466,0.4385408172017056,0,5
0.102,-0.075,0.12266666666666622,0.047500877184876965,0.12649318453740555,0.116,0.03700270260397222,0.18722547343427823,0.38166666666666665,0.35972346281132345,0.3149273019549192,0.5352916666666667,0.3521840525691897,0.4116175518255692,1,0
0.093,-0.008999999999999994,0.12399999999999956,0.04611941023039468,0.10974659226870277,0.11549999999999999,0.03734568248135266,0.16030390959591304,0.32825,0.3501117029541494,0.28078464011570087,0.5269166666666667,0.360464062813077,0.3861281476795237,0,1
0.149,0.055999999999999994,0.11466666666666621,0.03007213549671446,0.1293732961343514,0.11599999999999999,0.037852344709383756,0.15707422113993788,0.29791666666666666,0.3484141888179886,0.2605100800979007,0.51625,0.3679388240738797,0.3671578958651618,0,2
0.064,-0.08499999999999999,0.10199999999999955,0.04320879540092969,0.0966866480671757,0.11233333333333333,0.04216001265019578,0.13048158652852707,0.26558333333333334,0.3508103497834002,0.23027776008283907,0.49266666666666664,0.37832349473257204,0.34290526419594886,1,0
0.156,0.092,0.12299999999999955,0.051215232109201966,0.12634332403358783,0.1235,0.043592430535564705,0.13777256180609077,0.20883333333333332,0.3016005284940312,0.2188504123777869,0.4740416666666667,0.3836214709463148,0.32795284306027295,1,0
0.201,0.04500000000000001,0.1403333333333329,0.06983074776438235,0.16367166201679392,0.1275,0.050098902183561334,0.15583754414720768,0.12908333333333333,0.04613706522828509,0.2161041950888966,0.45241666666666663,0.3837819712405406,0.3177966156154511,0,1
0.143,-0.058000000000000024,0.1666666666666662,0.030435724623094237,0.15333583100839696,0.13433333333333333,0.048701813792349995,0.15216967439086262,0.12516666666666668,0.0423338105437222,0.20485739584445098,0.43045833333333333,0.38586221681102517,0.303812886366215,0,2
0.304,0.161,0.21599999999999953,0.08154140052758205,0.22866791550419846,0.16949999999999998,0.07939458419815652,0.19554976742204472,0.1425,0.06553208790703052,0.2201101041760739,0.414,0.38231775993957845,0.3038278554569178,1,0
0.683,0.37900000000000006,0.3766666666666662,0.27723696242264145,0.45583395775209923,0.2585,0.2223751335019238,0.33482126244431765,0.18725,0.16931311767899734,0.29132393430283177,0.388875,0.33999134419928184,0.33416162702036445,0,1
0.502,-0.18100000000000005,0.49633333333333285,0.18956353376462798,0.4789169788760496,0.3315,0.21759664519472408,0.38258661603165545,0.22191666666666668,0.1882288058011671,0.3237356367177807,0.3614583333333334,0.2991864300524607,0.3475886968587353,0,2
1.387,0.885,0.8573333333333327,0.4675471455728649,0.9329584894380248,0.5366666666666666,0.46205223369946585,0.6695618685940395,0.33008333333333334,0.38008167981807983,0.48731476953042985,0.39791666666666664,0.36451038234950106,0.43074160111003645,0,3
1.436,0.04899999999999993,1.1083333333333327,0.5256713168257653,1.1844792447190124,0.7425,0.5494334354587458,0.8885441918528854,0.43500000000000005,0.49143666936849545,0.6332663434488253,0.4314583333333333,0.4197436048834806,0.5111622730212335,0,4
0.572,-0.864,1.1316666666666662,0.4853043718465085,0.8782396223595061,0.8140000000000001,0.47924565725731927,0.7981029941806324,0.4741666666666666,0.48110494665610076,0.6238407521490059,0.42791666666666667,0.4181132483021757,0.5160292911795349,0,5
0.325,-0.24699999999999994,0.777666666666666,0.5833560947940232,0.601619811179753,0.8174999999999999,0.4748324967817598,0.6629307101290232,0.4935,0.4689019087186571,0.5778652518183897,0.41087499999999993,0.4134039305359934,0.5007469478851722,0,6
0.131,-0.194,0.3426666666666662,0.22103016385401458,0.3663099055898765,0.7254999999999999,0.5531252118643659,0.5109505072350166,0.492,0.4701313162781803,0.5091167515386374,0.3949583333333333,0.4166421130446592,0.4711671920543584,0,7
1.061,0.9299999999999999,0.5056666666666662,0.4906172982410351,0.7136549527949383,0.8186666666666667,0.5550252847093244,0.6681075051678689,0.5750833333333333,0.4756814171334217,0.5940218666865393,0.4203333333333333,0.438251929400417,0.5183538166900098,0,8
0.969,-0.09199999999999997,0.7203333333333329,0.5124464199634272,0.8413274763974692,0.749,0.49208576488250466,0.7540767894056206,0.6428333333333334,0.46840732727234735,0.6517108102732256,0.4258333333333333,0.444492252259632,0.5544055113548091,0,9
0.195,-0.774,0.7416666666666661,0.47565673897605315,0.5181637381987346,0.5421666666666666,0.3972427049886073,0.5943405638611576,0.6423333333333333,0.4689247532839612,0.5814476086927294,0.3857083333333333,0.41821374597069416,0.5256530704464243,0,10
0.715,0.52,0.6263333333333329,0.3945444630625716,0.6165818690993673,0.566,0.40362903760755264,0.6288146884722554,0.69,0.44184283507723704,0.6019941304323095,0.40758333333333335,0.42125123317240876,0.5408008248107103,0,11
0.471,-0.244,0.4603333333333329,0.2601640508089706,0.5437909345496836,0.5903333333333333,0.39037759498550356,0.5837247774801824,0.7039166666666667,0.4310786594185105,0.5818411872888773,0.42320833333333335,0.4161149484965886,0.5352167588258535,0,12
1.124,0.6530000000000001,0.7699999999999996,0.3299560576804129,0.8338954672748419,0.7558333333333334,0.36645459018364934,0.7380891267715588,0.7406666666666667,0.44761414660667703,0.6652502353982809,0.4639583333333333,0.435236015849738,0.5823194181197853,0,13
0.927,-0.19700000000000006,0.8406666666666663,0.33495124023256495,0.880447733637421,0.7334999999999999,0.347742289634148,0.7920636619796848,0.7760833333333332,0.44381086437054784,0.7055194299523915,0.49899999999999994,0.4373330240366525,0.6098938646702025,0,14
0.201,-0.726,0.7506666666666663,0.48610938412391624,0.5407238668187105,0.6055,0.3832533104879843,0.6231883299854891,0.67725,0.42713998663414526,0.6279010561135621,0.5036666666666667,0.43334720156180656,0.5771823554965863,0,15
0.148,-0.05300000000000002,0.4253333333333329,0.4352635217122293,0.3443619334093553,0.5976666666666667,0.39366059831619665,0.4874202357039208,0.5699166666666667,0.37816457656646885,0.5540701244037832,0.5024583333333333,0.43433697388555087,0.5428477670568593,0,16
0.09,-0.057999999999999996,0.1463333333333329,0.05551876559625265,0.21718096670467762,0.49350000000000005,0.43673733524854375,0.37387159693137195,0.52975,0.4027234839756111,0.482674720649355,0.5019583333333333,0.43482465023187805,0.5066199456923106,0,17
0.357,0.267,0.1983333333333329,0.1404362251462626,0.2870904833523388,0.4745,0.4403765434261898,0.3690511406652657,0.5324166666666666,0.4013480598576688,0.4633401482417619,0.5129583333333333,0.4273034233185008,0.49465035003692576,0,18
1.999,1.6420000000000001,0.8153333333333329,1.0337419084729675,1.1430452416761694,0.6203333333333334,0.7408513121178001,0.8347508147609041,0.6880833333333333,0.5617204834391845,0.6995955100507216,0.5900416666666667,0.5163744410849522,0.6149983220339716,1,0
1.772,-0.2270000000000001,1.3759999999999997,0.8897488409658094,1.4575226208380847,0.7611666666666667,0.878361068505809,1.1025362962577887,0.7473333333333333,0.6370750395837257,0.8645808161967645,0.6612083333333333,0.5568362478180257,0.7075584562712539,0,1
1.77,-0.0020000000000000018,1.8469999999999995,0.13163965967747843,1.6137613104190422,1.0226666666666668,0.9111811382303011,1.2932402116127062,0.8140833333333334,0.7011519687866054,1.0038760752434162,0.7284583333333333,0.5896636461405009,0.7925537797695537,0,2
1.728,-0.04200000000000004,1.7566666666666662,0.024846193538155297,1.6708806552095212,1.286,0.8327835252933391,1.417457294009076,0.9418333333333333,0.7175649268480335,1.1152797559751981,0.7920833333333333,0.6122265080029196,0.8673894773879894,0,3
0.514,-1.214,1.3373333333333328,0.7133367601163805,1.0924403276047605,1.3566666666666667,0.721560438679026,1.1593266385779113,0.9250833333333333,0.725641717044404,1.02277517813286,0.8075416666666667,0.5996802031203735,0.8391183191969503,0,4
0.928,0.41400000000000003,1.0566666666666664,0.6171428791887126,1.0102201638023802,1.4518333333333333,0.5887832934676974,1.0932333132699368,0.9631666666666666,0.7114982697651395,1.0081943814970353,0.8335416666666666,0.5903539085318571,0.8462288536611944,0,5
0.83,-0.09800000000000009,0.7573333333333329,0.21635464712673325,0.92011008190119,1.257,0.564420765032614,1.018023795192812,0.9386666666666668,0.7105177796167487,0.9807798612667221,0.8396666666666667,0.5894860448742183,0.8449305453682989,0,6
0.29,-0.54,0.6826666666666662,0.343571438471438,0.605055040950595,1.01,0.6158999918817991,0.8100169965662942,0.8855833333333333,0.7348474743823102,0.8745060364564572,0.8308333333333334,0.5963147452162477,0.800536101738835,0,7
0.348,0.057999999999999996,0.4893333333333329,0.29644785938396095,0.4765275204752975,0.773,0.5329716690406716,0.6780121404044959,0.8978333333333334,0.7235361187608499,0.7935051077708484,0.7875416666666667,0.5918807884647236,0.7643332135997283,0,8
0.395,0.04700000000000004,0.3443333333333329,0.052595944076824115,0.43576376023764873,0.5508333333333333,0.26646006580098447,0.5971515288603542,0.9184166666666665,0.7035014322313172,0.7321966296522563,0.7441666666666666,0.5803246217994429,0.73478655651175,0,9
0.461,0.066,0.4013333333333329,0.056765599911676484,0.4483818801188244,0.5419999999999999,0.268793601114309,0.5582510920431101,0.9493333333333333,0.6711958572487454,0.6904740712442169,0.7395416666666668,0.5821956924225411,0.7128836319908101,0,10
0.665,0.20400000000000001,0.5069999999999996,0.14075510647930115,0.5566909400594122,0.49816666666666665,0.20777624182438356,0.588750780030793,0.9750000000000001,0.6521031708668076,0.6865549833604913,0.7537083333333333,0.5757712014761377,0.7090529414315453,0,11
0.487,-0.17800000000000005,0.5376666666666662,0.1110375311925333,0.5218454700297062,0.441,0.1313453463202934,0.5596791285934235,0.8490000000000001,0.5781380772476725,0.6558542166896464,0.7685416666666667,0.5634858108754566,0.6912887061170216,0,12
0.343,-0.14399999999999996,0.4983333333333329,0.16129889439587838,0.43242273501485307,0.4498333333333333,0.1204930150119272,0.4977708061381596,0.7299166666666667,0.5143943408308331,0.6077227987373931,0.738625,0.5663363428748586,0.66342560962766,0,13
0.221,-0.12200000000000003,0.3503333333333329,0.1331515427373354,0.3267113675074265,0.4286666666666667,0.14959901960462316,0.4186934329558283,0.6008333333333333,0.4142780869577014,0.5482269835470249,0.7074583333333334,0.5736419864542589,0.6280315608574472,0,14
0.136,-0.08499999999999999,0.23333333333333292,0.10404966762720695,0.23135568375371326,0.3855,0.19247831046639402,0.3379238806827345,0.4681666666666667,0.2378406010654006,0.4848074476167134,0.7050000000000001,0.5760549490698138,0.5886690359888515,0,15
0.274,0.138,0.2103333333333329,0.06961561127600757,0.25267784187685666,0.3543333333333334,0.19294731577988875,0.3196599147733818,0.44816666666666666,0.24365580542057896,0.4523755325987575,0.6866249999999999,0.5827170849451355,0.5634955131097434,0,16
0.247,-0.027000000000000024,0.21899999999999956,0.0731368580128985,0.24983892093842833,0.2846666666666667,0.12002444195522757,0.29889993912384416,0.3914166666666667,0.19647597971777656,0.42077929681433324,0.6772916666666667,0.5880900167097065,0.538175872060964,0,17
0.115,-0.132,0.2119999999999996,0.08508231308561646,0.18241946046921417,0.22266666666666668,0.0858059826973826,0.2463570993741744,0.33183333333333337,0.15552832734283545,0.3737363280736666,0.63525,0.5908266316743448,0.5043218022960869,0,18
0.168,0.053000000000000005,0.17666666666666622,0.06642539674952742,0.1752097302346071,0.1935,0.0635885209766411,0.2239693566958389,0.3216666666666667,0.16234941740989683,0.3420845852931025,0.603625,0.5948310547505501,0.4774160581124,0,19
0.151,-0.017000000000000015,0.14466666666666625,0.027061657993036375,0.16310486511730354,0.18183333333333332,0.06395441084603423,0.20312096906845636,0.30525,0.16925780497647405,0.3126869567864713,0.6015416666666666,0.5963880396525231,0.451302773463408,0,20
0.068,-0.08299999999999999,0.1289999999999996,0.0535070088866749,0.11555243255865177,0.1705,0.0781504958397362,0.16451497790604028,0.278,0.1795074067856496,0.27504280958855265,0.5982083333333333,0.5992498919240739,0.4206385515863354,0,21
0.141,0.07299999999999998,0.11999999999999957,0.04531004303682232,0.1282762162793259,0.14833333333333334,0.05957740063701331,0.15779641279002876,0.25133333333333335,0.17351936404035515,0.25442083888262146,0.6003333333333334,0.5974571235601375,0.3982674674594286,0,22
0.156,0.015000000000000013,0.12166666666666624,0.04707794954468628,0.14213810813966293,0.13316666666666668,0.03658096043932046,0.15728315199287768,0.20891666666666664,0.11582781761447872,0.23927917136221816,0.5919583333333333,0.6024047086228778,0.37888607006267433,0,23
0.086,-0.07,0.12766666666666623,0.03685557397914241,0.11406905406983146,0.12833333333333333,0.04109825624844815,0.13691653713776977,0.17550000000000002,0.08087869704911958,0.21569776038341537,0.51225,0.5303915083915963,0.3554551844576604,0,24
0.133,0.047000000000000014,0.12499999999999957,0.03567912554980434,0.12353452703491574,0.1225,0.03657731537437398,0.1357975265269784,0.158,0.061813502496693436,0.2029750280167361,0.4439583333333334,0.4622806863486883,0.3376587697010476,0,25
0.16,0.026999999999999996,0.1263333333333329,0.03744774136489458,0.1417672635174579,0.124,0.03813135192982832,0.14271251894784173,0.15291666666666667,0.05858553705066454,0.19636348524493055,0.37687500000000007,0.36886551248977956,0.32344606812496374,0,26
0.115,-0.045,0.13599999999999957,0.022649503305784014,0.12838363175872894,0.13183333333333333,0.027737459628868734,0.13479465639131552,0.15116666666666667,0.05944414235739042,0.1838460259764797,0.3096666666666667,0.234433019388716,0.30677038267496665,0,27
0.208,0.09299999999999999,0.16099999999999956,0.04650806381692067,0.16819181587936446,0.143,0.041990475110392646,0.15571046885093964,0.14566666666666667,0.049219976235322385,0.1875620219800982,0.29691666666666666,0.23113480287799418,0.2988687520609693,1,0
0.326,0.11800000000000002,0.2163333333333329,0.1057465523472619,0.24709590793968222,0.17133333333333334,0.08639367260779747,0.20436462060781402,0.15225,0.06631896067833228,0.20886017244469848,0.2718333333333333,0.18838158930321658,0.30103925189609176,0,1
0.74,0.414,0.42466666666666625,0.2793874251524799,0.4935479539698411,0.2803333333333333,0.2375429785673821,0.35740330043415286,0.20433333333333334,0.1808793336269596,0.290573992068591,0.26808333333333334,0.17736082520906513,0.3361561117444044,0,2
1.11,0.3700000000000001,0.7253333333333329,0.39220572832804607,0.8017739769849206,0.4431666666666667,0.3974128415975816,0.5724309288815378,0.2828333333333333,0.3169249504889507,0.4166395317503463,0.30225,0.24705522177985959,0.3980636228048521,0,3
0.333,-0.7770000000000001,0.7276666666666664,0.3886467976625217,0.5673869884924603,0.47200000000000003,0.37858948743988907,0.5040220920582412,0.298,0.3143871382981059,0.4037719114810623,0.30162500000000003,0.24695340389565829,0.3928585329804639,1,0
0.102,-0.23100000000000004,0.5149999999999996,0.5280710179511838,0.3346934942462301,0.4698333333333334,0.38107029097879647,0.38915863718445803,0.30083333333333334,0.3122719774151813,0.35734546356089886,0.28941666666666666,0.2493671845965767,0.3695898503420268,0,1
0.166,0.06400000000000002,0.2003333333333329,0.11926580957396114,0.25034674712311505,0.4628333333333334,0.3871787270327033,0.32539902656032715,0.30291666666666667,0.3111902248795834,0.3279076999361452,0.277125,0.2478074835694908,0.3533026623146647,0,2
0.095,-0.07100000000000001,0.12099999999999955,0.03912799509301382,0.17267337356155754,0.4243333333333334,0.4140582889722948,0.25957073325737656,0.29783333333333334,0.3142910733506098,0.2920757460998152,0.253375,0.236052833529681,0.3326384493294915,0,3
0.146,0.05099999999999999,0.13566666666666624,0.03661056313869356,0.15933668678077878,0.3253333333333334,0.39401505893387373,0.22712195232669755,0.30283333333333334,0.3110755048167073,0.2696025543921513,0.23916666666666667,0.23159985482211165,0.3177073733831322,0,4
1.242,1.096,0.4943333333333329,0.6480002572015946,0.7006683433903894,0.34733333333333344,0.44674631130728326,0.5170871088047839,0.39525000000000005,0.4062185092689978,0.41920216140874345,0.276625,0.30891842352197824,0.39165078351248167,1,0
1.004,-0.238,0.7973333333333329,0.5764870625897283,0.8523341716951947,0.4591666666666667,0.5203608043143377,0.6562050777177029,0.4655833333333333,0.4339062442370222,0.5091710596535521,0.30925,0.3423282495424276,0.44063872083148314,0,1
0.748,-0.256,0.9979999999999997,0.24705464982469,0.8001670858475973,0.5668333333333334,0.4980322948029223,0.6824321983697877,0.5183333333333334,0.4258126633185347,0.5459139735530056,0.33475000000000005,0.3515319578520626,0.4652276231649645,0,2
0.644,-0.10399999999999998,0.7986666666666663,0.18527097272193846,0.7220835429237986,0.6465,0.45768712020330937,0.6714515702641342,0.5546666666666668,0.4153995520926658,0.5610041314679278,0.3501666666666667,0.3568253337987364,0.4795294133117674,0,3
0.89,0.246,0.7606666666666664,0.12348819106834959,0.8060417714618993,0.779,0.37341397938480975,0.7338939787600958,0.6016666666666667,0.41906569962961665,0.611618880472862,0.37695833333333334,0.37253590187847097,0.5123670602468261,0,4
0.38,-0.51,0.6379999999999996,0.2550529356819868,0.5930208857309496,0.8180000000000001,0.2988564872978321,0.6327814134000684,0.5716666666666667,0.42114310531162047,0.5759852065539601,0.38799999999999996,0.36833762867191844,0.5017776954270801,0,5
0.408,0.02799999999999997,0.5593333333333329,0.2867077489942204,0.5005104428654747,0.6790000000000002,0.2525763250979765,0.5685581524286203,0.5131666666666667,0.38693359386412235,0.5501413286225817,0.3980000000000001,0.3653509331421312,0.4942754797929137,0,6
0.134,-0.27399999999999997,0.30733333333333296,0.1507625063911199,0.3172552214327374,0.534,0.27720894646457234,0.44439868030615737,0.4965833333333334,0.3994201384127952,0.4861195857575691,0.39729166666666677,0.36586674684818693,0.46545344140948064,0,7
0.147,0.012999999999999984,0.22966666666666627,0.15457791994114925,0.23212761071636867,0.43383333333333335,0.2925736944201655,0.3594276287901124,0.5003333333333333,0.39557147000104464,0.4339473417948661,0.4005833333333333,0.36312040363525677,0.4399771660967222,0,8
0.573,0.42599999999999993,0.28466666666666623,0.24978857726752124,0.4025638053581843,0.422,0.28367375627646213,0.4204483062786517,0.53425,0.3814973191851471,0.45534005844180975,0.4185833333333333,0.3603902373655614,0.45061899280898443,0,9
0.888,0.31500000000000006,0.5359999999999996,0.371883046131441,0.6452819026790921,0.4216666666666667,0.283014251702391,0.5540345044847512,0.6003333333333333,0.3668956585221794,0.521903126373839,0.44908333333333333,0.36809390539426984,0.4856094733842657,0,10
1.301,0.4129999999999999,0.9206666666666662,0.3650977038182155,0.973140951339546,0.5751666666666667,0.4540050293407166,0.767453217489108,0.6965833333333333,0.3877772224388942,0.6417641838547868,0.49970833333333337,0.3982988258960159,0.5508407155135244,0,11
1.6,0.29900000000000015,1.2629999999999997,0.35751783172311913,1.2865704756697731,0.7738333333333335,0.6026824758250947,1.0053237267779342,0.7264166666666666,0.44334317886082736,0.7891850786463581,0.5608333333333333,0.4489243827742877,0.6347734582724425,0,12
1.466,-0.13400000000000012,1.4556666666666664,0.14976759774174803,1.3762852378348867,0.9958333333333332,0.5639387969156465,1.1369455191270958,0.7649166666666667,0.4875009479400256,0.893310451162303,0.61525,0.47652968792957767,0.7012715816106472,0,13
1.072,-0.3939999999999999,1.379333333333333,0.2744618977806099,1.2241426189174434,1.15,0.3828352125915286,1.118389656519354,0.7919166666666667,0.4953873522687858,0.9208011509834871,0.6551250000000001,0.47287569030164855,0.7309298550817955,0,14
2.035,0.9630000000000001,1.5243333333333329,0.4841428852449803,1.6295713094587216,1.3936666666666666,0.4066618578950682,1.380278326085253,0.9078333333333335,0.6076505923836837,1.0922163585244893,0.7312500000000001,0.5400529965942551,0.835255466675252,1,0
2.363,0.32799999999999985,1.823333333333333,0.6710233478302632,1.9962856547293608,1.6395,0.47920214941087547,1.661055947203752,1.0305833333333334,0.7384266392236609,1.2877215341361063,0.816125,0.6267100648902827,0.9574750293412319,0,1
0.635,-1.728,1.6776666666666662,0.9177479683079305,1.3156428273646803,1.5285,0.6274847408503275,1.3678971051455373,1.0518333333333334,0.7214771253645131,1.1873028365767053,0.8117500000000001,0.6276304125698566,0.9316770269939333,1,0
0.479,-0.15600000000000003,1.1589999999999996,1.04560795712351,0.8973214136823402,1.3416666666666668,0.7557226122504661,1.1139265036753838,1.05775,0.7159874459285386,1.0783331694110583,0.7854583333333333,0.6278097869762689,0.8954628648344187,0,1
0.401,-0.07799999999999996,0.5049999999999996,0.11914696806884864,0.6491607068411701,1.1641666666666668,0.8409448059573635,0.9102332169109885,1.0799999999999998,0.6882840322794858,0.9741280664247416,0.7882916666666667,0.6258293613220406,0.8559058356476653,0,2
0.401,0.0,0.4269999999999996,0.045033320996781166,0.525080353420585,1.0523333333333333,0.8983127888807255,0.7647380120792775,1.1011666666666666,0.6603208357008017,0.8859545177440121,0.80075,0.6144459681909278,0.8195133687958521,0,3
0.358,-0.04300000000000004,0.38666666666666627,0.024826061575135377,0.4415401767102925,0.7728333333333334,0.7851844157054225,0.6485271514851982,1.08325,0.6786178634146419,0.8047307457833948,0.80875,0.6070274150388064,0.782592299292184,0,4
0.401,0.04300000000000004,0.38666666666666627,0.024826061575135377,0.42127008835514623,0.4458333333333333,0.10062686851265948,0.577805108203713,1.0426666666666666,0.7053898127126497,0.7426183233551802,0.8215,0.5944676829626285,0.7520649153488093,0,5
0.431,0.02999999999999997,0.3966666666666662,0.03669241520167932,0.4261350441775731,0.41183333333333333,0.040320796949761456,0.5358607915740807,0.9701666666666667,0.7209619625993806,0.6946770428389986,0.8333750000000001,0.5831256716292322,0.7263797221209045,0,6
0.384,-0.046999999999999986,0.4053333333333329,0.0237977589981166,0.40506752208878655,0.3960000000000001,0.0240333102172204,0.4924719939814862,0.8688333333333335,0.7097584522963145,0.6468805747099218,0.797625,0.5832855824141152,0.6989893443512322,0,7
0.567,0.18299999999999994,0.46066666666666617,0.09503858865393848,0.4860337610443932,0.42366666666666664,0.07417726516031678,0.5137657099867758,0.7939166666666667,0.6881115737137308,0.6345912555237799,0.7794166666666668,0.5833839750274602,0.6884301968031336,1,0
1.251,0.6839999999999999,0.7339999999999994,0.4569890589499924,0.8685168805221966,0.5653333333333334,0.34382010800222923,0.7244040785619827,0.8088333333333334,0.696575889402561,0.729423370058583,0.800375,0.59118928128337,0.7334357810588829,0,1
0.896,-0.35499999999999987,0.9046666666666662,0.3420823487602559,0.8822584402610982,0.6549999999999999,0.34904842070978964,0.7734314846871305,0.7139166666666666,0.5825805380660536,0.7550505438957241,0.8108749999999999,0.5905286734193645,0.7464409185741723,0,2
0.57,-0.32600000000000007,0.9056666666666661,0.34060289683637945,0.7261292201305491,0.6831666666666667,0.33079384315108573,0.7153082033479503,0.5645,0.26401325724288766,0.7265812294502282,0.7975416666666667,0.5922744648105863,0.7323256450882385,0,3
0.523,-0.04699999999999993,0.6629999999999995,0.2031477294975249,0.6245646100652746,0.6985,0.31867773690673545,0.6603630023913931,0.5551666666666667,0.2632730464170157,0.6952610403040392,0.8035,0.5885992214387142,0.7155795934811794,0,4
0.127,-0.396,0.4066666666666663,0.24333584473589667,0.3757823050326373,0.6556666666666666,0.38064979530621706,0.5079735731367093,0.5258333333333333,0.29071067570644205,0.6078362648726485,0.7917916666666667,0.5995023283246416,0.668493226002685,0,5
0.107,-0.020000000000000004,0.2523333333333329,0.2346174190748252,0.24139115251631865,0.579,0.44325568242268243,0.39340969509764956,0.5013333333333333,0.31366958102532866,0.5307845318153179,0.7906666666666666,0.6008142783768117,0.6235737679224702,0,6
0.177,0.06999999999999999,0.13699999999999954,0.0360555127546205,0.20919557625815932,0.39999999999999997,0.31627582898476,0.3315783536411782,0.48266666666666663,0.3265826731843586,0.476356142305269,0.7919166666666667,0.5994465503000801,0.5878478664886726,0,7
0.118,-0.059,0.13399999999999954,0.03764306044941878,0.16359778812907966,0.27033333333333337,0.21576808537562547,0.27055596688655587,0.4626666666666666,0.3419009248660225,0.42122442810445837,0.7729583333333333,0.6136967441991031,0.5502600371695788,0,8
0.094,-0.023999999999999994,0.12966666666666624,0.04271221527071526,0.12879889406453982,0.19099999999999998,0.16511208314353065,0.22011140491896847,0.43708333333333327,0.35803972820023217,0.37088220839608016,0.7398750000000001,0.6284496667957203,0.5137592341960125,0,9
0.141,0.046999999999999986,0.11766666666666621,0.023501772982732615,0.13489944703226991,0.12733333333333333,0.029207305022246634,0.19750814637069178,0.4129166666666666,0.36813250043807194,0.3355157147966832,0.6915416666666667,0.628024852676795,0.4839384954603316,0,10
0.062,-0.07899999999999999,0.09899999999999955,0.03973663297259261,0.09844972351613496,0.11649999999999999,0.03957145435785546,0.1587915331219227,0.38608333333333333,0.381909427228577,0.2934363740587319,0.6274583333333333,0.6094907339001511,0.4501834158235051,0,11
0.171,0.10900000000000001,0.12466666666666622,0.05630571315001626,0.13472486175806747,0.12716666666666668,0.04478132051048241,0.1622796665156591,0.35308333333333336,0.3819644101301321,0.274600008818927,0.5735,0.5890058684287265,0.42784874255762473,1,0
0.156,-0.015000000000000013,0.12966666666666624,0.05907904309763253,0.14536243087903372,0.12366666666666666,0.04074636998141721,0.16048547608261363,0.2618333333333333,0.2589372803431641,0.25635385361601515,0.5353333333333333,0.5849632219332193,0.40610084315301476,0,1
0.128,-0.027999999999999997,0.15166666666666623,0.021825062046463,0.13668121543951686,0.12533333333333332,0.04067267715140651,0.15120391148758117,0.19783333333333333,0.1662762396699754,0.23660710690585898,0.455875,0.495000159200677,0.38385277570077364,0,2
0.215,0.087,0.1663333333333329,0.04441095960832174,0.17584060771975843,0.1455,0.05077302433375393,0.16943136534827224,0.16825,0.11886212409953717,0.23328293661264993,0.36637500000000006,0.2846987442894682,0.37034455364471175,0,3
0.142,-0.07300000000000001,0.1616666666666662,0.04671545069173556,0.1589203038598792,0.14566666666666664,0.050756937128461924,0.16159383239162303,0.13649999999999998,0.04062578670566003,0.21923940790301147,0.3458333333333334,0.28224914474652524,0.3520769893531348,0,4
0.288,0.146,0.21499999999999955,0.07299999999999136,0.2234601519299396,0.18333333333333335,0.059375640347391664,0.19770988027973074,0.14991666666666667,0.059434392145425397,0.22981796053331738,0.337875,0.28102116777767905,0.34695083020488404,1,0
0.302,0.014000000000000012,0.24399999999999955,0.08861151166749606,0.2627300759649698,0.20516666666666664,0.07575860787173233,0.2275070573426648,0.16616666666666666,0.07196948006346365,0.2409228896820378,0.33375,0.28078078250850247,0.34335476378849333,0,1
0.333,0.031000000000000028,0.30766666666666626,0.023028967265864068,0.29786503798248487,0.23466666666666666,0.08648622240948577,0.2576478981019034,0.17916666666666667,0.08668840053823819,0.25508859896172426,0.3309166666666667,0.2804155172575879,0.34252638268541385,0,2
0.142,-0.19100000000000003,0.2589999999999995,0.1025036584712898,0.21993251899124244,0.237,0.08315768154534121,0.2246056415013596,0.18116666666666667,0.08541644863238536,0.23769035296761284,0.32191666666666663,0.282963189596574,0.3264842720705807,1,0
0.359,0.217,0.2779999999999995,0.11849472562101172,0.2894662594956212,0.261,0.09541488353499412,0.2630040296438283,0.20325000000000001,0.09459494989402853,0.2563533755879801,0.32016666666666665,0.28258244917140585,0.3290855303049343,1,0
0.255,-0.10399999999999998,0.2519999999999995,0.10853110153314949,0.2722331297478106,0.2798333333333333,0.07650729812680122,0.2607171640313059,0.21275,0.09349295063362285,0.25614516395906006,0.3128333333333333,0.2818639305805531,0.3231586878805396,0,1
0.815,0.5599999999999999,0.47633333333333283,0.2978679797046546,0.5436165648739053,0.36766666666666664,0.2320841801301063,0.41908368859378986,0.2755,0.18802296764926238,0.3421228310422816,0.33079166666666665,0.2997574351497161,0.36250599285009644,1,0
0.851,0.03600000000000003,0.6403333333333329,0.3341935566903301,0.6973082824369526,0.45916666666666667,0.2994597914022249,0.5424883489955642,0.33216666666666667,0.2469128787588223,0.42041162626654593,0.34262499999999996,0.3147197252076562,0.4015855134220887,0,1
0.967,0.11599999999999999,0.8776666666666663,0.07943131204590123,0.8321541412184763,0.5648333333333333,0.3530905927190139,0.6637773921396887,0.39975,0.2996656090924123,0.504502145302462,0.33079166666666665,0.2828007409077477,0.4468186723483216,0,2
0.588,-0.379,0.8019999999999996,0.19419320276466898,0.7100770706092381,0.6391666666666667,0.2870403572089905,0.6421267086712061,0.4380833333333333,0.2910405964601467,0.5173479691020831,0.3179583333333333,0.26228071240838374,0.45811317856045586,0,3
0.365,-0.22299999999999998,0.6399999999999996,0.3043501273204917,0.537538535304619,0.6401666666666667,0.28587718808373797,0.5629476490508616,0.45058333333333334,0.2837173556178526,0.493909820009455,0.3094166666666667,0.25700057801773385,0.4506641242756194,0,4
0.258,-0.10699999999999998,0.4036666666666662,0.1683636936317697,0.3977692676523095,0.6406666666666666,0.28507028373133686,0.475819749322044,0.46025,0.27405942454478255,0.4576160015464619,0.298375,0.2530881978077312,0.4352509943335699,0,5
1.011,0.7529999999999999,0.5446666666666662,0.40738474852813605,0.7043846338261547,0.6733333333333333,0.3183323211153166,0.6287283923728886,0.5205000000000001,0.3098810622275454,0.5427520013085447,0.33520833333333333,0.28886117911048803,0.4813109147868843,1,0
1.175,0.16400000000000015,0.8146666666666662,0.4890115881380862,0.9396923169130773,0.7273333333333333,0.3766391730378896,0.7848059945520632,0.5932499999999999,0.35334843092387264,0.6400209241841532,0.3797083333333333,0.3313203466457339,0.5368060416039336,0,1
0.761,-0.41400000000000003,0.982333333333333,0.2084834126095733,0.8503461584565386,0.6930000000000001,0.3594178626612741,0.7780042818229023,0.6289166666666667,0.34621996642526887,0.6586330896942835,0.40404166666666663,0.33717915237615365,0.554741558275619,0,2
0.677,-0.08399999999999996,0.8709999999999996,0.26660082520502454,0.7636730792282693,0.7078333333333333,0.3560384342548782,0.7491459155877873,0.6735000000000001,0.31041365363597573,0.6614587682028552,0.42733333333333334,0.33586561322190683,0.5645222336135695,0,3
0.295,-0.38200000000000006,0.5776666666666662,0.24837337484789485,0.5293365396141346,0.6961666666666667,0.3703773301197917,0.6193899397055624,0.6681666666666667,0.316792686248602,0.6050804961716467,0.43570833333333336,0.3296407107570389,0.5429604549244839,0,4
0.299,0.0040000000000000036,0.4236666666666662,0.21940221815955424,0.41416826980706734,0.703,0.36093434305978495,0.5278499569325447,0.6718333333333333,0.31179096532870415,0.5579911890683165,0.4422916666666667,0.32504481017728676,0.5234436185305252,0,5
0.268,-0.030999999999999972,0.2873333333333329,0.016862186493227047,0.3410841349035337,0.5791666666666667,0.36158562840171704,0.45360711209467475,0.62625,0.3284952262002643,0.5133771599808832,0.4508750000000001,0.31719097422599335,0.5030081290480832,0,6
0.664,0.396,0.41033333333333283,0.22022791224849902,0.5025420674517669,0.494,0.22907640646735644,0.5137193657819106,0.6106666666666666,0.32121907939861877,0.5365499045992088,0.47141666666666665,0.314227682154014,0.5158874787242366,0,7
0.373,-0.29100000000000004,0.4349999999999996,0.20515116377929543,0.43777103372588344,0.42933333333333334,0.19007437140936137,0.4735138327013647,0.5611666666666667,0.3067583690295933,0.5113883808147152,0.48045833333333327,0.3078137465030304,0.5044564804262976,0,8
0.441,0.068,0.4926666666666662,0.1522246147419422,0.4393855168629417,0.39000000000000007,0.14842910765748402,0.4642241662152605,0.5489166666666666,0.3085194728886887,0.5005593991509129,0.49350000000000005,0.29872788257222815,0.4993799619921938,0,9
0.419,-0.02200000000000002,0.4109999999999996,0.0346987031457843,0.42919275843147087,0.41066666666666674,0.14100307325254918,0.45130297586804324,0.5534166666666667,0.3059763681704636,0.48801179928154165,0.5019999999999999,0.29331212044509847,0.49294956503281834,0,10
1.079,0.6599999999999999,0.6463333333333329,0.37486175229453983,0.7540963792157354,0.5406666666666666,0.29400997715496724,0.630644982762888,0.6218333333333333,0.32510608991061496,0.5789330609305352,0.5410416666666666,0.30542080438899893,0.5398335998301929,1,0
0.891,-0.18799999999999994,0.7963333333333328,0.34003137110174586,0.8225481896078677,0.6445,0.28841203164916374,0.7050321305449201,0.6118333333333333,0.31369262121710767,0.6269433592489144,0.5661666666666666,0.3084867225198103,0.5679269118437774,0,1
0.544,-0.347,0.8379999999999995,0.2714092850290865,0.6832740948039339,0.6244999999999999,0.2909389970423321,0.6590229503892286,0.55925,0.2587905875062256,0.6141828424413892,0.57625,0.30338958309479697,0.5660127588962752,0,2
0.443,-0.10100000000000003,0.6259999999999996,0.23498723369578967,0.5631370474019669,0.6361666666666667,0.28003600958923985,0.5973021074208775,0.53275,0.25245742215272504,0.5878470205273293,0.5808333333333333,0.3003708818555264,0.5561717381845732,0,3
0.393,-0.04999999999999999,0.4599999999999996,0.07692203845452515,0.47806852370098346,0.6281666666666667,0.28731753630202383,0.5389300767291982,0.5090833333333333,0.25101302332506,0.5578705558308171,0.5912916666666667,0.28856488670761665,0.5431179991298074,0,4
1.322,0.929,0.7193333333333328,0.5225230457437577,0.9000342618504917,0.7786666666666666,0.37802363241822007,0.762664340520856,0.5946666666666667,0.33305618781584506,0.6754289318568453,0.6314166666666666,0.3200908725138325,0.6054285591994228,1,0
0.725,-0.5970000000000001,0.8133333333333329,0.4707571914833944,0.8125171309252459,0.7196666666666668,0.3482250230334765,0.75190310037204,0.6301666666666667,0.32116770847906884,0.6830552500327153,0.6509999999999999,0.3102875244448073,0.6149942744634691,0,1
0.392,-0.33299999999999996,0.8129999999999997,0.4712037775739918,0.6022585654626229,0.6365,0.3585564111823943,0.6490736431228857,0.6405,0.31026572189305307,0.6382775192584513,0.633375,0.3125721916613823,0.5971547325063915,0,2
0.509,0.11699999999999999,0.5419999999999995,0.16893489870361175,0.5556292827313114,0.6306666666666667,0.3606409109719318,0.6090526022306327,0.6275833333333334,0.31241739514290484,0.6183886701417665,0.619125,0.31000467212468,0.5901023539058802,0,3
0.21,-0.29900000000000004,0.3703333333333329,0.15067293497285006,0.3828146413656557,0.5918333333333333,0.395727894729023,0.4950375730218805,0.614,0.3276639076304187,0.55555964396611,0.5875833333333333,0.3115777405492842,0.5596941655934098,0,4
0.109,-0.10099999999999999,0.2759999999999995,0.208007211413449,0.24590732068282783,0.5445000000000001,0.43889714056940243,0.38474112358705753,0.5863333333333334,0.35635919910657277,0.48685816027901613,0.5676249999999999,0.32653234908657974,0.523638632345937,0,5
0.101,-0.007999999999999993,0.13999999999999954,0.06075360071632881,0.1734536603414139,0.34099999999999997,0.24773614996604124,0.3036722311336125,0.5598333333333333,0.3809117849040472,0.42749536638993674,0.556625,0.3379037440120948,0.48982754175826204,0,6
0.173,0.07199999999999998,0.12766666666666623,0.0394630628985185,0.17322683017070695,0.24899999999999997,0.16543881044058695,0.26633730795258037,0.48433333333333334,0.3577371643929075,0.3883422330991772,0.5530833333333333,0.3415950967811563,0.46448133841760114,0,7
0.094,-0.07899999999999999,0.12266666666666622,0.04373023362997758,0.13361341508535346,0.19933333333333333,0.1585088851347548,0.217098077108986,0.4179166666666667,0.3492567324354887,0.3430588126223807,0.5148750000000001,0.33942653844388776,0.4348428313441931,0,8
0.145,0.05099999999999999,0.13733333333333286,0.040054130040888904,0.1393067075426767,0.13866666666666666,0.04604635345673544,0.19649862650641856,0.38466666666666666,0.3551059594321698,0.31258822606509135,0.4719583333333333,0.31668644198359985,0.4116554048366577,0,9
0.131,-0.013999999999999985,0.12333333333333289,0.026350205565278294,0.13515335377133836,0.1255,0.03010481689025669,0.1777847332188704,0.3586666666666667,0.361805405591391,0.28465157590123114,0.4457083333333334,0.3177945028072274,0.38920297244972507,0,10
0.065,-0.066,0.11366666666666621,0.04272391992002153,0.10007667688566918,0.11816666666666668,0.03897905420430975,0.14556052372776457,0.33133333333333337,0.3712424675289307,0.2508590257625802,0.4202083333333333,0.3229405624632156,0.36326673465374704,0,11
0.135,0.07,0.11033333333333288,0.03931072796746976,0.1175383384428346,0.12383333333333331,0.03845213474779448,0.14254323123411755,0.23241666666666663,0.20354649159939797,0.23303456026064476,0.41354166666666664,0.3272602978306901,0.34500539588144724,0,12
0.105,-0.030000000000000013,0.10166666666666622,0.03511884584282917,0.1112691692214173,0.1125,0.03019768203017948,0.1318165937386554,0.18075,0.13392883116857782,0.21333693560516095,0.4054583333333333,0.3325653880349558,0.32580496421093147,0,13
0.067,-0.03799999999999999,0.10233333333333289,0.0340783411176718,0.08913458461070865,0.108,0.0351169474754826,0.11329756695618243,0.15366666666666667,0.1193987462499512,0.19082356089667463,0.3970833333333334,0.3386526907135633,0.3051005670740569,0,14
0.227,0.16,0.13299999999999954,0.08359425817602009,0.15806729230535432,0.12166666666666666,0.059728273595195544,0.14578397639727314,0.13016666666666665,0.05161541935459953,0.19638916691257083,0.378875,0.33540997787911697,0.29885252170813237,1,0
0.157,-0.07,0.15033333333333287,0.08020806277010097,0.15753364615267718,0.126,0.0614589293756073,0.14898855456948082,0.12575,0.04614034913371892,0.19032929507986762,0.369875,0.3384585662779961,0.2875043199714818,0,1
0.128,-0.028999999999999998,0.17066666666666622,0.05089531740084228,0.1427668230763386,0.1365,0.05386557342121156,0.1429918246924863,0.12733333333333333,0.04583831928802769,0.180740172759888,0.35683333333333334,0.341614410991547,0.2747439743737633,0,2
0.194,0.066,0.1596666666666662,0.03308070938375515,0.1683834115381693,0.14633333333333334,0.058704911776295554,0.15756558906606166,0.13508333333333333,0.04875067987093551,0.1827801461814437,0.34745833333333337,0.3429190523276237,0.2682844564238622,0,3
0.126,-0.068,0.14933333333333287,0.03869539162913919,0.14719170576908464,0.14983333333333335,0.05632554186745708,0.1485468493329012,0.13116666666666665,0.047293730765257065,0.1740447390766062,0.30775,0.30791716136141184,0.25690169990995326,0,4
0.142,0.015999999999999986,0.15399999999999953,0.03555277766925007,0.1445958528845423,0.16233333333333333,0.04031211563119352,0.14667632095207228,0.13516666666666668,0.045873013126815444,0.16911477921866677,0.2765416666666667,0.28319727018560736,0.247709563917157,0,5
0.192,0.05000000000000002,0.15333333333333285,0.03442867022312159,0.16829792644227115,0.1565,0.030395723383331796,0.1596259435371945,0.13908333333333334,0.048707771142771604,0.17263558241579496,0.261875,0.27780714494520997,0.24325279880378448,0,6
0.172,-0.020000000000000018,0.16866666666666622,0.025166114784218815,0.17014896322113557,0.159,0.03105479029064654,0.16316138824085322,0.1425,0.04952042737368457,0.17253780050567266,0.2505833333333333,0.27562402190171226,0.23755257489948173,0,7
0.266,0.09400000000000003,0.20999999999999952,0.04951767361255164,0.2180744816105678,0.18200000000000002,0.04926662156060774,0.19254384874346658,0.15925,0.05465116650172823,0.18691660042787686,0.24529166666666669,0.27398515973246323,0.23982836890752318,0,8
0.211,-0.05500000000000002,0.21633333333333285,0.04722640504349801,0.2145372408052839,0.18483333333333332,0.05056645792086706,0.19781703481676183,0.16558333333333333,0.05597314020351224,0.1906217388235881,0.19899999999999998,0.1499283887031761,0.23752209939492133,0,9
0.309,0.098,0.26199999999999957,0.049122296363252944,0.2617686204026419,0.2153333333333333,0.061902073201654216,0.22958359629768704,0.18258333333333332,0.06598410047239493,0.20883377900457456,0.18166666666666664,0.10325555745299025,0.24324033144332763,0,10
0.379,0.07,0.29966666666666625,0.08438799282677974,0.32038431020132097,0.2548333333333333,0.07900232064099849,0.27227399735549074,0.20858333333333334,0.0768711535130299,0.2350131976192554,0.181125,0.10213218736349679,0.2541011049278614,0,11
0.303,-0.07600000000000001,0.33033333333333287,0.04225320500663424,0.3116921551006605,0.2733333333333333,0.07419613646722596,0.28105285525392193,0.21491666666666667,0.08151682295233287,0.2454727056778315,0.17254166666666668,0.07953559726238497,0.2580130165336325,0,12
0.338,0.03500000000000003,0.3399999999999996,0.038039453203211754,0.32484607755033024,0.301,0.05804481027617093,0.29732346803851567,0.22999999999999998,0.08642390241762085,0.2597076740350882,0.177875,0.08617137247823577,0.2644119752109419,0,13
0.675,0.337,0.43866666666666626,0.20541746112084236,0.49992303877516514,0.36916666666666664,0.1597603413449773,0.40523104859893977,0.27558333333333335,0.14919386919729677,0.3235988011066131,0.20145833333333332,0.13184773140013653,0.29725901719406655,1,0
1.556,0.881,0.8563333333333331,0.6289215637369522,1.0279615193875826,0.5933333333333334,0.4918677328984538,0.7340221775706712,0.3890833333333334,0.39578126611306397,0.5131989855517496,0.26208333333333333,0.3047671836531687,0.39795829581854125,0,1
1.536,-0.020000000000000018,1.2556666666666663,0.5029715035002815,1.2819807596937913,0.7978333333333333,0.5943942855265901,0.9631586982647652,0.5065833333333333,0.5048492949446002,0.6705529877745573,0.318875,0.39966456723651145,0.489001632153058,0,2
1.172,-0.3640000000000001,1.4213333333333331,0.21616043424580275,1.2269903798468955,0.93,0.5703146499959469,1.0228276416176894,0.5924166666666667,0.5244088374425797,0.7476986819630869,0.3637916666666667,0.43251860770895495,0.5436415015808134,0,3
0.434,-0.738,1.047333333333333,0.5614778119688555,0.8304951899234477,0.9518333333333334,0.5433821552707323,0.8545911725840638,0.6125833333333334,0.5121197406738759,0.6994373462764581,0.3758333333333333,0.43017909987703334,0.5348701814543483,0,4
0.855,0.421,0.8203333333333328,0.37021930437692346,0.8427475949617238,1.038,0.46138010360222514,0.8547079804171884,0.6695000000000001,0.4964154235388661,0.7233700622339261,0.40599999999999997,0.4375852711931898,0.5604805669380004,0,5
1.014,0.15900000000000003,0.7676666666666662,0.29970040596124164,0.9283737974808619,1.0944999999999998,0.42755385625672965,0.9002199860122775,0.7318333333333333,0.4880344312244834,0.7680823603517837,0.44554166666666667,0.44818076508079396,0.5967621215829604,0,6
0.358,-0.656,0.7423333333333328,0.3422051041894802,0.643186898740431,0.8948333333333333,0.44816533407512227,0.7452999900087697,0.7440833333333333,0.47545546743638406,0.7049927664515092,0.45483333333333337,0.4437524443696711,0.5776611518563236,0,7
0.319,-0.03899999999999998,0.5636666666666662,0.3904873023970597,0.4810934493702155,0.6920000000000001,0.3682124386818,0.6234999928634068,0.7449166666666667,0.47463161951393756,0.6456092639205079,0.46375000000000005,0.43853672197632343,0.5569682597078177,0,8
0.273,-0.045999999999999985,0.3166666666666662,0.04254801209612986,0.37704672468510775,0.5421666666666667,0.312526105576261,0.5233571377595763,0.7360833333333333,0.4829738292050292,0.5882847617788913,0.4723333333333333,0.4324067797669294,0.5342507989311923,0,9
0.798,0.525,0.46333333333333293,0.29074100731292213,0.5875233623425539,0.6028333333333333,0.3224998708010044,0.6018265269711259,0.7773333333333333,0.4633626762018804,0.6205486445821388,0.496125,0.4340268788010014,0.555350735016697,0,10
1.063,0.2649999999999999,0.7113333333333328,0.40206757309354474,0.825261681171277,0.6375000000000001,0.36358919125848344,0.733590376407947,0.8377499999999999,0.4478782555764241,0.6886180838771944,0.533875,0.4425648871609971,0.5959626762153613,0,11
1.028,-0.03499999999999992,0.9629999999999995,0.14396180048887974,0.9266308405856385,0.6398333333333333,0.3665217137724104,0.8177074117199622,0.8671666666666668,0.44780958480410293,0.7408306863576261,0.571375,0.4448028202620162,0.6305256621181323,0,12
1.095,0.06699999999999995,1.0619999999999994,0.03351119216023472,1.0108154202928192,0.7626666666666667,0.37653932950843966,0.8969338655142587,0.82875,0.40063293673885436,0.7953182730718374,0.6089166666666667,0.4495643221054635,0.6676836091486817,0,13
0.62,-0.475,0.9143333333333329,0.2570920717045418,0.8154077101464097,0.8128333333333333,0.3216590845393078,0.8178099039387562,0.7524166666666666,0.3356170594681676,0.7683462310607856,0.6295,0.4376434919965754,0.6638689204167872,0,14
0.511,-0.10899999999999999,0.7419999999999994,0.3105269714533661,0.6632038550732049,0.8524999999999999,0.24801834609560455,0.7301499313848259,0.6973333333333334,0.314042363480797,0.7287545032052801,0.644875,0.4261018772343167,0.6516394067834443,0,15
0.473,-0.038000000000000034,0.5346666666666661,0.07630421569829977,0.5681019275366024,0.7983333333333333,0.29360222524133817,0.6566785224177327,0.7005833333333333,0.3112588686822149,0.6894076565583139,0.6565833333333333,0.41687761906267207,0.6373482542407688,0,16
0.492,0.019000000000000017,0.4919999999999995,0.018999999999980605,0.5300509637683012,0.7031666666666666,0.28300630146105404,0.6096275160126663,0.6703333333333332,0.31252413240153526,0.6590372478570349,0.6699166666666666,0.4056717367170339,0.6257203939015072,0,17
0.504,0.01200000000000001,0.4896666666666662,0.0156311654502341,0.5170254818841507,0.6158333333333333,0.24035425244140068,0.5794482257233331,0.6278333333333334,0.2957685930014538,0.6351853635713373,0.6798333333333333,0.3982089976345354,0.6159827623893868,0,18
1.015,0.5109999999999999,0.6703333333333328,0.298550386590493,0.7660127409420753,0.6024999999999999,0.2085749265851431,0.7038915898023808,0.6825833333333332,0.30202150987014387,0.6936183845603623,0.7133333333333333,0.3908028154705517,0.6479041413982358,1,0
0.982,-0.03299999999999992,0.8336666666666662,0.2859761062280082,0.8740063704710377,0.6628333333333333,0.26053438672594603,0.7833511355731291,0.7378333333333332,0.2898610429885726,0.7379847869356911,0.741375,0.3846252622895489,0.674631810086377,0,1
0.392,-0.59,0.7963333333333328,0.35055147030547873,0.6330031852355189,0.6429999999999999,0.2783264270600225,0.6715365254093779,0.7477499999999999,0.27412078459221845,0.684756358176354,0.7419166666666667,0.38410153963974564,0.6520212652794668,1,0
0.368,-0.02400000000000002,0.5806666666666661,0.3477719559328105,0.5005015926177594,0.6255,0.29401207458197687,0.5848118038638414,0.7119166666666666,0.2943159892278203,0.6360246107646073,0.744625,0.3810894922284744,0.6292995640571095,0,1
0.486,0.118,0.41533333333333283,0.062364519827642934,0.4932507963088797,0.6244999999999999,0.2945666308324789,0.5565798599027438,0.6638333333333334,0.27844954931755683,0.6129439014162061,0.7507916666666667,0.3753781836989216,0.6178355989325408,0,2
0.31,-0.176,0.38799999999999946,0.08968834929910964,0.40162539815443987,0.5921666666666666,0.3199890102279521,0.48612847135910275,0.604,0.27010031806382767,0.5663371473521744,0.7355833333333334,0.3858307712689216,0.5932087510179376,0,3
0.107,-0.203,0.3009999999999995,0.189660222503294,0.25431269907721993,0.44083333333333335,0.2936504157440675,0.3778060509707877,0.5216666666666666,0.2570954309319008,0.4956698939133784,0.6752083333333333,0.36465909978769334,0.5543120509365026,0,4
0.198,0.09100000000000001,0.2049999999999995,0.10168087332433208,0.22615634953860997,0.31016666666666665,0.13770754034061822,0.3264328935505626,0.48649999999999993,0.27091243133998977,0.44987452561901253,0.6194583333333333,0.32774764671548157,0.5258070868615824,0,5
0.15,-0.048000000000000015,0.15166666666666614,0.045522888016163096,0.188078174769305,0.2698333333333333,0.1442309490597035,0.276023495393259,0.45641666666666664,0.28748136962034104,0.4037399832160875,0.5768749999999999,0.31911525960543374,0.49574251991265583,0,6
0.093,-0.056999999999999995,0.1469999999999995,0.052564246403794146,0.14053908738465248,0.22399999999999998,0.15036089917261028,0.22373106813804214,0.42474999999999996,0.3058318388205566,0.355933831952074,0.5626666666666666,0.3330407556554244,0.4635231183196434,0,7
0.174,0.08099999999999999,0.13899999999999949,0.0416052881254147,0.15726954369232624,0.17200000000000001,0.07832496409188837,0.20952219152717297,0.39825,0.3131642395119376,0.3279440116517549,0.5342916666666667,0.33604806581236524,0.4403612688540719,0,8
0.104,-0.06999999999999999,0.12366666666666615,0.04393555887128425,0.13063477184616312,0.13766666666666666,0.04285168219174233,0.1793729939479807,0.3649166666666667,0.3220469921479076,0.29349108678225416,0.496375,0.33086695244069203,0.41345236734574614,0,9
0.113,0.009000000000000008,0.13033333333333283,0.03808324215888261,0.12181738592308156,0.13866666666666666,0.04205551886093063,0.16040928139141478,0.28975,0.2547566129037306,0.265723227277292,0.48616666666666664,0.33900143217174267,0.3894161779580865,0,10
0.181,0.06799999999999999,0.13266666666666616,0.04209908945965575,0.15140869296154078,0.13583333333333333,0.03759476913963001,0.16629234385101055,0.223,0.13247984409301128,0.25268888461924705,0.48041666666666666,0.34310562661444743,0.37274288372143954,0,11
0.128,-0.05299999999999999,0.14066666666666616,0.03572580766521744,0.1397043464807704,0.13216666666666665,0.03700495462315901,0.15535167417929324,0.20099999999999998,0.1234783749929865,0.23350597929320904,0.474375,0.34815623835334,0.3531634530237244,0,12
0.173,0.044999999999999984,0.16066666666666615,0.028571547618778687,0.1563521732403852,0.1455,0.03439040563871646,0.16039405298520945,0.18475,0.11177991769544081,0.2241973670942538,0.4483333333333333,0.3462665053880075,0.3387503767818265,0,13
0.206,0.033,0.16899999999999946,0.039153543900888675,0.18117608662019258,0.15083333333333335,0.04145077401764839,0.1734243235608639,0.16141666666666665,0.06075952350841175,0.2213977721566763,0.412625,0.32356839375127855,0.3281303466392804,0,14
0.143,-0.063,0.17399999999999946,0.031511902513158815,0.1620880433100963,0.15733333333333333,0.03522877611643909,0.16473165968633136,0.1475,0.038784954908730844,0.20933657644026454,0.37575000000000003,0.2999562649280142,0.313319918908138,0,15
0.264,0.12100000000000002,0.2043333333333328,0.060517215181567996,0.21304402165504815,0.1825,0.04861584103968226,0.19309404263309382,0.16058333333333333,0.04901290800916322,0.21774633391099307,0.34112499999999996,0.2584056993078567,0.3093743253954869,1,0
0.602,0.33799999999999997,0.33633333333333276,0.23789563538100567,0.40752201082752404,0.25266666666666665,0.17790746658491513,0.3099243161664956,0.19425,0.13693802513280318,0.27686228254007106,0.34037500000000004,0.25758591854909774,0.33278437936384797,0,1
0.533,-0.06899999999999995,0.4663333333333328,0.17858984666921185,0.47026100541376203,0.32016666666666665,0.19695828661587977,0.3736602258332111,0.22616666666666665,0.1670170559245266,0.31626808522621397,0.3412916666666667,0.25825778815928735,0.34880162901474016,0,2
0.237,-0.29600000000000004,0.45733333333333287,0.19390805381245152,0.353630502706881,0.33083333333333337,0.18896498793867372,0.33461444702372223,0.23816666666666667,0.16166679162756642,0.30407299519141184,0.33145833333333335,0.25751673295850697,0.3398574986935609,0,3
0.161,-0.07599999999999998,0.31033333333333285,0.19654346423458696,0.2573152513534405,0.3233333333333333,0.19568409916664936,0.28501031930265874,0.23708333333333334,0.16217860991866645,0.28206176516196385,0.31766666666666665,0.2574084331355039,0.3255488987980761,0,4
0.083,-0.078,0.1603333333333328,0.07700216447173489,0.17015762567672027,0.31333333333333335,0.20789484521426455,0.22729308521618483,0.23533333333333337,0.16384989435085806,0.25143687821396943,0.300125,0.25850091455561,0.30614498689423,0,5
0.145,0.061999999999999986,0.12966666666666615,0.04119870548126554,0.15757881283836012,0.29350000000000004,0.21892624328754248,0.20378077515441773,0.238,0.16192703182718785,0.23506197387335875,0.263875,0.21042427378988338,0.29325338794269157,0,6
0.141,-0.0040000000000000036,0.12299999999999948,0.034698703145776416,0.14928940641918004,0.21666666666666667,0.162669808712811,0.18584341082458408,0.23466666666666666,0.1636100315513749,0.22059090096976508,0.22883333333333333,0.14571075179411294,0.28107311690727627,0,7
0.109,-0.03199999999999999,0.13166666666666613,0.019731531449232797,0.12914470320959,0.146,0.05266877632901195,0.16388815058898862,0.2330833333333333,0.16482357418179014,0.20342307005133967,0.2170416666666667,0.14336438195902265,0.2673072675546942,0,8
0.18,0.071,0.1433333333333328,0.03555746522647646,0.154572351604795,0.13649999999999998,0.03522357165302009,0.16849153613499185,0.23366666666666666,0.16460384030278188,0.199819520812672,0.20920833333333333,0.13985053486293525,0.26032268615031867,1,0
0.132,-0.04799999999999999,0.14033333333333284,0.036226141573897676,0.1432861758023975,0.13166666666666668,0.0331159578853169,0.1580653829535656,0.2275,0.16710176540060695,0.18938574837995323,0.19445833333333332,0.1275119701684186,0.2500568712582932,0,1
0.094,-0.038000000000000006,0.13533333333333283,0.04309679029036929,0.11864308790119875,0.1335,0.030044966300454144,0.13976098782397542,0.22341666666666668,0.16992910732170344,0.17471101785996043,0.1854583333333333,0.12662199107259445,0.23757232155762972,0,2
0.15,0.055999999999999994,0.12533333333333282,0.028589042189833005,0.13432154395059936,0.13433333333333333,0.03049371519939963,0.14268641987426814,0.21391666666666664,0.17063915053987228,0.1709093228045819,0.18725000000000003,0.12576487724251897,0.23056653583301936,0,3
0.134,-0.015999999999999986,0.12599999999999947,0.028844410203689715,0.1341607719752997,0.13316666666666666,0.030321059787911272,0.14020458562447724,0.1749166666666667,0.11978044940893148,0.16523096545003085,0.18458333333333332,0.12620477379059802,0.22284121296637782,0,4
0.299,0.16499999999999998,0.1943333333333328,0.09099633692260459,0.21658038598764984,0.16483333333333333,0.07140984992745926,0.18557470401748374,0.15541666666666668,0.06062621445206215,0.18581081691925688,0.19079166666666666,0.1280804703460202,0.2289339159290676,1,0
0.429,0.13,0.28733333333333283,0.1478456402242972,0.32279019299382494,0.20633333333333334,0.13016707212910059,0.25512478858391696,0.17141666666666666,0.09795681639777506,0.22322453739321738,0.20479166666666668,0.13509770350658595,0.24493920265474217,0,1
0.828,0.39899999999999997,0.518666666666666,0.27566344214155913,0.5753950964969125,0.3223333333333333,0.2774618292065831,0.4188034204170835,0.227,0.21308769001601927,0.3162669162557993,0.23204166666666667,0.18526138506742637,0.2915840664423628,0,2
0.482,-0.346,0.5796666666666662,0.21668948597782225,0.5286975482484562,0.387,0.25814414577905254,0.43685958601220254,0.26025,0.21960548304133398,0.3417643137549071,0.24779166666666666,0.18991210304785147,0.3068173411269738,0,3
1.275,0.7929999999999999,0.861666666666666,0.39757053881460247,0.901848774124228,0.5745,0.413431856537444,0.6763282757230018,0.35441666666666666,0.3618787989804245,0.4853390347156906,0.29620833333333335,0.28054759794042916,0.3842719538368159,0,4
0.438,-0.837,0.7316666666666661,0.4710544908323591,0.669924387062114,0.6251666666666666,0.3643676257115396,0.608234482659287,0.37916666666666665,0.3560653242756369,0.478056106297892,0.30691666666666667,0.280863562214307,0.38857019752987065,1,0
0.411,-0.027000000000000024,0.7079999999999994,0.4912219457638265,0.540462193531057,0.6438333333333334,0.3467595228204479,0.5518817733280622,0.40433333333333327,0.34575749077097623,0.4677397822520625,0.3187083333333333,0.2789596322934111,0.39036458172748106,0,1
0.564,0.15299999999999997,0.4709999999999995,0.08166394553289279,0.5522310967655284,0.6663333333333333,0.33418358228175254,0.5553441238057587,0.4363333333333333,0.3408426278646734,0.4825490465209759,0.335,0.2814861182769205,0.4042554151892826,0,2
0.827,0.263,0.6006666666666661,0.2104099173835038,0.6896155483827642,0.6661666666666667,0.33408706450065506,0.6329600884326847,0.49425,0.34346632096373414,0.5355415009023642,0.360875,0.2972150900990871,0.43807498197414,0,3
1.185,0.3580000000000001,0.8586666666666661,0.31170873156415346,0.9373077741913821,0.7833333333333332,0.37708708101268257,0.7906857774519176,0.5851666666666667,0.3711659352838709,0.6354581930712313,0.40429166666666666,0.3373953273002721,0.49782898341620885,0,4
0.861,-0.32400000000000007,0.9576666666666661,0.19760904162849857,0.899153887095691,0.7143333333333334,0.29889909111047014,0.8107755553227983,0.6444166666666666,0.3516187135193017,0.6701569325987342,0.42916666666666664,0.34842935366118827,0.5268826647429121,0,5
1.95,1.089,1.3319999999999994,0.5591842272453696,1.4245769435478455,0.9663333333333334,0.5506707425192174,1.1362682538019988,0.79575,0.47950677784573487,0.8670558660450827,0.48533333333333334,0.46623465510747714,0.6407320515634791,0,6
0.753,-1.197,1.1879999999999995,0.6621170591368273,1.0887884717739227,1.0233333333333334,0.49675211792871765,1.026763038429999,0.8335833333333333,0.45398086830600876,0.8495088097304545,0.4945,0.46936478814225707,0.6497134874384007,1,0
0.566,-0.18700000000000006,1.0896666666666661,0.7509143315540954,0.8273942358869613,1.0236666666666667,0.4963827824035264,0.8951164560214279,0.8450000000000001,0.44450524079127346,0.805892069771923,0.5082083333333333,0.4663117057120245,0.6430164084433287,0,1
0.54,-0.025999999999999912,0.619666666666666,0.11619954102031771,0.6836971179434806,0.9758333333333334,0.5316966867177811,0.7936546114438771,0.8209999999999998,0.4531965257028013,0.7649855974993194,0.524,0.46042249029040405,0.6347750957678625,0,2
0.613,0.07299999999999995,0.5729999999999994,0.036999999999986904,0.6483485589717404,0.8805,0.53793559094003,0.7420390081741979,0.8319166666666667,0.4458057992064028,0.7416031978840395,0.5460833333333334,0.4509641764107177,0.6330330881064336,0,3
0.702,0.08899999999999997,0.6183333333333327,0.08113158036999207,0.6751742794858702,0.8540000000000001,0.5429810309762203,0.7305992915529984,0.7841666666666667,0.424196102449483,0.7355103982095719,0.5692916666666666,0.44369961236684957,0.6385504410579189,0,4
0.558,-0.1439999999999999,0.6243333333333327,0.07266590213664521,0.6165871397429351,0.622,0.08671562719601303,0.6812852082521418,0.7941666666666668,0.41664085980686655,0.7082011061773301,0.5866666666666667,0.4342631607143565,0.6321064057732855,0,5
0.527,-0.031000000000000028,0.595666666666666,0.09338272502627246,0.5717935698714676,0.5843333333333333,0.06472917940669716,0.6372037201801013,0.8038333333333333,0.4082028981531182,0.6803240129192792,0.6040833333333334,0.4224955792582373,0.6236978933114227,0,6
0.535,0.008000000000000007,0.5399999999999995,0.01609347693939757,0.5533967849357337,0.5791666666666667,0.06765623893377727,0.6080026572715009,0.8014166666666666,0.4098344362684938,0.6579664724701594,0.618875,0.41311292408187633,0.6166020618465089,0,7
0.454,-0.08100000000000002,0.5053333333333327,0.04463556130858169,0.5036983924678669,0.5648333333333334,0.08460122142536883,0.564001898051072,0.7703333333333333,0.42169104013878733,0.626587015167058,0.6322916666666666,0.4016838989929081,0.6035938968987883,0,8
0.376,-0.07800000000000001,0.4549999999999994,0.07950471684119553,0.4398491962339334,0.5253333333333333,0.10932825191442551,0.5102870700364801,0.7029166666666667,0.41396825928683084,0.5880351666798183,0.6440416666666666,0.3891832561712513,0.5853863851468852,0,9
0.441,0.065,0.423666666666666,0.04178915329761927,0.4404245981169667,0.48183333333333334,0.06972923824812563,0.4904907643117715,0.6679166666666667,0.41713055691851525,0.5654143718060001,0.6561666666666667,0.37747924407859146,0.5738354743351344,0,10
0.191,-0.25,0.3359999999999994,0.1297112177107221,0.31571229905848336,0.42066666666666674,0.12700026246690813,0.4049219745084082,0.5213333333333333,0.1476632122176123,0.5078121607589231,0.6585416666666667,0.3742162800779279,0.5432086363883236,0,11
0.163,-0.027999999999999997,0.2649999999999994,0.1530620789091738,0.23935614952924167,0.36000000000000004,0.15076339078170328,0.3358014103631487,0.4721666666666667,0.16112492800383763,0.4547641360267811,0.652875,0.3808680374572296,0.5127919454772578,0,12
0.21,0.046999999999999986,0.18799999999999942,0.02364318083503015,0.22467807476462082,0.30583333333333335,0.1326037958229815,0.29985815025939194,0.44249999999999995,0.1744964183013493,0.417108115099584,0.6437499999999999,0.38900153682495114,0.4885685898390772,0,13
0.173,-0.037000000000000005,0.1819999999999994,0.02475883680623789,0.1988390373823104,0.259,0.11870130580577479,0.26361296447099425,0.41191666666666665,0.18752912905045915,0.37955302046887873,0.6164583333333333,0.3983767038726106,0.46332310265195104,0,14
0.132,-0.04099999999999998,0.17166666666666605,0.03901709027248474,0.1654195186911552,0.21833333333333335,0.11222061605009359,0.2260092603364245,0.3718333333333333,0.19199376568161175,0.34146794039674355,0.6018749999999999,0.40975648256006864,0.43681725443979497,0,15
0.167,0.035,0.15733333333333274,0.02214347157360795,0.1662097593455776,0.17266666666666666,0.02649276630822637,0.20914947166887463,0.32725,0.16910788648885336,0.3146267187972445,0.5557083333333334,0.39268169199987396,0.4152318740846114,0,16
0.089,-0.07800000000000001,0.12933333333333275,0.03906831623363239,0.1276048796727888,0.15566666666666665,0.04108365449497171,0.17482105119205332,0.2881666666666666,0.16507840194246637,0.2799149159053607,0.5411666666666667,0.40354199896359744,0.3891333241578425,0,17
0.082,-0.006999999999999992,0.11266666666666608,0.047184036848610736,0.1048024398363944,0.14216666666666666,0.050435767731463556,0.14830075085146666,0.2510833333333334,0.15629835009501536,0.24946646730453598,0.5274583333333334,0.41361828434551506,0.36456265822521516,0,18
0.2,0.11800000000000001,0.12366666666666608,0.06619919435560442,0.15240121991819722,0.1405,0.047844539918317386,0.16307196489390474,0.22316666666666665,0.1284061973393469,0.2418562415653766,0.5122916666666667,0.41886051213165015,0.351397645567198,1,0
0.129,-0.07100000000000001,0.13699999999999943,0.059405386961098004,0.1407006099590986,0.13316666666666668,0.04516377604521234,0.15333711778136053,0.1960833333333333,0.10793555175813552,0.22449374286301096,0.4832083333333333,0.420289028828523,0.33360583392182214,0,1
0.182,0.05299999999999999,0.17033333333333275,0.03690979996330544,0.1613503049795493,0.1415,0.0493264634855923,0.1615265127009718,0.17991666666666664,0.09187091569977406,0.21795624396100927,0.4414166666666666,0.39667552358885544,0.3214773672080764,0,2
0.29,0.10799999999999998,0.20033333333333272,0.0820507972741966,0.22567515248977466,0.162,0.07879847714261724,0.198233223357837,0.16733333333333333,0.056324277557942067,0.22903989873623862,0.4176250000000001,0.38743165596460766,0.3189591778314303,0,3
0.331,0.041000000000000036,0.2676666666666661,0.07696969100452147,0.2783375762448873,0.20233333333333334,0.09435818282831883,0.23616658811274072,0.17900000000000002,0.0735403414336761,0.2447260681614327,0.3501666666666667,0.20877399193899795,0.3199224436049159,0,4
0.617,0.286,0.41266666666666607,0.17814132966083965,0.44766878812244365,0.2915,0.175659614026663,0.34497613436624336,0.21683333333333335,0.1458210817364474,0.3019989807519815,0.34450000000000003,0.19898066325104544,0.34368864811652267,0,5
0.277,-0.33999999999999997,0.40833333333333277,0.18271653820421382,0.3623343940612218,0.30433333333333334,0.17037096779282246,0.3255543816901738,0.22241666666666668,0.14681494742661108,0.29815298371321514,0.33245833333333336,0.1936671234622562,0.3383535562672009,0,6
0.159,-0.11800000000000002,0.3509999999999995,0.23779823380336204,0.2606671970306109,0.3093333333333333,0.16453652076868217,0.2779674154929813,0.22125000000000003,0.14729816699470427,0.2767448323727205,0.3165833333333333,0.19151862587740878,0.32400527176582483,0,7
0.18,0.02099999999999999,0.20533333333333278,0.06294706771034966,0.22033359851530546,0.309,0.16484780859931475,0.2499767253521295,0.22524999999999998,0.1452922603206747,0.2618610120076866,0.29854166666666665,0.1825669571433439,0.3124848500245589,0,8
0.194,0.014000000000000012,0.1776666666666661,0.017616280348906325,0.20716679925765275,0.293,0.1715820503432577,0.23398337525152108,0.2275,0.14451517693182314,0.2514208563141963,0.277375,0.16205254448453718,0.30300606202259417,0,9
0.129,-0.065,0.1676666666666661,0.03421013495049727,0.16808339962882637,0.25933333333333336,0.18212816000460422,0.20398812517965792,0.23083333333333333,0.14145917068078953,0.23258687841970457,0.2595,0.15316941458795633,0.28908557706078664,0,10
0.149,0.01999999999999999,0.1573333333333328,0.033291640592365,0.15854169981441318,0.18133333333333335,0.052148505890987226,0.18827723227118423,0.23641666666666664,0.13627809690837875,0.21972735866282694,0.24375000000000002,0.1436027885159793,0.2778787308959237,0,11
0.202,0.05300000000000002,0.15999999999999945,0.03772267222769193,0.1802708499072066,0.1688333333333333,0.02805292616933688,0.19219802305084588,0.23658333333333337,0.1362307256314095,0.21700007271469973,0.22987500000000002,0.1296477879219053,0.2718084324242498,0,12
0.138,-0.064,0.16299999999999945,0.03421987726450648,0.1591354249536033,0.16533333333333333,0.030709390528993706,0.17671287360774707,0.23733333333333337,0.1356079464910332,0.20484621537397668,0.21670833333333336,0.12169901545336631,0.2611037578303098,1,0
0.196,0.057999999999999996,0.1786666666666661,0.03534590971146825,0.17756771247680164,0.168,0.03285726708044349,0.18222348114839076,0.23850000000000002,0.13514806694880904,0.20348525916259563,0.20920833333333333,0.11690761092740487,0.25589545720388507,0,1
0.275,0.07900000000000001,0.2029999999999995,0.06876772498780225,0.22628385623840083,0.1815,0.05491356845075418,0.20873105796313626,0.23725000000000004,0.13469705065273413,0.21448752698373474,0.20229166666666668,0.10709665653315027,0.2574238206275743,0,2
0.152,-0.12300000000000003,0.2076666666666661,0.06232442004007216,0.18914192811920041,0.18533333333333335,0.051192447359570056,0.19252218425938306,0.22233333333333336,0.13327506302471673,0.2048740612939294,0.2006666666666667,0.10757026689025379,0.24898991497736836,1,0
0.222,0.07,0.2163333333333328,0.06169548875996828,0.2055709640596002,0.1975,0.049476256931944095,0.2009444173281308,0.18941666666666668,0.04919434249314822,0.20750882109486335,0.203125,0.10734597155317709,0.2468307217791789,0,1
0.156,-0.066,0.1766666666666661,0.039310727967455106,0.1807854820298001,0.18983333333333333,0.05213220373878678,0.18810315523437912,0.17933333333333334,0.04139243087006586,0.199584387080269,0.20087500000000003,0.10776073032417631,0.23956426403684458,0,2
0.098,-0.057999999999999996,0.1586666666666661,0.062042995844262754,0.13939274101490007,0.18316666666666667,0.06175570149113636,0.16235939659598508,0.17425000000000002,0.04742290394083509,0.18395601983715068,0.19775,0.10967471667736699,0.22823912291389703,0,3
0.161,0.063,0.13833333333333278,0.03501904243880958,0.15019637050745005,0.17733333333333334,0.06195374618747692,0.16197099756856076,0.17266666666666666,0.04753053245179746,0.18042432447758902,0.19895833333333335,0.10907694897227965,0.22285999308078527,0,4
0.204,0.04299999999999998,0.15433333333333277,0.053313537993001286,0.177098185253725,0.1655,0.043642868833242206,0.1739792839775434,0.1735,0.048023668407073845,0.18405135148103685,0.20049999999999998,0.10886689120205395,0.22135119363432246,0,5
0.526,0.32200000000000006,0.29699999999999943,0.1994818287463755,0.3515490926268625,0.22783333333333333,0.1523081306649864,0.27455663141253095,0.20658333333333334,0.11058148647723524,0.23665883586856964,0.21870833333333337,0.12478798686839418,0.24572309814357668,1,0
0.457,-0.069,0.3956666666666661,0.16953564030413162,0.4042745463134313,0.267,0.17847576866341294,0.3266833081518078,0.23224999999999998,0.13003434860905635,0.27055747650417433,0.23433333333333337,0.1302825246603853,0.26262525029209055,0,1
0.979,0.522,0.6539999999999995,0.283564807407406,0.6916372731567156,0.4041666666666666,0.32893854542552997,0.5130595058227199,0.297,0.25089077667021065,0.3795486339650706,0.2667916666666667,0.19983209890711512,0.3199352302687233,0,2
2.841,1.862,1.4256666666666662,1.2531948505054331,1.7663186365783579,0.8613333333333334,1.0130561024280273,1.1781853613019428,0.52225,0.7704905314738842,0.758233459508906,0.3797916666666667,0.5602624368886475,0.5216204118472254,0,3
1.531,-1.3100000000000003,1.783666666666666,0.9563688270397233,1.6486593182891789,1.0896666666666666,0.9774030216173198,1.2789895437871022,0.6335000000000001,0.8142386851308625,0.877120619584459,0.436,0.6054066545647679,0.6023707788994473,0,4
0.809,-0.7219999999999999,1.7269999999999994,1.0300815501696954,1.2288296591445895,1.1905,0.8955386647152654,1.1447068169907872,0.678,0.8074283531401067,0.866640524263773,0.457625,0.6092220850503068,0.6189011165874916,0,5
0.506,-0.30300000000000005,0.9486666666666661,0.5265798451643717,0.8674148295722948,1.1871666666666667,0.8985389065959623,0.9622191549934195,0.7075,0.7927977502032105,0.811157366684731,0.4649166666666667,0.6086876772251899,0.6098690272604922,0,6
0.568,0.061999999999999944,0.627666666666666,0.1600697764518114,0.7177074147861473,1.2056666666666667,0.8814795894782065,0.8495851107095853,0.7363333333333334,0.7797193356742168,0.7737485410409263,0.462875,0.6082373901907764,0.6065195050796529,0,7
0.933,0.3650000000000001,0.6689999999999993,0.23072277737579283,0.8253537073930737,1.1980000000000002,0.8840416279791358,0.8734179362211324,0.8010833333333333,0.7591361667691569,0.7982487654961683,0.49020833333333336,0.6142315792687758,0.6326379446732807,0,8
1.257,0.32399999999999984,0.9193333333333328,0.3447032540219684,1.0411768536965367,0.934,0.39837268982700025,0.9830128115865231,0.8976666666666667,0.7348938492714231,0.8688258784967577,0.5359583333333333,0.6291984880137907,0.6825869090994182,0,9
1.42,0.16300000000000003,1.2033333333333327,0.24789581144774211,1.2305884268482683,0.9155000000000001,0.36639800763650354,1.1078662939903736,1.0025833333333332,0.7095980242789612,0.9536218971895642,0.587625,0.6492886952524344,0.7415799563714648,0,10
1.177,-0.24299999999999988,1.284666666666666,0.12383995047372552,1.2037942134241342,0.9768333333333333,0.3756878580240068,1.1276187814216954,1.0836666666666668,0.6641888194472917,0.9879877591604006,0.6285833333333334,0.6543634089819605,0.7764135598617476,0,11
0.655,-0.522,1.0839999999999994,0.39088745183236684,0.9293971067120671,1.0016666666666667,0.34173069318787624,0.9925848438726396,1.0944166666666668,0.6553271852265621,0.9367588731357235,0.6505,0.645654033081791,0.7667004750728079,0,12
0.853,0.19799999999999995,0.8949999999999995,0.2635222950719739,0.8911985533560336,1.0491666666666666,0.28439297928511986,0.9527034599090283,1.1274166666666667,0.6297838674473718,0.9238728926533045,0.6798333333333334,0.6378238591980694,0.7736044370669832,0,13
1.529,0.6759999999999999,1.0123333333333326,0.4582677528839815,1.2100992766780168,1.1485,0.3352430461620351,1.1173596142207345,1.1732500000000001,0.6379611166549537,1.0169693707066423,0.735125,0.6519612760239542,0.8340360821016246,1,0
0.335,-1.194,0.905666666666666,0.5987397876651708,0.7725496383390084,0.9948333333333332,0.46265944999174763,0.8938282958719532,0.9644166666666667,0.4128476404709411,0.9120510059825434,0.7433333333333333,0.6453228155209483,0.7941131955334947,1,0
0.335,0.0,0.7329999999999993,0.6893562214124133,0.5537748191695042,0.814,0.47511640678890366,0.7341630684799666,0.8647499999999999,0.40796860953219877,0.8232739281390752,0.7491249999999999,0.6408049498058298,0.7573841398908152,0,1
0.267,-0.068,0.31233333333333274,0.0392598183048862,0.4103874095847521,0.6623333333333333,0.48126943250809606,0.600687906057119,0.8195833333333334,0.4431846441246336,0.7376933238099868,0.7487916666666666,0.6410643309756636,0.71815340869955,0,2
0.337,0.07,0.31299999999999945,0.03984971769033433,0.37369370479237607,0.6093333333333334,0.49940671467919273,0.5253485043265136,0.8055,0.4565394536371113,0.6760481970699889,0.7565,0.6346565658068456,0.687661136003586,0,3
0.224,-0.11300000000000002,0.2759999999999994,0.05703507692639043,0.298846852396188,0.5045,0.5040245033726014,0.4392489316617954,0.7768333333333334,0.48285003004571814,0.6065023205976828,0.7565833333333333,0.6345834591814276,0.6505682451232992,0,4
0.19,-0.034,0.25033333333333274,0.07695669778084659,0.244423426198094,0.2813333333333334,0.06433246976965128,0.3680349511869967,0.7149166666666668,0.5079877339845789,0.5424250405057317,0.758,0.6332208900945813,0.6137227855134353,0,5
0.149,-0.04100000000000001,0.18766666666666607,0.03755440497907579,0.196711713099047,0.25033333333333335,0.07688866409727088,0.30545353656214047,0.6225833333333334,0.5011503962853558,0.4818981111971576,0.760125,0.6309913740539046,0.5765449626723606,0,6
0.078,-0.071,0.13899999999999943,0.05666568626601996,0.1373558565495235,0.20750000000000002,0.09064380839305068,0.24046681183010032,0.5107499999999999,0.45460134883613784,0.41975994024374874,0.7566666666666667,0.6346347574489745,0.5366613656585717,0,7
0.113,0.035,0.11333333333333273,0.03550117368950337,0.12517792827476176,0.18183333333333332,0.0922158699284599,0.20404772273578595,0.42208333333333337,0.4148670013243743,0.372566103283172,0.752875,0.6383412820672841,0.502768456405886,0,8
0.168,0.05500000000000001,0.11966666666666607,0.04536885862937593,0.14658896413738087,0.15366666666666667,0.052675104809221815,0.19374837338270423,0.3815,0.4138296751080082,0.34109439508576095,0.7379583333333333,0.6479833921091459,0.4759869798934151,0,9
0.103,-0.06500000000000002,0.12799999999999942,0.03499999999998546,0.12479448206869043,0.13349999999999998,0.04255232073572183,0.1678202667019316,0.319,0.3922174721433827,0.30446448814949,0.7232083333333335,0.6585989727323128,0.44614802150194194,0,10
0.119,0.016,0.12999999999999942,0.03386738844373723,0.12189724103434521,0.12166666666666666,0.032346045610898926,0.15387161907280827,0.2015,0.09648598579350944,0.2759314899726454,0.687375,0.6674132943197808,0.4199761797817866,0,11
0.184,0.065,0.13533333333333275,0.04289910643978881,0.15294862051717262,0.1275,0.0404116319887692,0.16247972790914877,0.18891666666666665,0.08685877600851184,0.2617881838230076,0.5766666666666667,0.4919466802732627,0.4010980853992437,0,12
0.125,-0.059,0.14266666666666608,0.035921210076114415,0.1389743102585863,0.13533333333333333,0.03272104317808981,0.15177123422082056,0.17141666666666666,0.07511138194021978,0.24074384785023722,0.5180833333333333,0.4557434362776327,0.3790102385673042,0,13
0.173,0.04799999999999999,0.16066666666666607,0.03137408697209179,0.15598715512929315,0.14533333333333334,0.033684813591030364,0.15783659587201468,0.16358333333333333,0.0688799460633997,0.2303217174117392,0.4915833333333333,0.4565820005085675,0.3625294194819199,0,14
0.257,0.08400000000000002,0.1849999999999994,0.06681317235395351,0.2064935775646466,0.16016666666666668,0.05711187850756209,0.18616899705143905,0.15691666666666668,0.05249148560105676,0.23442606857916395,0.4812083333333333,0.4590624641750755,0.35408706592336636,0,15
0.488,0.23099999999999998,0.3059999999999994,0.1631165227682326,0.3472467887823233,0.22433333333333336,0.13842783920390736,0.2724064264653136,0.1789166666666667,0.10855116793754885,0.27343744264390796,0.477875,0.45869515428573815,0.3648001006494971,0,16
0.434,-0.05399999999999999,0.39299999999999935,0.12083459769453249,0.39062339439116167,0.2768333333333333,0.14975902866492916,0.31857601890379544,0.19925,0.13128741890842482,0.2981393745448452,0.45708333333333334,0.44836125929943976,0.3703360925975373,0,17
0.201,-0.23299999999999998,0.37433333333333274,0.15251994405104147,0.29581169719558087,0.2796666666666667,0.1477994136208364,0.28498287064556815,0.20358333333333334,0.13033276175957695,0.2831948553840998,0.4130833333333334,0.41717933967213083,0.35678920518973434,0,18
0.051,-0.15000000000000002,0.2286666666666661,0.19299309141348178,0.17340584859779043,0.2673333333333333,0.16533440859864298,0.21813062188969154,0.20133333333333334,0.1329055257988871,0.2474725699403921,0.35604166666666665,0.3636781280158338,0.33232606877455556,0,19
0.108,0.057,0.1199999999999994,0.07571657678473713,0.14070292429889522,0.2565,0.1746204455383055,0.18666472992120825,0.20091666666666666,0.13321510857074362,0.2260152514880241,0.3115,0.32181266492223015,0.3143799832725911,0,20
0.103,-0.0050000000000000044,0.08733333333333275,0.03156474826974331,0.12185146214944761,0.23083333333333333,0.18551055675260875,0.1627605213722916,0.1955,0.13596824495581128,0.20708982818217422,0.28850000000000003,0.31586609711133545,0.2974695846107838,0,21
0.051,-0.052,0.08733333333333275,0.03156474826974331,0.0864257310747238,0.158,0.14590956103009797,0.13082894383735116,0.19116666666666668,0.13995442981285833,0.18307600846183972,0.25508333333333333,0.2953029272468857,0.2777520178419211,0,22
0.142,0.091,0.09866666666666607,0.045654499595683726,0.1142128655373619,0.10933333333333334,0.05712675963733935,0.13402067416953656,0.1930833333333333,0.13903070840209275,0.17675662254463362,0.19729166666666667,0.11711290693606002,0.2668918564145674,0,23
0.127,-0.014999999999999986,0.10666666666666608,0.048788659884570526,0.12060643276868095,0.09699999999999999,0.03824656847346731,0.13201476726395467,0.18833333333333335,0.14033682425658672,0.1691017575377669,0.18862500000000001,0.11413752669477187,0.25570050790140203,0,24
0.042,-0.08499999999999999,0.10366666666666607,0.05392896562453515,0.08130321638434047,0.09549999999999999,0.040520365250027265,0.10629626233139619,0.18141666666666664,0.14568550082803375,0.14954764099349507,0.17641666666666667,0.11346821683574577,0.23860446726928988,1,0
0.105,0.063,0.09133333333333275,0.04411726797221549,0.09315160819217023,0.09499999999999999,0.04035343851514533,0.105925901665283,0.17575,0.14735555330868588,0.1426941577637266,0.16966666666666666,0.11266096375241494,0.2279161098877467,0,1
0.112,0.007000000000000006,0.08633333333333275,0.0385529938309888,0.10257580409608512,0.09649999999999999,0.040874197239769997,0.107661358332345,0.16366666666666665,0.14602635710616374,0.1379719796462302,0.16029166666666667,0.10736831334311203,0.21864282109672695,0,2
0.042,-0.07,0.08633333333333275,0.0385529938309888,0.07228790204804256,0.09500000000000001,0.042988370520358345,0.08890097023738928,0.1265,0.10770118594772005,0.12320705970065633,0.15270833333333333,0.10908651499439768,0.2045113954089888,0,3
0.129,0.087,0.09433333333333276,0.04611218204913184,0.10064395102402128,0.09283333333333334,0.04039513171982822,0.1003578358838495,0.10108333333333334,0.04795160123088695,0.12409828128517074,0.15016666666666667,0.10889031843683405,0.1984704837762697,1,0
0.14,0.01100000000000001,0.10366666666666609,0.053687366608284076,0.12032197551201065,0.09500000000000001,0.042867236906472234,0.11168416848846394,0.09600000000000002,0.03874626081666036,0.1265446995489906,0.14979166666666668,0.10891000639405629,0.1937928450741681,0,1
0.041,-0.099,0.10333333333333274,0.05426171148546916,0.08066098775600533,0.09483333333333333,0.043115735719830656,0.09148869177747425,0.09516666666666666,0.039892659004185045,0.11338397654145359,0.14825,0.11022437590423463,0.18156941746823468,1,0
0.104,0.063,0.09499999999999942,0.05010987926545968,0.09233049387800266,0.09466666666666668,0.04307048486681199,0.09506335126962445,0.09483333333333333,0.03979226360015457,0.11194028784276842,0.147875,0.1103647362158754,0.17536386407077592,0,1
0.153,0.049,0.09933333333333273,0.05614564393906519,0.12266524693900133,0.10149999999999999,0.049188413269749244,0.11161667947830317,0.09899999999999999,0.04319722213290966,0.11825716663618867,0.14725000000000002,0.1102882586679097,0.17357475494511385,0,2
0.091,-0.062,0.1159999999999994,0.03269556544852815,0.10683262346950066,0.10966666666666665,0.04066284135008701,0.10572619962735941,0.10233333333333335,0.040623175949725567,0.11406375638446734,0.14675,0.11052453986804577,0.16696877454950476,0,3
0.229,0.138,0.15766666666666607,0.06911825615083474,0.16791631173475033,0.12633333333333333,0.06398020527211849,0.14094728544811386,0.10958333333333332,0.05393001918873107,0.1317462554022416,0.15133333333333335,0.11159930912465905,0.1719312725855444,1,0
0.308,0.07899999999999999,0.20933333333333273,0.10982865442739662,0.23795815586737518,0.15433333333333332,0.09856909590060436,0.18867663246293848,0.12466666666666666,0.07881431957263152,0.15886221610958906,0.1565,0.11596251268330575,0.18281677077870084,0,1
0.607,0.299,0.3813333333333328,0.19938488742463115,0.42247907793368755,0.24866666666666667,0.1935196803083938,0.30819759461638463,0.17174999999999999,0.1559540287742159,0.22780649055426766,0.17658333333333331,0.14767264521544707,0.21675142911640477,0,2
0.606,-0.0010000000000000009,0.5069999999999993,0.1723397806659848,0.5142395389668437,0.3323333333333333,0.22450270970895497,0.39328399615456044,0.2135,0.1978840339923632,0.28599010739207265,0.19462500000000002,0.1717100216112586,0.2478913147870924,0,3
0.775,0.16900000000000004,0.6626666666666661,0.09728480525412682,0.6446197694834219,0.43599999999999994,0.2650735746920034,0.5023457115389718,0.26875,0.2520981500779549,0.36122239856252303,0.21620833333333334,0.20850440078072047,0.29006000960412504,0,4
0.867,0.09199999999999997,0.7493333333333329,0.13237950495954248,0.755809884741711,0.5653333333333334,0.2520687736842156,0.6065326510992656,0.33749999999999997,0.2937000634537334,0.4390343372452118,0.23199999999999998,0.24169492088707298,0.33621520883579503,0,5
1.259,0.3919999999999999,0.9669999999999993,0.25702918122267865,1.0074049423708553,0.737,0.319039182546593,0.7929518936423325,0.43166666666666664,0.3870798210689722,0.5651829007459485,0.266375,0.3182249426591739,0.41003799212893144,0,6
0.894,-0.3649999999999999,1.006666666666666,0.21894367616657484,0.9507024711854277,0.8346666666666667,0.24178723429218793,0.8218227811730947,0.4945,0.3965126387989068,0.6157701467850334,0.29525,0.342546252034099,0.448754952758617,0,7
0.732,-0.16200000000000003,0.961666666666666,0.26993764712120816,0.8413512355927139,0.8555,0.22289436960138495,0.7961591294093533,0.5520833333333334,0.3742141968866423,0.633651662664259,0.323625,0.3495675356158256,0.47141455653792763,0,8
0.649,-0.08299999999999996,0.7583333333333327,0.12460470831125703,0.7451756177963569,0.8626666666666667,0.2137724647064385,0.7541136638638237,0.5975,0.3469688222828719,0.636012945331296,0.3461666666666667,0.35248936668102226,0.48562139201489346,0,9
0.513,-0.136,0.6313333333333327,0.11056370712549907,0.6290878088981784,0.819,0.2575398998213649,0.685224045617017,0.6275000000000001,0.31951966791078396,0.6170878768187888,0.36325,0.35011926539395083,0.487811680653702,0,10
0.439,-0.07400000000000001,0.5336666666666661,0.10651447475969125,0.5340439044490892,0.7476666666666666,0.29772448113426125,0.6148743182978693,0.6565,0.2797123522478038,0.5896897419235906,0.3794166666666667,0.3439783760476893,0.48390674620140584,0,11
0.519,0.08000000000000002,0.4903333333333328,0.044557079497345824,0.5265219522245446,0.6243333333333334,0.1689729761431237,0.5874816559270495,0.6806666666666666,0.25041250815888505,0.578814397012269,0.395125,0.3412624022272492,0.4867142065052934,0,12
1.237,0.7180000000000001,0.7316666666666661,0.43945572397379634,0.8817609761122723,0.6815000000000001,0.291818950721159,0.7730583256621781,0.7580833333333333,0.26773068501195196,0.680073720548843,0.441375,0.3767195719226239,0.5467370699848699,1,0
1.685,0.44799999999999995,1.1469999999999996,0.5881870450800504,1.2833804880561361,0.8403333333333333,0.505744072300077,1.0336130897586986,0.8479166666666665,0.3727032595738451,0.8346777635413287,0.5098333333333334,0.4442253312537861,0.6377981043860804,0,1
0.31,-1.375,1.077333333333333,0.7012676616908372,0.7966902440280681,0.7838333333333334,0.5485210722175269,0.8268664926847846,0.8232499999999999,0.3990345450983128,0.7539581076118935,0.518375,0.4380303555591828,0.6115742560351941,1,0
0.189,-0.121,0.7279999999999994,0.8309915763712652,0.4928451220140341,0.7298333333333334,0.5945345798745982,0.6446189233462748,0.7744166666666668,0.4393013996073414,0.6670414756716022,0.5215833333333334,0.43519729825195014,0.5777683155523786,0,1
0.271,0.08200000000000002,0.25666666666666615,0.061760289291197326,0.38192256100701705,0.7018333333333334,0.61458877850695,0.5378706595330535,0.7247499999999999,0.46103620938450784,0.6061120178759711,0.531125,0.4266518092125563,0.5532268503081884,0,2
0.164,-0.10700000000000001,0.2079999999999995,0.0559732078766166,0.27296128050350854,0.6426666666666666,0.6516792667153565,0.4310504710950382,0.6335000000000001,0.45399209043970984,0.538094784356591,0.5325833333333333,0.42527514537692185,0.5220887022835334,0,3
0.108,-0.05600000000000001,0.1809999999999995,0.08281907992726598,0.19048064025175426,0.45449999999999996,0.607227387392892,0.33875033649645586,0.568,0.4694294409173753,0.47192635599403854,0.53125,0.4266075734666816,0.48896160610085077,0,4
0.145,0.03699999999999999,0.13899999999999949,0.028478061731774692,0.16774032012587714,0.19783333333333333,0.07748397683820109,0.28339309749746844,0.5190833333333333,0.4812222050218176,0.42162999353341724,0.5355833333333333,0.4219136442311454,0.46144467761278274,0,5
0.181,0.036000000000000004,0.14466666666666614,0.03650114153464405,0.17437016006293857,0.17633333333333331,0.05467601546073742,0.254137926783906,0.48008333333333336,0.4886431042523091,0.3846099945282761,0.5387916666666667,0.41877014336150353,0.43900910340376015,0,6
0.105,-0.076,0.14366666666666614,0.03801753981167265,0.1396850800314693,0.16233333333333333,0.061154449279367584,0.21152709055993288,0.44608333333333333,0.5002022242568648,0.34159307229315666,0.5367916666666667,0.42080244039285164,0.4122883751314594,0,7
0.113,0.008000000000000007,0.13299999999999948,0.041761226035627305,0.12634254001573464,0.13599999999999998,0.032137205852344565,0.1833764932570949,0.41891666666666666,0.5093902698027287,0.30642490732497873,0.5377083333333333,0.4198119122496007,0.3883453051209426,0,8
0.15,0.03699999999999999,0.12266666666666615,0.024006943440014694,0.13817127000786733,0.13366666666666666,0.03014409837203009,0.17384035232649636,0.3881666666666666,0.5139168368048618,0.28235953696728966,0.5344166666666667,0.42263787733983166,0.3692776807112672,0,9
0.138,-0.011999999999999983,0.13366666666666616,0.018876793512990774,0.13808563500393367,0.13866666666666666,0.027398296783972664,0.16360025166178313,0.2965833333333333,0.4417558886438471,0.2601503774338605,0.5273333333333333,0.427988283735072,0.35077546625436584,0,10
0.198,0.06,0.1619999999999995,0.03174901573275657,0.16804281750196684,0.1475,0.03678450760844863,0.17342875118698795,0.17266666666666666,0.06352141132696697,0.2505887809055743,0.5102916666666667,0.43279400453601313,0.33855342895401663,0,11
0.204,0.005999999999999978,0.1799999999999995,0.03649657518177378,0.1860214087509834,0.15133333333333335,0.04182662628831898,0.18216339370499138,0.16383333333333333,0.04821322589824489,0.24342127615087056,0.4935416666666667,0.43669041657395685,0.3277891546376953,0,12
0.219,0.015000000000000013,0.2069999999999995,0.01081665382634251,0.2025107043754917,0.17033333333333334,0.04245782220819587,0.19268813836070814,0.16633333333333333,0.05036653530656954,0.2396641567430443,0.470375,0.43585695823684867,0.3190860222666797,0,13
0.699,0.48,0.37399999999999944,0.2815581645060205,0.4507553521877458,0.268,0.21353313560193996,0.33734867025764864,0.20199999999999999,0.1610810072885407,0.3103312095518067,0.4633749999999999,0.4305265545009211,0.34947914048534534,1,0
2.239,1.54,1.0523333333333327,1.0553356496079027,1.3448776760938728,0.6161666666666666,0.8211673195315705,0.8806776216126062,0.3749166666666666,0.6086154866630165,0.6070494850053749,0.5042083333333334,0.5414525535572096,0.5006408092465178,0,1
1.384,-0.855,1.440666666666666,0.7715622679559538,1.3644388380469363,0.8238333333333333,0.8335167464824359,1.0244840154375758,0.48125,0.6664604093813277,0.7265803334660864,0.524625,0.5654940750468065,0.5713095445067964,0,2
0.291,-1.093,1.3046666666666662,0.9764201622935358,0.8277194190234681,0.8393333333333333,0.8203113230150278,0.8149171538839828,0.4934166666666666,0.6610748078055548,0.6595679744713039,0.50625,0.5656275660523102,0.5488847809462527,0,3
0.169,-0.12199999999999997,0.6146666666666661,0.669048827316313,0.4983597095117341,0.8335,0.8258386646312939,0.6303693956314163,0.49241666666666667,0.6615992275379314,0.5840959783987956,0.48625,0.5688376592743271,0.5184939984705524,0,4
0.108,-0.06100000000000001,0.18933333333333288,0.09317903913076644,0.30317985475586706,0.815,0.8434137774544583,0.48112099687958304,0.49266666666666664,0.6614400726422383,0.5108504432605193,0.46937500000000004,0.5739935473429157,0.4856544785929082,0,5
0.147,0.03899999999999999,0.1413333333333329,0.030892285984252137,0.22508992737793354,0.723,0.8875492099033148,0.38565785491398785,0.4955,0.6597365176547926,0.45487345198967016,0.4572083333333334,0.577747799586927,0.45856212030547555,0,6
0.484,0.33699999999999997,0.24633333333333288,0.20674702738693246,0.35454496368896676,0.43049999999999994,0.4866714497481818,0.4137556106528485,0.5233333333333333,0.650820507769487,0.45935445937587477,0.45575000000000004,0.5776292063253032,0.4605971506810375,0,7
1.879,1.395,0.8366666666666663,0.9182790062575393,1.1167724818444833,0.513,0.6829931185597681,0.8323968647520346,0.6684166666666668,0.744433947046446,0.6777614656257402,0.4825,0.628047076607146,0.5740693786265545,1,0
0.718,-1.161,1.0269999999999995,0.7470722856591597,0.9173862409222416,0.5841666666666666,0.677458608821723,0.7997120462514533,0.71175,0.7295474468961746,0.6839520093756264,0.4422083333333333,0.5764465342805504,0.5855838283364302,0,1
1.473,0.7550000000000001,1.3566666666666662,0.589177675521854,1.1951931204611208,0.8015,0.7251219897368985,0.9920800330367523,0.8174999999999999,0.7411372710540564,0.8053440079332224,0.49066666666666664,0.6125988592209753,0.6565771220695159,0,2
1.202,-0.27100000000000013,1.1309999999999996,0.3824748357735464,1.1985965602305604,0.9838333333333334,0.649460519713605,1.052057166454823,0.8994166666666666,0.7230769427602531,0.8663680067127266,0.532875,0.6256688464633526,0.7002109523039547,0,3
0.829,-0.373,1.1679999999999995,0.32334347063146546,1.0137982801152803,1.0975,0.5206068574269838,0.9883265474677307,0.91025,0.7207714459332628,0.8606190826030764,0.556125,0.6258820775513545,0.7105140761196383,0,4
0.543,-0.2859999999999999,0.8579999999999995,0.3304557459025348,0.7783991400576402,1.1073333333333333,0.5070828992055111,0.8610903910483791,0.7689166666666667,0.5911637918444246,0.8117546083564493,0.5719166666666667,0.6203147109167328,0.6971129500300673,0,5
0.34,-0.203,0.5706666666666662,0.24567118946537753,0.5591995700288201,0.8508333333333334,0.42053366888593524,0.7122074221774137,0.6819166666666666,0.5688133514500853,0.7391769763016109,0.5815833333333333,0.6145518633554233,0.668543914027662,0,6
0.448,0.10799999999999998,0.4436666666666662,0.10156935233294138,0.50359978501441,0.8058333333333335,0.45093743098867406,0.6367195872695812,0.695,0.5607529029633441,0.6943805184090555,0.5942083333333333,0.608273249464821,0.6509004009054491,0,7
1.181,0.7330000000000001,0.6563333333333329,0.4575722165225219,0.842299892507205,0.7571666666666665,0.3736712012808386,0.7922282766211295,0.7793333333333333,0.550459037091,0.7692450540384316,0.635875,0.6129697001164651,0.6933083688330132,0,8
0.472,-0.7090000000000001,0.7003333333333327,0.4164424730179833,0.6571499462536026,0.6355,0.3139355029301365,0.7007344833008067,0.8096666666666668,0.519246015143519,0.7235150457248267,0.6511666666666667,0.6036572354995956,0.6756036993263722,1,0
0.393,-0.07899999999999996,0.6819999999999995,0.43394815358519545,0.5250749731268013,0.5628333333333333,0.3106312390386132,0.612810345214862,0.8301666666666666,0.4949951025163287,0.6726665771517765,0.6628333333333333,0.5954540588759839,0.6529954033802625,0,1
1.324,0.931,0.7296666666666661,0.5162212058152337,0.9245374865634006,0.693,0.438127835226202,0.8160073894391872,0.9001666666666667,0.5009501578062031,0.7728717191284262,0.71175,0.5997000155875034,0.7066757711098416,1,0
2.436,1.1119999999999999,1.384333333333333,1.022835438051173,1.6802687432817003,1.0423333333333333,0.7925928757354979,1.2788624210279909,0.9465833333333332,0.6131347854685087,1.0287376084932838,0.8075000000000001,0.6819262359700993,0.8450217094210544,0,1
2.768,0.33199999999999985,2.1759999999999997,0.7562962382558853,2.22413437164085,1.429,0.9867769758157116,1.704330300734279,1.1174166666666665,0.8005893804320694,1.2963164379558554,0.9145833333333333,0.7771856650575937,0.99885997266737,0,2
1.326,-1.4419999999999997,2.1766666666666663,0.7551697380942487,1.775067185820425,1.453166666666667,0.9812486772814871,1.5962359290959134,1.1051666666666666,0.795763993488856,1.3008831398088005,0.9613333333333333,0.766252465300902,1.0250311748539804,0,3
1.608,0.28200000000000003,1.900666666666666,0.7642521398945086,1.6915335929102127,1.6424999999999998,0.8556222881622487,1.5995970922113667,1.139,0.8087797767456392,1.3481318875305237,1.0192083333333333,0.7601777812182955,1.0716686808656621,0,4
1.4,-0.20800000000000018,1.4446666666666659,0.14620989478600463,1.5457667964551063,1.8103333333333333,0.6307131413461035,1.5425693515795476,1.1865833333333333,0.805674359926157,1.3561115971412123,1.0484166666666666,0.7608064895180333,1.097935186396409,0,5
2.349,0.9490000000000003,1.785666666666666,0.4988229478816462,1.9473833982275532,1.9811666666666667,0.6111518360167715,1.7729781082711056,1.3370833333333334,0.8423685717107797,1.5088636591194873,1.053,0.7685823765642933,1.1980203714846964,0,6
0.995,-1.354,1.5813333333333326,0.6949750595045372,1.4711916991137766,1.7409999999999999,0.6763289140647492,1.5506986487650753,1.3916666666666666,0.7915764860917306,1.429807711562643,1.0367916666666666,0.7653936741633518,1.1817787417659207,1,0
0.912,-0.08299999999999996,1.418666666666666,0.8067603940039041,1.1915958495568884,1.4316666666666666,0.5187472088278335,1.3682133205464826,1.4303333333333335,0.7516139402322933,1.3501449867068518,1.0626666666666666,0.7494151729510653,1.160196442424647,0,1
1.3,0.388,1.0689999999999993,0.2043110373915226,1.245797924778444,1.4273333333333333,0.5199137107892693,1.3487238003903448,1.4402499999999998,0.7488050025328223,1.3424303733673362,1.1097916666666665,0.7259692159700931,1.1713807270306753,0,2
1.266,-0.03400000000000003,1.1593333333333327,0.21487050363726923,1.255898962389222,1.3703333333333332,0.5148680089757642,1.3250884288502462,1.5064166666666667,0.6880880570409738,1.330671854387746,1.1580416666666669,0.6942828943009041,1.1789502688682214,0,3
0.836,-0.43000000000000005,1.1339999999999995,0.25863487777173505,1.045949481194611,1.2763333333333333,0.5580432480253363,1.185348877750176,1.5433333333333332,0.6325651002549888,1.2545684921742466,1.18675,0.6642546165832599,1.1515142473587638,0,4
0.467,-0.36899999999999994,0.8563333333333328,0.3998879009589222,0.7564747405973056,0.9626666666666667,0.3069681851050126,0.9801063412501257,1.4719166666666668,0.7039309700574757,1.1334041087628242,1.1860416666666667,0.6650451752662575,1.096753107570063,0,5
0.373,-0.09400000000000003,0.5586666666666661,0.24473318805043948,0.5647373702986528,0.859,0.38815666940038274,0.8066473866072327,1.3,0.6989735331183854,1.0164188612608513,1.1232916666666666,0.6678616414358958,1.0388528589644581,0,6
0.387,0.014000000000000012,0.4089999999999994,0.05071488933240361,0.4758686851493264,0.7715000000000001,0.4306658797722401,0.6867481332908805,1.1015833333333334,0.570511645699531,0.9195851902976434,1.1095,0.6799040853071785,0.9867046302473015,0,7
0.357,-0.030000000000000027,0.37233333333333274,0.015011106998857607,0.41643434257466316,0.6143333333333334,0.3665120279972586,0.5925343809220575,1.0208333333333333,0.6034833481672472,0.8330336225595445,1.063,0.6920175293080117,0.9363282598275174,0,8
0.223,-0.13399999999999998,0.32233333333333275,0.08732315462310658,0.31971717128733157,0.44049999999999995,0.20919823135006577,0.4869531292300411,0.9054166666666665,0.6133392148104033,0.7391822960119222,1.0222083333333332,0.7120324234902853,0.8792619990413161,0,9
0.279,0.05600000000000002,0.2863333333333328,0.06730032194076678,0.2993585856436658,0.3476666666666666,0.08575935323136354,0.4275379494500294,0.8120000000000002,0.616522505671934,0.6683850197023957,0.9992916666666667,0.7272102428588587,0.8312410391180108,0,10
0.215,-0.06400000000000003,0.2389999999999994,0.03487119154828747,0.2571792928218329,0.3056666666666667,0.07687565717872949,0.3668128210357353,0.6341666666666667,0.4040301143891797,0.5986334782097195,0.9856250000000001,0.7391425003810598,0.78194175598857,0,11
0.15,-0.065,0.2146666666666661,0.06450064599157594,0.20358964641091643,0.2685,0.09050911556298993,0.30486630073981097,0.5637500000000001,0.40902969996632993,0.5296129431005319,0.9777083333333333,0.7473303488834897,0.7313864155094844,0,12
0.147,-0.0030000000000000027,0.17066666666666608,0.03842308333971185,0.1752948232054582,0.2285,0.08009931335532433,0.2597616433855793,0.5,0.40943331125305005,0.4707494133927577,0.9651666666666666,0.7590403361377165,0.6846355022687256,0,13
0.12,-0.026999999999999996,0.13899999999999943,0.016522711641767378,0.1476474116027291,0.18900000000000003,0.05996332212272944,0.21982974527541377,0.4016666666666666,0.33471272168922245,0.4167879651784873,0.9209583333333332,0.7766172175120969,0.6394646620872276,0,14
0.089,-0.031,0.11866666666666607,0.02902297940133395,0.11832370580136455,0.16666666666666666,0.06903525669294461,0.18244981805386695,0.3035833333333333,0.20617797181223582,0.36635904745872,0.9049999999999999,0.7900624081018232,0.5954274891202495,0,15
0.165,0.07600000000000001,0.12466666666666608,0.03821430796613066,0.14166185290068228,0.14766666666666667,0.04253782630389855,0.1774641557527621,0.24766666666666667,0.122778687322382,0.3353807324650708,0.8955000000000001,0.7978192559830773,0.5609932899906295,0,16
0.118,-0.047000000000000014,0.1239999999999994,0.03835361782149034,0.12983092645034114,0.1315,0.027660441066510232,0.16047439696625865,0.21858333333333332,0.106334342637944,0.30193754285505986,0.84525,0.807576904400899,0.5255538267913792,0,17
0.11,-0.007999999999999993,0.13099999999999942,0.029715315916156212,0.11991546322517058,0.12483333333333334,0.027125019201108682,0.14605314069018474,0.19666666666666666,0.09842332810443274,0.27240869010812757,0.7483333333333334,0.7455616305360248,0.4923095206480688,0,18
0.181,0.071,0.13633333333333272,0.03888873015836746,0.1504577316125853,0.13049999999999998,0.03506993013956372,0.15603795763584624,0.1795,0.07806815204446504,0.2583458147068772,0.6405416666666667,0.6167511639132962,0.4674047589962233,1,0
0.163,-0.017999999999999988,0.15133333333333274,0.036909799963293945,0.15672886580629264,0.13766666666666666,0.0368438144966097,0.15802711259703303,0.16333333333333336,0.054498262413236576,0.24367722782889606,0.5920833333333334,0.6061504273525755,0.44305237827652544,0,1
0.169,0.006000000000000005,0.1709999999999994,0.009165151389754106,0.16286443290314634,0.151,0.029441467354634286,0.16116222328359503,0.15883333333333335,0.05125663297802367,0.23218842354752742,0.5321250000000001,0.5714685363547831,0.4211281880144034,0,2
0.356,0.18699999999999997,0.22933333333333272,0.10973756573448608,0.25943221645157316,0.18283333333333332,0.08953528168638798,0.21683015948828216,0.16525,0.06930843448607445,0.2512363583863694,0.48862500000000003,0.5414816077409639,0.41591793297325114,1,0
0.546,0.19000000000000006,0.3569999999999994,0.18850198937941687,0.40271610822578663,0.25416666666666665,0.1656736752373812,0.31087868534877294,0.19283333333333333,0.13010683255997435,0.29658461094231253,0.4135,0.3701057428216497,0.42632449833539104,0,1
0.179,-0.36700000000000005,0.36033333333333273,0.1835383701936223,0.29085805411289334,0.26566666666666666,0.15576349593746708,0.27319906096340923,0.19525,0.12950684432598164,0.27849467079734136,0.3795,0.35137023704101744,0.40653853846855975,1,0
0.149,-0.03,0.2913333333333327,0.221057307803499,0.21992902705644668,0.26033333333333336,0.15973937106005298,0.23771361497386373,0.19541666666666666,0.12944037471385011,0.2585724137515965,0.3477083333333333,0.33524299806800306,0.385935455391075,0,1
0.127,-0.021999999999999992,0.15166666666666606,0.026102362600546315,0.17346451352822334,0.25433333333333336,0.16472482104000372,0.2060811535527598,0.19600000000000004,0.1290848910249004,0.23833050394365857,0.29883333333333334,0.2694150937746865,0.365220618959789,0,2
0.081,-0.046,0.1189999999999994,0.034698703145751006,0.12723225676411168,0.23966666666666667,0.17728132069301936,0.17034368110911413,0.19533333333333333,0.1297068956836147,0.21412581102924957,0.24945833333333334,0.17729537603197323,0.3424829694430059,0,3
0.176,0.09499999999999999,0.12799999999999942,0.04750789408084704,0.15161612838205585,0.20966666666666667,0.16867918267130952,0.1719597722207958,0.19625000000000004,0.12951175797797965,0.20826030164013426,0.22195833333333334,0.12617947161868673,0.3291643318875654,0,4
0.153,-0.022999999999999993,0.13666666666666608,0.0495614097189572,0.15230806419102794,0.14416666666666667,0.03636710968252249,0.16654269444342557,0.19916666666666663,0.12797431086911762,0.1997587167724213,0.208875,0.11549338866829961,0.3150711853365602,0,5
0.071,-0.082,0.13333333333333272,0.05519359866261968,0.11165403209551397,0.12616666666666665,0.04197340427771516,0.13924478174530397,0.19591666666666666,0.13090625259970698,0.17994968342281803,0.19629166666666664,0.11326439985874769,0.2955454905096354,0,6
0.131,0.06000000000000001,0.11833333333333274,0.042442117446356044,0.12132701604775699,0.12316666666666666,0.04063701104486525,0.13688912981807427,0.19175,0.1322134121927034,0.17241896289623065,0.185625,0.1063680290721588,0.28238185126886456,0,7
0.148,0.016999999999999987,0.11666666666666607,0.0404516171905435,0.1346635080238785,0.12666666666666668,0.04191737905285254,0.14006366415576735,0.1905,0.13258033585168952,0.1686621993737336,0.17691666666666664,0.10009817644460964,0.2716313031673554,0,8
0.214,0.066,0.16433333333333275,0.043844421918078094,0.17433175401193923,0.14883333333333332,0.04770499624421585,0.1611883315398338,0.19425,0.13255333403440928,0.17563724562392843,0.17654166666666668,0.09993475226438947,0.26702079891396696,0,9
0.304,0.09,0.2219999999999994,0.07830708780179049,0.2391658770059696,0.17016666666666666,0.07998353997330183,0.20199166538559557,0.18991666666666665,0.1275399818476477,0.1953853616817856,0.17758333333333334,0.101171793915389,0.26997913500084963,0,10
1.449,1.145,0.6556666666666661,0.6885189418841956,0.8440829385029849,0.3861666666666667,0.5267201977014572,0.5582797609897111,0.26516666666666666,0.37772954088951954,0.3882491521922802,0.229,0.27874516958185547,0.3643008042007817,1,0
0.761,-0.6880000000000001,0.8379999999999993,0.5763705405379421,0.8025414692514925,0.5011666666666666,0.5194209917462547,0.616199829278365,0.3136666666666667,0.4022295439927394,0.4455954364703909,0.25445833333333334,0.29842353607592337,0.39603673986471916,0,1
0.252,-0.509,0.8206666666666661,0.6007265046036615,0.5272707346257463,0.5213333333333333,0.5043037444503687,0.5121427351988321,0.32225,0.3994858343147888,0.41581152316725384,0.2588333333333333,0.29754804751453184,0.38451380067554164,0,2
1.675,1.423,0.8959999999999994,0.7210416076760063,1.1011353673128732,0.7758333333333333,0.6441364503478004,0.8443876679991658,0.45125,0.5516583470030908,0.6095328272953686,0.323625,0.41293244131087165,0.48775269662149834,1,0
1.272,-0.403,1.0663333333333327,0.7334550656538774,1.1865676836564365,0.9521666666666667,0.6030792374693937,0.9665626199994042,0.5505000000000001,0.5851134311163331,0.7114508538653119,0.3729166666666666,0.45242620504839537,0.5504924808917785,0,1
0.918,-0.354,1.2883333333333327,0.3787642186550023,1.0522838418282183,1.0545,0.5170565733070215,0.9526875857138601,0.6123333333333334,0.5811321760672062,0.7432276455783409,0.4042916666666667,0.463358202987022,0.5798930824204362,0,2
0.809,-0.10899999999999999,0.9996666666666659,0.24206266406311702,0.9306419209141092,0.9478333333333334,0.48437812364584076,0.9116339897956145,0.6669999999999999,0.5646149130159425,0.7533464693355192,0.4330833333333333,0.4662547276055147,0.5982216358268013,0,3
0.44,-0.36900000000000005,0.7223333333333327,0.25050815023334577,0.6853209604570546,0.8943333333333334,0.5251524223181925,0.7768814212825818,0.6977500000000001,0.5386562616194286,0.7051393202069778,0.44683333333333336,0.46115060886652953,0.5855639049606572,0,4
0.381,-0.059,0.5433333333333326,0.2319576110700659,0.5331604802285272,0.9158333333333334,0.4953929416803042,0.6637724437732727,0.7185833333333332,0.5192278284903342,0.6552717324828273,0.45516666666666666,0.45793379687334773,0.5691987925638047,0,5
0.48,0.09899999999999998,0.4336666666666659,0.04980294502669062,0.5065802401142636,0.7166666666666667,0.3471839089973269,0.6112660312666234,0.74625,0.4943079873556934,0.6283068505623924,0.468375,0.45369236967834026,0.5620628891587003,0,6
1.341,0.861,0.7339999999999992,0.5280028409014474,0.9237901200571318,0.7281666666666666,0.3696719717082486,0.819761450904731,0.8401666666666667,0.49104134862616794,0.7379519504758705,0.5172083333333334,0.4822439378361433,0.6243778580260043,1,0
1.082,-0.2589999999999999,0.9676666666666659,0.4417401196782259,1.002895060028566,0.7555000000000001,0.39190955589267995,0.8946867506462365,0.9049999999999999,0.4644553016951436,0.790882419633429,0.5474583333333333,0.49431120097140935,0.660987629383924,0,1
0.592,-0.4900000000000001,1.0049999999999992,0.3803905887374189,0.7974475300142829,0.7193333333333333,0.39597659863515183,0.808204821890169,0.8335833333333333,0.4383579812173715,0.7602851243052091,0.5493750000000001,0.49439447482666143,0.6554686190332101,0,2
0.784,0.19200000000000006,0.8193333333333327,0.24690348991728084,0.7907237650071415,0.7766666666666667,0.37159637601390094,0.8012891584929778,0.8355,0.43806195078695487,0.7639335667197924,0.5745833333333333,0.49009386116704534,0.6657511295105533,0,3
0.582,-0.20200000000000007,0.652666666666666,0.11384785168518631,0.6863618825035707,0.8101666666666666,0.3361633035693584,0.7386351132092698,0.863,0.40738590148319126,0.7359437872244398,0.5926250000000001,0.4816429141377773,0.6590510391497091,0,4
0.603,0.02100000000000002,0.6563333333333327,0.11106004382014348,0.6446809412517853,0.8306666666666667,0.3150921558316943,0.699882223720907,0.7736666666666667,0.3216557542504473,0.7154908968822182,0.6124583333333333,0.4713255109993947,0.6545669560177323,0,5
0.486,-0.11699999999999999,0.5569999999999993,0.06237788069499044,0.5653404706258927,0.6881666666666666,0.2158392148490722,0.6387730169435051,0.7081666666666667,0.2893597425456082,0.6801846050541847,0.6293333333333334,0.45854720174905,0.6410815995363137,0,6
0.677,0.19100000000000006,0.5886666666666659,0.09630334019820869,0.6211702353129464,0.6206666666666667,0.10061345171826463,0.6496950121025036,0.6880833333333333,0.28173503294386176,0.6796946658150793,0.6502083333333334,0.4483016239257813,0.6439550715734086,0,7
0.467,-0.21000000000000002,0.5433333333333327,0.1161478942268509,0.5440851176564732,0.5998333333333333,0.11899817925776619,0.597496437216074,0.6595833333333333,0.28566205664396654,0.6469724095358363,0.6632916666666667,0.43761462887544905,0.6297986658475359,0,8
0.451,-0.016000000000000014,0.531666666666666,0.12611634839834088,0.4975425588282366,0.5443333333333333,0.09006146049594774,0.5556403122971958,0.6605,0.28491003364698725,0.6168228080687845,0.679125,0.4218433989774754,0.6154947725797331,0,9
0.413,-0.038000000000000034,0.44366666666666593,0.02773685875025062,0.45527127941411827,0.5161666666666667,0.10161184314174707,0.5148859373551399,0.6631666666666667,0.282192981464598,0.5854654529812792,0.690875,0.40966373405513934,0.5992951907733544,0,10
0.212,-0.20099999999999998,0.35866666666666586,0.12843026642240926,0.3336356397070591,0.451,0.14907850280974785,0.4283470981108142,0.6408333333333334,0.30747914440238777,0.5280092294456977,0.6935416666666666,0.40616969886411053,0.568311575511486,0,11
0.234,0.02200000000000002,0.2863333333333326,0.11024669307208598,0.28381781985352955,0.40900000000000003,0.17111516589711087,0.37281935579343867,0.5485833333333333,0.2360926083065077,0.48277704030020574,0.6943750000000001,0.40516231986054985,0.5415666494705671,0,12
0.204,-0.030000000000000027,0.21666666666666592,0.01553490693021545,0.24390890992676478,0.33016666666666666,0.12594826980416216,0.32458525413817046,0.47541666666666665,0.18662088859665887,0.43988826486940485,0.6902083333333334,0.40983867230758064,0.5145613175129218,0,13
0.109,-0.09499999999999999,0.1823333333333326,0.06525590650148322,0.17645445496338238,0.2705,0.13277462106891907,0.26298946724155037,0.43516666666666665,0.2098331949358115,0.3889823779664195,0.634375,0.3928977975858684,0.48211641211188805,0,14
0.186,0.077,0.16633333333333258,0.05046120622151492,0.18122722748169118,0.22633333333333336,0.10099636957169046,0.2409924766011074,0.3853333333333333,0.18947983022107323,0.35775431981773953,0.6104166666666667,0.4022604517156672,0.45842709914293706,0,15
0.197,0.01100000000000001,0.16399999999999929,0.04794788837891523,0.1891136137408456,0.19033333333333335,0.04299147202249881,0.22842319757221957,0.35325,0.1857095116769022,0.33302288599962576,0.608125,0.40454131970396545,0.4375129312115021,0,16
0.168,-0.028999999999999998,0.18366666666666595,0.014640127503895695,0.1785568068704228,0.18300000000000002,0.042303664143837384,0.2111594268372997,0.317,0.17465342304638348,0.307634749691991,0.5453333333333333,0.34420010189557965,0.41595189671458194,0,17
0.172,0.003999999999999976,0.17899999999999927,0.01571623364540537,0.1752784034352114,0.17266666666666666,0.03413893183245787,0.19997101916949978,0.29083333333333333,0.170504509848827,0.2867678651239924,0.49950000000000006,0.3152509007675989,0.3964357449774154,0,18
0.241,0.069,0.1936666666666659,0.04104063027452627,0.2081392017176057,0.17883333333333332,0.04309717701498832,0.21169358512107128,0.2545,0.11958526817144871,0.2797266551049166,0.47129166666666666,0.30633847139719633,0.3840008853792222,0,19
0.167,-0.07399999999999998,0.19333333333333258,0.04135617648345119,0.18756960085880287,0.1885,0.028247123747288327,0.19892398937219377,0.2295,0.10104319508372775,0.2623840927810833,0.44454166666666667,0.30358495396735685,0.3666408145488844,1,0
0.159,-0.008000000000000007,0.18899999999999928,0.0452106182217962,0.17328480042940142,0.18400000000000002,0.030763614872030186,0.1875171352658527,0.20516666666666664,0.07453471836953088,0.24647884773783973,0.43283333333333335,0.30913563460026733,0.3500295493849737,0,1
0.205,0.045999999999999985,0.17699999999999927,0.024576411454827245,0.1891424002147007,0.18533333333333332,0.031601687718558175,0.19251223947560908,0.18783333333333332,0.03606769729106458,0.24009748654740284,0.42550000000000004,0.31248805194550316,0.3384271854341758,0,2
0.197,-0.00799999999999998,0.18699999999999925,0.02457641145482805,0.19307120010735035,0.19016666666666668,0.030622976123513793,0.1937944567682922,0.18658333333333332,0.03540790444195729,0.23346710400164855,0.41370833333333334,0.3156654088783228,0.32711301059944176,0,3
0.147,-0.05000000000000002,0.18299999999999925,0.03143246729095551,0.17003560005367518,0.18599999999999997,0.034979994282369566,0.1804246119773516,0.17933333333333332,0.0336812149784615,0.22016447261677954,0.3639583333333334,0.25053759227893796,0.3127039697514864,0,4
0.209,0.062,0.18433333333333257,0.03288363321365701,0.1895178000268376,0.18066666666666667,0.026272926495943434,0.18858900855525113,0.17975,0.03404308767111047,0.2184468614449673,0.32758333333333334,0.2000393258438395,0.3044076521713675,1,0
0.417,0.208,0.2576666666666659,0.14142607020394302,0.3032589000134188,0.2223333333333333,0.0986927893346898,0.25384929182517935,0.20541666666666666,0.07143014175763752,0.24899349814574157,0.32029166666666664,0.19304932443980857,0.31341503999765813,1,0
0.477,0.06,0.3676666666666659,0.14064612804244223,0.3901294500067094,0.2753333333333333,0.13615530348341828,0.3176066370179852,0.22966666666666666,0.10550685745342792,0.2840714215079352,0.3075,0.16975301751816235,0.3265018367978455,0,1
0.312,-0.16499999999999998,0.40199999999999925,0.08351646544243752,0.3510647250033547,0.29316666666666663,0.1320460778162753,0.31600474072713225,0.23925,0.10747441556017398,0.28836812589132976,0.29625,0.1594013938076637,0.32534168985401785,0,2
0.229,-0.08299999999999999,0.3393333333333326,0.1262391909564179,0.29003236250167735,0.2985,0.1279683554633535,0.29114624337652306,0.24433333333333332,0.10521694759213944,0.2792345680618944,0.2806666666666667,0.1458112736938803,0.31763435466569645,0,3
1.16,0.9309999999999999,0.5669999999999993,0.5152271343786141,0.7250161812508387,0.4673333333333333,0.35498769931740276,0.5393901738403736,0.32666666666666666,0.28181952101343727,0.4147369422062183,0.30874999999999997,0.22852442548550048,0.38502360629244076,1,0
0.869,-0.2909999999999999,0.7526666666666659,0.47627758012878646,0.7970080906254193,0.5773333333333333,0.3611319241865268,0.6335644098859812,0.379,0.3201655821602326,0.48462356648218474,0.31675000000000003,0.24476026425161732,0.42374171778904546,0,1
0.514,-0.355,0.8476666666666658,0.32352794830328496,0.6555040453127097,0.5935,0.3546314988829909,0.5994031499185579,0.40791666666666665,0.3149044467867375,0.4891430177926179,0.3187083333333333,0.24619848464314217,0.4309623803659218,0,2
0.933,0.41900000000000004,0.7719999999999994,0.22571442133811348,0.7942520226563549,0.6695000000000001,0.3730548217085489,0.6947165356561128,0.4724166666666667,0.33772540172408916,0.5574287073629844,0.33879166666666666,0.2753881022921248,0.4711253899366481,0,3
0.847,-0.08600000000000008,0.7646666666666659,0.2213014535273836,0.8206260113281774,0.7586666666666666,0.3322184020590436,0.7382260968972234,0.5259166666666667,0.3423311682974238,0.6019781369994484,0.356875,0.2940872855492719,0.5011953587417163,0,4
0.439,-0.408,0.7396666666666659,0.2639116013617678,0.6298130056640887,0.7936666666666666,0.27060500118561104,0.6527329263551596,0.5460833333333334,0.3280222992235117,0.5769045774610717,0.36633333333333334,0.2928731238380649,0.49621973004237896,0,5
0.285,-0.15400000000000003,0.523666666666666,0.29040890711776,0.4574065028320443,0.6478333333333334,0.26947090133567997,0.5476663759679711,0.5575833333333333,0.3149162827665718,0.5319961809285991,0.36845833333333333,0.292055084019178,0.47932215163898867,0,6
0.441,0.15600000000000003,0.3883333333333326,0.08949487881064065,0.44920325141602213,0.5764999999999999,0.25550244617223666,0.5171902685485508,0.5769166666666666,0.29825110175315345,0.5179967684780454,0.37833333333333324,0.2902538119686263,0.4762563795078696,0,7
0.324,-0.11699999999999999,0.3499999999999992,0.08118497397916549,0.38660162570801104,0.5448333333333334,0.27576832063647777,0.46199304896325055,0.5691666666666666,0.30393834103567025,0.4881511117891154,0.38729166666666665,0.2848472480297901,0.46407586914724,0,8
0.303,-0.02100000000000002,0.35599999999999926,0.07435724578007041,0.34480081285400555,0.43983333333333335,0.21066600738292493,0.41656646354517896,0.5546666666666666,0.3127576271385457,0.4596663253600207,0.3921666666666666,0.2822417506271907,0.45118979961546085,0,9
0.197,-0.10599999999999998,0.2746666666666659,0.06807593799082629,0.27090040642700275,0.33149999999999996,0.0945171942029348,0.3538331882465564,0.5450833333333333,0.3224800087766781,0.41925612145847907,0.3921666666666667,0.2822417506271907,0.430854615646224,0,10
0.213,0.015999999999999986,0.23766666666666592,0.05714309523757601,0.24195020321350136,0.29383333333333334,0.08790999184769467,0.31359513446182596,0.54375,0.3239354944205017,0.3875244104648669,0.3940416666666666,0.28083377091093914,0.41342624639452613,0,11
0.337,0.12400000000000003,0.2489999999999993,0.07662897624265508,0.2894751016067507,0.3025,0.08941532307158057,0.32028223890130425,0.47516666666666674,0.2629921648792589,0.3797514242395028,0.40091666666666664,0.2771572958929036,0.40731214668296406,0,12
1.111,0.774,0.553666666666666,0.4866305922702886,0.7002375508033754,0.41416666666666674,0.34630877359180845,0.5462015992152173,0.49533333333333335,0.30228112542446184,0.49225120512573317,0.4371666666666667,0.31025090360610663,0.463607174948327,1,0
0.745,-0.366,0.7309999999999993,0.3871898759006996,0.7226187754016877,0.48433333333333334,0.36645036044007767,0.6030011422965837,0.5145833333333333,0.31081285170964085,0.5311356351063896,0.46125,0.3108005441772415,0.48611860095246084,0,1
0.663,-0.08199999999999996,0.839666666666666,0.23853161914792953,0.6928093877008439,0.5443333333333334,0.3602414005450556,0.6201436730689884,0.4920833333333334,0.2865993270097205,0.5514224604746374,0.48225,0.30648742792855427,0.500269112876264,0,2
0.779,0.11599999999999999,0.7289999999999993,0.0596322060634953,0.7359046938504219,0.6413333333333334,0.32460540147487343,0.6655311950492775,0.4864166666666667,0.2795289733993553,0.5864343896323855,0.5061666666666667,0.306307555963903,0.5225675838461629,0,3
0.772,-0.007000000000000006,0.7379999999999992,0.06504613747179151,0.753952346925211,0.7345,0.24834149874718414,0.6959508536066268,0.5141666666666667,0.29069973053536485,0.6149829450735569,0.5301250000000001,0.30354905233571877,0.5425221771384698,0,4
1.261,0.4889999999999999,0.9373333333333327,0.28032540615030466,1.0074761734626054,0.8885000000000001,0.23885874486817213,0.8573934668618762,0.5955,0.35102848887234234,0.7143701842930097,0.5765416666666666,0.3267063538816877,0.6000004029673923,1,0
1.085,-0.17599999999999993,1.0393333333333326,0.24767788220455553,1.0462380867313028,0.8841666666666668,0.23420539418780514,0.9224239049013401,0.6491666666666667,0.37375364597390603,0.771390155940239,0.6130416666666666,0.3327370654287629,0.638800370730001,0,1
0.739,-0.346,1.0283333333333327,0.265573593064773,0.8926190433656513,0.8831666666666668,0.23493013145755737,0.8700170749295286,0.68375,0.3598729889583519,0.766407055026356,0.6264583333333332,0.330975761514563,0.6468163410716009,0,2
0.614,-0.125,0.812666666666666,0.24398838770181838,0.7533095216828256,0.875,0.24476029089702944,0.7968693392353775,0.7096666666666667,0.3406449319995375,0.742959815791532,0.6321666666666667,0.329463947577915,0.644191033785873,0,3
0.317,-0.297,0.556666666666666,0.2167633117788428,0.5351547608414128,0.798,0.3364853637232948,0.6597638137395553,0.7196666666666666,0.3256585867922339,0.6774275364389887,0.632375,0.3292542050175503,0.6180157510830032,0,4
0.222,-0.095,0.3843333333333327,0.20449042357365077,0.3785773804207064,0.7063333333333334,0.4115325827521608,0.5346884383853966,0.7204166666666666,0.32439354839827506,0.6073617616022212,0.6320833333333333,0.32962995282149554,0.586334490996363,0,5
0.154,-0.068,0.23099999999999934,0.08187185108446708,0.2662886902103532,0.5218333333333333,0.3577627239759097,0.4259203131324261,0.7051666666666666,0.3475330810501962,0.5376137982788025,0.5901666666666666,0.3234854565196248,0.551747731716654,0,6
0.156,0.0020000000000000018,0.17733333333333268,0.03869539162911094,0.2111443451051766,0.36700000000000005,0.2501231696584611,0.3488002236660187,0.6255833333333333,0.35540667061150044,0.47890398315898675,0.5604583333333334,0.32944986808270244,0.5200879131793218,0,7
0.29,0.13399999999999998,0.19999999999999932,0.07794870107960122,0.2505721725525883,0.2921666666666667,0.17132007082260245,0.3320001597614419,0.5876666666666667,0.36563228754716104,0.449841831903758,0.551125,0.3339652823013323,0.5016808801249761,0,8
0.238,-0.05199999999999999,0.22799999999999931,0.06755738301619696,0.24428608627629414,0.22950000000000004,0.06715281081231418,0.3051429712581728,0.55225,0.37804476045713314,0.41725078084164136,0.5221666666666667,0.3295152786147853,0.48058640971497807,0,9
0.249,0.01100000000000001,0.2589999999999993,0.027404379212039528,0.24664304313814706,0.2181666666666667,0.05385319551021143,0.2891021223272663,0.5080833333333333,0.3800996181226312,0.3913660453275427,0.49724999999999997,0.3264799414572248,0.4620594969377798,0,10
0.504,0.255,0.33033333333333265,0.15050027685466527,0.3753215215690735,0.2651666666666667,0.12878884527264522,0.35050151594804735,0.48574999999999996,0.3709462408980095,0.40869434604638233,0.49995833333333334,0.3262452370689031,0.46541473718275744,0,11
0.145,-0.359,0.2993333333333327,0.184716900508131,0.26016076078453676,0.26366666666666666,0.13038507072000746,0.2917867971057481,0.39275,0.2899721381600163,0.3681259851161697,0.494125,0.331465692696518,0.43978155820813686,1,0
0.109,-0.03599999999999999,0.252666666666666,0.2184040597913202,0.18458038039226837,0.25583333333333336,0.139257196103689,0.23956199793267724,0.3114166666666667,0.2015496592691639,0.3282604489444512,0.48029166666666673,0.3405816609179406,0.4133190335514859,0,1
0.167,0.05800000000000001,0.14033333333333267,0.02928025500794164,0.17579019019613418,0.23533333333333337,0.14224298459558968,0.2188299985233409,0.26375,0.15303245348024339,0.30345114910684334,0.47374999999999995,0.3451907160321414,0.39361351086736707,0,2
0.111,-0.05600000000000001,0.12899999999999934,0.032924155266258706,0.14339509509806708,0.2141666666666667,0.1509495500710785,0.18802142751667208,0.22183333333333333,0.11167390297675528,0.27384328001348285,0.46575000000000005,0.35148742942455014,0.3710044299979777,0,3
0.082,-0.028999999999999998,0.11999999999999933,0.043208795400898115,0.11269754754903355,0.18633333333333335,0.15845209581025066,0.15772959108333723,0.20224999999999996,0.11404793649243729,0.24432892924217778,0.4609583333333333,0.35606453728242127,0.34788407559813955,0,4
0.231,0.14900000000000002,0.14133333333333267,0.07899578047801095,0.1718487737745168,0.14083333333333337,0.05328570790240628,0.17866399363095517,0.20299999999999999,0.11421908772180414,0.2422783247433812,0.46170833333333333,0.3555381076825557,0.3385333495502884,1,0
0.167,-0.064,0.15999999999999934,0.0747462373634743,0.16942438688725842,0.14450000000000005,0.054375545974214554,0.17533142402211083,0.2040833333333333,0.11377286649951444,0.23069704401363023,0.454625,0.3597985925124123,0.32481068158626536,0,1
0.116,-0.051000000000000004,0.17133333333333267,0.05762233363315149,0.1427121934436292,0.1456666666666667,0.05353005386379313,0.158379588587222,0.20074999999999998,0.11587620745669341,0.2130513449346102,0.4131666666666667,0.33751349946163695,0.3081058270593642,0,2
0.182,0.06599999999999999,0.15499999999999933,0.034597687783966415,0.1623560967218146,0.1481666666666667,0.05505421570289244,0.16512827756230145,0.19174999999999998,0.11245776985162571,0.20827421494467016,0.3897083333333333,0.33298197877423574,0.29801736089461506,0,3
0.168,-0.013999999999999985,0.15533333333333266,0.03477547028194088,0.16517804836090733,0.1576666666666667,0.052202171091446654,0.16594876968735817,0.18591666666666665,0.11165324433126968,0.20207818187625937,0.3690833333333334,0.33064021121963083,0.2876159720230459,0,4
0.139,-0.028999999999999998,0.16299999999999934,0.021931712199389553,0.15208902418045367,0.1671666666666667,0.0392602428247805,0.15824912120525583,0.17675,0.11051295687097008,0.1923738462029887,0.34241666666666665,0.32183359414275003,0.2757266942612023,0,5
0.22,0.08099999999999999,0.175666666666666,0.041040630274524766,0.18604451209022682,0.16533333333333336,0.035786403376991065,0.17589222943232558,0.15308333333333335,0.045127009314802666,0.1966240237102212,0.3194166666666666,0.30927796933962226,0.2712685587203061,1,0
0.224,0.0040000000000000036,0.19433333333333266,0.04796179034742466,0.20502225604511343,0.17483333333333337,0.04312964950774325,0.18963730673737542,0.15966666666666668,0.04940065022269993,0.20083571237018716,0.27620833333333333,0.2356982188356937,0.2674870740226816,0,1
0.157,-0.067,0.20033333333333267,0.03758102358013075,0.1810111280225567,0.18166666666666673,0.03428507935911511,0.18031236195526815,0.16366666666666668,0.046800025900032516,0.1940917566209276,0.23754166666666665,0.16177251316120564,0.25864810810086714,0,2
0.21,0.05299999999999999,0.19699999999999931,0.03534119409410208,0.19550556401127833,0.18633333333333338,0.036192080164876544,0.18879454425376296,0.16725,0.048686613803361235,0.19653917867924642,0.2155,0.12150433880247147,0.2547562594527978,0,3
0.255,0.04500000000000001,0.20733333333333268,0.049054391580472916,0.22525278200563917,0.2008333333333334,0.04397006557489926,0.20771038875268782,0.17925000000000002,0.051241185494778914,0.20553315119013157,0.20054166666666665,0.08771097753251769,0.254775758696574,0,4
0.223,-0.032,0.22933333333333264,0.02315887159018036,0.22412639100281959,0.2148333333333334,0.032121124928324495,0.21207884910906272,0.19099999999999998,0.04229979583016859,0.2082203586993421,0.19662500000000002,0.08431762542032013,0.2522336980008481,0,5
0.202,-0.02099999999999999,0.22666666666666602,0.02668957349472733,0.21306319550140979,0.2118333333333334,0.032381579125499896,0.2091991779350448,0.18858333333333333,0.0406010710412693,0.20726338043790488,0.1957916666666667,0.084154608836388,0.24821500216078027,0,6
0.256,0.05399999999999999,0.22699999999999934,0.0272213151775795,0.2345315977507049,0.21716666666666673,0.03708054296610345,0.22257084138217487,0.19600000000000004,0.0442636727720818,0.21476132190899644,0.20004166666666667,0.08452706238455232,0.24883780198791786,0,7
0.369,0.11299999999999999,0.275666666666666,0.08521932488192249,0.30176579887535243,0.25250000000000006,0.061347371581793125,0.2644077438444106,0.21708333333333332,0.06011119746442599,0.23849034930761237,0.20891666666666667,0.09066129832785563,0.2584507778288844,0,8
0.294,-0.07500000000000001,0.3063333333333327,0.057500724633092956,0.2978828994376762,0.26650000000000007,0.059257910864243986,0.272862674174579,0.22641666666666668,0.06280338487308053,0.2470302955679797,0.20908333333333332,0.09082037535547753,0.26129471560257367,0,9
0.799,0.5050000000000001,0.4873333333333327,0.27250382260315464,0.5484414497188381,0.3571666666666667,0.22434742402501956,0.4231876244104136,0.27899999999999997,0.17442007807693652,0.3319487116344444,0.23245833333333335,0.15090508942541486,0.3043111383543678,1,0
0.976,0.17699999999999994,0.6896666666666661,0.35390158707376884,0.762220724859419,0.48266666666666663,0.3231443433926435,0.5811340174360098,0.34875000000000006,0.2598031160146273,0.4310335252291453,0.26275,0.21410303289690197,0.35804624728601836,0,1
0.881,-0.09499999999999997,0.8853333333333326,0.08857953111940235,0.8216103624297095,0.5958333333333333,0.3240885167152076,0.6668100124542927,0.4038333333333333,0.29737910708947596,0.5002591367323537,0.2784583333333333,0.24427638999736476,0.3998825475031369,0,2
0.915,0.03400000000000003,0.9239999999999994,0.04813522618623498,0.8683051812148548,0.7056666666666667,0.29636711468491933,0.737721437467352,0.46141666666666664,0.3250089392710009,0.5640654233889146,0.31054166666666666,0.27466200243155203,0.44109194370288596,0,3
0.912,-0.0030000000000000027,0.902666666666666,0.018823743871325054,0.8901525906074275,0.7961666666666667,0.25268748814823555,0.7875153124766799,0.5243333333333333,0.3336836643870782,0.6175938197906201,0.34400000000000003,0.29704105996368174,0.47876458820665513,0,4
1.921,1.009,1.2493333333333327,0.581682330257104,1.4055762953037139,1.0673333333333335,0.42217184494784393,1.1113680803404855,0.6669166666666667,0.5074629334127556,0.81811784751514,0.4170833333333333,0.43523006576399026,0.5941434211501228,1,0
0.912,-1.009,1.2483333333333329,0.5825464216123335,1.158788147651857,1.0861666666666667,0.41015675865047807,1.0544057716717754,0.7216666666666667,0.494251009716784,0.8325612555897339,0.45045833333333335,0.4414059532671823,0.619571947458113,1,0
0.273,-0.639,1.0353333333333328,0.830893695567209,0.7158940738259285,0.969,0.5306369757188045,0.8311469797655539,0.7258333333333332,0.4898561631806427,0.7464749085759287,0.4584166666666667,0.4361646993138441,0.5918461916614639,0,1
1.105,0.832,0.7633333333333328,0.43546794753843027,0.9104470369129642,1.0063333333333333,0.5310870612871924,0.9093906998325385,0.8010833333333333,0.4710688925360612,0.8016326149488627,0.4948333333333334,0.45253082207462514,0.6328984963285469,0,2
0.493,-0.612,0.623666666666666,0.4311163802656223,0.7017235184564821,0.936,0.5719713279527209,0.7904219284518132,0.8208333333333334,0.4506645261738656,0.7541506741874993,0.5084166666666667,0.4471229688523753,0.6217066166222632,0,3
0.403,-0.08999999999999997,0.6669999999999994,0.38197905701752743,0.552361759228241,0.8511666666666667,0.6125502156286169,0.6797299488941523,0.8236666666666667,0.44766248108334544,0.7001274935432686,0.5203749999999999,0.4399518563088069,0.6042100872924823,0,4
0.444,0.04099999999999998,0.44666666666666605,0.04505922029210185,0.4981808796141205,0.6050000000000001,0.3267237365114401,0.6123785349243945,0.8361666666666667,0.4333950189195095,0.6607232637673811,0.5312916666666667,0.4344061893192136,0.5913932803090837,0,5
0.389,-0.05499999999999999,0.4119999999999993,0.02858321185589067,0.44359043980706026,0.5178333333333335,0.29683693615630635,0.5485560963745675,0.8019999999999999,0.4523385698988994,0.6189196847262456,0.5405,0.4286750061171809,0.575201817884357,0,6
0.318,-0.07100000000000001,0.383666666666666,0.06316908526591136,0.38079521990353016,0.5253333333333334,0.2899011325722325,0.48268292598183393,0.7471666666666668,0.46890701410704844,0.5726243486145155,0.5479583333333333,0.4229040881259285,0.5546256724536085,0,7
0.206,-0.11200000000000002,0.3043333333333327,0.09226230721877574,0.29339760995176506,0.3755000000000001,0.10146280106519627,0.40363066141559567,0.6909166666666667,0.49134258708032613,0.5162206026738209,0.5473750000000001,0.4233855075973647,0.5267356186573199,0,8
0.257,0.05100000000000002,0.2603333333333327,0.056074355398271256,0.27519880497588256,0.3361666666666667,0.09211604999489519,0.3617361867254255,0.6360833333333333,0.5006888815028812,0.47634050995477145,0.54875,0.42234194367988626,0.5051567691647343,0,9
0.424,0.16699999999999998,0.295666666666666,0.11402777439436294,0.3495994024879413,0.3396666666666668,0.09550008725997086,0.37952584766101827,0.5954166666666667,0.49603765588975823,0.46828812380788354,0.559875,0.415027323615959,0.49866422763155555,0,10
0.389,-0.034999999999999976,0.356666666666666,0.08807004787856035,0.36929970124397066,0.33050000000000007,0.08561016294807135,0.38223274832929877,0.46775000000000005,0.2690789424550492,0.456089950914363,0.5673333333333334,0.4100449250749362,0.4898910894210311,0,11
0.506,0.11699999999999999,0.43966666666666604,0.06005275458571535,0.43764985062198536,0.3500000000000001,0.11112335488094048,0.41759482023521344,0.4339166666666667,0.2309677105859904,0.463768420004461,0.5777916666666666,0.4049010592152397,0.49117980226734864,0,12
0.488,-0.018000000000000016,0.4609999999999994,0.06299999999999115,0.4628249253109927,0.3783333333333334,0.12242984385623577,0.4377105858822953,0.4518333333333333,0.22562754237634272,0.4674963553883901,0.5888333333333334,0.3983657557601039,0.4909254180859608,0,13
0.421,-0.067,0.471666666666666,0.044792112400870866,0.44191246265549633,0.41416666666666674,0.0887274854070737,0.432936132773068,0.3948333333333333,0.09308923708252552,0.4603430699440224,0.5979583333333334,0.391569914815229,0.48533138463908393,0,14
0.54,0.11900000000000005,0.4829999999999994,0.059657354953089825,0.4909562313277482,0.46133333333333343,0.058561648428495865,0.46352580912362007,0.39875,0.09843052464463835,0.4725979822603267,0.6097916666666667,0.3850230912518123,0.48970487386795725,1,0
0.637,0.09699999999999998,0.5326666666666661,0.10818656724997067,0.5639781156638741,0.4968333333333334,0.0883751473360184,0.5130898636597286,0.41825,0.1201348673934295,0.4978906003741226,0.6209583333333334,0.3816070684750806,0.5014884839585207,0,1
0.476,-0.16100000000000003,0.5509999999999994,0.08106170489200892,0.519989057831937,0.5113333333333334,0.07293193173544112,0.5024927597569491,0.42091666666666666,0.1211096110091532,0.4945228157011806,0.6285416666666667,0.37660277529821634,0.4994494052418391,1,0
1.027,0.5509999999999999,0.7133333333333326,0.28332019577385037,0.7734945289159685,0.5981666666666667,0.22236853794245162,0.6523519712549636,0.47408333333333336,0.21186207277091448,0.5764423825163836,0.6380416666666667,0.3838947409140287,0.541653452822492,1,0
0.9,-0.1269999999999999,0.8009999999999993,0.288532493837349,0.8367472644579843,0.6668333333333334,0.24409622419583626,0.7231085508964026,0.5225833333333333,0.23789931343602827,0.626220477513863,0.634875,0.38129040769471234,0.5703211765966927,0,1
0.252,-0.648,0.7263333333333327,0.4156637262659961,0.5443736322289922,0.6386666666666667,0.2845372851959191,0.5885061077831447,0.5264166666666666,0.23264700468280064,0.568648096357884,0.6086666666666667,0.3852342784272477,0.5448554824689572,1,0
0.271,0.019000000000000017,0.47433333333333266,0.36876053657262764,0.4076868161144961,0.5938333333333334,0.3219288223608808,0.4977900769879605,0.5275833333333334,0.2312037504938545,0.5228560815335942,0.5818333333333333,0.3853977805791858,0.5229470438714406,0,1
0.318,0.046999999999999986,0.28033333333333266,0.033975481355408836,0.362843408057248,0.5406666666666667,0.33924956398890654,0.44642148356282896,0.5187499999999999,0.23746124085646317,0.4913397612976566,0.5570833333333333,0.3823337850470524,0.5065512803617254,0,2
0.236,-0.08200000000000002,0.2749999999999993,0.041146081222862355,0.299421704028624,0.5006666666666667,0.3617986548712736,0.386301059687735,0.5059999999999999,0.24889355154362744,0.45205672109801714,0.486875,0.2542375322923167,0.48490717793278737,0,3
0.16,-0.07599999999999998,0.23799999999999932,0.07901898506054277,0.22971085201431202,0.35616666666666674,0.2713804832088374,0.32164361406266784,0.4771666666666667,0.2681871237276945,0.4071249178521683,0.4555416666666667,0.2457639339526528,0.4589146036981644,0,4
0.169,0.009000000000000008,0.18833333333333266,0.04152509281544679,0.199355426007156,0.23433333333333342,0.060750857332726664,0.2780311529019056,0.45058333333333334,0.2824466026231043,0.3704903151056809,0.4512083333333334,0.2500027789700615,0.43572143540231123,0,5
0.107,-0.06200000000000001,0.14533333333333268,0.03350124375797636,0.153177713003578,0.21016666666666672,0.07855040844363038,0.22916510921564687,0.4244166666666667,0.2994684558690724,0.3299533435509608,0.40962499999999996,0.2174024143900166,0.4094237205701264,0,6
0.127,0.020000000000000004,0.13433333333333267,0.031643851430117026,0.14008885650178898,0.18616666666666673,0.07824427561592612,0.19997507801117634,0.39000000000000007,0.30857119408360595,0.29872975223542836,0.394375,0.22403528691393343,0.3868298229245163,0,7
0.174,0.046999999999999986,0.13599999999999932,0.03439476704381046,0.15704442825089449,0.1621666666666667,0.044548475469547356,0.19255362715084023,0.35141666666666665,0.3037883408898484,0.279540559583824,0.38483333333333336,0.2284843571216094,0.36980343709055497,0,8
0.119,-0.05499999999999999,0.13999999999999932,0.02971531591617363,0.13802221412544724,0.14266666666666672,0.02847220867197947,0.17153830510774304,0.32166666666666666,0.3079310233664609,0.2548420119555434,0.37129166666666663,0.23438012216625032,0.3497391621233106,0,9
0.217,0.098,0.16999999999999935,0.04912229636324108,0.1775111070627236,0.15216666666666676,0.04180151512398565,0.18452736079124504,0.2541666666666667,0.21358874388682667,0.24902016396238286,0.36412500000000003,0.23643572754740202,0.33912002915344575,1,0
0.212,-0.0050000000000000044,0.182666666666666,0.05519359866262987,0.1947555535313618,0.1593333333333334,0.04842588839309863,0.19237668627946075,0.19683333333333333,0.06540341016038168,0.24332475412201626,0.35970833333333335,0.23831737683486076,0.3289504268211701,0,1
0.138,-0.07399999999999998,0.1889999999999993,0.044237992721168316,0.1663777767656809,0.16450000000000006,0.04308480010391379,0.1768404901996148,0.18733333333333335,0.06493959897591449,0.2271209457955522,0.356875,0.24061737847895923,0.3136743926754765,0,2
0.288,0.14999999999999997,0.212666666666666,0.07500222218928944,0.22718888838284046,0.19133333333333338,0.06133079704896261,0.208600350142582,0.18875,0.06708085352089659,0.236486954134698,0.3581666666666667,0.24014065926428163,0.3116204412614384,1,0
0.588,0.3,0.33799999999999936,0.2291287847477889,0.4075944441914202,0.2603333333333334,0.17163061110029723,0.3170002501018443,0.21125000000000002,0.13007628880427027,0.2905658842678214,0.365,0.24439116898583021,0.3337308059605233,0,1
0.364,-0.22399999999999998,0.41333333333333266,0.15596580821876355,0.3857972220957101,0.30116666666666675,0.1600330174265977,0.3304287500727459,0.22191666666666668,0.13733599033911406,0.3018634405343104,0.36395833333333333,0.2443376991622124,0.3361523414836814,0,2
0.206,-0.158,0.3859999999999993,0.19194790960049216,0.29589861104785503,0.2993333333333334,0.16124846252495467,0.2948776786233899,0.22575,0.13608695415398964,0.2871152189136473,0.3514583333333334,0.2444288781001032,0.3257401541649869,0,3
0.146,-0.06,0.238666666666666,0.11261142630005012,0.2209493055239275,0.2883333333333334,0.1703897493004249,0.2523411990167071,0.22383333333333333,0.137116959585828,0.26540518523462464,0.33720833333333333,0.24608605408371376,0.311360941831788,0,4
0.076,-0.06999999999999999,0.142666666666666,0.06506407098646183,0.14847465276196375,0.2780000000000001,0.18276104617777528,0.20195799929764793,0.22124999999999997,0.13978433063441012,0.2362659259677593,0.32283333333333336,0.2510059182857896,0.29253206648524493,0,5
0.121,0.045,0.11433333333333266,0.035472994422958745,0.13473732638098188,0.25016666666666676,0.19334364915005975,0.1788271423554628,0.22075,0.14016232472646944,0.21853270658810403,0.305375,0.24981311493054978,0.2788095011664254,0,6
0.14,0.019000000000000017,0.11233333333333266,0.03286842456418101,0.13736866319049096,0.17550000000000007,0.10145294475762776,0.16773367311104487,0.21791666666666668,0.14153024625874713,0.20645075172839572,0.2846666666666667,0.2415919424704938,0.2677047410731114,0,7
0.178,0.03799999999999998,0.14633333333333265,0.029022979401352938,0.15768433159524547,0.14450000000000007,0.04510321496294999,0.17066690936503204,0.22283333333333333,0.13877963783923372,0.20207371300095023,0.27225,0.23897448472133126,0.26052836178726246,0,8
0.282,0.10399999999999998,0.19999999999999932,0.07351190379794403,0.21984216579762272,0.15716666666666676,0.0697607817234069,0.20247636383216572,0.22825000000000004,0.13979603648953284,0.2143700648469579,0.24120833333333336,0.17703155679552998,0.26224609284428146,0,9
0.277,-0.004999999999999949,0.245666666666666,0.05865435476869258,0.24842108289881137,0.17900000000000008,0.08450798778810376,0.2237688313086898,0.23366666666666666,0.14036726718494827,0.22400543948588747,0.21524999999999997,0.10873311962942797,0.26342640541673895,0,10
0.236,-0.041000000000000036,0.2649999999999993,0.025238858928215712,0.24221054144940568,0.20566666666666675,0.06939932756634698,0.22726345093477843,0.24183333333333334,0.13710834026308505,0.22585075648805863,0.21458333333333335,0.10854689095608198,0.26123229298339984,0,11
0.242,0.006000000000000005,0.251666666666666,0.022143471573618897,0.24210527072470284,0.2258333333333334,0.05620112691629282,0.2314738935248417,0.238,0.13634114966109845,0.22833525548989578,0.213375,0.10805184444032499,0.25969370954472787,0,12
0.252,0.010000000000000009,0.24333333333333265,0.008082903768550132,0.24705263536235142,0.24450000000000005,0.03746865356527646,0.23733849537488694,0.20999999999999996,0.08133320914049767,0.2319759854145272,0.21062499999999998,0.1060954502569128,0.2590782127811496,0,13
0.199,-0.05299999999999999,0.23099999999999934,0.028160255680626755,0.2230263176811757,0.24800000000000008,0.030311713907245928,0.22638463955349067,0.19625,0.06529809269107305,0.22690275688921535,0.20908333333333332,0.10597945521437585,0.2542719557586577,0,14
0.256,0.056999999999999995,0.23566666666666602,0.03181718613158019,0.23951315884058785,0.24366666666666673,0.026035872688684087,0.23484617110963618,0.20041666666666666,0.06753377381771031,0.23137925582933605,0.21308333333333332,0.1058579510339262,0.2544101992979651,1,0
0.193,-0.063,0.21599999999999933,0.03477067730140193,0.21625657942029392,0.22966666666666677,0.027089973544861173,0.2228901222211687,0.20433333333333334,0.06542078253796592,0.22547475493251512,0.21408333333333332,0.10553627716146292,0.2494973833541279,1,0
0.099,-0.094,0.182666666666666,0.07900843836788235,0.15762828971014697,0.20683333333333342,0.059287154314076634,0.1874929444436919,0.20625000000000002,0.06154100628480565,0.2060171003275128,0.21375,0.10590120498554761,0.2374575926857977,0,1
0.122,0.022999999999999993,0.13799999999999935,0.048999999999979595,0.13981414485507349,0.1868333333333334,0.06501512644501287,0.1687806746026371,0.20633333333333334,0.06141562332077906,0.19309139258481853,0.21354166666666666,0.1060840434531131,0.22822098527093387,0,2
0.21,0.088,0.143666666666666,0.05858611894750624,0.17490707242753673,0.17983333333333343,0.058533466210886294,0.18055762471616937,0.21216666666666664,0.057757853985156996,0.19569271680253875,0.21504166666666666,0.10575462952829222,0.22676330644925918,0,3
0.749,0.539,0.3603333333333327,0.3394588831262661,0.46195353621376833,0.2715000000000001,0.24095539006213346,0.342969731940121,0.25975,0.16419175319784707,0.2808169142175328,0.24129166666666668,0.14986703647963448,0.26854224193331844,1,0
0.748,-0.0010000000000000009,0.5689999999999994,0.3109035220128573,0.6049767681068842,0.3535000000000001,0.30879297271796097,0.45869266567151495,0.2985833333333333,0.21665744152855165,0.3526912351071432,0.2634166666666667,0.18189794479003957,0.30689886257865295,0,1
0.881,0.133,0.792666666666666,0.07650054466036948,0.7429883840534421,0.4681666666666667,0.3606579635425548,0.5793519040510822,0.3489166666666667,0.2738093093355092,0.43396950662912115,0.29129166666666667,0.22078072520758718,0.3528269535723607,0,2
1.422,0.5409999999999999,1.0169999999999992,0.3569887953423755,1.082494192026721,0.6886666666666668,0.47584941595704844,0.8201085028936301,0.4477499999999999,0.40968150045881035,0.5859741979169486,0.34479166666666666,0.3167377160950385,0.43836079728657185,0,3
1.618,0.19600000000000017,1.3069999999999995,0.3817211023771168,1.3502470960133606,0.9380000000000002,0.5102371997414527,1.0480775020668787,0.5624166666666667,0.5235889189627739,0.7447473982374181,0.40020833333333333,0.4092173844714114,0.5327319335036461,0,4
0.833,-0.7850000000000001,1.2909999999999993,0.4085670079680948,1.0916235480066803,1.0418333333333336,0.3789624871496733,0.9866267871906276,0.6108333333333333,0.5191186295204128,0.7583247215855077,0.4104166666666667,0.4170859484636193,0.5567533788233544,1,0
1.085,0.252,1.178666666666666,0.4007946273758348,1.0883117740033401,1.0978333333333332,0.3508158586305166,1.014733419421877,0.6846666666666668,0.5182257025542816,0.8085824567261988,0.44045833333333334,0.4389881625785117,0.599013108517486,0,1
0.484,-0.601,0.8006666666666661,0.30180181134866146,0.78615588700167,1.0538333333333334,0.4142827134538278,0.8630952995870549,0.7036666666666666,0.5050937506737703,0.7586466941529374,0.4520416666666667,0.43619146964195166,0.5898120598360871,0,2
0.66,0.17600000000000005,0.7429999999999994,0.3089773454478492,0.723077943500835,1.0170000000000001,0.4416432949791036,0.8050680711336107,0.7425833333333333,0.4795138557735195,0.7434702796678702,0.4734583333333333,0.433119421142731,0.5954270950492001,0,3
0.734,0.07399999999999995,0.6259999999999994,0.12842118205342606,0.7285389717504175,0.9023333333333333,0.40309237981716484,0.7847629079525791,0.7955,0.4350068964970552,0.7420133135651209,0.5008750000000001,0.4276576559026785,0.6065129274452641,0,4
0.564,-0.17000000000000004,0.6526666666666661,0.0852369247059783,0.6462694858752087,0.7266666666666667,0.21426867868791358,0.7216877913946994,0.8323333333333333,0.3890840837690792,0.7146266499397176,0.5193333333333333,0.4200412678138501,0.6031118932496429,0,5
0.334,-0.22999999999999993,0.5439999999999995,0.20074859899884465,0.4901347429376044,0.6435000000000001,0.2572685367471062,0.6109198509962138,0.8426666666666667,0.37233985778716905,0.6560687037951456,0.5274166666666666,0.41425070298979105,0.5815829417896714,0,6
0.408,0.07399999999999995,0.43533333333333274,0.11741095917047915,0.44906737146880216,0.5306666666666667,0.15171376558065883,0.5529427507115813,0.81425,0.3925995241510565,0.6179042878266616,0.537,0.40843540280057683,0.5676963064464977,0,7
0.527,0.11900000000000005,0.42299999999999943,0.09737042672186745,0.4880336857344011,0.5378333333333334,0.1500752033703874,0.5455305362225581,0.7958333333333333,0.4010816813960902,0.6039190127764059,0.5472083333333334,0.40483071922951197,0.5644406019307779,0,8
