value,value_diff,value_rolling_mean_3,value_volatility_3,value_ewm_3,value_rolling_mean_6,value_volatility_6,value_ewm_6,value_rolling_mean_12,value_volatility_12,value_ewm_12,value_rolling_mean_24,value_volatility_24,value_ewm_24,drift_flag,time_since_last_spike
0.549,0.0,0.46866666666666673,0.0,0.549,0.37733333333333335,0.0,0.549,0.3155,0.0,0.549,0.4896666666666667,0.0,0.549,0,1
0.539,-0.010000000000000009,0.46866666666666673,0.0,0.544,0.37733333333333335,0.0,0.5461428571428572,0.3155,0.0,0.5474615384615384,0.4896666666666667,0.0,0.5482000000000001,1,0
0.318,-0.22100000000000003,0.46866666666666673,0.13057692496506929,0.43100000000000005,0.37733333333333335,0.0,0.4809591836734694,0.3155,0.0,0.5121597633136095,0.4896666666666667,0.0,0.5297840000000001,1,0
0.321,0.0030000000000000027,0.39266666666666666,0.1267372610297908,0.376,0.37733333333333335,0.0,0.43525655976676386,0.3155,0.0,0.48275056895766955,0.4896666666666667,0.0,0.5130812800000002,1,0
0.296,-0.025000000000000022,0.3116666666666667,0.013650396819628551,0.33599999999999997,0.37733333333333335,0.0,0.3954689712619742,0.3155,0.0,0.45401971219495113,0.4896666666666667,0.0,0.49571477760000016,1,0
0.241,-0.05499999999999999,0.286,0.04092676385936214,0.2885,0.37733333333333335,0.13228857345465128,0.3513349794728387,0.3155,0.0,0.42124744878034326,0.4896666666666667,0.0,0.47533759539200016,0,1
0.233,-0.00799999999999998,0.25666666666666665,0.034297716153314374,0.26075,0.3246666666666667,0.11155387338262472,0.3175249853377419,0.3155,0.0,0.3922863028141366,0.4896666666666667,0.0,0.4559505877606402,0,2
0.298,0.06499999999999997,0.25733333333333336,0.035444792753426026,0.279375,0.2845,0.03824526114435622,0.3119464180983871,0.3155,0.0,0.3777807177658079,0.4896666666666667,0.0,0.44331454073978893,0,3
0.232,-0.06599999999999998,0.25433333333333336,0.037819747927945284,0.2556875,0.27016666666666667,0.03928061438759164,0.28910458435599073,0.3155,0.0,0.3553529150326067,0.4896666666666667,0.0,0.42640937748060587,0,4
0.24,0.00799999999999998,0.25666666666666665,0.03601851375797344,0.24784375,0.25666666666666665,0.031455789080337394,0.27507470311142196,0.3155,0.0,0.337606312719898,0.4896666666666667,0.0,0.4114966272821574,0,5
0.263,0.02300000000000002,0.245,0.016093476939430758,0.255421875,0.25116666666666665,0.02552972124146039,0.27162478793672995,0.3155,0.0,0.3261284184552983,0.4896666666666667,0.0,0.3996168970995848,0,6
0.256,-0.007000000000000006,0.253,0.011789826122551162,0.2557109375,0.25366666666666665,0.025065248186815818,0.26716056281194994,0.3155,0.11140548378864401,0.315339431000637,0.4896666666666667,0.0,0.38812754533161803,0,7
0.224,-0.032,0.24766666666666667,0.02079262689833401,0.23985546875000002,0.25216666666666665,0.026761290452193703,0.2548289734371071,0.2884166666666667,0.08611351739876781,0.30128721084669285,0.4896666666666667,0.0,0.3749973417050886,0,8
0.31,0.086,0.26333333333333336,0.04346646216720799,0.274927734375,0.25416666666666665,0.030986556224702894,0.2705921238836479,0.26933333333333337,0.036772849009050604,0.30262763994720165,0.4896666666666667,0.0,0.3697975543686815,1,0
1.406,1.0959999999999999,0.6466666666666666,0.6590063226808475,0.8404638671875,0.4498333333333333,0.4693222418196975,0.5949943742026056,0.36000000000000004,0.33109625076815236,0.47237723380147834,0.4896666666666667,0.0,0.452693750019187,1,0
1.339,-0.06699999999999995,1.0183333333333333,0.6143487066262395,1.0897319335937499,0.633,0.5738647924380794,0.8075674101447183,0.44483333333333336,0.43447268631240227,0.6057038132166355,0.4896666666666667,0.0,0.523598250017652,0,1
0.749,-0.59,1.1646666666666665,0.3615333087466955,0.919365966796875,0.714,0.5447557250731744,0.7908338643890845,0.4825833333333333,0.4400100119384337,0.6277493804140761,0.4896666666666667,0.0,0.5416303900162399,0,2
0.791,0.04200000000000004,0.9596666666666668,0.32918282660754566,0.8551829833984375,0.8031666666666667,0.49643828082317204,0.790881331706489,0.5284166666666666,0.44120155326795996,0.6528648603503722,0.4896666666666667,0.0,0.5615799588149408,0,3
0.906,0.11499999999999999,0.8153333333333334,0.08127935367197185,0.8805914916992188,0.9168333333333333,0.4074002536408962,0.8237723797903493,0.5844999999999999,0.4430063615385633,0.6918087279887764,0.4896666666666667,0.0,0.5891335621097455,0,4
0.577,-0.32900000000000007,0.758,0.16696406799069122,0.7287957458496094,0.9613333333333333,0.3362241315947839,0.7532659855645352,0.6077499999999999,0.4338294857743911,0.6741458467597339,0.4896666666666667,0.0,0.5881628771409659,0,5
0.444,-0.13299999999999995,0.6423333333333333,0.23782836948802702,0.5863978729248047,0.801,0.31012836052189735,0.6649042754032395,0.6254166666666666,0.4212717668146673,0.6387387934120825,0.4896666666666667,0.0,0.5766298469696887,0,6
0.29,-0.15400000000000003,0.437,0.14362799170078316,0.4381989364624024,0.6261666666666666,0.23202363385368016,0.5577887681451711,0.6295833333333333,0.4173421222087424,0.5850866713486852,0.4896666666666667,0.0,0.5536994592121136,0,7
0.507,0.21700000000000003,0.4136666666666667,0.11163482132978751,0.4725994682312012,0.5858333333333333,0.2273881409983085,0.543277691532265,0.6499166666666667,0.40357503714434634,0.5730733372950413,0.4896666666666667,0.0,0.5499635024751446,0,8
0.423,-0.08400000000000002,0.4066666666666667,0.10941815815180579,0.4477997341156006,0.5245,0.20994165856256342,0.5089126368087608,0.6638333333333334,0.39145389449480694,0.5499851315573426,0.4896666666666667,0.3329797835182852,0.539806422277133,0,9
0.35,-0.07300000000000001,0.4266666666666667,0.07856419880157614,0.3988998670578003,0.4318333333333333,0.1036945835936796,0.46350902629197194,0.6743333333333333,0.3801091549765273,0.5192181882408283,0.48137500000000005,0.3339144400304808,0.5246219084949624,0,10
0.361,0.01100000000000001,0.37799999999999995,0.03935733730831219,0.37994993352890016,0.3958333333333333,0.07737032161408279,0.43422073306569425,0.6785833333333334,0.3759273281641094,0.49487692851147014,0.47395833333333326,0.3345550554765651,0.5115321558153654,0,11
0.585,0.22399999999999998,0.43199999999999994,0.13261598696989832,0.48247496676445006,0.41933333333333334,0.10961873319221767,0.47730052361835307,0.6101666666666666,0.29817439477086166,0.5087420164327824,0.4850833333333333,0.3335813461402685,0.5174095833501361,1,0
0.46,-0.12499999999999994,0.4686666666666666,0.11225120637807666,0.47123748338222504,0.44766666666666666,0.08965638107054405,0.4723575168702522,0.5369166666666666,0.19186949083987143,0.5012432446738928,0.49087499999999995,0.3318106207514736,0.5128168166821252,0,1
0.438,-0.02200000000000002,0.49433333333333335,0.07928640068343086,0.4546187416911125,0.43616666666666665,0.08481843353108219,0.46254108347875156,0.511,0.1813329434042153,0.4915135147240631,0.4967916666666667,0.329442213599668,0.5068314713475552,0,2
0.368,-0.07,0.422,0.04804164859785978,0.41130937084555624,0.42700000000000005,0.08937561188601698,0.4355293453419654,0.47574999999999995,0.16204271322429434,0.4725114355357457,0.5020833333333333,0.3261585259624084,0.4957249536397509,0,3
0.567,0.19899999999999995,0.45766666666666667,0.10094718090830254,0.48915468542277807,0.46316666666666667,0.09566904758941948,0.4730923895299753,0.4475,0.0965170733836529,0.4870481377610156,0.516,0.3212669213949807,0.5014269573485708,1,0
0.448,-0.11899999999999994,0.461,0.10013490899781269,0.46857734271138907,0.47766666666666663,0.08281706748410388,0.4659231353785538,0.43675,0.0875495963336314,0.48104073195162855,0.52225,0.3182867520361775,0.49715280076068513,0,1
0.396,-0.05199999999999999,0.4703333333333333,0.0876603293019913,0.43228867135569454,0.4461666666666666,0.06854025581121367,0.44594509669896704,0.43275,0.08828170303584473,0.4679575424206088,0.5290833333333333,0.3135090202802807,0.48906057669983033,0,2
0.324,-0.07200000000000001,0.38933333333333336,0.06226823695379192,0.3781443356778473,0.4235,0.08383257123576694,0.4111036404992622,0.4355833333333334,0.08371103797461757,0.4458102282020536,0.5325833333333333,0.31059674914543156,0.47585573056384395,0,3
0.606,0.282,0.442,0.1465196232591397,0.4920721678389236,0.4515,0.11272222496029762,0.46678831464233017,0.4438333333333333,0.09544520877858596,0.4704548084786608,0.546875,0.30550248166643074,0.4862672721187365,1,0
0.591,-0.015000000000000013,0.507,0.15866001386612893,0.5415360839194618,0.48866666666666675,0.11638843012373101,0.5022773676016644,0.4578333333333333,0.10404529899243034,0.4890002225588668,0.5608333333333334,0.2992231487596225,0.49464589034923756,0,1
0.497,-0.09399999999999997,0.5646666666666667,0.05907904309764636,0.5192680419597309,0.47700000000000004,0.11031591000395159,0.5007695482869031,0.47008333333333335,0.09871212353775656,0.4902309575498104,0.5722083333333333,0.29093596772974045,0.4948342191212986,0,2
0.4,-0.09699999999999998,0.496,0.09550392662084752,0.45963402097986544,0.46900000000000003,0.11450065501996023,0.47197824877635935,0.47333333333333333,0.09537994198642245,0.47634927177291647,0.5759583333333333,0.2879742559699552,0.4872474815915947,0,3
0.544,0.14400000000000002,0.48033333333333333,0.07343250869562859,0.5018170104899328,0.4936666666666667,0.11153235703896254,0.4925558919831139,0.4699166666666667,0.09167874576063094,0.48675707611554475,0.5400416666666666,0.2273154252052243,0.4917876830642671,0,4
0.534,-0.010000000000000009,0.49266666666666675,0.08040729651799994,0.5179085052449663,0.5286666666666666,0.07441415635930186,0.5043970657022242,0.47608333333333336,0.09342323862482768,0.49402521825161483,0.5065000000000001,0.15081863568394085,0.49516466841912576,0,5
0.505,-0.029000000000000026,0.5276666666666667,0.020256686138990072,0.5114542526224832,0.5118333333333334,0.06413553357279114,0.5045693326444458,0.48166666666666663,0.09294116744511328,0.4957136462129048,0.4963333333333333,0.1417099507618558,0.4959514949455957,0,6
0.946,0.44099999999999995,0.6616666666666667,0.24666644144133898,0.7287271263112416,0.5710000000000001,0.19068088525072452,0.6306923804603184,0.5298333333333334,0.15663033105392,0.5649884698724579,0.5027916666666666,0.15828564689981467,0.5319553753499481,1,0
0.752,-0.19399999999999995,0.7343333333333334,0.22103016385401678,0.7403635631556208,0.6135,0.19911981317789545,0.6653517003287989,0.54525,0.16921966627595456,0.5937594745074644,0.496375,0.14367681501868387,0.5495589453219523,0,1
0.585,-0.16700000000000004,0.761,0.18066820417550003,0.6626817815778103,0.6443333333333333,0.1719123807835453,0.6423940716634278,0.5566666666666666,0.16666424240661123,0.5924118630447774,0.49670833333333336,0.14388113426402194,0.552394229696196,0,2
0.504,-0.08099999999999996,0.6136666666666667,0.12646079761465023,0.5833408907889052,0.6376666666666667,0.17727342346405642,0.6028529083310198,0.5656666666666667,0.1599814383172641,0.5788100379609655,0.4992083333333333,0.14344609021197305,0.5485226913205004,0,3
0.721,0.21699999999999997,0.6033333333333334,0.10965552121682487,0.6521704453944526,0.6688333333333333,0.17175496111223884,0.6366092202364427,0.59875,0.1458910708215363,0.6006854167362016,0.5171666666666667,0.14309457701469522,0.5623208760148602,0,4
0.585,-0.136,0.6033333333333334,0.10965552121682487,0.6185852226972263,0.6821666666666667,0.15913442954517001,0.6218637287403163,0.597,0.14592214611659432,0.5982722756998629,0.5204166666666666,0.14373796105857145,0.5641352059336714,0,5
0.558,-0.026999999999999913,0.6213333333333333,0.0873632264361472,0.5882926113486131,0.6175,0.09730107913070639,0.6036169491002259,0.5942500000000001,0.14635580865573017,0.5920765409768071,0.5260416666666666,0.1423951877443675,0.5636443894589778,0,6
0.533,-0.025000000000000022,0.5586666666666666,0.026006409466389657,0.5606463056743065,0.581,0.07535781313175145,0.5834406779287328,0.59725,0.14453884347374324,0.5829878423649906,0.5336666666666666,0.13736959560652964,0.5611928383022596,0,7
0.69,0.15699999999999992,0.5936666666666667,0.08435836255720897,0.6253231528371532,0.5984999999999999,0.08766013917397107,0.6138861985205234,0.6214166666666666,0.13228513166870282,0.5994512512319151,0.5473750000000001,0.13579646294298725,0.571497411238079,0,8
0.562,-0.1279999999999999,0.595,0.08354040938372388,0.5936615764185766,0.6081666666666666,0.07779824333920816,0.5990615703718025,0.6229166666666667,0.13142675688094263,0.5936895202731589,0.5464166666666667,0.135600409344857,0.5707376183390327,0,9
0.505,-0.05700000000000005,0.5856666666666667,0.09474351341033069,0.5493307882092884,0.5721666666666666,0.06387305117705452,0.572186835979859,0.6204999999999999,0.13346126438374945,0.5800449786926729,0.5482916666666667,0.13466140442079066,0.56547860887191,0,10
0.321,-0.184,0.4626666666666667,0.12595369519523228,0.43516539410464417,0.5281666666666667,0.1197521050615253,0.5004191685570422,0.6051666666666667,0.15651594942446725,0.5401919050476464,0.5434166666666667,0.1408054212971457,0.5459203201621573,0,11
0.353,0.03199999999999997,0.393,0.09830564581955664,0.3940826970523221,0.494,0.1374714515817735,0.458299406112173,0.55575,0.1305882669099541,0.5113931504249315,0.5427916666666667,0.1416486710650431,0.5304866945491847,0,12
0.32,-0.032999999999999974,0.3313333333333333,0.018770544300403706,0.35704134852616104,0.4585000000000001,0.15210884260949414,0.41878529008012355,0.51975,0.13111350044903824,0.48194805035955746,0.5325,0.1486150557063743,0.51364775898525,0,13
0.244,-0.07600000000000001,0.3056666666666667,0.055895736271502884,0.3005206742630805,0.3841666666666667,0.12243433614254812,0.36884663577151683,0.49133333333333334,0.1511136437696255,0.4453406579965486,0.5239999999999999,0.15912068157328849,0.49207593826643,0,14
0.259,0.015000000000000013,0.2743333333333334,0.040253364248636236,0.27976033713154025,0.3336666666666666,0.09347869632523985,0.3374618826939406,0.4709166666666667,0.1651459180313706,0.41667286445861806,0.5182916666666667,0.16621161973890974,0.4734298632051156,0,15
0.222,-0.037000000000000005,0.24166666666666667,0.018610033136278056,0.2508801685657701,0.28650000000000003,0.05187966846462785,0.30447277335281475,0.42933333333333334,0.15916619863488202,0.38672319300344604,0.5140416666666666,0.17257776549986847,0.4533154741487064,0,16
0.25,0.027999999999999997,0.24366666666666667,0.019295940851209312,0.25044008428288506,0.27466666666666667,0.05051600406471554,0.28890912382343914,0.4014166666666667,0.15875908468398556,0.36568885561830045,0.4992083333333333,0.17949106291586422,0.4370502362168099,0,17
0.263,0.013000000000000012,0.245,0.020952326839757823,0.2567200421414425,0.25966666666666666,0.032891741618016286,0.28150651701674223,0.37683333333333335,0.15510631739864633,0.34989057013856195,0.4855416666666666,0.18461216201084618,0.4231262173194651,0,18
0.25,-0.013000000000000012,0.25433333333333336,0.007505553499467896,0.25336002107072125,0.248,0.01446374778540017,0.27250465501195875,0.35325,0.15065380241407153,0.33452279011724473,0.47524999999999995,0.1907290931046489,0.40927611993390794,0,19
0.219,-0.031,0.244,0.022605309110915427,0.23618001053536064,0.24383333333333335,0.01879804954420356,0.25721761072282767,0.314,0.11110928281324042,0.31675005317613014,0.4677083333333334,0.19729926048621138,0.3940540303391953,0,20
0.245,0.025999999999999995,0.238,0.01664331697709422,0.24059000526768032,0.24150000000000002,0.01735223328565125,0.2537268648020198,0.28758333333333336,0.08015945283488274,0.3057115834567255,0.45525,0.2016642172566547,0.3821297079120597,0,21
0.447,0.202,0.3036666666666667,0.12480918769599218,0.34379500263384016,0.27899999999999997,0.08356793643497303,0.30894776057287127,0.28275,0.06643127001919764,0.3274482629249216,0.451625,0.20096783486959802,0.38731933127909496,1,0
0.313,-0.134,0.335,0.1027813212602372,0.3283975013169201,0.2895,0.0831522699630004,0.3101055432663366,0.2820833333333333,0.0660515753488175,0.3252254532441644,0.443625,0.2025658910512612,0.38137378477676737,0,1
0.345,0.03199999999999997,0.36833333333333335,0.06998094978873495,0.33669875065846,0.30316666666666664,0.08465085154129506,0.3200753880473833,0.2814166666666667,0.0653069094678529,0.32826769120660065,0.4185833333333333,0.17270908353712036,0.378463881994626,0,2
0.341,-0.003999999999999948,0.333,0.01743559577416519,0.33884937532923,0.31833333333333336,0.08130600633819368,0.32605384860527376,0.2831666666666667,0.06670127889374025,0.3302265079440467,0.4014583333333333,0.1579581615400154,0.37546677143505597,0,3
0.518,0.177,0.4013333333333333,0.10105609003584821,0.428424687664615,0.3681666666666667,0.09813545061121612,0.3808956061466241,0.306,0.09356378475768139,0.35911473749111644,0.39866666666666667,0.15514023576630062,0.3868694297202515,0,4
0.603,0.08499999999999996,0.48733333333333334,0.13366500414593754,0.5157123438323075,0.42783333333333334,0.11555849889413795,0.44435400439044576,0.33466666666666667,0.12520334974703634,0.39663554710786775,0.40279166666666666,0.15932247287284673,0.4041598753426314,0,5
0.415,-0.188,0.512,0.0941435074766188,0.46535617191615375,0.42250000000000004,0.11523497732893348,0.43596714599317554,0.35075000000000006,0.12176364959886952,0.39946084755281114,0.3900416666666667,0.14428458568629854,0.4050270853152209,0,6
1.035,0.6199999999999999,0.6843333333333333,0.3179014522353328,0.7501780859580769,0.5428333333333333,0.26179413031362364,0.6071193899951253,0.41616666666666663,0.22759327092358614,0.4972361017754556,0.40879166666666666,0.1920529771039566,0.4554249184900032,1,0
0.96,-0.07499999999999996,0.8033333333333333,0.33839079971732927,0.8550890429790384,0.6453333333333333,0.2879351778902096,0.7079424214250895,0.47425,0.26994885879298747,0.5684305476561547,0.4255416666666667,0.22098337123484868,0.49579092501080296,0,1
0.391,-0.569,0.7953333333333333,0.3521652074429466,0.6230445214895193,0.6536666666666666,0.2779148550665593,0.617387443875064,0.486,0.26225976019622554,0.5411335403244386,0.41962499999999997,0.21987937651674253,0.48740765100993877,1,0
0.339,-0.05199999999999999,0.5633333333333334,0.34450592641249805,0.4810222607447596,0.6238333333333334,0.3037936251251277,0.5378481741964742,0.496,0.25328783482971934,0.5100360725822173,0.405,0.21266875652055742,0.47553503892914367,0,1
0.527,0.188,0.41900000000000004,0.0970772887960937,0.5040111303723798,0.6111666666666666,0.3064091491236295,0.5347486958546245,0.5195,0.24064968881607277,0.5126459075695685,0.4035416666666667,0.21166297640284254,0.4796522358148122,0,2
0.46,-0.067,0.442,0.09528378665859258,0.48200556518618987,0.6186666666666666,0.30115289582978716,0.5133919256104461,0.5205833333333333,0.24032268395688816,0.5045465371742502,0.40166666666666667,0.2109231606774018,0.47808005694962724,0,3
0.421,-0.039000000000000035,0.4693333333333334,0.0536128094146681,0.45150278259309495,0.5163333333333333,0.22643821821120785,0.4869942325788901,0.5295833333333334,0.23377512828797792,0.4916932237628271,0.4058333333333333,0.21024699070723796,0.47351365239365706,0,4
0.418,-0.0030000000000000027,0.433,0.023430749027723862,0.4347513912965475,0.426,0.06362389488234643,0.46728159469920716,0.5356666666666666,0.22944491647663418,0.48035580472239214,0.40854166666666664,0.2099552704261321,0.4690725602021645,0,5
0.435,0.017000000000000015,0.4246666666666667,0.009073771725887405,0.4348756956482738,0.43333333333333335,0.06127533489640461,0.45805828192800513,0.5435,0.2237281223433314,0.4733779886112549,0.41333333333333333,0.20915745403812472,0.46634675538599135,0,6
0.305,-0.13,0.38599999999999995,0.07066116330771925,0.36993784782413686,0.4276666666666667,0.07232058259352271,0.41432734423428935,0.52575,0.2341421964999434,0.4474736826710618,0.415875,0.2073732850389032,0.453439014955112,0,7
0.326,0.02100000000000002,0.35533333333333333,0.06978777352325762,0.34796892391206846,0.3941666666666667,0.06306636715925949,0.38909096016734956,0.5026666666666667,0.23942861275557797,0.42878542379859075,0.4186666666666667,0.20561311636952664,0.44324389375870304,0,8
0.295,-0.031000000000000028,0.30866666666666664,0.015821925715079295,0.3214844619560342,0.3666666666666667,0.0645745047729095,0.362207828690964,0.49266666666666664,0.24584301470407452,0.4082030509064999,0.42170833333333335,0.2031019189785112,0.43138438225800685,0,9
0.549,0.25400000000000006,0.39000000000000007,0.13856767299770958,0.4352422309780171,0.38800000000000007,0.09839918698851052,0.4155770204935457,0.45216666666666666,0.17944147353452697,0.4298641199978076,0.43416666666666665,0.20127348184188032,0.44079363167736635,1,0
1.627,1.0779999999999998,0.8236666666666667,0.7072038838505722,1.0311211154890085,0.5895,0.5174977294636179,0.761697871781104,0.50775,0.3617452958794475,0.6140388707673756,0.49100000000000005,0.31261769957402696,0.535690141143177,1,0
1.221,-0.4059999999999999,1.1323333333333334,0.5444422222176873,1.1260605577445042,0.7205,0.5676223216188736,0.8929270512722172,0.5769166666666666,0.4130972719113575,0.7074175060339333,0.5314583333333334,0.3415641742702644,0.5905149298517229,0,1
1.139,-0.08200000000000007,1.329,0.2613120739652121,1.132530278872252,0.8595,0.5472753420354328,0.9632336080515836,0.6435833333333333,0.43517425106258156,0.7738148127979436,0.5697916666666666,0.3562809076345904,0.6343937354635851,0,2
1.126,-0.013000000000000123,1.162,0.05150728103870722,1.129265139436126,0.9928333333333333,0.48523908196544374,1.009738291465417,0.6934999999999999,0.4545104259230225,0.8279971492905677,0.6065,0.366598228132059,0.6737222366264983,0,3
1.338,0.2120000000000002,1.2009999999999998,0.11882339836917821,1.233632569718063,1.1666666666666667,0.3544419087335281,1.1035273510467265,0.7666666666666666,0.4832649063370625,0.906459126322788,0.643625,0.3938462304769077,0.7268644576963785,0,4
0.851,-0.4870000000000001,1.1049999999999998,0.2441782136063746,1.0423162848590315,1.217,0.2573239203805197,1.0313766793190904,0.8025000000000001,0.4710928300722212,0.897926953042359,0.6660416666666668,0.389496495398272,0.7367953010806683,0,5
1.246,0.395,1.1450000000000002,0.25873345357722943,1.1441581424295157,1.1535,0.16710804887856248,1.0926976280850647,0.8715,0.47029323541034207,0.9514766525743038,0.7035833333333333,0.4004742749884643,0.7775316769942148,1,0
1.29,0.04400000000000004,1.1290000000000002,0.24175814360637435,1.217079071214758,1.165,0.17487595603741538,1.1490697343464746,0.9427500000000001,0.4628591234725944,1.0035571675628725,0.7431249999999999,0.409858120997774,0.8185291428346776,0,1
1.343,0.052999999999999936,1.2930000000000001,0.04856953777832897,1.2800395356073788,1.199,0.18813824704190282,1.2044783816760534,1.02925,0.42856125583164917,1.055779141783969,0.7775,0.4244912043949739,0.8604868114079034,0,2
1.325,-0.018000000000000016,1.3193333333333332,0.026950572040940084,1.3025197678036893,1.2321666666666666,0.19022451647110772,1.2389131297686096,1.1125,0.372955395821977,1.0971977353556661,0.8075833333333334,0.43698670924636923,0.8976478664952712,0,3
1.304,-0.020999999999999908,1.324,0.019519221295957852,1.3032598839018448,1.2265,0.1869189663998816,1.2575093784061497,1.1965833333333333,0.27195904047663133,1.1290134683778712,0.8446250000000001,0.4399307072413937,0.9301560371756494,0,4
1.353,0.04899999999999993,1.3273333333333335,0.024583192090001503,1.3281299419509223,1.3101666666666667,0.039229665645615405,1.2847924131472497,1.2635833333333333,0.18211208253726863,1.1634729347812756,0.857875,0.4505738671767466,0.9639835542015975,0,5
1.271,-0.08200000000000007,1.3093333333333332,0.04125934237641078,1.299564970975461,1.3143333333333334,0.031645958141076735,1.2808517236766068,1.2339166666666668,0.14213787054273944,1.1800155601995408,0.8708333333333332,0.45804876014095536,0.9885448698654697,1,0
0.798,-0.47299999999999986,1.1406666666666665,0.29957692389991186,1.0487824854877306,1.2323333333333333,0.214788888601498,1.1428940883404335,1.1986666666666668,0.1900192972656557,1.1212439355534576,0.8877916666666668,0.4469102603399269,0.9733012802762322,1,0
0.391,-0.40700000000000003,0.82,0.44041230682168686,0.7198912427438653,1.0736666666666668,0.3937550846232549,0.9280672059574524,1.1363333333333332,0.3014089138252775,1.0088987146990795,0.8899583333333333,0.444252129663038,0.9267171778541337,0,1
0.418,0.02699999999999997,0.5356666666666666,0.22758807818805563,0.5689456213719326,0.9225,0.4482939883603169,0.7823337185410375,1.0773333333333333,0.36599114081015044,0.9179912201299903,0.8854166666666666,0.4486593475510427,0.886019803625803,0,2
0.353,-0.065,0.3873333333333333,0.03265475973471915,0.4609728106859663,0.7639999999999999,0.4545089658081564,0.6596669418150268,0.9952500000000001,0.41002264349889056,0.8310694939561456,0.8809583333333334,0.4535752158675286,0.8433782193357389,0,3
0.312,-0.04099999999999998,0.361,0.05345091205956034,0.3864864053429832,0.5905,0.3767390343460575,0.5603335298678763,0.9503333333333334,0.4543843653947081,0.7512126487321232,0.8764166666666667,0.4588955471437978,0.8008679617888798,0,4
0.303,-0.009000000000000008,0.32266666666666666,0.026652079343498065,0.3447432026714916,0.4291666666666667,0.18604667873054476,0.48680966419134025,0.8717499999999999,0.4794536900568093,0.6822568566194889,0.871625,0.46445702871389394,0.7610385248457694,0,5
0.295,-0.008000000000000007,0.30333333333333334,0.008504900548041816,0.31987160133574577,0.3453333333333333,0.050717518340968826,0.4320069029938145,0.7888333333333333,0.48653129084335056,0.622678878678029,0.8657916666666666,0.47101213675553444,0.7237554428581078,0,6
0.256,-0.03899999999999998,0.2846666666666667,0.025146238950030844,0.2879358006678729,0.3228333333333333,0.0560693023558034,0.3817192164241532,0.6982499999999999,0.475029783755235,0.5662667434967937,0.86375,0.47364747944289587,0.6863350074294592,0,7
0.234,-0.021999999999999992,0.26166666666666666,0.030892285984238942,0.26096790033393646,0.2921666666666667,0.04221571587296006,0.33951372601725227,0.6073333333333334,0.4477934453483766,0.5151487829588255,0.8599166666666668,0.47853589358508436,0.6501482068351024,0,8
0.265,0.031,0.25166666666666665,0.015947831618498744,0.26298395016696824,0.2775,0.03052048492406076,0.31822409001232305,0.5207499999999999,0.39858799074186385,0.47666435481131386,0.8586666666666666,0.4801122755163099,0.6193363502882943,0,9
0.262,-0.0030000000000000027,0.25366666666666665,0.01709775813760366,0.2624919750834841,0.26916666666666667,0.025654759142632468,0.3021600642945165,0.4298333333333333,0.30491692857782265,0.4436390694557271,0.8467083333333333,0.49159743862907435,0.5907494422652307,0,10
0.25,-0.01200000000000001,0.259,0.00793725393310994,0.25624598754174205,0.26033333333333336,0.020225396576247442,0.2872571887817975,0.34475000000000006,0.15392626629183556,0.4138484433856152,0.7893333333333333,0.4766990360956194,0.5634894868840123,0,11
0.222,-0.027999999999999997,0.24466666666666667,0.0205264057577545,0.23912299377087104,0.24816666666666665,0.016880955739130354,0.26861227770128393,0.29675,0.06223872661702417,0.3843332982493667,0.7477083333333333,0.48096429219051057,0.5361703279332913,0,12
0.223,0.0010000000000000009,0.2316666666666667,0.015885003409881727,0.23106149688543554,0.2426666666666667,0.01905430834920219,0.25558019835805995,0.28275,0.05785110197740032,0.3595127908263872,0.7095416666666666,0.48489182829258687,0.511116701698628,0,13
0.247,0.023999999999999994,0.23066666666666666,0.01415391583032598,0.23903074844271777,0.24483333333333332,0.018605554726115452,0.2531287131129,0.2685,0.03972976900831551,0.3422031306992507,0.6729166666666666,0.48526442067290954,0.48998736556273775,0,14
0.478,0.23099999999999998,0.316,0.14080838043241165,0.3585153742213589,0.2803333333333333,0.09811150119464326,0.3173776522235,0.27891666666666665,0.06928919413762866,0.36309495674551984,0.6370833333333333,0.4653617495787708,0.4890283763177187,1,0
0.306,-0.172,0.3436666666666666,0.12001805419740878,0.33225768711067943,0.2876666666666667,0.09811150119464328,0.31412689444535713,0.2784166666666667,0.06904999286858099,0.35431111724620906,0.614375,0.46776041921330713,0.47438610621230126,0,1
0.234,-0.07199999999999998,0.3393333333333333,0.12536878931110465,0.28312884355533974,0.285,0.09954697383647491,0.29123349603239795,0.27266666666666667,0.06968674496804962,0.33580171459294617,0.5722083333333333,0.45375045614222315,0.4551552177153172,0,2
0.26,0.025999999999999995,0.26666666666666666,0.036460023770316236,0.2715644217776699,0.29133333333333333,0.09587839520281141,0.2823096400231414,0.26975,0.06939888000143885,0.3241399123478775,0.5292916666666666,0.4310504337653258,0.43954280029809184,0,3
0.244,-0.016000000000000014,0.246,0.01311487704855281,0.2577822108888349,0.29483333333333334,0.0932317900003346,0.27136402858795816,0.26875,0.06970082169855753,0.3118106950635886,0.4835,0.3979538972642765,0.4238993762742445,0,4
0.444,0.2,0.316,0.11113955191559292,0.3508911054444175,0.32766666666666666,0.10672894015526667,0.3206885918485416,0.28625,0.08489043740985164,0.33214751120765196,0.4467916666666667,0.35530427611160076,0.42550742617230497,0,5
0.344,-0.10000000000000003,0.34400000000000003,0.09999999999999411,0.34744555272220873,0.30533333333333335,0.079535317102948,0.3273489941775297,0.29283333333333333,0.08614663327282154,0.33397097102185935,0.40679166666666666,0.305094850421346,0.41898683207852055,0,6
0.45,0.10600000000000004,0.4126666666666667,0.059542701763795204,0.39872277636110437,0.3293333333333333,0.09909725862336709,0.3623921386982355,0.3085,0.0965020018633601,0.35182159086465026,0.36916666666666664,0.22969614459232882,0.4214678855122389,0,7
0.374,-0.07600000000000001,0.38933333333333336,0.05463820397242414,0.3863613881805522,0.3526666666666667,0.08802423908598422,0.3657086704987397,0.31883333333333336,0.0963071160717639,0.3552336538085502,0.33179166666666665,0.12626438072782073,0.4176704546712598,0,8
0.374,0.0,0.3993333333333333,0.04387862045839908,0.3801806940902761,0.37166666666666665,0.07542325017305021,0.36807762178481407,0.33149999999999996,0.0923269880764684,0.35812078399185016,0.314125,0.07902190807948206,0.41417681829755904,0,9
0.251,-0.123,0.333,0.07101408311031553,0.31559034704513805,0.37283333333333335,0.07307097006791766,0.33462687270343866,0.33383333333333337,0.08965066884436522,0.34164066337771937,0.30829166666666663,0.07826403425566174,0.4011226728337543,0,10
0.601,0.35,0.4086666666666667,0.1775565637573904,0.458295173522569,0.399,0.11796948758047507,0.41073348050245617,0.3633333333333333,0.11354000763313771,0.38154209978114717,0.3159166666666667,0.09626228511848374,0.41711285900705397,1,0
0.463,-0.13799999999999996,0.4383333333333333,0.17629898846372402,0.4606475867612845,0.4188333333333334,0.11687158194645327,0.4256667717874687,0.3620833333333333,0.11223794394323916,0.3940740844302014,0.32049999999999995,0.10062457129263436,0.4207838302864897,0,1
0.435,-0.028000000000000025,0.4996666666666667,0.08886694173500287,0.44782379338064227,0.4163333333333334,0.11623023129404217,0.4283334084196205,0.37283333333333335,0.11255530627072459,0.40037037913324736,0.325625,0.10327035539954431,0.42192112386357056,0,2
0.457,0.02200000000000002,0.45166666666666666,0.014742229591629488,0.4524118966903211,0.43016666666666664,0.1151180553460948,0.43652386315687175,0.3914166666666667,0.10575310726862525,0.4090826284973632,0.3320416666666667,0.10653616620728046,0.4247274339544849,0,3
0.345,-0.11200000000000004,0.4123333333333333,0.059340823497254,0.39870594834516054,0.4253333333333333,0.11850682118201696,0.4103741879691941,0.3985,0.09876648308924364,0.39922376257469194,0.334125,0.10626886021866551,0.41834923923812617,0,4
0.476,0.131,0.426,0.07078841713161088,0.43735297417258023,0.46283333333333326,0.08240974861426624,0.4291244199779958,0.41783333333333333,0.08788094563703948,0.4110354914093547,0.3432916666666667,0.10869761773585299,0.4229613000990761,0,5
0.543,0.06700000000000006,0.4546666666666666,0.10070915218257141,0.49017648708629014,0.45316666666666666,0.06439384028512787,0.4616602999842827,0.4260833333333333,0.09492528960219346,0.4313377235002232,0.3561666666666667,0.1133883924228235,0.43256439609115005,0,6
1.014,0.471,0.6776666666666666,0.2931933378051635,0.7520882435431451,0.5449999999999999,0.2385665525592385,0.6194716428459162,0.4819166666666667,0.1908399892977131,0.5209780737309581,0.38737499999999997,0.17405241901570256,0.4790792444038581,0,7
1.098,0.08400000000000007,0.8850000000000001,0.2991437781402109,0.9250441217715726,0.6555000000000001,0.3178104781154957,0.7561940306042259,0.5359166666666667,0.260099092422076,0.6097506777723491,0.42220833333333335,0.2242781617558428,0.5285929048515494,0,8
1.221,0.123,1.111,0.10411051820061284,1.0730220608857863,0.7828333333333334,0.3709778519893966,0.8889957361458757,0.6065,0.320156921751591,0.7037890350381416,0.4626666666666666,0.27394408611766163,0.5839854724634255,0,9
1.275,0.053999999999999826,1.1980000000000002,0.09071383576941422,1.1740110304428932,0.9378333333333334,0.3448196146779743,0.9992826686756254,0.6815833333333333,0.36340447246293,0.7916676450322736,0.5065416666666667,0.3149746682936056,0.6392666346663515,0,10
1.273,-0.0020000000000000018,1.2563333333333333,0.030615900008552376,1.2235055152214467,1.0706666666666667,0.2784533473791735,1.0774876204825894,0.76675,0.3729516480968836,0.8657187765657699,0.5502916666666667,0.3453374504888589,0.6899653038930434,0,11
1.258,-0.014999999999999902,1.2686666666666666,0.009291573243197316,1.2407527576107233,1.1898333333333333,0.10875553625754725,1.1290625860589925,0.8214999999999999,0.3940356467492387,0.92606973401719,0.5924166666666667,0.36767245780977964,0.7354080795816,0,12
1.338,0.08000000000000007,1.2896666666666665,0.04252450274058157,1.2893763788053616,1.2438333333333333,0.08084408863155478,1.1887589900421376,0.8944166666666667,0.4025320898181079,0.9894436210914684,0.62825,0.39679128781634887,0.7836154332150721,0,13
1.288,-0.050000000000000044,1.2946666666666669,0.04041451884327874,1.2886881894026807,1.2755,0.03832884031639917,1.2171135643158126,0.9655,0.38912057023732144,1.035375371692781,0.6691666666666666,0.4124392621072056,0.8239661985578663,0,14
1.324,0.03600000000000003,1.3166666666666667,0.025794056162878838,1.3063440947013403,1.2926666666666666,0.03149391475613509,1.2476525459398662,1.0377500000000002,0.3659200421850754,1.0797791606631224,0.7145833333333332,0.4223317176227058,0.8639689026732371,0,15
1.317,-0.007000000000000117,1.3096666666666668,0.019087517736304543,1.3116720473506702,1.2996666666666667,0.03144943030750646,1.2674661042427615,1.1187500000000001,0.30033591042515917,1.1162746744072574,0.7586249999999999,0.42794156574893744,0.9002113904593781,0,16
1.397,0.08000000000000007,1.346,0.044305755833756455,1.354336023675335,1.3203333333333334,0.04721299256207667,1.3044757887448295,1.1955,0.23077478198451445,1.15946318603691,0.8066666666666666,0.4323531835922094,0.9399544792226279,0,17
1.514,0.11699999999999999,1.4093333333333333,0.09907741081262603,1.4341680118376674,1.3630000000000002,0.0822727172275235,1.3643398491034497,1.2764166666666668,0.12896191004488286,1.214007311262001,0.85125,0.4482071774448099,0.9858781208848176,0,18
1.28,-0.23399999999999999,1.397,0.11700000000000216,1.3570840059188338,1.3533333333333333,0.08893518238957351,1.340242749359607,1.2985833333333334,0.09917703027079185,1.2241600326063085,0.89025,0.4428407555573544,1.0094078712140322,1,0
1.474,0.19399999999999995,1.4226666666666665,0.12516122935371746,1.415542002959417,1.3843333333333332,0.09388645624724962,1.3784591066854335,1.3299166666666666,0.08890900182805363,1.2625969506668764,0.9329166666666667,0.4478807990357784,1.0465752415169096,1,0
1.306,-0.16799999999999993,1.3533333333333333,0.10530590360152547,1.3607710014797085,1.3813333333333333,0.09645240622538515,1.3577565047753097,1.337,0.08260530469429067,1.2692743428719724,0.97175,0.4375995042124205,1.0673292221955568,0,1
1.171,-0.135,1.317,0.1517992094841089,1.2658855007398544,1.357,0.12889065132894645,1.3043975034109356,1.3283333333333334,0.09432567695666737,1.2541552131993612,1.0049583333333334,0.42015912918866755,1.0756228844199123,0,2
0.381,-0.79,0.9526666666666669,0.4996582165173842,0.8234427503699272,1.1876666666666666,0.4152101475959694,1.0405696452935254,1.254,0.2901322582422153,1.1198236419379208,1.010375,0.41074913665261586,1.0200530536663193,0,3
0.424,0.04299999999999998,0.6586666666666666,0.44421428762854154,0.6237213751849636,1.006,0.4776345883622751,0.8644068894953753,1.1845,0.3762089603108651,1.0127738508705484,1.0030000000000001,0.41990599362031095,0.9723688093730137,0,4
0.457,0.03300000000000003,0.4206666666666667,0.03810949138117919,0.5403606875924818,0.8688333333333333,0.5008214918178598,0.7480049210681252,1.1110833333333334,0.4261752644870492,0.9272701815058486,1.00275,0.42024312321404544,0.9311393046231727,0,5
0.268,-0.189,0.383,0.10095048291117169,0.4041803437962409,0.6678333333333333,0.44865996775583483,0.6108606579058038,1.0260833333333332,0.48529924382859524,0.8258439997357181,0.9957916666666667,0.4312899739927493,0.8780881602533189,0,6
0.236,-0.03200000000000003,0.32033333333333336,0.11943338450086723,0.32009017189812045,0.48950000000000005,0.3449305727244253,0.5037576127898599,0.9354166666666667,0.5246211547970653,0.735098769007146,0.9865833333333334,0.4454214337267439,0.8267211074330535,0,7
0.266,0.030000000000000027,0.25666666666666665,0.017925772879624328,0.2930450859490602,0.33866666666666667,0.09369240453028575,0.43582686627847134,0.8478333333333333,0.542549844100368,0.6629297276214312,0.9832916666666667,0.4506303294725949,0.7818634188384093,0,8
0.255,-0.01100000000000001,0.25233333333333335,0.015176736583727984,0.2740225429745301,0.3176666666666667,0.09638810438361524,0.38416204734176523,0.7526666666666667,0.5375999413780636,0.600171307987365,0.9740833333333333,0.46352082797972977,0.7397143453313365,0,9
0.236,-0.019000000000000017,0.25233333333333335,0.015176736583727984,0.25501127148726505,0.28633333333333333,0.08476477255715786,0.34183003381554655,0.6461666666666667,0.4982113157602059,0.5441449529123856,0.9612916666666668,0.4798819129351705,0.6994171977048296,0,10
0.248,0.01200000000000001,0.24633333333333332,0.0096090235368562,0.2515056357436325,0.2515,0.014053469322556298,0.3150214527253904,0.5601666666666666,0.46694360830118853,0.49858419092586476,0.929375,0.5012224892157693,0.6633038218884432,0,11
0.233,-0.014999999999999986,0.239,0.0079372539330999,0.24225281787181624,0.24566666666666667,0.013063945294844762,0.2915867519467074,0.45675,0.37440938338086144,0.4577250846295779,0.8933333333333334,0.5193423656448827,0.6288795161373677,0,12
0.248,0.014999999999999986,0.243,0.008660254037758759,0.24512640893590812,0.24766666666666667,0.01217648006062084,0.27913339424764816,0.36858333333333343,0.2647600829338744,0.42545968699425823,0.8527916666666667,0.5305092696126312,0.5984091548463782,0,13
0.218,-0.03,0.233,0.014999999999949968,0.23156320446795406,0.23966666666666667,0.013426342266853445,0.2616667101768915,0.2891666666666667,0.08212831793030442,0.39354281207206465,0.80875,0.5377598664023222,0.567976422458668,1,0
0.272,0.05400000000000002,0.246,0.027055498516910068,0.25178160223397705,0.24249999999999997,0.018240065789355844,0.2646190786977797,0.28008333333333335,0.07691016995446572,0.3748439179071316,0.7670416666666666,0.5390044348584726,0.5442983086619746,1,0
0.229,-0.04300000000000001,0.2396666666666667,0.028536526301073242,0.24039080111698852,0.24133333333333332,0.018949054505876962,0.2544421990698426,0.2638333333333333,0.06309852805275895,0.3524063920752652,0.7241666666666667,0.5391790592845892,0.5190744439690167,1,0
0.475,0.24599999999999997,0.32533333333333336,0.13138619917377925,0.35769540055849425,0.27916666666666673,0.09773723275531543,0.31745871362131617,0.2653333333333333,0.06812199395647946,0.37126694714060904,0.6882083333333333,0.5250541983756384,0.5155484884514954,1,0
0.271,-0.20399999999999996,0.325,0.13159027319676275,0.31434770027924713,0.28550000000000003,0.09534935762762137,0.3041847954437973,0.26558333333333334,0.068138172899346,0.35584126296513074,0.6458333333333334,0.5154947532028918,0.49598460937537575,1,0
0.373,0.10199999999999998,0.373,0.10199999999999385,0.3436738501396236,0.30633333333333335,0.09909927682211767,0.3238462824598552,0.277,0.07395944834840616,0.35848106866280294,0.6062083333333333,0.4973296500281295,0.4861458406253457,0,1
0.325,-0.04799999999999999,0.323,0.05102940328867912,0.33433692506981183,0.32416666666666666,0.08915249108503198,0.32417591604275375,0.28191666666666665,0.07511380254875859,0.3533301350223717,0.564875,0.4764723918732246,0.4732541733753181,0,2
0.344,0.01899999999999996,0.3473333333333333,0.024172987679060984,0.3391684625349059,0.33616666666666667,0.08549717344255721,0.3298399400305384,0.28933333333333333,0.07659377298845263,0.3518947296343145,0.521,0.4438835530808194,0.4629138395052927,0,3
0.312,-0.03199999999999997,0.327,0.01609347693938956,0.32558423126745295,0.35000000000000003,0.07000000000000034,0.32474281430752744,0.2956666666666667,0.0749064062478654,0.34575707892134305,0.47091666666666665,0.39171761309111136,0.45084073234486927,0,4
0.795,0.48300000000000004,0.4836666666666667,0.27009689619344446,0.5602921156337265,0.4033333333333333,0.19485036994233995,0.45910201021966246,0.34125,0.1606374376153856,0.4148713744719057,0.4507083333333333,0.35933482982802656,0.47837347375727973,1,0
1.074,0.279,0.727,0.38552431829911776,0.8171460578168632,0.5371666666666667,0.32082606918183376,0.6347871501569018,0.41133333333333333,0.261136095946273,0.5162757783993048,0.4340416666666667,0.31653662184811265,0.5260235958566974,0,1
0.63,-0.44400000000000006,0.8330000000000001,0.2244259343302367,0.7235730289084317,0.58,0.3115464652343212,0.6334193929692156,0.44316666666666665,0.2626940264169553,0.5337718124917195,0.405875,0.2607299640057418,0.5343417081881616,0,2
0.503,-0.127,0.7356666666666666,0.29980716024360204,0.6132865144542159,0.6096666666666667,0.29014800820730585,0.5961567092637254,0.46691666666666665,0.25319789541468296,0.5290376874929934,0.37804166666666666,0.2052534973841042,0.5318343715331086,0,3
0.411,-0.09200000000000003,0.5146666666666666,0.10996514599332098,0.512143257227108,0.6208333333333333,0.2789519074440374,0.5432547923312324,0.4785,0.2465627340418302,0.5108780432633021,0.37929166666666664,0.20536361795534966,0.52216762181046,0,4
0.968,0.5569999999999999,0.6273333333333332,0.29859057810542616,0.740071628613554,0.7301666666666667,0.2617230724767438,0.6646105659508803,0.5400833333333334,0.26977682976636136,0.581204498145871,0.40195833333333336,0.23794911388173326,0.5578342120656231,1,0
0.528,-0.43999999999999995,0.6356666666666665,0.29369428549655613,0.634035814306777,0.6856666666666666,0.2710281658179955,0.6255789756792003,0.5445,0.2690473091213792,0.573019190738814,0.40491666666666665,0.23910174597341788,0.5554474751003733,0,1
0.422,-0.10600000000000004,0.6393333333333333,0.28952604949008065,0.5280179071533885,0.5770000000000001,0.20743577319257187,0.5674135540565717,0.5570833333333333,0.2584138535314431,0.5497854690866888,0.41133333333333333,0.23732745066801758,0.5447716770923434,0,2
0.585,0.16299999999999998,0.5116666666666666,0.08271839779234355,0.5565089535766943,0.5695,0.2059444099751195,0.5724382528975512,0.57475,0.2518481234250668,0.5552030892271982,0.425875,0.23680873083566953,0.547989942924956,0,3
0.483,-0.10199999999999998,0.4966666666666666,0.08235492294533675,0.5197544767883471,0.5661666666666666,0.2073927835452979,0.5468844663553938,0.5879166666666668,0.24152261642012873,0.5440949216537831,0.4349166666666667,0.2345711937291892,0.5427907474909595,0,4
0.507,0.02400000000000002,0.525,0.053329166503884896,0.5133772383941735,0.5821666666666667,0.19644176405913988,0.535488904539567,0.6015,0.23090789190812627,0.5383880106301242,0.4454166666666666,0.23179111973586553,0.5399274876916828,0,5
0.569,0.061999999999999944,0.5196666666666666,0.04437717130836978,0.5411886191970867,0.5156666666666667,0.059530384398782,0.5450635032425478,0.6229166666666667,0.2128262023911595,0.5430975474562589,0.45929166666666665,0.22865589851901214,0.5422532886763481,0,6
0.579,0.010000000000000009,0.5516666666666666,0.03900427327014906,0.5600943095985433,0.5241666666666666,0.06503050566208718,0.5547596451732484,0.6049166666666667,0.20597283948632886,0.5486210016937576,0.4730833333333333,0.22531541498948665,0.5451930255822404,0,7
1.425,0.8460000000000001,0.8576666666666667,0.49135051982605366,0.9925471547992717,0.6913333333333332,0.3618119216757056,0.8033997465523203,0.6341666666666667,0.28745018013667417,0.683448539894718,0.52275,0.2916925495761956,0.6155775835356612,1,0
1.234,-0.19100000000000006,1.0793333333333333,0.4437007249637233,1.1132735773996358,0.7995,0.41653799346518233,0.9264283903945144,0.6845,0.3355165623875578,0.7681487645262999,0.5638333333333333,0.3194305621852289,0.6650513768528084,0,1
0.714,-0.52,1.1243333333333332,0.3679678427978914,0.9136367886998179,0.8380000000000001,0.3913474159873811,0.8657345645675103,0.7020833333333334,0.3306334026829371,0.7598181853684075,0.5844999999999999,0.3120426392268411,0.6689672667045836,0,2
0.477,-0.237,0.8083333333333332,0.38721613258403004,0.6953183943499089,0.8329999999999999,0.39657886983549734,0.7546675461196501,0.7075833333333333,0.32586568854314385,0.7163076953117294,0.5930416666666666,0.30586107661552187,0.653609885368217,0,3
0.724,0.247,0.6383333333333333,0.13980820195300708,0.7096591971749544,0.8588333333333332,0.3806717308478093,0.7459053900854644,0.68725,0.31558952770965054,0.7174911268022326,0.6136666666666667,0.2968008652669138,0.6592410945387596,0,4
0.902,0.17800000000000005,0.701,0.21343148783626004,0.8058295985874773,0.9126666666666666,0.3551685046096669,0.790503850061046,0.7184166666666667,0.3168975912393996,0.7458771072941968,0.6314583333333333,0.30089706157865176,0.6786618069756588,0,5
0.615,-0.28700000000000003,0.747,0.1448758088847124,0.7104147992937386,0.7776666666666667,0.26362599770634704,0.7403598929007471,0.7345,0.3051665715042141,0.7257421677104742,0.6457916666666667,0.2910108288985689,0.6735688624176062,0,6
0.56,-0.05499999999999994,0.6923333333333334,0.18364730690465608,0.6352073996468693,0.6653333333333333,0.14894249449591887,0.6888284949291051,0.7324166666666666,0.3063629630871124,0.7002433726780936,0.6535833333333333,0.28584701239081345,0.6644833534241976,0,7
0.535,-0.025000000000000022,0.57,0.040926763859354454,0.5851036998234347,0.6355,0.15504676713817717,0.6448774963779322,0.7367499999999999,0.3028621423564318,0.6748213153430023,0.6623333333333333,0.27847046001586867,0.6541246851502618,0,8
0.831,0.29599999999999993,0.642,0.16415541416596496,0.7080518499117173,0.6945,0.14993965452808064,0.6980553545556659,0.7637499999999999,0.2948543939580414,0.6988488052902326,0.6826249999999999,0.2719321866393071,0.6682747103382408,0,9
0.582,-0.249,0.6493333333333333,0.159073358339267,0.6450259249558586,0.6708333333333334,0.15545728244976761,0.6648966818254756,0.7648333333333334,0.29409671672407195,0.6808720660148122,0.6938749999999999,0.2613101293399327,0.6613727335111816,0,10
0.582,0.0,0.6649999999999999,0.14376021702821526,0.6135129624779293,0.6175,0.10790875775394751,0.6412119155896254,0.7650833333333334,0.29392561159503505,0.6656609789356104,0.685,0.2613433523663595,0.6550229148302872,0,11
0.469,-0.11299999999999999,0.5443333333333332,0.06524058041842261,0.5412564812389646,0.5931666666666666,0.12386672945818332,0.5920085111354467,0.6854166666666667,0.21874204747449372,0.6354054437147472,0.6597916666666667,0.2511704737505151,0.6401410816438642,0,12
0.49,0.02100000000000002,0.5136666666666666,0.0601026899009737,0.5156282406194823,0.5815,0.13072222458327468,0.5628632222396048,0.6234166666666666,0.14059772294375927,0.6130353754509399,0.6539583333333333,0.2535073070152913,0.6281297951123551,0,13
0.553,0.06300000000000006,0.504,0.04371498598878027,0.5343141203097412,0.5845,0.1296437426179918,0.5600451587425749,0.61,0.13883868991812848,0.603799163843103,0.6560416666666666,0.252415888559143,0.6221194115033668,0,14
0.522,-0.031000000000000028,0.5216666666666667,0.031501322723540094,0.5281570601548706,0.533,0.04747209706764676,0.5491751133875535,0.6137499999999999,0.13548708425529132,0.5912146770980101,0.6606666666666666,0.2487206686515879,0.6141098585830975,0,15
0.494,-0.028000000000000025,0.523,0.029512709126735457,0.5110785300774353,0.5183333333333333,0.042655206794326224,0.5334107952768239,0.5945833333333334,0.13473911380100143,0.5762585729290854,0.6409166666666667,0.24198345553699213,0.6045010698964497,0,16
0.481,-0.013000000000000012,0.49899999999999994,0.02095232683973896,0.49603926503871765,0.5015,0.030781487943243722,0.5184362823405885,0.5595,0.09691936667335435,0.5616034078630723,0.6389583333333333,0.24312449470906156,0.5946209843047336,0,17
0.472,-0.009000000000000008,0.48233333333333334,0.01106044001532241,0.4840196325193588,0.502,0.030166206257997697,0.5051687731004204,0.5475833333333333,0.09825704539470671,0.5478182681918303,0.6410416666666666,0.24139260446988406,0.584811305560355,0,18
0.447,-0.024999999999999967,0.4666666666666666,0.01761628034894184,0.4655098162596794,0.4948333333333334,0.03774343209972726,0.4885491236431574,0.5381666666666666,0.10229088054379404,0.5323077653930872,0.6352916666666667,0.2444102892530384,0.5737864011155266,0,19
0.26,-0.187,0.393,0.11585767130405754,0.3627549081298397,0.44599999999999995,0.09442245495643516,0.42324937403082674,0.51525,0.13009166348806306,0.4904142630249199,0.626,0.2544829369867292,0.5486834890262845,0,20
0.291,0.030999999999999972,0.33266666666666667,0.10022142152919333,0.32687745406491986,0.40750000000000003,0.103859039086639,0.3854638385934477,0.47025,0.10110851506269093,0.4597351456364707,0.617,0.262565602568528,0.5280688099041817,0,21
0.248,-0.04299999999999998,0.2663333333333333,0.02218858565416282,0.28743872703245993,0.3665,0.11118048389892889,0.3461884561381769,0.4424166666666667,0.11284056196352019,0.42716050784624443,0.603625,0.27308221607993943,0.5056633051118472,0,22
0.219,-0.028999999999999998,0.25266666666666665,0.03622614157389788,0.25321936351623,0.32283333333333336,0.10863777734594275,0.3098488972415549,0.4121666666666666,0.12042110456329103,0.3951358143314376,0.5886250000000001,0.28415623573018445,0.48273024070289944,0,23
0.26,0.04100000000000001,0.24233333333333332,0.021079215671653252,0.256609681758115,0.28750000000000003,0.0815076683508978,0.2956063551725392,0.39475,0.12641858680949475,0.3743456890496779,0.5400833333333334,0.22927578166472665,0.4649118214466675,0,24
0.258,-0.0020000000000000018,0.24566666666666667,0.02311565126342061,0.2573048408790575,0.256,0.02321206582792521,0.2848616822660994,0.3754166666666667,0.12825433420522261,0.35644635227280436,0.4994166666666666,0.1826626533463715,0.4483588757309341,0,25
0.239,-0.019000000000000017,0.25233333333333335,0.011590225767088938,0.24815242043952873,0.2525,0.024056184236073926,0.2717583444757853,0.34925,0.12052847645417394,0.3383776826923729,0.47962499999999997,0.18412892753861956,0.43161016567245936,0,26
0.257,0.018000000000000016,0.25133333333333335,0.010692676621505507,0.2525762102197644,0.24683333333333332,0.015740605663906195,0.2675416746255609,0.32716666666666666,0.10979885190104964,0.32585803920123857,0.47045833333333337,0.18965849839776028,0.4176413524186626,0,27
0.466,0.20900000000000002,0.32066666666666666,0.1261837284808633,0.3592881051098822,0.2831666666666667,0.09094045671023769,0.3242440533039721,0.32483333333333336,0.10616867654251246,0.3474183408625865,0.45970833333333333,0.18181224887388697,0.42151004422516963,1,0
0.4,-0.066,0.37433333333333335,0.10683788341844072,0.3796440525549411,0.3133333333333333,0.09531351775412883,0.34588860950283723,0.31808333333333333,0.09756346031112033,0.355507826883727,0.43879166666666664,0.15572047955751908,0.41978924068715606,0,1
0.492,0.09199999999999997,0.4526666666666667,0.04742713709821078,0.4358220262774706,0.35200000000000004,0.11448143954370937,0.3876347210734552,0.31975,0.10055674562608843,0.376506622747769,0.4336666666666667,0.15163963766161362,0.4255661014321836,0,2
0.369,-0.123,0.4203333333333334,0.06397134775297783,0.4024110131387353,0.37050000000000005,0.10481364414998649,0.382310515052468,0.31325000000000003,0.09388302683272147,0.37535175770965074,0.42570833333333336,0.14972103891155103,0.4210408133176089,0,3
0.429,0.06,0.43,0.061506097258719854,0.41570550656936767,0.40216666666666673,0.08371718262499453,0.39565036789462,0.3273333333333333,0.09776440450327278,0.38360533344662756,0.4212916666666667,0.14790933743834375,0.4216775482522002,0,4
0.503,0.07400000000000001,0.43366666666666664,0.06712177987309668,0.45935275328468383,0.44316666666666665,0.05301100514673072,0.4263216913533,0.345,0.10909962086427252,0.40197374368560795,0.40762500000000007,0.12113729634269528,0.4281833443920242,0,5
0.575,0.07199999999999995,0.5023333333333333,0.07300228306931618,0.5171763766423418,0.4613333333333334,0.0760648845832735,0.4688012081095,0.37224999999999997,0.12266371249736843,0.428593167733976,0.4073333333333333,0.12070685534606895,0.4399286768406623,0,6
0.582,0.007000000000000006,0.5533333333333332,0.043730233629980235,0.5495881883211708,0.49166666666666664,0.08271315896921563,0.5011437200782143,0.4025,0.1261452986188428,0.45219421885182587,0.4073333333333333,0.12070685534606897,0.4512943826934093,0,7
0.859,0.277,0.672,0.16198456716613324,0.7042940941605854,0.5528333333333333,0.17128504507593992,0.6033883714844388,0.45241666666666663,0.17404934427461896,0.5147797236438526,0.42358333333333337,0.15165404470492333,0.4839108320779366,0,8
0.673,-0.18599999999999994,0.7046666666666667,0.14118899862713424,0.6886470470802928,0.6035,0.1496231933892608,0.6232774082031706,0.48699999999999993,0.17313473471154456,0.5391213046217215,0.43120833333333336,0.15953437115465338,0.4990379655117017,0,9
0.681,0.008000000000000007,0.7376666666666667,0.1051538555324196,0.6848235235401464,0.6455000000000001,0.12402217543649266,0.639769577287979,0.5238333333333333,0.16225223535837152,0.5609487962183797,0.43654166666666666,0.16579950678236624,0.5135949282707656,0,10
1.692,1.011,1.0153333333333334,0.5860241747004414,1.1884117617700731,0.8436666666666667,0.42805217750487723,0.9404068409199849,0.6434166666666666,0.3582019385596331,0.7349566737232442,0.4852916666666667,0.3053218514469853,0.6078673340091043,1,0
1.352,-0.33999999999999986,1.241666666666667,0.5144514878327536,1.2702058808850367,0.9731666666666667,0.4476031352288174,1.0580048863714178,0.7172499999999999,0.40638005610511974,0.8298864162273605,0.5210416666666667,0.35290884143404405,0.667397947288376,0,1
0.432,-0.9200000000000002,1.1586666666666667,0.6518691075157141,0.8511029404425183,0.9481666666666667,0.47704147269044334,0.8791463474081556,0.7199166666666666,0.4042081953047407,0.7686731214231511,0.519,0.35329209494103675,0.648566111505306,0,2
0.401,-0.030999999999999972,0.7283333333333334,0.5403335389676757,0.6260514702212592,0.8718333333333333,0.5280762886805912,0.7425331052915397,0.7123333333333334,0.4096893131793087,0.7121080258195894,0.5160416666666666,0.35399932193089956,0.6287608225848815,0,3
0.562,0.16100000000000003,0.465,0.08542247947700107,0.5940257351106296,0.8533333333333334,0.5382808436742543,0.6909522180653855,0.7284166666666668,0.3986245575460551,0.6890144833858064,0.5208333333333334,0.3538024094428084,0.623419956778091,0,4
2.168,1.606,1.0436666666666667,0.9770231999974891,1.3810128675553148,1.1011666666666666,0.7455002123853937,1.112965870046704,0.8733333333333334,0.5623535499590229,0.9165507167110669,0.6003333333333334,0.4833078653959849,0.7469863602358439,1,0
1.696,-0.4720000000000002,1.4753333333333334,0.825426758309503,1.5385064337776573,1.1018333333333332,0.7461357561909676,1.2795470500333601,0.97275,0.5954132445773959,1.0364659910632104,0.658875,0.5272997920084684,0.8229074514169764,0,1
1.43,-0.266,1.7646666666666668,0.3737610644962038,1.4842532168888285,1.1148333333333333,0.752022450906,1.3225336071666858,1.0439999999999998,0.5946458074884882,1.0970096847457933,0.708125,0.5422432722536517,0.8714748553036182,0,2
1.271,-0.15900000000000003,1.4656666666666667,0.21473316775322437,1.3776266084444142,1.2546666666666668,0.6735718719384495,1.3078097194047755,1.1014166666666667,0.5790403437559161,1.1237774255541328,0.7519583333333334,0.5435035681788928,0.9034368668793288,0,3
1.335,0.06400000000000006,1.3453333333333333,0.08000208330621171,1.356313304222207,1.4103333333333332,0.5293031897378544,1.315578371003411,1.1410833333333332,0.5772252527603432,1.1562732062381125,0.79675,0.5454903856802291,0.9379619175289825,0,4
1.45,0.11499999999999999,1.352,0.09070281142280393,1.4031566521111034,1.5583333333333333,0.332051000098881,1.353984550716722,1.2058333333333333,0.5633580862411872,1.2014619437399414,0.8464166666666667,0.548561590744904,0.978924964126664,0,5
1.416,-0.03400000000000003,1.4003333333333332,0.0590790430976518,1.4095783260555517,1.4329999999999998,0.1453299693800296,1.3717032505119444,1.2670833333333331,0.5406054616367787,1.2344677985491812,0.8954583333333334,0.5444943389466296,1.0138909669965308,0,6
1.198,-0.21799999999999997,1.3546666666666667,0.1367381926651587,1.3037891630277758,1.3499999999999999,0.10032547034527334,1.3220737503656745,1.2259166666666665,0.5238562360615797,1.2288573680031534,0.9346666666666666,0.5302137113562271,1.0286196896368083,1,0
1.088,-0.10999999999999988,1.234,0.16693711390820293,1.195894581513888,1.293,0.13643753149335525,1.2551955359754818,1.2039166666666667,0.5236232959491065,1.207187003694976,0.9605833333333332,0.521438388262336,1.0333701144658636,0,1
0.81,-0.278,1.032,0.19996999774966162,1.002947290756944,1.2161666666666668,0.24102316624479678,1.1279968114110583,1.2354166666666666,0.48273867546311044,1.1460813108188257,0.9776666666666666,0.5088380340811167,1.0155005053085946,0,2
1.192,0.3819999999999999,1.03,0.19749430371532156,1.097473645378472,1.1923333333333332,0.2338868672385582,1.1462834367221846,1.3013333333333332,0.4064141043842151,1.1531457245390064,1.0068333333333332,0.49977044005585464,1.029620464883907,0,3
1.494,0.30200000000000005,1.1653333333333333,0.3427788402648761,1.295736822689236,1.1996666666666667,0.24405054121363257,1.2456310262301318,1.3789999999999998,0.33507366896902396,1.2055848438406978,1.0537083333333332,0.49000829444325505,1.0667708276931944,0,4
1.286,-0.20799999999999996,1.324,0.15454449197561423,1.290868411344618,1.178,0.22611501498131498,1.2571650187358085,1.3055,0.22488764871698494,1.217956406326744,1.0894166666666667,0.47345096772588713,1.084309161477739,0,5
1.33,0.04400000000000004,1.37,0.10961751684836167,1.310434205672309,1.2,0.23470832963489024,1.2779750133827203,1.2750000000000001,0.18908055041556773,1.2351938822764759,1.1238750000000002,0.45878301326538756,1.1039644285595198,0,6
1.391,0.06099999999999994,1.3356666666666666,0.0527288662246218,1.3507171028361546,1.2505,0.23835918274738302,1.3102678667019432,1.2717500000000002,0.18649159132884022,1.259164054233941,1.157875,0.4464074286918885,1.1269272742747583,0,7
0.826,-0.5650000000000001,1.1823333333333335,0.31009729655921464,1.0883585514180774,1.2531666666666668,0.23246196821559226,1.1719056190728165,1.2346666666666666,0.22658746388067974,1.1925234305056425,1.1680416666666666,0.4353638637284666,1.1028530923327775,1,0
1.149,0.32300000000000006,1.122,0.28346604734958997,1.1186792757090387,1.2459999999999998,0.23536949674926091,1.1653611564805832,1.2191666666666667,0.225459060316474,1.185827518120159,1.180125,0.4304098463901172,1.1065448449461555,0,1
0.595,-0.554,0.8566666666666668,0.27827025233274993,0.8568396378545193,1.0961666666666667,0.31767619782833423,1.0024008260575594,1.1479166666666665,0.27543864465556867,1.0949309768709037,1.1768750000000001,0.434678923234549,1.065621257350463,0,2
1.559,0.964,1.101,0.4837892102972118,1.2079198189272597,1.1416666666666666,0.3661549762964678,1.1614291614696852,1.1598333333333335,0.2907588295644633,1.166326211198457,1.2134583333333333,0.42802681541013754,1.105091556762426,1,0
0.982,-0.577,1.0453333333333334,0.4851106403010894,1.09495990946363,1.0836666666666666,0.3578232338273563,1.1101636867640607,1.1418333333333333,0.2948385793596007,1.1379683325525405,1.183875,0.41793106488989196,1.095244232221432,0,1
0.35,-0.632,0.9636666666666667,0.6047084697053058,0.722479954731815,0.9101666666666667,0.42506160337845955,0.892974061974329,1.0803333333333331,0.3735508565433121,1.0167424352367649,1.1421249999999998,0.44927838881051596,1.0356246936437175,0,2
0.3,-0.04999999999999999,0.5439999999999999,0.3801420787021582,0.5112399773659075,0.8224999999999999,0.4944680980609367,0.7235529014102351,1.0378333333333334,0.43160458193989887,0.9064743682772627,1.136625,0.4590512723565562,0.9767747181522202,0,3
0.31,0.010000000000000009,0.32,0.026457513110589168,0.4106199886829538,0.6826666666666666,0.5022404470636218,0.6053949295787393,0.9643333333333334,0.4758012062603327,0.8147090808499915,1.1328333333333334,0.46571895487250187,0.9234327407000427,0,4
0.28,-0.02999999999999997,0.2966666666666667,0.015275252316418306,0.3453099943414769,0.6301666666666667,0.5289886262167333,0.5124249496990995,0.8631666666666667,0.48196601791437776,0.7324461453346083,1.1210833333333332,0.48394779781965325,0.8719581214440393,0,5
0.275,-0.0050000000000000044,0.2883333333333334,0.01892969448591846,0.31015499717073847,0.41616666666666663,0.27848907818201185,0.44458924978507103,0.7789166666666666,0.48963612803671647,0.66206981528313,1.0422083333333334,0.4595478854896087,0.8242014717285162,0,6
0.329,0.05399999999999999,0.2946666666666667,0.02983845393666091,0.3195774985853692,0.30733333333333335,0.028786570943179313,0.41156374984647937,0.6954999999999999,0.4721720603185395,0.6108283052395715,0.9852499999999998,0.4597068300180203,0.784585353990235,0,7
0.279,-0.04999999999999999,0.29433333333333334,0.03008875759033984,0.2992887492926846,0.29550000000000004,0.021379897099846546,0.3736883927474853,0.6028333333333333,0.4305511971105566,0.5597777967411759,0.9372916666666667,0.4711865207312709,0.7441385256710162,1,0
0.468,0.189,0.3586666666666667,0.0979302472851492,0.3836443746463423,0.32350000000000007,0.07391549228680029,0.4006345662482038,0.573,0.42606166860508066,0.545658135704072,0.9038333333333334,0.47495497879699905,0.722047443617335,1,0
0.557,0.08900000000000002,0.43466666666666676,0.14196595836090692,0.4703221873231712,0.3646666666666667,0.11957368718353845,0.44531040446300274,0.5236666666666667,0.3856622010689322,0.5474030379034455,0.8714166666666667,0.47077917990485096,0.7088436481279482,0,1
0.295,-0.26200000000000007,0.44,0.13322537295874778,0.3826610936615856,0.3671666666666667,0.11758982382275562,0.40236457461643055,0.49866666666666665,0.3903132386205013,0.5085718013029153,0.8232916666666665,0.46808922218689925,0.6757361562777123,1,0
0.26,-0.034999999999999976,0.3706666666666667,0.16231553632764337,0.3213305468307928,0.3646666666666667,0.12007442136719504,0.361688981868879,0.3904166666666667,0.2062273495367916,0.47032998571785145,0.7751250000000001,0.46390528573237344,0.6424772637754954,0,1
0.245,-0.015000000000000013,0.26666666666666666,0.025658007197171633,0.28316527341539643,0.3506666666666667,0.12958497855332887,0.328349272763485,0.329,0.09231270965385406,0.4356638340689512,0.7354166666666667,0.4669118636378792,0.6106790826734557,0,2
0.232,-0.012999999999999984,0.2456666666666667,0.01401189970453794,0.2575826367076982,0.3428333333333333,0.13604325292592317,0.300820909116775,0.31916666666666665,0.09608030101131372,0.4043309365198818,0.69975,0.47147947071357016,0.5803847560595793,0,3
0.5,0.268,0.3256666666666667,0.15111695250146603,0.3787913183538491,0.34816666666666674,0.1424098545279318,0.3577292207976964,0.3358333333333334,0.10893937708096309,0.4190492539783615,0.6868333333333333,0.4725728530600079,0.573953975574813,0,4
0.214,-0.28600000000000003,0.31533333333333335,0.1601790664641616,0.29639565917692456,0.291,0.10600377351773863,0.31666372914121177,0.32783333333333337,0.11439710210358202,0.38750321490476747,0.6460833333333333,0.4692733436010332,0.5451576575288279,1,0
0.305,0.091,0.33966666666666673,0.1461175326007471,0.30069782958846225,0.2926666666666667,0.10615774426139005,0.3133312351008656,0.3299166666666667,0.11367214285218019,0.3748104126117263,0.5965416666666666,0.4375560564501794,0.5259450449265217,0,1
0.397,0.09200000000000003,0.3053333333333334,0.09150045537225629,0.34884891479423114,0.31550000000000006,0.11228312428855917,0.33723659650061827,0.34008333333333335,0.11376967029392437,0.37822419528684537,0.5595,0.41362690602922,0.5156294413324,0,2
0.32,-0.07700000000000001,0.34066666666666673,0.049359227438548904,0.33442445739711557,0.328,0.1069111780872329,0.33231185464329877,0.3393333333333333,0.11387898946875417,0.36926662678117683,0.5174166666666667,0.38199657597676445,0.499979086025808,0,3
0.305,-0.015000000000000013,0.34066666666666673,0.049359227438548904,0.31971222869855775,0.3401666666666667,0.09754469061238902,0.32450846760235624,0.34149999999999997,0.1128695949073347,0.35937945343022654,0.4721666666666667,0.3355089147609331,0.48438075914374334,0,4
0.359,0.05399999999999999,0.328,0.027874719729479178,0.33935611434927887,0.31666666666666665,0.06175651112770778,0.33436319114454016,0.3324166666666667,0.10593690946917028,0.3593210759794225,0.4527083333333333,0.3275432237213865,0.4743502984122439,0,5
0.345,-0.014000000000000012,0.3363333333333334,0.02802379940925892,0.34217805717463945,0.3385,0.03597638114096561,0.3374022793889573,0.31475000000000003,0.07944366214208576,0.3571178335210498,0.41920833333333335,0.29246998793137896,0.4640022745392644,0,6
0.382,0.03700000000000003,0.36200000000000004,0.018681541692193018,0.36208902858731973,0.3513333333333333,0.035364765892999944,0.35014448527782666,0.322,0.08142257895471482,0.360945859133196,0.41033333333333327,0.2901260096049243,0.4574420925761232,0,7
0.544,0.16200000000000003,0.4236666666666667,0.10584107583226243,0.4530445142936599,0.3758333333333333,0.08681800888448601,0.40553177519844763,0.3456666666666666,0.10074480210668699,0.38910803465116583,0.36804166666666666,0.16036466030695082,0.4643667251700334,0,8
0.341,-0.203,0.4223333333333334,0.10734213214451593,0.3970222571468299,0.37933333333333336,0.08450956553353409,0.3870941251417483,0.35366666666666663,0.09571010522627484,0.38170679855098644,0.3413333333333333,0.09281897607085558,0.4544973871564308,1,0
0.407,0.06599999999999995,0.43066666666666675,0.10354870029764136,0.4020111285734149,0.39633333333333337,0.07643995464851279,0.3927815179583916,0.36824999999999997,0.0885510895164243,0.38559806031237315,0.34370833333333334,0.09377469723001608,0.4506975961839163,0,1
0.356,-0.05099999999999999,0.36800000000000005,0.0345976877839716,0.37900556428670745,0.3958333333333333,0.0767422091594104,0.3822725128274226,0.35624999999999996,0.0782294120461816,0.38104451257200805,0.34604166666666664,0.09333552339563807,0.44312178848920303,0,2
0.31,-0.045999999999999985,0.35766666666666674,0.048521472909738336,0.3445027821433537,0.39000000000000007,0.08249363611818808,0.361623223448159,0.36425,0.06636966037416615,0.3701145875609299,0.34604166666666664,0.09333552339563807,0.4324720454100668,0,3
0.349,0.03899999999999998,0.3383333333333334,0.0247857485933025,0.34675139107167685,0.3845,0.08421579424312298,0.3580165881772564,0.36791666666666667,0.06397081484173457,0.366866189474633,0.3489166666666666,0.0922694149083958,0.4257942817772615,0,4
0.35,0.0010000000000000009,0.3363333333333334,0.0228108161478363,0.3483756955358384,0.3521666666666667,0.03142875541071727,0.355726134412326,0.36400000000000005,0.06346509420002876,0.36427139109392026,0.35204166666666664,0.09091729599007209,0.41973073923508053,0,5
0.383,0.03300000000000003,0.3606666666666667,0.019347695814501648,0.3656878477679192,0.35916666666666663,0.03307819019636187,0.3635186674373757,0.36925,0.062085168774986155,0.3671527155410094,0.35429166666666667,0.09099043388165845,0.4167922800962741,0,6
0.393,0.010000000000000009,0.37533333333333335,0.022501851775588205,0.3793439238839596,0.35683333333333334,0.029308133114661038,0.3719419053124112,0.3765833333333333,0.058922843746308094,0.3711292208423926,0.3590416666666667,0.08985760676066915,0.41488889768857223,0,7
0.313,-0.08000000000000002,0.36300000000000004,0.043588989435374134,0.3461719619419798,0.3496666666666666,0.034372469603836886,0.3551013609374366,0.3727500000000001,0.06160596930935982,0.3621862637897168,0.3525833333333333,0.08721732808818457,0.40673778587348647,1,0
0.491,0.178,0.399,0.08915155635207556,0.41858598097098987,0.3798333333333333,0.06139842560413653,0.39392954352674037,0.38491666666666663,0.06953410978967614,0.3820037616682219,0.3498333333333333,0.08133380850420419,0.41347876300360753,1,0
0.431,-0.06,0.4116666666666667,0.0905612131838498,0.4247929904854949,0.3935,0.06228242127599103,0.40452110251910023,0.389,0.07077493136055459,0.38954164448849543,0.3555,0.08208161368022236,0.41488046196331896,0,1
0.63,0.199,0.5173333333333333,0.10208003396027611,0.5273964952427475,0.44016666666666665,0.10988069287489358,0.4689436446565002,0.3961666666666667,0.08971655703414447,0.42653523764411155,0.37091666666666673,0.09679333280429864,0.43209002500625343,0,2
0.679,0.049000000000000044,0.5800000000000001,0.13134306224539632,0.6031982476213738,0.48950000000000005,0.1410953578258336,0.5289597461832145,0.4243333333333334,0.11907624244639133,0.46537597031424827,0.389,0.11164734853449924,0.4518428230057532,0,3
0.686,0.007000000000000006,0.6650000000000001,0.030512292604758476,0.644599123810687,0.5383333333333334,0.15134816373734666,0.5738283901308675,0.4475833333333334,0.1406649522371476,0.49931812872744086,0.40791666666666665,0.12188195167837125,0.47057539716529295,0,4
0.797,0.11099999999999999,0.7206666666666668,0.06619919435561089,0.7207995619053436,0.6190000000000001,0.13536764753810282,0.637591707236334,0.48433333333333334,0.16926328782716227,0.54511533969245,0.4202916666666667,0.14459853843950785,0.49668936539206954,0,5
0.679,-0.118,0.7206666666666668,0.06619919435561089,0.6998997809526718,0.6503333333333333,0.12078686462801615,0.6494226480259528,0.5150833333333333,0.16822790728020995,0.5657129797397653,0.43966666666666665,0.14689027749714956,0.511274216160704,0,6
1.2,0.5209999999999999,0.892,0.27318308878845193,0.9499498904763359,0.7785000000000001,0.21373511644088822,0.8067304628756806,0.586,0.2509045454133722,0.6632955982413399,0.4769583333333333,0.21088436542264394,0.5663722788678477,1,0
1.261,0.06099999999999994,1.0466666666666666,0.319866117826401,1.1054749452381678,0.8836666666666666,0.2730594562850126,0.9365217591969147,0.6619166666666666,0.30499670887444397,0.7552501215888261,0.5129583333333333,0.26375919174861945,0.6219424965584198,0,1
1.263,0.0020000000000000018,1.2413333333333332,0.03580968211718352,1.1842374726190839,0.9809999999999999,0.2891262699928875,1.0298012565692247,0.7352500000000001,0.3360500842001217,0.8333654874982375,0.55225,0.30132767806031063,0.6732270968337463,0,2
1.24,-0.02299999999999991,1.2546666666666666,0.012741009902428217,1.212118736309542,1.0733333333333333,0.26339071104856143,1.0898580404065892,0.8058333333333333,0.34642061489501763,0.8959246432677395,0.5912083333333333,0.32729483838258855,0.7185689290870465,0,3
1.323,0.08299999999999996,1.2753333333333334,0.04285246006163266,1.267559368154771,1.161,0.23947191902183465,1.1564700288618495,0.89,0.3383983666412327,0.9616285443034719,0.6313749999999999,0.3554960786795296,0.7669234147600829,0,4
1.292,-0.030999999999999917,1.285,0.0419404339510276,1.2797796840773854,1.2631666666666665,0.04229144909632258,1.1951928777584637,0.9567500000000001,0.3314683928439407,1.0124549221029377,0.6708333333333334,0.37438235125007785,0.8089295415792762,0,5
1.01,-0.28200000000000003,1.2083333333333333,0.17245965711821898,1.1448898420386926,1.2314999999999998,0.11227599921621789,1.1422806269703312,1.0050000000000001,0.28716007572590685,1.0120772417794088,0.697,0.37526257473934216,0.8250151782529341,1,0
0.777,-0.23299999999999998,1.0263333333333333,0.25788821867881684,0.9609449210193464,1.1508333333333334,0.21433004144698614,1.0379147335502366,1.01725,0.27246822166664003,0.9759115122748845,0.7067083333333333,0.3741445290568723,0.8211739639926994,0,1
0.398,-0.379,0.7283333333333334,0.3088888689048743,0.6794724605096731,1.0066666666666666,0.3630865828788868,0.8550819525358833,0.9938333333333333,0.3132100176423395,0.8870020488479792,0.7090833333333334,0.37189630586877426,0.7873200468732834,0,2
0.351,-0.04700000000000004,0.5086666666666667,0.23356869082420303,0.5152362302548366,0.8584999999999999,0.4249455259206762,0.711058537525631,0.9659166666666668,0.3552498373957355,0.8045401951790594,0.70675,0.37404350479357507,0.7524144431234208,0,3
0.273,-0.07799999999999996,0.3406666666666667,0.06313741627063757,0.3941181151274183,0.6835,0.41138631479425763,0.5858989553754507,0.92225,0.40641964989181,0.7227647805361272,0.7032916666666665,0.3777923836512958,0.7140612876735472,0,4
0.263,-0.010000000000000009,0.2956666666666667,0.04818021724039518,0.3285590575637092,0.512,0.3086318194872331,0.49364211098246474,0.8875833333333333,0.4449683253963817,0.652031737376723,0.7013333333333334,0.38003485728762243,0.6779763846596634,0,5
0.27,0.007000000000000006,0.26866666666666666,0.005131601439279756,0.2992795287818546,0.3886666666666667,0.19776821450037593,0.4297443649874748,0.8100833333333334,0.4660954756530492,0.5932576239341503,0.6980416666666667,0.38354518799208576,0.6453382738868902,0,6
0.267,-0.0030000000000000027,0.26666666666666666,0.0035118845840394403,0.2831397643909273,0.3036666666666667,0.05694090503905513,0.38324597499105345,0.7272500000000001,0.4669993430012897,0.5430641433288964,0.6945833333333332,0.3871768404709943,0.6150712119759391,0,7
0.26,-0.007000000000000006,0.26566666666666666,0.005131601439279147,0.27156988219546363,0.2806666666666667,0.034771635950393405,0.3480328392793239,0.6436666666666666,0.45190834415305003,0.49951581358598923,0.6894583333333334,0.3922612238720819,0.586665515017864,0,8
0.246,-0.014000000000000012,0.25766666666666665,0.010692676621482355,0.2587849410977318,0.2631666666666667,0.009621157241553095,0.31888059948523134,0.5608333333333334,0.4228283196272312,0.4605133807266063,0.6833333333333332,0.39819436663919394,0.559412273816435,0,9
0.238,-0.008000000000000007,0.248,0.011135528725581132,0.2483924705488659,0.25733333333333336,0.012612163441166184,0.29577185677516526,0.47041666666666665,0.3557122070472483,0.426280552922513,0.6802083333333333,0.40150759147803566,0.5336992919111202,0,10
0.45,0.21200000000000002,0.3113333333333333,0.12015545486298865,0.34919623527443294,0.28850000000000003,0.080069344945491,0.33983704055368946,0.40025,0.24461105490516677,0.4299296986267418,0.6785000000000001,0.4024337914759887,0.5270033485582306,1,0
0.349,-0.10100000000000003,0.3456666666666666,0.10603930089043292,0.34909811763721643,0.3016666666666667,0.0828653526310405,0.34245502896692104,0.3451666666666667,0.15153807402362052,0.4174789757610892,0.6750833333333333,0.4049665489853475,0.5127630806735721,0,1
0.243,-0.10599999999999998,0.3473333333333333,0.10351006392294311,0.2960490588186082,0.2976666666666667,0.08541350400649005,0.3140393064049436,0.3006666666666667,0.06927984533540354,0.39063605641322935,0.6589583333333334,0.4144338704437838,0.49118203421968637,0,2
0.27,0.027000000000000024,0.2873333333333334,0.0550847831377382,0.2830245294093041,0.2993333333333333,0.08462544928487346,0.30145664743210254,0.29,0.06244852425653198,0.3720766631188864,0.6419166666666667,0.42191549912962145,0.4734874714821115,0,3
0.248,-0.02200000000000002,0.2536666666666667,0.014364307617549192,0.26551226470465206,0.29966666666666664,0.08437693207664455,0.28618331959435894,0.2814166666666667,0.06034515621645513,0.35298794571598074,0.6236666666666667,0.42933342335042785,0.45544847376354264,0,4
0.468,0.22000000000000003,0.32866666666666666,0.12116655204028766,0.36675613235232607,0.338,0.10130547862776242,0.33813094256739923,0.2976666666666667,0.08069621297111322,0.3706821079135222,0.6099583333333333,0.428810435382296,0.45645259586245923,1,0
0.376,-0.09200000000000003,0.36400000000000005,0.11048981853545818,0.37137806617616304,0.32566666666666666,0.08865814495389972,0.348950673262428,0.3070833333333333,0.08284756904683538,0.3715002451575957,0.5973333333333334,0.4311434409412572,0.4500163881934625,0,1
1.279,0.9029999999999999,0.7076666666666668,0.4969228645708833,0.8251890330880814,0.48066666666666663,0.40086190473362104,0.6146790523303056,0.39116666666666666,0.29137724168111917,0.5111155920564272,0.6006250000000001,0.43621642140610495,0.5163350771379855,1,0
0.576,-0.703,0.7436666666666666,0.4742745337179011,0.7005945165440407,0.5361666666666667,0.3840762511099413,0.6036278945216469,0.4169166666666666,0.29305552013021047,0.5210978086631307,0.5720833333333333,0.41291697414399503,0.5211082709669467,0,1
0.333,-0.24299999999999994,0.7293333333333334,0.49128640662380685,0.5167972582720204,0.5466666666666666,0.37612320676430844,0.5263056389440335,0.423,0.2902462903999109,0.49215968425341833,0.5333333333333333,0.3881543470083134,0.506059609289591,0,2
0.395,0.062,0.43466666666666676,0.12626295313088498,0.4558986291360102,0.5711666666666666,0.3570834169583722,0.48878974210288106,0.43541666666666673,0.28512786871007856,0.47721204052212324,0.498125,0.35845529858959757,0.4971748405464238,0,3
0.38,-0.015000000000000013,0.36933333333333346,0.032347076117200314,0.4179493145680051,0.5565,0.36391029114329815,0.45770695864491506,0.44725,0.2790722047330148,0.4622563419802581,0.45883333333333337,0.3128937403554509,0.4878008533027099,0,4
0.351,-0.029000000000000026,0.37533333333333346,0.022368132093046174,0.38447465728400254,0.5523333333333333,0.3665240328636946,0.42721925617493933,0.439,0.28044347996440516,0.445139981675603,0.41962499999999997,0.25811386306114803,0.4768567850384931,0,5
0.272,-0.07899999999999996,0.3343333333333334,0.05589573627148936,0.3282373286420013,0.3845,0.10318284741176725,0.3828708972678138,0.4325833333333334,0.28355357304727985,0.4185030614178179,0.388875,0.22678093480560857,0.46046824223541366,0,6
0.249,-0.02300000000000002,0.2906666666666667,0.05350077881051653,0.28861866432100064,0.33,0.05848076606885415,0.34462206947700985,0.4330833333333333,0.283193945214337,0.39242566735353823,0.366875,0.21266309597884103,0.44355078285658056,0,7
0.377,0.128,0.2993333333333334,0.06823733093645905,0.33280933216050035,0.3373333333333333,0.06160735886780661,0.3538729067692927,0.44199999999999995,0.2792493183844539,0.3900524877606862,0.36600000000000005,0.21257264742855325,0.43822672022805415,1,0
0.392,0.015000000000000013,0.33933333333333343,0.07858965156642385,0.3624046660802502,0.3368333333333333,0.06105543928813149,0.3647663619780662,0.454,0.273182922399826,0.3903521050282729,0.3677083333333333,0.21261160325951428,0.4345285826098098,0,1
0.339,-0.05299999999999999,0.36933333333333346,0.027319101986192057,0.3507023330401251,0.33,0.05744562646538066,0.3574045442700473,0.44325,0.27511324114725144,0.38245178117776935,0.37045833333333333,0.21175847176044746,0.426886296001025,0,2
0.461,0.122,0.3973333333333335,0.06117461347104707,0.4058511665200626,0.3483333333333334,0.0789978902671882,0.3870032459071766,0.4503333333333333,0.27431744495394544,0.3945361225350356,0.37870833333333337,0.21124629745490725,0.42961539232094303,0,3
0.417,-0.04400000000000004,0.4056666666666667,0.061784571968510296,0.4114255832600313,0.37250000000000005,0.07292119033586904,0.3955737470765547,0.3785,0.0854150295482453,0.3979921036834917,0.38483333333333336,0.2100852139048596,0.4286061609352676,0,4
0.368,-0.04899999999999999,0.4153333333333334,0.04652239604031641,0.38971279163001565,0.39233333333333337,0.042415406006151866,0.3876955336261105,0.36116666666666664,0.05858301543084017,0.39337793388603143,0.3890416666666667,0.2086287485226958,0.42375766806044624,0,5
0.366,-0.0020000000000000018,0.38366666666666677,0.028884828774496624,0.37785639581500785,0.3905,0.04343616005127568,0.3814968097329361,0.36391666666666667,0.057911308886693755,0.38916594405741123,0.3934583333333333,0.20689295261216853,0.41913705461561057,0,6
0.329,-0.03699999999999998,0.3543333333333334,0.021962088546673676,0.3534281979075039,0.38000000000000006,0.050103892064389935,0.36649772123781155,0.35841666666666666,0.05782490550766218,0.37990964497165564,0.39691666666666675,0.2050060267760293,0.41192609024636173,0,7
0.504,0.175,0.3996666666666668,0.09222978549976152,0.42871409895375195,0.40750000000000003,0.06589309523766537,0.4057840865984368,0.36874999999999997,0.07149586764918267,0.39900046882217016,0.408,0.20322358644349772,0.4192920030266528,1,0
0.45,-0.05399999999999999,0.4276666666666667,0.08961212715549201,0.439357049476876,0.4056666666666667,0.06423913656538906,0.4184172047131691,0.377,0.07489265044655209,0.40684655054183627,0.408,0.20322358644349772,0.4217486427845206,0,1
0.493,0.04299999999999998,0.48233333333333345,0.028536526301078908,0.466178524738438,0.4183333333333334,0.07371476559459919,0.4397265747951208,0.3954166666666666,0.07389114639218863,0.42010092738155375,0.414,0.203531431180204,0.42744875136175897,0,2
0.412,-0.08100000000000002,0.4516666666666667,0.0405257120027781,0.43908926236921897,0.42566666666666664,0.0697901616753157,0.4318046962822291,0.409,0.057747097526435025,0.4188546308613147,0.4210416666666667,0.20025515879295003,0.42621285125281827,0,3
1.027,0.615,0.644,0.33415116339764417,0.7330446311846095,0.5358333333333333,0.24882718233076284,0.6018604973444492,0.46316666666666667,0.18644367091495143,0.5124154568826509,0.45258333333333334,0.23245792824895914,0.4742758231525928,1,0
0.549,-0.47799999999999987,0.6626666666666666,0.3228720076645426,0.6410223155923047,0.5725,0.22755285100389325,0.586757498103178,0.47625,0.18650426512305604,0.5180438481314739,0.465125,0.22903489623996878,0.48025375730038544,1,0
0.517,-0.03200000000000003,0.6976666666666667,0.2856594709323192,0.5790111577961523,0.5746666666666667,0.22683092087867276,0.5668267843594129,0.49108333333333337,0.18161020112184065,0.5178832561112471,0.4671666666666667,0.22927990614600297,0.4831934567163546,0,1
0.74,0.22299999999999998,0.6020000000000001,0.12057777573002026,0.6595055788980762,0.6229999999999999,0.22584862186871993,0.6163048459710092,0.5143333333333333,0.19478955233012357,0.5520550628633629,0.4823333333333333,0.23495599341276815,0.5037379801790463,0,2
0.562,-0.17799999999999994,0.6063333333333334,0.11792511748280093,0.6107527894490381,0.6345,0.2195748164066181,0.600789175693578,0.5264166666666666,0.19268884872831293,0.5535850531920763,0.45245833333333335,0.1641775229986497,0.5083989417647226,0,3
0.468,-0.09400000000000003,0.5900000000000001,0.13814485151462955,0.539376394724519,0.6438333333333334,0.20916922973197255,0.5628494112096986,0.53475,0.18730195601560856,0.5404181219317569,0.4479583333333334,0.16211120154593828,0.5051670264235447,0,4
0.421,-0.04700000000000004,0.48366666666666674,0.07179368588763374,0.4801881973622595,0.5428333333333334,0.10990071276687302,0.5223210080069276,0.5393333333333333,0.18343011219700622,0.522046103173025,0.451625,0.16038399912059242,0.49843366430966113,0,5
0.71,0.289,0.533,0.1550774000297882,0.5950940986811297,0.5696666666666667,0.12959732507527583,0.5759435771478054,0.5710833333333333,0.17655875063061197,0.5509620873002519,0.46475,0.16824496891502727,0.5153589711648883,1,0
0.645,-0.06499999999999995,0.5920000000000001,0.15161464309227868,0.6200470493405649,0.5910000000000001,0.12972894819584427,0.5956739836770039,0.5828333333333333,0.17638018510300377,0.5654294584848285,0.47579166666666667,0.17111246725261264,0.5257302534716972,0,1
0.56,-0.08499999999999996,0.6383333333333334,0.07522189397597243,0.5900235246702825,0.5609999999999999,0.10724551272664073,0.5854814169121456,0.592,0.1716439231771301,0.5645941571794703,0.4845,0.16979860193002871,0.5284718331939615,0,2
0.574,0.013999999999999901,0.5930000000000001,0.04557411546041291,0.5820117623351413,0.5630000000000001,0.10737970012995966,0.582201012080104,0.59875,0.16896859579116033,0.5660412099210902,0.4970833333333333,0.16447278529121553,0.5321140865384446,0,3
0.472,-0.10199999999999998,0.5353333333333334,0.05529315810597455,0.5270058811675706,0.5636666666666666,0.10668208221939957,0.5507150086286456,0.6037499999999999,0.1637471026808224,0.5515733314716917,0.506375,0.15592523640458933,0.527304959615369,0,4
0.46,-0.011999999999999955,0.5020000000000001,0.06264183905345465,0.4935029405837853,0.5701666666666667,0.09699982817854226,0.5247964347347469,0.5565,0.09985307388176176,0.537485126629893,0.5098333333333332,0.15383748247580536,0.5219205628461395,0,5
0.462,0.0020000000000000018,0.46466666666666673,0.006429100507240872,0.4777514702918927,0.5288333333333334,0.07608000175254154,0.5068545962391049,0.54925,0.10353754259819452,0.525872030225294,0.51275,0.15216074166600527,0.5171269178184484,0,6
0.324,-0.138,0.4153333333333334,0.0791033079797055,0.4008757351459463,0.47533333333333333,0.08969875510098638,0.45461042588507494,0.5331666666666667,0.12229385871248037,0.4948147948060181,0.512125,0.15293428895813851,0.5016767643929726,0,7
0.279,-0.044999999999999984,0.35500000000000015,0.09535722311392422,0.3399378675729732,0.42849999999999994,0.10811799110231406,0.4044360184893393,0.49475,0.1238122662450193,0.4616125186820153,0.5045416666666667,0.1599317732705114,0.48386262324153484,0,8
0.304,0.024999999999999967,0.3023333333333334,0.022546248764084675,0.3219689337864866,0.3835,0.09014155534491333,0.37574001320667094,0.47325,0.1331234048133205,0.4373644388847822,0.49983333333333335,0.16422669027019465,0.4694736133822121,0,9
0.236,-0.068,0.2730000000000001,0.03439476704381956,0.2789844668932433,0.3441666666666667,0.09515128305318193,0.33581429514762207,0.4539166666666667,0.14976190699867276,0.40638529444096955,0.4943333333333333,0.1709082303120795,0.45079572431163517,0,10
0.225,-0.010999999999999982,0.25500000000000006,0.04279018579065284,0.25199223344662164,0.305,0.08584637441383348,0.3041530679625872,0.43758333333333327,0.163716194752513,0.37847986452697424,0.48845833333333327,0.1777961654515541,0.4327320663667044,0,11
0.265,0.04000000000000001,0.24200000000000008,0.020663978319737226,0.25849611672331085,0.27216666666666667,0.03829055584170532,0.2929664771161337,0.4005,0.14582212078107798,0.36102142383051666,0.4857916666666666,0.180747236232807,0.4193135010573681,0,12
0.264,-0.0010000000000000009,0.2513333333333334,0.022810816147869787,0.26124805836165543,0.26216666666666666,0.028673448810123188,0.2846903407972384,0.3687500000000001,0.12815482468838035,0.3460950509335141,0.47579166666666667,0.1862513447086978,0.40688842097277866,0,13
0.283,0.01899999999999996,0.2706666666666668,0.010692676621498684,0.2721240291808277,0.2628333333333333,0.0291850418308207,0.2842073862837417,0.3456666666666666,0.11482899011006502,0.33638812002066576,0.4688333333333334,0.19033167084733252,0.3969773472949564,0,14
0.434,0.15100000000000002,0.32700000000000007,0.09315041599476996,0.35306201459041386,0.2845,0.0762174520697201,0.3270052759169584,0.334,0.09490473692555891,0.3514053323251787,0.466375,0.19038697719896083,0.39993915951135983,0,15
0.23,-0.204,0.3156666666666667,0.1058505235382991,0.2915310072952069,0.28350000000000003,0.07701623205532766,0.2992894827978274,0.31383333333333335,0.08840385978136307,0.33272758889053583,0.45879166666666665,0.1961833612513691,0.3863440267504511,1,0
0.27,0.04000000000000001,0.3113333333333334,0.1080987203131101,0.28076550364760344,0.291,0.07222188034107169,0.2909210591413053,0.298,0.0759880373360328,0.32307719059968415,0.42724999999999996,0.15799373955676743,0.37703650461041505,0,1
0.488,0.21799999999999997,0.3293333333333334,0.13885724083868303,0.3843827518238017,0.32816666666666666,0.10575900276887415,0.3472293279580752,0.30016666666666664,0.08127599817159044,0.34844993050742507,0.4247083333333333,0.1564329219121482,0.3859135842415819,1,0
0.323,-0.16499999999999998,0.3603333333333334,0.1136940338510868,0.35369137591190086,0.338,0.10124623449788174,0.34030666282719657,0.3000833333333333,0.08124984848471024,0.3445345565832058,0.41662499999999997,0.15646886410651759,0.3808804975022554,0,1
0.215,-0.10800000000000001,0.3420000000000001,0.13748818131024468,0.28434568795595044,0.32666666666666666,0.1118814849144698,0.30450475916228326,0.29475,0.08478327986964791,0.3246061632627126,0.39475,0.14561630642085902,0.36761005770207494,0,2
0.377,0.162,0.3050000000000001,0.082486362509197,0.33067284397797525,0.31716666666666665,0.10301342954521385,0.32521768511591664,0.30083333333333334,0.08806282192878616,0.33266675352998754,0.3870416666666667,0.14120767289371822,0.368361253085909,0,3
0.344,-0.03300000000000003,0.3120000000000001,0.08560957890329018,0.3373364219889876,0.33616666666666667,0.09382412625048382,0.3305840607970833,0.30983333333333335,0.08633637528278668,0.3344103299099894,0.38187499999999996,0.14038280351147178,0.3664123528390363,0,4
0.288,-0.055999999999999994,0.3363333333333334,0.04499259198281462,0.3126682109944938,0.3391666666666666,0.09154543498540345,0.3184171862836309,0.3150833333333333,0.08254085306224367,0.32727027915460644,0.37633333333333335,0.14139265913749693,0.3601393646119134,0,5
0.341,0.05300000000000005,0.3243333333333334,0.031501322723530484,0.3268341054972469,0.31466666666666665,0.05683895377878397,0.3248694187740221,0.3214166666666667,0.0812543238942742,0.32938254390005156,0.3609583333333333,0.12230662791478428,0.3586082154429604,0,6
0.351,0.009999999999999953,0.3266666666666667,0.03385754470324186,0.33891705274862344,0.3193333333333333,0.05877641250252296,0.3323352991243015,0.32866666666666666,0.07952853499712123,0.3327083063769667,0.34870833333333334,0.10629592783998729,0.35799955820752355,0,7
0.727,0.376,0.47300000000000003,0.2200272710370214,0.5329585263743117,0.4046666666666667,0.1605548712019249,0.4450966422316439,0.36566666666666664,0.1380805649765485,0.3933685669343564,0.35566666666666663,0.12461616430382756,0.3875195935509217,1,0
0.91,0.18300000000000005,0.6626666666666667,0.2849988304069554,0.7214792631871558,0.4935,0.2592826642874529,0.5779261730226029,0.4053333333333333,0.20943140918094286,0.47285032586753234,0.36966666666666664,0.16313282576042482,0.429318026066848,0,1
0.452,-0.458,0.6963333333333335,0.23053488528492289,0.5867396315935779,0.5115,0.250425837325145,0.5419472664447164,0.42383333333333334,0.20221628085400192,0.46964258342637355,0.36883333333333335,0.1626376785765065,0.4311325839815002,0,2
0.345,-0.10700000000000004,0.5690000000000001,0.30012164200536934,0.46586981579678893,0.521,0.241161356771768,0.4856766188890831,0.4300833333333333,0.1981475383891945,0.4504668013607776,0.36404166666666665,0.1615251977022627,0.4242419772629802,0,3
0.443,0.09800000000000003,0.4133333333333334,0.059349248801751686,0.45443490789839447,0.5379999999999999,0.22923525034339715,0.4734832992064879,0.4263333333333334,0.1973761214872095,0.4493180626898888,0.36325,0.16107013055350508,0.4257426190819418,0,4
0.359,-0.08400000000000002,0.3823333333333334,0.053003144560791735,0.4067174539491972,0.5393333333333333,0.2279497020543493,0.4407737851474913,0.42933333333333334,0.1959310330115422,0.4354229761222136,0.36470833333333336,0.16085761437199889,0.42040320955538646,0,5
0.365,0.006000000000000005,0.38900000000000007,0.04686149805542777,0.3858587269745986,0.47900000000000004,0.21593424925194243,0.41912413224820805,0.4418333333333333,0.18552227669882526,0.4245886721034115,0.3682916666666667,0.15981986576378746,0.4159709527909556,0,6
0.354,-0.01100000000000001,0.35933333333333345,0.005507570547179044,0.3699293634872993,0.38633333333333336,0.047915202876193,0.4005172373201486,0.4399166666666667,0.18636984653363328,0.41372887639519434,0.37037499999999995,0.15927029595600825,0.41101327656767916,0,7
0.834,0.48,0.5176666666666667,0.2740079074284761,0.6019646817436497,0.45,0.19144294189131134,0.5243694552286775,0.48075,0.21493429228487546,0.47838597233439517,0.39529166666666665,0.18242722889026475,0.44485221444226486,1,0
1.129,0.29500000000000004,0.7723333333333334,0.3911627964586262,0.8654823408718249,0.5806666666666667,0.32582981242769454,0.6971210394490553,0.5508333333333333,0.2750701838815073,0.5784804381291035,0.43295833333333333,0.23225837920330486,0.4995840372868837,0,1
1.178,0.04899999999999993,1.047,0.1860833146738298,1.0217411704359125,0.7031666666666667,0.3946245895362661,0.8345150281778966,0.6205833333333334,0.3195489600652582,0.6707142168784722,0.4709999999999999,0.27448418026799365,0.553857314303933,0,2
1.183,0.0050000000000001155,1.1633333333333333,0.029838453936707116,1.1023705852179564,0.8405,0.39427642587403033,0.934082162984212,0.6899166666666666,0.3449873405670347,0.7495274142817843,0.5092916666666666,0.3065772445633547,0.6041887291596184,0,3
1.441,0.258,1.2673333333333334,0.1504205216495843,1.2716852926089781,1.0198333333333334,0.3791587618223616,1.0789158307030084,0.7494166666666667,0.40781534554330595,0.8559078120845868,0.5575416666666667,0.3564779375046051,0.671133630826849,0,4
1.207,-0.23399999999999999,1.2770000000000001,0.14253420642077366,1.2393426463044892,1.162,0.1945435683850781,1.115511307645006,0.7741666666666666,0.4270077353638994,0.9099219948408042,0.58975,0.3790374823727583,0.714002940360701,0,5
1.849,0.6419999999999999,1.4989999999999999,0.3249061402928541,1.5441713231522445,1.3311666666666666,0.27637540893984425,1.3250795054607187,0.8905833333333333,0.5129711064578645,1.0543955340960651,0.6572083333333334,0.44970869597094143,0.8048027051318449,1,0
1.555,-0.29400000000000004,1.5370000000000001,0.3213782817802096,1.5495856615761223,1.4021666666666668,0.26866366830419425,1.3907710753290847,0.9914166666666665,0.5148974228529462,1.1314116057735935,0.71075,0.47725530948831046,0.8648184887212973,0,1
1.168,-0.387,1.524,0.3415567302806371,1.3587928307880612,1.4005,0.27035809586546405,1.327122196663632,1.0518333333333334,0.4864464528754948,1.137040589500733,0.7390833333333333,0.4835989999510168,0.8890730096235935,0,2
1.499,0.3310000000000002,1.407333333333333,0.20915146027062123,1.4288964153940307,1.4531666666666665,0.24948780865338113,1.3762301404740227,1.1468333333333334,0.4486922073868637,1.1927266526544664,0.7880833333333332,0.4989418295506627,0.937867168853706,0,3
1.326,-0.17300000000000004,1.3310000000000002,0.16555663683464916,1.3774482076970154,1.4340000000000002,0.2549666644877315,1.3618786717671592,1.2269166666666667,0.37640028459397246,1.2132302445537793,0.834375,0.4949829871911718,0.9689177953454096,0,4
1.251,-0.07500000000000018,1.358666666666667,0.12718621518597545,1.3142241038485076,1.4413333333333334,0.2476599819645195,1.3301990512622566,1.3016666666666667,0.25761046468486215,1.21904097616089,0.8707916666666667,0.49201201639326075,0.9914843717177768,0,5
1.227,-0.0239999999999998,1.268,0.051643005334700405,1.2706120519242539,1.3376666666666666,0.1561687121886649,1.300713608044469,1.3344166666666668,0.21404904210073328,1.220265441366907,0.9075833333333333,0.48385372535119714,1.0103256219803547,0,6
1.224,-0.0030000000000001137,1.234,0.01479864858694489,1.247306025962127,1.2825,0.11778752056138779,1.2787954343174779,1.3423333333333334,0.20741496979959945,1.2208399888489212,0.9465833333333333,0.4692437872620774,1.0274195722219264,0,7
1.292,0.06800000000000006,1.2476666666666667,0.03842308333974802,1.2696530129810635,1.3031666666666668,0.10371772590384937,1.282568167369627,1.3518333333333334,0.2017369274049422,1.2317876828721641,0.9862083333333334,0.45584426966718083,1.0485860064441723,0,8
1.268,-0.02400000000000002,1.2613333333333334,0.03448671241700524,1.2688265064905317,1.2646666666666666,0.03944447574332792,1.2784058338354478,1.3589166666666668,0.19669933601280362,1.237358808584139,1.0244166666666665,0.43838348475979844,1.0661391259286386,0,9
0.839,-0.42900000000000005,1.1330000000000002,0.2548940956554309,1.0539132532452657,1.1835,0.170693585116721,1.1528613098824627,1.30875,0.24475818307426886,1.176072838032733,1.0290833333333333,0.4356674955360638,1.0479679958543475,1,0
0.45,-0.38899999999999996,0.8523333333333335,0.4091629667178268,0.7519566266226329,1.05,0.3382939550154558,0.9520437927731876,1.2456666666666667,0.34880532036531603,1.0643693244892356,1.0099166666666666,0.4509835547629938,1.0001305561859997,0,1
0.467,0.017000000000000015,0.5853333333333334,0.21984615833198815,0.6094783133113164,0.9233333333333335,0.39610789775850946,0.8134598519808484,1.1305,0.3594777777933876,0.9724663514908917,1.0105416666666667,0.45018643279797077,0.9574801116911198,0,2
0.449,-0.018000000000000016,0.4553333333333334,0.010115993937014461,0.5292391566556582,0.7941666666666668,0.40472085029890137,0.709328465700606,1.0383333333333333,0.38183440802462354,0.891933066646139,1.0148750000000002,0.44395909648054926,0.9168017027558302,0,3
0.316,-0.133,0.41066666666666674,0.0824762592103555,0.42261957832782915,0.6315000000000001,0.35806074903568946,0.5969489040718615,0.9673333333333334,0.4315124212545559,0.8033279794698099,1.0095833333333333,0.4517601245627231,0.8687375665353637,0,4
0.286,-0.030000000000000027,0.3503333333333334,0.08675444272965967,0.35430978916391453,0.4678333333333333,0.19725862887758697,0.5081063600513297,0.86625,0.43767612039456316,0.7237390595513776,1.0065416666666667,0.4565512475797939,0.8221185612125347,0,5
0.315,0.029000000000000026,0.3056666666666667,0.01703917055885741,0.3346548945819573,0.3805,0.082928282268469,0.45293311432237837,0.782,0.4384366855918049,0.6608561273127042,1.0044583333333332,0.45970916885302143,0.7815490763155319,0,6
0.241,-0.07400000000000001,0.28066666666666673,0.03728717384482031,0.28782744729097864,0.3456666666666666,0.09136228251672306,0.392380795944556,0.6978333333333332,0.43716084689803375,0.5962628769569035,0.99975,0.4671787899071725,0.7383051502102894,0,7
0.231,-0.009999999999999981,0.2623333333333334,0.0458839114868585,0.2594137236454893,0.30633333333333335,0.07858668250197039,0.3462719971032543,0.6148333333333333,0.42184159744308464,0.5400685881943029,0.9746250000000001,0.4920340048782415,0.6977207381934664,0,8
0.279,0.048000000000000015,0.2503333333333334,0.02532455988430746,0.26920686182274467,0.27799999999999997,0.03593327149034468,0.3270514265023245,0.5360833333333334,0.38432170670211235,0.499904190010564,0.9392083333333333,0.5106772978469197,0.6642230791379891,0,9
0.256,-0.02300000000000002,0.2553333333333334,0.02400694344005232,0.26260343091137234,0.26799999999999996,0.03129217154495374,0.30675101893023177,0.44975000000000004,0.30782672959726187,0.46238046847047726,0.9007916666666667,0.5263711683632167,0.63156523280695,0,10
0.232,-0.023999999999999994,0.25566666666666676,0.023501772982774536,0.2473017154556862,0.259,0.0328085354747634,0.28539358495016554,0.3634166666666667,0.17340727589502633,0.42693731947501923,0.8611666666666666,0.5398264348011728,0.5996000141823941,0,11
0.252,0.01999999999999999,0.24666666666666673,0.012858201014678432,0.2496508577278431,0.24849999999999997,0.018074844397637367,0.2758525606786897,0.3145,0.08959048244905847,0.40002388570963165,0.8116249999999999,0.5388579559950196,0.5717920130478025,0,12
0.216,-0.036000000000000004,0.2333333333333334,0.018036999011306943,0.23282542886392155,0.24433333333333332,0.02249147986828495,0.2587518290562069,0.295,0.08261080712924905,0.37171251867738064,0.7703333333333333,0.5451760518733669,0.5433286520039783,0,13
0.268,0.05200000000000002,0.2453333333333334,0.026633312473927813,0.2504127144319608,0.2505,0.023166786570407303,0.26139416361157636,0.2784166666666667,0.06246083621443609,0.35575674657316825,0.7044583333333333,0.5030627049831143,0.52130235984366,1,0
0.524,0.256,0.3360000000000001,0.16487571076420104,0.3872063572159804,0.29133333333333333,0.11547236321590329,0.3364244025796974,0.2846666666666667,0.08183057145250158,0.38164032402345005,0.6615,0.47022251901765066,0.5215181710561673,1,0
0.525,0.0010000000000000009,0.43900000000000006,0.14809118812407582,0.4561031786079902,0.33616666666666667,0.1469427326092227,0.3903031446997839,0.3020833333333333,0.10736383201172986,0.4036956587890731,0.6347083333333333,0.4582753566756917,0.5217967173716739,0,1
0.442,-0.08300000000000002,0.4970000000000001,0.04763402145526218,0.44905158930399514,0.37116666666666664,0.14209914379286576,0.40507367478555995,0.3150833333333333,0.11445003541310556,0.40958863435998494,0.5906666666666667,0.4208665663445688,0.51541297998194,0,2
0.601,0.15899999999999997,0.5226666666666667,0.07952567719506508,0.5250257946519976,0.42933333333333334,0.15445603473696184,0.4610526248468285,0.3389166666666667,0.1411056717714107,0.43903653676614113,0.5604583333333333,0.39073230902862555,0.5222599415833848,0,3
0.371,-0.22999999999999998,0.4713333333333334,0.11777237933120706,0.4480128973259988,0.45516666666666666,0.12097175978990125,0.43532330346202036,0.34975,0.13785771650509981,0.4285693772636579,0.5237916666666667,0.36345144752792746,0.5101591462567141,0,4
0.368,-0.0030000000000000027,0.44666666666666677,0.13366500414593846,0.4080064486629994,0.4718333333333333,0.09388379341859583,0.41608807390144315,0.36116666666666664,0.13270598625487565,0.4192510115307875,0.488,0.3321376089881253,0.498786414556177,0,5
0.527,0.15900000000000003,0.4220000000000001,0.09094503834734709,0.4675032243314997,0.4723333333333333,0.09422455447846692,0.44777719564388796,0.3818333333333333,0.13795376915562277,0.4358277789875894,0.4589583333333333,0.29317133722622946,0.5010435013916829,0,6
0.413,-0.11400000000000005,0.4360000000000001,0.08195730595865401,0.4402516121657498,0.45366666666666666,0.09278721176253531,0.43784085403134854,0.39491666666666664,0.13226245143882098,0.4323158129894987,0.4223333333333333,0.2333869089631282,0.49400002128034826,0,7
0.41,-0.0030000000000000027,0.45,0.06670082458261228,0.42512580608287487,0.4483333333333333,0.09449585528829066,0.42988632430810614,0.40975,0.12190616734342867,0.4288826109911143,0.38658333333333333,0.14848859322803842,0.4872800195779204,0,8
0.385,-0.024999999999999967,0.40266666666666673,0.015373136743481147,0.40506290304143744,0.4123333333333334,0.05928799766112493,0.4170616602200758,0.42083333333333334,0.11189510780867737,0.42213144006940445,0.36766666666666664,0.1130327642637425,0.47909761801168677,0,9
0.323,-0.062,0.3726666666666667,0.04479211240088803,0.3640314515207187,0.4043333333333334,0.06850304129500785,0.39018690015719704,0.42975,0.09741488126004906,0.40688044928949607,0.36237499999999995,0.11197857423167108,0.46660980857075185,0,10
0.339,0.016000000000000014,0.34900000000000003,0.03218695387886946,0.3515157257603594,0.3995,0.0724865504766152,0.375562071540855,0.43566666666666665,0.08844035826305392,0.39643730324495824,0.3570416666666667,0.10980594708163179,0.4564010238850917,0,11
0.412,0.07299999999999995,0.3580000000000001,0.0474447046571107,0.38175786288017965,0.38033333333333336,0.03991824979461827,0.38597290824346786,0.4263333333333333,0.08407283999153826,0.3988315642841954,0.3555,0.10871302469866159,0.4528489419742844,0,12
0.541,0.12900000000000006,0.43066666666666675,0.10228554801795686,0.46137893144008985,0.40166666666666667,0.07743814736075205,0.4302663630310485,0.4276666666666667,0.08588717052392884,0.4207036313173962,0.364875,0.11469555637501941,0.45990102661634163,0,13
0.386,-0.15500000000000003,0.4463333333333334,0.08300803173990907,0.42368946572004496,0.3976666666666666,0.07754138679869962,0.41761883073646316,0.42300000000000004,0.08655634003353178,0.41536461111471984,0.3690416666666667,0.1135159361218702,0.45398894448703436,0,14
0.456,0.07,0.4610000000000001,0.07762087348130275,0.43984473286002246,0.4095,0.08057977413717964,0.42858487909747367,0.41091666666666665,0.06746373885730358,0.42161620940476296,0.37491666666666673,0.11424379601333957,0.45414982892807165,0,15
0.433,-0.02300000000000002,0.42500000000000004,0.0356791255498285,0.4364223664300112,0.42783333333333334,0.06858401174228258,0.4298463422124812,0.4160833333333333,0.06649601263963188,0.42336756180403023,0.3829166666666666,0.11113873690384013,0.45245784261382593,0,16
0.376,-0.056999999999999995,0.4216666666666667,0.04118656738954777,0.4062111832150056,0.434,0.06014316253738983,0.4144616730089151,0.41675,0.0660084360999715,0.4160802446034102,0.3889583333333333,0.10635971743453858,0.44634121520471987,0,17
0.398,0.02200000000000002,0.40233333333333343,0.028746014216474717,0.4021055916075028,0.4316666666666667,0.061425293378750384,0.4097583378635108,0.40599999999999997,0.05619608527291201,0.4132986685105779,0.39391666666666664,0.10375259731340038,0.4424739179883423,0,18
0.551,0.15300000000000002,0.4416666666666667,0.09532226042920801,0.47655279580375143,0.4333333333333334,0.0650158954922991,0.4501130984739363,0.4175,0.07014724772674084,0.43448348873971976,0.4062083333333333,0.1041766806780801,0.45115600454927496,1,0
0.913,0.362,0.6206666666666667,0.2644736911931576,0.6947763979018757,0.5211666666666667,0.2013389348006629,0.5823664989099545,0.45941666666666664,0.15911885685254576,0.5081014135489936,0.4345833333333333,0.1409254865296704,0.488103524185333,0,1
1.112,0.19900000000000007,0.8586666666666667,0.2844192914225996,0.9033881989509379,0.6305000000000001,0.3084806314827545,0.7336903563642532,0.52,0.24398025255410305,0.60100888838761,0.47041666666666665,0.19241258131753336,0.5380152422505063,0,2
1.079,-0.03300000000000014,1.0346666666666666,0.10665051961117475,0.9911940994754689,0.7381666666666667,0.3371631158158698,0.8323502545458952,0.583,0.28297670961020516,0.6745459824818238,0.506375,0.22127433543395864,0.5812940228704658,0,3
1.103,0.02400000000000002,1.098,0.017058722109237864,1.0470970497377343,0.8593333333333334,0.3105625004192645,0.909678753247068,0.6466666666666666,0.3079339756073263,0.7404619851769279,0.5411666666666667,0.24638440568006661,0.6230305010408286,0,4
1.744,0.641,1.3086666666666666,0.3772006539407552,1.3955485248688673,1.0836666666666666,0.38732398152795255,1.1480562523193343,0.7576666666666667,0.431095503726649,0.894852448995862,0.592,0.34770789839849237,0.7127080609575623,0,5
1.269,-0.4750000000000001,1.3719999999999999,0.33268152939410384,1.3322742624344337,1.2033333333333334,0.28802546183743155,1.1826116087995244,0.8183333333333334,0.4486979817069368,0.9524136106888063,0.623,0.37367121097703526,0.7572114160809573,0,6
1.064,-0.20499999999999985,1.359,0.34881943753179806,1.1981371312172169,1.2285000000000001,0.26310207144756403,1.148722577713946,0.8748333333333335,0.4316734526201136,0.9695807475059129,0.6489166666666667,0.3820479046523823,0.7817545027944808,0,7
1.342,0.278,1.225,0.1441284149638789,1.2700685656086086,1.2668333333333335,0.2594636133770317,1.2039446983671045,0.9486666666666667,0.4292878528517436,1.026876017120388,0.6797916666666667,0.40712587297944564,0.8265741425709223,0,8
1.212,-0.13000000000000012,1.2060000000000002,0.13909708839512097,1.2410342828043044,1.289,0.2455133397597758,1.2062462131193603,1.0135833333333333,0.4022698005372041,1.0553566298710975,0.7148333333333333,0.4154990364313286,0.8574082111652486,0,9
1.218,0.006000000000000005,1.2573333333333334,0.07338483040338362,1.2295171414021522,1.3081666666666667,0.23221749862287677,1.2096044379424002,1.08375,0.35113119148882677,1.0803786868140055,0.75025,0.42084214225247485,0.8862555542720287,0,10
1.148,-0.07000000000000006,1.1926666666666665,0.038798625405204935,1.1887585707010762,1.2088333333333334,0.09604669003492906,1.1920031699588574,1.14625,0.27686955412251346,1.090781965765697,0.7761250000000001,0.4255831102095714,0.9071951099302665,0,11
1.094,-0.053999999999999826,1.1533333333333333,0.062171804970850175,1.141379285350538,1.1796666666666666,0.10058561858767752,1.1640022642563266,1.1915,0.2060584647838818,1.0912770479555898,0.8045,0.4230142355503663,0.9221395011358453,0,12
0.616,-0.4780000000000001,0.9526666666666666,0.2928093805419041,0.8786896426752691,1.105,0.2535657705606162,1.007430188754519,1.16675,0.2546563192011741,1.0181575021162683,0.8130833333333333,0.4167043490206858,0.8976483410449777,0,13
0.551,-0.06499999999999995,0.7536666666666667,0.29652374834628986,0.7148448213376346,0.9731666666666667,0.30592313849505676,0.8770215633960851,1.1199999999999999,0.3109036682142723,0.946287117175304,0.82,0.4106231743391351,0.8699164737613795,0,14
0.582,0.030999999999999917,0.5830000000000001,0.032511536414027674,0.6484224106688172,0.8681666666666666,0.31552015255236177,0.7927296881400607,1.0785833333333332,0.3477787850535636,0.8902429453021803,0.8307916666666667,0.4002663221196461,0.8468831558604692,0,15
0.459,-0.12299999999999994,0.5306666666666666,0.06397134775299053,0.5537112053344087,0.7416666666666667,0.29892652385940194,0.697378348671472,1.0249166666666667,0.39070762338313353,0.8238978767941526,0.8357916666666667,0.3945648102565071,0.8158525033916317,0,16
0.402,-0.056999999999999995,0.48100000000000004,0.09199456505685959,0.47785560266720434,0.6173333333333334,0.2466979259472312,0.6129845347653371,0.9130833333333332,0.3567582472343095,0.7589905111335138,0.835375,0.3950367965799816,0.7827443031203012,0,17
0.365,-0.03700000000000003,0.4086666666666667,0.04735328218121956,0.42142780133360214,0.49583333333333335,0.10216343116137742,0.5421318105466694,0.8377499999999999,0.3699702997907705,0.6983765863437423,0.8280416666666667,0.4023057975099847,0.7493247588706772,0,18
0.357,-0.008000000000000007,0.37466666666666665,0.024006943440060224,0.38921390066680106,0.4526666666666667,0.0957510661385318,0.48923700753333527,0.7788333333333334,0.38658595030044346,0.6458571115216282,0.8268333333333334,0.40373222579443346,0.717938778161023,0,19
0.271,-0.08599999999999997,0.331,0.052115256883190866,0.33010695033340054,0.40599999999999997,0.10593205369480384,0.42688357680952516,0.6895833333333333,0.36792871303934405,0.5881867866721469,0.8191250000000001,0.4127848489488671,0.6821836759081412,0,20
0.276,0.0050000000000000044,0.3013333333333334,0.04827352621607778,0.3030534751667003,0.35500000000000004,0.0726993810152383,0.3837739834353751,0.6115833333333334,0.3456497066351567,0.5401580502610474,0.8125833333333334,0.42034488083070504,0.64968898183549,0,21
0.226,-0.05000000000000002,0.2576666666666667,0.027537852736450145,0.26452673758335016,0.31616666666666665,0.06812170481326377,0.33869570245383934,0.5289166666666667,0.30348564690737556,0.49182604252857853,0.8063333333333333,0.42816104920692044,0.6157938632886508,0,22
0.239,0.012999999999999984,0.247,0.025942243542166833,0.25176336879167505,0.289,0.0589270735740268,0.3102112160384567,0.45316666666666666,0.24216254245794802,0.4529297282934126,0.7997083333333334,0.4359138805221554,0.5856503542255588,0,23
0.32,0.08100000000000002,0.26166666666666666,0.05093459858813464,0.2858816843958375,0.28150000000000003,0.04941558458622912,0.3130080114560405,0.3886666666666667,0.13558381060056654,0.4324790008636568,0.7900833333333334,0.44411719141477163,0.564398325887514,0,24
0.514,0.194,0.35766666666666663,0.1413164298067789,0.39994084219791876,0.3076666666666667,0.10626131312319381,0.3704342938971718,0.3801666666666666,0.12261308941940219,0.44502069303847885,0.7734583333333332,0.44677598502728577,0.560366459816513,0,25
0.392,-0.122,0.4086666666666667,0.09806800361654243,0.3959704210989594,0.32783333333333337,0.10934791569419808,0.37659592421226556,0.3669166666666666,0.11046304057617631,0.4368636633402513,0.7434583333333333,0.44722827350603467,0.546897143031192,0,26
0.228,-0.164,0.37799999999999995,0.14351306560728502,0.3119852105494797,0.31983333333333336,0.11548232187943507,0.334139945865904,0.3374166666666667,0.09381651175986334,0.4047307920571357,0.7080000000000001,0.45316452526264894,0.5213853715886967,0,27
0.262,0.034,0.294,0.08655634003353559,0.28699260527473985,0.32583333333333336,0.11045798597958162,0.31352853276136,0.321,0.08763975851591559,0.3827722086637302,0.6729583333333333,0.45380789645405945,0.500634541861601,0,28
0.261,-0.0010000000000000009,0.2503333333333333,0.019347695814603817,0.27399630263736996,0.32949999999999996,0.10731961610068674,0.29852038054382857,0.30924999999999997,0.08521110149612293,0.364038022715464,0.6111666666666667,0.399325482006484,0.4814637785126729,0,29
0.441,0.18,0.3213333333333333,0.10363557947603866,0.357498151318685,0.34966666666666674,0.11618031961853718,0.3392288432455918,0.3155833333333334,0.09226390837093085,0.37587832691308487,0.5766666666666667,0.37505045071258203,0.4782266762316591,0,30
0.303,-0.138,0.33499999999999996,0.0941700589359536,0.3302490756593425,0.3145,0.08395415415569843,0.32887774517542273,0.3110833333333333,0.09137282103690991,0.3646662766187641,0.5449583333333333,0.36406610474361556,0.4642085421331264,0,31
1.067,0.764,0.6036666666666667,0.407147802810397,0.6986245378296712,0.427,0.32235198153571015,0.5397698179824448,0.3774166666666667,0.23526405216782453,0.4727176186774158,0.5335,0.3415193673291025,0.5124318587624763,1,0
0.62,-0.44699999999999995,0.6633333333333332,0.3838389419187868,0.6593122689148356,0.4923333333333333,0.31355743758786125,0.5626927271303177,0.40608333333333335,0.2426259591647329,0.495376446573198,0.5088333333333334,0.3103387583392335,0.5210373100614782,0,1
0.428,-0.192,0.705,0.3278704012258509,0.5436561344574178,0.52,0.2960013513482647,0.5242090908073698,0.42291666666666666,0.23591040608029618,0.4850108394080906,0.4759166666666666,0.27128885883415355,0.51359432525656,0,2
0.364,-0.064,0.47066666666666657,0.1332266239658357,0.4538280672287089,0.5371666666666667,0.28056045100239185,0.47843506486240694,0.43333333333333335,0.22973001281478073,0.46639378719146124,0.44325,0.23106224457830926,0.5016267792360353,0,3
0.357,-0.007000000000000006,0.38299999999999995,0.039127995093040345,0.40541403361435446,0.5231666666666667,0.2883077637988015,0.4437393320445764,0.4364166666666667,0.22831455906005735,0.44956397377739027,0.41254166666666664,0.18524906364057941,0.49005663689715245,0,4
0.342,-0.014999999999999958,0.3543333333333332,0.011239810200104205,0.3737070168071772,0.5296666666666666,0.2827370981436032,0.4146709514604117,0.4220833333333333,0.22840015058637625,0.43301567011933023,0.40112499999999995,0.18054851509871014,0.4782121059453803,0,5
0.37,0.02799999999999997,0.3563333333333332,0.014011899704692563,0.3718535084035886,0.4135,0.10535606294845488,0.40190782247172263,0.42025,0.2287516020808292,0.42332095163943323,0.3935833333333334,0.17777487391952446,0.46955513746974986,0,6
0.466,0.09600000000000003,0.39266666666666655,0.06503332479071257,0.4189267542017943,0.3878333333333333,0.048292511496767714,0.4202198731940876,0.4400833333333333,0.22074520825987934,0.42988695907952046,0.38875,0.173965576305003,0.4692707264721699,0,7
0.366,-0.10000000000000003,0.40066666666666656,0.056615663321507595,0.3924633771008972,0.3775,0.044460094466822364,0.4047284808529197,0.44875,0.21508692745872976,0.4200581961442096,0.384875,0.17336749419507586,0.46100906835439637,1,0
0.374,0.008000000000000007,0.4019999999999999,0.0555697759578079,0.3832316885504486,0.37916666666666665,0.04403824095789291,0.39594891489494266,0.45816666666666667,0.20849235143299885,0.4129723198143312,0.3837083333333333,0.1733414522206746,0.4540483428860447,0,1
0.446,0.07200000000000001,0.3953333333333333,0.04406056437829987,0.4146158442752243,0.39399999999999996,0.04970311861441674,0.4102492249249591,0.45858333333333334,0.20845991911825248,0.41805350138135716,0.3870833333333333,0.17374942393815862,0.4534044754551611,0,2
0.549,0.10300000000000004,0.45633333333333326,0.08795642860720435,0.48180792213761214,0.42850000000000005,0.07284435461996216,0.44989230351782794,0.47908333333333336,0.20381295272128844,0.43819911655345606,0.3950833333333333,0.17669918349917957,0.46105211741874824,0,3
0.412,-0.13700000000000007,0.4689999999999999,0.07133722730805345,0.44690396106880603,0.4355,0.0679521890743691,0.4390659310841628,0.42450000000000004,0.08530107107928532,0.4341684832375397,0.4009583333333333,0.17472723566765233,0.45712794802524837,1,0
0.38,-0.03199999999999997,0.4469999999999999,0.08977193325311042,0.413451980534403,0.4211666666666667,0.06928900826729638,0.422189950774402,0.4045,0.05954295622795553,0.4258348704317644,0.4052916666666666,0.17277214931727705,0.4509577121832285,0,1
0.485,0.10499999999999998,0.4256666666666666,0.053817593158132455,0.4492259902672015,0.441,0.06734389356132306,0.44013567912457285,0.40924999999999995,0.06371545409796335,0.43493719805764675,0.41608333333333336,0.16913691820962853,0.45368109520857025,0,2
0.428,-0.056999999999999995,0.4309999999999999,0.052564246403814505,0.43861299513360075,0.45,0.05978294071053057,0.43666834223183776,0.4145833333333333,0.06224505578515891,0.4338699368180088,0.42395833333333327,0.16487979262024205,0.45162660759188467,0,3
0.417,-0.01100000000000001,0.4433333333333332,0.03650114153467321,0.42780649756680034,0.4451666666666667,0.06132345935011722,0.4310488158798841,0.41958333333333336,0.059550526038950474,0.4312745619229305,0.42799999999999994,0.16340294287169888,0.4488564789845339,0,4
0.428,0.01100000000000001,0.42433333333333323,0.006350852961159385,0.42790324878340014,0.425,0.03428119017768783,0.4301777256284886,0.42675,0.05430909014822314,0.43077078316555656,0.42441666666666666,0.1623747454840677,0.4471879606657712,0,5
0.776,0.34800000000000003,0.5403333333333332,0.2041674149646171,0.6019516243917,0.48566666666666664,0.14616793994123845,0.5289840897346347,0.46058333333333334,0.11178832133939255,0.4838829703708556,0.4404166666666667,0.17727696745039104,0.47349292381250957,1,0
0.711,-0.06500000000000006,0.6383333333333332,0.1850306280952806,0.65647581219585,0.5408333333333334,0.1601092335459311,0.5809886355247391,0.48100000000000004,0.1331915913261812,0.5188240518522624,0.4605416666666667,0.17951601095280315,0.4924934899075088,0,1
0.805,0.09400000000000008,0.7639999999999999,0.04813522618624106,0.7307379060979251,0.5941666666666667,0.1885602467824688,0.6449918825176708,0.5175833333333334,0.15691077854705465,0.5628511207980682,0.4831666666666667,0.1874480024518519,0.5174940107149081,0,2
0.998,0.19299999999999995,0.838,0.1463181465164199,0.8643689530489626,0.6891666666666666,0.22763779709588117,0.7458513446554791,0.5695833333333333,0.20193764038945516,0.6297971022137501,0.513875,0.2086403838728487,0.5559344898577154,0,3
0.788,-0.20999999999999996,0.8636666666666667,0.11664618867898693,0.8261844765244812,0.751,0.18539039888839695,0.7578938176110566,0.5980833333333333,0.2069810963407637,0.6541360095654808,0.5283333333333333,0.21528801066532433,0.5744997306690982,0,4
1.264,0.476,1.0166666666666666,0.23854838782379925,1.0450922382622405,0.8903333333333334,0.20698083647204066,0.9024955840078975,0.6576666666666666,0.28118041226661644,0.7479612388630992,0.568375,0.2569025889659193,0.6296597522155704,1,0
1.217,-0.04699999999999993,1.0896666666666666,0.26230580118124286,1.1310461191311203,0.9638333333333334,0.23470442404578928,0.9923539885770696,0.7247499999999999,0.3116213101010439,0.8201210482687762,0.574625,0.27099860620530536,0.6766469720383248,0,1
1.358,0.14100000000000001,1.2796666666666667,0.07179368588764394,1.24452305956556,1.0716666666666665,0.24376436709795327,1.0968242775550499,0.80625,0.3398705970325656,0.902871656227426,0.605375,0.31471516625286095,0.7311552142752589,0,2
1.499,0.14100000000000001,1.3579999999999999,0.14100000000000126,1.37176152978278,1.1873333333333334,0.2562558617215727,1.2117316268250358,0.89075,0.37678668307870733,0.9945837091155144,0.65,0.3609986149557925,0.7925827971332382,0,3
1.239,-0.26,1.3653333333333333,0.1301550357586432,1.3053807648913902,1.2275,0.23894664676450086,1.2195225905893112,0.9583333333333334,0.35852991084384656,1.0321862154054353,0.6864583333333334,0.3747801650320487,0.8282961733625792,0,4
1.357,0.11799999999999988,1.3650000000000002,0.13018448448260014,1.331190382445695,1.3223333333333334,0.10500222219870335,1.2588018504209366,1.0366666666666668,0.33114685929998167,1.0821575668815222,0.728125,0.3917630508910693,0.8705924794935729,0,5
1.243,-0.11399999999999988,1.2796666666666665,0.06700248751601481,1.2870951912228477,1.3188333333333333,0.10765206299307908,1.2542870360149547,1.1045833333333335,0.27352695008763156,1.1069025565920572,0.7656666666666666,0.3962969535112767,0.9003850811340871,0,6
1.285,0.041999999999999815,1.295,0.05765414122160161,1.2860475956114237,1.3301666666666667,0.09792735402667567,1.2630621685821106,1.147,0.2569011129173655,1.1343021632702022,0.8037916666666667,0.4005675299053741,0.9311542746433602,0,7
1.004,-0.2809999999999999,1.1773333333333331,0.1515728647658735,1.1450237978057118,1.2711666666666666,0.16289434203392655,1.1890444061300791,1.1714166666666668,0.22343982648714436,1.114255676613248,0.8262083333333333,0.39586833331151977,0.9369819326718913,0,8
0.585,-0.41900000000000004,0.9579999999999999,0.35225984727186915,0.8650118989028559,1.1188333333333333,0.2871782837657921,1.0164602900929136,1.1530833333333332,0.2619453302897481,1.0328317263650562,0.8353333333333334,0.3872288017794339,0.9088233780581401,0,9
0.576,-0.009000000000000008,0.7216666666666666,0.24454924521113147,0.7205059494514279,1.0083333333333333,0.35194412435309347,0.8906144929235098,1.1179166666666667,0.3087957425322762,0.9625499223088937,0.8437500000000001,0.37887054689477734,0.8821975078134889,0,10
0.506,-0.06999999999999995,0.5556666666666666,0.04324735059323537,0.6132529747257139,0.8664999999999999,0.35479388382552335,0.780724637802507,1.0944166666666668,0.3448152228060518,0.8923114727229101,0.84625,0.3763212376587898,0.8521017071884098,0,11
0.449,-0.056999999999999995,0.5103333333333332,0.0636107957294534,0.531126487362857,0.7341666666666665,0.33372888197856887,0.6859461698589335,1.0265,0.3861611769008556,0.8241097076886162,0.8420833333333334,0.3802882106881643,0.8198535706133371,0,12
0.325,-0.124,0.4266666666666666,0.09254368337890112,0.42806324368142845,0.5741666666666666,0.23120330159118718,0.5828186927563811,0.9521666666666667,0.4295697283505333,0.7473235988134446,0.8384583333333334,0.3849521685890978,0.7802652849642702,0,13
0.219,-0.10600000000000001,0.3309999999999999,0.11511733144926971,0.3235316218407142,0.44333333333333336,0.1455728912492479,0.4788704948259865,0.8572500000000001,0.4567229367013337,0.6660430451498377,0.83175,0.3945714516216075,0.7353640621671286,0,14
0.221,0.0020000000000000018,0.25499999999999995,0.06063002556490519,0.2722658109203571,0.38266666666666665,0.15049075276130863,0.40519321058999036,0.75075,0.4422482077665516,0.597574884357555,0.82075,0.4081063640128956,0.6942149371937584,0,15
0.258,0.037000000000000005,0.23266666666666658,0.021962088546729812,0.26513290546017854,0.32966666666666666,0.12210432697765171,0.36313800756427883,0.669,0.43438943566594895,0.5453325944563927,0.8136666666666666,0.4166063376614788,0.6593177422182577,0,16
0.277,0.019000000000000017,0.25199999999999995,0.02847806173181487,0.2710664527300893,0.2915,0.08658810541869241,0.33852714826019914,0.579,0.3883246064827722,0.5040506568477169,0.8078333333333334,0.42332787854525145,0.628732322840797,0,17
0.221,-0.05600000000000002,0.25199999999999995,0.02847806173181487,0.24603322636504465,0.2535,0.042396933851383184,0.3049479630429994,0.49383333333333335,0.3383091198978541,0.4605044019480681,0.7992083333333334,0.4333922792962782,0.5961137370135333,0,18
0.218,-0.0030000000000000027,0.23866666666666658,0.033231511150328366,0.2320166131825223,0.2356666666666667,0.02540603602818065,0.2801056878878567,0.40491666666666665,0.2363066029675446,0.423196032417596,0.7759583333333334,0.4493645251344119,0.5658646380524507,0,19
0.268,0.05000000000000002,0.2356666666666666,0.028041635710749822,0.25000830659126116,0.24383333333333335,0.026813553786568835,0.27664691991989765,0.3435833333333333,0.14427023780098147,0.3993197197379659,0.7575000000000002,0.46109416184436414,0.5420354670082547,0,20
0.253,-0.015000000000000013,0.2463333333333333,0.025658007197255098,0.2515041532956306,0.24916666666666668,0.024441085627795338,0.2698906570856412,0.3159166666666667,0.12420324862779251,0.3768089936244327,0.7345,0.47225398472321733,0.5189126296475943,0,21
0.227,-0.025999999999999995,0.2493333333333333,0.020744477176694354,0.23925207664781528,0.244,0.025455844122687296,0.2576361836326008,0.28683333333333333,0.0952526146940908,0.35376145614375076,0.7023750000000001,0.4797147533328715,0.4955596192757868,0,22
0.464,0.23700000000000002,0.3146666666666666,0.12997820330091645,0.35162603832390765,0.2751666666666667,0.09457571922362128,0.3165972740232863,0.2833333333333333,0.08687015737538734,0.37072123212163527,0.688875,0.48175497222225944,0.49303484973372386,1,0
0.23,-0.234,0.30699999999999994,0.13597426227047912,0.29081301916195385,0.27666666666666667,0.09361125288481748,0.2918551957309188,0.26508333333333334,0.07033227415546246,0.34907181179522984,0.6457916666666667,0.47426235439585757,0.47199206175502595,1,0
0.263,0.033,0.31899999999999995,0.12665306944563576,0.27690650958097696,0.2841666666666667,0.08969150833086292,0.2836108540935134,0.25991666666666663,0.06776088752951978,0.33582999459596374,0.6060416666666667,0.4641775783850002,0.4552726968146239,0,1
0.293,0.02999999999999997,0.26199999999999996,0.03151190251319425,0.2849532547904885,0.28833333333333333,0.08937039032400639,0.28629346720965243,0.26608333333333334,0.06706232966879695,0.32924076465812313,0.5616666666666666,0.4394113321713273,0.442290881069454,0,2
0.347,0.05399999999999999,0.30099999999999993,0.04256759330759772,0.31597662739524424,0.304,0.09017316674043671,0.3036381908640374,0.27658333333333335,0.06919203623819872,0.3319729547107195,0.5136666666666666,0.3930419456171233,0.43466761058389775,0,3
0.366,0.019000000000000017,0.33533333333333326,0.03787259343290812,0.3409883136976221,0.32716666666666666,0.08408428311322687,0.3214558506171696,0.28558333333333336,0.07344813672162896,0.33720788475522423,0.4772916666666666,0.3621810115742246,0.4291742017371859,0,4
0.35,-0.016000000000000014,0.3543333333333332,0.010214368964079266,0.345494156848811,0.30816666666666664,0.054740904876200855,0.32961132186940684,0.2916666666666667,0.07566232800270015,0.3391759024851897,0.43533333333333335,0.3104758853153012,0.4228402655982111,0,5
0.56,0.21000000000000008,0.4253333333333333,0.11689881664642425,0.45274707842440554,0.36316666666666664,0.1040603991279359,0.39543665847814774,0.3199166666666667,0.10462266253136449,0.37314884056439124,0.40687499999999993,0.26050708285456003,0.4338130443503542,1,0
0.395,-0.16500000000000004,0.4349999999999999,0.11056672193748433,0.4238735392122028,0.38516666666666666,0.09188997043565388,0.3953118989129627,0.33466666666666667,0.10137449323566614,0.37651055740063877,0.3697916666666667,0.18140801457935815,0.4307080008023259,0,1
0.549,0.15400000000000003,0.5013333333333333,0.09225146791967195,0.4864367696061014,0.4278333333333333,0.09964219320481352,0.4392227849378305,0.3580833333333333,0.11597762976566135,0.40304739472361745,0.35083333333333333,0.12822760561041913,0.4401713607381399,0,2
1.055,0.5059999999999999,0.6663333333333332,0.34529021609847865,0.7707183848030507,0.5458333333333333,0.2656700334374682,0.6151591320984503,0.42491666666666666,0.22743808681338631,0.5033477955353687,0.37041666666666667,0.1876613315585293,0.48935765187908875,0,3
0.998,-0.05699999999999994,0.8673333333333332,0.2771539884853436,0.8843591924015253,0.6511666666666667,0.3028025209054006,0.7245422372131788,0.4891666666666666,0.2711466672329114,0.5794481346837735,0.38799999999999996,0.2240110633913881,0.5300490397287617,0,4
0.933,-0.06499999999999995,0.9953333333333333,0.061043700193664056,0.9086795962007627,0.7483333333333334,0.2794735527141445,0.7841015980094135,0.52825,0.2995072088979131,0.6338407293478083,0.4057916666666667,0.2493178483236909,0.5622851165504608,0,5
0.983,0.04999999999999993,0.9713333333333333,0.0340342964277794,0.9458397981003813,0.8188333333333334,0.2757915275469241,0.8409297128638669,0.591,0.31003577506181723,0.6875575402173764,0.42804166666666665,0.27576667503157853,0.5959423072264239,0,6
0.976,-0.007000000000000006,0.9639999999999999,0.027073972741373364,0.9609198990501906,0.9156666666666667,0.18390831048831344,0.8795212234741907,0.6504166666666666,0.30978304969573095,0.7319333032608569,0.45516666666666666,0.2964330948294169,0.62634692264831,0,7
0.981,0.0050000000000000044,0.9799999999999999,0.0036055512755510093,0.9709599495250953,0.9876666666666667,0.03957608705602399,0.9085151596244219,0.7077499999999999,0.3011665576629404,0.7702512566053404,0.48691666666666666,0.3105116278249396,0.6547191688364452,0,8
0.897,-0.08399999999999996,0.951333333333333,0.04712041312779371,0.9339799747625477,0.9613333333333335,0.03835970107633745,0.9052251140174441,0.7535833333333333,0.2825502234787268,0.789751063281442,0.5150833333333333,0.3159538927103787,0.6741016353295297,1,0
0.333,-0.5640000000000001,0.7369999999999998,0.35238615182779326,0.6334899873812738,0.8505000000000001,0.25577783328505854,0.7417322242981743,0.7508333333333334,0.2867941400863666,0.7194816689304508,0.5182083333333333,0.31366320613686727,0.6468135045031673,1,0
0.349,0.01599999999999996,0.5263333333333332,0.3211064205732016,0.4912449936906369,0.7531666666666665,0.32092517300247075,0.6295230173558388,0.75075,0.2869213148392615,0.6624844890949969,0.5212083333333334,0.3115933776109746,0.622988424142914,0,1
0.343,-0.00599999999999995,0.3416666666666665,0.008082903768679341,0.41712249684531844,0.6465,0.3352943482971329,0.5476592981113134,0.7326666666666667,0.30622520926252705,0.6133330292342282,0.5262916666666667,0.3074504525888722,0.600589350211481,0,2
0.394,0.05099999999999999,0.3619999999999999,0.02787471972953994,0.4055612484226592,0.5495,0.30359298410865654,0.503756641508081,0.7325833333333334,0.3063255719991489,0.5795894862751162,0.533625,0.3018248574342714,0.5840622021945625,0,3
0.459,0.065,0.39866666666666656,0.058140634098139514,0.4322806242113296,0.46249999999999997,0.21791167935656616,0.4909690296486293,0.7250833333333332,0.31227303272888723,0.561037257617406,0.5415833333333333,0.2969959620083684,0.5740572260189976,0,4
0.559,0.10000000000000003,0.4706666666666665,0.08311638426528048,0.49564031210566484,0.40616666666666673,0.08821432234430829,0.5104064497490209,0.68375,0.29709139242755794,0.5607238333685742,0.5543333333333332,0.290567161534678,0.5728526479374778,0,5
0.509,-0.050000000000000044,0.5089999999999998,0.050000000000004395,0.5023201560528324,0.4355,0.08828080199000736,0.5100046069635864,0.643,0.28328495130586007,0.5527663205426397,0.5660833333333333,0.28234020746897515,0.5677444361024796,0,6
0.904,0.395,0.6573333333333332,0.21507750540987275,0.7031600780264162,0.528,0.19981991892701528,0.6225747192597046,0.6405833333333333,0.28069798015056313,0.6068022712283875,0.5844166666666667,0.2896150243320282,0.5946448812142813,0,7
0.45,-0.454,0.6209999999999999,0.24685420798520025,0.5765800390132081,0.5458333333333334,0.18416885368233588,0.5732676566140747,0.5961666666666666,0.2632150290449834,0.5826788448855587,0.5935833333333334,0.2812710153179166,0.5830732907171389,1,0
0.455,0.0050000000000000044,0.6029999999999999,0.26068563443350784,0.5157900195066041,0.556,0.17559498853896424,0.539476897581482,0.55275,0.23647760801164477,0.5630359456723958,0.6015833333333334,0.2740986678372326,0.5728274274597678,0,1
0.415,-0.040000000000000036,0.4399999999999998,0.021794494717712786,0.46539500975330206,0.5486666666666666,0.1812828361060849,0.5039120697010586,0.5055833333333334,0.196334343003012,0.5402611847997195,0.6066666666666666,0.2692147464574434,0.5602012332629864,0,2
0.672,0.25700000000000006,0.5139999999999999,0.13828593565507832,0.568697504876651,0.5675,0.18830480609904515,0.5519371926436133,0.4868333333333333,0.16356474021751877,0.5605286948305319,0.6202083333333334,0.26370289262674146,0.5691451346019476,0,3
0.694,0.02199999999999991,0.5936666666666665,0.15512038335864775,0.6313487524383254,0.5983333333333333,0.19192151173504673,0.5925265661740095,0.5169166666666666,0.16588082158494716,0.5810627417796809,0.633875,0.25840166113680735,0.5791335238337918,0,4
0.689,-0.0050000000000000044,0.6849999999999997,0.01153256259469518,0.6601743762191628,0.5625,0.1350951516524519,0.6200904044100067,0.54525,0.16361380526327024,0.5976684738135761,0.648,0.25137949831661593,0.5879228419270884,0,5
0.738,0.049000000000000044,0.7069999999999999,0.026962937525436145,0.6990871881095814,0.6104999999999999,0.13825592211547036,0.653778860292862,0.5781666666666667,0.15889094792760636,0.6192579393807183,0.6554166666666666,0.25129610399697494,0.5999290145729214,0,6
0.639,-0.09899999999999998,0.6886666666666664,0.04950084174369055,0.6690435940547907,0.6411666666666667,0.11538009649270405,0.6495563287806156,0.5985833333333334,0.1484743371356772,0.6222951794759923,0.6655833333333333,0.24516328483662575,0.6030546934070877,0,7
0.599,-0.040000000000000036,0.6586666666666665,0.07155650447956421,0.6340217970273954,0.6718333333333333,0.04805587026228661,0.6351116634147255,0.61025,0.14186236928157428,0.6187113057104551,0.6676666666666667,0.24434057960269337,0.6027303179345207,0,8
0.599,0.0,0.6123333333333331,0.023094010767597126,0.6165108985136977,0.6596666666666666,0.05650368719531241,0.6247940452962325,0.6135833333333333,0.1410160908506111,0.6156787971396158,0.6486666666666667,0.2302340334201875,0.602431892499759,0,9
0.562,-0.03699999999999992,0.5866666666666666,0.021361959960029143,0.5892554492568489,0.6376666666666667,0.0654512541259959,0.606852889497309,0.618,0.13824549968016353,0.607420520656598,0.6305,0.21836686322911333,0.5991973410997783,0,10
0.558,-0.0040000000000000036,0.5729999999999998,0.022605309110926914,0.5736277246284245,0.6158333333333333,0.06673954350057901,0.5928949210695065,0.5891666666666667,0.10533827184433721,0.599817363632506,0.614875,0.2089960083870975,0.5959015538117961,0,11
0.42,-0.13800000000000007,0.5133333333333333,0.08085377748339222,0.4968138623142122,0.5628333333333333,0.07595108074718644,0.5434963721925046,0.5866666666666667,0.10922564911339461,0.5721531538428898,0.5914166666666666,0.1971401877426038,0.5818294295068523,0,12
0.283,-0.137,0.4203333333333332,0.13750030302997124,0.38990693115710606,0.5035,0.12666925435952844,0.4690688372803604,0.5723333333333334,0.13606304242942505,0.527668053251676,0.5625416666666667,0.18894259058304627,0.5579230751463041,0,13
0.272,-0.010999999999999954,0.32499999999999984,0.0824560488987957,0.33095346557855304,0.449,0.14620259915609868,0.4127634552002575,0.5604166666666667,0.1559099147429423,0.488334506597572,0.533,0.17562880817471382,0.5350492291345998,0,14
0.221,-0.05100000000000002,0.2586666666666665,0.03308070938377721,0.27597673278927654,0.38600000000000007,0.15003066353248862,0.3579738965716125,0.5228333333333334,0.17918747588810888,0.44720612096717627,0.5048333333333334,0.16878766353711927,0.5099252908038319,0,15
0.216,-0.0050000000000000044,0.2363333333333332,0.030989245446346868,0.24598836639463828,0.3283333333333333,0.13454912361909097,0.31740992612258034,0.48300000000000004,0.19045352570783672,0.41163594851068763,0.49995833333333334,0.17552170166000597,0.48641126753952535,0,16
0.244,0.027999999999999997,0.22699999999999987,0.01493318452308808,0.24499418319731914,0.27599999999999997,0.07543208866257584,0.2964356615161288,0.4459166666666667,0.1900193570681848,0.38584580258596646,0.4955833333333333,0.18068081793874927,0.4670183661363633,0,17
0.26,0.016000000000000014,0.23999999999999985,0.022271057451333447,0.2524970915986596,0.24933333333333332,0.027215191835909317,0.2860254725115206,0.4060833333333333,0.17251954215173057,0.36648490988043314,0.492125,0.1844826638491285,0.45045689684545426,0,18
0.229,-0.031,0.2443333333333332,0.015502687938997131,0.2407485457993298,0.24033333333333332,0.022348750897205363,0.2697324803653719,0.3719166666666667,0.1625067597661628,0.34533338528344343,0.48524999999999996,0.191248813579727,0.43274034509781795,0,19
0.232,0.0030000000000000027,0.2403333333333332,0.017097758137660263,0.2363742728996649,0.2336666666666667,0.01610796904222663,0.25895177168955136,0.3413333333333333,0.1499329142912897,0.32789747985522133,0.47579166666666667,0.19809417592709005,0.41668111748999254,0,20
0.24,0.00799999999999998,0.23366666666666655,0.005686240703129692,0.23818713644983244,0.2368333333333333,0.014945456388659878,0.25353697977825096,0.3114166666666667,0.12806777916637171,0.31437479064672574,0.46249999999999997,0.20291184635527176,0.40254662809079317,0,21
0.258,0.018000000000000016,0.24333333333333318,0.013316656236981105,0.24809356822491624,0.24383333333333335,0.012937026963925706,0.2548121284130364,0.28608333333333336,0.10125346982457284,0.30570174593184485,0.4520416666666667,0.2068413547008766,0.39098289784352974,0,22
0.218,-0.04000000000000001,0.2386666666666665,0.02003330560177047,0.2330467841124581,0.23950000000000002,0.016682325976873556,0.24429437743788315,0.25775,0.05546354248923453,0.29220916963463794,0.4234583333333333,0.18823181341025041,0.3771442660160474,1,0
0.256,0.038000000000000006,0.24399999999999986,0.02253885533918248,0.24452339205622906,0.23883333333333331,0.015753306531180566,0.2476388410270594,0.24408333333333332,0.0218983533350908,0.28663852815238594,0.415375,0.19118482123214287,0.3674527247347636,1,0
0.349,0.09299999999999997,0.27433333333333315,0.0673968347426934,0.29676169602811453,0.2588333333333333,0.04664940156813754,0.27659917216218527,0.24958333333333335,0.03618753761709233,0.29623260074432656,0.4109583333333333,0.19145381533361597,0.36597650675598253,0,1
0.41,0.061,0.33833333333333315,0.07755213300312193,0.3533808480140572,0.2885,0.07447348521452929,0.31471369440156094,0.2610833333333333,0.05881319940492097,0.3137352775528917,0.41075,0.1914519465194548,0.36949838621550396,0,2
0.758,0.34800000000000003,0.5056666666666665,0.22064526583032298,0.5556904240070286,0.37483333333333335,0.20054367770305165,0.4413669245725435,0.30583333333333335,0.15354527513131758,0.3820836963909084,0.4143333333333333,0.19727065201121213,0.4005785153182636,0,3
0.595,-0.16300000000000003,0.5876666666666664,0.17411586180854943,0.5753452120035143,0.43100000000000005,0.2083189861726454,0.4852620889803882,0.33741666666666664,0.17133563994438503,0.4148400507923071,0.41020833333333334,0.19213672196521273,0.41613223409280253,0,4
0.547,-0.04799999999999993,0.6333333333333332,0.11059987944538578,0.5611726060017572,0.48583333333333334,0.18277353929566925,0.5029014921288487,0.3626666666666667,0.17849437644991176,0.4351723506704137,0.4042916666666667,0.18524096625668793,0.42660165536537836,0,5
1.213,0.666,0.7849999999999998,0.3714350548884698,0.8870863030008787,0.6453333333333333,0.3131572554910164,0.7057867800920348,0.4420833333333334,0.299591375750776,0.5548381428749655,0.4240833333333333,0.23978920392470085,0.48951352293614814,1,0
1.721,0.508,1.1603333333333332,0.5887693379697467,1.3040431515004394,0.874,0.49916971061954407,0.9958477000657391,0.5664166666666667,0.46632245151598567,0.7342476593557401,0.4691666666666667,0.3556682218837833,0.5880324411012563,0,1
0.563,-1.1580000000000001,1.1656666666666664,0.5804492512987969,0.9335215757502197,0.8995000000000001,0.47399905063196,0.872176928618385,0.594,0.45437969704962505,0.7079018656087032,0.4676666666666667,0.35517242189584963,0.5860298458131558,1,0
0.437,-0.12599999999999995,0.9069999999999997,0.7077541946184427,0.6852607878751098,0.846,0.5099188170679715,0.7478406632988465,0.6104166666666667,0.44386411891546945,0.6662246555150565,0.46091666666666664,0.3541057219515687,0.5741074581481033,0,1
0.629,0.192,0.5429999999999998,0.0975499871860588,0.6571303939375549,0.8516666666666667,0.5067506947865646,0.7138861880706047,0.6413333333333333,0.429782890926725,0.6604977854358169,0.4637083333333334,0.35519969633343357,0.5784988614962551,0,2
0.532,-0.09699999999999998,0.5326666666666665,0.09600173609541428,0.5945651969687775,0.8491666666666666,0.5085880127044542,0.6619187057647177,0.6675,0.41080552797909337,0.6407288953687682,0.46262500000000006,0.3549391634951119,0.5747789525765548,0,3
0.529,-0.0030000000000000027,0.5633333333333331,0.056888780381843064,0.5617825984843887,0.7351666666666667,0.4869219307719317,0.623941932689084,0.6902499999999999,0.3931241129488472,0.6235398345428038,0.46716666666666673,0.35506737470473293,0.5711166363704304,0,4
0.509,-0.020000000000000018,0.5233333333333331,0.012503332889016446,0.5353912992421943,0.5331666666666667,0.06312659238914824,0.591101380492203,0.7035833333333334,0.3830830572968198,0.6059183215362186,0.47658333333333336,0.3529613744931009,0.566147305460796,0,5
1.136,0.6269999999999999,0.7246666666666665,0.3563654491295889,0.8356956496210971,0.6286666666666667,0.25601614532420747,0.7467867003515735,0.7640833333333333,0.3897725346761601,0.687469348992185,0.5125833333333334,0.3745868351950589,0.6117355210239322,1,0
1.002,-0.1339999999999999,0.8823333333333331,0.33018530151012737,0.9188478248105485,0.7228333333333333,0.2746484419520085,0.8197047859654096,0.7844166666666667,0.39574497259388264,0.7358586799164643,0.545125,0.3820052711336767,0.6429566793420177,0,1
1.029,0.026999999999999913,1.0556666666666663,0.07086842268128933,0.9739239124052742,0.7895,0.2951018468258021,0.8795034185467212,0.8205833333333334,0.39669096245940516,0.7809573445447004,0.579,0.3875573449854546,0.6738401449946563,0,2
1.069,0.040000000000000036,1.033333333333333,0.033709543653598545,1.021461956202637,0.879,0.28255194212745954,0.9336452989619437,0.8640833333333333,0.39256231892837556,0.8252715992301312,0.613375,0.3930998116973886,0.7054529333950839,0,3
1.101,0.03200000000000003,1.066333333333333,0.03607399802259103,1.0612309781013185,0.9743333333333334,0.23299413440399314,0.9814609278299598,0.85475,0.3847665466936346,0.8676913531947263,0.6484166666666666,0.3976871084557363,0.7370966987234773,0,4
1.095,-0.006000000000000005,1.088333333333333,0.017009801096248053,1.0781154890506592,1.0719999999999998,0.04944491884915429,1.0139006627356855,0.8025833333333333,0.2865425427190145,0.9026619142416915,0.6845,0.3972647786399223,0.7657289628255991,0,5
1.517,0.42199999999999993,1.2376666666666665,0.24192836405294454,1.2975577445253297,1.1354999999999997,0.19076661133437245,1.1576433305254896,0.8820833333333334,0.3411639057785274,0.9971754658968159,0.7380416666666667,0.41959312374341157,0.8258306457995512,1,0
0.772,-0.7449999999999999,1.1279999999999997,0.3735947001765424,1.034778872262665,1.0971666666666666,0.23977190549909333,1.047459521803921,0.91,0.3140625299638147,0.962533086528075,0.7602083333333334,0.405969476167495,0.8215241941355872,1,0
0.678,-0.09399999999999997,0.9889999999999998,0.45967053418725945,0.8563894361313324,1.0386666666666666,0.2959639617701217,0.9418996584313722,0.9140833333333332,0.31037380932538555,0.9187587655237558,0.7777083333333333,0.39219853880474853,0.8100422586047402,0,1
0.955,0.2769999999999999,0.8016666666666664,0.1408628174265078,0.9056947180656663,1.0196666666666665,0.2972834786305254,0.945642613165266,0.9493333333333333,0.2861065705239376,0.9243343400585626,0.8084166666666667,0.37494230474042006,0.821638877916361,0,2
1.792,0.8370000000000001,1.1416666666666664,0.5799847699149815,1.3488473590328331,1.1348333333333331,0.4363922165514254,1.1874590094037614,1.0545833333333332,0.34389518972377403,1.0578213646649377,0.8724166666666666,0.40632755224097805,0.8992677676830523,0,3
0.899,-0.893,1.2153333333333332,0.5001922963554457,1.1239236795164165,1.1021666666666665,0.44717308356682883,1.1050421495741152,1.0870833333333332,0.30373028056703905,1.0333873085626395,0.8953333333333333,0.39073427717864556,0.8992463462684082,0,4
0.611,-0.28800000000000003,1.1006666666666665,0.6157859476582215,0.8674618397582082,0.9511666666666668,0.43178022959216883,0.9638872496957966,1.0433333333333332,0.33249287985085363,0.9684046457068488,0.9037083333333333,0.3819343762397186,0.8761866385669356,0,5
0.601,-0.010000000000000009,0.7036666666666664,0.16923750569342866,0.7342309198791042,0.9226666666666667,0.4511791957378642,0.8602051783541405,1.0099166666666666,0.3563217285578068,0.9118808540596414,0.8971666666666667,0.38586285766776773,0.8541717074815808,0,6
0.585,-0.016000000000000014,0.5989999999999998,0.013114877048597201,0.6596154599395521,0.9071666666666668,0.4627156434211685,0.7815751273958146,0.9729166666666665,0.37663328157224496,0.8615914918966195,0.8967499999999999,0.3862085773482912,0.8326379708830544,0,7
0.713,0.128,0.6329999999999997,0.0697423830966498,0.686307729969776,0.8668333333333335,0.4682266189215068,0.7619822338541533,0.94325,0.3823542205860938,0.8387312623740626,0.9036666666666667,0.3811255261284219,0.82306693321241,0,8
1.151,0.43800000000000006,0.8163333333333331,0.2968119494449869,0.918653864984888,0.7600000000000001,0.2247300602945659,0.873130167038681,0.9474166666666667,0.3844960002944419,0.8867726066242069,0.9010833333333333,0.3791426158959258,0.8493015785554172,0,9
0.691,-0.4600000000000001,0.8516666666666665,0.25946354914194303,0.804826932492444,0.7253333333333334,0.21482426926831585,0.8210929764562007,0.91375,0.3880693764123758,0.8566537440666366,0.8581666666666666,0.3384040120363804,0.8366374522709839,1,0
0.575,-0.11599999999999999,0.8056666666666664,0.3046396778709783,0.689913466246222,0.7193333333333333,0.21911610316602903,0.7507806974687148,0.8352500000000002,0.3481731870518143,0.8133223988256156,0.8586666666666667,0.3379575052611181,0.8157064560893053,0,1
0.56,-0.014999999999999902,0.6086666666666666,0.0716961179795193,0.624956733123111,0.7125,0.2241265267655732,0.6962719267633678,0.8175833333333333,0.35694243445568513,0.7743497220832132,0.8637916666666667,0.33216810557655696,0.7952499396021608,0,2
0.431,-0.12900000000000006,0.5219999999999999,0.07916438593205735,0.5279783665615555,0.6868333333333334,0.24907702958455616,0.6204799476881199,0.797,0.3725057656661774,0.7215266879165649,0.8555416666666665,0.34060483020990573,0.7661099444339879,0,3
0.382,-0.04899999999999999,0.4576666666666665,0.09194744875923952,0.45498918328077775,0.6316666666666667,0.2771913899576714,0.5523428197772284,0.74925,0.38685988184589254,0.6692918128524781,0.8492916666666667,0.34809375038625856,0.735381148879269,0,4
0.404,0.02200000000000002,0.40566666666666656,0.024542480178924648,0.4294945916403889,0.5071666666666667,0.12107752337517409,0.5099591569837346,0.6335833333333333,0.21691869374714962,0.6284776877982506,0.8440833333333333,0.3539798467202022,0.7088706569689275,0,5
0.294,-0.11000000000000004,0.3599999999999999,0.05820652884341694,0.36174729582019444,0.441,0.10832912812350687,0.4482565407026676,0.5831666666666667,0.21990900321944487,0.5770195819831351,0.835125,0.3653660835381411,0.6756810044114133,0,6
0.236,-0.057999999999999996,0.3113333333333332,0.08533072912692596,0.2988736479100972,0.3845,0.11277544058880538,0.38761181478761975,0.5519166666666667,0.24120736395110873,0.5245550309088066,0.797625,0.3790720721308354,0.6405065240585003,0,7
0.251,0.015000000000000013,0.2603333333333332,0.03010537050648524,0.2749368239550486,0.33299999999999996,0.08330666239862912,0.3485798677054427,0.52275,0.255471800614258,0.482469641538221,0.7663333333333333,0.3922360277298294,0.6093460021338203,0,8
0.224,-0.026999999999999996,0.23699999999999985,0.013527749258446272,0.24946841197752428,0.29850000000000004,0.07724700641448291,0.31298561978960193,0.49266666666666664,0.2684027954512787,0.4427050813015716,0.7327916666666666,0.4030675829799212,0.5785183219631147,0,9
0.306,0.08199999999999999,0.2603333333333332,0.041789153297629174,0.27773420598876214,0.28583333333333333,0.06626738765536053,0.31098972842114425,0.45875,0.26370338881540323,0.42167353033209903,0.7010000000000001,0.40547974806019216,0.5567168562060656,0,10
0.423,0.11699999999999999,0.31766666666666654,0.10001166598618788,0.35036710299438106,0.289,0.073140959796814,0.3429926631579602,0.3980833333333333,0.14858022524324677,0.42187760258869916,0.6727500000000001,0.39998089628294103,0.5460195077095803,0,11
0.218,-0.205,0.31566666666666654,0.10284130169019065,0.28418355149719055,0.2763333333333333,0.0784873662869753,0.30728047368425726,0.35866666666666663,0.12461674579820342,0.3905118175750531,0.6362083333333334,0.39978820253236413,0.5197779470928139,1,0
0.25,0.032,0.2969999999999999,0.11028599185753128,0.2670917757485953,0.2786666666666667,0.07724679065609022,0.29091462406018376,0.33158333333333334,0.10746200879070761,0.3688946148711988,0.5834166666666667,0.3601074618193461,0.4981957113253888,0,1
0.258,0.008000000000000007,0.24199999999999985,0.021166010488502564,0.26254588787429767,0.2798333333333334,0.07679691834094535,0.28151044575727413,0.30641666666666667,0.08127893424200394,0.35183390489101435,0.5619999999999999,0.36367113667732115,0.4789800544193577,0,2
0.251,-0.007000000000000006,0.2529999999999999,0.004358898943473173,0.25677294393714883,0.2843333333333333,0.07359528970434064,0.2727931755409101,0.29141666666666666,0.07231177237658687,0.3363209964462429,0.5442083333333333,0.36816654775258834,0.4607416500658091,0,3
0.505,0.254,0.33799999999999986,0.1446685867768103,0.3808864719685744,0.31749999999999995,0.11722243812512673,0.33913798252922145,0.3016666666666667,0.09227954893428994,0.3622716123775902,0.5254583333333332,0.3576445866531742,0.4642823180605444,1,0
0.261,-0.244,0.3389999999999998,0.14384714109081032,0.3209432359842872,0.29050000000000004,0.10620122409840276,0.3168128446637296,0.28975,0.08694211763111541,0.3466913643194994,0.46166666666666667,0.23866178846929717,0.4480197326157008,1,0
0.257,-0.0040000000000000036,0.3409999999999999,0.14204224723651585,0.2889716179921436,0.297,0.10198627358619965,0.2997234604740926,0.2866666666666667,0.08743239812806887,0.3328926928857302,0.4349166666666667,0.22297609867362794,0.4327381540064448,0,1
0.25,-0.007000000000000006,0.25599999999999984,0.005567764362777499,0.2694858089960718,0.297,0.10198627358619965,0.28551675748149474,0.28783333333333333,0.08678587372832501,0.32013997090331014,0.419875,0.222757484137193,0.41811910168592925,0,2
0.373,0.123,0.29333333333333317,0.06908207678792509,0.3212429044980359,0.3161666666666667,0.10397772197286219,0.3105119696296391,0.298,0.08919131633231892,0.32827228307203166,0.410375,0.21953563888155342,0.4145095735510549,0,3
0.341,-0.03199999999999997,0.3213333333333332,0.06381483631047566,0.33112145224901796,0.33116666666666666,0.09907253235214002,0.3192228354497422,0.30775,0.08672749904678409,0.33023039336864213,0.40020833333333333,0.21672903923857734,0.4086288076669705,0,4
0.279,-0.062,0.3309999999999999,0.047791212581388604,0.30506072612450896,0.29350000000000004,0.051122402134476844,0.3077305967498159,0.3055,0.0871263450398377,0.32234879438885106,0.38212500000000005,0.20740095855298532,0.3982585030536129,0,5
0.209,-0.07000000000000003,0.2763333333333332,0.06604039168064312,0.25703036306225446,0.2848333333333333,0.06115690203620381,0.27952185482129704,0.2876666666666667,0.0826771743077619,0.3049105183290278,0.342875,0.13041382712101293,0.3831178228093239,0,6
0.245,0.036000000000000004,0.24433333333333318,0.035004761580858114,0.25101518153112723,0.2828333333333333,0.06243209644618567,0.26965846772949786,0.28991666666666666,0.08095841618705271,0.2956935155091774,0.3242916666666667,0.10860357875706614,0.372068396984578,0,7
0.248,0.0030000000000000027,0.23399999999999985,0.0217025344141963,0.2495075907655636,0.28250000000000003,0.0626474261242963,0.2634703340924985,0.28975,0.081050068700554,0.2883560515846885,0.3106666666666667,0.09550536823823348,0.3621429252258118,0,8
0.246,-0.0020000000000000018,0.24633333333333318,0.001527525231451353,0.2477537953827818,0.26133333333333336,0.044893949109716655,0.2584788100660703,0.28875,0.08154990106454607,0.28183973595627493,0.29758333333333337,0.08013462404614047,0.35285149120774684,0,9
0.251,0.0050000000000000044,0.24833333333333318,0.0025166114783022314,0.2493768976913909,0.24633333333333332,0.02230396078426042,0.25634200719005024,0.28875,0.08154990106454607,0.2770951611937711,0.29008333333333336,0.07538764554919514,0.3447033719111271,0,10
0.213,-0.038000000000000006,0.2366666666666665,0.020647840887916366,0.23118844884569545,0.23533333333333337,0.019001754304953673,0.2439585765643216,0.2644166666666667,0.047694974641586216,0.26723436716396015,0.2830416666666667,0.07431395162282067,0.3341671021582369,0,11
0.255,0.04200000000000001,0.2396666666666665,0.02318045153427159,0.24309422442284773,0.243,0.015139352694192691,0.2471132689745154,0.26391666666666663,0.04776544649418475,0.2653521568310432,0.2768333333333333,0.06985990121023147,0.327833733985578,1,0
0.278,0.02300000000000002,0.2486666666666665,0.03295957119461241,0.2605471122114239,0.24850000000000003,0.02090693664789656,0.255938049267511,0.26566666666666666,0.04787357087036366,0.26729797885703654,0.27616666666666667,0.06976523780364369,0.32384703526673175,0,1
0.241,-0.03700000000000003,0.25799999999999984,0.018681541692253334,0.25077355610571195,0.24733333333333332,0.021134489978843277,0.2516700351910793,0.26491666666666663,0.048210633178958524,0.263252135955954,0.276375,0.06964744291321598,0.3172192724453932,0,2
0.437,0.196,0.3186666666666665,0.10413612885705323,0.34388677805285595,0.2791666666666667,0.08015588978151156,0.30462145370791377,0.27025000000000005,0.06263621519972602,0.2899825765781149,0.284125,0.07669324129850942,0.32680173064976176,1,0
0.304,-0.133,0.3273333333333332,0.10006164766449134,0.32394338902642794,0.288,0.07934733769950422,0.3044438955056527,0.26716666666666666,0.059677669545862656,0.2921391032584049,0.2874583333333333,0.0756984746079657,0.32497759219778083,0,1
0.508,0.20400000000000001,0.4163333333333332,0.10355835713902038,0.415971694513214,0.3371666666666666,0.10931681785830502,0.36260278250403766,0.28625,0.09178346553413336,0.3253484719878811,0.295875,0.088068803389376,0.33961938482195836,0,2
0.541,0.03300000000000003,0.45099999999999985,0.12837055737200645,0.47848584725660703,0.38483333333333336,0.12721228976268703,0.41357341607431264,0.3139166666666667,0.11378245457757453,0.35852563014359173,0.3007916666666667,0.09818703499231188,0.3557298340362017,0,3
0.466,-0.07500000000000001,0.5049999999999998,0.03758989225842033,0.47224292362830356,0.41616666666666663,0.11848952133697671,0.42855244005308046,0.3323333333333333,0.11936219390298645,0.37506014858303915,0.311125,0.1020683115241603,0.3645514473133055,0,4
0.648,0.182,0.5516666666666666,0.09146766277397184,0.5601214618141518,0.484,0.11458970285326343,0.49125174289505746,0.36566666666666664,0.14644908102591175,0.4170508949548793,0.3277083333333333,0.12207641198167854,0.38722733152824107,0,5
0.648,0.0,0.5873333333333332,0.10507774899251063,0.6040607309070759,0.5191666666666667,0.12877952735845047,0.5360369592107553,0.39916666666666667,0.16176460638467408,0.4525815265002825,0.34395833333333337,0.13739042405928448,0.4080891450059818,0,6
0.796,0.14800000000000002,0.6973333333333332,0.08544783984006368,0.700030365453538,0.6011666666666666,0.1207616108979419,0.610312113721968,0.44458333333333333,0.19036255281738598,0.5054151378079313,0.3666666666666667,0.1638497898173505,0.4391220134055033,0,7
0.534,-0.262,0.6593333333333332,0.13136716992206665,0.617015182726769,0.6055,0.11716270737738717,0.5885086526585486,0.4713333333333334,0.1769423806232033,0.5098128089144035,0.367875,0.1650170775088649,0.446712252333063,1,0
0.596,0.061999999999999944,0.6419999999999998,0.13692333621410113,0.6065075913633845,0.6146666666666666,0.11319128352777844,0.5906490376132489,0.49974999999999997,0.16609040528360797,0.5230723767737261,0.3818333333333334,0.16968606990216387,0.458655272146418,0,1
0.612,0.016000000000000014,0.5806666666666666,0.04119870548127753,0.6092537956816922,0.639,0.08765158298627168,0.5967493125808921,0.5275833333333333,0.15302314639731368,0.5367535495777682,0.396625,0.17375515319227505,0.47092285037470455,0,2
0.568,-0.04400000000000004,0.5919999999999999,0.02227105745131399,0.5886268978408461,0.6256666666666667,0.09198623085367687,0.5885352232720658,0.5548333333333334,0.12364526483109578,0.5415606957965731,0.40987500000000004,0.17421209275153926,0.4786890223447282,0,3
0.566,-0.0020000000000000018,0.5819999999999999,0.02599999999999458,0.577313448920423,0.612,0.09407231261109328,0.5820965880514755,0.5655833333333333,0.11794564104885147,0.5453205887509465,0.41791666666666666,0.1768701111886499,0.48567390055715,0,4
0.592,0.026000000000000023,0.5753333333333331,0.014468356276130453,0.5846567244602114,0.578,0.02777048793232194,0.5849261343224824,0.5895833333333333,0.0844139780899462,0.5525020366354162,0.428375,0.1795251738433347,0.494179988512578,0,5
0.564,-0.028000000000000025,0.5739999999999998,0.01562049935180398,0.5743283622301056,0.583,0.019829271292693604,0.5789472388017731,0.5942500000000001,0.08097151575484168,0.5542709540761214,0.44025000000000003,0.17863863207482994,0.4997655894315718,0,6
0.577,0.013000000000000012,0.5776666666666666,0.014011899704645536,0.5756641811150528,0.5798333333333333,0.018829940697355038,0.5783908848584094,0.59725,0.0794722650305823,0.5577677303721027,0.4555833333333334,0.17365030243634205,0.5059443422770461,0,7
0.754,0.17700000000000005,0.6316666666666665,0.10614298532325683,0.6648320905575265,0.6035,0.07444662517535135,0.6285649177560066,0.62125,0.07971896660371228,0.5879573103148561,0.47679166666666667,0.177845066711518,0.5257887948948824,1,0
0.575,-0.17900000000000005,0.6353333333333331,0.10277321311184699,0.6199160452787632,0.6046666666666666,0.07383133932596594,0.6132606555400048,0.6151666666666666,0.08027547268718935,0.5859638779587244,0.49041666666666667,0.1719843058225849,0.5297256913032918,1,0
0.578,0.0030000000000000027,0.6356666666666665,0.10249064998004997,0.5989580226393816,0.6066666666666666,0.07272871968257055,0.6031861825285748,0.6093333333333333,0.08021599628880913,0.5847386659650745,0.50425,0.1646665273132105,0.5335876359990285,0,1
0.475,-0.10299999999999998,0.5426666666666665,0.05862024678669478,0.5369790113196908,0.5871666666666666,0.09087005373975478,0.566561558948982,0.5825833333333333,0.06424025689597478,0.5678557942781399,0.5135833333333334,0.15579750421249225,0.5289006251191062,0,2
0.401,-0.07399999999999995,0.4846666666666664,0.08889506922958616,0.46898950565984543,0.5599999999999999,0.11914696806884865,0.51925825639213,0.5715,0.08231480591441324,0.542185672081503,0.5214166666666666,0.14433171836965414,0.5186685751095778,0,3
0.316,-0.08500000000000002,0.39733333333333315,0.07956339191696642,0.39249475282992274,0.5165,0.1541904666313687,0.4611844688515214,0.5481666666666667,0.1098261711924265,0.5073878763766564,0.5239583333333334,0.1399053963488798,0.5024550891008116,0,4
0.347,0.030999999999999972,0.3546666666666665,0.043015501081967424,0.36974737641496136,0.4486666666666666,0.11277351935035929,0.4285603348939439,0.5260833333333333,0.1218124178871575,0.48271281847255537,0.5268333333333334,0.13526324307636994,0.49001868197274673,0,5
0.289,-0.057999999999999996,0.3173333333333332,0.029022979401375798,0.3293736882074807,0.401,0.10907795377618328,0.38868595349567425,0.5028333333333334,0.13855936262013246,0.4529108463998545,0.5288333333333334,0.13114534474877965,0.47393718741492696,0,6
0.324,0.03500000000000003,0.31999999999999984,0.029206163733009424,0.3266868441037404,0.3586666666666667,0.06831886025590464,0.3702042524969102,0.48266666666666663,0.14594415702486138,0.4330784084921846,0.524125,0.13650459858474928,0.46194221242173283,0,7
0.317,-0.007000000000000006,0.30999999999999983,0.0185202591774343,0.3218434220518702,0.3323333333333333,0.0384170101213748,0.355003037497793,0.45975000000000005,0.14877874053897658,0.4152201918010793,0.5246666666666666,0.13561603940879727,0.4503468354279942,0,8
0.368,0.05099999999999999,0.33633333333333315,0.02764657905298072,0.3449217110259351,0.32683333333333336,0.027403771030020865,0.35871645535556645,0.4434166666666666,0.14704202141091016,0.4079555469086055,0.5188333333333334,0.13932435308416036,0.4437590885937547,0,9
0.443,0.07500000000000001,0.37599999999999983,0.06337980750995888,0.39396085551296756,0.34800000000000003,0.05374755808405768,0.38279746811111887,0.43225,0.1409365589063539,0.41334700123035856,0.5147499999999999,0.1400804892847745,0.4436983615062543,0,10
0.271,-0.172,0.3606666666666665,0.08623417729260685,0.3324804277564838,0.3353333333333333,0.06230462797149033,0.35085533436508487,0.39199999999999996,0.10511119653188349,0.39144746257953417,0.506625,0.14843702002211062,0.42988249258575395,1,0
0.317,0.045999999999999985,0.34366666666666656,0.08904680417248408,0.3247402138782419,0.34,0.05910668320925434,0.34118238168934634,0.37050000000000005,0.08950418984606609,0.3799940067980674,0.4928333333333334,0.1500981321514807,0.42085189317889365,0,1
0.308,-0.009000000000000008,0.29866666666666647,0.02437895267095508,0.31637010693912093,0.3373333333333333,0.06032136161150389,0.33170170120667597,0.34800000000000003,0.06244706849514271,0.3689180057522109,0.47866666666666663,0.15085947007114278,0.4118237417245822,0,2
0.302,-0.006000000000000005,0.3089999999999999,0.007549834435227592,0.3091850534695605,0.3348333333333333,0.06162926793874656,0.3232155008619114,0.33358333333333334,0.048979510249114705,0.35862292794417844,0.45808333333333334,0.1389071997591511,0.40303784238661566,0,3
0.467,0.16500000000000004,0.3589999999999998,0.09357884376289023,0.38809252673478023,0.35133333333333333,0.08212835482746396,0.36429678632993673,0.33908333333333335,0.05975778128614819,0.37529632364507404,0.45529166666666665,0.13798534237427582,0.40815481499568645,1,0
0.316,-0.15100000000000002,0.3616666666666665,0.0914895258121538,0.3520462633673901,0.33016666666666666,0.06911270987789304,0.3504977045213834,0.33908333333333335,0.05975778128614819,0.36617381231506263,0.44362499999999994,0.13740698434878523,0.40078242979603157,1,0
0.291,-0.025000000000000022,0.3579999999999999,0.09522079604791917,0.32152313168369506,0.33349999999999996,0.06610521915854413,0.3334983603724167,0.33441666666666664,0.061251283227132504,0.3546086104204376,0.43025,0.13591981331717312,0.39199983541234906,0,1
0.293,0.0020000000000000018,0.2999999999999998,0.013892443989425919,0.3072615658418475,0.32949999999999996,0.06800220584656905,0.3219274002660119,0.33475000000000005,0.06099198904178673,0.3451303626634472,0.4187916666666666,0.1353928195278888,0.38407984857936117,0,2
1.014,0.7210000000000001,0.5326666666666665,0.41684809383435234,0.6606307829209237,0.44716666666666666,0.2857015342392579,0.5196624287614371,0.39225,0.20505215522797354,0.44803338379214763,0.43745833333333334,0.1800794460344079,0.4344734606930123,1,0
0.715,-0.29900000000000004,0.6739999999999999,0.36224439264121105,0.6878153914604619,0.516,0.29338029927041664,0.5754731634010265,0.4254166666666666,0.2231621743499704,0.489105170901048,0.44258333333333333,0.18631131419509306,0.45691558383757136,0,1
0.441,-0.27399999999999997,0.7233333333333332,0.28659088145531303,0.564407695730231,0.5116666666666666,0.2944389014153291,0.5370522595721618,0.4315,0.22244856402405513,0.4817043753778098,0.4374583333333333,0.18450921484392074,0.4556423371305656,0,2
0.324,-0.11699999999999999,0.49333333333333323,0.20068466143014746,0.44420384786511546,0.513,0.29339188809508554,0.47618018540868706,0.42158333333333325,0.22453202174273346,0.4574421637812237,0.4269166666666666,0.18341421799391708,0.44511095016012037,0,3
0.304,-0.020000000000000018,0.3563333333333332,0.07400225221797439,0.3741019239325577,0.5151666666666667,0.2914662358947703,0.4269858467204908,0.4243333333333333,0.22271479247656478,0.43383567704565085,0.4081666666666666,0.1711121337569079,0.4338220741473108,0,4
0.284,-0.020000000000000018,0.3039999999999999,0.019999999999981886,0.3290509619662788,0.5136666666666666,0.2928580998822909,0.3861327476574934,0.42158333333333325,0.22435825990562355,0.410784034423243,0.3960416666666667,0.16907432869359504,0.4218363082155259,0,5
0.434,0.15000000000000002,0.3406666666666666,0.0814452781524667,0.38152548098313943,0.417,0.16048426714167077,0.39980910546963816,0.4320833333333333,0.22148936290212312,0.41435572143505184,0.3900416666666666,0.1648383870358514,0.4228094035582839,0,6
0.367,-0.067,0.3616666666666666,0.07514208762958814,0.3742627404915697,0.359,0.06676526042785372,0.39043507533545585,0.4375,0.21879733254149428,0.40707022582965924,0.38554166666666667,0.16388967104538274,0.4183446512736212,0,7
0.337,-0.02999999999999997,0.3793333333333333,0.04966219219217702,0.35563137024578484,0.3416666666666666,0.05337664907678064,0.375167910953897,0.4266666666666666,0.22041627284148932,0.39629019108663477,0.382875,0.16414768337239244,0.4118370791717315,0,8
0.417,0.07999999999999996,0.3736666666666666,0.04041451884326618,0.3863156851228924,0.35716666666666663,0.060277414233407475,0.3871199363956407,0.4350833333333333,0.21771810729111338,0.3994763155348448,0.3870833333333333,0.1636525791628965,0.412250112837993,0,9
0.358,-0.059,0.37066666666666664,0.0414769012021476,0.3721578425614462,0.3661666666666667,0.05450657452698526,0.3787999545683148,0.4406666666666667,0.21452286732668177,0.39309534391409945,0.3875416666666667,0.16355081092316426,0.4079101038109536,0,10
0.355,-0.0030000000000000027,0.37666666666666654,0.03496188400719737,0.3635789212807231,0.37800000000000006,0.03843956295275921,0.3719999675487963,0.44583333333333336,0.2113664776609299,0.3872345217734688,0.3902916666666667,0.16237248620183084,0.40367729550607734,0,11
0.548,0.19300000000000006,0.4203333333333332,0.11057275131483708,0.4557894606403616,0.39699999999999996,0.0787222967144579,0.42228569110628306,0.40700000000000003,0.12096656187107929,0.4119676722698582,0.39962500000000006,0.1648157897933896,0.41522311186559113,1,0
1.062,0.514,0.6549999999999999,0.3654435660946843,0.7588947303201808,0.5128333333333334,0.27993100340381355,0.6050612079330593,0.4359166666666667,0.20999760099639933,0.5119726457668031,0.4306666666666667,0.2119849598165093,0.4669652629163439,0,1
0.937,-0.125,0.8489999999999999,0.2680615600939459,0.8479473651600904,0.6128333333333335,0.31009896269846815,0.6999008628093282,0.47725,0.2550661678859045,0.5773614694949872,0.454375,0.235216978923534,0.5045680418830364,0,2
1.011,0.07399999999999984,1.0033333333333332,0.06285167725155584,0.9294736825800451,0.7118333333333333,0.32929829435735913,0.7887863305780916,0.5345000000000001,0.2919712003232205,0.6440750895726816,0.4780416666666667,0.2611663603024407,0.5450825985323935,0,3
1.197,0.18600000000000017,1.0483333333333331,0.13396019309232815,1.0632368412900226,0.8516666666666666,0.32712546013214255,0.9054188075557796,0.6089166666666667,0.3380479950682997,0.7291404604076537,0.516625,0.2954059568590773,0.5972359906498022,0,4
1.66,0.46299999999999986,1.2893333333333332,0.3342070216697045,1.3616184206450113,1.0691666666666666,0.3627513841002761,1.121013433968414,0.7235833333333334,0.4367717228470586,0.8723496203449377,0.5725833333333333,0.3729664767155675,0.6822571113978181,0,5
1.421,-0.23899999999999988,1.426,0.2315404932187916,1.3913092103225058,1.2146666666666668,0.2768007707118354,1.20672388140601,0.8058333333333333,0.4690237120063785,0.9567573710611011,0.6189583333333333,0.40634013158465215,0.7413565424859927,0,6
0.912,-0.509,1.331,0.3820353386795534,1.1516546051612528,1.1896666666666667,0.2992134132465757,1.12251705814715,0.85125,0.4486099996858982,0.9498716216670856,0.644375,0.4047269409603602,0.7550080190871133,0,7
0.715,-0.19700000000000006,1.016,0.3643089348341603,0.9333273025806264,1.1526666666666665,0.34666910255554373,1.00608361296225,0.88275,0.421681078326004,0.9137375260259955,0.6547083333333333,0.40316427541514005,0.7518073775601444,0,8
0.734,0.019000000000000017,0.7869999999999999,0.10866922287382016,0.8336636512903132,1.1064999999999998,0.38557009738826925,0.9283454378301785,0.9091666666666667,0.3991802585147197,0.886085598945073,0.672125,0.39687565816446674,0.7503827873553328,0,9
0.757,0.02300000000000002,0.7353333333333333,0.02103172207246066,0.7953318256451566,1.0331666666666668,0.40620557192961554,0.8793895984501275,0.9424166666666666,0.36417989019747105,0.8662262760304464,0.6915416666666667,0.38873462269787373,0.7509121643669063,0,10
0.622,-0.135,0.7043333333333331,0.07222418800743405,0.7086659128225783,0.8601666666666667,0.2903717731919998,0.8058497131786625,0.9646666666666667,0.3317398579208307,0.8286530027949932,0.70525,0.3797668907426608,0.7405991912175539,0,11
0.562,-0.05999999999999994,0.6469999999999999,0.09987492177718965,0.6353329564112892,0.717,0.120803973444583,0.7361783665561875,0.9658333333333333,0.3301621731907824,0.7876294639034558,0.6864166666666667,0.37496711933142945,0.7263112559201497,0,12
0.809,0.247,0.6643333333333333,0.12882675705509752,0.7221664782056446,0.6998333333333333,0.09125659793497774,0.756984547540134,0.94475,0.3315380480016236,0.7909172386875396,0.6903333333333334,0.37576873862461807,0.7329263554465377,1,0
0.736,-0.07300000000000006,0.7023333333333333,0.12689496969278644,0.7290832391028224,0.7033333333333335,0.0923507805417268,0.7509889625286672,0.9279999999999999,0.33699770703293247,0.7824684327356104,0.7026249999999999,0.3720648391950221,0.7331722470108147,0,1
0.607,-0.129,0.7173333333333333,0.10228554801795427,0.6680416195514112,0.6821666666666667,0.0982800420566973,0.7098492589490479,0.8943333333333333,0.3479541070400812,0.7554732892378242,0.7144166666666667,0.3639393065341801,0.7230784672499496,0,2
0.401,-0.20599999999999996,0.5813333333333333,0.16896843886753812,0.5345208097757056,0.6228333333333333,0.14186390191541395,0.6216066135350342,0.828,0.36065117874099967,0.7009389370473897,0.7184583333333334,0.359697213145901,0.6973121898699537,0,3
0.388,-0.013000000000000012,0.4653333333333333,0.12285899777115537,0.4612604048878528,0.5838333333333333,0.17125818715222402,0.5548618668107387,0.7220000000000001,0.26922548845969896,0.6527944851939452,0.7227916666666667,0.3548291663869259,0.6725672146803574,0,4
0.388,0.0,0.39233333333333326,0.007505553499419179,0.4246302024439264,0.5548333333333334,0.18945967029071434,0.5071870477219562,0.6359166666666667,0.17355557576404124,0.6120568720871844,0.720875,0.3565768790207437,0.6498018375059288,0,5
0.273,-0.11499999999999999,0.3496666666666666,0.06639528095680128,0.34881510122196324,0.4655,0.17112656135153154,0.4402764626585402,0.5826666666666668,0.1790877557021258,0.5598942763814637,0.7169583333333334,0.3611201750070212,0.6196576905054545,0,6
0.267,-0.006000000000000005,0.3093333333333333,0.06819335255970714,0.30790755061098163,0.38733333333333336,0.1232828725600849,0.3907689018989573,0.5453333333333333,0.19498360459435085,0.5148336184766231,0.7140416666666667,0.36458844923946887,0.5914450752650182,0,7
0.265,-0.0020000000000000018,0.26833333333333326,0.004163331998826677,0.2864537753054908,0.3303333333333333,0.06813418133848918,0.35483492992782667,0.5062500000000001,0.2006503630243871,0.4763976771725273,0.7077083333333333,0.37123243383025745,0.5653294692438168,0,8
0.282,0.01699999999999996,0.27133333333333326,0.00929157324313048,0.2842268876527454,0.3105,0.06032163790879237,0.3340249499484476,0.4666666666666666,0.1934088149412273,0.44649034222290773,0.7045416666666667,0.3746535767028417,0.5426631117043115,0,9
0.249,-0.032999999999999974,0.26533333333333325,0.01650252505928862,0.2666134438263727,0.28733333333333333,0.05049620447782309,0.309732107106034,0.4355833333333334,0.1961291125454838,0.4161072126501527,0.700125,0.37954621789940074,0.5191700627679666,0,10
0.261,0.01200000000000001,0.26399999999999996,0.016703293088463522,0.2638067219131863,0.26616666666666666,0.01114300976693984,0.2958086479328814,0.41050000000000003,0.19773283168779285,0.39224456455012924,0.6881666666666666,0.38895229020790106,0.4985164577465293,0,11
0.269,0.008000000000000007,0.25966666666666655,0.010066445913649977,0.26640336095659317,0.2655,0.010765686229843868,0.28814903423777244,0.3655,0.1557973625637434,0.37328386231164784,0.6551250000000001,0.38949670004741566,0.48015514112680696,0,12
0.253,-0.016000000000000014,0.26099999999999995,0.00799999999994432,0.25970168047829656,0.2631666666666667,0.01183920042342878,0.27810645302698034,0.32525,0.10572100935094314,0.3547786527252405,0.626625,0.39298377137639906,0.4619827298366624,0,13
0.295,0.04199999999999998,0.27233333333333326,0.021197484127425583,0.27735084023914824,0.26816666666666666,0.017668238923733082,0.2829331807335574,0.29925,0.05749802368145492,0.3455819369213573,0.5967916666666667,0.3896991012213836,0.4486241114497294,1,0
0.548,0.25300000000000006,0.3653333333333333,0.15958174498774166,0.41267542011957414,0.3125,0.11651909714720356,0.35866655766682676,0.3115,0.08846622365215515,0.3767231773949946,0.56975,0.36816138356409245,0.4565741825337511,1,0
0.337,-0.21100000000000002,0.39333333333333326,0.1355814638264857,0.37483771005978705,0.32716666666666666,0.11239291199477897,0.352476112619162,0.30725,0.08563678585111369,0.3706119193342262,0.514625,0.2881788111119794,0.447008247931051,0,1
0.258,-0.07900000000000001,0.38099999999999995,0.149923313730718,0.31641885502989353,0.32666666666666666,0.1127522357501887,0.32548293758511576,0.2964166666666667,0.08266411591861665,0.3532870086674222,0.4661666666666667,0.21849936158829797,0.4318875880965669,0,2
0.313,0.05499999999999999,0.3026666666666666,0.04050102879350742,0.3147094275149468,0.334,0.10963940897323128,0.3219163839893684,0.29975,0.08244019871177402,0.34708900733397263,0.44120833333333337,0.1986703582114986,0.42237658104884157,0,3
0.296,-0.017000000000000015,0.2889999999999999,0.0281602556806426,0.30535471375747336,0.3411666666666667,0.10457421607005302,0.3145117028495488,0.3021666666666667,0.08181557234896239,0.33922916005182296,0.42375,0.19185779380436813,0.4122664545649342,0,4
0.543,0.24700000000000005,0.3839999999999999,0.1379601391707014,0.4241773568787367,0.3825,0.12886698568679053,0.37979407346396343,0.3253333333333333,0.10609201266596623,0.3705785200438502,0.4157916666666667,0.18214446706957413,0.42272513819973945,0,5
0.996,0.45299999999999996,0.6116666666666666,0.35501596208245756,0.7100886784393683,0.4571666666666667,0.28233839035219094,0.5558529096171168,0.38483333333333336,0.21934689559248588,0.46679720926787327,0.42575,0.2065135536135295,0.4685871271437603,0,6
0.899,-0.09699999999999998,0.8126666666666665,0.23852113812686115,0.8045443392196842,0.5508333333333333,0.3245645801172182,0.6538949354407977,0.43900000000000006,0.25936145364406765,0.5332899463035851,0.4372916666666667,0.22488209068342027,0.5030201569722594,0,7
0.516,-0.383,0.8036666666666665,0.2538037299436972,0.6602721696098421,0.5938333333333333,0.29362521463025987,0.6144963824577127,0.46025000000000005,0.2538392923950832,0.530629954564572,0.435375,0.22396715840381465,0.5040585444144787,0,8
0.547,0.031000000000000028,0.6539999999999999,0.21274162733231053,0.6036360848049211,0.6328333333333334,0.26278463932784607,0.5952117017555091,0.48341666666666666,0.24740230701258964,0.5331484230930994,0.4244583333333334,0.21097227907057614,0.5074938608613204,0,9
0.471,-0.07600000000000007,0.5113333333333333,0.038214307966164825,0.5373180424024606,0.662,0.22490353487662101,0.5597226441110779,0.5015833333333334,0.23671788284919706,0.5235871272326226,0.4134166666666667,0.20063982799960567,0.5045743519924148,0,10
0.519,0.04800000000000004,0.5123333333333333,0.038436094147726425,0.5281590212012304,0.658,0.22764006677208537,0.5480876029364842,0.52025,0.22760297369842017,0.5228814153506807,0.40975,0.19773131748168954,0.5057284038330216,0,11
0.495,-0.02400000000000002,0.49499999999999994,0.023999999999990317,0.5115795106006151,0.5745,0.16099161468846598,0.532919716383203,0.5158333333333334,0.22752975163434777,0.5185919668351914,0.4136666666666667,0.19848002126305037,0.5048701315263799,0,12
0.394,-0.10099999999999998,0.4693333333333332,0.06633500835405721,0.4527897553003076,0.4903333333333333,0.053604726159790866,0.493228368845145,0.5205833333333334,0.2240249411168862,0.4994239719374696,0.4139166666666667,0.19845006307943844,0.49600052100426956,0,13
0.499,0.10499999999999998,0.4626666666666666,0.059500700275986945,0.4758948776501538,0.48750000000000004,0.05241278469991363,0.49487740631796073,0.5406666666666667,0.20861767262946201,0.4993587454855512,0.41854166666666676,0.19911215523498318,0.496240479323928,1,0
0.456,-0.04299999999999998,0.4496666666666666,0.05278573039499234,0.46594743882507694,0.4723333333333333,0.04428844845629802,0.4837695759414005,0.5525833333333333,0.19825761860098431,0.49268816925700487,0.42616666666666675,0.19678672336505532,0.4930212409780138,0,1
0.426,-0.030000000000000027,0.46033333333333326,0.03669241520168481,0.4459737194125385,0.4648333333333334,0.04819716450857009,0.4672639828152861,0.5634166666666667,0.18614435177294453,0.4824284509097734,0.4327916666666667,0.19384978029092975,0.4876595416997727,0,2
0.356,-0.07,0.41266666666666657,0.05131601439446349,0.40098685970626924,0.43766666666666665,0.0567403442593202,0.4354742734394901,0.5478333333333333,0.1955964460233614,0.46297792000057747,0.4365833333333333,0.19129829124141493,0.4771267783637909,0,3
0.48,0.124,0.4206666666666666,0.06217180497084502,0.4404934298531346,0.4351666666666667,0.053971906272302174,0.44819590959963573,0.5048333333333334,0.13564581777109086,0.46559670153895016,0.4448333333333334,0.18859219096440535,0.47735663609468765,1,0
0.543,0.06300000000000006,0.4596666666666666,0.09514375088955043,0.4917467149265673,0.46,0.06449496104347613,0.4752827925711684,0.4751666666666667,0.05871786677654459,0.47750490130218864,0.45708333333333334,0.18482963169801606,0.4826081052071126,0,1
0.529,-0.014000000000000012,0.5173333333333332,0.03308070938376128,0.5103733574632836,0.465,0.06912018518493353,0.49063056612226313,0.47625,0.05965221172460015,0.485427224178775,0.46825,0.18051333805952496,0.48631945679054367,0,2
0.423,-0.10600000000000004,0.49833333333333324,0.0656150389265514,0.4666866787316418,0.4595,0.07125938534677033,0.4713075472301879,0.4659166666666667,0.05696164312832772,0.4758230358435788,0.4746666666666666,0.17579822096015263,0.4812539002473002,0,3
0.608,0.185,0.5199999999999999,0.09282779756085749,0.5373433393658209,0.48983333333333334,0.09033142679414607,0.5103625337358485,0.47733333333333333,0.07025192761293807,0.49615795340610513,0.4894583333333334,0.17121128040007427,0.4913935882275162,1,0
0.51,-0.09799999999999998,0.5136666666666666,0.09255448845589752,0.5236716696829105,0.5155,0.062195659012502645,0.5102589526684632,0.4765833333333333,0.06981333336227165,0.4982874990359351,0.49841666666666673,0.16614397022035032,0.49288210116931497,0,1
0.562,0.052000000000000046,0.5599999999999999,0.04903060268852067,0.5428358348414553,0.5291666666666667,0.061843080992671814,0.5250421090489024,0.48216666666666663,0.07397522107661106,0.5080894222611758,0.49900000000000005,0.16635007612287978,0.4984115330757698,0,2
0.559,-0.0030000000000000027,0.5436666666666666,0.029194748386189108,0.5509179174207277,0.5318333333333333,0.06289488585462388,0.5347443636063588,0.4959166666666666,0.07138685686688732,0.5159218188363796,0.50825,0.16309059898799128,0.5032586104297082,0,3
0.621,0.061999999999999944,0.5806666666666667,0.03496188400720025,0.5859589587103639,0.5471666666666667,0.07254079312129254,0.5593888311473991,0.5060833333333333,0.08003006064011645,0.5320876928615519,0.523375,0.1555304562652853,0.5126779215953317,0,4
1.466,0.845,0.882,0.5067080026997797,1.025979479355182,0.7210000000000001,0.36710761365027483,0.8184205936767136,0.59025,0.28673336521457127,0.6757665093443901,0.5714166666666667,0.24184578569404866,0.5889436878677051,1,0
1.331,-0.135,1.139333333333333,0.45393648601245257,1.178489739677591,0.8415,0.4349826433318913,0.964871852626224,0.6656666666666667,0.351342447124618,0.7765716617529455,0.6145416666666667,0.2798861537446459,0.6483081928382888,0,1
1.015,-0.31600000000000006,1.2706666666666664,0.23147426062811763,1.0967448698387954,0.9256666666666665,0.4058953888216347,0.9791941804473028,0.7205833333333334,0.350039857037954,0.8132529445601846,0.6342083333333334,0.2910027609560749,0.6776435374112257,0,2
1.104,0.08900000000000019,1.15,0.16294477592116968,1.1003724349193977,1.016,0.36724487743193823,1.0148529860337878,0.7725833333333334,0.35732426280323937,0.8579832607816946,0.6387083333333333,0.29760091151781165,0.7117520544183278,0,3
1.565,0.46099999999999985,1.228,0.29522364403956586,1.332686217459699,1.1836666666666666,0.34589690178818605,1.1720378471669912,0.8577499999999999,0.4148014037409397,0.96675506681528,0.6664583333333333,0.34945970460831094,0.7800118900648616,0,4
0.697,-0.868,1.1219999999999999,0.43427986368239563,1.0148431087298495,1.1963333333333332,0.32171768161956227,1.0363127479764223,0.87175,0.4054261786856343,0.925254287305237,0.6739999999999999,0.3480216135217197,0.7733709388596728,1,0
0.683,-0.013999999999999901,0.9816666666666665,0.5052299806358815,0.8489215543649248,1.0658333333333332,0.34817261044870546,0.9353662485545874,0.8934166666666666,0.3857331763451684,0.8879843969505851,0.6796666666666665,0.3469694469278954,0.766141263750899,0,1
0.73,0.04699999999999993,0.7033333333333333,0.024131583730307028,0.7894607771824624,0.9656666666666666,0.3430426601265008,0.8766901775389909,0.9035833333333333,0.37907697906969434,0.8636791051120335,0.6904583333333333,0.3442140359372816,0.7632499626508271,0,2
0.938,0.20799999999999996,0.7836666666666665,0.13570679177304623,0.8637303885912312,0.9528333333333334,0.34226739059785694,0.8942072696707077,0.9392499999999999,0.3582411897032492,0.8751130889409513,0.7079166666666667,0.3457619081122869,0.777229965638761,0,3
0.566,-0.372,0.7446666666666667,0.18643318731742178,0.7148651942956156,0.8631666666666667,0.36449494738153226,0.8004337640505055,0.9395833333333333,0.35785991630380887,0.8275572291038819,0.710875,0.3441610230438783,0.7603315683876601,0,4
0.333,-0.23299999999999993,0.6123333333333333,0.3051496900429897,0.5239325971478078,0.6578333333333333,0.19990939614401795,0.6668812600360754,0.92075,0.384653829022691,0.7514715015494384,0.7083333333333334,0.3468179157233186,0.7261450429166474,0,5
0.291,-0.04200000000000004,0.39666666666666656,0.14814294898284025,0.40746629857390393,0.5901666666666666,0.24713511823831494,0.5594866143114825,0.8932500000000001,0.4183522059005039,0.6806297320802941,0.6996666666666665,0.3547837880059972,0.6913334394833156,0,6
0.262,-0.02899999999999997,0.2953333333333333,0.0356978057215324,0.33473314928695197,0.5199999999999999,0.2738298741919866,0.47449043879391606,0.7929166666666666,0.4128434566478792,0.6162251579140949,0.6915833333333333,0.36269857130017585,0.6569867643246503,0,7
0.243,-0.019000000000000017,0.26533333333333325,0.02417298767906494,0.288866574643476,0.43883333333333335,0.2712986669091204,0.4083503134242258,0.7022499999999999,0.4032894572929425,0.558805902850388,0.6839583333333334,0.37036720663906453,0.6238678231786783,0,8
0.297,0.05399999999999999,0.26733333333333326,0.02739221300538218,0.29293328732173796,0.332,0.11872994567504529,0.3765359381601613,0.6424166666666667,0.4059244126532409,0.5185280716426359,0.6814999999999999,0.37282633793881825,0.597718397324384,0,9
0.272,-0.024999999999999967,0.2706666666666666,0.02702468007825872,0.282466643660869,0.283,0.03137514940202197,0.3466685272572581,0.5730833333333333,0.39068528565104976,0.4806006760053073,0.6728333333333333,0.38006139854853327,0.5716609255384333,0,10
0.261,-0.01100000000000001,0.2766666666666666,0.018448125469332714,0.2717333218304345,0.271,0.020208908926490736,0.3221918051837558,0.46441666666666664,0.24323219670749108,0.4468159566198754,0.6610833333333334,0.38851500073626744,0.5468080514953586,0,11
0.25,-0.01100000000000001,0.26099999999999995,0.0109999999999494,0.26086666091521726,0.26416666666666666,0.018988593067045867,0.30156557513125415,0.42716666666666664,0.2385581054941749,0.41653657867835614,0.6494583333333334,0.39672627505478014,0.52306340737573,0,12
0.299,0.04899999999999999,0.26999999999999996,0.025709920264343468,0.2799333304576086,0.2703333333333333,0.02359378449223148,0.3008325536651815,0.39516666666666667,0.22657482542231328,0.39845402811245517,0.6442916666666666,0.4005923309047624,0.5051383347856716,1,0
0.256,-0.04299999999999998,0.26833333333333326,0.02672701504718082,0.2679666652288043,0.2725,0.021040437257794715,0.2880232526179868,0.35566666666666674,0.20298425076987217,0.3765380237874621,0.629625,0.4083475515122963,0.4852072680028179,1,0
0.264,0.008000000000000007,0.2729999999999999,0.02286919325203456,0.26598333261440216,0.267,0.01734358671091985,0.28115946615570486,0.29950000000000004,0.0877304756834064,0.35922448166631404,0.619375,0.414521600895172,0.4675106865625924,0,1
0.254,-0.010000000000000009,0.25799999999999995,0.005291502622023533,0.25999166630720105,0.264,0.017854971296509977,0.27339961868264634,0.2735,0.026283420283871487,0.34303609987149647,0.6065416666666666,0.4210908173414329,0.45042983163758504,0,2
0.32,0.066,0.27933333333333327,0.03557152419186235,0.28999583315360056,0.2738333333333333,0.02877788502767122,0.2867140133447474,0.2724166666666667,0.023754265964571464,0.33949208450665086,0.5965833333333334,0.42507123870125013,0.4399954451065783,1,0
0.244,-0.07600000000000001,0.2726666666666666,0.04129568177584963,0.2669979165768003,0.2728333333333333,0.029855764379192556,0.2745100095319624,0.2685,0.024280557130055887,0.3248009945825507,0.580875,0.43105354378394384,0.42431580949805203,1,0
0.274,0.030000000000000027,0.27933333333333327,0.038279672586534086,0.27049895828840015,0.26866666666666666,0.027089973544945786,0.27436429252283034,0.2695,0.024235586156808504,0.31698545695446595,0.5312083333333333,0.39149034961360235,0.41229054473820786,0,1
0.255,-0.019000000000000017,0.25766666666666654,0.015176736583739456,0.2627494791442001,0.2685,0.027186393655635827,0.2688316375163074,0.2705,0.02327112920650617,0.30744923280762504,0.486375,0.3559110553886001,0.3997073011591512,0,2
0.498,0.243,0.3423333333333332,0.1351456004956593,0.38037473957210005,0.3075,0.09717973039682296,0.33430831251164816,0.28725,0.06983373110467765,0.33676473545260577,0.46483333333333327,0.33770487072315974,0.4075707170664191,1,0
0.334,-0.16399999999999998,0.36233333333333323,0.12395294806228845,0.35718736978605004,0.32083333333333336,0.09380067519301695,0.33422022322260586,0.29241666666666666,0.07088846339443858,0.33633939153682024,0.43274999999999997,0.30976179487667393,0.40168505970110563,0,1
0.579,0.24499999999999994,0.47033333333333327,0.12482120546338484,0.468093684893025,0.36400000000000005,0.1410404197384537,0.4041573023018613,0.3189166666666667,0.1078689932138521,0.3736717928388479,0.39166666666666666,0.1984500083071372,0.41587025492501717,0,2
0.672,0.09300000000000008,0.5283333333333333,0.17460336002875954,0.5700468424465125,0.43533333333333335,0.17285562376349198,0.4806837873584724,0.35408333333333336,0.14556189457243085,0.41956844009440974,0.390625,0.19683668191632236,0.4363606345310158,0,3
1.187,0.515,0.8126666666666665,0.327500127226438,0.8785234212232562,0.5875,0.3314940421787385,0.682488419541766,0.42808333333333337,0.27929699354998583,0.5376348339260391,0.41162499999999996,0.24928363669069906,0.49641178376853456,0,4
0.691,-0.4960000000000001,0.85,0.2920051369411158,0.784761710611628,0.6601666666666667,0.28910718888790354,0.68492029967269,0.4643333333333333,0.2831348324267671,0.5612294748604946,0.41,0.2472367286630393,0.5119788410670518,0,5
1.143,0.45200000000000007,1.007,0.27454689945435556,0.963880855305814,0.7676666666666666,0.3332888637003432,0.8158002140519214,0.5375833333333334,0.3354626271917996,0.6507326325742646,0.41854166666666676,0.2688665386017967,0.5624605337816877,0,6
0.375,-0.768,0.7363333333333332,0.38600172711185227,0.669440427652907,0.7745000000000001,0.322876911531313,0.6898572957513723,0.5476666666666666,0.3278969719933752,0.6083122275628393,0.4105833333333333,0.2671332376674007,0.5474636910791527,1,0
0.266,-0.10899999999999999,0.5946666666666666,0.477987796217992,0.4677202138264535,0.7223333333333333,0.3808599042517681,0.5687552112509803,0.5431666666666667,0.33165448432019884,0.5556488079377871,0.4077916666666666,0.2683266956150869,0.5249465957928204,0,1
0.704,0.43799999999999994,0.4483333333333332,0.2280226596926989,0.5858601069132268,0.7276666666666666,0.380237644988849,0.6073965794649858,0.5815,0.3203229904047135,0.5784720682550506,0.425,0.27370040745946933,0.5392708681293948,0,2
0.379,-0.32499999999999996,0.4496666666666665,0.22739026657562186,0.4824300534566134,0.593,0.3239364135135155,0.5421404139035613,0.59025,0.3124981818128925,0.5477840577542736,0.429875,0.2717056131503222,0.5264491986790433,0,3
0.386,0.007000000000000006,0.4896666666666665,0.1856511064694537,0.4342150267283067,0.5421666666666667,0.32936752521562584,0.4975288670739723,0.6011666666666667,0.3018280164516732,0.5228942027151546,0.43583333333333335,0.26898370189299425,0.5152132627847198,0,4
0.459,0.07300000000000001,0.40799999999999986,0.04430575583373998,0.4466075133641534,0.42816666666666664,0.1485630057136229,0.4865206193385516,0.5979166666666667,0.3032465118838087,0.5130643253743616,0.44258333333333333,0.26737612599786165,0.5107162017619422,0,5
0.615,0.15599999999999997,0.4866666666666665,0.116980055280088,0.5308037566820767,0.4681666666666667,0.1629937626618453,0.5232290138132512,0.6213333333333334,0.2916415400432315,0.5287467368552291,0.456875,0.2670284649376498,0.5190589056209869,0,6
0.472,-0.14300000000000002,0.5153333333333331,0.08655826554022723,0.5014018783410383,0.5025,0.1303115497567245,0.5085921527237508,0.6124166666666667,0.2946734582036477,0.5200164696467323,0.4656666666666667,0.2637524641000378,0.515294193171308,0,7
0.509,0.03700000000000003,0.5319999999999999,0.07422263805604852,0.5052009391705192,0.47000000000000003,0.08718715501723455,0.5087086805169648,0.5988333333333333,0.29543306681835213,0.5183216281626196,0.4764583333333334,0.2598138094476721,0.5147906577176034,0,8
0.487,-0.02200000000000002,0.4893333333333332,0.018610033136253746,0.4961004695852596,0.488,0.0749293000100714,0.5025062003692606,0.5405000000000001,0.2307736001917346,0.5135029161376012,0.48429166666666673,0.2570502368708564,0.5125674051001952,0,9
0.69,0.20299999999999996,0.5619999999999998,0.11139569111953668,0.5930502347926297,0.5386666666666667,0.09281091889786436,0.5560758574066147,0.5404166666666667,0.23071448641648895,0.5406563136548934,0.502375,0.2555532468127195,0.5267620126921796,1,0
0.412,-0.27799999999999997,0.5296666666666665,0.14382744290757765,0.5025251173963149,0.5308333333333334,0.10237073149424085,0.5149113267190105,0.4795,0.13293026196263452,0.5208630346310636,0.5085416666666667,0.2513013052383408,0.5175810516768052,1,0
0.409,-0.0030000000000000027,0.5036666666666665,0.1613763716698714,0.4557625586981574,0.4965,0.10303931288590432,0.48465094765643607,0.48233333333333334,0.13084642860539974,0.5036533369955154,0.515,0.24641957855587115,0.5088945675426608,0,1
0.538,0.12900000000000006,0.45299999999999985,0.07362744053679358,0.4968812793490787,0.5075,0.10342291815646708,0.49989353404031145,0.505,0.11219382579025736,0.5089374389962054,0.5240833333333333,0.24291202856834684,0.511223002139248,0,2
0.742,0.20399999999999996,0.5629999999999998,0.16790175698901794,0.6194406396745393,0.5463333333333332,0.14101158344854495,0.5690668100287939,0.5081666666666667,0.11867053960312575,0.5447932176121737,0.5448333333333334,0.2391880589332017,0.5296851619681081,0,3
0.681,-0.06099999999999994,0.6536666666666665,0.10471071260063462,0.6502203198372697,0.5786666666666666,0.14680826498077673,0.6010477214491385,0.5333333333333333,0.12079158108331102,0.5657481072103008,0.5617916666666667,0.23351193604474085,0.5417903490106595,0,4
0.587,-0.09400000000000008,0.6699999999999999,0.07808328886515604,0.6186101599186349,0.5615,0.13687183786301435,0.5970340867493846,0.5500833333333333,0.11212935576485956,0.5690176291779467,0.5756249999999999,0.22419533651047308,0.5454071210898068,0,5
0.58,-0.007000000000000006,0.6159999999999998,0.05640035460880826,0.5993050799593174,0.5895,0.11572164879571709,0.592167204820989,0.5601666666666666,0.10857827786552168,0.5707072246890319,0.5790416666666667,0.2235849180506389,0.5481745514026223,0,6
0.532,-0.04799999999999993,0.5663333333333331,0.02993882651896302,0.5656525399796587,0.61,0.08385940615100544,0.5749765748721349,0.5532499999999999,0.1074050320473437,0.5647522670445655,0.5872916666666667,0.21772628991199322,0.5468805872904126,0,7
0.737,0.20499999999999996,0.6163333333333332,0.10722095566321282,0.6513262699898293,0.6431666666666667,0.0888896319413347,0.6212689820515249,0.5753333333333334,0.11607390540147906,0.5912519182684784,0.593875,0.21984308880575004,0.5620901403071796,1,0
0.571,-0.16600000000000004,0.6133333333333332,0.10885923632532357,0.6111631349949147,0.6146666666666666,0.07755428206531184,0.6069064157510892,0.5804999999999999,0.11421789383773132,0.5881362385348663,0.5896666666666667,0.21924845280633512,0.5628029290826053,1,0
0.594,0.02300000000000002,0.6339999999999998,0.089938868127186,0.6025815674974573,0.6001666666666666,0.0704823855063515,0.6032188683936351,0.5894166666666666,0.1103667096821346,0.5890383556833484,0.5649583333333333,0.1786625381444938,0.5652986947559969,0,1
0.541,-0.052999999999999936,0.5686666666666665,0.026576932353688958,0.5717907837487286,0.5924999999999999,0.07458351024187101,0.5854420488525965,0.5770000000000001,0.10632967600815867,0.5816478394243717,0.5587083333333333,0.1766742222201708,0.5633547991755172,0,2
0.599,0.05799999999999994,0.5779999999999998,0.032140317359964636,0.5853953918743643,0.5956666666666667,0.07434962452269646,0.5893157491804261,0.5925833333333334,0.09279053471843617,0.584317402589853,0.5360416666666666,0.12611467492677042,0.5662064152414759,0,3
0.585,-0.014000000000000012,0.5749999999999998,0.030265491900830527,0.5851976959371821,0.6044999999999999,0.06816377336972533,0.5880826779860187,0.60725,0.07291604761641952,0.5844224175760294,0.5447916666666667,0.12166203336423294,0.5677099020221578,0,4
0.618,0.03300000000000003,0.6006666666666666,0.016563010998385103,0.601598847968591,0.5846666666666666,0.026447432137467544,0.5966304842757276,0.6139166666666667,0.06959030540284014,0.5895881994874095,0.5594583333333334,0.10691523630252156,0.5717331098603852,0,5
0.542,-0.07599999999999996,0.5816666666666666,0.03810949138118464,0.5717994239842955,0.5798333333333333,0.031593775758303265,0.5810217744826627,0.59725,0.05931752002417286,0.582266938027808,0.5527083333333334,0.10241198943342038,0.5693544610715543,1,0
0.594,0.051999999999999935,0.5846666666666666,0.03885013942487971,0.5828997119921477,0.5798333333333333,0.031593775758303265,0.5847298389161877,0.59,0.05314645288770855,0.5840720244850683,0.5616666666666666,0.09574271077563815,0.57132610418583,0,1
0.488,-0.10599999999999998,0.5413333333333332,0.05300314456079474,0.5354498559960739,0.571,0.047849764889697076,0.5570927420829912,0.58175,0.06078894187716571,0.569291713025827,0.5659166666666666,0.08967764331284439,0.5646600158509636,1,0
0.308,-0.18,0.46333333333333315,0.1445867674904324,0.42172492799803696,0.5225,0.11464684906267288,0.48592338720213657,0.5590833333333334,0.0997355214676508,0.5290929879449305,0.5596249999999999,0.10196069681820054,0.5441272145828865,0,1
0.241,-0.067,0.3456666666666665,0.12773540360186814,0.3313624639990185,0.4651666666666667,0.15577729830327003,0.41594527657295466,0.5348333333333334,0.13578246863228993,0.4847709897995566,0.5440416666666666,0.12009687363945784,0.5198770374162556,0,2
0.286,0.044999999999999984,0.27833333333333315,0.03415162270422923,0.30868123199950925,0.4098333333333333,0.14946894883776363,0.3788180546949676,0.49725,0.13714698485400798,0.4541908375227017,0.5362916666666667,0.1304988686163441,0.5011668744229552,0,3
0.249,-0.03699999999999998,0.2586666666666665,0.024006943440013116,0.2788406159997546,0.361,0.14546202253509105,0.34172718192497686,0.4704166666666667,0.15209175360666854,0.422623016365363,0.5254583333333332,0.1430512158715185,0.48099352446911875,0,4
0.288,0.03899999999999998,0.27433333333333315,0.021962088546675553,0.2834203079998773,0.31,0.09080748867796838,0.32637655851784064,0.4449166666666667,0.15511020031714332,0.4019117830783841,0.5171666666666667,0.15092775889742108,0.46555404251158927,0,5
0.243,-0.044999999999999984,0.25999999999999984,0.024433583445713773,0.26321015399993863,0.26916666666666667,0.028393074272893257,0.3025546846556004,0.4200833333333333,0.16202943522331978,0.3774638164509404,0.49854166666666666,0.15616211731421611,0.44774971911066214,0,6
0.303,0.06,0.27799999999999986,0.03122498999197104,0.28310507699996934,0.2683333333333333,0.027067816067537352,0.30268191761114316,0.3954166666666667,0.1546799971397454,0.36600784468925723,0.494,0.16031816192646203,0.43616974158180916,1,0
0.471,0.16799999999999998,0.3389999999999998,0.11818629362154821,0.37705253849998466,0.30666666666666664,0.08387291974568445,0.3507727982936737,0.3859166666666667,0.14518731370407745,0.38216048396783303,0.4965833333333334,0.15938575482326123,0.43895616225526446,1,0
0.336,-0.13499999999999995,0.36999999999999983,0.08901123524588829,0.3565262692499923,0.315,0.08389278872465353,0.34655199878119547,0.36241666666666666,0.1257251391172854,0.37505887104970487,0.48816666666666664,0.16240841343238424,0.43071966927484334,0,1
0.255,-0.08100000000000002,0.35399999999999987,0.10911920087683391,0.30576313462499616,0.316,0.08297951554449662,0.3203942848437111,0.33849999999999997,0.11532523180513995,0.35658827550359645,0.467875,0.15971613746024071,0.41666209573285584,0,2
0.28,0.025000000000000022,0.29033333333333317,0.04147690120213947,0.2928815673124981,0.3146666666666667,0.08358149715496858,0.3088530606026508,0.3123333333333333,0.0832437093810418,0.34480546388765854,0.45116666666666666,0.15740937121063886,0.40572912807422734,0,3
0.241,-0.039000000000000035,0.25866666666666654,0.019756855350282154,0.26694078365624907,0.3143333333333333,0.08392774670313759,0.2894664718590363,0.29175,0.06422280110535815,0.32883539252032645,0.43675,0.1602468883235881,0.39255079782828917,0,4
0.456,0.21500000000000002,0.32566666666666655,0.11454402356007978,0.36147039182812457,0.3398333333333334,0.10125100822542961,0.3370474798993116,0.3040833333333333,0.07991979881371351,0.3483991782864301,0.4315833333333334,0.157401153707357,0.3976267340020261,1,0
0.268,-0.188,0.32166666666666655,0.11711675086567296,0.3147351959140623,0.306,0.08043133717649709,0.3173196284995083,0.30633333333333335,0.07834693627859754,0.3360300739346716,0.4205833333333333,0.1592918886732865,0.387256595281864,1,0
0.266,-0.0020000000000000018,0.32999999999999985,0.10912378292562437,0.29036759795703115,0.29433333333333334,0.08028615488778891,0.30265687749964876,0.3046666666666667,0.07902857174158819,0.3252562164062606,0.4009583333333333,0.14716641841855851,0.37755606765931493,0,1
0.448,0.182,0.3273333333333332,0.10450518328452477,0.3691837989785156,0.3265,0.09806885336333526,0.34418348392832054,0.32125,0.08678408421322115,0.3441398754206821,0.3958333333333333,0.14307209087871442,0.38319158224656974,0,2
0.355,-0.09300000000000003,0.35633333333333317,0.09100732571245115,0.3620918994892578,0.33899999999999997,0.0957078889120398,0.34727391709165756,0.32683333333333336,0.08660551455603352,0.34581066381750025,0.38587499999999997,0.13686213707676328,0.38093625566684414,0,3
0.445,0.09000000000000002,0.41599999999999987,0.05284884104688543,0.4035459497446289,0.373,0.08999555544580705,0.3751956550654697,0.34366666666666673,0.08844138617117529,0.36107056169173096,0.381875,0.13349265164599744,0.38606135521349666,0,4
0.301,-0.14400000000000002,0.3669999999999998,0.07274613391788502,0.35227297487231446,0.3471666666666667,0.08341083063167523,0.3539968964753355,0.34349999999999997,0.08852683209061629,0.3518289368160801,0.3694583333333334,0.12607174602157667,0.37925644679641696,0,5
0.341,0.040000000000000036,0.36233333333333323,0.07433258594541282,0.34663648743615727,0.3593333333333333,0.07438996348074119,0.3502834974823825,0.33266666666666667,0.07894109810293462,0.3501629465366831,0.3592916666666666,0.11747987030780063,0.37619593105270366,0,6
0.334,-0.007000000000000006,0.3253333333333332,0.02136195995998755,0.3403182437180786,0.37066666666666664,0.061366657613609696,0.34563106963027324,0.33249999999999996,0.07893553180804168,0.34767633937719344,0.34745833333333326,0.10379410185415933,0.3728202565684874,0,7
0.463,0.129,0.37933333333333324,0.07254194189110337,0.4016591218590393,0.37316666666666665,0.06532508451327101,0.3791650497359095,0.3498333333333334,0.083097788323412,0.36541844101147136,0.3441666666666667,0.09847253718530669,0.3800346360430084,0,8
0.298,-0.16500000000000004,0.3649999999999998,0.0867582849069693,0.34982956092951967,0.36366666666666664,0.07227078709040054,0.35597503552564963,0.35133333333333333,0.08187610744104248,0.3550463731635527,0.33183333333333337,0.08316859078254914,0.37347186515956776,1,0
0.338,0.040000000000000036,0.3663333333333332,0.08607167555782909,0.3439147804647599,0.3458333333333334,0.06041660919536958,0.35083931108974975,0.3594166666666667,0.07444394881487461,0.3524238542153138,0.32558333333333334,0.07627291767735127,0.37063411594680234,0,1
0.349,0.010999999999999954,0.3283333333333332,0.026839026311178075,0.3464573902323799,0.3538333333333334,0.056332642993791884,0.35031379363553555,0.35050000000000003,0.06794850991743795,0.3518971074129578,0.32729166666666665,0.07632110607089997,0.36890338667105815,0,2
0.396,0.04700000000000004,0.36099999999999993,0.03080584360147995,0.37122869511618994,0.363,0.058268344750810774,0.363366995453954,0.36116666666666664,0.06373643646560016,0.3586821678109643,0.33375,0.07525218471479293,0.3710711157373735,0,3
0.362,-0.03400000000000003,0.36899999999999983,0.024269322198999712,0.36661434755809497,0.36766666666666664,0.05657796979979046,0.3629764253242529,0.36916666666666664,0.05629602494175383,0.35919260353235444,0.3369166666666667,0.07475287789526681,0.37034542647838364,0,4
0.441,0.07900000000000001,0.39966666666666656,0.039627431576273776,0.4038071737790475,0.36399999999999993,0.04942469018617452,0.38526887523160924,0.3685833333333333,0.05543457787556941,0.3717783568350691,0.3449166666666667,0.07520749076167964,0.37599779236011294,0,5
0.481,0.03999999999999998,0.4279999999999999,0.060555759428802376,0.44240358688952375,0.3945,0.05650752162322567,0.4126206251654352,0.3790833333333334,0.06391252307694276,0.38858168655275077,0.3529583333333333,0.0790759014391062,0.3843979689713039,0,6
0.452,-0.02899999999999997,0.4579999999999999,0.02066397831974889,0.44720179344476185,0.4135,0.052751303301428555,0.42387187511816804,0.37966666666666665,0.06459711974065108,0.3983383501600199,0.36166666666666664,0.077940147976945,0.38980613145359966,0,7
0.526,0.07400000000000001,0.48633333333333323,0.03728717384480148,0.48660089672238094,0.443,0.058631049794450156,0.45305133937012,0.39841666666666664,0.07192604577346219,0.4179786039815553,0.37095833333333333,0.0837202791737398,0.4007016409373117,0,8
0.469,-0.05700000000000005,0.4823333333333332,0.0387599449603897,0.47780044836119046,0.45516666666666666,0.05434488629729532,0.45760809955008575,0.4090833333333333,0.07212799019588081,0.42582804952285447,0.370875,0.08361730240130304,0.4061655096623268,0,9
0.584,0.11499999999999999,0.5263333333333332,0.05750072463310814,0.5309002241805952,0.49216666666666664,0.0537974596674038,0.49372007110720406,0.42991666666666667,0.08365346086774655,0.45016219575010763,0.3812083333333333,0.09382128207936544,0.4203922688893406,1,0
0.396,-0.18799999999999994,0.4829999999999998,0.0947786895878979,0.46345011209029763,0.48466666666666663,0.06444118765716489,0.46580005079086007,0.4243333333333334,0.0834803551559874,0.4418295502500911,0.3870833333333334,0.089907641821885,0.41844088737819335,1,0
0.373,-0.02300000000000002,0.45099999999999985,0.11575404960518246,0.4182250560451488,0.4666666666666666,0.07908897942612451,0.43928575056490005,0.4305833333333333,0.07559756890431406,0.43124038867315395,0.3909583333333333,0.08705044972372511,0.4148056163879379,0,1
0.495,0.122,0.42133333333333317,0.06482540654197488,0.4566125280225744,0.47383333333333333,0.07944159280040868,0.4552041075463572,0.44366666666666665,0.07159778225785,0.44104955964651493,0.4015416666666667,0.08338959332772668,0.4212211670769029,0,2
0.597,0.10199999999999998,0.4883333333333331,0.11214871079656888,0.5268062640112872,0.48566666666666664,0.09291214488249605,0.4957172196759695,0.4643333333333333,0.07734965867390593,0.4650419350855126,0.4074166666666667,0.09192336915661194,0.4352834737107507,0,3
1.399,0.802,0.8303333333333333,0.4951134550114076,0.9629031320056436,0.6406666666666666,0.3828611584721881,0.7537980140542639,0.5479166666666666,0.2781286354886671,0.608727791226203,0.4545416666666666,0.21917334397719565,0.5123807958138906,1,0
1.41,0.010999999999999899,1.135333333333333,0.4662427836796336,1.1864515660028219,0.7783333333333333,0.4915004238723155,0.9412842957530456,0.63525,0.36531533700974744,0.7320004387298641,0.5022083333333333,0.28950271894295465,0.5841903321487794,0,1
0.671,-0.7389999999999999,1.16,0.4235221363754205,0.928725783001411,0.8241666666666667,0.4605650515037651,0.8640602112521755,0.6544166666666666,0.36019501241646423,0.7226157558483466,0.5115,0.2912605288262983,0.591135105576877,0,2
0.726,0.05499999999999994,0.9356666666666665,0.411704181826385,0.8273628915007054,0.883,0.41131934065881115,0.8246144366086967,0.6748333333333333,0.3563952946667589,0.7231364087947547,0.5269583333333333,0.29243616608053985,0.6019242971307268,0,3
0.716,-0.010000000000000009,0.7043333333333331,0.029297326385399263,0.7716814457503527,0.9198333333333332,0.3781858890369467,0.7935817404347834,0.6968333333333333,0.3494704652193171,0.7220384997494078,0.53825,0.2943596218174679,0.6110503533602687,0,4
0.734,0.018000000000000016,0.725333333333333,0.009018499505608816,0.7528407228751763,0.9426666666666667,0.3584152154508312,0.7765583860248453,0.7141666666666667,0.3453611636147486,0.7238787305571912,0.5562916666666667,0.29244939795171365,0.6208863250914473,0,5
0.937,0.20300000000000007,0.7956666666666665,0.12272869808375239,0.8449203614375882,0.8656666666666667,0.2823208576543111,0.8223988471606039,0.7531666666666665,0.34156240833540014,0.7566666181637772,0.581125,0.29861278002005415,0.6461754190841316,0,6
0.735,-0.20200000000000007,0.8019999999999997,0.11691449867317366,0.7899601807187941,0.7531666666666667,0.09312661631706502,0.7974277479718599,0.76575,0.3375212114546551,0.7533332922924268,0.5978333333333333,0.2953853292796107,0.653281385557401,1,0
0.506,-0.22899999999999998,0.7259999999999999,0.21564090521048954,0.6479800903593971,0.7256666666666667,0.13650299142020972,0.714162677122757,0.7749166666666666,0.32792362146565673,0.7152820165551305,0.599625,0.29466145828730445,0.6414988747128089,0,1
0.428,-0.07800000000000001,0.5563333333333331,0.1595692117337559,0.5379900451796985,0.676,0.18274025281803455,0.6324019122305407,0.7795,0.32212857399153216,0.6710847832389566,0.6050416666666667,0.2900342527247843,0.6244189647357842,0,2
0.27,-0.15799999999999997,0.4013333333333331,0.1202386515781503,0.40399502258984926,0.6016666666666667,0.24374303408849626,0.5288585087361005,0.7607499999999999,0.3458673221705896,0.6093794319714247,0.6022083333333333,0.29307262479767354,0.5960654475569214,0,3
0.281,0.01100000000000001,0.32633333333333314,0.08821753416034499,0.3424975112949247,0.5261666666666668,0.2638813495999023,0.4580417919543575,0.7344166666666667,0.3706126275465659,0.5588595193604364,0.599375,0.2959416529597052,0.5708602117523678,0,4
0.262,-0.019000000000000017,0.27099999999999985,0.00953939201407345,0.30224875564746234,0.4136666666666667,0.18613400190901674,0.40202985139596964,0.6396666666666666,0.32817216471993726,0.5131888240742154,0.5937916666666666,0.301163393347788,0.5461513948121783,0,5
0.276,0.014000000000000012,0.27299999999999985,0.009848857801703371,0.2891243778237312,0.33716666666666667,0.10374279091419243,0.3660213224256926,0.5451666666666667,0.23670919378900862,0.4766982357551054,0.5902083333333333,0.3045339959842674,0.5245392832272041,0,6
0.251,-0.025000000000000022,0.26299999999999973,0.012529964086067795,0.2700621889118656,0.2946666666666667,0.06617451674674968,0.33315808744692327,0.5101666666666667,0.2472289455447148,0.44197543025431996,0.5822916666666667,0.31098280102962733,0.5026561405690279,0,7
0.284,0.032999999999999974,0.2703333333333331,0.0172143351115139,0.27703109445593277,0.27066666666666667,0.01245257670788898,0.31911291960494514,0.47333333333333333,0.24506597751081932,0.4176715179075015,0.5740833333333333,0.3163265946656312,0.48516364932350564,1,0
0.259,-0.024999999999999967,0.26466666666666644,0.01721433511151348,0.2680155472279664,0.2688333333333333,0.01334790870008704,0.301937799717818,0.43524999999999997,0.23937005394842698,0.39326051515250127,0.5660416666666667,0.32196806203568606,0.4670705573776252,0,1
0.262,0.0030000000000000027,0.2683333333333331,0.013650396819561504,0.2650077736139832,0.26566666666666666,0.012077527340720838,0.29052699979844143,0.39591666666666664,0.2241097370540254,0.37306658974442414,0.5550416666666667,0.3278515675764259,0.45066491278741516,0,2
0.259,-0.0030000000000000027,0.2599999999999998,0.0017320508070321713,0.2620038868069916,0.2651666666666667,0.012319361455280847,0.2815192855703153,0.3394166666666667,0.14775437746681577,0.35551788362989734,0.5462916666666667,0.33300952841396847,0.435331719764422,0,3
0.289,0.02999999999999997,0.2699999999999998,0.016522711641802808,0.27550194340349576,0.26733333333333337,0.01537096830605863,0.2836566325502252,0.30225,0.07955801199582305,0.34528436307145155,0.534,0.33697787309632465,0.4236251821832682,0,4
0.246,-0.04299999999999998,0.26466666666666644,0.022052966542655556,0.2607509717017479,0.2665,0.016525737502429128,0.2728975946787323,0.28058333333333335,0.048280352362453795,0.3300098456758436,0.52775,0.34101552304333993,0.40941516760860674,1,0
0.367,0.121,0.3006666666666664,0.06133786215162364,0.31387548585087394,0.2803333333333333,0.04474669447753496,0.29978399619909446,0.2755,0.03171893612798494,0.33570063864879074,0.5275,0.341136081479162,0.4060219541999182,1,0
0.606,0.239,0.40633333333333316,0.18319479614151668,0.459937742925437,0.33816666666666667,0.13823663286794077,0.3872742829993532,0.3035,0.1003896952335804,0.37728515577974603,0.532125,0.34142862421710274,0.4220201978639248,0,1
0.326,-0.27999999999999997,0.43299999999999983,0.15121838512561425,0.3929688714627185,0.34883333333333333,0.133574573428725,0.369767344999538,0.30724999999999997,0.10031325934292158,0.36939513181363126,0.5208333333333334,0.3436637217152683,0.41433858203481083,1,0
0.247,-0.07900000000000001,0.3929999999999998,0.18864516956444574,0.31998443573135926,0.3468333333333333,0.13526775915444836,0.3346909607139557,0.306,0.10101935008160237,0.35056511153461106,0.47283333333333327,0.29228643882130695,0.40095149547202596,0,1
0.381,0.134,0.3179999999999998,0.06735725647618288,0.35049221786567963,0.3621666666666667,0.1325887124406367,0.34792211479568264,0.31475000000000003,0.10271772884065368,0.35524740206774785,0.4299583333333334,0.21376083327069256,0.3993553758342639,0,2
0.497,0.11599999999999999,0.3749999999999998,0.12510795338426103,0.4237461089328398,0.40399999999999997,0.12812806093904322,0.39051579628263045,0.33525,0.11288298446541178,0.37705549405732514,0.4227083333333333,0.2081060513853202,0.4071669457675228,0,3
1.282,0.785,0.7199999999999998,0.4901499770478413,0.8528730544664199,0.5565,0.3773755423977542,0.6452255687733075,0.41841666666666666,0.29401251004099505,0.5162777257408135,0.445875,0.2661809310290265,0.477153590106121,1,0
0.348,-0.934,0.7089999999999997,0.5017937823448985,0.60043652723321,0.5135,0.3852244800113295,0.5603039776952197,0.42583333333333334,0.29072975059114264,0.4903888448576115,0.43054166666666666,0.26048215814167786,0.46682130289763135,1,0
0.259,-0.08899999999999997,0.6296666666666665,0.5666871564923034,0.429718263616605,0.5023333333333334,0.39264623602763066,0.47421712692515694,0.42558333333333337,0.2908846876601648,0.45479056103336357,0.41074999999999995,0.2543970279427182,0.4501955986658209,0,1
1.031,0.7719999999999999,0.5459999999999997,0.42237305785288765,0.7303591318083025,0.633,0.4201680616134444,0.6332979478036835,0.4899166666666666,0.33301200042076934,0.5434381670282307,0.4146666666666667,0.26341514047579956,0.4966599507725552,0,2
0.415,-0.6159999999999999,0.568333333333333,0.40820256409450956,0.5726795659041513,0.6386666666666666,0.41630117303061476,0.5709271055740597,0.5004166666666666,0.3280505665936645,0.5236784490238875,0.4013333333333333,0.2544417019872059,0.4901271547107508,0,3
0.583,0.16799999999999998,0.676333333333333,0.318429479372329,0.5778397829520756,0.653,0.4119053289288683,0.5743765039814712,0.5285000000000001,0.31857880429409385,0.532804841481751,0.40454166666666663,0.25629754772727664,0.4975569823338908,0,4
0.467,-0.11599999999999994,0.4883333333333331,0.08600775158863293,0.5224198914760378,0.5171666666666667,0.27443791040354804,0.543697502843908,0.5368333333333334,0.3152608828294818,0.5226810197153278,0.4061666666666666,0.25657623100911303,0.49511242374717956,0,5
0.49,0.022999999999999965,0.5133333333333331,0.06141932377788003,0.5062099457380189,0.5408333333333334,0.2628082317330754,0.52835535917422,0.5271666666666667,0.31472522888540366,0.5176531705283542,0.41533333333333333,0.2554272919037363,0.49470342984740523,0,6
0.517,0.027000000000000024,0.4913333333333331,0.025026652459568036,0.5116049728690095,0.5838333333333333,0.2260021386329471,0.5251109708387286,0.5430833333333333,0.3083927420244085,0.5175526827547613,0.42516666666666664,0.25457221861930407,0.49648715545961286,0,7
0.362,-0.15500000000000003,0.4563333333333331,0.08280297901242392,0.43680248643450476,0.4723333333333333,0.07751558982982637,0.47850783631337757,0.5526666666666666,0.3000288874980763,0.49362150079249034,0.42933333333333334,0.25259620064385624,0.4857281830228438,0,8
0.34,-0.021999999999999964,0.40633333333333305,0.0964693388249955,0.3884012432172524,0.4598333333333333,0.09309224815561112,0.4389341687952697,0.54925,0.302385703425879,0.46998742374749186,0.43199999999999994,0.25124126634182653,0.47406992838101636,0,9
0.442,0.10199999999999998,0.3813333333333331,0.053678052622386736,0.4152006216086262,0.4363333333333334,0.07094410945713456,0.4398101205680498,0.5446666666666666,0.303663789362013,0.4656816662478777,0.4399583333333333,0.24826607030898884,0.47150433411053505,0,10
0.521,0.07900000000000001,0.4343333333333332,0.09074322747914497,0.46810031080431314,0.44533333333333336,0.07862230387533735,0.46300722897717844,0.48125,0.1960909459687243,0.47419217913281964,0.44983333333333336,0.246500139636027,0.47546398738169227,0,11
0.964,0.44299999999999995,0.6423333333333331,0.28135801629477764,0.7160501554021566,0.5243333333333333,0.2282460660486087,0.6061480206979846,0.5325833333333333,0.23483822607114552,0.5495472284970012,0.4792083333333334,0.2641453781482888,0.5145468683911569,0,12
0.933,-0.030999999999999917,0.8059999999999997,0.2473034573150958,0.8245250777010783,0.5936666666666667,0.28234494269716576,0.6995343004985604,0.58875,0.24388302896712966,0.6085399625743857,0.5071666666666667,0.2754254679687376,0.5480231189198644,0,13
1.226,0.2929999999999999,1.0409999999999997,0.16096272860510263,1.0252625388505392,0.7376666666666667,0.3522366628655594,0.8499530717846859,0.605,0.27987042456368005,0.7035338144860187,0.5474583333333333,0.3065185970904862,0.6022612694062752,0,14
0.992,-0.23399999999999999,1.0503333333333331,0.15496558757780154,1.0086312694252695,0.8463333333333334,0.3020097128680892,0.8905379084176328,0.6530833333333333,0.2934941406673403,0.7479132276420158,0.57675,0.31423879731683574,0.6334403678537732,0,15
1.216,0.22399999999999998,1.1446666666666665,0.13230772212283554,1.1123156347126346,0.9753333333333334,0.25665982674868615,0.9835270774411663,0.7058333333333332,0.3338616570686217,0.819926577235552,0.6171666666666666,0.33174108115748513,0.6800451384254714,0,16
1.105,-0.11099999999999999,1.104333333333333,0.11200148808535267,1.1086578173563173,1.0726666666666667,0.12878146864617412,1.0182336267436902,0.7589999999999999,0.3430441265016391,0.8637840268916209,0.6479166666666667,0.34160133344952504,0.7140415273514338,0,17
1.65,0.5449999999999999,1.3236666666666663,0.2880109951604866,1.3793289086781586,1.187,0.2553413401703664,1.1987383048169216,0.8556666666666667,0.4160265143065528,0.9847403304467561,0.6914166666666667,0.39786953473050357,0.7889182051633191,1,0
1.66,0.010000000000000009,1.4716666666666665,0.3175820104057126,1.5196644543390794,1.3081666666666665,0.28182293495502697,1.3305273605835153,0.9509166666666666,0.45996491137582374,1.0886264334549476,0.747,0.4359587136415565,0.8586047487502536,0,1
1.326,-0.33399999999999985,1.545333333333333,0.19001403456938212,1.4228322271695397,1.3248333333333333,0.2789339826314918,1.3292338289882253,1.03125,0.4310313477315454,1.125145443692648,0.7919583333333334,0.4377864755658931,0.8959963688502333,0,2
1.206,-0.1200000000000001,1.3973333333333329,0.23525588905133502,1.3144161135847698,1.3605,0.23863423895157768,1.294024163563018,1.1034166666666667,0.3734218814091525,1.1375846062014714,0.8263333333333334,0.4365026686174386,0.9207966593422147,0,3
0.778,-0.42799999999999994,1.103333333333333,0.28806480752312236,1.046208056792385,1.2875,0.3379892010109179,1.1465886882592986,1.1314166666666667,0.3293104250712474,1.0822638975550911,0.8380416666666667,0.43101906334988827,0.9093729265948375,0,4
0.772,-0.006000000000000005,0.9186666666666664,0.24885604942081122,0.9091040283961925,1.232,0.39626657694032014,1.0395633487566418,1.1523333333333332,0.29298164178706154,1.0345309902389233,0.8167916666666667,0.4206261356769136,0.8983830924672506,0,5
0.519,-0.253,0.6896666666666663,0.14783211198292784,0.7140520141980963,1.0434999999999999,0.4255790173399045,0.8908309633976013,1.1152499999999999,0.34289678409902613,0.9552185302021658,0.8239166666666667,0.4137317884253321,0.8680324450698705,0,6
0.58,0.06099999999999994,0.6236666666666664,0.1320315618832589,0.6470260070990481,0.8635,0.330438345232509,0.8020221167125723,1.0858333333333332,0.3737103480537084,0.8974926024787557,0.8372916666666667,0.3996233530155149,0.8449898494642809,0,7
0.606,0.026000000000000023,0.568333333333333,0.044657959350296504,0.6265130035495241,0.7434999999999999,0.2497789022315512,0.7460157976518373,1.0341666666666665,0.3948318015499146,0.8526475867127933,0.8195833333333334,0.4000825911110673,0.8258706615071384,0,8
0.667,0.061000000000000054,0.6176666666666663,0.04465795935029743,0.6467565017747621,0.6536666666666667,0.10533122360755853,0.7234398554655981,1.0070833333333333,0.40888372615592217,0.8240864195262098,0.8300833333333334,0.3922326191639757,0.8131610085865674,0,9
0.582,-0.08500000000000008,0.6183333333333331,0.04382160806420522,0.614378250887381,0.621,0.0880318124316365,0.6830284681897129,0.9542499999999999,0.4202378385023064,0.786842354983716,0.8300416666666667,0.3922600600496378,0.794668127899642,0,10
0.481,-0.10099999999999998,0.5766666666666663,0.09311462470166944,0.5476891254436904,0.5725,0.06547289515516197,0.6253060487069377,0.90225,0.4381147888188868,0.7397896849862212,0.830625,0.39170672397687556,0.7695746776676706,0,11
0.468,-0.012999999999999956,0.510333333333333,0.06240459384799036,0.5078445627218452,0.564,0.07623385074885587,0.5803614633620984,0.80375,0.38428283263053153,0.6979758872960333,0.8297083333333334,0.3925633129956816,0.7454487034542571,0,12
0.469,0.0009999999999999454,0.47266666666666635,0.007234178138018671,0.4884222813609226,0.5455,0.08458545974337928,0.5485439024014989,0.7045,0.28366000775576317,0.6627488277120281,0.8277083333333334,0.3943439768798933,0.7233328071779165,0,13
0.411,-0.057999999999999996,0.449333333333333,0.033201405592723825,0.44971114068046125,0.513,0.09366536179398896,0.5092456445724992,0.62825,0.21641799832731015,0.6240182388332546,0.8297499999999999,0.3919475619318844,0.6983461826036832,0,14
0.222,-0.18899999999999997,0.36733333333333307,0.12916010736033173,0.3358555703402306,0.43883333333333335,0.1198556075728855,0.427175460408928,0.54625,0.15543494693045165,0.5621692790127539,0.8248333333333333,0.39903423266754984,0.6602384879953885,0,15
0.282,0.05999999999999997,0.30499999999999966,0.09657639463139527,0.3089277851701153,0.38883333333333336,0.11038734830887799,0.3856967574349486,0.5049166666666667,0.15414836910252822,0.5190663130107918,0.8181666666666666,0.40696604565840766,0.6299794089557575,0,16
0.259,-0.022999999999999965,0.254333333333333,0.03027099822160232,0.28396389258505766,0.3518333333333333,0.11052134032242625,0.34949768388210617,0.46216666666666667,0.1441557449007092,0.4790561110091315,0.8072500000000001,0.41863081691338233,0.600301056239297,0,17
0.262,0.0030000000000000027,0.2676666666666664,0.012503332888964939,0.2729819462925288,0.31749999999999995,0.09856723593567442,0.32449834563007585,0.44075,0.1537182339689895,0.4456628631615728,0.778,0.4315283254343503,0.5732369717401532,0,18
0.249,-0.013000000000000012,0.2566666666666664,0.0068068592854748,0.2609909731462644,0.2808333333333333,0.06670956952840862,0.30292738973576844,0.4131666666666667,0.15613795376544468,0.41540703805979234,0.7494999999999999,0.44327369109545856,0.547298014000941,0,19
0.262,0.013000000000000012,0.2576666666666664,0.007505553499393381,0.2614954865731322,0.256,0.019809088823035868,0.29123384981126316,0.3845,0.1489279874789993,0.39180595528136275,0.7093333333333334,0.44189263565856823,0.5244741728808657,0,20
0.264,0.0020000000000000018,0.258333333333333,0.008144527815181013,0.26274774328656614,0.263,0.0107331262919488,0.283452749865188,0.3509166666666667,0.12253196861771555,0.3721435006226915,0.6789999999999999,0.4466069179160077,0.5036362390503965,0,21
0.249,-0.015000000000000013,0.258333333333333,0.008144527815181013,0.25587387164328307,0.2575,0.006774953874302351,0.2736091070465628,0.32316666666666666,0.10131035425260028,0.353198346680739,0.6387083333333333,0.43961925019831477,0.4832653399263647,1,0
0.272,0.02300000000000002,0.2616666666666664,0.0116761865920455,0.26393693582164157,0.2596666666666667,0.009048020041179753,0.2731493621761163,0.30575,0.08891684061781559,0.3407062933452407,0.604,0.43405229097926534,0.4663641127322556,1,0
0.26,-0.01200000000000001,0.26033333333333303,0.011503622617778316,0.2619684679108208,0.25933333333333336,0.008981462390145079,0.2693924015543688,0.28841666666666665,0.07331805970419118,0.32828994052289595,0.5460833333333334,0.37745992204951284,0.44985498371367516,0,1
0.228,-0.032,0.253333333333333,0.022744962812285507,0.2449842339554104,0.25583333333333336,0.015523101064722605,0.2575660011102634,0.26833333333333337,0.047987372076279934,0.31286071890398887,0.4864166666666667,0.2986834760086017,0.43210658501658117,1,0
0.277,0.049000000000000016,0.2549999999999997,0.024879710609227754,0.2609921169777052,0.25833333333333336,0.017761381327633028,0.2631185722216167,0.2571666666666667,0.017978943913419115,0.3073436852264521,0.4427083333333333,0.24182071676755137,0.4196980582152547,1,0
0.467,0.19,0.3239999999999997,0.1262418314189042,0.36399605848885264,0.2921666666666667,0.08742863756610633,0.3213704087297262,0.27758333333333335,0.06130913966171822,0.3319061951916133,0.4119166666666667,0.1793948563720682,0.42348221355803434,1,0
0.622,0.15499999999999997,0.4553333333333331,0.17279564037710138,0.4929980292444263,0.35433333333333333,0.15617767659517012,0.4072645776640902,0.30591666666666667,0.11689813618028189,0.37653601131598047,0.4054166666666667,0.1680193872526471,0.4393636364733916,0,1
0.56,-0.061999999999999944,0.5496666666666664,0.07801495583112691,0.5264990146222132,0.4023333333333334,0.16950122910075177,0.45090326976006445,0.331,0.13655634867568725,0.4047612403442912,0.39658333333333334,0.15279167877031347,0.4490145455555203,0,2
0.986,0.42599999999999993,0.7226666666666665,0.23015067528324332,0.7562495073111066,0.5233333333333333,0.27430469676377306,0.6037880498286174,0.3913333333333333,0.2307510793172161,0.494182587983631,0.41604166666666664,0.1933998964000177,0.4919733819110787,0,3
1.918,0.9319999999999999,1.1546666666666663,0.6945338964610248,1.3371247536555533,0.805,0.5929708255892516,0.9792771784490124,0.5304166666666666,0.49212239023407234,0.713231420601534,0.47179166666666666,0.3620403507617782,0.6060555113581925,0,4
2.472,0.554,1.7919999999999998,0.7509700393491083,1.9045623768277766,1.1708333333333334,0.8312848889921345,1.405769413177866,0.7145833333333332,0.7357568099129855,0.9838112020474519,0.5495416666666667,0.5458309962335196,0.7553310704495371,0,5
1.954,-0.518,2.1146666666666665,0.30998279522150096,1.9292811884138883,1.4186666666666667,0.8005764589760714,1.5624067236984758,0.8554166666666667,0.8005588341712911,1.1330710171170746,0.6031666666666667,0.6165159941270736,0.8512245848135741,0,6
1.768,-0.18599999999999994,2.064666666666666,0.36481410791433894,1.8486405942069442,1.6096666666666668,0.7032898880736629,1.6211476597846255,0.9820000000000001,0.8159002835685699,1.230752399099063,0.6525833333333333,0.6606944907783994,0.9245666180284883,0,7
2.053,0.2849999999999999,1.9249999999999996,0.1446962335377172,1.950820297103472,1.8585,0.48914609269623993,1.7445340427033038,1.1304166666666666,0.8367272237531758,1.3572520300068995,0.7180833333333333,0.7183512472967207,1.0148412885862093,0,8
0.913,-1.14,1.5779999999999996,0.5932748098478492,1.431910148551736,1.8463333333333332,0.5153921484332733,1.5069528876452172,1.1848333333333334,0.7951756619347284,1.288905563851992,0.736625,0.7173579430648703,1.0066939854993127,1,0
2.576,1.663,1.8473333333333333,0.8503624717338688,2.003955074275868,1.9560000000000002,0.5972038178042723,1.8123949197465836,1.3805000000000003,0.8265886632308832,1.4869200924901471,0.8244166666666666,0.8065642601783829,1.1322384666593677,1,0
2.001,-0.5750000000000002,1.8299999999999998,0.844584513237131,2.002477537137934,1.8775000000000002,0.5444368650266058,1.866282085533274,1.5241666666666667,0.7648745391278631,1.5660093090301246,0.8906666666666667,0.835897157532561,1.2017393893266184,0,1
1.776,-0.22499999999999987,2.117666666666666,0.41256312648288707,1.8892387685689669,1.8478333333333332,0.5442842700893212,1.8404872039523386,1.63325,0.6900851232078024,1.598315569179336,0.9554166666666667,0.8420144539018974,1.247680238180489,0,2
2.588,0.812,2.1216666666666666,0.41923302986923,2.2386193842844833,1.9845,0.6181639750098663,2.0540622885373847,1.7970833333333334,0.6609371388529715,1.750574712382515,1.0515,0.8919203025421928,1.3549058191260501,0,3
1.597,-0.9910000000000001,1.9869999999999994,0.5281202514579435,1.9178096921422416,1.9085,0.6358366928701099,1.923473063240989,1.8835,0.5414845754539513,1.7269478335544357,1.1072499999999998,0.8819918785981217,1.3742733535959664,0,4
1.192,-0.405,1.792333333333333,0.7182063306135187,1.5549048460711208,1.955,0.5533208833940741,1.7144807594578493,1.900666666666667,0.5129585014817717,1.6446481668537534,1.146,0.8634767940790555,1.3596914853082893,0,5
1.129,-0.06299999999999994,1.3059999999999998,0.25397440815956596,1.3419524230355604,1.7138333333333333,0.5437806236587186,1.5472005424698922,1.8349166666666665,0.5590318674171261,1.5653176796454837,1.1826666666666668,0.8421513169138373,1.341236166483626,0,6
1.77,0.641,1.3636666666666664,0.35330204263963033,1.5559762115177802,1.6753333333333333,0.5273107875500604,1.6108575303356374,1.7764166666666668,0.5217936649556789,1.5968072673923324,1.2455,0.8265858013276793,1.375537273164936,0,7
2.193,0.42300000000000004,1.697333333333333,0.5357091872773277,1.87448810575889,1.7448333333333335,0.5690600729858536,1.777183950239741,1.7963333333333333,0.5336155124727125,1.6885292262550504,1.3258750000000001,0.8207627583137422,1.4409342913117413,0,8
1.746,-0.44700000000000006,1.9029999999999998,0.2514338879308068,1.810244052879445,1.6045,0.3975066037187284,1.7682742501712436,1.7945,0.5337594793707952,1.6973708837542736,1.3882500000000002,0.7917359710320648,1.465339548006802,0,9
2.678,0.9319999999999999,2.205666666666666,0.4661290951371031,2.2441220264397224,1.7846666666666666,0.5912094947365655,2.0281958929794595,1.8465833333333332,0.5889195744339931,1.8482369016382316,1.4885000000000002,0.7965603773616964,1.5623523841662579,0,10
1.604,-1.0739999999999998,2.0093333333333327,0.583418660426057,1.9240610132198612,1.8533333333333335,0.5292899646381605,1.9069970664138998,1.9041666666666666,0.5189646744561076,1.8106619936938884,1.5445,0.7524614102484212,1.5656841934329573,1,0
1.431,-0.17300000000000004,1.904333333333333,0.6755755570869441,1.6775305066099306,1.9036666666666668,0.4559046683975337,1.7709979045813569,1.80875,0.48858257420643064,1.7522524562025208,1.594625,0.6991288873211833,1.5549094579583207,0,1
1.584,0.15300000000000002,1.5396666666666665,0.09463790642937547,1.6307652533049652,1.8726666666666667,0.47282117831868015,1.7175699318438264,1.774,0.48849527772910645,1.7263674629405945,1.6490833333333335,0.6404742751285554,1.557236701321655,0,2
1.042,-0.542,1.3523333333333332,0.27943216231016665,1.3363826266524828,1.6808333333333334,0.5448656409305555,1.5245499513170189,1.7128333333333334,0.5322189968481593,1.6210801609497338,1.673041666666667,0.6040522925223016,1.5160177652159228,0,3
0.953,-0.08900000000000008,1.1929999999999998,0.34152745131248546,1.1446913133262413,1.5486666666666666,0.6172648270124136,1.361249965226442,1.5765833333333334,0.4958453678193225,1.5182985977266978,1.6868333333333334,0.5824023461093045,1.4709763439986492,0,4
0.713,-0.24,0.9026666666666664,0.1701773584626806,0.9288456566631207,1.2211666666666667,0.3699964414243257,1.1760356894474586,1.5029166666666667,0.5547093355710695,1.3944065057687445,1.6932083333333334,0.5702421285251787,1.4103382364787573,0,5
0.637,-0.07599999999999996,0.7676666666666664,0.16494039327386056,0.7829228283315603,1.06,0.38034931313201775,1.0220254924624705,1.4566666666666668,0.6039416487968979,1.2778824279581684,1.6786666666666665,0.593054265914039,1.348471177560457,0,6
0.547,-0.08999999999999997,0.6323333333333331,0.08309833532229101,0.6649614141657803,0.9126666666666668,0.3791077243563684,0.886303923187479,1.4081666666666666,0.6539461797889842,1.1654389775030656,1.6215416666666667,0.6336395202847324,1.2843534833556205,0,7
0.592,0.04499999999999993,0.5919999999999997,0.04500000000002918,0.6284807070828902,0.7473333333333333,0.2033427320232126,0.8022170879910564,1.3099999999999998,0.6824864967029154,1.0772175963487478,1.5432083333333335,0.640104881295222,1.228965204687171,0,8
0.634,0.04200000000000004,0.5909999999999997,0.04350861983564437,0.631240353541445,0.6793333333333335,0.144922968043937,0.7541550628507546,1.1800833333333334,0.6465582246625498,1.0090302738335557,1.4882083333333336,0.6596836514023489,1.1813679883121975,0,9
0.528,-0.10599999999999998,0.5846666666666663,0.05337914698958731,0.5796201767707225,0.6084999999999999,0.06770155094233267,0.6895393306076818,1.0785833333333332,0.6452439226346652,0.9350256163207009,1.4365416666666668,0.684894405010358,1.1290985492472219,0,10
0.582,0.05399999999999994,0.581333333333333,0.05300314456082744,0.5808100883853613,0.5866666666666666,0.044360643217427755,0.6588138075769155,0.9039166666666668,0.4158339831172431,0.8807139830405931,1.37525,0.6930997951860585,1.0853306653074442,0,11
0.566,-0.016000000000000014,0.5586666666666663,0.027736858750334308,0.5734050441926806,0.5748333333333334,0.03712905421181521,0.632295576840654,0.8174166666666666,0.3613586630113265,0.8322964471881942,1.3607916666666666,0.7066486107380179,1.0437842120828487,0,12
0.439,-0.12699999999999995,0.5289999999999996,0.0783517708798129,0.5062025220963403,0.5568333333333334,0.0672678724701763,0.5770682691718957,0.73475,0.31924488320808775,0.7717893014669336,1.2717500000000002,0.6810410349636413,0.9954014751162209,0,13
0.3,-0.139,0.43499999999999966,0.13304510513357043,0.4031012610481701,0.5081666666666667,0.12094695807114736,0.497905906551354,0.6277499999999999,0.2025932445252625,0.6992063320104822,1.2008750000000001,0.6902968052568592,0.9397693571069233,0,14
0.255,-0.044999999999999984,0.33133333333333304,0.09591836807064785,0.32905063052408506,0.445,0.13961375290420772,0.42850421896525287,0.5621666666666667,0.1827093237076232,0.6308668963165618,1.1375,0.704866314799573,0.8849878085383694,0,15
0.274,0.019000000000000017,0.27633333333333304,0.02259055849987662,0.3015253152620425,0.4026666666666667,0.14768841073917685,0.38436015640375204,0.5055833333333334,0.15346865734696075,0.5759642968832447,1.0410833333333334,0.6542773588615466,0.8361087838553,0,16
0.248,-0.026000000000000023,0.25899999999999973,0.013453624047186561,0.27476265763102126,0.347,0.12824039925077085,0.3454001117169657,0.46683333333333327,0.15503303655751083,0.5255082512088993,0.9848750000000001,0.6623386308803997,0.789060081146876,0,17
0.228,-0.01999999999999999,0.2499999999999997,0.023065125189407634,0.2513813288155106,0.2906666666666667,0.0766646376542911,0.3118572226549755,0.43275,0.15912609351191806,0.47973775102291477,0.9447083333333334,0.6782703372272146,0.744175274655126,0,18
0.307,0.07899999999999999,0.26099999999999973,0.04107310555586262,0.2791906644077553,0.26866666666666666,0.030813416991040368,0.3104694447535539,0.41274999999999995,0.1585422943283878,0.4531627124040048,0.9104583333333333,0.6892251464769931,0.7092012526827159,1,0
0.436,0.129,0.3236666666666664,0.10499682534884704,0.3575953322038776,0.29133333333333333,0.07574078601825934,0.3463353176811099,0.39975,0.14859164603949754,0.450522295111081,0.8548749999999999,0.6704272040047048,0.6873451524680987,0,1
0.267,-0.16899999999999998,0.3366666666666664,0.08831949577152413,0.3122976661019388,0.29333333333333333,0.07474133171588362,0.3236680840579357,0.36916666666666664,0.1329386962840279,0.42228809586322236,0.7746249999999999,0.6163824202907472,0.6537175402706509,1,0
0.264,-0.0030000000000000027,0.3223333333333331,0.09844964872124375,0.2881488330509694,0.2916666666666667,0.075367543854525,0.30662006004138265,0.3471666666666667,0.1259233773756764,0.3979360811150343,0.712875,0.5884387088987568,0.6225401370489989,0,1
0.249,-0.015000000000000013,0.25999999999999973,0.009643650761150896,0.2685744165254847,0.29183333333333333,0.07525268544486469,0.29015718574384475,0.3194166666666667,0.10430415169400545,0.3750228378665675,0.6116666666666667,0.42074526700860965,0.592656926085079,0,2
0.233,-0.015999999999999986,0.24866666666666637,0.015502687939076751,0.25078720826274237,0.2926666666666667,0.07442759344936359,0.2738265612456034,0.2916666666666667,0.0720458608152203,0.3531731705024802,0.5545416666666667,0.3701912524706635,0.5638843719982727,0,3
0.45,0.217,0.31066666666666637,0.12093110986564339,0.3503936041313712,0.3165,0.09883066325790343,0.32416182946114525,0.29258333333333336,0.07413066882610797,0.368069605809791,0.5136666666666666,0.31995973478558115,0.5547736222384109,1,0
0.319,-0.131,0.3339999999999997,0.10927488274989337,0.33469680206568564,0.297,0.08035172680158834,0.3226870210436752,0.2941666666666667,0.074505440110509,0.36052043568520775,0.46095833333333336,0.22652506899692035,0.535911732459338,0,1
0.398,0.07900000000000001,0.38899999999999973,0.06596211033618368,0.36634840103284283,0.31883333333333336,0.08800321963805513,0.3442050150311966,0.3060833333333333,0.07897348039728681,0.36628652250286814,0.43412500000000004,0.1898840178040082,0.524878793862591,0,2
0.483,0.08499999999999996,0.3999999999999997,0.0820182906430197,0.4246742005164214,0.35533333333333333,0.10456895651513311,0.3838607250222833,0.3235,0.0930469089907199,0.3842424421178115,0.41454166666666675,0.1550932339977657,0.5215284903535837,0,3
0.341,-0.14199999999999996,0.40733333333333305,0.07145861273028027,0.3828371002582107,0.3706666666666667,0.09182737427730256,0.3716148035873452,0.33125,0.09001022669169849,0.3775897587150713,0.3990416666666667,0.14200504558295163,0.5070862111252971,0,4
0.541,0.2,0.4549999999999997,0.102898007755266,0.4619185501291054,0.422,0.08533697908877007,0.42001057399096087,0.35733333333333334,0.10193164673476365,0.4027297958358296,0.3950416666666667,0.13624609421340297,0.5097993142352734,1,0
0.448,-0.09300000000000003,0.4433333333333331,0.10008163334666423,0.4549592750645527,0.42166666666666663,0.0852095456311313,0.42800755285068637,0.3690833333333334,0.10371329215533089,0.40969444263031735,0.39091666666666675,0.1329030102929547,0.5048553690964516,0,1
0.509,0.061,0.49933333333333313,0.04724757489370283,0.48197963753227635,0.4533333333333333,0.07399099044251176,0.45114825203620457,0.37516666666666665,0.10994861058556864,0.4249722206871916,0.3874583333333333,0.12844825693697295,0.5051869395687355,0,2
0.502,-0.007000000000000006,0.48633333333333306,0.03338163167575957,0.4919898187661382,0.47066666666666673,0.07053698793302615,0.46567732288300323,0.39475,0.10985951773225516,0.4368226482737775,0.38195833333333334,0.11997951968952551,0.5049319844032367,0,3
0.827,0.32499999999999996,0.6126666666666664,0.18565110646946298,0.6594949093830691,0.528,0.162465996442324,0.5689123734878594,0.4416666666666667,0.15842711736048085,0.4968499331547348,0.39441666666666664,0.14804462214119504,0.5306974256509778,1,0
0.793,-0.03399999999999992,0.707333333333333,0.17863463643240005,0.7262474546915345,0.6033333333333334,0.16320620903220553,0.6329374096341853,0.48699999999999993,0.17522556891047625,0.5424114819001602,0.40320833333333334,0.16496665780819914,0.5516816315988996,0,1
1.369,0.576,0.996333333333333,0.3231862208283876,1.0476237273457674,0.7413333333333334,0.34677869984568555,0.843241006881561,0.5816666666666667,0.2928869882374223,0.6695789462232125,0.4366666666666667,0.25582835051561004,0.6170671010709876,0,2
1.201,-0.16799999999999993,1.1209999999999998,0.29621613730518087,1.1243118636728837,0.8668333333333332,0.3555347615447246,0.9454578620582579,0.64425,0.33882795983158837,0.7513360314196413,0.46841666666666665,0.29966023029956773,0.6637817329853087,0,3
0.954,-0.2470000000000001,1.1746666666666663,0.20874945109708676,1.0391559318364418,0.941,0.30937808584319204,0.9478984728987556,0.6971666666666666,0.3329487630069811,0.7825151035089273,0.4956666666666667,0.31311335170269294,0.6869991943464842,0,4
0.432,-0.522,0.8623333333333331,0.3926096449825649,0.7355779659182209,0.9293333333333335,0.32988402002319567,0.800498909213397,0.7000000000000001,0.33030564358154446,0.7285897029690923,0.5030416666666667,0.30925906955407273,0.6665992587987655,0,5
0.424,-0.008000000000000007,0.603333333333333,0.30371258342936025,0.5797889829591104,0.8621666666666666,0.39036875728811105,0.6929277922952836,0.6950833333333333,0.33424499950929676,0.681729748666155,0.5092916666666667,0.30592674303082884,0.6471913180948642,0,6
0.621,0.197,0.4923333333333331,0.111500373691465,0.6003944914795551,0.8335,0.40258800280186874,0.6723769944966311,0.7184166666666667,0.3165864691111143,0.6723867104098235,0.5248333333333334,0.3015182836285726,0.6450960126472751,0,7
0.4,-0.22099999999999997,0.48166666666666647,0.12126142557852582,0.5001972457397776,0.672,0.33318283269099774,0.5945549960690223,0.7066666666666667,0.326239268951579,0.630481062654466,0.532,0.2961525752481116,0.6254883316354931,0,8
0.441,0.04099999999999998,0.4873333333333332,0.117559913802862,0.47059862286988885,0.5453333333333333,0.2155492209836629,0.5506821400493016,0.7060833333333333,0.3267496841017695,0.6013301299383944,0.5375833333333333,0.29297231159671094,0.6107292651046536,0,9
0.614,0.173,0.4849999999999997,0.11358256908523869,0.5422993114349444,0.4886666666666666,0.10074456147437393,0.5687729571780725,0.7148333333333333,0.3223687423752591,0.603279340717103,0.545,0.2925416358326685,0.6109909238962814,0,10
0.511,-0.10299999999999998,0.5219999999999998,0.08702298546937444,0.5266496557174722,0.5018333333333332,0.09694826799207873,0.5522663979843375,0.7155833333333333,0.3218385982652383,0.5890825190683179,0.5551666666666667,0.2866406122302134,0.602991649984579,0,11
0.453,-0.057999999999999996,0.5259999999999998,0.08154140052760282,0.48982482785873616,0.5066666666666667,0.09293151600325865,0.5239045699888125,0.6844166666666666,0.32811596019293765,0.5681467469039613,0.5630416666666667,0.2808308293441914,0.5909923179858128,0,12
0.447,-0.006000000000000005,0.47033333333333305,0.03534590971154057,0.46841241392936805,0.47766666666666663,0.07566152699135738,0.5019318357062946,0.6555833333333333,0.3328746579101329,0.5495087858418134,0.5712916666666666,0.27403006486383347,0.5794729325469478,0,13
0.486,0.03899999999999998,0.46199999999999974,0.021000000000072842,0.477206206964684,0.492,0.0654644941933965,0.4973798826473533,0.582,0.24747488394141798,0.5397382034046113,0.5818333333333333,0.26517371937897005,0.571995097943192,0,14
0.458,-0.02799999999999997,0.4636666666666664,0.0201080415092169,0.467603103482342,0.4948333333333334,0.06314243158656398,0.4861284876052524,0.5200833333333333,0.15370955984543996,0.5271630951885173,0.5821666666666666,0.26500576969382367,0.5628754901077367,0,15
0.516,0.057999999999999996,0.48666666666666636,0.02900574655712814,0.491801551741171,0.4785000000000001,0.03027044763456988,0.4946632054323231,0.4835833333333333,0.07112020341178331,0.5254456959287455,0.590375,0.25949362269118037,0.5591254508991178,0,16
0.51,-0.006000000000000005,0.49466666666666637,0.03189566323712892,0.5009007758705855,0.47833333333333333,0.03005772224676887,0.49904514673737366,0.49008333333333337,0.06952364978040192,0.5230694350166307,0.5950416666666666,0.2568774837673945,0.5551954148271885,0,17
0.822,0.31199999999999994,0.6159999999999998,0.17842645543753535,0.6614503879352926,0.5398333333333333,0.14091758820908032,0.5913179619552669,0.52325,0.11511664045259054,0.5690587527063798,0.6091666666666666,0.25975300419515296,0.5765397816410135,1,0
0.6,-0.22199999999999998,0.6439999999999997,0.16058642532917514,0.6307251939676464,0.5653333333333332,0.13445395742284402,0.593798544253762,0.5215,0.11364578142792513,0.573818944597706,0.6199583333333333,0.25343063182048237,0.5784165991097325,0,1
0.555,-0.04499999999999993,0.6589999999999997,0.14294404499664445,0.5928625969838233,0.5768333333333333,0.12915791368191096,0.5827132458955443,0.5344166666666667,0.10720707094499951,0.570923722351905,0.6205416666666667,0.25325704061918936,0.5765432711809539,0,2
0.624,0.06899999999999995,0.5929999999999999,0.03502855977631453,0.6084312984919116,0.6044999999999999,0.11568880671870257,0.5945094613539602,0.5496666666666666,0.10571602900165558,0.579089303528535,0.627875,0.250577647863286,0.5803398094864776,0,3
0.529,-0.09499999999999997,0.5693333333333331,0.049095145720694434,0.5687156492459557,0.6066666666666666,0.11380626813433428,0.5757924723956859,0.5425833333333333,0.10384469026854379,0.5713832568318373,0.6287083333333333,0.250198091809128,0.5762326247275594,0,4
0.513,-0.016000000000000014,0.555333333333333,0.06000277771350464,0.5408578246229778,0.6071666666666666,0.11330210354033145,0.5578517659969184,0.54275,0.10379098314313376,0.562401217319247,0.6291666666666667,0.24996585274039573,0.5711740147493547,0,5
