value,value_diff,value_rolling_mean_3,value_volatility_3,value_ewm_3,value_rolling_mean_6,value_volatility_6,value_ewm_6,value_rolling_mean_12,value_volatility_12,value_ewm_12,value_rolling_mean_24,value_volatility_24,value_ewm_24,drift_flag,time_since_last_spike
0.563,0.0,0.556,0.0,0.563,0.5521666666666667,0.0,0.563,0.5536666666666666,0.0,0.563,0.9407083333333334,0.0,0.563,0,1
0.55,-0.0129999999999999,0.556,0.0,0.5565,0.5521666666666667,0.0,0.5592857142857143,0.5536666666666666,0.0,0.5609999999999999,0.9407083333333334,0.0,0.56196,1,0
0.555,0.0050000000000000044,0.556,0.006557438524301949,0.55575,0.5521666666666667,0.0,0.558061224489796,0.5536666666666666,0.0,0.560076923076923,0.9407083333333334,0.0,0.5614032,1,0
0.549,-0.006000000000000005,0.5513333333333333,0.0032145502536644155,0.5523750000000001,0.5521666666666667,0.0,0.5554723032069971,0.5536666666666666,0.0,0.5583727810650887,0.9407083333333334,0.0,0.560410944,1,0
0.544,-0.0050000000000000044,0.5493333333333333,0.005507570547286202,0.5481875,0.5521666666666667,0.0,0.5521945022907123,0.5536666666666666,0.0,0.556161583978152,0.9407083333333334,0.0,0.5590980684800001,1,0
0.552,0.008000000000000007,0.5483333333333333,0.004041451884327549,0.55009375,0.5521666666666667,0.006431692364118973,0.5521389302076517,0.5536666666666666,0.0,0.5555213402892055,0.9407083333333334,0.0,0.5585302230016,0,1
0.553,0.0010000000000000009,0.5496666666666666,0.004932882862316366,0.5515468750000001,0.5505,0.003834057902536176,0.5523849501483227,0.5536666666666666,0.0,0.5551334417831739,0.9407083333333334,0.0,0.5580878051614722,0,2
0.551,-0.0020000000000000018,0.552,0.0010000000000004226,0.5512734375000001,0.5506666666666667,0.003829708431025369,0.5519892501059448,0.5536666666666666,0.0,0.5544975276626857,0.9407083333333334,0.0,0.5575207807485544,0,3
0.561,0.010000000000000009,0.555,0.005291502622129266,0.5561367187500001,0.5516666666666666,0.005573747990954291,0.5545637500756748,0.5536666666666666,0.0,0.5554979080222725,0.9407083333333334,0.0,0.5577991182886701,0,4
0.554,-0.007000000000000006,0.5553333333333335,0.005131601439446967,0.5550683593750001,0.5525000000000001,0.005468089245796973,0.554402678625482,0.5536666666666666,0.0,0.5552674606342306,0.9407083333333334,0.0,0.5574951888255766,0,5
0.552,-0.0020000000000000018,0.5556666666666668,0.004725815626252691,0.5535341796875001,0.5538333333333334,0.0036560452221857565,0.5537161990182015,0.5536666666666666,0.0,0.5547647743828106,0.9407083333333334,0.0,0.5570555737195304,0,6
0.56,0.008000000000000007,0.5553333333333335,0.004163331998932334,0.55676708984375,0.5551666666666667,0.0042622372841815545,0.5555115707272867,0.5536666666666666,0.005432784876575873,0.555570193708532,0.9407083333333334,0.0,0.5572911278219681,0,7
0.548,-0.01200000000000001,0.5533333333333333,0.006110100926607827,0.552383544921875,0.5543333333333335,0.005163977794943281,0.5533654076623478,0.5524166666666667,0.004776045022883059,0.554405548522604,0.9407083333333334,0.0,0.5565478375962106,1,0
1.042,0.494,0.7166666666666667,0.2818108112428147,0.7971917724609375,0.6361666666666667,0.19887726533384015,0.6929752911873912,0.5934166666666667,0.1413457773967047,0.6294200795191265,0.9407083333333334,0.0,0.5953840105885138,1,0
1.565,0.5229999999999999,1.0516666666666665,0.5085689071633591,1.1810958862304688,0.8035,0.4211506856221416,0.9421252079909936,0.6775833333333333,0.31294131263148234,0.7733554519007992,0.9407083333333334,0.0,0.6729532897414326,0,1
1.928,0.363,1.5116666666666667,0.4454013171661414,1.5545479431152343,1.0325,0.5957253561835352,1.2238037199935667,0.7925000000000001,0.47345855151216776,0.9509930746852917,0.9407083333333334,0.0,0.7733570265621181,0,2
1.724,-0.20399999999999996,1.7389999999999999,0.18196428220945038,1.6392739715576172,1.2278333333333333,0.5987996047649551,1.3667169428525476,0.8908333333333333,0.5356134687242171,1.0699172170414006,0.9407083333333334,0.0,0.8494084644371488,0,3
1.141,-0.583,1.5976666666666668,0.40842665600243794,1.3901369857788086,1.3246666666666667,0.5095259234491081,1.3022263877518199,0.9399166666666666,0.5286831768792644,1.080853029804262,0.9407083333333334,0.0,0.8727357872821769,0,4
1.652,0.5109999999999999,1.5056666666666665,0.3178558373434941,1.5210684928894043,1.5086666666666666,0.3460876574896399,1.4021617055370141,1.0315,0.5503117298404605,1.1687217944497603,0.9407083333333334,0.0,0.9350769242996029,0,5
1.5,-0.1519999999999999,1.4309999999999998,0.2623947408009551,1.5105342464447022,1.585,0.263142546920865,1.4301155039550102,1.1105833333333333,0.5431252087909771,1.2196876722267203,0.9407083333333334,0.0,0.9802707703556347,0,6
1.643,0.14300000000000002,1.5983333333333334,0.08527797683654226,1.5767671232223512,1.598,0.26388254963145935,1.49093964568215,1.20075,0.5333172559129749,1.2848126457303017,0.9407083333333334,0.0,1.033289108727184,0,7
0.941,-0.7020000000000001,1.3613333333333333,0.37097484191429186,1.2588835616111755,1.4334999999999998,0.318922404355667,1.3338140326301071,1.2329999999999999,0.5013984080911743,1.2319183925410244,0.9407083333333334,0.0,1.0259059800290093,1,0
0.646,-0.29499999999999993,1.0766666666666667,0.5121585041111137,0.9524417808055878,1.2538333333333334,0.41246644307951424,1.1372957375929336,1.2408333333333335,0.49040573801576587,1.1417771013808669,0.9407083333333334,0.0,0.9955135016266887,0,1
1.603,0.957,1.0633333333333332,0.490088087320365,1.277720890402794,1.3308333333333333,0.42994298071565973,1.270354098280667,1.32775,0.4494898370779519,1.2127344703991951,0.9407083333333334,0.5029481327884241,1.0441124214965536,1,0
0.935,-0.6679999999999999,1.0613333333333335,0.49084858493565375,1.106360445201397,1.2113333333333334,0.4224001262626067,1.1745386416290478,1.36,0.3995695411087016,1.1700060903377807,0.9562083333333334,0.49649247808713215,1.0353834277768295,0,1
0.661,-0.274,1.0663333333333334,0.48453826818253865,0.8836802226006986,1.0715000000000001,0.445943382056511,1.0278133154493199,1.32825,0.4402059693536034,1.0916974610550452,0.9608333333333334,0.4930490465651876,1.0054327535546832,0,2
0.459,-0.202,0.685,0.23890583919193023,0.6713401113003493,0.8741666666666666,0.40230059242644167,0.8652952253209427,1.2360833333333334,0.49810576794553,0.9943593901234997,0.9568333333333334,0.49685932456360027,0.9617181332703085,0,3
1.399,0.94,0.8396666666666667,0.4948144433354121,1.0351700556501746,0.9505,0.4572201876557938,1.0177823038006735,1.192,0.45263631799010173,1.0566117916429614,0.99225,0.4968190336268459,0.9967006826086839,1,0
1.116,-0.2829999999999999,0.9913333333333334,0.4822409494571502,1.0755850278250874,1.0288333333333335,0.4343051538569005,1.045844502714767,1.1413333333333335,0.4205648438454979,1.0657484390825058,1.0160833333333334,0.4880228003107932,1.0062446279999893,0,1
0.998,-0.1180000000000001,1.171,0.20608008152172366,1.0367925139125438,0.9279999999999999,0.33268122880619416,1.032174644796262,1.1294166666666667,0.42259618772391694,1.055325602300582,1.0346666666666666,0.47797077104255487,1.00558505775999,0,2
1.004,0.006000000000000005,1.0393333333333334,0.06646302230062744,1.020396256956272,0.9395000000000001,0.3341608893931175,1.0241247462830443,1.0754166666666667,0.3898842388414411,1.0474293557928,1.0534583333333334,0.46694902237048697,1.005458253139191,0,3
1.08,0.07600000000000007,1.0273333333333332,0.04570922591046261,1.050198128478136,1.0093333333333334,0.30699685123249393,1.0400891044878888,1.0404166666666665,0.3664518964669751,1.0524402241323694,1.0755,0.45451990916359963,1.0114215928880557,0,4
0.93,-0.15000000000000002,1.0046666666666666,0.07500222218930401,0.9900990642390681,1.0878333333333334,0.16594507123342367,1.0086350746342063,0.981,0.31390183758041923,1.0336032665735433,1.0908749999999998,0.4424398079916093,1.0049078654570112,0,5
1.074,0.14400000000000002,1.028,0.08492349498225074,1.032049532119534,1.0336666666666667,0.06848552158424465,1.0273107675958617,0.9920833333333334,0.31470807781565524,1.039818148639152,1.1125416666666668,0.4274851616206076,1.0104352362204503,1,0
1.604,0.53,1.2026666666666668,0.35494412705851813,1.318024766059767,1.115,0.24587069772544956,1.1920791197113298,1.0719166666666666,0.339470298160728,1.126615356540821,1.156375,0.42140105987155446,1.0579204173228143,1,0
1.794,0.18999999999999995,1.4906666666666668,0.37313983080519963,1.5560123830298835,1.2476666666666667,0.3588903267945042,1.3640565140795213,1.0878333333333334,0.36976106126016384,1.2292899170730025,1.2077916666666666,0.42075335945510106,1.1168067839369893,0,1
2.166,0.3719999999999999,1.8546666666666667,0.28586943406620524,1.8610061915149418,1.4413333333333334,0.4904963472510942,1.593183224342515,1.1904166666666667,0.4783267157181345,1.373399160600233,1.2752083333333333,0.4396404636960074,1.2007422412220303,0,2
2.383,0.21700000000000008,2.114333333333333,0.2978797296449226,2.1220030957574707,1.6585,0.5789886872815386,1.8188451602446536,1.3339166666666664,0.5569092399261764,1.5287223666617356,1.3310833333333332,0.49093583364185484,1.2953228619242678,0,3
3.041,0.6579999999999999,2.53,0.4556456956890939,2.5815015478787355,2.0103333333333335,0.6802960140017476,2.1680322573176096,1.5490833333333331,0.6745180715057815,1.7613804640983917,1.3925833333333335,0.6015103394005765,1.4349770329703264,0,4
2.842,-0.19899999999999984,2.755333333333333,0.33745271273666105,2.711750773939368,2.305,0.5670964644573259,2.3605944695125785,1.6693333333333333,0.7675408586498632,1.92762962346787,1.4306666666666665,0.6627041878392727,1.5475388703327004,0,5
1.763,-1.0790000000000002,2.5486666666666666,0.6876440455157973,2.237375386969684,2.3314999999999997,0.5303096265390618,2.1898531925089846,1.72325,0.7476034589394175,1.9023019890881976,1.4322916666666667,0.6635020709752197,1.5647757607060846,1,0
1.378,-0.385,1.9943333333333335,0.7589205052792636,1.807687693484842,2.262166666666667,0.6320687989979143,1.9578951375064175,1.7549166666666665,0.7216897417404052,1.8216401446130903,1.4421666666666664,0.6607361287867174,1.5498336998495978,0,1
1.047,-0.33099999999999996,1.396,0.3583392247577705,1.427343846742421,2.0756666666666668,0.8069997934737443,1.6976393839331554,1.7585,0.7177181644882363,1.7024647377495379,1.4169583333333333,0.6639158196486282,1.50960700386163,0,2
1.041,-0.006000000000000005,1.1553333333333333,0.19285832451137197,1.2341719233712105,1.8519999999999996,0.886810464530048,1.5100281313808253,1.75525,0.7211499812483843,1.6007009319419165,1.397833333333333,0.6680180723060836,1.4721184435526997,0,3
1.042,0.001000000000000112,1.0433333333333332,0.0032145502537424984,1.1380859616856052,1.5188333333333333,0.7083138899292222,1.3763058081291608,1.7645833333333332,0.7101390975568007,1.514746942412391,1.3727916666666669,0.6696906475424282,1.4377089680684838,0,4
0.964,-0.07800000000000007,1.0156666666666665,0.0447474394053324,1.0510429808428026,1.2058333333333333,0.3091274278783206,1.2585041486636863,1.7554166666666668,0.7204981178870542,1.4300166435797153,1.37375,0.6690620462551512,1.3998122506230053,0,5
0.896,-0.06799999999999995,0.9673333333333334,0.07305705532892764,0.9735214904214013,1.0613333333333332,0.1661802234523302,1.154931534759776,1.6964166666666667,0.761827403303558,1.3478602368751438,1.3841666666666665,0.6591111713754241,1.3595072705731648,0,6
0.836,-0.06000000000000005,0.8986666666666666,0.06404165311212806,0.9047607452107007,0.9710000000000001,0.08901235869248596,1.0638082391141257,1.6165833333333335,0.7999150475727614,1.2691125081251216,1.3522083333333332,0.6665915886166675,1.3176266889273116,0,7
0.485,-0.351,0.739,0.22200675665393874,0.6948803726053503,0.8773333333333332,0.208516346281692,0.8984344565100898,1.4765,0.8410840948118413,1.1484798145674104,1.3334583333333334,0.684914147534385,1.2510165538131266,0,8
0.412,-0.07300000000000001,0.5776666666666667,0.22668112698973172,0.5534401863026751,0.7725,0.2612292096990685,0.7594531832214927,1.31225,0.8404180912985028,1.0351752277108859,1.3230833333333332,0.6973169647121472,1.1838952295080767,0,9
0.408,-0.0040000000000000036,0.435,0.04334743360340839,0.48072009315133757,0.6668333333333334,0.2586274669610067,0.659037988015352,1.0928333333333333,0.675593723170871,0.9386867311399804,1.3209583333333332,0.7001366623842037,1.1218236111474307,0,10
0.408,0.0,0.4093333333333333,0.0023094010771826587,0.44436004657566874,0.5741666666666666,0.2287377683432857,0.5873128485823943,0.8899999999999998,0.41956817627824866,0.8570426186569065,1.2796666666666667,0.7241451732104949,1.0647177222556363,0,11
0.401,-0.006999999999999951,0.4056666666666667,0.004041451884570796,0.4226800232878344,0.49166666666666664,0.17156767372283935,0.5340806061302816,0.7765,0.33828672615240213,0.7868822157866132,1.249875,0.7455622513594513,1.0116203044751855,0,12
0.404,0.0030000000000000027,0.4043333333333334,0.003511884584564827,0.4133400116439172,0.41966666666666663,0.03222835190739191,0.4969147186644869,0.6953333333333332,0.2949136494061643,0.7279772595117496,1.225125,0.7639204552546826,0.9630106801171707,0,13
0.41,0.00599999999999995,0.405,0.0045825756951706886,0.41167000582195856,0.4071666666666667,0.004020779360608612,0.47208194190320496,0.64225,0.28294654972273736,0.6790576811253266,1.200375,0.7808313191163909,0.9187698257077972,0,14
0.415,0.0050000000000000044,0.4096666666666667,0.005507570547463854,0.41333500291097924,0.4076666666666667,0.004844240566559016,0.4557728156451464,0.5900833333333334,0.25948041030747376,0.638433422490661,1.1726666666666667,0.7969218316730324,0.8784682396511735,0,15
0.411,-0.0040000000000000036,0.4119999999999999,0.0026457513114336016,0.41216750145548964,0.40816666666666673,0.005036533199205169,0.442980582603676,0.5375,0.2205969174762007,0.6034436651844055,1.1510416666666667,0.810715383455263,0.8410707804790797,0,16
0.413,0.0020000000000000018,0.413,0.0020000000004875233,0.4125837507277448,0.409,0.005403702434445189,0.4344147018597686,0.4915833333333333,0.1767357855070378,0.57414463977142,1.1235,0.8245560597389201,0.8068251180407533,0,17
0.409,-0.0040000000000000036,0.411,0.002000000000488786,0.4107918753638724,0.41033333333333327,0.003777124126461183,0.4271533584712633,0.451,0.12324919324833535,0.5487377721142785,1.0737083333333335,0.8303394004426959,0.774999108597493,0,18
0.408,-0.0010000000000000009,0.41,0.0026457513114345565,0.40939593768193616,0.41100000000000003,0.002607680962086491,0.4216809703366166,0.41533333333333333,0.022264253180803526,0.5270858071736203,1.0159583333333333,0.826253118347949,0.7456391799096936,0,19
0.402,-0.00599999999999995,0.40633333333333327,0.003785938897459894,0.4056979688409681,0.4096666666666666,0.004546060565665116,0.4160578359547261,0.40841666666666665,0.004294993562152741,0.5078418368392171,0.9424583333333333,0.7974596066731919,0.7181480455169181,0,20
0.945,0.5429999999999999,0.585,0.31178357878503077,0.6753489844204841,0.49799999999999994,0.2190159811520611,0.56718416853909,0.45283333333333325,0.15504769549654634,0.575096938863953,0.8825416666666667,0.7361872386576112,0.7362962018755647,1,0
1.267,0.32199999999999995,0.8713333333333333,0.4371799781935742,0.971174492210242,0.6406666666666666,0.37456890776820567,0.7671315489564928,0.5244166666666666,0.2802279780767285,0.6815435636541141,0.808625,0.5832102173390785,0.7787525057255196,0,1
1.701,0.43400000000000016,1.3043333333333333,0.37938019628511577,1.336087246105121,0.8553333333333333,0.5472647135223195,1.0339511063974949,0.6321666666666667,0.43644011009183287,0.838383015399635,0.7610833333333332,0.4388998020412901,0.852532305267478,0,2
1.395,-0.30600000000000005,1.4543333333333333,0.22300074738290124,1.3655436230525604,1.0196666666666667,0.534319629684954,1.1371079331410678,0.715,0.4806643130274841,0.924016397645845,0.74575,0.4076939655737094,0.8959297208460798,0,3
0.728,-0.667,1.2746666666666666,0.4975362633349784,1.04677181152628,1.073,0.4735723809514229,1.02021995224362,0.742,0.4706011629240368,0.8938600287772535,0.7186666666666666,0.38481510711855665,0.8824953431783934,0,4
0.774,0.04600000000000004,0.9656666666666668,0.37252427213986167,0.91038590576314,1.135,0.38404426828166505,0.9498713944597286,0.7723333333333334,0.45884030363779676,0.8754200243499837,0.7072916666666665,0.3786735980241814,0.873815715724122,0,5
0.765,-0.009000000000000008,0.7556666666666666,0.024378952670986748,0.83769295288157,1.105,0.4081298812878072,0.8970509960426633,0.8015,0.44497568881497884,0.8584323282961401,0.6957916666666667,0.37223472949280173,0.8651104584661923,0,6
0.524,-0.241,0.6876666666666668,0.1418109069618214,0.680846476440785,0.9811666666666666,0.45872842365245514,0.7904649971733309,0.8109166666666666,0.43708631523956243,0.8069812008659647,0.6742083333333334,0.36625733162766044,0.8378216217888969,0,7
1.289,0.7649999999999999,0.8593333333333333,0.3911270040962832,0.9849232382203925,0.9125,0.34654566798619735,0.932903569409522,0.8839166666666666,0.43773870544244237,0.8811379391942779,0.68775,0.38306035964379603,0.8739158920457851,1,0
2.131,0.8419999999999999,1.3146666666666664,0.803807398157875,1.5579616191101961,1.0351666666666666,0.5936535746263693,1.2752168352925155,1.0274166666666666,0.5385444116628954,1.073424410087466,0.7392083333333334,0.4823385946900121,0.9744826206821223,0,1
1.328,-0.8029999999999997,1.5826666666666664,0.4752708000007282,1.442980809555098,1.1351666666666667,0.5819833044569802,1.290297739494654,1.1040833333333333,0.5069042330807192,1.1125898854586251,0.7597083333333333,0.4968677086786138,1.0027640110275526,0,2
1.604,0.276,1.6876666666666666,0.4079857023638597,1.523490404777549,1.2735,0.5775931959433034,1.3799269567818957,1.2042499999999998,0.47319669656112784,1.1881914415419137,0.8063333333333333,0.5218434436784126,1.0508628901453485,0,3
0.981,-0.6230000000000001,1.3043333333333333,0.31217356283537717,1.2522452023887745,1.3095,0.5453948111230976,1.2659478262727826,1.20725,0.4715147978011453,1.15631583515085,0.8300416666666667,0.5160423372559458,1.0452738589337207,0,4
0.488,-0.493,1.0243333333333333,0.5592605236679361,0.8701226011943872,1.3034999999999999,0.5558621231924328,1.0436770187662732,1.1423333333333334,0.514230993962359,1.0534980143584116,0.8333750000000001,0.5134495286571608,1.000691950219023,0,5
0.457,-0.030999999999999972,0.642,0.29399149647566675,0.6635613005971936,1.1648333333333334,0.6551175212636783,0.8760550134044809,1.0386666666666666,0.5167539124773095,0.9617290890725021,0.8354166666666667,0.5117792422066597,0.9571965942015013,0,6
1.417,0.96,0.7873333333333333,0.5455275733941731,1.0402806502985968,1.0458333333333334,0.48806533032644944,1.0306107238603435,1.0405,0.5181701194851682,1.0317707676767325,0.8777499999999999,0.516283731396165,0.9939808666653812,0,7
1.308,-0.10899999999999999,1.0606666666666666,0.5256237564392748,1.1741403251492986,1.0425,0.4858159116373192,1.1098648027573883,1.0888333333333333,0.5133995136402656,1.074267572649543,0.9154166666666667,0.5131848481841575,1.0191023973321507,0,8
0.518,-0.79,1.0810000000000002,0.49060880546521046,0.8460701625746493,0.8614999999999999,0.4343587227166039,0.9407605733981346,1.0675,0.5326297537177728,0.9886879460880749,0.9199166666666666,0.5090168628509928,0.9790142055455787,0,9
0.417,-0.10100000000000003,0.7476666666666666,0.4878835243511868,0.6315350812873246,0.7675,0.46338353445067465,0.7911146952843818,1.0385,0.5593982968739316,0.9007359543822171,0.92,0.5089307632076588,0.9340530691019324,0,10
0.643,0.22600000000000003,0.5259999999999999,0.1132121901563717,0.6372675406436623,0.7933333333333334,0.44877551923725323,0.7487962109174157,1.0484166666666666,0.5504313115983497,0.8610842690926452,0.9296666666666665,0.5009836990029379,0.9107688235737779,0,11
0.728,0.08499999999999996,0.596,0.16073891874714796,0.6826337703218311,0.8384999999999999,0.42092885384587214,0.7428544363695826,1.0016666666666667,0.5519618454095171,0.8406097661553151,0.9427916666666666,0.49088376195757677,0.8961473176878756,0,12
1.199,0.4710000000000001,0.8566666666666666,0.2995001391207268,0.9408168851609156,0.8021666666666666,0.3669558102369634,0.8731817402639876,0.9239999999999999,0.43090201375086035,0.8957467252083435,0.9757083333333334,0.47989776802317274,0.9203755322728456,0,13
1.375,0.17599999999999993,1.1006666666666665,0.33452105065800253,1.1579084425804578,0.8133333333333334,0.3859547469155759,1.0165583859028484,0.9279166666666666,0.435101128962272,0.9694779982532138,1.016,0.4706665948187322,0.956745489691018,0,14
2.446,1.0710000000000002,1.6733333333333336,0.6749106113651883,1.801954221290229,1.1346666666666667,0.7353439104709212,1.4249702756448919,0.9980833333333333,0.5932078370004807,1.1966352292911808,1.1011666666666666,0.5352344197246389,1.0758858505157367,0,15
2.104,-0.3420000000000001,1.9750000000000003,0.547029249675004,1.9529771106451146,1.4158333333333335,0.7285446909192779,1.6189787683177799,1.0916666666666668,0.6734252112532734,1.3362298094002298,1.1494583333333335,0.5715829263253641,1.1581349824744778,0,16
2.059,-0.04499999999999993,2.203,0.2116435682934802,2.005988555322557,1.6518333333333335,0.6536211185898647,1.7446991202269857,1.2225833333333334,0.6976692962784713,1.447425223338656,1.1824583333333334,0.6007812290217859,1.2302041838765196,0,17
2.034,-0.025000000000000355,2.065666666666667,0.03547299442295239,2.0199942776612785,1.8695000000000002,0.4784168684317049,1.827356514447847,1.354,0.6888199395276744,1.5376674966711703,1.1963333333333335,0.6169064946881382,1.2945078491663982,0,18
1.687,-0.34699999999999975,1.9266666666666665,0.20793348295387945,1.8534971388306394,1.9508333333333334,0.3710684123806092,1.7872546531770335,1.3765,0.6954427628235383,1.5606417279525286,1.2085000000000001,0.6238354716206621,1.3259072212330862,0,19
1.37,-0.31699999999999995,1.697,0.3321129325997389,1.6117485694153197,1.9500000000000002,0.3726225972750435,1.6680390379835954,1.3816666666666668,0.695117823019082,1.5313122313444474,1.23525,0.6160517517786678,1.3294346435344393,0,20
0.948,-0.42200000000000015,1.335,0.3707411495909244,1.2798742847076598,1.7003333333333337,0.46437599708282296,1.462313598559711,1.4175000000000002,0.6565623282743921,1.441571888060686,1.2425,0.6113937747688367,1.2989198720516841,0,21
0.876,-0.07199999999999995,1.0646666666666667,0.2668657590125316,1.07793714235383,1.4956666666666667,0.5183576628802414,1.2947954275426508,1.4557499999999999,0.6042636578363934,1.354560828359042,1.2471249999999998,0.6080352043941278,1.2650862822875493,0,22
0.765,-0.11099999999999999,0.863,0.09219002115197716,0.921468571176915,1.28,0.5061481996411716,1.1434253053876078,1.4659166666666668,0.5902089704400285,1.263859162457651,1.2571666666666668,0.5974718961312463,1.2250793797045454,0,23
0.748,-0.017000000000000015,0.7963333333333334,0.06951498639383887,0.8347342855884575,1.0656666666666668,0.37942201658136027,1.030446646705434,1.4675833333333335,0.5879597169771739,1.184496214387243,1.234625,0.6063581100378684,1.1869130293281818,0,24
0.777,0.029000000000000026,0.7633333333333333,0.01457166199634528,0.8058671427942288,0.914,0.23624648145527863,0.9580333190753101,1.4324166666666667,0.6173691187513987,1.1218044890968981,1.1782083333333333,0.5818246395881529,1.1541199869819272,0,25
0.569,-0.20800000000000007,0.698,0.11265433857602938,0.6874335713971144,0.7805,0.1290096895585724,0.8468809421966501,1.3652499999999999,0.6661044314793015,1.0367576446204523,1.1465833333333333,0.5938324984639052,1.107310388023373,0,26
0.573,0.0040000000000000036,0.6396666666666667,0.11895097029169717,0.6302167856985572,0.718,0.12229472596968026,0.7686292444261786,1.2091666666666667,0.606625664615088,0.9654103146788442,1.103625,0.5965892048535792,1.0645655569815033,0,27
0.564,-0.009000000000000008,0.5686666666666665,0.004509249753173315,0.5971083928492786,0.6659999999999999,0.10705886231414548,0.710163746018699,1.0808333333333333,0.5613151494211586,0.9036548816513297,1.08625,0.6063089505180181,1.0245203124229831,0,28
0.573,0.009000000000000008,0.57,0.005196152423010212,0.5850541964246393,0.634,0.10001199928008206,0.6709741042990708,0.957,0.4845701000043056,0.8527848998588174,1.0897916666666667,0.6029011007775987,0.9883986874291445,0,29
0.569,-0.0040000000000000036,0.5686666666666667,0.004509249753173315,0.5770270982123196,0.6041666666666666,0.08473586411116475,0.6418386459279077,0.8349166666666666,0.35607110074798276,0.8091256844959225,1.0944583333333333,0.5982052853375645,0.954846792434813,0,30
0.538,-0.030999999999999917,0.5599999999999999,0.019157244060751335,0.5575135491061598,0.5643333333333332,0.013321661557994214,0.612170461377077,0.7391666666666667,0.2424776778229818,0.7674140407273191,1.0578333333333334,0.6044745951914635,0.9214990490400279,1,0
0.512,-0.026000000000000023,0.5396666666666666,0.02853652630115662,0.5347567745530799,0.5548333333333333,0.024750084174922114,0.5835503295550549,0.6676666666666667,0.14741921259600435,0.7281195729231162,1.0246666666666668,0.6119430683001313,0.8887391251168257,0,1
0.505,-0.007000000000000006,0.5183333333333334,0.017387735141089756,0.51987838727654,0.5435,0.029817779930756936,0.5611073782536107,0.63075,0.12452683171984906,0.6937934847810984,1.024125,0.6124166181044031,0.8580399951074797,0,2
0.505,0.0,0.5073333333333333,0.004041451884747584,0.51243919363827,0.5336666666666666,0.03139214339075475,0.545076698752579,0.5998333333333333,0.10214591464561738,0.664748333276314,1.0277916666666667,0.6088767976447652,0.8297967954988814,0,3
0.51,0.0050000000000000044,0.5066666666666667,0.0028867513465368703,0.511219596819135,0.5231666666666667,0.025607941476536042,0.5350547848232707,0.5785833333333333,0.09052519321195913,0.6409408973876503,1.02225,0.6131216809509947,0.804213051858971,0,4
0.519,0.009000000000000008,0.5113333333333334,0.007094598884835955,0.5151097984095675,0.5148333333333334,0.012480651692347036,0.5304677034451933,0.5595,0.07423610981188318,0.6221807593280118,1.0135416666666666,0.6189393437420855,0.7813960077102533,0,5
0.519,0.0,0.516,0.005196152423030531,0.5170548992047838,0.5116666666666667,0.006314005595949428,0.5271912167465667,0.5379999999999999,0.029245046200592022,0.6063067963544715,0.9852083333333334,0.6256087803208105,0.7604043270934331,0,6
0.57,0.050999999999999934,0.536,0.029444863728726886,0.5435274496023919,0.5213333333333333,0.024663062799775967,0.539422297676119,0.5380833333333334,0.029342672411429373,0.6007211353768606,0.9516666666666667,0.625381460401963,0.7451719809259585,1,0
0.553,-0.016999999999999904,0.5473333333333333,0.02596792893814581,0.5482637248011959,0.5293333333333333,0.026051231576754773,0.5433016411972279,0.5364166666666667,0.02770119240408434,0.5933794222419589,0.8727916666666667,0.542615964697802,0.7297982224518818,0,1
0.97,0.4169999999999999,0.6976666666666667,0.2360007062136383,0.7591318624005979,0.6068333333333333,0.17941618284498698,0.66521545799802,0.57025,0.12860731281343551,0.6513210495893498,0.8255416666666667,0.4760312356545936,0.7490143646557312,1,0
1.367,0.397,0.9633333333333334,0.4070409479810785,1.063065931200299,0.7496666666666667,0.3484305765380903,0.8657253271414429,0.6364166666666666,0.263577643669614,0.7614255034986805,0.7967083333333335,0.4151341825154273,0.7984532154832727,0,1
1.139,-0.22799999999999998,1.1586666666666667,0.19922934857428598,1.1010329656001496,0.8530000000000001,0.3581413128919917,0.9438038051010307,0.6839166666666667,0.2992680338101744,0.8195138875758066,0.7594166666666667,0.3307852208289223,0.825696958244611,0,2
1.123,-0.016000000000000014,1.2096666666666667,0.13648931582118126,1.1120164828000747,0.9536666666666666,0.3292012555666614,0.9950027179293076,0.7326666666666667,0.32024971317376744,0.8662040587179902,0.7359166666666667,0.2778145951446046,0.8494812015850421,0,3
0.779,-0.344,1.0136666666666667,0.20338469296713296,0.9455082414000373,0.9885,0.2891005015561192,0.9332876556637911,0.7549166666666668,0.3127111529055473,0.8527880496844532,0.7112916666666665,0.24320352528313208,0.8438427054582388,0,4
1.041,0.2619999999999999,0.9809999999999999,0.179677488851558,0.9932541207000186,1.0698333333333334,0.19560206202048708,0.9640626111884222,0.7995833333333334,0.31204820674590433,0.8817437343483834,0.7151666666666666,0.24783579182624746,0.8596152890215798,0,5
1.019,-0.02200000000000002,0.9463333333333331,0.14533180427330836,1.0061270603500092,1.078,0.19158183629979073,0.97975900799173,0.8424166666666667,0.30308458415352696,0.9028600829101705,0.7211250000000001,0.25352425705056636,0.8723660658998534,0,6
0.829,-0.18999999999999995,0.963,0.11656757696719026,0.9175635301750046,0.9883333333333333,0.15083589316428103,0.9366850057083786,0.8689999999999999,0.28471069846105707,0.8914969932316827,0.7237916666666667,0.2543410888801725,0.8688967806278652,0,7
0.719,-0.10999999999999999,0.8556666666666666,0.15176736583777015,0.8182817650875023,0.9183333333333334,0.1638275516104246,0.874489289791699,0.8856666666666667,0.2677055143702563,0.8649589942729623,0.7225833333333332,0.25428996059217357,0.8569050381776361,0,8
1.586,0.8670000000000001,1.0446666666666669,0.47202365759920856,1.2021408825437512,0.9955000000000002,0.3169730272436438,1.077778064136928,0.9745833333333334,0.3088802234268864,0.9758883797694297,0.7562916666666667,0.30945358283195645,0.9152326351234252,1,0
1.218,-0.3680000000000001,1.1743333333333335,0.4351463355393612,1.2100704412718755,1.0686666666666669,0.30752994434146813,1.1178414743835199,1.0285833333333334,0.2876312217005838,1.0131363213433635,0.7833333333333333,0.3205336130602338,0.9394540243135512,0,1
0.802,-0.4159999999999999,1.202,0.39224482150820156,1.0060352206359378,1.0288333333333333,0.32671052426676805,1.0276010531310857,1.0493333333333335,0.2576189339926625,0.9806538103674615,0.792875,0.3173932292228683,0.9284577023684671,0,2
1.086,0.28400000000000003,1.0353333333333334,0.21257782888470503,1.046017610317969,1.04,0.32745137043536676,1.044286466522204,1.059,0.2565455834031001,0.9968609164647751,0.8146249999999999,0.3189091205561729,0.9410610861789899,0,3
0.792,-0.29400000000000004,0.8933333333333335,0.166929126677568,0.9190088051589845,1.0338333333333334,0.3325287456245948,0.9722046189444314,1.0110833333333333,0.24732108623603136,0.9653438523932713,0.82375,0.3148015593022516,0.9291361992846707,0,4
0.927,0.135,0.9350000000000002,0.14716317474151625,0.9230044025794923,1.0685,0.30264153713593217,0.9592890135317367,0.9934166666666666,0.24491314168434855,0.9594447981789218,0.8386666666666667,0.31066011997829107,0.9289653033418971,0,5
1.755,0.8279999999999998,1.1580000000000001,0.5214048331191428,1.339002201289746,1.0966666666666667,0.3624018027916893,1.186635009665526,1.0460833333333335,0.3288739626868232,1.0818379061513954,0.8893749999999999,0.3555325231255206,0.9950480790745453,1,0
2.347,0.5920000000000001,1.6763333333333332,0.7132610555282914,1.843001100644873,1.2848333333333333,0.6313235039713527,1.5181678640468044,1.17675,0.48672413784775104,1.2764782282819498,0.9658333333333333,0.45441004913362376,1.1032042327485816,0,1
1.048,-1.299,1.7166666666666668,0.6503478556382978,1.4455005503224365,1.3258333333333334,0.6009530486374678,1.3838341886048602,1.1773333333333333,0.48655081643102516,1.2413277316231883,0.9884583333333333,0.4438631770349231,1.098787894128695,1,0
1.156,0.10799999999999987,1.5170000000000001,0.7208266088318325,1.300750275161218,1.3375000000000001,0.5960250833647859,1.3187387061463287,1.18875,0.48409899907879483,1.2282003882965438,1.0155833333333335,0.4327874181112035,1.1033648625983994,0,1
2.033,0.877,1.4123333333333334,0.5402187828401872,1.666875137580609,1.5443333333333333,0.5840717992393287,1.522813361533092,1.2890833333333334,0.525738175128912,1.3520157131739987,1.0790416666666667,0.46582740591494715,1.1777356735905276,0,2
1.67,-0.363,1.6196666666666666,0.44066124555414743,1.6684375687903046,1.6681666666666668,0.4996764619898227,1.5648666868093515,1.3683333333333332,0.5031846459092202,1.4009363726856914,1.127,0.464911118200121,1.2171168197032853,0,3
1.541,-0.129,1.748,0.25510586037956634,1.6047187843951523,1.6325,0.4998762846945232,1.5580476334352509,1.3645833333333333,0.501580131970833,1.422484623041739,1.1695833333333334,0.453464242074918,1.2430274741270226,0,4
2.938,1.3970000000000002,2.0496666666666665,0.7720183503863954,2.271359392197576,1.7309999999999999,0.6906501285021238,1.9523197381680364,1.5079166666666666,0.6725142050994947,1.6556408348814715,1.2682499999999999,0.5619701562554187,1.378625276196861,1,0
2.992,0.053999999999999826,2.4903333333333335,0.8225900153377317,2.631679696098788,2.055,0.758783763663931,2.249371241548597,1.6904166666666667,0.7555575254356366,1.8612345525920144,1.3698749999999997,0.641855619177371,1.5076952541011122,0,1
3.47,0.4780000000000002,3.1333333333333333,0.2928093805418938,3.050839848049394,2.4406666666666665,0.7975406363732617,2.5981223153918553,1.8890833333333334,0.884591067138146,2.10873692911632,1.4740416666666667,0.7651574705314891,1.6646796337730234,0,2
2.585,-0.8850000000000002,3.0156666666666667,0.44297441611601895,2.817919924024697,2.5326666666666666,0.7725556722118265,2.594373082422754,2.0385,0.8323198139701289,2.182008170790732,1.5247916666666665,0.7974599337988678,1.7383052630711817,0,3
3.095,0.5100000000000002,3.0500000000000003,0.4442127868488192,2.9564599620123486,2.770166666666667,0.6660028278218247,2.7374093445876815,2.2191666666666667,0.803933153409854,2.3224684522075427,1.6062916666666667,0.8542471630504326,1.8468408420254874,0,4
2.676,-0.41900000000000004,2.7853333333333334,0.27201164190771054,2.8162299810061744,2.9593333333333334,0.31657900541044565,2.7198638175626297,2.2959166666666664,0.7995426486246331,2.37685792109869,1.671,0.874622701263362,1.9131735746634484,0,5
2.594,-0.0820000000000003,2.7883333333333336,0.268727247098854,2.705114990503087,2.9020000000000006,0.35054300734717325,2.68390272683045,2.3165,0.804143417782943,2.4102643947758144,1.7466249999999999,0.8726072283679541,1.9676396886903724,0,6
1.358,-1.2359999999999998,2.2093333333333334,0.7384154205684826,2.0315574952515436,2.6296666666666666,0.7134767457084128,2.305073376307464,2.3423333333333334,0.7636476261795707,2.2483775648103044,1.7598333333333336,0.8638169424970378,1.9188685135951429,0,7
1.051,-0.30700000000000016,1.6676666666666666,0.8167816925796818,1.5412787476257717,2.2265,0.819269613741411,1.9467666973624742,2.3335833333333333,0.7789253037280759,2.0641656317625654,1.7611666666666668,0.8626476265174761,1.8494390325075314,0,8
1.656,0.605,1.3549999999999998,0.30251115681904545,1.598639373812886,2.0716666666666668,0.8257265083952843,1.863690498116053,2.3021666666666665,0.7994825409809334,2.0013709191837092,1.795625,0.8400137065393137,1.833963909906929,0,9
0.933,-0.7229999999999999,1.2133333333333332,0.3878741204738086,1.2658196869064429,1.7113333333333334,0.7588717063289865,1.597778927225752,2.2407500000000002,0.8770101196679526,1.8370061623862155,1.804541666666667,0.8291541514604273,1.7618867971143748,0,10
0.69,-0.2430000000000001,1.093,0.5024828355277396,0.9779098434532214,1.3803333333333334,0.6833162274281707,1.3384135194469657,2.1698333333333335,0.9683838301129565,1.6605436758652594,1.7672083333333335,0.8590544336231198,1.6761358533452249,0,11
0.609,-0.08099999999999996,0.7440000000000001,0.1686149459567506,0.7934549217266107,1.0495,0.3999673736694041,1.1300096567478326,1.9757500000000003,1.0317478660462092,1.4987677257321426,1.7418333333333333,0.8845971161896342,1.590764985077607,0,12
0.612,0.0030000000000000027,0.637,0.04592385001279897,0.7027274608633054,0.9251666666666667,0.40083683297155637,0.9820068976770233,1.7774166666666666,1.04727164647724,1.3623419217733514,1.7339166666666666,0.8941721902391644,1.5124637862713985,0,13
0.611,-0.0010000000000000009,0.6106666666666666,0.0015275252310287105,0.6568637304316527,0.8518333333333333,0.4132676695153727,0.8760049269121596,1.5391666666666666,0.9476808854282432,1.2467508568851435,1.7141250000000001,0.9141699638612558,1.4403466833696867,0,14
0.609,-0.0020000000000000018,0.6106666666666666,0.0015275252310287105,0.6329318652158263,0.6773333333333333,0.12925427136720596,0.7997178049372569,1.3745,0.9207285159046605,1.1486353404412752,1.7065,0.9229170672619945,1.373838948700112,0,15
0.606,-0.0030000000000000027,0.6086666666666666,0.0025166114780458904,0.6194659326079132,0.6228333333333333,0.032969177524883764,0.7443698606694692,1.1670833333333335,0.7651121674551241,1.0651529803733868,1.693125,0.9369244929207398,1.312411832804103,0,16
0.609,0.0030000000000000027,0.608,0.0017320508070203862,0.6142329663039565,0.6093333333333333,0.0020655911181306323,0.7056927576210494,0.9948333333333333,0.6118488870677629,0.9949755987774812,1.6453749999999998,0.962487936118638,1.2561388861797749,0,17
0.617,0.008000000000000007,0.6106666666666666,0.005686240702909991,0.6156164831519783,0.6106666666666666,0.003723797345090136,0.680351969729321,0.8300833333333332,0.35389558252870734,0.9368255066578687,1.5732916666666668,0.972387983005115,1.205007775285393,1,0
0.695,0.07799999999999996,0.6403333333333333,0.047511402140237836,0.6553082415759891,0.6244999999999999,0.034731829781925315,0.6845371212352293,0.7748333333333332,0.3134244387214863,0.899621582556658,1.5585833333333332,0.9832876493932371,1.1642071532625617,1,0
0.68,-0.014999999999999902,0.664,0.04138840417312609,0.6676541207879946,0.636,0.040338567153539735,0.6832408008823065,0.7439166666666667,0.30178844436378793,0.8658336467787107,1.53875,0.996473139322534,1.1254705810015568,0,1
0.599,-0.08100000000000007,0.658,0.05164300533468253,0.6333270603939973,0.6343333333333333,0.04185530631434086,0.659172000630219,0.6558333333333334,0.09431073720163242,0.8247823165050628,1.479,1.0084688350684663,1.0833529345214323,0,2
0.607,0.008000000000000007,0.6286666666666666,0.04463556130857344,0.6201635301969987,0.6345,0.04172169699329877,0.6442657147358707,0.6286666666666667,0.03636515148359111,0.7912773447350532,1.4347083333333333,1.022954734821026,1.0452446997597178,0,3
0.617,0.010000000000000009,0.6076666666666667,0.009018499505540746,0.6185817650984993,0.6358333333333334,0.0408627784991097,0.6364755105256219,0.6225833333333334,0.03086173957665497,0.7644654455450449,1.3962083333333333,1.0360840145205064,1.0109851237789405,0,4
0.612,-0.0050000000000000044,0.612,0.0049999999998100435,0.6152908825492496,0.635,0.0413714877663426,0.6294825075183014,0.6228333333333332,0.030753664477394888,0.7410092231534995,1.2992916666666667,0.9935059781517117,0.9790663138766252,0,5
0.611,-0.0010000000000000009,0.6133333333333333,0.0032145502533686334,0.6131454412746248,0.621,0.029522872488981097,0.624201791084501,0.62275,0.030787025012027562,0.7210078042068072,1.2000833333333334,0.9342403059573927,0.9496210087664952,0,6
0.61,-0.0010000000000000009,0.611,0.0009999999990504408,0.6115727206373124,0.6093333333333333,0.006022181221725393,0.6201441364889293,0.6226666666666666,0.03082305315929796,0.703929680482683,1.0809166666666667,0.8056694174069954,0.9224513280651756,0,7
0.608,-0.0020000000000000018,0.6096666666666667,0.0015275252310305513,0.6097863603186562,0.6108333333333332,0.003544949459061733,0.6166743832063781,0.6225833333333334,0.030864685125221836,0.6891712681007318,0.9985416666666667,0.7438998868575435,0.8972952218199616,0,8
0.702,0.09399999999999997,0.64,0.05370288632837239,0.6558931801593281,0.6266666666666666,0.037027917395760994,0.6410531308616987,0.6305833333333334,0.03783086362250436,0.6911449191621577,0.8988333333333333,0.5964423268643508,0.8816716040743646,1,0
1.305,0.603,0.8716666666666666,0.37820937763801055,0.980446590079664,0.7413333333333334,0.278570398044493,0.8307522363297848,0.6885833333333333,0.19765601816072192,0.7855841623679797,0.8417083333333334,0.47137315405347097,0.9155378757484154,1,0
1.223,-0.08199999999999985,1.0766666666666664,0.3270509644280707,1.101723295039832,0.8431666666666667,0.3289567854090675,0.9428230259498462,0.7390833333333333,0.24856331124478062,0.8528789066190596,0.7845833333333334,0.30266711756973064,0.9401348456885422,0,1
1.335,0.11199999999999988,1.2876666666666665,0.057977006936638556,1.218361647519916,0.9638333333333334,0.35824540006351413,1.054873589964176,0.7924166666666667,0.3013094025426454,0.9270513825238197,0.7836250000000001,0.3008032453137806,0.9717240580334588,0,2
1.072,-0.2629999999999999,1.21,0.13198105924714246,1.1451808237599579,1.0408333333333333,0.31388750638830354,1.0597668499744115,0.8250833333333333,0.30916087554814686,0.9493511698278474,0.7845,0.30164419005063314,0.9797461333907822,0,3
1.066,-0.006000000000000005,1.1576666666666668,0.15360447042104952,1.1055904118799789,1.1171666666666666,0.2327895329834812,1.0615477499817225,0.864,0.307502845515289,0.9672971437004863,0.7599166666666667,0.24653933748498283,0.9866464427195197,0,4
0.906,-0.16000000000000003,1.0146666666666666,0.09415589908938883,1.0057952059399895,1.1511666666666667,0.1650738218696934,1.0171055357012304,0.8889166666666667,0.29670967087015954,0.9578668139004114,0.7587916666666666,0.24577560977915783,0.9801947273019582,0,5
0.873,-0.03300000000000003,0.9483333333333334,0.10322951774241318,0.9393976029699947,1.0791666666666668,0.1782441209876704,0.975932525500879,0.91025,0.284326356978608,0.9448103809926558,0.7664166666666666,0.24638656736865386,0.9716191491178017,0,6
1.937,1.064,1.2386666666666668,0.6049994490355599,1.4381988014849973,1.1981666666666666,0.39726032606675854,1.250523232500628,1.0206666666666666,0.39407159786315926,1.0974549377630165,0.8217500000000001,0.3406035882779635,1.0488496171883777,1,0
1.26,-0.677,1.3566666666666667,0.5385465006230484,1.3490994007424986,1.1856666666666666,0.39325343821340875,1.2532308803575913,1.07475,0.3768976530957576,1.1224618704148601,0.8487499999999999,0.348837853201291,1.0657416478133075,0,1
0.947,-0.31300000000000006,1.3813333333333333,0.5060299727618227,1.1480497003712493,1.1648333333333334,0.40365302757029736,1.1657363431125651,1.1028333333333333,0.35076975958942536,1.0954677365048817,0.8627500000000001,0.3456087571857473,1.056242315988243,0,2
2.168,1.221,1.4583333333333333,0.6342021234065138,1.6580248501856247,1.3485000000000003,0.5672483583052494,1.4520973879375465,1.2328333333333334,0.4306816654673098,1.2604727001195153,0.9277083333333334,0.4316431173980426,1.1451829307091836,1,0
2.057,-0.11100000000000021,1.7240000000000002,0.6751866408631004,1.8575124250928123,1.5403333333333336,0.5821029691271703,1.6249267056696761,1.34575,0.45575294842710395,1.3830153616395897,0.9881666666666665,0.4831662479813807,1.2181282962524491,0,1
1.434,-0.623,1.8863333333333332,0.39564420042928794,1.6457562125464062,1.6338333333333332,0.4914750926208442,1.570376218335483,1.3565000000000003,0.4562255223819966,1.3908591521565759,1.0225416666666667,0.4843634082296922,1.2353980325522531,0,2
0.843,-0.591,1.4446666666666665,0.607070286979466,1.244378106273203,1.4515,0.5552969475875054,1.3625544416682023,1.3248333333333333,0.4789558403127531,1.306573128747872,1.0319583333333333,0.4782952043834763,1.204006189948073,0,3
1.131,0.28800000000000003,1.136,0.29553172418540524,1.1876890531366016,1.43,0.5665770909593864,1.2963960297630017,1.3078333333333332,0.482171759916116,1.279561878171276,1.050125,0.4731932514954848,1.1981656947522272,0,4
0.979,-0.15200000000000002,0.9843333333333333,0.14407405503188994,1.0833445265683008,1.4353333333333333,0.5612467074884872,1.2057114498307155,1.3000833333333335,0.4870298587698006,1.233321589221849,1.0625833333333332,0.46691931308046775,1.180632439172049,0,5
0.912,-0.06699999999999995,1.0073333333333334,0.11221556635927124,0.9976722632841504,1.226,0.4580707368955156,1.1217938927362254,1.28725,0.4957103488933821,1.1838874985723338,1.0756249999999998,0.4576878386069433,1.159141844038285,0,6
1.029,0.11699999999999988,0.9733333333333333,0.05870547958523189,1.0133361316420753,1.0546666666666666,0.21036222728110512,1.0952813519544466,1.2975,0.488327107210282,1.1600586526381285,1.0932083333333333,0.44688010055870925,1.1487304965152223,0,7
1.633,0.6040000000000001,1.1913333333333334,0.3869422868249626,1.3231680658210376,1.0878333333333334,0.2846881920042827,1.2489152513960333,1.3608333333333331,0.4774290681886826,1.2328188599245702,1.1355416666666667,0.4479291461018542,1.1874720567940047,1,0
1.997,0.3640000000000001,1.553,0.48893353331510975,1.6600840329105189,1.2801666666666667,0.4358726495969521,1.4626537509971667,1.3658333333333335,0.48427674907739304,1.350385189166944,1.1932500000000001,0.4663838920702655,1.2522342922504843,0,1
1.969,-0.028000000000000025,1.8663333333333334,0.20255698786595844,1.8145420164552595,1.4198333333333333,0.5069762979338062,1.6073241078551193,1.4249166666666666,0.5126121089502498,1.4455566985258756,1.2498333333333334,0.47497154758416155,1.3095755488704457,0,2
2.039,0.07000000000000006,2.001666666666667,0.035232560697877856,1.9267710082276297,1.5965,0.5073246495095627,1.7306600770393712,1.5159166666666668,0.5169671096155353,1.5368556679834333,1.309375,0.4808084507414037,1.36792950496081,0,3
1.968,-0.07100000000000017,1.9920000000000002,0.04070626487405039,1.9473855041138148,1.7725000000000002,0.39255763907991975,1.7984714835995508,1.49925,0.4968663850025004,1.6031855652167515,1.3660416666666666,0.4746558917570827,1.4159351445639452,0,4
2.11,0.1419999999999999,2.039,0.07099999999997317,2.0286927520569074,1.9526666666666668,0.16544566076711434,1.8874796311425361,1.5036666666666667,0.5024788251229778,1.6811570167218668,1.4247083333333335,0.47602424848418085,1.4714603329988296,0,5
2.628,0.5180000000000002,2.235333333333333,0.3473921895111186,2.3283463760284535,2.1185,0.2552432173437728,2.099056879387526,1.6031666666666666,0.5967947467069127,1.826825167995426,1.4798333333333336,0.5345631834511718,1.5639835063589234,1,0
2.076,-0.552,2.271333333333333,0.30934985588056896,2.2021731880142266,2.131666666666667,0.24969955279628975,2.0924691995625184,1.7059166666666667,0.5589625875158574,1.865159757534591,1.515375,0.5449995462702558,1.6049448258502095,1,0
1.848,-0.22799999999999998,2.184,0.4010585992096365,2.025086594007113,2.1115,0.269560939306867,2.02262085683037,1.7656666666666665,0.5294635936206522,1.8625197948369616,1.5367500000000003,0.5476710572565653,1.6243892397821929,0,1
2.077,0.22899999999999987,2.0003333333333333,0.1319254840177967,2.051043297003557,2.1178333333333335,0.26795851668992926,2.038157754878836,1.8571666666666669,0.4730237036792367,1.895516749477429,1.578625,0.5490107952134202,1.6605981005996175,0,2
0.897,-1.18,1.6073333333333333,0.6257318381969479,1.4740216485017785,1.9393333333333331,0.5719824006616524,1.7121126820563113,1.8559166666666667,0.4757603404185238,1.741898788019363,1.571583333333333,0.556898782206597,1.5995102525516482,1,0
0.701,-0.19600000000000006,1.225,0.7443332586953235,1.0875108242508893,1.7045000000000001,0.7495707438260917,1.4232233443259366,1.8285833333333334,0.5335049558146446,1.5817605129394612,1.5630416666666667,0.5689921279478909,1.5276294323475164,0,1
0.669,-0.03199999999999992,0.7556666666666668,0.12343959386410194,0.8782554121254447,1.3780000000000001,0.6912417811446299,1.2077309602328117,1.7482500000000003,0.6295627811859145,1.4413358186410825,1.5545416666666665,0.5811426509877792,1.458939077759715,0,2
0.591,-0.07800000000000007,0.6536666666666667,0.05658032638059637,0.7346277060627223,1.1304999999999998,0.6563083878787473,1.0315221144520084,1.6310833333333334,0.7053340225264421,1.3105149234655313,1.4984583333333334,0.6070013952542298,1.389503951538938,0,3
0.572,-0.019000000000000017,0.6106666666666668,0.05140363151894003,0.6533138530313611,0.9178333333333333,0.5795613571199058,0.9002300817514345,1.5146666666666668,0.7578253976565655,1.1968972429323728,1.4697916666666666,0.6343811074525749,1.324103635415823,0,4
0.58,0.008000000000000007,0.5810000000000001,0.009539392014260087,0.6166569265156805,0.6683333333333333,0.1236279364329397,0.8087357726795961,1.3930833333333332,0.7826864527595527,1.1019899747889308,1.4545000000000001,0.6517171966028116,1.2645753445825574,0,5
0.582,0.0020000000000000018,0.5780000000000002,0.005291502622293499,0.5993284632578402,0.6158333333333332,0.05485769468968764,0.7439541233425686,1.2775833333333333,0.7923396262546332,1.0219915171290952,1.3884166666666669,0.6566144336616084,1.2099693170159527,0,6
0.565,-0.017000000000000015,0.5756666666666668,0.009291573243271586,0.5821642316289201,0.5931666666666667,0.03819642217102258,0.6928243738161204,1.1488333333333334,0.7699918338803489,0.9516851298784651,1.3262500000000002,0.6611760437807513,1.1583717716546764,0,7
0.559,-0.005999999999999894,0.5686666666666668,0.011930353445523035,0.5705821158144601,0.5748333333333333,0.011788412389587576,0.654588838440086,0.9764166666666666,0.6270421847971234,0.8912720329740859,1.2897916666666667,0.6788640754753598,1.1104220299223024,0,8
0.559,0.0,0.5610000000000002,0.0034641016153968956,0.56479105790723,0.5695,0.01013410084814213,0.6272777417429186,0.85,0.5307267744243807,0.8401532586703803,1.2779583333333333,0.689384443711841,1.0663082675285185,0,9
0.555,-0.0040000000000000036,0.5576666666666669,0.0023094010771495515,0.559895528953615,0.5666666666666667,0.011570076346635831,0.606626958387799,0.74225,0.4317069976479187,0.7962835265672449,1.2539583333333333,0.7045818667011366,1.025403606126237,0,10
0.561,0.006000000000000005,0.5583333333333335,0.0030550504635991483,0.5604477644768076,0.5635,0.009628083921545157,0.5935906845627136,0.6159166666666667,0.0999331215757674,0.7600860609415149,1.2365416666666667,0.7167355936688816,0.9882513176361382,0,11
0.562,0.0010000000000000009,0.5593333333333336,0.0037859388974380206,0.5612238822384038,0.5601666666666668,0.003371448748977868,0.5845647746876526,0.588,0.0470975776253953,0.729611282335128,1.2219583333333335,0.7271117059785344,0.9541512122252471,0,12
0.558,-0.0040000000000000036,0.5603333333333336,0.002081665999897913,0.559611941119202,0.559,0.0024494897428481363,0.576974839062609,0.5760833333333334,0.03137300035880324,0.7032095465912621,1.2023333333333335,0.7388083040579116,0.9224591152472275,0,13
0.55,-0.008000000000000007,0.5566666666666669,0.00611010092675583,0.554805970559601,0.5575000000000001,0.0044158804331999885,0.5692677421875779,0.5661666666666666,0.012408452641969984,0.6796388471156833,1.1572083333333334,0.744412869265125,0.8926623860274493,0,14
0.551,0.0010000000000000009,0.5530000000000003,0.004358898943749492,0.5529029852798005,0.5561666666666667,0.005036533199233919,0.5640483872768414,0.5628333333333334,0.01032942252477282,0.6598482552517321,1.0969583333333333,0.7318998196573709,0.8653293951452534,0,15
0.549,-0.0020000000000000018,0.5500000000000002,0.0010000000009146982,0.5509514926399003,0.5551666666666667,0.005845225972277346,0.5597488480548867,0.5609166666666667,0.010604101550592765,0.6427946775206964,1.0377916666666667,0.715552810263059,0.8400230435336331,0,16
0.543,-0.006000000000000005,0.5476666666666669,0.004163331999152843,0.5469757463199502,0.5521666666666667,0.0067946057035700265,0.5549634628963476,0.5578333333333334,0.009907144651706112,0.62744165020982,0.9754583333333334,0.6892186489166491,0.8162612000509425,0,17
0.542,-0.0010000000000000009,0.5446666666666667,0.003785938897443979,0.5444878731599752,0.5488333333333334,0.005845225972277465,0.551259616354534,0.5545000000000001,0.007465070175529929,0.6142967809467708,0.9160416666666666,0.6608141539150707,0.794320304046867,0,18
0.552,0.010000000000000009,0.5456666666666669,0.005507570547453415,0.5482439365799876,0.5478333333333334,0.004262237284219084,0.5514711545389529,0.5534166666666667,0.006707639244975691,0.6047126608011137,0.851125,0.6132374043797658,0.7749346797231177,1,0
1.352,0.8,0.8153333333333336,0.46479386111838267,0.9501219682899938,0.6815000000000001,0.32850251140592557,0.7801936818135378,0.6195,0.23076847901975095,0.7196799437547885,0.7979583333333333,0.49673424608323646,0.8210999053452683,1,0
1.453,0.10099999999999998,1.1190000000000004,0.4936263769289483,1.201560984144997,0.8318333333333334,0.44320442988159187,0.9724240584382413,0.694,0.33169728806411614,0.8324984139463595,0.7719999999999999,0.4400913936702305,0.8716519129176469,0,1
1.71,0.2569999999999999,1.5050000000000001,0.1845778968349106,1.4557804920724986,1.0253333333333334,0.5382711832029157,1.1831600417416008,0.79025,0.43818014663958615,0.9674986579546119,0.76625,0.4261008504833166,0.9387197598842352,0,2
2.106,0.3959999999999999,1.7563333333333333,0.32895643075235886,1.7808902460362492,1.2858333333333334,0.6287627268426992,1.4468286012440006,0.919,0.5714211947575799,1.1426527105769793,0.7674583333333334,0.43000272791517236,1.0321021790934963,0,3
1.314,-0.7919999999999998,1.71,0.3959999999999978,1.5474451230181248,1.4145,0.5147596526535467,1.4088775723171434,0.9816666666666668,0.5699437505472598,1.1690138320266747,0.7848333333333334,0.44367219260705393,1.0546540047660167,0,4
2.275,0.9609999999999999,1.8983333333333334,0.5130539282895425,1.9112225615090623,1.7016666666666669,0.40660873904364947,1.6563411230836738,1.1247500000000001,0.6620037249277227,1.339165550176417,0.8504166666666667,0.537214062804912,1.1522816843847354,1,0
1.597,-0.6779999999999999,1.7286666666666666,0.4938444424445126,1.7541112807545312,1.7425,0.37558953659547006,1.6393865164883383,1.212,0.6482192390065108,1.3788323886108143,0.8890833333333333,0.5566346016105563,1.1878591496339568,0,1
0.714,-0.883,1.5286666666666668,0.782740271950621,1.2340556403772656,1.6193333333333335,0.5636167728755654,1.3749903689202416,1.2255833333333335,0.6346752151989842,1.276550482670689,0.8942083333333333,0.554332264132234,1.1499504176632402,0,2
0.844,0.13,1.0516666666666665,0.4767245885554189,1.0390278201886327,1.4749999999999999,0.641287455046487,1.2232788349430297,1.2501666666666666,0.6113716074730986,1.2100042545675063,0.9055416666666667,0.5502235892693113,1.125474384250181,0,3
1.019,0.17499999999999993,0.859,0.15305227865014184,1.0290139100943163,1.2938333333333334,0.5777706869223004,1.1649134535307355,1.2898333333333334,0.575720865655843,1.1806189846340438,0.9238333333333334,0.5462131823562191,1.1169564335101667,0,4
1.446,0.42700000000000005,1.103,0.3096659490483251,1.237506955047158,1.3158333333333332,0.5811951192729228,1.2452238953790968,1.3651666666666669,0.525965058178051,1.221446833151883,0.9598333333333334,0.5511540198739248,1.1432799188293534,0,5
1.482,0.03600000000000003,1.3156666666666668,0.25755064226930685,1.359753477523579,1.1836666666666666,0.37195196822528986,1.3128742109850693,1.4426666666666668,0.4595814960539094,1.261531935743901,0.9980416666666666,0.5543682247596691,1.170377525323005,0,6
1.798,0.31600000000000006,1.5753333333333333,0.19367326437412968,1.5788767387617895,1.2171666666666667,0.42227214763309573,1.4514815792750495,1.4798333333333333,0.46950957649896824,1.3440654840909931,1.0496666666666667,0.5691972735632902,1.2205873232971647,0,7
1.101,-0.6970000000000001,1.4603333333333335,0.3490047755165135,1.3399383693808948,1.2816666666666667,0.35409753835160585,1.351343985196464,1.4505,0.4821637782858716,1.3066707942308404,1.0722500000000001,0.5595537235737212,1.2110203374333914,0,8
1.189,0.08800000000000008,1.3626666666666667,0.37956861478964815,1.2644691846904474,1.3391666666666666,0.2912465736565272,1.3049599894260457,1.4070833333333332,0.48012525985571014,1.2885675951184035,1.0986666666666667,0.5489374452891503,1.2092587104387202,0,9
1.626,0.43699999999999983,1.3053333333333332,0.2811695810953461,1.4452345923452237,1.4403333333333332,0.2617179143021486,1.3966857067328897,1.3670833333333334,0.43442364290534363,1.3404802727924952,1.1430416666666667,0.5466251779281001,1.2425980136036225,0,10
2.505,0.879,1.7733333333333334,0.6702569159160766,1.9751172961726118,1.6168333333333333,0.5077501025767169,1.7133469333806355,1.4663333333333333,0.5435399681437373,1.519637153901342,1.224,0.5982728038496209,1.3435901725153327,0,11
2.385,-0.1200000000000001,2.172,0.4766413746203699,2.180058648086306,1.7673333333333334,0.5873754052279226,1.9052478095575966,1.4755,0.5591219577483625,1.6527698994549818,1.300125,0.6254627026380588,1.4269029587141062,0,12
2.877,0.492,2.589,0.25653069991717237,2.528529324043153,1.9471666666666667,0.7431593144586603,2.1828912925411403,1.5821666666666667,0.690960968945467,1.841112991846523,1.3970833333333335,0.6819380257871633,1.5429107220169778,0,13
3.145,0.26800000000000024,2.8023333333333333,0.3854624927711218,2.8367646620215767,2.2878333333333334,0.7461786425961718,2.457779494672243,1.7847499999999998,0.7656222810712378,2.0417109931009043,1.5051666666666665,0.7446883016851201,1.6710778642556197,0,14
2.359,-0.786,2.7936666666666667,0.39957143708394255,2.5978823310107884,2.4828333333333332,0.5202677836140399,2.429556781908745,1.9109999999999998,0.719939138841862,2.0905246864699962,1.5805833333333332,0.7352363664106638,1.7261116351151702,0,15
2.309,-0.04999999999999982,2.6043333333333334,0.4688979988583099,2.453441165505394,2.5966666666666667,0.3381417848575732,2.395111987077675,2.0185,0.6691582908264803,2.1241362731669198,1.6541666666666666,0.7149713078260522,1.7727427043059567,0,16
2.283,-0.026000000000000245,2.317,0.038626415831592154,2.3682205827526968,2.5596666666666663,0.3615160669550737,2.363079990769768,2.08825,0.6473248622389886,2.148576846525855,1.726708333333333,0.6849136079552822,1.8135632879614803,0,17
2.224,-0.05899999999999972,2.2720000000000002,0.043554563480710115,2.2961102913763485,2.532833333333333,0.38244289334051607,2.3233428505498344,2.1500833333333333,0.6189678297314186,2.1601804085988006,1.796375,0.6440473120954663,1.846398224924562,0,18
2.16,-0.06400000000000006,2.2223333333333333,0.06151693533758564,2.2280551456881743,2.4133333333333336,0.36501652930609263,2.276673464678453,2.18025,0.6089893453314851,2.1601526534297544,1.8300416666666666,0.640919209394615,1.8714863669305972,0,19
1.739,-0.42100000000000004,2.0410000000000004,0.2634900377623337,1.9835275728440873,2.1790000000000003,0.2263192435476914,2.123052474770324,2.2334166666666664,0.5287677713898646,2.0953599375174847,1.8419583333333334,0.6362458151680406,1.8608874575761494,0,20
0.637,-1.102,1.5120000000000002,0.7864661467603027,1.3102637864220437,1.8920000000000001,0.6491921133223968,1.698466053407374,2.187416666666667,0.6401631125002898,1.8709968702071025,1.79725,0.6819773201635043,1.7629764609700573,0,21
0.641,0.0040000000000000036,1.0056666666666667,0.6350884452840665,0.9756318932110218,1.614,0.7790584060261464,1.3963328952909815,2.1053333333333333,0.7688988978737797,1.6817665824829329,1.7362083333333336,0.7177653109942482,1.6732183440924528,0,22
0.542,-0.09899999999999998,0.6066666666666667,0.05603867711976831,0.7588159466055109,1.3238333333333336,0.8038784526697222,1.152237782350701,1.94175,0.8773111943992165,1.5064178774855586,1.704041666666667,0.75389836007173,1.5827208765650567,0,23
0.548,0.006000000000000005,0.5770000000000001,0.05550675634551518,0.6534079733027555,1.0445000000000002,0.7147807356105791,0.9795984159647865,1.7886666666666666,0.9501807802473765,1.3589689732570112,1.632083333333333,0.7790325615043705,1.4999432064398524,0,24
0.518,-0.030000000000000027,0.536,0.01587450786640359,0.5857039866513778,0.7708333333333335,0.4770867496238681,0.8477131542605618,1.5920833333333333,0.948571314071212,1.229589131217471,1.5871250000000001,0.8115993503168821,1.421387749924664,0,25
0.505,-0.013000000000000012,0.5236666666666667,0.022052966542709815,0.545351993325689,0.5651666666666667,0.05930739133251032,0.7497951101861156,1.3720833333333333,0.857430777310207,1.118113880260937,1.5784166666666666,0.8224242487472867,1.348076729930691,0,26
0.505,0.0,0.5093333333333333,0.007505553499504059,0.5251759966628444,0.5431666666666667,0.05126954911706888,0.6798536501329396,1.2175833333333335,0.8300300606093429,1.0237886679131005,1.5642916666666669,0.838343214927213,1.2806305915362357,0,27
0.511,0.006000000000000005,0.507,0.0034641016152230334,0.5180879983314222,0.5215000000000001,0.01891824516177144,0.6316097500949569,1.06775,0.7756005444463356,0.9448981036187774,1.5431249999999999,0.8588711657447982,1.2190601442133369,0,28
0.507,-0.0040000000000000036,0.5076666666666667,0.0030550504634002597,0.512543999165711,0.5156666666666667,0.016585133905626406,0.5960069643535406,0.9197500000000001,0.6870145062647365,0.8775291646005039,1.5039999999999998,0.8844933700933731,1.16209533267627,0,29
0.502,-0.0050000000000000044,0.5066666666666667,0.00450924975288853,0.5072719995828555,0.508,0.005727128425388786,0.5691478316811005,0.7762500000000001,0.5574469603795157,0.8197554469696571,1.4631666666666667,0.9078656128604579,1.1092877060621684,0,30
0.491,-0.01100000000000001,0.5,0.008185352771909842,0.49913599979142775,0.5035000000000001,0.006804410334547609,0.5468198797722146,0.6371666666666668,0.3506735942396681,0.7691776858974021,1.4087083333333332,0.9259279002434677,1.059824689577195,0,31
0.494,0.0030000000000000027,0.4956666666666667,0.005686240703132287,0.4965679998957139,0.5016666666666666,0.007737355276033645,0.5317284855515818,0.5334166666666667,0.052208425536184704,0.7268426572978017,1.3834166666666665,0.9428341140766323,1.0145587144110193,0,32
0.49,-0.0040000000000000036,0.4916666666666667,0.0020816659996191022,0.49328399994785693,0.4991666666666667,0.0087958323464904,0.5198060611082728,0.5211666666666667,0.04192814921943662,0.6904053254058322,1.3542916666666667,0.9597456401779489,0.9725940172581378,0,33
0.494,0.0040000000000000036,0.49266666666666664,0.002309401076895757,0.49364199997392844,0.4963333333333333,0.006713171133493332,0.5124329007916234,0.5089166666666667,0.018865352240261986,0.6601891214972426,1.307125,0.9735290492751666,0.9343064958774868,0,34
0.49,-0.0040000000000000036,0.49133333333333334,0.0023094010768965945,0.4918209999869642,0.49350000000000005,0.004549725266530125,0.5060235005654453,0.5045833333333333,0.01638435136630712,0.6340061797284361,1.2231666666666665,0.9523897935407436,0.8987619762072879,0,35
0.502,0.01200000000000001,0.49533333333333335,0.0061101009266590406,0.49691049999348214,0.4935,0.004549725266530125,0.5048739289753181,0.5007499999999999,0.009036541977257033,0.6136975366932921,1.1447083333333334,0.9298095400656533,0.8670210181107049,1,0
0.489,-0.013000000000000012,0.49366666666666664,0.007234178138113864,0.49295524999674106,0.4931666666666666,0.004833908011906047,0.5003385206966559,0.4983333333333333,0.007796658180625507,0.5945133002789394,1.0452083333333333,0.8616482172919054,0.8367793366618486,1,0
0.482,-0.007000000000000006,0.49099999999999994,0.010148891565123719,0.48747762499837055,0.4911666666666667,0.006585337247823413,0.49509894335475413,0.4964166666666667,0.008774532707788997,0.5772035617744872,0.9342499999999999,0.7427522993979008,0.8083969897289007,0,1
0.475,-0.007000000000000006,0.482,0.00700000000004759,0.48123881249918526,0.48866666666666664,0.009373722135180439,0.4893563881105386,0.4939166666666666,0.01025544940126349,0.5614799368861045,0.85575,0.6827618624890849,0.7817252305505887,0,2
1.378,0.9029999999999999,0.7783333333333333,0.5193383611224315,0.9296194062495926,0.636,0.3636157312328508,0.7432545629360989,0.5661666666666666,0.2558102398026249,0.6870984081343962,0.8169583333333333,0.6201844381462979,0.8294272121065417,1,0
1.933,0.5550000000000002,1.2619999999999998,0.7358892579729632,1.4313097031247963,0.8765,0.628479673497879,1.083181830668642,0.685,0.46856686725685887,0.8787755761137199,0.8023750000000001,0.587464249606064,0.9177130351380184,0,1
2.126,0.19299999999999984,1.8123333333333331,0.38832503567672555,1.778654851562398,1.1471666666666667,0.7689435393230554,1.38112987904903,0.8203333333333332,0.6207264561248627,1.0706562567116091,0.7982916666666667,0.5774077362146945,1.0143759923269768,0,2
1.604,-0.5219999999999998,1.8876666666666668,0.26393622967173325,1.691327425781199,1.333,0.7105884885079411,1.4448070564635929,0.9130833333333334,0.6495282845452077,1.1527091402944385,0.7751250000000001,0.5295703190569553,1.0615459129408187,0,3
1.158,-0.4460000000000002,1.6293333333333333,0.4844969900147273,1.4246637128905995,1.4456666666666667,0.5924426273207111,1.3628621831882806,0.9684166666666667,0.6387750291603341,1.1535231187106787,0.7509166666666668,0.495795444904856,1.0692622399055531,0,4
2.53,1.3719999999999999,1.764,0.699854270544945,1.9773318564452995,1.7881666666666665,0.506890290562629,1.6963301308487717,1.1384166666666666,0.7598581755628447,1.3652887927551896,0.8297916666666666,0.6134915030180622,1.1861212607131089,1,0
1.176,-1.3539999999999999,1.6213333333333333,0.7869798811490233,1.5766659282226496,1.7545,0.544866864472414,1.5476643791776943,1.19525,0.7322821270769632,1.3361674400236219,0.8520833333333333,0.616047846579599,1.1853115598560602,1,0
0.9,-0.2759999999999999,1.5353333333333332,0.8723905853075966,1.2383329641113248,1.5823333333333334,0.6332233939666686,1.362617413698353,1.2294166666666666,0.7054589039423297,1.2690647569430646,0.867,0.6125374167808205,1.1624866350675755,0,1
2.528,1.6280000000000001,1.534666666666667,0.8712504423719573,1.8831664820556624,1.6493333333333335,0.7178631253008241,1.695583866927395,1.39825,0.7561578869521882,1.462747102028747,0.9494999999999999,0.6954341152802697,1.2717277042621695,1,0
1.568,-0.96,1.6653333333333336,0.8183528171475496,1.7255832410278313,1.6433333333333335,0.7184679997513227,1.6591313335195679,1.4881666666666664,0.7002974476260166,1.478939855562786,0.9932500000000001,0.7001201915447769,1.295429487921196,0,1
2.002,0.4339999999999997,2.032666666666667,0.4807341607721772,1.8637916205139156,1.7839999999999998,0.6863456854967471,1.7570938096568343,1.6148333333333333,0.6363033629464552,1.5594106470146651,1.0556249999999998,0.7211007173517561,1.3519551288875005,0,2
1.455,-0.5469999999999997,1.675,0.2887715359934173,1.659395810256958,1.6048333333333333,0.5855719995582668,1.6707812926120245,1.6965000000000001,0.5308650744518101,1.5433474705508705,1.0952083333333333,0.7156144200534291,1.3601987185765005,0,3
1.956,0.5009999999999999,1.8043333333333333,0.3034045703896537,1.807697905128479,1.7348333333333332,0.5572239824941732,1.7522723518657317,1.7446666666666666,0.5255345907365229,1.606832475081506,1.1554166666666668,0.7250503380825523,1.4078628210903805,0,4
1.437,-0.5189999999999999,1.6160000000000003,0.2945861503872811,1.6223489525642396,1.8243333333333334,0.42336493320380986,1.6621945370469513,1.7033333333333334,0.5288702080564716,1.5807044019920435,1.1941666666666666,0.7136513986818634,1.41019379540315,0,5
0.931,-0.506,1.4413333333333336,0.5125137396532232,1.2766744762821198,1.5581666666666665,0.3934510981896819,1.4532818121763937,1.60375,0.5539601437911299,1.4807498786086521,1.2120416666666667,0.7008179990223021,1.3718582917708981,0,6
1.221,0.29000000000000004,1.1963333333333335,0.2539002428776563,1.24883723814106,1.500333333333333,0.41654179462170027,1.3869155801259954,1.5718333333333334,0.5648703525159676,1.4407883588227055,1.2424583333333332,0.6837978966081992,1.3597896284292263,0,7
2.052,0.831,1.4013333333333335,0.5818507827040641,1.6504186190705301,1.5086666666666666,0.42890216444623686,1.5769397000899967,1.6463333333333334,0.5642825425961593,1.5348209190038278,1.3073750000000002,0.6836079993235387,1.4151664581548884,0,8
0.899,-1.153,1.390666666666667,0.5949305281571388,1.274709309535265,1.4160000000000001,0.49740848404505544,1.3832426429214264,1.5104166666666667,0.5273021314946359,1.437002316080162,1.3244166666666666,0.6672479440512203,1.3738731415024974,1,0
0.846,-0.05300000000000005,1.265666666666667,0.6815000611396397,1.0603546547676326,1.231,0.46152486390226083,1.229744744943876,1.4829166666666664,0.5542450161064024,1.34607888283706,1.3390833333333332,0.6518930238104673,1.3316432901822977,0,1
0.796,-0.04999999999999993,0.8470000000000003,0.05150728103871342,0.9281773273838163,1.1241666666666668,0.47819134942684516,1.1058176749599116,1.4742500000000003,0.5648993675465956,1.2614513624005892,1.3518333333333334,0.6373954929968949,1.2887918269677139,0,2
0.794,-0.0020000000000000018,0.8120000000000003,0.0294618397253321,0.8610886636919082,1.1013333333333333,0.49232171053759866,1.0167269106856511,1.32975,0.4872942223040484,1.189535768185114,1.3639999999999999,0.6230949400756093,1.2492084808102968,0,3
1.049,0.2549999999999999,0.8796666666666669,0.14665037788336643,0.955044331845954,1.0726666666666667,0.48895630343279867,1.0259477933468937,1.2865,0.4872579119185967,1.1679148807720197,1.3873333333333333,0.5989200909656647,1.233191802345473,0,4
1.633,0.5840000000000001,1.158666666666667,0.4301166508440855,1.2940221659229771,1.0028333333333332,0.3228036038625763,1.1993912809620668,1.2557500000000001,0.4480663759675853,1.2394664375763242,1.4352916666666669,0.5685888312814212,1.2651764581578353,0,5
2.076,0.44300000000000006,1.5860000000000003,0.5151106677210229,1.6850110829614886,1.199,0.5349818688516467,1.4498509149729049,1.3075,0.5053685423889797,1.368163908718428,1.502,0.5444299771320475,1.3300423415052085,0,6
2.263,0.18699999999999983,1.990666666666667,0.32355267474296917,1.9740055414807443,1.4351666666666667,0.6486704607631422,1.6821792249806462,1.3330833333333334,0.5472198259189686,1.5058309996848238,1.538875,0.565239565409526,1.404678954184792,0,7
2.526,0.2629999999999999,2.2883333333333336,0.2260670991836902,2.2500027707403722,1.7234999999999998,0.6908593923512951,1.923270874986176,1.4238333333333333,0.6471875986750567,1.6627800766563894,1.563583333333333,0.5953746293514399,1.4943846378500087,0,8
2.75,0.2240000000000002,2.513,0.24376012799470373,2.500001385370186,2.0494999999999997,0.622657128763496,2.159479196418697,1.5754166666666665,0.7291011225952787,1.8300446802477142,1.5895833333333336,0.6334131090107538,1.5948338668220081,0,9
2.811,0.06099999999999994,2.6956666666666664,0.1500677624719147,2.6555006926850933,2.3431666666666664,0.44720260136393186,2.3456279974419263,1.7079166666666665,0.7998779973258793,1.9809608832865273,1.639875,0.6807549717201791,1.6921271574762475,0,10
2.452,-0.359,2.671,0.19209633000136608,2.5537503463425466,2.4796666666666667,0.2813060018319336,2.3760199981728043,1.74125,0.8235061544175825,2.0534284397039846,1.6937916666666668,0.6920795367188157,1.7529169848781478,0,11
1.946,-0.506,2.403,0.43457680563968754,2.249875173171273,2.4579999999999997,0.32084326391557794,2.253157141552003,1.8285,0.7804994321819604,2.0369009874418333,1.6694583333333333,0.6713567689625889,1.768363626087896,0,12
0.937,-1.009,1.7783333333333335,0.7712913414095419,1.5934375865856367,2.237,0.7066925781413027,1.8771122439657164,1.8360833333333335,0.7704631969658167,1.8676854509123204,1.6594999999999998,0.6807020672422179,1.7018545360008643,0,13
0.759,-0.17800000000000005,1.2140000000000002,0.6401476392208282,1.1762187932928183,1.9425,0.9030673839753053,1.5576516028326546,1.833,0.7750642202131023,1.6971184584642711,1.653625,0.6881103180323715,1.6264261731207954,0,14
0.532,-0.22699999999999998,0.742666666666667,0.20299343174924345,0.8541093966464092,1.5728333333333333,0.9586643660148574,1.2646082877376104,1.8111666666666666,0.8099006486020737,1.5178694648543833,1.5704583333333335,0.69838054776229,1.5388720792711317,0,15
0.509,-0.02300000000000002,0.6000000000000003,0.13817742217888557,0.6815546983232046,1.1891666666666667,0.8137162691421799,1.0487202055268645,1.7661666666666667,0.8689476219525367,1.3626587779537092,1.5263333333333333,0.7312250986717691,1.4564823129294413,0,16
0.51,0.0010000000000000009,0.5170000000000002,0.013000000000088621,0.5957773491616023,0.8654999999999999,0.5565302327816541,0.8948001468049032,1.672583333333333,0.9419948328687977,1.2314805044223691,1.4641666666666666,0.7521504050946591,1.380763727895086,0,17
0.511,0.0010000000000000009,0.5100000000000003,0.0010000000011661072,0.5533886745808012,0.6263333333333334,0.18089518143573888,0.7851429620035023,1.5421666666666667,0.9882641194017764,1.1206373498958506,1.4248333333333336,0.7769255835141756,1.3111826296634792,0,18
0.516,0.0050000000000000044,0.5123333333333336,0.0032145502540256656,0.5346943372904006,0.5561666666666667,0.09973448083119955,0.7082449728596446,1.3965833333333333,1.00101806888908,1.0276162191426428,1.3648333333333333,0.7896214649887728,1.2475680192904008,0,19
0.518,0.0020000000000000018,0.5150000000000002,0.0036055512757847026,0.5263471686452004,0.516,0.008602325267174454,0.6538892663283176,1.2292500000000002,0.9621344760479164,0.9492137238899285,1.3265416666666667,0.808037772425688,1.1892025777471686,0,20
0.505,-0.013000000000000012,0.5130000000000002,0.007000000000165768,0.5156735843226001,0.5115,0.0047644517000668745,0.6113494759487983,1.0421666666666667,0.8514471993807553,0.8808731509837857,1.3087916666666668,0.8216682912204307,1.1344663715273953,1,0
0.5,-0.0050000000000000044,0.507666666666667,0.009291573243303632,0.5078367921613001,0.5099999999999999,0.006723094525757535,0.5795353399634273,0.8495833333333334,0.6532922857389781,0.8222772816016648,1.27875,0.8380351891542923,1.0837090618052037,0,1
0.499,-0.0010000000000000009,0.5013333333333336,0.0032145502540327354,0.50341839608065,0.5081666666666667,0.008084965471103664,0.5565252428310195,0.6868333333333334,0.419091839215425,0.7725423152014087,1.2140416666666665,0.8356869332245894,1.0369323368607875,0,2
0.503,0.0040000000000000036,0.5006666666666669,0.002081666000035738,0.503209198040325,0.5068333333333334,0.008183316361288938,0.541232316307871,0.5665833333333333,0.13711008074690229,0.7310742667088843,1.1975416666666667,0.8460230739564183,0.9942177499119245,0,3
0.499,-0.0040000000000000036,0.5003333333333336,0.0023094010772722476,0.5011045990201626,0.504,0.0072663608499904725,0.5291659402199079,0.5300833333333334,0.07271545832067394,0.695370533369056,1.1830833333333335,0.8552072678681426,0.9546003299189705,0,4
0.498,-0.0010000000000000009,0.5000000000000003,0.0026457513115133,0.4995522995100813,0.5006666666666667,0.002732520204672382,0.5202613858713628,0.5083333333333333,0.010057410956567783,0.6650058359276627,1.1706666666666667,0.8631976279668153,0.9180723035254529,0,5
0.495,-0.0030000000000000027,0.4973333333333336,0.0020816660000392124,0.49727614975504064,0.49899999999999994,0.002607680962517675,0.5130438470509735,0.50525,0.0074848331491422695,0.6388510919387915,1.1582083333333333,0.8709928357498335,0.8842265192434167,0,6
0.497,0.0020000000000000018,0.496666666666667,0.0015275252324338756,0.4971380748775203,0.49849999999999994,0.0026645825193221855,0.5084598907506953,0.50425,0.007735690601922998,0.6170278470251312,1.1352083333333334,0.8812301174650902,0.8532483977039433,0,7
0.503,0.006000000000000005,0.4983333333333337,0.004163331999218316,0.5000690374387602,0.4991666666666667,0.0032506409627862057,0.5068999219647824,0.5036666666666667,0.007523699927816814,0.5994851013289572,1.088125,0.8836612725276679,0.825228525887628,0,8
0.562,0.05900000000000005,0.5206666666666669,0.03592121007616008,0.5310345187193801,0.509,0.026099808428459256,0.522642801403416,0.5079166666666667,0.018475823678630276,0.5937181626629637,1.0250416666666669,0.8638920765509636,0.8041702438166177,1,0
1.018,0.45599999999999996,0.6943333333333337,0.28185161580756446,0.7745172593596901,0.5955,0.2085634196114032,0.6641734295738686,0.5497500000000001,0.14859164603949,0.6589922914840463,0.9731666666666667,0.8227219756852018,0.8212766243112883,1,0
1.508,0.49,1.0293333333333337,0.4731018213168636,1.141258629679845,0.7638333333333334,0.4172833170241399,0.9052667354099061,0.63225,0.3131125632623596,0.7896088620249622,0.9307500000000001,0.7632772161512823,0.8762144943663853,0,1
1.886,0.3779999999999999,1.470666666666667,0.4352026347959438,1.5136293148399225,0.9956666666666667,0.5890896932273291,1.1854762395785043,0.7473333333333333,0.47436087783905656,0.9582844217134294,0.89475,0.6906627724276083,0.9569973348170745,0,2
2.446,0.5600000000000003,1.9466666666666672,0.471933611150265,1.9798146574199613,1.3205,0.7690034460260903,1.5456258854132174,0.9095,0.67311480852418,1.187163741449825,0.8795416666666668,0.6494197396048297,1.0761175480317087,0,3
2.687,0.24099999999999966,2.339666666666667,0.4109505241915716,2.3334073287099804,1.6844999999999999,0.8198623664981834,1.8717327752951551,1.0918333333333332,0.8298942795028252,1.417907781226775,0.8893333333333334,0.6754109001622419,1.204988144189172,0,4
2.209,-0.47799999999999976,2.4473333333333334,0.23900278938398786,2.2712036643549904,1.9590000000000003,0.6203005723034614,1.9680948394965392,1.234,0.8652256668323316,1.539614276422656,0.9002916666666666,0.6951456199754218,1.2853090926540385,0,5
1.675,-0.534,2.1903333333333337,0.5062581686583716,1.9731018321774951,2.0685,0.45762375375410935,1.8843534567832423,1.332,0.8406587243995564,1.5604428492807088,0.9310416666666667,0.7129352357418717,1.3164843652417155,0,6
2.151,0.47599999999999976,2.011666666666667,0.2930005688276546,2.0620509160887472,2.1756666666666664,0.36628822894910007,1.9605381834166016,1.4697500000000001,0.8268935432195491,1.651297795545215,0.9890416666666666,0.7537825473060437,1.3832456160223783,0,7
1.463,-0.6879999999999997,1.7630000000000006,0.35234074416677547,1.7625254580443737,2.105166666666667,0.4615194109316187,1.818384416726144,1.5504166666666668,0.7682982917796406,1.6223289039228743,1.0278333333333334,0.7531949725447366,1.3896259667405881,0,8
1.38,-0.08300000000000018,1.6646666666666672,0.4232166505861165,1.5712627290221868,1.9275,0.507012327266312,1.6931317262329602,1.6239999999999999,0.6972338853706765,1.585047534088586,1.064125,0.7480753456879106,1.3888558894013412,0,9
1.164,-0.21599999999999997,1.3356666666666672,0.15435133084406186,1.3676313645110934,1.6736666666666666,0.4253965992655191,1.541951233023543,1.679083333333333,0.6227530458059638,1.5202709903826497,1.091375,0.7388676302288523,1.370867418249234,0,10
0.979,-0.18499999999999994,1.174333333333334,0.20069960969900755,1.1733156822555466,1.4686666666666666,0.4119809057064037,1.381108023588245,1.7138333333333333,0.5635750870894469,1.4369985303237804,1.110875,0.7289942632624521,1.3395180247892953,0,11
0.82,-0.15900000000000003,0.9876666666666672,0.17216368180698016,0.9966578411277733,1.3261666666666667,0.47010612277087904,1.220791445420175,1.6973333333333331,0.5881614393921771,1.3420756795047373,1.1235416666666667,0.7208036565056286,1.297956582806152,0,12
2.166,1.346,1.3216666666666672,0.7355231698140671,1.5813289205638865,1.3286666666666667,0.47538012859886014,1.490851032442982,1.7521666666666667,0.5994689821884528,1.4688332672732392,1.1922083333333333,0.7388801149546269,1.3674000561816597,1,0
2.047,-0.11899999999999977,1.677666666666667,0.745140478925505,1.8141644602819433,1.426,0.5605436646685092,1.6497507374592728,1.7655833333333335,0.6045170060519882,1.5577819953850485,1.2564583333333332,0.7435533944259278,1.4217680516871272,0,1
0.933,-1.114,1.7153333333333338,0.6801281741946369,1.3735822301409717,1.3515,0.5964356629176379,1.4449648124709094,1.6395,0.6074771226519179,1.4616616884027334,1.2745,0.7295213439676377,1.382666607552157,0,2
1.689,0.756,1.556333333333334,0.56872606176729,1.531291115070486,1.439,0.6019119536942277,1.5146891517649355,1.5563333333333331,0.511815544425089,1.4966368132638512,1.3240833333333333,0.7148133789085563,1.4071732789479845,0,3
1.11,-0.579,1.2440000000000007,0.3954124428998155,1.3206455575352432,1.4608333333333334,0.5839984303631892,1.3990636798320968,1.4647499999999998,0.4818615653710273,1.437154226607874,1.349375,0.6949613572303709,1.3833994166321457,0,4
1.575,0.46499999999999986,1.4580000000000009,0.3067197417839266,1.4478227787676214,1.5866666666666667,0.49246996524323033,1.449331199880069,1.4564166666666667,0.47874959450888616,1.458361268668201,1.3942083333333333,0.6720464514979716,1.398727463301574,0,5
1.295,-0.28,1.3266666666666673,0.23411179665564202,1.3714113893838107,1.4415000000000002,0.408811814897762,1.4052365713429065,1.3850833333333332,0.42680215947594724,1.4332287657961702,1.4274166666666668,0.6449824343187274,1.390429266237448,0,6
1.367,0.07200000000000006,1.4123333333333339,0.145400596055629,1.3692056946919053,1.3281666666666665,0.2819534831610859,1.3943118366735046,1.3770833333333332,0.4261080653230257,1.4230397249044517,1.46375,0.6139898207625282,1.3885549249384521,0,7
1.44,0.07299999999999995,1.3673333333333337,0.0725005747103597,1.4046028473459526,1.4126666666666665,0.20542508772462204,1.4073655976239317,1.3820833333333333,0.42649724678495887,1.4256489979960745,1.5030416666666664,0.5785862439314197,1.392670530943376,0,8
2.556,1.116,1.7876666666666672,0.6663965286024006,1.9803014236729763,1.5571666666666666,0.5131406889603167,1.7355468554456654,1.4980833333333334,0.5368211922272083,1.5995491521505245,1.5885833333333332,0.5760641507654364,1.485736888467906,1,0
3.077,0.5209999999999999,2.3576666666666672,0.8363278862583304,2.5286507118364883,1.885,0.7458758609849238,2.1188191824611895,1.6729166666666668,0.6759960271982949,1.8268492825889053,1.6933749999999999,0.6090087321784209,1.6130379373904735,0,1
3.452,0.375,3.0283333333333338,0.44997814761755117,2.990325355918244,2.197833333333333,0.954343212197094,2.499727987472278,1.89225,0.791262641720066,2.07687246988292,1.7947916666666666,0.6890538553550898,1.7601549023992356,0,2
4.033,0.5810000000000004,3.520666666666667,0.48168489008201143,3.511662677959122,2.654166666666667,1.0823255363644835,2.9378057053373414,2.0478333333333336,1.0047369473316552,2.3778151668240093,1.9000000000000001,0.8230897779760716,1.9419825102072967,0,3
2.685,-1.3480000000000003,3.3900000000000006,0.6761353414812652,3.098331338979561,2.8738333333333337,0.8845083191619321,2.865575503812387,2.101,1.0214303696287867,2.425074371928008,1.9332916666666666,0.8385130461854435,2.001423909390713,0,4
2.282,-0.403,3.0000000000000004,0.9170163575422146,2.6901656694897804,3.0141666666666667,0.6462202153033174,2.698839645580277,2.213416666666667,0.9531482245059202,2.40306293009293,1.9264583333333334,0.834813229784478,2.0238699966394558,0,5
2.432,0.1499999999999999,2.466333333333334,0.2036819415984848,2.56108283474489,2.9934999999999996,0.665498534934525,2.622599746843055,2.2753333333333337,0.940027497985935,2.40751478700171,1.9158333333333333,0.8262919089768355,2.0565203969082995,0,6
2.269,-0.1629999999999998,2.3276666666666674,0.09058881461488419,2.415041417372445,2.858833333333333,0.7243699101057872,2.5215712477450394,2.371916666666667,0.8660394131628857,2.3862048197706778,1.9183333333333332,0.8273076115073367,2.0735187651556357,0,7
1.356,-0.913,2.0190000000000006,0.5799301682099315,1.8855207086862227,2.5095,0.8715523506938646,2.188550891246457,2.353666666666667,0.886426978311687,2.2277117705751888,1.9050416666666665,0.8339231264313904,2.016117263943185,0,8
0.831,-0.5250000000000001,1.485333333333334,0.7276718582804601,1.3582603543431113,1.9758333333333333,0.7191003870577947,1.8006792080331835,2.315,0.9449905242430164,2.0128330366405445,1.8500416666666668,0.860113970161321,1.9213078828277304,0,9
1.223,0.3920000000000001,1.1366666666666674,0.2729401643828572,1.2906301771715558,1.7321666666666669,0.6772188469517598,1.6356280057379882,2.303,0.9589345413246175,1.8913202617727682,1.8400416666666668,0.8661832559978389,1.8654432522015119,0,10
0.585,-0.6380000000000001,0.8796666666666674,0.3217721761329644,0.9378150885857779,1.4493333333333336,0.7519086823987821,1.3354485755271344,2.2317500000000003,1.0557610891071556,1.690347913807727,1.806916666666667,0.8991166155765336,1.763007792025391,0,11
0.58,-0.0050000000000000044,0.7960000000000006,0.36980129799665507,0.758907544292889,1.1406666666666667,0.6395763180939973,1.1196061253765246,2.067083333333333,1.1504427968342792,1.5195251578373075,1.7825833333333334,0.9248082723352516,1.6683671686633599,0,12
0.584,0.0040000000000000036,0.5830000000000005,0.0026457513134790765,0.6714537721464444,0.8598333333333333,0.34894894564488277,0.9665758038403747,1.8593333333333335,1.1762957523385418,1.3755982104777218,1.766125,0.943065598368475,1.5816177951702912,0,13
0.582,-0.0020000000000000018,0.5820000000000006,0.0020000000031963256,0.6267268860732222,0.7308333333333333,0.2607645809282311,0.8566970027431248,1.6201666666666668,1.1131026934028165,1.2535061780965338,1.7562083333333334,0.9546274474399947,1.501648371556668,0,14
0.656,0.07400000000000007,0.6073333333333338,0.042158431343515344,0.6413634430366111,0.7016666666666667,0.2570810507732457,0.7993550019593748,1.3387499999999999,0.8413453647149133,1.161582150697067,1.6932916666666664,0.9759663429320882,1.4339965018321348,0,15
0.634,-0.02200000000000002,0.6240000000000006,0.038000000000163354,0.6376817215183055,0.6035,0.03293478404377283,0.7521107156852678,1.1678333333333335,0.7459110150843998,1.0804156659744413,1.6344166666666666,0.9961127889982134,1.369996781685564,0,16
0.592,-0.04200000000000004,0.627333333333334,0.03251666239554295,0.6148408607591527,0.6046666666666667,0.03226556471962972,0.7063647969180484,1.027,0.6723381184006618,1.0052747942860658,1.6202083333333335,1.0089025022557796,1.307757039150719,0,17
0.582,-0.010000000000000009,0.6026666666666672,0.02759226944899485,0.5984204303795764,0.605,0.03196873472644712,0.670831997798606,0.8728333333333333,0.5144472467580775,0.9401555951651326,1.5740833333333333,1.0306903940591468,1.2496964760186615,0,18
0.585,0.0030000000000000027,0.5863333333333339,0.005131601440688619,0.5917102151897882,0.6051666666666667,0.03183970267883499,0.6463085698561472,0.7324999999999999,0.2711022953526043,0.8855162728320353,1.5522083333333334,1.0464193597450677,1.1965207579371686,0,19
0.585,0.0,0.5840000000000005,0.0017320508112537512,0.5883551075948941,0.6056666666666667,0.031423982349100966,0.6287918356115336,0.66825,0.18875868432760082,0.8392830000886452,1.5109583333333332,1.0648328090512078,1.1475990973021952,0,20
0.584,-0.0010000000000000009,0.5846666666666672,0.0005773502802392594,0.586177553797447,0.5936666666666666,0.020046612349139372,0.6159941682939526,0.6476666666666666,0.18277026480520728,0.8000086923826998,1.4813333333333334,1.0808719373392661,1.1025111695180196,0,21
0.575,-0.009000000000000008,0.5813333333333339,0.005507570548447093,0.5805887768987235,0.5838333333333333,0.005492419018676125,0.6042815487813946,0.5936666666666667,0.024743532978096616,0.765391970477669,1.4483333333333333,1.0964917837740782,1.0603102759565781,0,22
0.574,-0.0010000000000000009,0.5776666666666671,0.005507570548450022,0.5772943884493618,0.5808333333333332,0.00503653320020135,0.5956296777009962,0.59275,0.02529148257625122,0.735947051942643,1.4122500000000002,1.1109320117732724,1.0214054538800519,0,23
0.582,0.008000000000000007,0.5770000000000005,0.004358898945011999,0.5796471942246808,0.5808333333333332,0.00503653320020135,0.59173548407214,0.5929166666666666,0.025206270263602847,0.7122628901053133,1.3299999999999998,1.0955383429481447,0.9862530175696478,0,24
0.586,0.0040000000000000036,0.5806666666666672,0.006110100927654811,0.5828235971123403,0.581,0.005215361925126861,0.5900967743372428,0.5930833333333333,0.02514849835860381,0.6928378300891113,1.2262083333333333,1.039391125242026,0.954232776164076,0,25
1.259,0.6729999999999999,0.8090000000000006,0.3897165636716135,0.9209117985561701,0.6933333333333334,0.2771610843294494,0.7812119816694592,0.6495000000000001,0.19355173139827142,0.7799397023830942,1.1348333333333331,0.9253488492204568,0.97861415407095,1,0
1.812,0.5530000000000002,1.2190000000000005,0.6139780126356377,1.366455899278085,0.898,0.5238744124310794,1.0757228440496136,0.7458333333333332,0.3875432722661871,0.938718209708772,1.0422916666666666,0.7085769866531744,1.045285021745274,0,1
1.887,0.07499999999999996,1.6526666666666674,0.34298153497431416,1.6267279496390425,1.1166666666666667,0.6259589975922338,1.3075163171782953,0.85025,0.5055157807086254,1.0846077159074223,1.0090416666666666,0.6439139477456978,1.1126222200056521,0,2
1.902,0.014999999999999902,1.8670000000000007,0.0482182538049794,1.7643639748195212,1.338,0.6304687145291243,1.4773687979844965,0.9594166666666667,0.5805549787344261,1.210360374998588,0.9932083333333334,0.6152876300996332,1.1757724424052,0,3
1.8,-0.10199999999999987,1.8630000000000007,0.05507267925207057,1.7821819874097606,1.5410000000000001,0.5257581192906158,1.5695491414174976,1.0609166666666667,0.6140769063966612,1.3010741634603438,0.9668749999999999,0.5622726642057599,1.225710647012784,0,4
1.752,-0.04800000000000004,1.8180000000000007,0.07660287200883424,1.7670909937048802,1.7353333333333332,0.24000472217577518,1.6216779581553555,1.1581666666666666,0.6241797283902534,1.3704473690818293,0.9453333333333335,0.5184096639822069,1.2678137952517614,0,5
1.713,-0.038999999999999924,1.7550000000000008,0.04357751713902947,1.7400454968524401,1.811,0.07384307685899824,1.6477699701109683,1.2521666666666667,0.614882964966552,1.4231477738384708,0.9602083333333334,0.5355440938422112,1.3034286916316207,0,6
1.179,-0.534,1.5480000000000007,0.3201577736054588,1.45952274842622,1.7055,0.2682929369178482,1.5138356929364059,1.30175,0.5790506533032378,1.3855865778633216,0.9747083333333334,0.5366036898191588,1.293474396301091,0,7
1.438,0.2589999999999999,1.443333333333334,0.2670399470741006,1.44876137421311,1.6306666666666665,0.27015526399955925,1.4921683520974327,1.3736666666666666,0.532287573221523,1.3936501812689643,0.9836666666666667,0.5426891709182006,1.305036444597004,0,8
2.052,0.6140000000000001,1.556333333333334,0.44836852402163274,1.750380687106555,1.6556666666666668,0.30498174808776907,1.6521202514981663,1.4968333333333332,0.5004779231046554,1.4949347687660468,1.0447916666666666,0.5773438414254404,1.364793529029244,1,0
1.861,-0.19100000000000006,1.7836666666666672,0.3142201987990834,1.8056903435532776,1.6658333333333333,0.3116981980484831,1.7118001796415472,1.6034166666666667,0.4172024706484246,1.5512524966481935,1.0981666666666665,0.5915450415918337,1.4044900467069046,0,1
1.405,-0.45599999999999996,1.7726666666666675,0.3324219206570704,1.605345171776639,1.6079999999999999,0.3244441400303063,1.624142985458248,1.6716666666666666,0.2800929499399419,1.5287521125484713,1.132375,0.584211904117884,1.4045308429703522,0,2
1.024,-0.381,1.4300000000000008,0.4190596616235036,1.3146725858883195,1.4931666666666665,0.3942666187577541,1.4526735610416057,1.6520833333333333,0.3173109912239305,1.451097941387168,1.1507916666666667,0.5729661177604218,1.374088375532724,0,3
1.455,0.43100000000000005,1.2946666666666675,0.23573360671177102,1.3848362929441598,1.5391666666666666,0.3653192667608321,1.4533382578868612,1.6223333333333334,0.3176900528769634,1.4516982580968345,1.1840833333333334,0.5661386307922847,1.3805613054901062,0,4
1.31,-0.14500000000000002,1.2630000000000008,0.21931028247669304,1.34741814647208,1.5178333333333331,0.3759901151182995,1.4123844699191868,1.5742500000000001,0.31765565261200945,1.4298985260819368,1.21225,0.5542727510970534,1.3749164010508979,0,5
1.19,-0.1200000000000001,1.318333333333334,0.13269639532911107,1.26870907323604,1.3741666666666668,0.28465517150874475,1.348846049942276,1.514916666666667,0.31736685349444976,1.3929910605308697,1.2371666666666667,0.538391539007963,1.360123088966826,0,6
0.886,-0.30399999999999994,1.1286666666666674,0.21855281588975556,1.07735453661802,1.2116666666666667,0.22271296923770245,1.21660432138734,1.43875,0.35065992979471444,1.3149924358338128,1.2498333333333334,0.5257346550649219,1.3221932418494802,0,7
0.863,-0.02300000000000002,0.9796666666666675,0.18251666590572668,0.97017726830901,1.1213333333333335,0.2380064424898501,1.1155745152766716,1.3646666666666667,0.3717389928267901,1.2454551380132262,1.2614166666666666,0.5133667996807871,1.2854577825015219,0,8
0.786,-0.07699999999999996,0.8450000000000008,0.052373657500793966,0.878088634154505,1.0816666666666668,0.2745065876562429,1.0214103680547655,1.2874166666666667,0.38870378025930774,1.1747697321650374,1.2697916666666667,0.5033947348333827,1.2455011599014003,0,9
0.971,0.18499999999999994,0.873333333333334,0.09293187468970784,0.9245443170772525,1.0010000000000001,0.20522962749078988,1.007007405753404,1.2700833333333332,0.39849226257649056,1.1434205426011854,1.2859166666666666,0.48638282620091455,1.2235410671092883,0,10
1.611,0.64,1.1226666666666674,0.4329068414027912,1.2677721585386261,1.0511666666666668,0.30728320270830733,1.1795767183952885,1.2845000000000002,0.40813222010876143,1.2153558437394647,1.3290833333333334,0.46609505623775516,1.2545377817405452,1,0
2.069,0.45799999999999996,1.5503333333333338,0.5515082350548699,1.668386079269313,1.1976666666666667,0.5215460350406987,1.4336976559966348,1.2859166666666666,0.41105749616265674,1.3466857139333932,1.391375,0.4606623598500421,1.3196947592013015,0,1
2.243,0.17399999999999993,1.974333333333334,0.3264618405469985,1.9556930396346566,1.4238333333333333,0.6401138700783419,1.6649268971404534,1.31775,0.47018161384724255,1.4845802194821018,1.4605833333333333,0.4585443809222434,1.3935591784651975,0,2
2.353,0.11000000000000032,2.2216666666666676,0.1431968342294335,2.154346519817328,1.6721666666666666,0.6674621836978263,1.8615192122431812,1.39675,0.5576750642378812,1.6181832626387016,1.5342083333333336,0.45384655318794825,1.4703144441879816,0,3
2.386,0.03299999999999992,2.327333333333334,0.07487545214107895,2.270173259908664,1.9388333333333334,0.5522913784105897,2.0113708658879865,1.51025,0.6109681028722127,1.7363089145404398,1.5811666666666666,0.48158936744967834,1.543569288652943,0,4
2.705,0.31899999999999995,2.481333333333334,0.19440250341322723,2.487586629954332,2.2278333333333333,0.3672363907167527,2.209550618491419,1.6144166666666664,0.7006664954732644,1.8853383123034493,1.6183749999999997,0.5320526953715916,1.6364837455607075,0,5
2.686,-0.019000000000000128,2.5923333333333343,0.178942262569045,2.5867933149771662,2.407,0.24945620858178622,2.3456790132081564,1.7290833333333333,0.7566738769513617,2.008517033487534,1.6516666666666666,0.573012835933829,1.720445045915851,0,6
2.491,-0.19499999999999984,2.627333333333334,0.11844970803395351,2.538896657488583,2.4773333333333336,0.18669404561117053,2.387199295148683,1.8374999999999997,0.7655636663744733,2.0827451821817595,1.6762083333333333,0.5963389741593712,1.782089442242583,0,7
2.439,-0.052000000000000046,2.5386666666666673,0.13021648641139658,2.4889483287442915,2.5100000000000002,0.15127987308296814,2.4019994965347737,1.9669166666666669,0.720001951807118,2.137553615692258,1.7028333333333332,0.6160454999194592,1.8346422868631764,0,8
1.816,-0.623,2.2486666666666673,0.37560129570241296,2.152474164372146,2.4205,0.3235285149720183,2.23457106895341,2.0463333333333336,0.6346717595925011,2.08808382866268,1.7055,0.6164059926915774,1.8331509039141225,0,9
0.913,-0.903,1.7226666666666677,0.7672694007539562,1.532737082186073,2.1750000000000003,0.6975812497480137,1.8569793349667214,2.0569166666666665,0.6124133272009455,1.9073017011761138,1.6721666666666668,0.6372607593146785,1.7595388316009928,0,10
0.653,-0.26,1.1273333333333342,0.6104066950266348,1.0928685410930365,1.833,0.8679744235863188,1.5129852392619438,2.0304166666666665,0.6680290492232053,1.7143322086874808,1.65025,0.6634654900759654,1.6710157250729134,0,11
0.678,0.025000000000000022,0.7480000000000008,0.14343988287784032,0.8854342705465184,1.4983333333333333,0.8603840227867269,1.2744180280442456,1.9526666666666668,0.7680832499071163,1.554896484274022,1.6185833333333333,0.6915779635804966,1.5915744670670804,0,12
0.63,-0.04800000000000004,0.6536666666666674,0.024006943440233307,0.7577171352732592,1.1881666666666668,0.7606180162648479,1.0902985914601755,1.8327499999999999,0.8556137749114262,1.412604717462634,1.5593333333333332,0.7134007756280254,1.514648509701714,0,13
0.599,-0.031000000000000028,0.6356666666666674,0.03980368492165883,0.6783585676366296,0.8815,0.4713736309977546,0.9499275653286968,1.69575,0.9136057559323528,1.287434760929921,1.50675,0.7363397284217219,1.4413966289255769,0,14
0.603,0.0040000000000000036,0.6106666666666675,0.01686218649353835,0.6406792838183148,0.6793333333333335,0.11832948350548567,0.8508054038062121,1.5499166666666666,0.9384875122270189,1.1821371054022407,1.4733333333333334,0.7590074563800945,1.3743248986115308,0,15
0.603,0.0,0.6016666666666673,0.002309401078836374,0.6218396419091574,0.6276666666666667,0.03230892549552305,0.78000385986158,1.4013333333333333,0.9352218339986921,1.0930390891865114,1.4557916666666666,0.774549461140878,1.3126189067226084,0,16
0.608,0.0050000000000000044,0.6046666666666675,0.002886751347606734,0.6149198209545788,0.6201666666666666,0.030419840017253476,0.7308598999011287,1.2265833333333334,0.8625764217351014,1.018417690850125,1.4204999999999999,0.7936480437771554,1.2562493941847999,0,17
0.614,0.006000000000000005,0.6083333333333341,0.005507570548153133,0.6144599104772894,0.6095,0.011291589791020632,0.6974713570722347,1.0539166666666666,0.742967937437817,0.9561995845654904,1.3915,0.810400437786912,1.204869442650016,0,18
0.602,-0.01200000000000001,0.6080000000000007,0.006000000000796079,0.6082299552386448,0.6048333333333333,0.005344779385098242,0.6701938264801677,0.8965000000000001,0.5964802061792446,0.9017073407861842,1.367,0.8255044834365917,1.1566398872380146,1,0
0.595,-0.007000000000000006,0.6036666666666674,0.009609023537431675,0.6016149776193224,0.6041666666666666,0.006369196705658767,0.6487098760572626,0.7428333333333333,0.3492732281163067,0.8545215960498482,1.354875,0.8349595310422308,1.1117086962589735,0,1
0.594,-0.0010000000000000009,0.5970000000000008,0.00435889894464503,0.5978074888096612,0.6026666666666667,0.007633260553353457,0.6330784828980447,0.641,0.0894091717890152,0.8144413505037177,1.3436666666666668,0.8436101338716928,1.0702920005582557,0,2
0.603,0.009000000000000008,0.597333333333334,0.004932882863291845,0.6004037444048306,0.6026666666666666,0.007633260553353457,0.6244846306414604,0.6151666666666666,0.02591185524855091,0.7819119119646842,1.3360416666666666,0.8496750007409062,1.0329086405135952,0,3
0.614,0.01100000000000001,0.6036666666666674,0.010016652801356126,0.6072018722024153,0.6036666666666667,0.008778762251899584,0.6214890218867575,0.6119166666666666,0.023019589812790456,0.7560793101239636,1.3211666666666668,0.8594126744047571,0.9993959492725075,0,4
0.604,-0.010000000000000009,0.6070000000000008,0.006082762531084,0.6056009361012076,0.602,0.007238784428943751,0.6164921584905411,0.6057499999999999,0.009854625125353247,0.7326824931818153,1.2792083333333333,0.8691736695008794,0.967764273330707,0,5
0.601,-0.0030000000000000027,0.6063333333333341,0.006806859286256553,0.6033004680506038,0.6018333333333333,0.007250287351228642,0.6120658274932436,0.6033333333333333,0.006271629240551393,0.7124236480769207,1.2180416666666667,0.8628075748577342,0.9384231314642505,0,6
0.6,-0.0010000000000000009,0.6016666666666675,0.002081666001770582,0.6016502340253018,0.6026666666666666,0.006562519841903854,0.6086184482094597,0.6034166666666667,0.006215206181326073,0.6951277022189329,1.1495833333333334,0.8428989271847934,0.9113492809471105,0,7
0.605,0.0050000000000000044,0.6020000000000008,0.0026457513128773365,0.6033251170126509,0.6044999999999999,0.005009990020818959,0.6075846058638997,0.6035833333333332,0.006229815892802299,0.6812619018775586,1.07675,0.8092415799887007,0.8868413384713417,0,8
1.432,0.827,0.8790000000000008,0.47891857345482836,1.0176625585063255,0.7426666666666666,0.33773934722900534,0.843131861331357,0.6726666666666666,0.23920905019870664,0.7967600708194726,1.0370000000000001,0.7643183948431779,0.9304540313936344,1,0
1.398,-0.03400000000000003,1.1450000000000007,0.46796260534363876,1.2078312792531627,0.8733333333333332,0.41971498265689056,1.0016656152366834,0.7385,0.3161341774971758,0.8892585214626306,0.9825416666666666,0.6824865011671379,0.9678577088821436,0,1
1.833,0.43500000000000005,1.554333333333334,0.24193043077161047,1.5204156396265813,1.0781666666666665,0.5435959590234948,1.2391897251690596,0.8400833333333333,0.4429189251346368,1.0344495181606874,0.947,0.608072936128696,1.0370690921715722,0,2
1.772,-0.06099999999999994,1.6676666666666673,0.23552140737804772,1.6462078198132906,1.2733333333333332,0.5482078681181728,1.391421232263614,0.9375833333333333,0.5095148241814009,1.1479188230590431,0.9170416666666666,0.5429172792437613,1.0958635647978463,0,3
1.527,-0.2450000000000001,1.7106666666666674,0.1619578134371295,1.5866039099066453,1.4278333333333333,0.44054666797817366,1.4301580230454385,1.01525,0.5233912364222717,1.2062390041268827,0.8790416666666667,0.45685584056458106,1.1303544796140186,0,4
2.569,1.042,1.9560000000000006,0.5448238247360345,2.0778019549533226,1.7551666666666665,0.43651594090785434,1.755541445032456,1.179833333333333,0.6691213822935435,1.415894541953516,0.9104166666666668,0.541934531315253,1.245446121244897,1,0
1.342,-1.2269999999999999,1.8126666666666675,0.6615030864125543,1.7099009774766614,1.7401666666666669,0.4511431775685735,1.6373867464517544,1.2414166666666666,0.6447697909590147,1.4045261508837443,0.9282916666666666,0.5490517104946496,1.2531704315453052,1,0
1.809,0.46699999999999986,1.9066666666666674,0.6193031029579416,1.7594504887383307,1.8086666666666664,0.41884539709380725,1.686419104608396,1.341,0.6311969869728741,1.46675289690163,0.9764583333333333,0.5739909845653659,1.2976367970216807,0,1
1.41,-0.399,1.520333333333334,0.2522941405053573,1.5847252443691653,1.7381666666666664,0.4484816235551569,1.6074422175774257,1.4081666666666666,0.5869769754402365,1.4580216819936869,1.0069583333333334,0.5768831152176217,1.3066258532599462,0,2
1.996,0.5860000000000001,1.738333333333334,0.2993231252899379,1.7903626221845825,1.7755,0.46100965282735956,1.7184587268410183,1.5244166666666665,0.549530619269891,1.540787577071581,1.063875,0.6047860787807176,1.3617757849991505,0,3
1.817,-0.17900000000000005,1.7410000000000005,0.30030151514769704,1.8036813110922911,1.8238333333333332,0.4446578085074735,1.7466133763150131,1.6258333333333332,0.4699572192006272,1.5832817959836456,1.114625,0.6150962323084088,1.3981937221992184,0,4
0.944,-0.873,1.5856666666666674,0.562860847220107,1.3738406555461455,1.553,0.3917478781052985,1.5172952687964378,1.6540833333333331,0.4092872870409388,1.4849307504477,1.1288333333333334,0.6066445608331174,1.361858224423281,1,0
2.105,1.161,1.6220000000000006,0.6045651329674935,1.7394203277730726,1.6801666666666666,0.4313900400642901,1.68521090628317,1.7101666666666666,0.4220014720640687,1.5803260196095923,1.1914166666666666,0.6271677479414668,1.4213095664694189,1,0
1.287,-0.8180000000000001,1.445333333333334,0.5964749226357613,1.5132101638865363,1.5931666666666668,0.4523394374434649,1.5714363616308356,1.7009166666666669,0.43059503403236304,1.535198939669655,1.2197083333333332,0.6149003792886095,1.4105648011518654,0,1
1.39,0.10299999999999998,1.5940000000000005,0.44552553237721776,1.451605081943268,1.5898333333333332,0.4540296980007699,1.5195974011648825,1.664,0.4371812605149643,1.5128606412589387,1.2520416666666667,0.601931057670566,1.4089196170597162,0,2
0.735,-0.6549999999999999,1.137333333333334,0.35221631610892046,1.093302540971634,1.3796666666666664,0.5160355284926333,1.2954267151177732,1.5775833333333331,0.5102730923612152,1.3931897733729481,1.2575833333333333,0.5962718898846961,1.355006047694939,0,3
1.188,0.45299999999999996,1.104333333333334,0.33541963766801003,1.140651270485817,1.2748333333333333,0.4713807024758989,1.2647333679412665,1.5493333333333332,0.5225640166670013,1.361622115930956,1.2822916666666666,0.579677457479714,1.341645563879344,0,4
1.526,0.3380000000000001,1.1496666666666673,0.3968908330175175,1.3333256352429084,1.3718333333333332,0.44903871399543205,1.3393809771009046,1.4624166666666667,0.4127485385323665,1.3869110211723474,1.321125,0.5625273954681449,1.3563939187689966,0,5
1.202,-0.32400000000000007,1.3053333333333341,0.19123109928392407,1.2676628176214542,1.2213333333333332,0.2696617634494594,1.300129269357789,1.45075,0.41840153072029895,1.358463171761217,1.3460833333333333,0.5422012234094161,1.3440424052674769,0,6
0.672,-0.5299999999999999,1.133333333333334,0.43112101935922703,0.9698314088107272,1.1188333333333333,0.3458337269074153,1.1206637638269923,1.3559999999999999,0.45687038145905645,1.252853453028722,1.3484999999999998,0.5389156584814758,1.2902790128460788,0,7
0.598,-0.07400000000000007,0.8240000000000007,0.3294419523983056,0.7839157044053635,0.9868333333333333,0.3718055495372189,0.971331259876423,1.2883333333333333,0.5056713509301406,1.1521067679473802,1.34825,0.5392773143190166,1.2348966918183926,0,8
0.943,0.345,0.7376666666666672,0.1816324126727972,0.8634578522026817,1.0214999999999999,0.3528420326435139,0.9632366141974449,1.2005833333333333,0.4611054815890972,1.1199364959554756,1.3625,0.5229445061588659,1.2115449564729213,0,9
2.029,1.0859999999999999,1.1900000000000006,0.7467911354589082,1.4462289261013408,1.1616666666666666,0.546249271547956,1.2677404387124604,1.21825,0.49002414133479916,1.2597924196546333,1.4220416666666666,0.5136215388249686,1.2769413599550876,0,10
2.217,0.18800000000000017,1.7296666666666674,0.6877276592760652,1.8316144630506703,1.2768333333333333,0.6918599328380507,1.538957456223186,1.3243333333333334,0.5582932323907676,1.4070551243231513,1.4892083333333332,0.5074956396614297,1.3521460511586807,0,11
2.47,0.2530000000000001,2.2386666666666675,0.22129693475810397,2.1508072315253353,1.4881666666666666,0.8418345245157574,1.80496961158799,1.35475,0.6120468082218415,1.5705851051965127,1.5324583333333333,0.5452354082066941,1.4415743670659862,0,12
2.326,-0.14400000000000013,2.3376666666666677,0.1269028499811248,2.2384036157626674,1.7638333333333334,0.7903557216005147,1.9538354368485644,1.4413333333333334,0.672133013531389,1.6868027813201263,1.571125,0.5677271476074017,1.5123284177007075,0,13
2.302,-0.02400000000000002,2.366000000000001,0.0908625335327953,2.2702018078813335,2.0478333333333336,0.5603268391453948,2.053311026320403,1.5173333333333332,0.7159349047775128,1.7814485072708761,1.5906666666666665,0.5849436737407091,1.575502144284651,0,14
2.132,-0.16999999999999993,2.253333333333334,0.10576073625562768,2.2011009039406666,2.246,0.1553306151407437,2.075793590228859,1.63375,0.6902783529457178,1.8353795061522797,1.6056666666666668,0.5943362879619649,1.6200219727418792,0,15
1.724,-0.40800000000000014,2.0526666666666675,0.29705442823384026,1.9625504519703334,2.1951666666666667,0.25711041726594575,1.9752811358777564,1.678416666666667,0.6760067856482084,1.8182441975134673,1.613875,0.5945629240477208,1.628340214922529,0,16
1.511,-0.21300000000000008,1.7890000000000006,0.31556140448413866,1.7367752259851668,2.0775,0.37817019977782834,1.8426293827698261,1.6771666666666667,0.6763280314023695,1.7709758594344724,1.569791666666667,0.5588145822353263,1.618952997728727,0,17
1.228,-0.2829999999999999,1.4876666666666674,0.24882189078402533,1.4823876129925835,1.8705,0.45289369613630476,1.6670209876927329,1.6793333333333333,0.6747071194004813,1.687441111829169,1.5650416666666667,0.5613139460359902,1.5876767579104287,0,18
1.065,-0.16300000000000003,1.2680000000000005,0.2256745444218413,1.2736938064962917,1.6603333333333332,0.49028427128215246,1.4950149912090949,1.7120833333333332,0.6293821585611956,1.5916809407785275,1.5340416666666667,0.5677625406243648,1.5458626172775944,0,19
0.697,-0.368,0.9966666666666671,0.2720153181961282,0.9853469032481459,1.3928333333333331,0.5077067723269728,1.2670107080064963,1.7203333333333333,0.6139097258678592,1.4540377191202924,1.5043333333333333,0.5926440141739672,1.477953607895387,0,20
0.555,-0.1419999999999999,0.772333333333334,0.26321347483239216,0.770173451624073,1.1300000000000001,0.45385900894441566,1.0635790771474973,1.688,0.6665341838059144,1.3157242238710167,1.4442916666666665,0.6133017187228542,1.4041173192637562,0,21
0.548,-0.007000000000000006,0.6000000000000006,0.08407734534350002,0.6590867258120365,0.934,0.39631603550702826,0.9162707693910696,1.5645833333333334,0.7315913487153534,1.1976128048139374,1.3914166666666665,0.6341212966306846,1.3356279337226558,0,22
0.542,-0.006000000000000005,0.548333333333334,0.00650640709945557,0.6005433629060183,0.7725,0.2998577996317735,0.809336263850764,1.425,0.7552068951919418,1.096749296381024,1.3746666666666665,0.6515239437467845,1.2721376990248434,0,23
0.546,0.0040000000000000036,0.545333333333334,0.0030550504650275856,0.5732716814530092,0.6588333333333334,0.2077858673410587,0.7340973313219743,1.2646666666666668,0.7164208175917179,1.012018635399328,1.3097083333333333,0.6532577545200517,1.214046683102856,0,24
0.551,0.0050000000000000044,0.546333333333334,0.004509249753989978,0.5621358407265047,0.5731666666666667,0.06082570728463787,0.6817838080871246,1.11675,0.6582474148000178,0.941092691491739,1.2790416666666669,0.6713938440591931,1.1610029484546274,0,25
0.556,0.0050000000000000044,0.5510000000000006,0.0050000000010494644,0.5590679203632524,0.5496666666666667,0.005391351099359076,0.6458455772050891,0.9712500000000001,0.5577361913045509,0.8818476620314715,1.2442916666666666,0.6868073256279611,1.1126027125782574,0,26
0.552,-0.0040000000000000036,0.5530000000000007,0.0026457513130453483,0.5555339601816263,0.5491666666666667,0.004915960402257389,0.6190325551464922,0.8395833333333332,0.4308725730914206,0.8311018678727835,1.2366666666666668,0.6936887327692549,1.0677544955719969,0,27
0.545,-0.007000000000000006,0.5510000000000006,0.00556776436377246,0.5502669800908131,0.5486666666666667,0.0052025634716517345,0.5978803965332088,0.7413333333333333,0.33451629484249157,0.7870861958923553,1.209875,0.7079210415625155,1.0259341359262373,0,28
0.546,0.0010000000000000009,0.5476666666666673,0.0037859388985890647,0.5481334900454066,0.5493333333333333,0.004366539439483156,0.5830574260951491,0.6609166666666667,0.23337034879557186,0.749996011908916,1.1690416666666665,0.7170979848859822,0.9875394050521384,0,29
0.554,0.008000000000000007,0.548333333333334,0.004932882863381803,0.5510667450227034,0.5506666666666667,0.0043665394394824435,0.5747553043536779,0.60475,0.1510780201810154,0.7198427793075443,1.1420416666666668,0.7279205928483913,0.9528562526479675,0,30
0.548,-0.006000000000000005,0.549333333333334,0.00416333200019403,0.5495333725113517,0.5501666666666667,0.004490731196203789,0.5671109316811985,0.5616666666666666,0.042838668456764546,0.6934054286448451,1.136875,0.731831491206643,0.9204677524361301,0,31
0.546,-0.0020000000000000018,0.549333333333334,0.00416333200019403,0.5477666862556758,0.5485000000000001,0.003674234615521803,0.5610792369151418,0.5490833333333334,0.004440686542277713,0.6707276703917919,1.1347083333333334,0.7335711624391451,0.8905103322412398,0,32
0.573,0.026999999999999913,0.5556666666666673,0.015044378795543493,0.5603833431278379,0.552,0.010788883167866914,0.5644851692251013,0.5505833333333333,0.00812916559865794,0.65569264417767,1.1192916666666666,0.7416190560357534,0.8651095056619406,1,0
0.548,-0.02499999999999991,0.5556666666666673,0.015044378795543493,0.554191671563919,0.5525000000000001,0.010464224768700249,0.5597751208750723,0.5505833333333333,0.00812916559865794,0.6391245450734131,1.0575833333333333,0.7240402292850776,0.8397407452089853,1,0
0.541,-0.007000000000000006,0.5540000000000006,0.016822603841572067,0.5475958357819595,0.5516666666666666,0.011254628677861847,0.5544108006250517,0.5505000000000001,0.00822965811709958,0.6240284612159649,0.9877500000000001,0.6872427107494556,0.8158414855922665,0,1
1.013,0.47199999999999986,0.7006666666666672,0.27051124437505897,0.7802979178909797,0.6281666666666667,0.18886123653803646,0.6854362861607511,0.5894166666666667,0.13364026226016912,0.6838702364135087,0.9270416666666667,0.6107044741199655,0.8316141667448853,1,0
1.316,0.30300000000000016,0.9566666666666673,0.3905590010911813,1.04814895894549,0.7561666666666667,0.3306741094592614,0.8655973472576795,0.6531666666666667,0.24755819640249793,0.7811209692729689,0.8849583333333334,0.5409242878120062,0.8703650334052946,0,1
1.962,0.6459999999999999,1.4303333333333341,0.48472088188290235,1.505074479472745,0.9921666666666665,0.5696340638222704,1.1788552480411996,0.7703333333333333,0.448533232443325,0.9627946663078968,0.8707916666666667,0.5054904617142212,0.957695830732871,0,2
2.057,0.09499999999999997,1.778333333333334,0.403200115740728,1.7810372397363725,1.2395,0.6653632842290041,1.4297537486008567,0.89575,0.5746217926127165,1.1311339484143743,0.8676666666666667,0.49752357747641074,1.0456401642742414,0,3
2.141,0.08400000000000007,2.053333333333334,0.0895563137547263,1.9610186198681863,1.5050000000000001,0.651940181305007,1.6329669632863262,1.02875,0.663835018523563,1.2864979563506242,0.8850416666666666,0.5346274183478377,1.1332689511323022,0,4
1.589,-0.552,1.929000000000001,0.2974289831203446,1.7750093099340931,1.6796666666666666,0.4516280180266402,1.6204049737759472,1.1156666666666666,0.6631621676528736,1.333036732296682,0.8882916666666666,0.5388187143038524,1.1697274350417182,0,5
1.344,-0.24499999999999988,1.6913333333333338,0.4082356345706934,1.5595046549670466,1.7348333333333334,0.3660073314384166,1.5414321241256768,1.1815,0.641183777370914,1.3347233888664234,0.8931250000000001,0.5425061259922592,1.1836692402383808,0,6
0.775,-0.5690000000000001,1.2360000000000007,0.4176086684924123,1.1672523274835234,1.6446666666666665,0.5228547280714514,1.322451517232626,1.2004166666666667,0.6239106081560839,1.248612098271589,0.8810416666666666,0.5417405507024196,1.1509757010193105,0,7
1.003,0.22799999999999987,1.0406666666666673,0.2863639874937834,1.0851261637417617,1.4848333333333332,0.552203012185439,1.2311796551661616,1.2385,0.5935422938135514,1.2108256216144213,0.8937916666666667,0.5408208719897085,1.1391376449377657,0,8
2.115,1.1120000000000003,1.2976666666666672,0.7169528110924308,1.600063081870881,1.4945000000000002,0.5645910909676183,1.4836997536901153,1.367,0.6032059801970238,1.3499293721352796,0.9587916666666666,0.5898553971040297,1.2172066333427445,0,9
1.183,-0.9320000000000002,1.4336666666666673,0.5968763132620846,1.3915315409354405,1.3348333333333333,0.47327050052445996,1.3977855383500826,1.4199166666666665,0.5503655740973565,1.3242479302683134,0.9852500000000001,0.584848345262702,1.214470102675325,0,10
0.995,-0.18800000000000006,1.4310000000000007,0.5997732905023403,1.1932657704677203,1.2358333333333333,0.4715940697959139,1.2827039559643447,1.4577499999999999,0.49752188165674727,1.2735944025347268,1.004125,0.5771808783252845,1.1969124944612992,0,11
0.994,-0.0010000000000000009,1.057333333333334,0.10883167431101733,1.0936328852338602,1.1775,0.4771522817717703,1.2002171114031033,1.4561666666666666,0.49909369376051316,1.2305798790678457,1.0227916666666668,0.5689055074872053,1.1806794949043953,0,12
1.515,0.5209999999999999,1.1680000000000004,0.30051123107132877,1.30431644261693,1.3008333333333333,0.4469910140782172,1.2901550795736452,1.4727499999999998,0.49731590929344033,1.2743368207497157,1.0629583333333332,0.5681775196543586,1.2074251353120438,0,13
1.758,0.2430000000000001,1.4223333333333337,0.39033874177864786,1.531158221308465,1.4266666666666665,0.45261403719579046,1.423825056838318,1.45575,0.4823322364964155,1.3487465406343748,1.1130416666666667,0.5744890719940452,1.2514711244870804,0,14
0.966,-0.792,1.4130000000000003,0.40573267060960794,1.2485791106542323,1.2351666666666665,0.3294464549311058,1.2930178977416558,1.3648333333333333,0.4610513348135226,1.2898624574598556,1.1302916666666667,0.5630112732801887,1.228633434528114,1,0
1.67,0.704,1.464666666666667,0.43409369188383484,1.4592895553271161,1.3163333333333334,0.3713503287553046,1.4007270698154684,1.3255833333333333,0.40569322452345685,1.3483451563121855,1.1771666666666667,0.5589805679648612,1.2639427597658648,0,1
0.796,-0.8739999999999999,1.1440000000000003,0.4633918428285133,1.127644777663558,1.2831666666666666,0.4124067975514866,1.2279479070110488,1.2594999999999998,0.4230971304773636,1.263368978418003,1.1875833333333334,0.5489466527234061,1.2265073389845955,1,0
0.679,-0.11699999999999999,1.0483333333333336,0.5415480895851627,0.9033223888317791,1.2306666666666666,0.47228367181882663,1.071105647865035,1.2040833333333334,0.4534825762581119,1.1734660586613872,1.1927916666666667,0.5432372353222666,1.1827067518658279,0,1
0.571,-0.1080000000000001,0.6820000000000004,0.11252999600109974,0.7371611944158896,1.0733333333333333,0.5140138778930718,0.9282183199035964,1.1870833333333333,0.4743727836615262,1.0807789727134816,1.19375,0.5420693241402921,1.1337702117165616,0,2
1.248,0.677,0.832666666666667,0.36372013050330365,0.9925805972079448,0.9883333333333333,0.4097417072579677,1.0195845142168545,1.2075,0.47098996322060066,1.1065052846037151,1.223,0.5242439690930502,1.1429085947792366,0,3
1.753,0.5049999999999999,1.190666666666667,0.593082062899679,1.3727902986039724,1.1195,0.5138928876721363,1.2291317958691819,1.1773333333333333,0.4159589869060122,1.2059660100492975,1.2721666666666667,0.5158999453607152,1.1917159071968977,0,4
2.163,0.4099999999999999,1.7213333333333338,0.45832121196093106,1.767895149301986,1.2016666666666664,0.6427695284210921,1.4959512827637012,1.259,0.5040485185881478,1.3532020085032517,1.3394583333333332,0.5226189882544058,1.269418634621146,0,5
2.623,0.4600000000000004,2.1796666666666673,0.4352393977265101,2.195447574650993,1.5061666666666669,0.8203736750205189,1.8179652019740722,1.3946666666666667,0.6299097097396102,1.5485555456565976,1.4262083333333333,0.5560471499531454,1.3777051438514545,0,6
2.741,0.11799999999999988,2.5090000000000003,0.30539810084543884,2.4682237873254964,1.8498333333333334,0.8363053070898633,2.08168942998148,1.5402500000000001,0.7237776058481435,1.7320085386325057,1.4982083333333334,0.6095206226968496,1.486768732343338,0,7
3.096,0.355,2.8200000000000003,0.24619707553096454,2.7821118936627482,2.2706666666666666,0.6858491573711152,2.3714924499867713,1.672,0.8514062164763326,1.9418533788428893,1.5723749999999999,0.6894413499348601,1.6155072337558711,0,8
3.36,0.2639999999999998,3.065666666666667,0.3106128351071983,3.071055946831374,2.6226666666666665,0.5914932515816789,2.6539231785619792,1.8055,0.9817377450215503,2.1600297820978294,1.6306250000000002,0.7772565360459115,1.7550666550554015,0,9
3.065,-0.29499999999999993,3.173666666666667,0.1621121011316894,3.068027973415687,2.8413333333333335,0.42468089981380897,2.7713736989728424,1.9804166666666667,1.0052737716963498,2.299255969467394,1.672625,0.8269440237877432,1.8598613226509695,0,10
3.115,0.050000000000000266,3.180000000000001,0.15787653403846222,3.0915139867078434,3.0,0.2703612398255327,2.869552642123459,2.1008333333333336,1.0502487872649577,2.424755051087795,1.7132083333333334,0.8735181230128469,1.960272416838892,0,11
3.046,-0.0690000000000004,3.0753333333333335,0.0356417358349969,3.0687569933539214,3.0704999999999996,0.19780874601492984,2.919966172945328,2.288333333333333,0.9955410893609868,2.520331197074288,1.7739166666666668,0.9141932493195586,2.047130623491781,0,12
3.093,0.04700000000000015,3.084666666666667,0.03524674925906853,3.0808784966769607,3.1291666666666664,0.11569514538936161,2.969404409246663,2.4895,0.8777057386370241,2.6084340898320897,1.8467916666666666,0.947535199720912,2.1308001736124385,0,13
2.725,-0.3679999999999999,2.9546666666666668,0.20028063644130004,2.9029392483384804,3.0673333333333335,0.20309472338459636,2.899574578033331,2.669,0.6369112968067066,2.626367306780999,1.9280416666666669,0.9351587393344658,2.1783361597234436,0,14
1.484,-1.241,2.4340000000000006,0.8430486344215269,2.19346962416924,2.7546666666666666,0.638899887828028,2.4951246985952364,2.6886666666666668,0.5910359677308277,2.450618490353153,1.9480833333333336,0.9194949897807428,2.1227892669455684,0,15
1.028,-0.45599999999999996,1.7456666666666674,0.8782393371589193,1.61073481208462,2.4151666666666665,0.9202689643069942,2.075946213282312,2.62825,0.7186539342915531,2.231754107221899,1.9027916666666667,0.9375104395554038,2.035206125589923,0,16
1.648,0.6199999999999999,1.386666666666667,0.3212558689476966,1.62936740604231,2.170666666666667,0.8915796468441103,1.9536758666302227,2.5853333333333333,0.7629743631262319,2.1419457830339144,1.9221666666666666,0.9267311258990653,2.004229635542729,0,17
1.024,-0.6239999999999999,1.2333333333333336,0.359117436687973,1.3266837030211551,1.8336666666666666,0.8765607033552607,1.6880541904501591,2.4520833333333334,0.8855765926870197,1.96995412410562,1.9233749999999998,0.92548773569024,1.9258112646993109,0,18
1.217,0.19300000000000006,1.2963333333333338,0.3194750903174456,1.2718418515105776,1.521,0.6402480769201917,1.5534672788929709,2.325083333333333,0.9474902214255141,1.8541150280893708,1.9326666666666668,0.9168302989656556,1.869106363523366,0,19
1.44,0.22299999999999986,1.2270000000000005,0.20818021039476126,1.3559209257552887,1.3068333333333333,0.25742137958349715,1.521048056352122,2.1870833333333333,0.9455949025333045,1.790405023767929,1.9295416666666665,0.9184422056639882,1.8347778544414968,0,20
0.928,-0.5119999999999999,1.1950000000000005,0.256708005329026,1.1419604628776443,1.2141666666666666,0.2799760108771307,1.35160575453723,1.9844166666666665,0.9318758655464142,1.6577273278036322,1.8949583333333333,0.9405429735769288,1.7622356260861771,0,21
0.558,-0.37,0.9753333333333337,0.44290104237102645,0.8499802314388222,1.1358333333333333,0.387559758832972,1.1248612532408786,1.7755,0.9484709704667726,1.488538508141535,1.8779583333333332,0.9615169843699528,1.665896775999283,0,22
0.541,-0.017000000000000015,0.6756666666666672,0.21869232573033648,0.6954901157194111,0.9513333333333334,0.35729073129130007,0.9580437523149133,1.561,0.9082038217372691,1.3427633530428373,1.8309166666666667,0.9990200379531372,1.5759050339193406,0,23
0.54,-0.0010000000000000009,0.5463333333333339,0.01011599393753966,0.6177450578597056,0.8706666666666667,0.3906802614244444,0.8386026802249381,1.3521666666666665,0.819481857731771,1.2192612987285547,1.82025,1.0118348915836468,1.4930326312057933,0,24
0.544,0.0040000000000000036,0.5416666666666671,0.0020816660021162176,0.5808725289298529,0.7585000000000001,0.3672687027232321,0.7544304858749559,1.13975,0.6373409427243213,1.115374945078008,1.8146249999999997,1.0188064121484446,1.41711002070933,0,25
0.536,-0.008000000000000007,0.5400000000000005,0.0040000000013803395,0.5584362644649264,0.6078333333333333,0.15703046413569846,0.6920217756249685,0.9573333333333333,0.41783257485033376,1.0262403381429297,1.8131666666666666,1.0206872649120429,1.3466212190525837,0,26
0.537,0.0010000000000000009,0.5390000000000005,0.0043588989448080165,0.5477181322324632,0.5426666666666667,0.008041558721606138,0.6477298397321204,0.8784166666666667,0.3982909987646831,0.9509725938132483,1.7835416666666666,1.047763289694713,1.2818515215283772,0,27
0.541,0.0040000000000000036,0.5380000000000005,0.002645751313153616,0.5443590661162316,0.5398333333333334,0.0029268868568919373,0.6172355998086574,0.8378333333333333,0.4063925181248762,0.8878998870727485,1.7330416666666668,1.0780689854173728,1.222583399806107,0,28
0.557,0.016000000000000014,0.5450000000000005,0.010583005244778773,0.5506795330581158,0.5425000000000001,0.007661592524167115,0.6000254284347553,0.7469166666666668,0.32192756337506284,0.8369922121384795,1.6661249999999999,1.0998437561960703,1.1693367278216185,1,0
1.085,0.5279999999999999,0.7276666666666672,0.30956313303322036,0.8178397665290579,0.6333333333333333,0.22139978922002795,0.738589591739111,0.7520000000000001,0.32713994781216266,0.8751472564248673,1.6020416666666666,1.0863907327823468,1.162589789595889,1,0
1.999,0.9140000000000001,1.2136666666666673,0.7295596845586663,1.408419883264529,0.8758333333333335,0.5914924907948301,1.0987068512422222,0.8171666666666667,0.4733871821695464,1.0480476785133492,1.571125,1.0628722493687859,1.229502606428218,0,1
1.393,-0.6060000000000001,1.492333333333334,0.4650261641384697,1.4007099416322646,1.0186666666666666,0.5964701724870003,1.1827906080301587,0.81325,0.46792853475329194,1.1011172664343725,1.5001666666666669,1.012287193596186,1.2425823979139605,0,2
0.433,-0.96,1.2750000000000006,0.7896404244971295,0.9168549708161323,1.0013333333333334,0.614505221024746,0.9685647200215419,0.7719999999999999,0.4785899744419671,0.9983299946752382,1.3782083333333333,0.9530631613344177,1.1778158060808437,0,3
0.43,-0.0030000000000000027,0.7520000000000006,0.5551243104026429,0.6734274854080662,0.9828333333333333,0.6325416718815228,0.8146890857296728,0.7613333333333334,0.48517425797960434,0.9108946108790477,1.2684166666666667,0.9006304032112206,1.1179905415943763,0,4
0.421,-0.009000000000000008,0.42800000000000055,0.006244997999322949,0.5472137427040331,0.9601666666666667,0.6529601570284914,0.7022064898069091,0.7513333333333333,0.4913260967354903,0.835526209205348,1.1561666666666668,0.8251996157276739,1.062231298266826,0,5
0.42,-0.0010000000000000009,0.42366666666666714,0.005507570548336666,0.4836068713520165,0.8493333333333334,0.68326822454046,0.6215760641477922,0.7413333333333334,0.4972044271969443,0.771599100096833,1.04675,0.7326276265132468,1.01085279440548,0,6
0.418,-0.0020000000000000018,0.41966666666666713,0.0015275252354470963,0.4508034356760082,0.5858333333333333,0.395474103661255,0.5634114743912801,0.7308333333333333,0.5030466873928987,0.717199238543474,0.9352916666666667,0.5990982701684578,0.9634245708530416,0,7
0.42,0.0020000000000000018,0.4193333333333338,0.001154700543400567,0.4354017178380041,0.42366666666666664,0.006218252702609093,0.5224367674223429,0.7211666666666666,0.5082189637858019,0.6714762787675549,0.8392499999999999,0.47071751429160447,0.9199506051847982,0,8
0.418,-0.0020000000000000018,0.4186666666666672,0.0011547005434022015,0.426700858919002,0.42116666666666663,0.004490731195864631,0.4925976910159592,0.71125,0.5132750680235155,0.6324799281879311,0.7948333333333334,0.4573375374801448,0.8797945567700144,0,9
0.396,-0.021999999999999964,0.41133333333333383,0.01331665623739587,0.411350429459501,0.4155,0.009628083921884955,0.46499835072568513,0.6991666666666666,0.5193185803327154,0.5960984007744032,0.7685,0.4615043454503566,0.8410909922284133,1,0
0.405,0.009000000000000008,0.4063333333333339,0.011060440015885561,0.4081752147297505,0.41283333333333333,0.010008329864344662,0.4478559648040608,0.6865,0.5249248431052678,0.5666986468091104,0.7167083333333334,0.4269670060734891,0.8062037128501403,0,1
0.429,0.023999999999999966,0.4100000000000006,0.017058722109573387,0.4185876073648752,0.4143333333333333,0.011809600614480121,0.4424685462886149,0.6318333333333334,0.5136898309527271,0.5455142396077088,0.6919166666666666,0.4256205614380454,0.7760274158221291,1,0
0.442,0.013000000000000012,0.42533333333333384,0.01877054430070939,0.43029380368243764,0.4183333333333333,0.016451950239212327,0.4423346759204392,0.5020833333333333,0.28083008720360914,0.5295889719757536,0.659625,0.41327091993130344,0.7493052225563588,0,1
0.432,-0.010000000000000009,0.43433333333333385,0.006806859286399532,0.43114690184121884,0.4203333333333333,0.017397317801129956,0.4393819113717423,0.422,0.012577035349421214,0.5145752839794838,0.617625,0.38043039842193765,0.7239208047518502,0,2
0.495,0.063,0.45633333333333387,0.03385754470342939,0.4630734509206094,0.4331666666666667,0.03491370313606791,0.45527279383695884,0.42716666666666664,0.024546184051985113,0.511563701828794,0.5995833333333334,0.3753039251485121,0.7056071403717021,0,3
0.472,-0.02300000000000002,0.4663333333333339,0.03187998327077138,0.46753672546030467,0.4458333333333333,0.0324309522936568,0.4600519955978277,0.4306666666666667,0.02776961496222615,0.505476978470518,0.596,0.37612786909911283,0.686918569141966,0,4
0.432,-0.03999999999999998,0.4663333333333339,0.03187998327077138,0.4497683627301523,0.4503333333333333,0.02706042621012152,0.45203713971273407,0.4315833333333334,0.02760256356120379,0.4941728279365921,0.5914583333333333,0.37747651572982927,0.6665250836106088,0,5
0.415,-0.017000000000000015,0.43966666666666715,0.029263173671780964,0.43238418136507617,0.44799999999999995,0.02973886346192087,0.44145509979481,0.43116666666666664,0.02783011231586986,0.4819923928694241,0.58625,0.3790763660587977,0.6464030769217601,0,6
0.434,0.019000000000000017,0.4270000000000005,0.010440306509463856,0.43319209068253806,0.4466666666666667,0.030236842868815568,0.43932507128200715,0.43249999999999994,0.027523543640749375,0.47460894781258955,0.5816666666666667,0.38027251860447775,0.6294108307680193,0,7
0.436,0.0020000000000000018,0.42833333333333384,0.011590225767640556,0.43459604534126905,0.44733333333333336,0.029890912777522215,0.4383750509157194,0.4338333333333333,0.027249131206589568,0.4686691096875758,0.5775,0.3813409976933176,0.6139379643065778,0,8
0.431,-0.0050000000000000044,0.43366666666666714,0.002516611480711408,0.4327980226706345,0.4366666666666667,0.01886442860712911,0.4362678935112281,0.4349166666666666,0.026817424231701026,0.46287386204333336,0.5730833333333333,0.3824427114434626,0.5993029271620516,0,9
0.427,-0.0040000000000000036,0.43133333333333385,0.0045092497541011686,0.42989901133531727,0.4291666666666667,0.007574078602278503,0.4336199239365915,0.4375,0.024081301686326592,0.457354806344359,0.5683333333333332,0.3835648198342601,0.5855186929890874,0,10
0.425,-0.0020000000000000018,0.42766666666666714,0.0030550504651939586,0.4274495056676586,0.428,0.007589466384854059,0.43115708852613677,0.43916666666666665,0.02224995743949621,0.45237714382984223,0.5628333333333333,0.3846791623821209,0.5726771975499605,0,11
0.412,-0.013000000000000012,0.42133333333333384,0.008144527815958263,0.41972475283382926,0.4275,0.008642916174927948,0.42568363466152626,0.43775000000000003,0.023464189349239564,0.446165275548328,0.5347916666666667,0.369177461647378,0.5598230217459637,0,12
0.415,0.0030000000000000027,0.41733333333333383,0.006806859286406676,0.41736237641691465,0.4243333333333333,0.009244818368875984,0.4226311676153759,0.4355,0.024299270471627925,0.44137061777166214,0.46879166666666666,0.19788182225688444,0.5482371800062866,0,13
0.428,0.013000000000000012,0.41833333333333383,0.008504900548797446,0.42268118820845735,0.423,0.00766811580551858,0.4241651197252685,0.43516666666666665,0.02437895267094377,0.43931359965294486,0.42858333333333337,0.020127672205215733,0.5386182056057838,0,14
0.432,0.0040000000000000036,0.4250000000000005,0.008888194417966074,0.42734059410422864,0.42316666666666664,0.007884584115443889,0.4264036569466203,0.4299166666666667,0.015482884000355841,0.4381884304755687,0.42854166666666665,0.02011916492045,0.5300887491573211,0,15
0.432,0.0,0.4306666666666672,0.002309401079254806,0.42967029705211435,0.424,0.008602325267440251,0.4280026121047288,0.4265833333333333,0.008184889995668798,0.43723636424855816,0.428625,0.020129607222977273,0.5222416492247354,0,16
0.626,0.194,0.4966666666666672,0.11200595222283713,0.5278351485260572,0.4575,0.08299337322947382,0.48457329436052055,0.44275,0.05826136252813826,0.46627692359493383,0.43716666666666665,0.04494795702336847,0.5305423172867565,1,0
0.487,-0.139,0.5150000000000006,0.09998499887488639,0.5074175742630286,0.47,0.08037661351417279,0.4852666388289432,0.44875,0.058848225430869455,0.4694650891957132,0.4399583333333333,0.04590583856643553,0.527058931903816,0,1
0.483,-0.0040000000000000036,0.5320000000000006,0.08143095234621127,0.4952087871315143,0.48133333333333334,0.07573022294086645,0.48461902773495946,0.45283333333333337,0.05942884719382227,0.47154738316560346,0.4426666666666667,0.046468003640287185,0.5235342173515107,0,2
0.481,-0.0020000000000000018,0.48366666666666713,0.003055050465140797,0.48810439356575713,0.49016666666666664,0.07122195354434832,0.48358501981068536,0.45658333333333334,0.059689283846092574,0.4730016319093568,0.4452083333333334,0.0468410625938658,0.5201314799633899,0,3
0.476,-0.0050000000000000044,0.4800000000000005,0.0036055512770235454,0.4820521967828786,0.4975,0.06611731996993392,0.4814178712933467,0.4603333333333333,0.059348482914403373,0.4734629193079173,0.447625,0.046872456452675654,0.5166009615663187,0,4
0.484,0.008000000000000007,0.4803333333333339,0.004041451885718487,0.4830260983914393,0.5061666666666667,0.05881978125319119,0.4821556223523905,0.4650833333333333,0.0587157379140098,0.47508400864516076,0.4512916666666667,0.04609392977729058,0.5139928846410132,0,5
0.487,0.0030000000000000027,0.4823333333333338,0.005686240704064988,0.48501304919571964,0.48299999999999993,0.00414728827146883,0.4835397302517075,0.47025,0.05758491753290563,0.4769172380843668,0.4547083333333333,0.045549284504101215,0.5118334538697322,0,6
0.488,0.0010000000000000009,0.4863333333333338,0.002081666002158159,0.4865065245978598,0.4831666666666667,0.004355073670252792,0.4848140930369339,0.4765833333333333,0.054703262879793484,0.4786222783790796,0.45716666666666667,0.045693369956329596,0.5099267775601537,0,7
0.492,0.0040000000000000036,0.4890000000000005,0.0026457513131795873,0.4892532622989299,0.48466666666666663,0.005645056835260814,0.48686720931209565,0.48299999999999993,0.05122854318016925,0.48068038939768276,0.45924999999999994,0.046109746211047145,0.5084926353553414,0,8
0.497,0.0050000000000000044,0.4923333333333339,0.004509249754061553,0.493126631149465,0.48733333333333334,0.007146094504924854,0.4897622923657826,0.48875,0.048281607640616855,0.4831910987211162,0.4619583333333333,0.046347908509267434,0.5075732245269141,0,9
0.491,-0.006000000000000005,0.49333333333333385,0.003214550255400891,0.4920633155747325,0.48983333333333334,0.004535048695803608,0.4901159231184161,0.49366666666666664,0.04486005174342852,0.4843924681486368,0.4617916666666666,0.04623096944935182,0.506247366564761,0,10
0.483,-0.008000000000000007,0.4903333333333338,0.007023769169364598,0.48753165778736623,0.4896666666666667,0.0048027769751791015,0.48808280222744005,0.4979166666666666,0.04071063817486663,0.48417824227961576,0.46225,0.04639082555470633,0.5043875772395802,0,11
0.478,-0.0050000000000000044,0.4840000000000005,0.006557438525157716,0.48276582889368314,0.48816666666666664,0.006794605704035729,0.4852020015910286,0.4855833333333333,0.006006940430216234,0.4832277434673672,0.4641666666666666,0.04603558799791605,0.5022765710604138,0,12
0.495,0.017000000000000015,0.48533333333333384,0.008736894948695909,0.48888291444684157,0.48933333333333334,0.007339391437531558,0.48800142970787763,0.4862499999999999,0.00659372980384445,0.485038859857003,0.4675,0.04520965652903495,0.5016944453755807,1,0
0.504,0.009000000000000008,0.4923333333333339,0.013203534880648656,0.4964414572234208,0.49133333333333334,0.009521904571739098,0.4925724497913412,0.488,0.008235179525488062,0.487955958340541,0.47041666666666665,0.04521246140901572,0.5018788897455343,0,1
0.494,-0.010000000000000009,0.4976666666666672,0.005507570548297416,0.4952207286117104,0.4908333333333334,0.009239408350825684,0.4929803212795294,0.4890833333333333,0.008084309531734783,0.4888858109035347,0.47283333333333327,0.044841427532846104,0.5012485785658916,0,2
0.496,0.0020000000000000018,0.4980000000000005,0.0052915026231816,0.4956103643058552,0.4916666666666667,0.009479803092538635,0.4938430866282353,0.49075,0.007149380138338965,0.48998030153376015,0.4755416666666667,0.044162722000436666,0.5008286922806203,0,3
0.497,0.0010000000000000009,0.49566666666666714,0.0015275252353023328,0.4963051821529276,0.494,0.008602325267428098,0.49474506187731093,0.49183333333333334,0.0070172946525897655,0.4910602551439509,0.4784583333333334,0.04311660546311343,0.5005223968981707,0,4
0.494,-0.0030000000000000027,0.49566666666666714,0.0015275252353023328,0.4951525910764638,0.49666666666666665,0.0037771241273343056,0.49453218705522206,0.49241666666666667,0.00686835077897772,0.4915125235833431,0.48133333333333334,0.04167333280002693,0.5000006051463171,0,5
0.482,-0.01200000000000001,0.49100000000000055,0.007937253933898157,0.4885762955382319,0.4945,0.007148426400728391,0.4909515621823015,0.4919166666666666,0.007415687711956661,0.4900490584166749,0.48425,0.038971840446933435,0.4985605567346117,0,6
0.477,-0.0050000000000000044,0.4843333333333339,0.008736894948696443,0.48278814776911594,0.49,0.00836660026573781,0.48696540155878676,0.49066666666666664,0.00857409770844668,0.48804151096795567,0.4868333333333333,0.036133408203502776,0.49683571219584277,0,7
0.487,0.010000000000000009,0.4820000000000005,0.005000000001123888,0.48489407388455796,0.4888333333333333,0.008183316361556241,0.4869752868277048,0.4898333333333333,0.008386497083536804,0.4878812785113471,0.4892916666666667,0.033894310368519046,0.4960488552201754,0,8
0.493,0.006000000000000005,0.4856666666666672,0.008082903769348563,0.488947036942279,0.48833333333333334,0.007737355276405212,0.48869663344836056,0.49,0.008431542509514335,0.488668774124986,0.49183333333333334,0.03162231829717656,0.4958049468025614,0,9
0.485,-0.008000000000000007,0.4883333333333339,0.004163332000277231,0.48697351847113945,0.4863333333333333,0.006501281925383753,0.4876404524631147,0.4901666666666667,0.008299324543456915,0.48810434733652663,0.49404166666666666,0.029004466172750373,0.4949405510583565,0,10
0.492,0.007000000000000006,0.4900000000000005,0.00435889894482411,0.4894867592355697,0.486,0.00606630035578983,0.4888860374736534,0.49133333333333334,0.0073649456373597304,0.48870367851552254,0.4884583333333334,0.007198907928116134,0.494705306973688,0,11
0.489,-0.0030000000000000027,0.4886666666666672,0.0035118845858783925,0.48924337961778486,0.4871666666666667,0.005810909281112471,0.4889185981954667,0.4908333333333333,0.007296740658764259,0.4887492664362114,0.48854166666666665,0.007192865829122261,0.49424888241579296,0,12
0.49,0.0010000000000000009,0.4903333333333338,0.0015275252353136588,0.4896216898088924,0.48933333333333334,0.003011090611939936,0.48922757013961904,0.48966666666666664,0.006005048381107663,0.4889416869844866,0.4888333333333333,0.00709970401471962,0.4939089718225296,0,13
0.484,-0.006000000000000005,0.48766666666666714,0.0032145502554068624,0.4868108449044462,0.4888333333333333,0.003656045223094791,0.4877339786711564,0.4888333333333333,0.00604277680491247,0.48818142744841175,0.48895833333333333,0.0069812118457870205,0.4931162540767272,0,14
0.486,0.0020000000000000018,0.4866666666666672,0.003055050465138412,0.48640542245222307,0.4876666666666667,0.0031411250648959495,0.48723855619368317,0.488,0.005640760748074448,0.4878458232255792,0.48937499999999995,0.006452586269116984,0.4925469537505891,0,15
0.493,0.007000000000000006,0.48766666666666714,0.004725815627437908,0.48970271122611153,0.48900000000000005,0.003464101616097186,0.488884682995488,0.48766666666666664,0.005158106300271038,0.488638773498567,0.48974999999999996,0.006387828098913489,0.492583197450542,1,0
0.491,-0.0020000000000000018,0.4900000000000005,0.003605551277015588,0.49035135561305576,0.4888333333333333,0.003311595789542295,0.4894890592824914,0.48741666666666666,0.004888917584736932,0.48900203911417206,0.4899166666666666,0.006365099586715504,0.49245654165449865,0,1
0.489,-0.0020000000000000018,0.49100000000000055,0.0020000000027956323,0.4896756778065279,0.4888333333333334,0.003311595789542295,0.4893493280589224,0.488,0.004592483978169617,0.4890017254042994,0.4899583333333333,0.006355272830398873,0.49218001832213876,0,2
0.485,-0.0040000000000000036,0.4883333333333339,0.0030550504651367747,0.48733783890326393,0.488,0.003577708764929029,0.48810666289923027,0.4886666666666666,0.003228659539666385,0.48838607534209955,0.4896666666666667,0.006417819395424177,0.49160561685636767,0,3
0.49,0.0050000000000000044,0.4880000000000005,0.002645751313181416,0.48866891945163193,0.48900000000000005,0.003033150178716356,0.48864761635659304,0.48891666666666667,0.003203927513847363,0.488634371443315,0.48937500000000006,0.006226259257612531,0.4914771675078583,0,4
0.487,-0.0030000000000000027,0.48733333333333384,0.002516611480649844,0.48783445972581596,0.4891666666666667,0.0028577380344099517,0.48817686882613787,0.48841666666666667,0.0029682665074824565,0.488382929682805,0.4892083333333334,0.006234400822722832,0.49111899410722964,0,5
0.481,-0.006000000000000005,0.4860000000000005,0.004582575696179337,0.48441722986290797,0.4871666666666667,0.003710345896721666,0.4861263348758128,0.48808333333333326,0.003553700589191992,0.4872470943469889,0.48912500000000003,0.006333571696125406,0.4903094745786513,0,6
0.552,0.07100000000000006,0.5066666666666672,0.03937427248019222,0.518208614931454,0.49733333333333335,0.026971589991568724,0.504947382054152,0.4930833333333333,0.01885089018070242,0.4972090798320675,0.49220833333333336,0.014024758128927062,0.49524471661235925,1,0
0.563,0.010999999999999899,0.5320000000000006,0.04450842616865858,0.540604307465727,0.5096666666666666,0.03732916643421403,0.5215338443243943,0.49924999999999997,0.02750908940693693,0.5073307598579033,0.49504166666666666,0.02014615977347542,0.5006651392833705,0,1
0.489,-0.07399999999999995,0.5346666666666672,0.0399291038384816,0.5148021537328635,0.5103333333333333,0.03683295625758608,0.5122384602317103,0.4991666666666666,0.027541153779644036,0.5045106429566875,0.49441666666666667,0.020088752350748414,0.4997319281407009,1,0
0.471,-0.018000000000000016,0.5076666666666672,0.048757905342050975,0.49290107686643175,0.5071666666666667,0.0396404675385301,0.5004560430226501,0.4980833333333334,0.028433201889618728,0.4993551594248894,0.49345833333333333,0.020650253533787296,0.4974333738894448,0,1
0.629,0.15800000000000003,0.5296666666666672,0.0864947011865136,0.5609505384332159,0.5308333333333334,0.061535084843308635,0.5371828878733216,0.5099999999999999,0.04688671065837845,0.519300519513368,0.49899999999999994,0.034537943847493646,0.5079587039782892,1,0
0.875,0.246,0.6583333333333338,0.2035910934528903,0.7179752692166079,0.5964999999999999,0.14766685477793026,0.6337020627666583,0.5418333333333334,0.11479533830678228,0.5740235165113114,0.5147499999999999,0.08414648201070517,0.5373220076600261,0,1
0.944,0.06899999999999995,0.8160000000000004,0.16558079598796843,0.8309876346083039,0.6618333333333334,0.20109342770630975,0.7223586162618988,0.5795833333333333,0.16152987808808145,0.6309429755095712,0.5335,0.12126901464528728,0.569856247047224,0,2
1.065,0.121,0.9613333333333337,0.09617865321027173,0.947993817304152,0.7454999999999999,0.2501869301142766,0.8202561544727849,0.6275833333333333,0.2103648165939472,0.6977209792773296,0.5577916666666667,0.16204132032524657,0.6094677472834462,0,3
1.409,0.3440000000000001,1.1393333333333338,0.24124745249088267,1.178496908652076,0.8988333333333333,0.33055735760480687,0.9884686817662749,0.7045833333333333,0.3024026389775809,0.8071485209269712,0.5966250000000001,0.23643692283198203,0.6734303275007706,0,4
1.927,0.518,1.4670000000000005,0.43391704276279053,1.552748454326038,1.1415,0.46197478286158095,1.2566204869759106,0.8243333333333333,0.45548143028375215,0.9794333638612833,0.656625,0.35857420704300225,0.7737159013007089,0,5
1.836,-0.09099999999999997,1.7240000000000004,0.2765664477119445,1.6943742271630189,1.342666666666667,0.45693967508487493,1.4221574906970789,0.93675,0.5257135626936016,1.1112128463441628,0.7125833333333333,0.4296730725509323,0.8586986291966522,0,6
2.632,0.796,2.1316666666666673,0.4356837538092675,2.1631871135815093,1.6355000000000002,0.6281925660177806,1.767826779069342,1.1159999999999999,0.6954867491058458,1.3451801007527533,0.8020416666666668,0.578097891452171,1.0005627388609202,0,7
1.793,-0.8390000000000002,2.0870000000000006,0.47247327966775166,1.9780935567907547,1.777,0.5290803341648632,1.775019127906673,1.2194166666666668,0.696263594067823,1.4140754698677143,0.8562500000000001,0.60798607321006,1.0639577197520464,0,8
1.305,-0.488,1.9100000000000008,0.6711922228393314,1.6415467783953774,1.8170000000000002,0.470291399028308,1.6407279485047663,1.28125,0.664911084281199,1.3972946283496044,0.89025,0.6093703985333494,1.0832411021718829,0,9
1.336,0.03100000000000014,1.4780000000000006,0.27323799150192435,1.4887733891976889,1.804833333333333,0.4837104161238105,1.5536628203605474,1.3518333333333332,0.6163475751013654,1.3878646855265884,0.9255,0.6096796735563879,1.1034618139981323,0,10
1.359,0.02299999999999991,1.333333333333334,0.02709858544906163,1.4238866945988444,1.7101666666666666,0.509892308891466,1.4980448716861052,1.4258333333333333,0.5508010420095335,1.383423964676344,0.9619583333333334,0.6082910115316046,1.1239048688782816,0,11
1.364,0.0050000000000001155,1.3530000000000006,0.01493318452328965,1.3939433472994223,1.6315,0.5228417542622277,1.4597463369186465,1.4870833333333335,0.49184817656252316,1.3804356624184448,0.9985416666666668,0.6048138038428343,1.1431124793680192,0,12
1.135,-0.2290000000000001,1.2860000000000005,0.13079373073663383,1.264471673649711,1.382,0.21855342596263336,1.3669616692276048,1.50875,0.4675608127680974,1.3426763297386841,1.0252916666666667,0.5956096240620701,1.1424634810185776,0,13
0.777,-0.358,1.0920000000000005,0.2958530040408723,1.0207358368248556,1.2126666666666666,0.22973433932843246,1.198401192305432,1.4948333333333332,0.4879396075397659,1.2556492020865788,1.0372083333333333,0.587257515484265,1.1132264025370915,0,14
0.679,-0.09799999999999998,0.8636666666666674,0.24003610839484804,0.8498679184124278,1.1083333333333334,0.3081724625378971,1.0500008516467372,1.4626666666666666,0.52978097246681,1.166933940227105,1.0451249999999999,0.5807910132629074,1.0784882903341242,0,15
0.518,-0.16100000000000003,0.6580000000000007,0.1307707918459289,0.6839339592062139,0.972,0.3633158405575034,0.898000608319098,1.3884166666666664,0.5962538291599297,1.0670979494229351,1.0465,0.5794447867308528,1.0336492271073943,0,16
0.515,-0.0030000000000000027,0.5706666666666672,0.09383140909815424,0.5994669796031069,0.8313333333333333,0.34651099068669117,0.78857186308507,1.27075,0.6191889306327928,0.9821598033578681,1.0475416666666668,0.5784224407191809,0.9921572889388027,0,17
0.519,0.0040000000000000036,0.517333333333334,0.0020816660023953663,0.5592334898015534,0.6905,0.2429664585904931,0.71155133077505,1.161,0.626565240018946,0.9109044489951192,1.048875,0.5771095376774318,0.9543047058236985,0,18
0.523,0.0040000000000000036,0.5190000000000007,0.004000000001523099,0.5411167449007768,0.5885000000000001,0.11244154036656566,0.6576795219821786,0.9852500000000001,0.4462948729666996,0.8512268414574086,1.050625,0.5753737395966116,0.9198003293578026,0,19
0.523,0.0,0.5216666666666673,0.0023094010793928894,0.5320583724503885,0.5461666666666667,0.06514726906534739,0.6191996585586991,0.8794166666666667,0.3834978862886697,0.800730404310115,1.0494166666666669,0.5764957797399468,0.8880563030091785,0,20
0.532,0.009000000000000008,0.5260000000000006,0.005196152423874805,0.5320291862251942,0.5216666666666666,0.00592171146484015,0.5942854703990708,0.8150000000000001,0.3702038750349699,0.7593872651854819,1.048125,0.5776665438378472,0.8595717987684443,0,21
0.537,0.0050000000000000044,0.5306666666666673,0.007094598885451078,0.5345145931125972,0.5248333333333334,0.008207719943614822,0.5779181931421934,0.7484166666666666,0.3384728962784906,0.7251738397723309,1.050125,0.5757264078875735,0.8337660548669688,0,22
0.532,-0.0050000000000000044,0.5336666666666673,0.0028867513480423136,0.5332572965562986,0.5276666666666667,0.006976149845925485,0.564798709387281,0.6795,0.28239768863333975,0.6954547874996646,1.0526666666666666,0.5731876289410063,0.8096247704776113,0,23
0.529,-0.0030000000000000027,0.5326666666666672,0.004041451885824032,0.5311286482781493,0.5293333333333333,0.005537749242499384,0.5545705067052007,0.6099166666666667,0.18420367103898985,0.6698463586535623,1.0485,0.5767536585134886,0.7871747888394024,0,24
0.528,-0.0010000000000000009,0.5296666666666673,0.0020816660023764834,0.5295643241390746,0.5301666666666668,0.00470814896459328,0.5469789333608577,0.5593333333333333,0.0817616639811565,0.6480238419376296,1.0340416666666667,0.5855740757482386,0.7664408057322503,0,25
0.52,-0.008000000000000007,0.5256666666666673,0.004932882863547046,0.5247821620695373,0.5296666666666667,0.005680375574977588,0.539270666686327,0.5379166666666667,0.04492308241128526,0.6283278662549173,1.016375,0.5947331014467916,0.7467255412736702,0,26
0.518,-0.0020000000000000018,0.5220000000000007,0.005291502623278786,0.5213910810347686,0.5273333333333333,0.007201851614189729,0.5331933333473764,0.5245000000000001,0.006947857746851793,0.6113543483695455,0.9935833333333334,0.603209453612536,0.7284274979717766,0,27
0.505,-0.013000000000000012,0.514333333333334,0.008144527815997017,0.5131955405173843,0.5219999999999999,0.009939818912140866,0.5251380952481259,0.5234166666666668,0.008815877549481715,0.594992140928077,0.9559166666666666,0.6043649140009371,0.7105532981340346,0,28
0.582,0.07699999999999996,0.5350000000000006,0.04121892769119643,0.547597770258692,0.5303333333333333,0.026748208662876825,0.5413843537486613,0.529,0.018688839644838782,0.5929933500160651,0.8998750000000001,0.5718902534197615,0.7002690342833119,1,0
0.722,0.14,0.6030000000000005,0.11001363551856491,0.634798885129346,0.5625,0.08258752932498982,0.5929888241061867,0.5459166666666667,0.058431713576729515,0.6128405269366705,0.8534583333333333,0.5367351366214579,0.702007511540647,0,1
0.721,-0.0010000000000000009,0.6750000000000006,0.08054191455392153,0.6778994425646729,0.5946666666666666,0.10181093588938588,0.6295634457901333,0.5624166666666667,0.07652623832067659,0.6294804458694904,0.7738333333333333,0.38039552261190596,0.7035269106173953,0,2
0.612,-0.10899999999999999,0.6850000000000006,0.063221831672383,0.6449497212823365,0.61,0.09501789305181385,0.6245453184215238,0.5698333333333333,0.0766714754749966,0.6267911465049534,0.724625,0.31329189230269766,0.6962047577680036,0,3
0.62,0.008000000000000007,0.6510000000000006,0.06075360071642948,0.6324748606411683,0.627,0.08371857619433035,0.6232466560153742,0.5771666666666667,0.07693188644192356,0.6257463547349605,0.6960833333333333,0.28832739794510226,0.6901083771465634,0,4
0.642,0.02200000000000002,0.6246666666666673,0.015534906930678258,0.6372374303205841,0.6498333333333333,0.05874833330974172,0.6286047542966958,0.5859166666666668,0.0779130731629478,0.6282469155449666,0.6671666666666667,0.2541323973095814,0.6862597069748383,0,5
0.616,-0.026000000000000023,0.6260000000000006,0.01400000000041051,0.626618715160292,0.6555,0.05216799785314581,0.6250033959262113,0.5929166666666666,0.07638712210994944,0.6263627746918947,0.6362083333333334,0.20709144780415034,0.6806389304168512,0,6
0.638,0.02200000000000002,0.6320000000000006,0.014000000000409166,0.632309357580146,0.6415,0.040781123084165545,0.6287167113758653,0.602,0.07455443404896556,0.6281531170469878,0.6059583333333334,0.13748659354930887,0.6772278159835031,0,7
0.484,-0.15400000000000003,0.5793333333333339,0.08329065573847474,0.558154678790073,0.602,0.059059292240984086,0.5873690795541895,0.5983333333333333,0.07944618914519992,0.6059757144243744,0.5788333333333334,0.08131776995307077,0.6617695907048229,1,0
0.634,0.15000000000000002,0.5853333333333339,0.08778002810061683,0.5960773393950365,0.6056666666666667,0.06047037842342828,0.600692199681564,0.6078333333333333,0.0759674970369469,0.6102871429744706,0.5728749999999999,0.07071394456906868,0.6595480234484371,1,0
0.557,-0.07699999999999996,0.5583333333333339,0.07500888836228174,0.5765386696975183,0.5951666666666667,0.06290442485765725,0.5882087140582599,0.6110833333333333,0.0725314456360725,0.6020891209783983,0.5677916666666667,0.06704312639709607,0.6513441815725622,0,1
0.552,-0.0050000000000000044,0.5810000000000005,0.045967379738372866,0.5642693348487592,0.5801666666666667,0.06017446856161412,0.5778633671844714,0.615,0.06736737813186422,0.5943831023663371,0.5692083333333333,0.0663003568530075,0.6433966470467573,0,2
0.556,0.0040000000000000036,0.5550000000000006,0.0026457513133197825,0.5601346674243797,0.5701666666666667,0.057973844677343185,0.5716166908460509,0.6128333333333333,0.06892529992459161,0.588478009694593,0.5709166666666666,0.06536447424059334,0.6364049152830167,0,3
0.557,0.0010000000000000009,0.5550000000000007,0.0026457513133197825,0.5585673337121899,0.5566666666666668,0.047504385762503556,0.567440493461465,0.5990833333333333,0.06119188646948943,0.5836352389723479,0.5725,0.06450682471473995,0.6300525220603754,0,4
0.529,-0.028000000000000025,0.5473333333333339,0.015885003410302263,0.5437836668560949,0.5641666666666667,0.035863165876323974,0.5564574953296179,0.5830833333333334,0.050600859377038794,0.5752298175919868,0.57275,0.06431799396608748,0.6219683202955455,0,5
0.51,-0.019000000000000017,0.5320000000000006,0.02364318083532919,0.5268918334280475,0.5435000000000001,0.019623964941013386,0.5431839252354413,0.5745833333333333,0.053769640527179585,0.5651944610393734,0.5722083333333333,0.06480806388809274,0.613010854671902,0,6
0.514,0.0040000000000000036,0.5176666666666673,0.010016652801485183,0.5204459167140237,0.5363333333333333,0.021472462985712853,0.5348456608824581,0.5657500000000001,0.05433419315175667,0.5573183901102391,0.5714583333333333,0.06539510629650969,0.6050899862981499,0,7
0.635,0.121,0.5530000000000007,0.07104224095572957,0.5777229583570118,0.5501666666666667,0.04614506112979775,0.563461186344613,0.5651666666666667,0.05347188442761559,0.5692694070163562,0.5755416666666666,0.06620454415417615,0.607482787394298,1,0
0.531,-0.10399999999999998,0.5600000000000006,0.06550572494074006,0.5543614791785059,0.5459999999999999,0.046639039441289054,0.5541865616747236,0.5580833333333334,0.05172735926922563,0.5633818059369168,0.5755,0.06623344748095923,0.6013641644027541,1,0
0.524,-0.007000000000000006,0.5633333333333339,0.06216376222000409,0.5391807395892529,0.5405000000000001,0.04702658822417517,0.5455618297676597,0.5485833333333333,0.04585046511773881,0.5573230665620065,0.5752916666666666,0.06639373933725978,0.5951750312505337,0,1
0.499,-0.025000000000000022,0.5180000000000007,0.016822603841622753,0.5190903697946265,0.5355,0.049994999750036455,0.5322584498340426,0.5498333333333334,0.044100779901001995,0.5483502870909286,0.5740833333333334,0.06754574402749199,0.587481028750491,0,2
0.461,-0.03799999999999998,0.49466666666666725,0.031722757341468136,0.4900451848973133,0.5273333333333333,0.058304945473543104,0.5118988927386018,0.5354166666666667,0.042326562331303184,0.5349117813846319,0.5716249999999999,0.07060410906871409,0.5773625464504518,0,3
0.447,-0.014000000000000012,0.4690000000000006,0.026907248094379874,0.4685225924486567,0.5161666666666668,0.06711904846370266,0.49335635195614413,0.52625,0.04866420188857872,0.5213868919408424,0.5686666666666668,0.0743374600790883,0.5669335427344158,0,4
0.45,0.0030000000000000027,0.4526666666666673,0.007371114796688041,0.4592612962243283,0.48533333333333334,0.03762268819041187,0.4809688228258172,0.51775,0.052513418198655515,0.5104042931807128,0.566375,0.07717896339871305,0.5575788593156625,0,5
0.453,0.0030000000000000027,0.4500000000000006,0.00300000000210633,0.4561306481121642,0.47233333333333344,0.03169647719657492,0.47297773058986947,0.5091666666666667,0.054087191112332914,0.5015728634606031,0.561,0.08046549354952982,0.5492125505704096,0,6
0.452,-0.0010000000000000009,0.45166666666666727,0.0015275252357849494,0.45406532405608213,0.4603333333333334,0.01951068083571222,0.46698409327847823,0.5004166666666667,0.05413864076831071,0.4939462690820488,0.54975,0.07571126502819354,0.5414355465247769,0,7
0.598,0.14599999999999996,0.5010000000000007,0.08400595217014256,0.5260326620280411,0.4768333333333334,0.05954298167435838,0.5044172094846273,0.5061666666666667,0.0607151820661942,0.5099545353771182,0.544625,0.06731225904236707,0.5459607028027947,1,0
0.703,0.10499999999999998,0.5843333333333339,0.1260568654748524,0.6145163310140205,0.5171666666666667,0.10850514580734343,0.5611551496318766,0.52225,0.08321617521960267,0.5396538376267923,0.5484166666666667,0.07354674152130222,0.5585238465785711,0,1
0.7,-0.0030000000000000027,0.6670000000000006,0.05977457653560702,0.6572581655070102,0.5593333333333333,0.12385744493841591,0.6008251068799119,0.53775,0.09761624771614423,0.5643224779919012,0.5517500000000001,0.07857328343375168,0.5698419388522855,0,2
0.719,0.019000000000000017,0.7073333333333339,0.010214368964561658,0.6881290827535052,0.6041666666666666,0.12504625810744038,0.6345893620570799,0.54475,0.10771353000181717,0.5881190198393009,0.5549583333333333,0.08381578100168854,0.5817745837441027,0,3
0.732,0.013000000000000012,0.7170000000000005,0.016093476939766687,0.7100645413767526,0.6506666666666666,0.10835066528024859,0.6624209728979142,0.5615,0.12027657521501178,0.6102545552486393,0.5597916666666666,0.09056200334174849,0.5937926170445746,0,4
0.745,0.013000000000000012,0.7320000000000005,0.013000000000411587,0.7275322706883762,0.6995,0.052576610769482474,0.6860149806413673,0.5799166666666667,0.13049796817179785,0.6309846236719254,0.56425,0.09698554352154468,0.6058892076810087,0,5
0.603,-0.14200000000000002,0.6933333333333339,0.07850053078383792,0.6652661353441881,0.7003333333333334,0.05065043599686309,0.6622964147438338,0.5885833333333333,0.1280663594557146,0.6266792969531676,0.5692083333333333,0.09573831142942657,0.605658071066528,1,0
0.505,-0.09799999999999998,0.6176666666666673,0.12067034985175429,0.585133067672094,0.6673333333333332,0.09427760426884228,0.6173545819598812,0.59225,0.12466619064889636,0.6079594051142188,0.5638333333333333,0.09556362172446674,0.5976054253812058,0,1
0.495,-0.010000000000000009,0.534333333333334,0.059676907873525954,0.5400665338360471,0.6331666666666667,0.11495114904459432,0.5823961299713437,0.5962500000000001,0.12027478009653818,0.5905810350966466,0.56125,0.09658888674932417,0.5893969913507093,0,2
0.49,-0.0050000000000000044,0.4966666666666672,0.007637626159058965,0.5150332669180235,0.595,0.11870804522022083,0.555997235693817,0.5995833333333334,0.11634311194465959,0.5751070296971625,0.5586666666666668,0.09767010430708986,0.5814452320426526,0,3
0.494,0.0040000000000000036,0.4930000000000006,0.002645751313376119,0.5045166334590118,0.5553333333333333,0.10242005012043678,0.5382837397812978,0.603,0.11217437723958537,0.5626290251283683,0.5560833333333334,0.09855958986125433,0.5744496134792404,0,4
0.489,-0.0050000000000000044,0.49100000000000055,0.0026457513133785106,0.4967583167295059,0.5126666666666667,0.04461688768474231,0.5242026712723556,0.6060833333333333,0.10808032226360155,0.5513014828009271,0.5532499999999999,0.09950497038053047,0.5676136444009012,0,5
0.481,-0.008000000000000007,0.4880000000000006,0.006557438525237058,0.48887915836475293,0.4923333333333333,0.007941452428427262,0.5118590509088254,0.5963333333333333,0.11399149356885581,0.5404858700623228,0.55125,0.10049107682642565,0.5606845528488291,0,6
0.479,-0.0020000000000000018,0.48300000000000054,0.005291502623290928,0.48393957918237646,0.488,0.006633249581187203,0.502470750649161,0.5776666666666667,0.11327467287593188,0.5310265054373501,0.5499583333333333,0.10124077163166605,0.5541497886209228,0,7
0.486,0.007000000000000006,0.4820000000000006,0.003605551277169842,0.4849697895911882,0.48649999999999993,0.0056833088959095815,0.49776482189225785,0.5598333333333333,0.10903029881919929,0.5240993507546808,0.5487916666666667,0.10183276109327241,0.548697805531249,0,8
0.485,-0.0010000000000000009,0.4833333333333339,0.0037859388988236396,0.4849848947955941,0.4856666666666667,0.00542832079680211,0.4941177299230413,0.5403333333333333,0.09838083085025089,0.5180840660231915,0.5425416666666667,0.10091062733994043,0.5436019810887491,0,9
0.479,-0.006000000000000005,0.4833333333333339,0.0037859388988236396,0.481992447397797,0.4831666666666667,0.0041190613825241905,0.4897983785164581,0.51925,0.07871597389000728,0.5120711327888543,0.5403749999999999,0.10172418484610278,0.5384338226016493,0,10
0.484,0.0050000000000000044,0.48266666666666724,0.0032145502555770075,0.4829962236988985,0.48233333333333334,0.003076794870153794,0.4881416989403272,0.4975,0.034060107297080464,0.5077524969751844,0.5387083333333332,0.10233001989157373,0.5340791167935174,0,11
0.489,0.0050000000000000044,0.4840000000000006,0.0050000000012288244,0.48599811184944924,0.4836666666666667,0.003983298466472307,0.4883869278145194,0.488,0.0075075719351429026,0.5048674974405407,0.5382916666666667,0.10251891836721545,0.530472787450036,0,12
0.485,-0.0040000000000000036,0.4860000000000006,0.0026457513133843783,0.48549905592472464,0.48466666666666663,0.00326598632468013,0.4874192341532282,0.48633333333333334,0.005280036730600835,0.5018109593727652,0.5392916666666666,0.10184706316510901,0.5268349644540331,0,13
0.483,-0.0020000000000000018,0.4856666666666672,0.003055050465313236,0.4842495279623623,0.48416666666666663,0.003250640963410006,0.4861565958237344,0.48533333333333334,0.0045792681694132404,0.498916965623109,0.5407916666666667,0.10068719497473078,0.5233281672977105,0,14
0.495,0.01200000000000001,0.4876666666666673,0.006429100508282461,0.48962476398118115,0.48583333333333334,0.005528712930962702,0.48868328273123884,0.48574999999999996,0.005224505196012308,0.4983143555272461,0.5426666666666666,0.09933284699810545,0.5210619139138937,1,0
0.487,-0.008000000000000007,0.4883333333333339,0.006110100927611056,0.48831238199059057,0.4871666666666666,0.0044007575112689655,0.4882023448080277,0.4851666666666667,0.004569331228581694,0.49657368544613134,0.5440833333333334,0.09823481923503671,0.5183369608007822,0,1
0.479,-0.008000000000000007,0.48700000000000054,0.00800000000076681,0.4836561909952953,0.48633333333333334,0.005465040409090561,0.4855731034343055,0.4843333333333333,0.004716187468721615,0.49387004153134195,0.5452083333333334,0.09728442351150791,0.5151900039367197,0,2
0.587,0.10799999999999998,0.5176666666666673,0.06017751518088298,0.5353280954976476,0.5026666666666667,0.04165413144782811,0.5145522167387897,0.4931666666666667,0.02990540642310435,0.508197727449597,0.54475,0.09705052471687879,0.5209348036217821,1,0
0.636,0.049000000000000044,0.5673333333333339,0.08032641740638681,0.5856640477488237,0.5278333333333333,0.06684434655730331,0.5492515833848498,0.50625,0.05043830614989433,0.5278596155342744,0.5419583333333333,0.09318727248728009,0.5301400193320396,0,1
0.624,-0.01200000000000001,0.6156666666666673,0.02554081700621121,0.6048320238744118,0.5513333333333333,0.07247804265205288,0.5706082738463213,0.51775,0.06019079512832155,0.5426504439136168,0.5387916666666667,0.08876984366846051,0.5376488177854765,0,2
0.616,-0.008000000000000007,0.6253333333333339,0.01006644591425915,0.610416011937206,0.5715,0.0704748181977511,0.583577338461658,0.5286666666666666,0.0653679561938988,0.5539349910038296,0.5345,0.08190291177068797,0.5439169123626384,0,3
0.532,-0.08399999999999996,0.5906666666666672,0.050964039609757435,0.571208005968603,0.5790000000000001,0.06150772309235685,0.5688409560440415,0.5330833333333332,0.06347004781544403,0.5505603770032405,0.5261666666666667,0.07028492736346865,0.5429635593736274,0,4
0.534,0.0020000000000000018,0.5606666666666672,0.047930505248172724,0.5526040029843016,0.5881666666666666,0.04568770804792778,0.5588863971743154,0.53725,0.06156759035252208,0.5480126266950496,0.517375,0.05272472606970755,0.5422464746237372,0,5
0.607,0.07299999999999995,0.5576666666666673,0.04273562136374212,0.5798020014921508,0.5915,0.046310905843073374,0.5726331408387967,0.5470833333333333,0.0625757117176265,0.5570876072035035,0.5175416666666667,0.05301269672906689,0.5474267566538382,0,6
0.542,-0.06499999999999995,0.5610000000000005,0.040037482438482284,0.5609010007460754,0.5758333333333333,0.044092705368039345,0.5638808148848549,0.5518333333333334,0.05952361385247383,0.5547664368645029,0.5190833333333333,0.05316988087140437,0.5469926161215312,0,7
0.512,-0.030000000000000027,0.5536666666666673,0.048562674281233294,0.5364505003730378,0.5571666666666667,0.04332397334816821,0.5490577249177535,0.55425,0.05701056520902381,0.5481869850391947,0.5197916666666667,0.052947865389179206,0.5441932068318087,0,8
0.667,0.15500000000000003,0.5736666666666673,0.08220908303432801,0.6017252501865189,0.5656666666666667,0.05925087903713128,0.5827555177983954,0.5685833333333333,0.06215005058627563,0.5664659104177802,0.5271666666666667,0.06041786855372366,0.554017750285264,1,0
0.599,-0.06800000000000006,0.5926666666666672,0.07769384360002354,0.6003626250932594,0.5768333333333333,0.05793588410193396,0.5873967984274253,0.5779166666666666,0.05697919609714262,0.5714711549688909,0.5315416666666667,0.06169981972111857,0.5576163302624428,0,1
0.905,0.30600000000000005,0.7236666666666673,0.1606777312926222,0.7526813125466297,0.6386666666666667,0.1412100090881398,0.6781405703053038,0.6134166666666666,0.1034798692177915,0.622783284973677,0.548875,0.09735828608578037,0.5854070238414475,1,0
1.498,0.593,1.0006666666666673,0.45707147508167945,1.1253406562733148,0.7871666666666667,0.3754567440687036,0.9123861216466456,0.6893333333333334,0.2747591783009334,0.7574320103623421,0.5912499999999999,0.21580430950283563,0.6584144619341317,0,1
0.614,-0.884,1.0056666666666672,0.4505156305094667,0.8696703281366573,0.7991666666666667,0.3671116542234419,0.8271329440333183,0.6875,0.2752204075414299,0.7353655472296741,0.5968749999999999,0.21450677753556266,0.6548613049794012,1,0
0.598,-0.016000000000000014,0.9033333333333339,0.5150585727209509,0.7338351640683287,0.8134999999999999,0.3551409579307986,0.7616663885952273,0.6853333333333333,0.2758673374627484,0.7142323861174165,0.6015416666666666,0.21320412329127583,0.6503124005810491,0,1
2.064,1.4660000000000002,1.0920000000000007,0.8418147064526781,1.3989175820341644,1.0463333333333333,0.607889024959878,1.133761706139448,0.806,0.4822598318899716,0.9218889420993523,0.6673333333333332,0.36515662710518715,0.7634074085345652,1,0
2.279,0.21499999999999986,1.647000000000001,0.9147988850015093,1.8389587910170822,1.3263333333333331,0.7343848219201361,1.460972647242463,0.9515833333333333,0.6323577034808018,1.130675258699452,0.7423333333333334,0.4887341828123667,0.8846548158518001,0,1
1.31,-0.9689999999999999,1.884333333333334,0.5088716275578118,1.5744793955085412,1.3938333333333333,0.7059763216048183,1.4178376051731878,1.01625,0.6254121731815228,1.1582636804379978,0.7767499999999999,0.49873258932234477,0.9186824305836561,0,2
2.883,1.573,2.157333333333334,0.7935265170952603,2.2287396977542704,1.6246666666666665,0.9358499167423531,1.8364554322665627,1.2059166666666667,0.8083728278386637,1.4236077296013827,0.8765000000000001,0.6539370399158548,1.0758278361369635,0,3
2.079,-0.8039999999999998,2.0906666666666673,0.7865648945467468,2.153869848877135,1.8688333333333331,0.8007924616694816,1.9057538801904021,1.3340000000000003,0.8153503429926188,1.5244373096627084,0.9429166666666666,0.6922691055454889,1.1560816092460064,0,4
2.133,0.053999999999999826,2.3650000000000007,0.4494129504142039,2.1434349244385675,2.1246666666666667,0.5036676152649354,1.9706813429931445,1.4690833333333335,0.8009372303555982,1.6180623389453688,1.0116666666666667,0.7257313352849598,1.234235080506326,0,5
2.965,0.8319999999999999,2.3923333333333345,0.49667829964005167,2.5542174622192837,2.2748333333333335,0.605901779719012,2.254772387852246,1.6605833333333333,0.8639690081071756,1.8252835175691582,1.1145833333333333,0.8184858723205944,1.3726962740658202,0,6
2.245,-0.7199999999999998,2.447666666666667,0.4515100589503324,2.399608731109642,2.2691666666666666,0.6060139987382026,2.2519802770373185,1.79775,0.8090215330317796,1.88985528409698,1.1878333333333333,0.8383043790199697,1.4424805721405547,0,7
1.88,-0.3650000000000002,2.3633333333333337,0.5520944967424809,2.139804365554821,2.3641666666666663,0.4502365674472319,2.145700197883799,1.8790000000000002,0.7586002660402669,1.8883390865435985,1.2462083333333334,0.8355735847785697,1.4774821263693105,0,8
1.113,-0.7669999999999999,1.7460000000000007,0.577774177339213,1.6264021827774104,2.069166666666667,0.5979372598079727,1.8506429984884278,1.8469166666666668,0.7838982376365551,1.7690561501522757,1.268125,0.8243541510202684,1.4483235562597658,0,9
0.844,-0.269,1.2790000000000006,0.5375788314284778,1.2352010913887053,1.8633333333333333,0.779022122065008,1.56303071320602,1.8660833333333333,0.7532240350451497,1.6267398193596179,1.2767916666666668,0.8184920375786864,1.3999776717589847,0,10
0.878,0.03400000000000003,0.9450000000000007,0.14648208081540368,1.0566005456943526,1.6541666666666668,0.8567420654238177,1.3673076522900143,1.8894166666666667,0.7136685579497395,1.5115490779196767,1.287375,0.8112947683098641,1.358219458018266,0,11
0.83,-0.04800000000000004,0.8506666666666675,0.024684678108991703,0.9433002728471762,1.2983333333333333,0.6117674939604677,1.213791180207153,1.7865833333333334,0.7726894540656307,1.406695373624342,1.2962916666666666,0.8047446518679976,1.315961901376805,0,12
0.689,-0.14100000000000001,0.7990000000000007,0.0982395032561323,0.8161501364235881,1.039,0.4342543033753441,1.0638508430051092,1.6540833333333333,0.8157026483995625,1.2962807007590587,1.3028333333333333,0.7988784348217118,1.2658049492666605,0,13
0.561,-0.1279999999999999,0.6933333333333341,0.13455234421349116,0.6885750682117942,0.8191666666666667,0.1866155584796539,0.9201791735750781,1.5916666666666668,0.8711938865021881,1.183160592949973,1.3039583333333333,0.797766909358032,1.2094205533253277,0,14
0.568,0.006999999999999895,0.6060000000000006,0.0719652694013799,0.6282875341058971,0.7283333333333334,0.14238632893179576,0.8195565525536271,1.39875,0.8136626646333119,1.0885205017269002,1.3023333333333333,0.7992865659403724,1.1581069090593015,0,15
0.564,-0.0040000000000000036,0.5643333333333341,0.003511884586209533,0.5961437670529486,0.6816666666666666,0.14277908343547302,0.7465403946811623,1.2725,0.8160500764491888,1.0078250399227617,1.30325,0.7983887714859109,1.1105783563345575,0,16
0.561,-0.0029999999999998916,0.5643333333333341,0.003511884586209533,0.5785718835264744,0.6288333333333332,0.11062986335829045,0.6935288533436873,1.1415,0.7911530710413638,0.9390827260884906,1.3052916666666665,0.7963374027747099,1.066612087827793,0,17
0.561,0.0,0.5620000000000007,0.0017320508114780247,0.5697859417632372,0.584,0.05151310512876864,0.6556634666740624,0.9411666666666667,0.5572156157397617,0.8809161528441074,1.300875,0.8003154439235871,1.0261631208015696,0,18
0.557,-0.0040000000000000036,0.5596666666666674,0.002309401079694535,0.5633929708816185,0.562,0.0036878177839586466,0.6274739047671875,0.8005,0.3844167955842616,0.8310828985603986,1.299125,0.8019611457843987,0.988630071137444,0,19
0.561,0.0040000000000000036,0.5596666666666675,0.002309401079694535,0.5621964854408092,0.5619999999999999,0.0036878177839586466,0.6084813605479911,0.6905833333333334,0.1840451813764163,0.7895316833972603,1.2847916666666668,0.8123187947323155,0.9544196654464486,0,20
0.545,-0.016000000000000014,0.5543333333333341,0.008326663998681476,0.5535982427204047,0.5581666666666667,0.006823977335423061,0.5903438289628508,0.64325,0.1308962983017093,0.7519114244130665,1.2450833333333333,0.8246425795809784,0.9216660922107327,1,0
0.54,-0.0050000000000000044,0.5486666666666674,0.010969655115225118,0.5467991213602024,0.5541666666666667,0.009304120951190833,0.5759598778306076,0.6179166666666667,0.11721422372060218,0.7193096668110562,1.242,0.8272390433137256,0.8911328048338741,0,1
0.546,0.006000000000000005,0.5436666666666674,0.003214550255793946,0.5463995606801012,0.5516666666666667,0.009114091653829282,0.5673999127361483,0.59025,0.08499959892952985,0.6926466411478168,1.2398333333333333,0.8290651973453442,0.8635221804471643,0,2
0.548,0.0020000000000000018,0.5446666666666674,0.004163332000575594,0.5471997803400506,0.5495,0.007918333158420688,0.5618570805258203,0.56675,0.03948791529752559,0.6703933117404604,1.1766666666666667,0.8212570252054312,0.8382804060113912,0,3
0.549,0.0010000000000000009,0.5476666666666675,0.001527525236122883,0.5480998901700254,0.5481666666666667,0.007026141663417962,0.5581836289470146,0.5550833333333334,0.008989471956666844,0.6517174176265433,1.1045833333333333,0.7958253531734345,0.8151379735304799,0,4
0.55,0.0010000000000000009,0.5490000000000008,0.0010000000068240776,0.5490499450850127,0.5463333333333334,0.003614784457533587,0.5558454492478675,0.5541666666666667,0.00889160312090564,0.6360685841455367,1.0729166666666667,0.8023897413984351,0.7939269356480416,0,5
0.613,0.06299999999999994,0.5706666666666674,0.036665151484029115,0.5810249725425063,0.5576666666666668,0.027339836624866137,0.5721753208913339,0.5579166666666667,0.018999800636888785,0.6325195712000695,0.9783333333333334,0.7079821704133419,0.7794527807961983,1,0
0.578,-0.03500000000000003,0.5803333333333341,0.03156474826997236,0.5795124862712531,0.564,0.026825361134711224,0.5738395149223814,0.5590833333333334,0.0198194501956967,0.6241319448615973,0.9157916666666667,0.6719024242802081,0.7633365583325024,0,1
0.531,-0.04699999999999993,0.5740000000000007,0.04114608122304532,0.5552562431356265,0.5615,0.029412582341706864,0.5615996535159867,0.5565833333333333,0.021385884611237256,0.6098039533444285,0.8490416666666668,0.6235574991210853,0.7447496336659022,0,2
0.561,0.030000000000000027,0.5566666666666674,0.02379775899842081,0.5581281215678133,0.5636666666666666,0.02868913847912383,0.5614283239399905,0.5565833333333333,0.021385884611237256,0.602295652829901,0.7488750000000001,0.43277861721870675,0.7300496629726301,0,3
0.543,-0.018000000000000016,0.5450000000000008,0.015099668870994589,0.5505640607839066,0.5626666666666668,0.02939841265569194,0.5561630885285647,0.5554166666666667,0.021740027320081286,0.593173244702224,0.6779583333333333,0.2942294991811702,0.7150856899348197,0,4
0.539,-0.0040000000000000036,0.5476666666666674,0.01171893055474748,0.5447820303919533,0.5608333333333334,0.030662137346805358,0.5512593489489748,0.5535833333333334,0.022150141938097796,0.5848388993634204,0.6220833333333334,0.1460508894832098,0.7009988347400342,0,5
0.598,0.05899999999999994,0.5600000000000008,0.032969683043874626,0.5713910151959767,0.5583333333333333,0.02578113005037536,0.5646138206778392,0.558,0.025337718918622007,0.5868636840767403,0.600625,0.1019675193382485,0.6927589279608315,1,0
0.705,0.10699999999999998,0.6140000000000007,0.08414867794572352,0.6381955075979884,0.5795,0.06596893208175807,0.6047241576270279,0.5717500000000001,0.04869034811951042,0.6050385019110879,0.5948333333333333,0.09088868809254792,0.693738213723965,0,1
0.641,-0.06399999999999995,0.6480000000000007,0.05384236250400624,0.6395977537989942,0.5978333333333333,0.06507354813343282,0.6150886840193056,0.5796666666666667,0.051749981701056935,0.6105710400786128,0.5849583333333334,0.06903211550438322,0.6895191566260479,0,2
0.6,-0.041000000000000036,0.6486666666666675,0.05291817583161901,0.6197988768994971,0.6043333333333333,0.06255770669289412,0.6107776314423611,0.584,0.051029403288683745,0.6089447262203647,0.5753750000000001,0.04548369272985427,0.6823576240959641,0,3
0.569,-0.031000000000000028,0.603333333333334,0.03611555528226774,0.5943994384497485,0.6086666666666666,0.05820881949218825,0.5988411653159722,0.5856666666666667,0.050100505047950716,0.6027993837249239,0.570375,0.0385112208379679,0.673289014168287,0,4
0.545,-0.02399999999999991,0.571333333333334,0.02757414247708904,0.5696997192248743,0.6096666666666666,0.056807276529280575,0.5834579752256944,0.5852499999999999,0.05044371300585744,0.5939071708441664,0.5697083333333334,0.03881783450114478,0.6630258930348241,0,5
0.535,-0.010000000000000009,0.5496666666666674,0.0174737898964989,0.5523498596124372,0.5991666666666666,0.06467276603543559,0.5696128394469246,0.57875,0.051556015432458004,0.5848445291758332,0.5683333333333334,0.03946012480050339,0.6527838215920381,0,6
0.56,0.025000000000000022,0.5466666666666674,0.012583057392661526,0.5561749298062186,0.575,0.03934971410325138,0.5668663138906604,0.57725,0.051840884181564566,0.5810222939180127,0.5681666666666667,0.03948766088684895,0.645361115864675,0,7
0.53,-0.030000000000000027,0.5416666666666674,0.01607275126874844,0.5430874649031093,0.5565000000000001,0.025913317039848307,0.5563330813504718,0.5771666666666667,0.05192272813488151,0.5731727102383185,0.566875,0.04023227397949502,0.6361322265955011,0,8
1.11,0.5800000000000001,0.7333333333333342,0.3265475973473783,0.8265437324515548,0.6415000000000001,0.2299902171832693,0.7145236295360513,0.6229166666666667,0.1618610281205504,0.655761524047808,0.58975,0.11788360139670363,0.674041648467861,1,0
2.281,1.171,1.3070000000000008,0.8919680487551152,1.5537718662257776,0.9268333333333333,0.70124044853864,1.1620883068114654,0.76775,0.5026585909848836,0.9057982126558375,0.6615833333333333,0.3644551522080746,0.8025983165904321,0,1
1.542,-0.7390000000000001,1.644333333333334,0.5921691762776394,1.5478859331128887,1.0930000000000002,0.7107258261805363,1.2706345048653325,0.8513333333333334,0.5429401998434634,1.0036754107087855,0.7024583333333334,0.40539577861496917,0.8617504512631976,0,2
1.396,-0.14600000000000013,1.7396666666666674,0.47445793631610517,1.4719429665564443,1.2365000000000002,0.6606886558735554,1.3064532177609518,0.9178333333333333,0.5577586368400731,1.064033039830511,0.7379166666666666,0.4276316900310795,0.9044904151621418,0,3
1.364,-0.031999999999999806,1.4340000000000008,0.09488940931424465,1.4179714832782222,1.3704999999999998,0.5715619826405574,1.322895155543537,0.97275,0.5672596206964909,1.1101818029335093,0.77225,0.4438224527502121,0.9412511819491705,0,4
1.663,0.29899999999999993,1.4743333333333342,0.16417165813056553,1.5404857416391111,1.5593333333333332,0.3996456764018233,1.4200679682453836,1.0579166666666666,0.5892186595720458,1.1952307563283542,0.8187916666666667,0.47643430854873986,0.9989910873932368,0,5
1.458,-0.20500000000000007,1.495000000000001,0.1528953890737251,1.4992428708195555,1.617333333333333,0.34256892250563337,1.4309056916038454,1.1294166666666667,0.5805950643847039,1.2356567938162997,0.8567083333333335,0.48996525867671686,1.035711800401778,0,6
1.028,-0.42999999999999994,1.383000000000001,0.32407560846198646,1.2636214354097777,1.4085,0.2153877898117827,1.3157897797170324,1.1676666666666666,0.5548676063765665,1.2037095947676382,0.8766666666666666,0.486630532706607,1.0350948563696358,0,7
1.88,0.8519999999999999,1.4553333333333338,0.42600625973492384,1.5718107177048888,1.4648333333333332,0.2889321142875453,1.4769926997978802,1.2789166666666667,0.5525021527450173,1.3077542724956939,0.9320833333333334,0.5222391520022751,1.102687267860065,1,0
1.008,-0.8719999999999999,1.3053333333333341,0.4977763888869587,1.2899053588524443,1.4001666666666666,0.3453337033460119,1.3429947855699145,1.3183333333333334,0.5098292643502121,1.2616382305732794,0.9485416666666667,0.5179526568231333,1.09511228643126,1,0
1.996,0.988,1.6280000000000008,0.5400592560080834,1.6429526794262221,1.5054999999999998,0.4203368886976306,1.5295677039785103,1.438,0.4835010576278738,1.3746169643312363,1.007625,0.5535031371420444,1.1671833035167591,1,0
1.7,-0.29600000000000004,1.5680000000000007,0.507054237730053,1.6714763397131112,1.5116666666666667,0.4233701296344263,1.5782626456989357,1.5354999999999999,0.3933089232281782,1.4246758928956613,1.0563333333333333,0.5611201271576767,1.2098086392354186,0,1
1.963,0.2630000000000001,1.886333333333334,0.16221076824100003,1.8172381698565556,1.5958333333333332,0.4592447785948912,1.6881876040706683,1.6065833333333333,0.3864386246301741,1.507494986296329,1.1147500000000001,0.5799727317428084,1.2700639480965852,0,2
2.029,0.06599999999999984,1.897333333333334,0.17405267401949134,1.9231190849282778,1.7626666666666668,0.38800189002976526,1.7855625743361916,1.5855833333333333,0.35174744512436057,1.5877265268661245,1.1766666666666667,0.5953960805662241,1.3307788322488585,0,3
2.373,0.3440000000000003,2.1216666666666675,0.22014843477375282,2.148059542464139,1.844833333333333,0.4628085637352336,1.9534018388115655,1.6548333333333334,0.4179568993293086,1.7085378304251821,1.2530833333333333,0.6268577896188223,1.41415652566895,0,4
2.543,0.16999999999999993,2.315000000000001,0.2618625593703656,2.3455297712320693,2.1006666666666667,0.30509058764024316,2.1218584562939755,1.7504166666666665,0.47994118168666056,1.836916625744385,1.334125,0.6631607656420542,1.504464003615434,0,5
2.211,-0.3320000000000003,2.3756666666666675,0.16601606347980621,2.278264885616035,2.1365000000000003,0.30295725771138426,2.147327468781411,1.8209999999999997,0.4802285440761043,1.8944679140914027,1.3968749999999999,0.67223186427588,1.5609868833261993,0,6
1.503,-0.708,2.0856666666666674,0.5312074296669178,1.8906324428080175,2.103666666666667,0.36420799917995883,1.9632339062724364,1.8076666666666668,0.48718492537757346,1.834242081154264,1.4327916666666667,0.6528384831985066,1.5563479326601033,0,7
1.35,-0.1529999999999998,1.6880000000000006,0.4593462746120872,1.6203162214040088,2.0015,0.47934027579580946,1.788024218766026,1.7986666666666666,0.4951639459142129,1.7597432994382232,1.4640416666666667,0.6287472347016143,1.5398400980472953,0,8
1.303,-0.04700000000000015,1.3853333333333342,0.10457692543452786,1.4616581107020044,1.8804999999999998,0.5564414614314818,1.6494458705471615,1.8215833333333336,0.4614716495445128,1.6894750995246504,1.4946249999999999,0.6005366304941081,1.5208928902035117,0,9
1.309,0.006000000000000005,1.3206666666666673,0.025579940057383507,1.385329055351002,1.703166666666667,0.5373097492756582,1.552175621819401,1.7739999999999998,0.48379898154652495,1.6309404688285505,1.5264583333333335,0.5673418553192608,1.5039414589872309,0,10
1.257,-0.052000000000000046,1.2896666666666672,0.0284487843912457,1.321164527675501,1.4888333333333332,0.36376388862374937,1.4678397298710006,1.7947499999999998,0.4522712631314814,1.5734111659318506,1.5565416666666667,0.5304249304888089,1.4841861422682525,0,11
0.884,-0.3729999999999999,1.1500000000000006,0.23182536530761128,1.1025822638377505,1.2676666666666665,0.2061219703638418,1.3010283784792862,1.7020833333333334,0.5166290137795089,1.467347909634643,1.5700416666666668,0.5075905127395391,1.4361712508867925,0,12
0.816,-0.06800000000000006,0.9856666666666674,0.23742858575441617,0.9592911319188753,1.1531666666666667,0.2376513552805305,1.1624488417709187,1.6284166666666666,0.5765082130351393,1.367140538921621,1.5819583333333334,0.4849648556667626,1.3865575508158492,0,13
0.851,0.03500000000000003,0.8503333333333339,0.03400490160761152,0.9051455659594376,1.07,0.24226101626140056,1.073463458407799,1.53575,0.6064325076738847,1.2877343021644485,1.5711666666666668,0.4986133525712269,1.3437129467505813,0,14
0.851,0.0,0.8393333333333342,0.020207259421886812,0.8780727829797188,0.9946666666666667,0.22497703586516013,1.009902470291285,1.4375833333333334,0.6146182049685703,1.220544409523764,1.5115833333333333,0.49553325836408507,1.3042959110105348,0,15
0.86,0.009000000000000008,0.8540000000000006,0.005196152423666481,0.8690363914898593,0.9198333333333334,0.1666150253328728,0.9670731930652036,1.3114999999999999,0.5578485457541315,1.1650760388278003,1.4831666666666667,0.5129615348463114,1.268752238129692,0,16
0.818,-0.04200000000000004,0.8430000000000007,0.022113344387723614,0.8435181957449296,0.8466666666666667,0.025966645271851062,0.9244808521894311,1.16775,0.41583718951269516,1.111679725161985,1.4590833333333333,0.5305004951574674,1.2326920590793167,0,17
0.814,-0.0040000000000000036,0.8306666666666674,0.02548201980502144,0.8287590978724648,0.835,0.021109239683312186,0.8929148944210222,1.0513333333333332,0.26564854886701383,1.0658828443678334,1.4361666666666666,0.5464269446111719,1.1991966943529715,0,18
0.828,0.014000000000000012,0.8200000000000007,0.007211102551639432,0.8283795489362324,0.8369999999999999,0.01945250626545367,0.8743677817293016,0.9950833333333332,0.23044757176705485,1.029285483695859,1.401375,0.5578201995266926,1.1695009588047338,0,19
0.837,0.009000000000000008,0.8263333333333339,0.011590225767582809,0.8326897744681162,0.8346666666666666,0.01823915202727883,0.8636912726637869,0.9523333333333333,0.20477496887751276,0.9997031015888037,1.3755,0.569362801735413,1.142900882100355,0,20
0.846,0.009000000000000008,0.8370000000000006,0.00900000000056198,0.8393448872340581,0.8338333333333333,0.01744037461392938,0.8586366233312763,0.91425,0.17378049111136568,0.9760564705751417,1.3679166666666667,0.575372689553525,1.1191488115323267,0,21
0.837,-0.009000000000000008,0.8400000000000007,0.0051961524236774845,0.838172443617029,0.83,0.012312595177603343,0.8524547309509116,0.8749166666666666,0.12201747887705848,0.9546631674097352,1.3244583333333333,0.5744014638444662,1.0965769066097406,0,22
0.832,-0.0050000000000000044,0.8383333333333342,0.0070945988853097,0.8350862218085144,0.8323333333333333,0.010819735055637844,0.846610522107794,0.8395,0.020389391180843444,0.9357919108851606,1.3171249999999999,0.5797162208694262,1.0754107540809614,0,23
0.821,-0.01100000000000001,0.8300000000000006,0.008185352772494235,0.8280431109042572,0.8335,0.008596510920572798,0.8392932300769956,0.8342499999999999,0.015386682553369682,0.9181316169028282,1.2681666666666667,0.569415158902891,1.0550578937544846,0,24
0.83,0.009000000000000008,0.8276666666666674,0.005859465277952695,0.8290215554521285,0.8338333333333333,0.00837655458253527,0.8366380214835683,0.8354166666666667,0.014374588268084817,0.9045729066100854,1.2319166666666665,0.5684206125340827,1.0370532622541258,0,25
0.835,0.0050000000000000044,0.8286666666666673,0.007094598885315795,0.8320107777260642,0.8335,0.008264381405013163,0.8361700153454059,0.8340833333333332,0.013514021898641364,0.893869382516226,1.1849166666666666,0.5517320487548162,1.0208890012737957,0,26
0.829,-0.006000000000000005,0.831333333333334,0.003214550255245638,0.830505388863032,0.8306666666666667,0.005609515725461936,0.8341214395324328,0.83225,0.012461759688889061,0.8838894775137298,1.1349166666666666,0.5256709928782656,1.005537881171892,0,27
0.827,-0.0020000000000000018,0.8303333333333339,0.004163332000154287,0.828752694431516,0.8290000000000001,0.004774934555315344,0.8320867425231662,0.8294999999999999,0.00891882585005523,0.8751372502039253,1.0705,0.4576862414932003,0.9912548506781407,0,28
0.848,0.02100000000000002,0.8346666666666674,0.011590225767579801,0.8383763472157579,0.8316666666666666,0.009201449161637587,0.8366333875165473,0.8319999999999999,0.009582180431214334,0.8709622886340906,0.999875,0.3348915869352317,0.9797944626238895,1,0
0.957,0.10899999999999999,0.8773333333333341,0.06978777352332641,0.897688173607879,0.8543333333333333,0.050863215260875054,0.8710238482261052,0.8439166666666665,0.03644038302693467,0.8841988596134613,0.9476249999999999,0.2135616828724245,0.9779709056139784,1,0
0.984,0.027000000000000024,0.9296666666666674,0.07200231477766979,0.9408440868039395,0.8799999999999999,0.07099859153537726,0.9033027487329324,0.8569166666666667,0.05389292133198195,0.8995528812113904,0.926,0.17823482312362707,0.9784532331648601,0,1
0.884,-0.09999999999999998,0.9416666666666673,0.05173329037807801,0.9124220434019698,0.8881666666666667,0.06752012045808253,0.8977876776663802,0.8608333333333333,0.05402160061800806,0.8971601302557919,0.9065833333333333,0.15373549183345034,0.9708969745116713,0,2
0.823,-0.061000000000000054,0.8970000000000008,0.08128345465105183,0.8677110217009849,0.8871666666666665,0.06860733682831582,0.8764197697617001,0.8589166666666667,0.05499497222196952,0.8857508794472084,0.8865833333333334,0.1291840334280946,0.9590652165507377,0,3
0.809,-0.013999999999999901,0.8386666666666674,0.03987898360469386,0.8383555108504925,0.8841666666666667,0.07207056727037736,0.8571569784012143,0.8565833333333334,0.056580527220981995,0.8739430518399456,0.8657499999999999,0.09348389770667538,0.9470599992266787,0,4
0.882,0.07299999999999995,0.8380000000000006,0.03874274125575158,0.8601777554252463,0.8898333333333334,0.06996403838168552,0.864254984572296,0.8607499999999999,0.056446475048959256,0.8751825823261078,0.8501249999999999,0.042900605549561266,0.9418551992885444,0,5
0.91,0.028000000000000025,0.8670000000000008,0.05214403129802935,0.8850888777126231,0.882,0.06324871540203272,0.8773249889802115,0.8681666666666666,0.056595588220804426,0.8805391081220912,0.8512083333333332,0.04410459816966318,0.9393067833454609,0,6
0.883,-0.027000000000000024,0.8916666666666674,0.015885003410229036,0.8840444388563116,0.8651666666666666,0.039746278651894784,0.8789464207001512,0.8725833333333334,0.0554017694717806,0.8809177068725387,0.854,0.04389909378085077,0.9348022406778241,0,7
0.874,-0.009000000000000008,0.8890000000000008,0.01873499399545348,0.8790222194281558,0.8635,0.0390012820303052,0.8775331576429651,0.8758333333333334,0.05412583542638697,0.8798534442767636,0.8549583333333333,0.04408142581004613,0.9299380614235983,0,8
0.818,-0.05600000000000005,0.858333333333334,0.03521836642070832,0.8485111097140778,0.8626666666666667,0.0400782567818771,0.8605236840306894,0.8749166666666667,0.055075911800026744,0.8703375297726461,0.8535833333333334,0.044720306317139316,0.9209830165097104,0,9
0.811,-0.006999999999999895,0.8343333333333339,0.03453018003636067,0.829755554857039,0.863,0.039547439866664064,0.846374060021921,0.8735833333333334,0.056516221860025244,0.8612086790383928,0.8515416666666665,0.04552589245753766,0.9121843751889336,0,10
0.711,-0.10000000000000009,0.7800000000000007,0.05985816569199753,0.7703777774285194,0.8344999999999999,0.07167914620032474,0.807695757158515,0.8621666666666666,0.073453551598425,0.8380996514940248,0.8470833333333333,0.05349515757575883,0.896089625173819,0,11
1.047,0.33599999999999997,0.8563333333333341,0.17252632649350444,0.9086888887142597,0.8573333333333334,0.11137085196169641,0.8760683979703678,0.8696666666666667,0.08730545472214596,0.8702381666487902,0.8567916666666666,0.06673437232245984,0.9081624551599135,1,0
0.796,-0.2509999999999999,0.851333333333334,0.1747006964306191,0.8523444443571299,0.8428333333333334,0.11301224122489632,0.8531917128359771,0.854,0.08160548109932796,0.858816910241284,0.8554583333333333,0.06764805287640097,0.8991894587471204,1,0
0.808,0.01200000000000001,0.8836666666666675,0.1415780114754514,0.830172222178565,0.8318333333333333,0.1125831544533826,0.8402797948828408,0.8476666666666667,0.08201367217873273,0.8509989240503173,0.8542500000000001,0.06824842727920019,0.8918943020473509,0,1
0.726,-0.08200000000000007,0.7766666666666674,0.044286943147433165,0.7780861110892825,0.8165,0.12080852618920404,0.8076284249163148,0.8395833333333332,0.0891367267774864,0.8317683203502684,0.8492500000000001,0.07310222146149867,0.8786227578835628,0,2
0.68,-0.04599999999999993,0.7380000000000008,0.0648382603098739,0.7290430555446412,0.7946666666666666,0.133203103066987,0.7711631606545106,0.8288333333333333,0.10024681661989285,0.8084193479886886,0.8427083333333334,0.08085923311352528,0.8627329372528778,0,3
0.768,0.08799999999999997,0.7246666666666673,0.044015148907443374,0.7485215277723206,0.8041666666666667,0.1279725230925542,0.7702594004675076,0.8193333333333334,0.10015200568347299,0.8022009867596597,0.8400416666666667,0.08227075087339747,0.8551543022726477,0,4
1.331,0.563,0.926333333333334,0.3532029633699902,1.0397607638861603,0.8515,0.23959444901751675,0.9304710003339339,0.8544166666666667,0.17815899861605927,0.8835546811043274,0.8612916666666667,0.1294662887686736,0.8932219580908359,1,0
1.742,0.41100000000000003,1.280333333333334,0.48897273270944214,1.3908803819430802,1.0091666666666665,0.4307632373667388,1.1623364288099527,0.9259999999999998,0.31256184842508755,1.0156231917036616,0.8992916666666666,0.22121472534653389,0.9611242014435691,0,1
1.712,-0.030000000000000027,1.5950000000000006,0.2291222381175681,1.55144019097154,1.1598333333333333,0.49901679998440207,1.3193831634356805,0.9958333333333335,0.38508743595881145,1.1227580852877137,0.9358333333333334,0.27582613721511623,1.0211942653280837,0,2
1.975,0.2630000000000001,1.8096666666666674,0.14396643127248465,1.76322009548577,1.368,0.5406244537569542,1.5067022595969146,1.09225,0.4716320069715355,1.253872226012681,0.9835833333333333,0.3466343665275687,1.097498724101837,0,3
1.905,-0.07000000000000006,1.8640000000000008,0.1362093976199925,1.834110047742885,1.5721666666666667,0.4530551474894317,1.6205016139977961,1.1834166666666666,0.5159747101507497,1.3540457297030377,1.0285,0.39229780169838996,1.1620988261736902,0,4
1.664,-0.2410000000000001,1.8480000000000008,0.16314717282258182,1.7490550238714424,1.7214999999999998,0.22549567623349975,1.63292972428414,1.2628333333333333,0.5099579008173708,1.4017310020564164,1.0624999999999998,0.41089404113892475,1.2022509200797948,0,5
1.332,-0.33199999999999985,1.6336666666666673,0.287701813225667,1.5405275119357213,1.7216666666666667,0.22514943185953196,1.5469498030601,1.2865833333333334,0.505610244849695,1.3910031555861986,1.078125,0.4138273440121763,1.2126308464734112,0,6
1.371,0.038999999999999924,1.4556666666666676,0.18147267930280364,1.4557637559678607,1.6598333333333335,0.2657347675157889,1.4966784307572143,1.3345,0.48156572288166893,1.3879257470344757,1.09425,0.4175235739244036,1.2253003787555383,0,7
1.345,-0.026000000000000023,1.3493333333333342,0.019857828011623585,1.4003818779839303,1.5986666666666665,0.2922414526836853,1.4533417362551528,1.37925,0.4522507600878068,1.3813217859522486,1.1134583333333332,0.4180343213667725,1.2348763484550953,0,8
1.419,0.07400000000000007,1.378333333333334,0.037541088600877896,1.4096909389919652,1.506,0.23071887655760742,1.4435298116108235,1.437,0.40279275067955117,1.3871184342672873,1.1382916666666667,0.417732021356593,1.2496062405786879,0,9
1.369,-0.050000000000000044,1.3776666666666675,0.03775358702612205,1.3893454694959826,1.4166666666666667,0.12477286029690761,1.4222355797220168,1.4944166666666667,0.32706364638687374,1.3843309828415509,1.1616250000000001,0.41416377904105,1.2591577413323929,0,10
1.301,-0.06800000000000006,1.3630000000000007,0.059228371579892164,1.3451727347479912,1.3561666666666667,0.040211524053086194,1.3875968426585834,1.5388333333333335,0.24545535914567562,1.3715108316351583,1.1790833333333333,0.41068065628816014,1.2625051220258015,0,11
1.042,-0.2589999999999999,1.237333333333334,0.1725466120598729,1.1935863673739955,1.3078333333333332,0.1357827922333024,1.2888548876132737,1.51475,0.27951585578704274,1.3208168575374415,1.1845833333333333,0.4077940567904611,1.2448647122637375,0,12
0.902,-0.14,1.0816666666666674,0.20243599811629792,1.0477931836869978,1.2296666666666665,0.20795929088807877,1.178324919723767,1.44475,0.3197215052339928,1.2563834948393735,1.185375,0.4072011374055166,1.2174355352826385,0,13
0.9,-0.0020000000000000018,0.9480000000000007,0.08141252974825043,0.973896591843499,1.1555,0.2360548665035447,1.098803514088405,1.3770833333333332,0.3430908860063251,1.2015552648640853,1.1864583333333334,0.40637046485952144,1.1920406924600275,0,14
0.902,0.0020000000000000018,0.9013333333333341,0.0011547005428033342,0.9379482959217496,1.0693333333333335,0.21395856296646196,1.042573938634575,1.2876666666666667,0.3114600027825922,1.1554698395003797,1.1899583333333335,0.40340997370424125,1.1688374370632253,0,15
0.895,-0.007000000000000006,0.8990000000000008,0.003605551276883981,0.9164741479608748,0.9903333333333334,0.16250374354664546,1.0004099561675535,1.2035,0.26201301147427225,1.1153975565003214,1.1934583333333333,0.40033181662940026,1.1469304420981672,0,16
0.906,0.01100000000000001,0.9010000000000007,0.005567764363747842,0.9112370739804374,0.9245000000000001,0.057674084301422755,0.9734356829768238,1.1403333333333334,0.23036032381440533,1.0831825478079642,1.2015833333333334,0.39200653462462137,1.1276560067303139,0,17
0.962,0.05599999999999994,0.9210000000000007,0.03593048844658285,0.9366185369902187,0.9111666666666668,0.025158828801722,0.9701683449834455,1.1095,0.22711290744312967,1.0645390789144311,1.1980416666666667,0.39384354421373885,1.1144035261918888,1,0
0.938,-0.02400000000000002,0.9353333333333339,0.02809507667444989,0.9373092684951093,0.9171666666666667,0.026776233242827904,0.9609773892738895,1.0734166666666667,0.21591010685566125,1.045071528312211,1.2039583333333335,0.3885724686667801,1.1002912440965378,0,1
0.944,0.006000000000000005,0.9480000000000007,0.012489995997187633,0.9406546342475546,0.9245,0.02715695122814072,0.9561267066242068,1.04,0.20054017960588955,1.0295220624180246,1.2096250000000002,0.3835056614853333,1.0877879445688148,0,2
0.959,0.015000000000000013,0.9470000000000006,0.010816653826843707,0.9498273171237772,0.934,0.02767670500633267,0.9569476475887191,1.0016666666666667,0.16171430101111625,1.0186725143537132,1.2193333333333334,0.37355049325960143,1.0774849090033096,0,3
0.951,-0.008000000000000007,0.9513333333333339,0.0075055535001133655,0.9504136585618885,0.9433333333333334,0.020373184990918173,0.9552483197062279,0.9668333333333333,0.11311284255783638,1.0082613582992959,1.230625,0.3604032539181374,1.0673661162830448,0,4
0.948,-0.0030000000000000027,0.9526666666666674,0.005686240703931824,0.9492068292809442,0.9503333333333334,0.00904802004165188,0.9531773712187341,0.9374166666666667,0.041607382066442905,0.9989903800994042,1.238125,0.35213551152682643,1.0578168269804011,0,5
0.948,0.0,0.9490000000000007,0.001732050810384115,0.948603414640472,0.948,0.007014271167233332,0.9516981222990959,0.9295833333333334,0.026078407415562003,0.9911457062379574,1.2221666666666666,0.35639629465046135,1.049031480821969,0,6
0.95,0.0020000000000000018,0.9486666666666673,0.001154700542603437,0.949301707320236,0.9500000000000001,0.0050199601599484,0.9512129444993542,0.9335833333333333,0.025126799649075274,0.9848155975859639,1.1891666666666667,0.3425691509584663,1.0411089623562115,0,7
0.942,-0.008000000000000007,0.9466666666666673,0.004163332000106127,0.945650853660118,0.9496666666666668,0.005537749242619955,0.9485806746423959,0.9370833333333334,0.022845163933538026,0.9782285825727387,1.1570833333333332,0.32718601499116007,1.0331802453677146,0,8
0.933,-0.008999999999999897,0.9416666666666673,0.008504900548692705,0.939325426830059,0.9453333333333332,0.006801960502249583,0.9441290533159971,0.9396666666666667,0.020105780866236888,0.9712703391000097,1.1136666666666668,0.2796077480214408,1.0251658257382974,0,9
0.935,0.0020000000000000018,0.9366666666666674,0.004725815627296557,0.9371627134150295,0.9426666666666667,0.007257180352876657,0.9415207523685694,0.9430000000000001,0.01458517304408791,0.9656902869307774,1.07325,0.2250275828503618,1.0179525596792336,0,10
0.932,-0.0030000000000000027,0.9333333333333341,0.001527525234891862,0.9345813567075147,0.9400000000000001,0.007823042886724295,0.938800537406121,0.9451666666666666,0.009703170365928491,0.9605071658645039,1.04275,0.18804491831566708,1.011076354904895,0,11
0.981,0.04899999999999993,0.9493333333333341,0.02746512940699681,0.9577906783537573,0.9455,0.018662797218195755,0.9508575267186579,0.9467500000000001,0.013505049560630386,0.9636599095776571,1.028125,0.1779490187128538,1.0086702465125033,1,0
1.138,0.15699999999999992,1.0170000000000006,0.10761505470894446,1.0478953391768786,0.9768333333333333,0.0811009658800311,1.0043268047990412,0.9634166666666667,0.05654677602469139,0.9904814619503253,1.0184166666666667,0.16425878751336354,1.019016626791503,0,1
1.054,-0.08399999999999985,1.0576666666666674,0.07856419880163025,1.0509476695884392,0.9955000000000002,0.08430599029729262,1.0185191462850294,0.9725833333333332,0.06178622725807608,1.0002535447271983,1.0062916666666666,0.14914873789104183,1.0218152966481828,0,2
0.94,-0.1140000000000001,1.0440000000000007,0.09937806599048339,0.9954738347942196,0.9966666666666666,0.08331066358320441,0.9960851044893066,0.9710000000000001,0.06240629338892191,0.9909837686153216,0.9863333333333334,0.12089329346905459,1.0152700729163282,0,3
0.793,-0.1469999999999999,0.9290000000000007,0.13084723917610908,0.8942369173971099,0.973,0.11749042514182728,0.9380607889209333,0.9578333333333333,0.08092851316083206,0.9605247272898875,0.9623333333333334,0.09629423508259818,0.9974884670830221,0,4
0.781,-0.01200000000000001,0.8380000000000006,0.08853812738030256,0.8376184586985549,0.9478333333333332,0.14170591613152264,0.8931862778006667,0.9439166666666666,0.09577099421710124,0.9329055384760586,0.9406666666666667,0.07228847202980199,0.9801693897163803,0,5
1.053,0.2719999999999999,0.8756666666666675,0.15369233335903154,0.9453092293492774,0.9598333333333334,0.1479856975071377,0.9388473412861905,0.9526666666666667,0.10084040796618483,0.9513816094797419,0.941125,0.07299035820779357,0.9859958385390699,0,6
0.807,-0.24599999999999989,0.8803333333333341,0.15009774593025588,0.8761546146746387,0.9046666666666666,0.12872710152362776,0.9011766723472789,0.94075,0.109280394149423,0.9291690541751663,0.9371666666666666,0.07763272879210029,0.9716761714559443,0,7
0.779,-0.028000000000000025,0.8796666666666674,0.15076250639115696,0.8275773073373194,0.8588333333333332,0.11290777947809713,0.8662690516766278,0.9271666666666666,0.11882441846792732,0.9060661227636022,0.932125,0.08383281110274744,0.9562620777394688,0,8
1.327,0.5479999999999999,0.9710000000000006,0.3086227470553808,1.0772886536686597,0.9233333333333333,0.22421923794954407,0.9979064654833055,0.96,0.16575118263666558,0.970825180799971,0.9498333333333333,0.11593388920701475,0.9859211115203114,1,0
0.964,-0.363,1.023333333333334,0.27877649350930295,1.0206443268343297,0.9518333333333334,0.2150185263336025,0.9882189039166469,0.9624166666666666,0.16556485042716168,0.9697751529845908,0.9527083333333333,0.11536915387860129,0.9841674225986865,0,1
0.877,-0.08699999999999997,1.0560000000000007,0.2386901757509278,0.9488221634171649,0.9678333333333332,0.20299991789819527,0.9564420742261763,0.9578333333333333,0.16723626908349878,0.955502052525423,0.9514999999999999,0.11602960641670342,0.9755940287907916,0,2
1.291,0.4139999999999999,1.0440000000000007,0.2182865089738917,1.1199110817085824,1.0075,0.24239946369579107,1.0520300530186975,0.9836666666666666,0.19308563024228226,1.0071171213676655,0.9652083333333333,0.13517877990361377,1.0008265064875284,0,3
1.424,0.133,1.197333333333334,0.28527588985636493,1.2719555408542913,1.1103333333333334,0.26967066334081136,1.158307180727641,1.0075,0.2283062138285466,1.0712529488495632,0.9854583333333332,0.16421009320423266,1.034680385968526,0,4
1.063,-0.361,1.259333333333334,0.18257144720174712,1.1674777704271455,1.1576666666666666,0.22028496695569802,1.1310765576626007,1.00825,0.22848756679919577,1.0699832644111689,0.9904166666666666,0.16469970477696996,1.036945955091044,0,5
1.057,-0.006000000000000005,1.181333333333334,0.21017690961031146,1.1122388852135727,1.1126666666666667,0.2058821669467106,1.1099118269018577,1.018,0.2278057386139632,1.0679858391171428,0.9944999999999999,0.16510128643534727,1.0385502786837606,0,6
0.991,-0.06599999999999995,1.0370000000000006,0.03994996871098911,1.0516194426067864,1.1171666666666666,0.2022458075379393,1.0759370192156128,1.0345,0.2169388267356799,1.0561418638683517,0.9961666666666665,0.16484476667897943,1.0347462563890597,0,7
1.328,0.3370000000000001,1.125333333333334,0.17858984666923694,1.1898097213033934,1.1923333333333332,0.17741890166121754,1.1479550137254377,1.0800833333333333,0.21629796717967426,1.09796619250399,1.0119999999999998,0.17776070872162764,1.058206555877935,0,8
1.307,-0.02100000000000013,1.2086666666666674,0.1887970691863112,1.2484048606516966,1.195,0.1793086724060108,1.1933964383753126,1.10125,0.22563330065315096,1.1301252398110686,1.0269583333333332,0.18700534267342153,1.0781100314077003,0,9
1.242,-0.06499999999999995,1.292333333333334,0.044836740886688285,1.2452024303258482,1.1646666666666665,0.14491744776483245,1.2072831702680804,1.1375,0.20834259373357916,1.1473367413785964,1.039125,0.19123177662538832,1.0912212288950842,0,10
1.434,0.19199999999999995,1.3276666666666674,0.09765415164415539,1.339601215162924,1.2265,0.16986435765046745,1.2720594073343432,1.1920833333333334,0.19095713861460548,1.1914387811665046,1.0596249999999998,0.20615608533763263,1.1186435305834774,0,11
1.558,0.12400000000000011,1.411333333333334,0.15921473968618277,1.448800607581462,1.3099999999999998,0.1916235893620758,1.3537567195245308,1.2113333333333334,0.21581908809898545,1.247832814833196,1.0856666666666666,0.2278038184713838,1.1537920481367994,0,12
1.993,0.43500000000000005,1.6616666666666673,0.29356487074126675,1.7209003037907311,1.477,0.2760405767274162,1.5363976568032363,1.2970833333333334,0.29755807938293233,1.3624739202434735,1.12975,0.29098696370022614,1.2209286842858555,0,13
1.827,-0.16600000000000015,1.7926666666666673,0.21952296766701984,1.7739501518953655,1.5601666666666667,0.296577421033144,1.6194268977165973,1.37625,0.30197565374470886,1.4339394709752469,1.1670416666666668,0.32040497189415046,1.2694143895429872,0,14
1.519,-0.30800000000000005,1.7796666666666674,0.24051888352754255,1.6464750759476827,1.5955000000000001,0.27199319844438,1.590733498368998,1.39525,0.30329407421600624,1.4470257062098242,1.1894583333333333,0.3256009800175738,1.2893812383795484,0,15
1.45,-0.06899999999999995,1.5986666666666673,0.20072950289715055,1.5482375379738413,1.6301666666666668,0.22755167911195553,1.5505239274064273,1.3974166666666668,0.3036108329404383,1.4474832898698513,1.2024583333333332,0.32966029671751923,1.3022307393091848,0,16
1.478,0.028000000000000025,1.482333333333334,0.03470350606694083,1.5131187689869208,1.6375,0.22056722331299286,1.5298028052903052,1.4320000000000002,0.2851286790843083,1.4521781683514128,1.2201250000000001,0.3327055510442395,1.3162922801644499,0,17
1.511,0.03299999999999992,1.4796666666666674,0.030534133905159664,1.5120593844934604,1.6296666666666664,0.224750231738858,1.5244305752073608,1.4698333333333335,0.2598463998502776,1.4612276809127338,1.2439166666666666,0.33221861799864033,1.331868897751294,0,18
1.568,0.05700000000000016,1.5190000000000008,0.045530209751378725,1.5400296922467303,1.5588333333333333,0.1372959091403334,1.536878982290972,1.5179166666666666,0.21220335801187024,1.4776541915415442,1.2762083333333332,0.3240484369546515,1.3507593859311906,0,19
1.471,-0.09699999999999998,1.5166666666666675,0.048747649516031964,1.5055148461233652,1.4995,0.04225991008040954,1.518056415922123,1.5298333333333334,0.20444196034942036,1.476630469765922,1.3049583333333332,0.30843538949470906,1.3603786350566953,1,0
1.469,-0.0020000000000000018,1.5026666666666675,0.056589162684546085,1.4872574230616826,1.4911666666666665,0.04257424886796017,1.5040402970872309,1.5433333333333332,0.19344265456734047,1.4754565513403954,1.3222916666666666,0.30533381293076584,1.3690683442521598,0,1
1.482,0.0129999999999999,1.4740000000000009,0.0070000000003545455,1.4846287115308412,1.4965,0.038161498922399714,1.4977430693480218,1.5633333333333332,0.17050211053523204,1.4764632357495653,1.3504166666666668,0.2863000731471395,1.3781028767119872,0,2
1.441,-0.040999999999999925,1.464000000000001,0.020952326839877737,1.4628143557654205,1.4903333333333333,0.04425230690790043,1.4815307638200157,1.5639166666666666,0.17003072360516425,1.471007353326555,1.3780000000000001,0.2594882924392603,1.3831346465750283,0,3
1.443,0.0020000000000000018,1.455333333333334,0.023115651263559047,1.4529071778827103,1.479,0.04654889902032491,1.4705219741571542,1.5543333333333331,0.17359793323723996,1.4666985297378543,1.3828333333333334,0.2595773599470899,1.3879238748490261,0,4
1.47,0.026999999999999913,1.451333333333334,0.016196707484501884,1.4614535889413551,1.4626666666666666,0.016693312034199794,1.4703728386836816,1.51075,0.10591087591160063,1.467206448239723,1.4039166666666667,0.24417187757213396,1.394489964861104,0,5
1.497,0.027000000000000135,1.4700000000000006,0.027000000000092665,1.4792267944706776,1.4669999999999999,0.02186321110917768,1.4779805990597725,1.48325,0.03629206023860445,1.471790071587458,1.42975,0.217322091155841,1.4026907676722158,0,6
1.049,-0.4480000000000002,1.3386666666666673,0.2512216816545492,1.2641133972353389,1.397,0.17187786361252244,1.3554147136141232,1.4440833333333334,0.1291140850941363,1.4067454451893875,1.4196666666666669,0.22932256884072694,1.3743955062584385,1,0
0.818,-0.23099999999999998,1.1213333333333342,0.3452308406462868,1.0410566986176695,1.2863333333333333,0.28363474164261354,1.2018676525815166,1.3914166666666665,0.22198175941989126,1.3161692228525588,1.3944166666666666,0.26011918951438945,1.3298838657577634,0,1
0.81,-0.007999999999999896,0.8923333333333341,0.13573626388457896,0.9255283493088348,1.1811666666666667,0.32828488644266385,1.0899054661296548,1.33575,0.2755817400600854,1.2382970347213957,1.383875,0.2786040220222173,1.2882931564971423,0,2
0.831,0.020999999999999908,0.8196666666666674,0.01059874206426342,0.8782641746544173,1.0791666666666668,0.32572713529375047,1.0159324758068962,1.2790833333333333,0.3046495627119874,1.1756359524565656,1.3744583333333331,0.29355097019333604,1.251709703977371,0,3
0.907,0.07600000000000007,0.849333333333334,0.051032669275126986,0.8926320873272087,0.9853333333333333,0.26629056811436963,0.9848089112906401,1.224,0.3074067486098967,1.1343073443863247,1.3709583333333333,0.29877597819257007,1.2241329276591812,0,4
0.865,-0.04200000000000004,0.8676666666666674,0.03807011076086207,0.8788160436636043,0.88,0.090177602540806,0.9505777937790286,1.1735,0.31286898216345954,1.092875445249967,1.3516666666666666,0.31611495799260453,1.1954022934464468,0,5
0.813,-0.052000000000000046,0.8616666666666674,0.04708856903054464,0.8459080218318021,0.8406666666666666,0.03822390177198626,0.9112698526993062,1.1188333333333331,0.31385226209833444,1.0498176844422797,1.3310833333333332,0.3346872539715456,1.164810109970731,0,6
0.826,0.013000000000000012,0.8346666666666674,0.027061657993268623,0.835954010915901,0.842,0.03740588189052332,0.8869070376423616,1.0641666666666667,0.30174276622596313,1.0153841945280828,1.31375,0.3499267314614642,1.1377053011730727,0,7
0.826,0.0,0.8216666666666673,0.007505553500226989,0.8309770054579505,0.8446666666666668,0.035171958527702635,0.8695050268874012,1.0129166666666667,0.2836029421354406,0.9862481646006854,1.2884166666666668,0.36262076449174685,1.1127688770792268,0,8
0.832,0.006000000000000005,0.8280000000000006,0.0034641016167792594,0.8314885027289752,0.8448333333333333,0.03509653354213823,0.8587893049195722,0.9619999999999999,0.25251210592041523,0.9625176777390415,1.2581666666666667,0.3693729900752091,1.0903073669128887,0,9
0.812,-0.019999999999999907,0.8233333333333341,0.010263202879450053,0.8217442513644877,0.8290000000000001,0.019328735085562133,0.8454209320854087,0.9071666666666668,0.1976548108253975,0.9393611119330351,1.2089583333333334,0.34509021872253903,1.0680427775598575,0,10
0.817,0.004999999999999893,0.820333333333334,0.010408329997880664,0.8193721256822438,0.8209999999999998,0.008148619515468747,0.8373006657752919,0.8504999999999999,0.06838061926385705,0.9205363254817989,1.166875,0.3275839504084656,1.047959355355069,0,11
0.824,0.007000000000000006,0.8176666666666673,0.006027713774293651,0.8216860628411219,0.8228333333333332,0.007167054253634194,0.8335004755537799,0.83175,0.02782453136090632,0.9056845830999837,1.1379166666666667,0.32581695536880156,1.0300426069266635,0,12
0.814,-0.010000000000000009,0.8183333333333339,0.0051316014405644395,0.8178430314205609,0.8208333333333333,0.007756717519321281,0.8279289111098428,0.8314166666666667,0.028027448667108344,0.8915792626230631,1.1114166666666667,0.32519397778618875,1.0127591983725304,0,13
0.817,0.0030000000000000027,0.8183333333333339,0.0051316014405644395,0.8174215157102804,0.8193333333333332,0.007420691792181712,0.8248063650784592,0.8319999999999999,0.027610933275844733,0.8801055299118226,1.083875,0.32075784073238595,0.9970984625027279,0,14
0.816,-0.0010000000000000009,0.8156666666666674,0.001527525235415142,0.8167107578551402,0.8166666666666665,0.004082482905606117,0.822290260770328,0.83075,0.02799715894676502,0.8702431406946192,1.0549166666666665,0.3117666235122517,0.9826105855025098,0,15
0.812,-0.0039999999999998925,0.8150000000000007,0.0026457513132384994,0.8143553789275702,0.8166666666666665,0.004082482905606117,0.8193501862645199,0.8228333333333332,0.014794552642047496,0.8612826575108316,1.0234166666666666,0.29543658433294434,0.9689617386623091,0,16
0.895,0.08299999999999996,0.8410000000000007,0.04680811895399384,0.8546776894637851,0.8296666666666667,0.03226556471959702,0.8409644187603713,0.8253333333333334,0.02288839854333,0.8664699409707036,0.9994166666666667,0.2805150413182778,0.9630447995693243,1,0
0.969,0.07399999999999995,0.8920000000000008,0.07854298186350393,0.9118388447318926,0.8538333333333333,0.0649350958009179,0.8775460134002653,0.8383333333333334,0.046926118591463624,0.88224379620598,0.9785833333333334,0.2620852693414779,0.9635212156037785,0,1
0.945,-0.02400000000000002,0.936333333333334,0.03775358702618318,0.9284194223659463,0.8756666666666667,0.07063615693590837,0.8968185810001894,0.8482500000000001,0.05581483185090626,0.8918985967896753,0.9562083333333334,0.23915830288864648,0.9620395183554762,0,2
0.966,0.02100000000000002,0.9600000000000007,0.01307669683100472,0.9472097111829731,0.9005,0.07206316673590946,0.916584700714421,0.8599166666666666,0.06467043491051082,0.9032988126681868,0.9364166666666667,0.21580948052403942,0.9623563568870381,0,3
1.029,0.06299999999999994,0.9800000000000008,0.04371498598890086,0.9881048555914865,0.9359999999999999,0.07453321407270262,0.9487033576531578,0.8763333333333333,0.08010258574118366,0.9226374568730811,0.9191666666666666,0.1883566613742548,0.967687848336075,0,4
1.039,0.010000000000000009,1.011333333333334,0.039576929306640314,1.0135524277957433,0.9738333333333333,0.053704438053794115,0.9745023983236841,0.8952499999999999,0.08975129778752428,0.9405393865849148,0.9012083333333334,0.15024645815593607,0.9733928204691891,0,5
1.021,-0.018000000000000016,1.0296666666666674,0.009018499506160441,1.0172762138978717,0.9948333333333333,0.03945841693065896,0.9877874273740601,0.9122499999999999,0.09284897316708031,0.9529179424949279,0.8813749999999999,0.08575587823683856,0.9772013948316539,0,6
0.882,-0.1389999999999999,0.9806666666666674,0.08592050589552602,0.9496381069489359,0.9803333333333333,0.06097103137288869,0.9575624481243287,0.9170833333333333,0.08927837805358116,0.9420074898034005,0.8744166666666665,0.07798657446701317,0.9695852832451216,1,0
0.887,0.0050000000000000044,0.9300000000000007,0.07884795495135129,0.918319053474468,0.9706666666666667,0.0713993464022873,0.9374017486602348,0.9231666666666666,0.0839435235829097,0.9335447990644159,0.8772916666666667,0.07708294751174867,0.962978460585512,0,1
0.974,0.08699999999999997,0.914333333333334,0.05173329037809045,0.946159526737234,0.972,0.07136946125624842,0.9478583919001677,0.9362499999999999,0.07791035057854684,0.9397686761314288,0.8841249999999999,0.07812048247806891,0.963860183738671,0,2
1.055,0.08099999999999996,0.9720000000000008,0.08401785524523864,1.0005797633686169,0.9763333333333332,0.07615160317861859,0.9784702799286912,0.9561666666666667,0.07486452410652383,0.957496572111209,0.8934583333333332,0.08460906476600082,0.9711513690395774,0,3
1.05,-0.004999999999999893,1.0263333333333342,0.04539089482861771,1.0252898816843086,0.9781666666666666,0.0780702674945705,0.9989073428062081,0.976,0.06392609369064209,0.9717278687094845,0.8994166666666666,0.09043850500977685,0.9774592595164112,0,4
1.225,0.17500000000000004,1.110000000000001,0.0996242942258986,1.1251449408421543,1.0121666666666667,0.12855413904917123,1.0635052448615772,1.0035,0.0911128171803765,1.0106928119849485,0.9144166666666668,0.11181114382768681,0.9972625187550983,0,5
1.171,-0.05400000000000005,1.1486666666666674,0.08961212715554363,1.1480724704210772,1.0603333333333333,0.12409297589579138,1.0942180320439836,1.0203333333333333,0.10215080948669526,1.0353554562949565,0.9293333333333335,0.12118066522010086,1.0111615172546906,0,6
1.129,-0.04200000000000004,1.175000000000001,0.04812483766214397,1.1385362352105386,1.1006666666666665,0.09154816582910487,1.104155737174274,1.0356666666666665,0.10361408585649926,1.0497623091726556,0.9419583333333333,0.12564839803011432,1.0205885958743155,0,7
1.14,0.010999999999999899,1.1466666666666674,0.021779194965409972,1.1392681176052692,1.1283333333333334,0.06755047495520046,1.1143969551244814,1.0501666666666667,0.10514218367466971,1.063645030838401,0.9550416666666667,0.1293426454327191,1.0301415082043703,0,8
1.186,0.04600000000000004,1.1516666666666673,0.030237945256602474,1.1626340588026345,1.1501666666666666,0.059837836413702855,1.1348549679460582,1.06325,0.11182463950310405,1.0824688722478777,0.9697916666666666,0.13477194236662643,1.0426101875480207,0,9
1.006,-0.17999999999999994,1.1106666666666674,0.09351648696000987,1.0843170294013174,1.1428333333333331,0.07527394414186826,1.098039262818613,1.0605,0.11287603820120186,1.0707044303635889,0.9778749999999999,0.1306513157390532,1.0396813725441791,1,0
1.025,0.018999999999999906,1.072333333333334,0.09889556781444801,1.0546585147006586,1.1095,0.07589136973336694,1.077170902013295,1.0608333333333333,0.11275462766824802,1.0636729795384214,0.9865416666666667,0.12634355480426251,1.0385068627406449,0,1
1.826,0.8010000000000002,1.2856666666666674,0.4680388160541174,1.4403292573503292,1.2186666666666666,0.30557595891475614,1.291122072866639,1.1395,0.23723540284627734,1.1809540596094337,1.0282916666666666,0.2088872129969217,1.1015063137213934,1,0
2.48,0.6539999999999999,1.7770000000000008,0.7287365779209944,1.9601646286751646,1.4438333333333333,0.5908645924970217,1.6308014806190279,1.2722499999999999,0.4411555332821448,1.3808072812079824,1.0977083333333333,0.35810290956731716,1.211785808623682,0,1
2.419,-0.06099999999999994,2.2416666666666676,0.3612676754614643,2.1895823143375823,1.657,0.6828762699054667,1.8560010575850199,1.3926666666666667,0.5387595741960209,1.5405292379452158,1.1644583333333334,0.44279487636628156,1.3083629439337874,0,2
2.537,0.11799999999999988,2.4786666666666672,0.05901129835317469,2.363291157168791,1.8821666666666665,0.7183256689459657,2.0505721839892996,1.5161666666666667,0.6183066072799639,1.6938324321074902,1.2361666666666666,0.5170394541052435,1.4066539084190846,0,3
2.451,-0.08599999999999985,2.4690000000000007,0.06102458520952168,2.4071455785843954,2.1229999999999998,0.5979729090853539,2.1649801314209283,1.6329166666666666,0.6535475858494895,1.8103197502447994,1.3044583333333333,0.5646298502148309,1.4902015957455579,0,4
1.854,-0.597,2.2806666666666673,0.37199775984988104,2.1305727892921977,2.2611666666666665,0.3286563047724276,2.076128665300663,1.6853333333333333,0.6429958763240211,1.8170397886686764,1.3444166666666666,0.5683147410788635,1.5193054680859133,0,5
1.447,-0.40700000000000003,1.9173333333333342,0.5049874585901457,1.788786394646099,2.198,0.44488919968909174,1.8963776180719023,1.7083333333333333,0.6276794684801424,1.760110590411957,1.3643333333333334,0.562936529487902,1.5135210306390403,0,6
0.634,-0.8130000000000001,1.3116666666666674,0.6211572533049431,1.2113931973230494,1.8903333333333334,0.7467598453764565,1.5356982986227874,1.6670833333333333,0.6830375283624714,1.586862807271656,1.351375,0.5764267601201458,1.4431593481879172,0,7
0.592,-0.04200000000000004,0.8910000000000008,0.4819678412508585,0.9016965986615246,1.5858333333333334,0.8530077178236262,1.266070213301991,1.6214166666666667,0.7376193226533007,1.4338069907683242,1.3357916666666665,0.5921393768925235,1.375066600332884,0,8
0.55,-0.041999999999999926,0.5920000000000007,0.04200000000019249,0.7258482993307623,1.2546666666666668,0.7935131168838188,1.0614787237871366,1.5684166666666668,0.7925530046321911,1.2978366844962743,1.3158333333333334,0.6107107524748562,1.3090612723062534,0,9
0.527,-0.02300000000000002,0.5563333333333341,0.032959571194873125,0.6264241496653812,0.934,0.5709006918895863,0.9087705169908119,1.5285,0.8344110062030139,1.1792464253430013,1.2945,0.6294564252625807,1.246496370521753,0,10
0.528,0.0010000000000000009,0.5350000000000007,0.013000000000646992,0.5772120748326905,0.7130000000000001,0.3619469574399123,0.7999789407077229,1.4870833333333335,0.8731116203070203,1.0790546675979242,1.2739583333333333,0.6465812084015201,1.189016660880013,0,11
0.527,-0.0010000000000000009,0.5273333333333341,0.0005773502838322911,0.5521060374163453,0.5596666666666666,0.044274898833055486,0.7219849576483736,1.3788333333333334,0.9071354347448323,0.9941231802751667,1.2591666666666668,0.65986201895394,1.136055328009612,0,12
0.52,-0.007000000000000006,0.5250000000000008,0.004358898945483163,0.5360530187081727,0.5406666666666667,0.027141603981294442,0.6642749697488383,1.2155,0.8663788274924956,0.9211811525405256,1.243875,0.6729835783576961,1.0867709017688432,0,13
0.523,0.0030000000000000027,0.5233333333333342,0.0035118845866979062,0.5295265093540864,0.5291666666666667,0.010647378394585776,0.6239106926777417,1.0574999999999999,0.7970577143469592,0.859922513688137,1.2250833333333333,0.6869976214544391,1.0416692296273358,0,14
0.53,0.007000000000000006,0.5243333333333341,0.005131601441097616,0.5297632546770432,0.5258333333333333,0.0036560452236690222,0.5970790661983869,0.8902500000000001,0.6565734916976155,0.809165203889962,1.2032083333333334,0.700867163446184,1.000735691257149,0,15
0.524,-0.006000000000000005,0.5256666666666674,0.003785938899435662,0.5268816273385216,0.5253333333333333,0.0036696957200177144,0.5761993329988478,0.7296666666666667,0.44011678890811085,0.7652936340607371,1.1812916666666666,0.7139681809477195,0.9625968359565771,0,16
0.523,-0.0010000000000000009,0.5256666666666674,0.003785938899435662,0.5249408136692608,0.5245000000000001,0.0035071355848976093,0.5609995235706057,0.61875,0.2631429355796071,0.7280176903590853,1.1520416666666666,0.7263717744448385,0.927429089080051,0,17
0.522,-0.0010000000000000009,0.5230000000000008,0.0010000000084782817,0.5234704068346304,0.5236666666666667,0.0033862466947236964,0.5498568025504327,0.5416666666666666,0.035351053303906615,0.6963226610730722,1.125,0.7376286917931812,0.8949947619536469,0,18
0.52,-0.0020000000000000018,0.5216666666666674,0.0015275252372072673,0.5217352034173153,0.5236666666666667,0.0033862466947236964,0.5413262875360234,0.5321666666666667,0.020466528476453055,0.669196097831061,1.099625,0.7478887857626717,0.8649951809973552,0,19
0.516,-0.0040000000000000036,0.5193333333333341,0.003055050466085871,0.5188676017086576,0.5225,0.00463680924891979,0.5340902053828739,0.5258333333333334,0.008568794689039917,0.6456274673955131,1.073625,0.7572125548753584,0.8370755665175668,0,20
0.523,0.007000000000000006,0.5196666666666675,0.003511884586703822,0.5209338008543288,0.5213333333333333,0.0029439202906230842,0.5309215752734814,0.5235833333333334,0.003941811612260921,0.6267617031808188,1.046,0.7649886046323757,0.8119495211961615,1,0
0.705,0.18199999999999994,0.581333333333334,0.10715565002998971,0.6129669004271644,0.5515,0.07524559787795346,0.5806582680524867,0.5384166666666667,0.052597024342596055,0.6387983642299236,1.0334583333333334,0.7681338186838248,0.8033935595004686,1,0
0.775,0.07000000000000006,0.6676666666666674,0.13008202540454494,0.6939834502135822,0.5935,0.11564212035417888,0.6361844771803475,0.559,0.08592279832923239,0.6597524620407046,1.0230416666666666,0.7699464961177861,0.8011220747404313,0,1
1.085,0.30999999999999994,0.8550000000000008,0.20223748416159965,0.8894917251067911,0.6873333333333332,0.22382910147404073,0.7644174837002482,0.6055,0.17344503976239983,0.7251751601882885,0.9921666666666668,0.7509710621800828,0.8238323087611968,0,2
1.428,0.34299999999999997,1.0960000000000008,0.3266389444019353,1.1587458625533955,0.8386666666666667,0.3559981273359108,0.9540124883573202,0.6811666666666666,0.290986670526746,0.8333020586208595,0.9483333333333334,0.6884517391229735,0.8721657240603011,0,3
1.775,0.347,1.429333333333334,0.3450019323617482,1.4668729312766977,1.0485,0.4779329450874958,1.1885803488266573,0.7855,0.4234313296262919,0.9781786649868811,0.9215,0.6394443919800845,0.9443924661354771,0,4
1.803,0.028000000000000025,1.6686666666666674,0.2088931146144785,1.634936465638349,1.2618333333333334,0.48211053366077,1.3641288205904694,0.8915833333333332,0.5051747597404154,1.1050742549888994,0.8909166666666667,0.5729103364604148,1.013081068844639,0,5
1.135,-0.6679999999999999,1.5710000000000008,0.3778465296916268,1.3849682328191744,1.3335,0.40923330753984977,1.2986634432789068,0.9425,0.49545580483576235,1.109678215759838,0.8360833333333334,0.4710192386605911,1.022834583337068,0,6
0.763,-0.372,1.2336666666666674,0.526973750136895,1.0739841164095871,1.3315,0.4125247871340646,1.1456167451992192,0.9625,0.4816336782244349,1.0563431056429398,0.790625,0.41819236394375553,1.0020478166701026,0,7
1.851,1.088,1.2496666666666674,0.5529894513761925,1.4624920582047936,1.4591666666666665,0.43868185130760884,1.3471548179994421,1.07325,0.5222230671065577,1.178598012467103,0.8074583333333333,0.4524867501463087,1.0699639913364942,1,0
0.98,-0.871,1.1980000000000008,0.5758289676631505,1.2212460291023968,1.3845,0.4811210866299719,1.242253441428173,1.1115833333333334,0.4940429606519007,1.1480444720875487,0.8218749999999999,0.4522317905580073,1.0627668720295746,0,1
0.857,-0.123,1.229333333333334,0.5418803681010621,1.0391230145511985,1.2314999999999998,0.47805846922735923,1.1321810295915522,1.14,0.4656633587006413,1.1032683994586951,0.8329166666666666,0.4496026184229254,1.0463055222672086,0,2
0.672,-0.18499999999999994,0.836333333333334,0.15503655482932663,0.8555615072755993,1.0430000000000001,0.42800327101554647,1.0007007354225372,1.1524166666666666,0.4494189093269269,1.0369194149265881,0.838,0.4469466459744644,1.0163610804858318,0,3
1.427,0.755,0.9853333333333341,0.39352043572519235,1.1412807536377998,1.0916666666666666,0.4562269902873718,1.1225005253018123,1.2125833333333331,0.4320695352988126,1.09693181263019,0.8754999999999998,0.4573534452838862,1.0492121940469654,0,4
1.676,0.2489999999999999,1.258333333333334,0.5228195992245722,1.4086403768188998,1.2438333333333333,0.4764894192599374,1.2806432323584374,1.2876666666666667,0.42737578383205,1.186019226071699,0.9233333333333333,0.4789522683549126,1.0993552185232083,0,5
1.619,-0.05699999999999994,1.5740000000000007,0.13045688943097525,1.5138201884094498,1.2051666666666667,0.42387234713610733,1.377316594541741,1.3321666666666665,0.4321295751241382,1.252631652829899,0.9688333333333333,0.4913724051874583,1.1409268010413518,0,6
1.418,-0.20100000000000007,1.5710000000000006,0.1355322839769394,1.465910094204725,1.2781666666666667,0.4149609218549044,1.388940424672672,1.3313333333333335,0.43193756563426977,1.2780729370099146,1.0062499999999999,0.4898969057473901,1.1630926569580438,0,7
2.2,0.7820000000000003,1.7456666666666674,0.4060964581639902,1.8329550471023626,1.502,0.4965380146574919,1.6206717319090513,1.36675,0.48570101633898793,1.41990786977762,1.076125,0.5354520489634234,1.2460452444014003,0,8
1.274,-0.9260000000000002,1.6306666666666674,0.4982863968977465,1.5534775235511813,1.6023333333333334,0.3272409917273042,1.5216226656493226,1.3226666666666667,0.4661182708543412,1.3974605051964475,1.107125,0.5238711518070547,1.2482816248492883,1,0
1.593,0.31899999999999995,1.6890000000000007,0.4704051445296965,1.5732387617755905,1.6300000000000001,0.3162865789122306,1.5420161897495162,1.3608333333333331,0.4681015494591523,1.427543504396994,1.1516666666666666,0.517542996883531,1.2758590948613453,0,1
2.752,1.1589999999999998,1.8730000000000004,0.7777666745239235,2.1626193808877954,1.8093333333333332,0.5592837085654006,1.887725849821083,1.5265833333333332,0.5767126995990174,1.631306042182072,1.2445416666666667,0.5941524456090261,1.3939503672724376,1,0
2.87,0.11800000000000033,2.4050000000000007,0.7056833567542865,2.5163096904438977,2.0178333333333334,0.6916566826588654,2.1683756070150593,1.6115000000000002,0.6922666984755084,1.8218743433848303,1.3423749999999999,0.6597011716448318,1.5120343378906427,0,1
3.76,0.8899999999999997,3.127333333333334,0.5510728929400568,3.1381548452219485,2.408166666666667,0.9113867272824765,2.623125433582185,1.8431666666666666,0.8967006020389238,2.120047521325626,1.477375,0.800568809333876,1.6918715908593913,0,2
4.128,0.3680000000000003,3.5860000000000007,0.6467982683959392,3.6330774226109743,2.7295,1.1356136226727795,3.0530895954158463,2.11575,1.0531817701180977,2.4289632872755296,1.6278750000000002,0.9394472154688486,1.8867618635906402,0,3
3.962,-0.16599999999999993,3.9500000000000006,0.18429324458585486,3.7975387113054873,3.1774999999999998,0.963788721660505,3.31277828243989,2.3899166666666667,1.0712493520382744,2.664815089233141,1.7711666666666666,1.0222208417339973,2.0527809145033893,0,4
4.298,0.33599999999999985,4.129333333333334,0.16800396820704294,4.047769355652743,3.6283333333333334,0.6587593389597247,3.594270201742779,2.629166666666667,1.154044810326888,2.9160743062741963,1.9208749999999999,1.117913207819548,2.2323984413431184,0,5
3.696,-0.6019999999999999,3.9853333333333336,0.3016775320326565,3.8718846778263716,3.785666666666667,0.5015805684699637,3.623335858387699,2.7975,1.1496871906582395,3.0360628745397045,2.0425833333333334,1.1463802736806223,2.3494865660356687,0,6
3.059,-0.637,3.6843333333333343,0.6195823862355333,3.465442338913186,3.8171666666666666,0.43394949782970327,3.4620970417054995,2.9175,1.089049084794119,3.0395916630720574,2.1248333333333336,1.1455033701454105,2.4062476407528153,0,7
4.008,0.9489999999999998,3.5876666666666672,0.4836861930356485,3.736721169456593,3.8585000000000007,0.439194603791969,3.618069315503928,3.1333333333333333,1.019268394784249,3.188577561060972,2.2323333333333335,1.1971611953017158,2.5343878294925903,1,0
3.154,-0.8540000000000001,3.4070000000000005,0.5226442384643566,3.4453605847282964,3.6961666666666666,0.49599129696664296,3.485478082502806,3.2128333333333337,0.9761455585695971,3.1832579362823608,2.2897916666666664,1.2073068115929944,2.583956803133183,0,1
2.7,-0.45399999999999974,3.287333333333334,0.6641154518103924,3.072680292364148,3.485833333333334,0.6142111743257805,3.26105577321629,3.331666666666667,0.7871657251099529,3.1089105614696897,2.3271666666666664,1.2054647909909446,2.593240258882529,0,2
2.834,0.1339999999999999,2.896000000000001,0.23326379916307707,2.9533401461820743,3.2418333333333336,0.5087893146152506,3.1390398380116356,3.435083333333333,0.5963753330569492,3.066616628935891,2.3979583333333334,1.1820705297565124,2.6125010381719265,0,3
1.234,-1.6,2.2560000000000007,0.8876102748391318,2.093670073091037,2.8315,0.9065560655579961,2.5947427414368827,3.308583333333333,0.8580335295772462,2.7846756090996,2.4175833333333334,1.1573987669758001,2.5022209551181724,0,4
0.524,-0.71,1.5306666666666675,1.1832300424403277,1.3088350365455186,2.409,1.2892619594170913,2.0031019581692022,3.1130833333333334,1.1755595540641546,2.4368793615458157,2.3622916666666667,1.215862959925518,2.343963278708719,0,5
0.55,0.026000000000000023,0.7693333333333339,0.40262306607216,0.9294175182727593,1.8326666666666667,1.2014242658888945,1.5879299701208587,2.8455833333333334,1.3649363260762104,2.1465902290003056,2.344375,1.2400453993266962,2.2004462164120215,0,6
0.736,0.18599999999999994,0.6033333333333339,0.11562583333039624,0.8327087591363797,1.4296666666666666,1.067651940787199,1.3445214072291847,2.5629166666666667,1.4251158459025084,1.9295763476156431,2.3393333333333333,1.2465842955039592,2.0832905190990596,0,7
0.72,-0.016000000000000014,0.6686666666666673,0.10307925753199769,0.7763543795681898,1.0996666666666666,0.8872297710664783,1.1660867194494176,2.2927500000000003,1.442962049838015,1.743487678751698,2.3413333333333335,1.2438284051464963,1.974227277571135,0,8
0.719,-0.0010000000000000009,0.7250000000000005,0.009539392014903277,0.7476771897840948,0.7471666666666666,0.2558674787202908,1.038347656749584,1.9945000000000002,1.3581993092460183,1.5858741897129751,2.311833333333333,1.2744748847600174,1.8738090953654443,0,9
0.721,0.0020000000000000018,0.7200000000000006,0.0010000000070259324,0.7343385948920473,0.6616666666666666,0.09711573851173264,0.9476768976782742,1.7465833333333334,1.2891472486833597,1.452816622064825,2.272041666666667,1.3096140977955792,1.7815843677362087,0,10
0.73,0.009000000000000008,0.7233333333333339,0.005859465278278489,0.7321692974460237,0.6960000000000001,0.07183592416063335,0.8854834983416244,1.5525000000000002,1.2482675631013191,1.3416140648240826,2.235,1.341082431081894,1.697457618317312,0,11
0.733,0.0030000000000000027,0.7280000000000006,0.006244997999516879,0.7325846487230119,0.7265,0.007395944835651805,0.8419167845297317,1.2795833333333333,0.9949046969738369,1.2479811317742238,2.2064583333333334,1.3662788555898409,1.6203010088519272,0,12
0.728,-0.0050000000000000044,0.7303333333333338,0.0025166114811942942,0.7302923243615059,0.7251666666666666,0.0059132619321896115,0.8093691318069512,1.0774166666666667,0.8083956567664028,1.1679840345781893,2.1451249999999997,1.3992238007428328,1.5489169281437731,0,13
0.609,-0.119,0.6900000000000005,0.07019259220184389,0.669646162180753,0.7066666666666667,0.048144227760748705,0.7521208084335367,0.9031666666666666,0.6332326634504901,1.0819864907969294,2.1174166666666667,1.4235965145475333,1.4737235738922714,1,0
0.582,-0.027000000000000024,0.6396666666666672,0.07768097150105811,0.6258230810903764,0.6838333333333333,0.06906639317844133,0.7035148631668119,0.7154999999999999,0.18171531180792072,1.0050654922127864,2.0752916666666663,1.4544134475620323,1.4023856879808896,0,1
0.574,-0.008000000000000007,0.5883333333333338,0.018339392938391527,0.5999115405451882,0.6593333333333332,0.07865282364085387,0.6665106165477228,0.6605,0.08426419491960856,0.93874772418005,1.9845416666666666,1.47811004412264,1.3361148329424184,0,2
0.57,-0.0040000000000000036,0.5753333333333338,0.006110100927878134,0.584955770272594,0.6326666666666667,0.07700822466905394,0.6389361546769449,0.6643333333333333,0.07832720801322335,0.882017305075427,1.8887083333333334,1.49269363987934,1.274825646307025,0,3
0.569,-0.0010000000000000009,0.5710000000000005,0.002645751314006696,0.576977885136297,0.6053333333333333,0.061895611045369905,0.6189543961978178,0.6659166666666666,0.07596226136385356,0.8338607966022844,1.75575,1.4605346921441211,1.2183595946024632,0,4
0.574,0.0050000000000000044,0.5710000000000005,0.002645751314006696,0.5754889425681484,0.5796666666666667,0.015081998099719184,0.6061102829984413,0.6524166666666666,0.07676582849313653,0.7938822125096252,1.6076666666666666,1.387919796789008,1.166810827034266,0,5
0.961,0.387,0.7013333333333339,0.22489182584822323,0.7682444712840741,0.6383333333333333,0.15814002234311036,0.7075073449988866,0.6725,0.117023307701713,0.8195926413542982,1.4826249999999999,1.2989198459891003,1.150345960871525,1,0
2.964,2.003,1.4996666666666671,1.2828274760595595,1.866122235642037,1.0353333333333332,0.9575948342940642,1.3522195321420618,0.8595833333333333,0.6728127469246089,1.1495014657613292,1.4270416666666668,1.1978136052704589,1.295438284001803,1,0
2.21,-0.754,2.0450000000000004,1.011642723494812,2.0380611178210186,1.308,1.0301330011217034,1.5972996658157583,0.9836666666666666,0.7745442452686505,1.3126550864134323,1.365125,1.1106649912669828,1.368603221281659,0,1
1.314,-0.8959999999999999,2.162666666666667,0.8260177560641977,1.6760305589105093,1.4319999999999997,0.9663338967458434,1.5163569041541132,1.032333333333333,0.7755032774484768,1.312861996195981,1.2924166666666668,1.0504406908186374,1.3642349635791264,0,2
1.496,0.18199999999999994,1.6733333333333338,0.47359194812975597,1.5860152794552547,1.5865,0.8700702845172941,1.5105406458243666,1.0959166666666667,0.7799959741543321,1.3410370737042916,1.1877499999999999,0.8793011182306885,1.3747761664927964,0,3
1.425,-0.07099999999999995,1.4116666666666673,0.09172967531469918,1.5055076397276275,1.7283333333333335,0.7301146941862425,1.4861004613031192,1.1540000000000001,0.7760494361010277,1.3539544469805544,1.1157083333333333,0.7759568835605027,1.3787940731733728,0,4
0.944,-0.4810000000000001,1.288333333333334,0.3003070650739697,1.2247538198638137,1.7255,0.7337121370128777,1.3312146152165139,1.1819166666666667,0.7605322846931628,1.2908845320604692,1.0425416666666665,0.6990531471470762,1.344010547319503,0,5
0.615,-0.32899999999999996,0.9946666666666673,0.4073700201700471,0.9198769099319068,1.3339999999999999,0.5424688009461992,1.1265818680117956,1.1846666666666665,0.7582220031498703,1.1869022963588585,0.9500833333333333,0.5900565865765068,1.2856897035339427,0,6
0.595,-0.020000000000000018,0.7180000000000005,0.19597703947150055,0.7574384549659534,1.0648333333333333,0.403832349703037,0.9747013342941397,1.1864166666666667,0.7567071558383505,1.0958404046113417,0.9234583333333334,0.591104270884563,1.2304345272512274,0,7
0.84,0.245,0.6833333333333339,0.13604533558100323,0.7987192274829766,0.9858333333333333,0.39151572978192917,0.9362152387815283,1.2089166666666666,0.7405540258154776,1.056480342363443,0.9366249999999999,0.5853106059476305,1.1991997650711292,0,8
1.48,0.64,0.9716666666666672,0.4569555047631496,1.1393596137414883,0.9831666666666669,0.3873785831285418,1.0915823134153775,1.2848333333333335,0.7152530173217551,1.1216372127690672,0.975375,0.5893723863421229,1.221663783865439,0,9
1.025,-0.45500000000000007,1.1150000000000004,0.3293554311075044,1.082179806870744,0.9165,0.32563092604973876,1.0725587952966982,1.3224166666666666,0.6857467672456611,1.1067699492661338,0.9874166666666667,0.5872173819150692,1.205930681156204,0,10
1.389,0.3640000000000001,1.2980000000000005,0.24076336930689482,1.235589903435372,0.9906666666666667,0.3793872252286264,1.16297056806907,1.3580833333333333,0.6763055332040544,1.150189957071344,1.0152916666666667,0.5898440087939733,1.2205762266637077,0,11
1.049,-0.3400000000000001,1.1543333333333339,0.20358126960342654,1.142294951717686,1.063,0.3318306797148348,1.1304075486207643,1.1985,0.45148673593724625,1.1346222713680605,1.0290416666666666,0.5864735050293826,1.206850128530611,0,12
0.941,-0.10799999999999998,1.1263333333333339,0.2337976332928615,1.041647475858843,1.1206666666666665,0.2555250803085198,1.0762911061576887,1.09275,0.3235063930800013,1.104834229619128,1.0382083333333332,0.5831593845198952,1.1855821182481623,0,13
0.971,0.030000000000000027,0.9870000000000004,0.0557494394591678,1.0063237379294214,1.1424999999999998,0.231184558307878,1.0462079329697778,1.0641666666666667,0.31727356516342653,1.084244348139262,1.04825,0.5796860657136832,1.1684155487883092,0,14
0.857,-0.11399999999999999,0.9230000000000005,0.059093146810878884,0.9316618689647107,1.0386666666666666,0.18447077455975538,0.9921485235498413,1.0109166666666667,0.2907199396899518,1.0492836791947602,1.0534166666666667,0.5773018136624645,1.1435023048852444,0,15
1.362,0.5050000000000001,1.063333333333334,0.26485908202918773,1.1468309344823555,1.0948333333333333,0.22608707761983146,1.0978203739641723,1.0056666666666667,0.28302949840907543,1.0973938823955662,1.0798333333333334,0.5762683302124081,1.1609821204944248,1,0
0.507,-0.8550000000000001,0.9086666666666673,0.42983523975279836,0.8269154672411778,0.9478333333333332,0.27746597388991107,0.9290145528315517,0.9692500000000001,0.3176782606234224,1.0065640543347099,1.0755833333333333,0.5802540610476747,1.1086635508548708,1,0
0.501,-0.006000000000000005,0.7900000000000006,0.495375615063977,0.6639577336205889,0.8565,0.32382448950011616,0.8067246805939655,0.95975,0.33067372686132696,0.9287849690524468,1.0722083333333334,0.5834763867035062,1.060050466786481,0,1
0.553,0.052000000000000046,0.5203333333333339,0.028448784391421376,0.6084788668102945,0.7918333333333334,0.3418165687421808,0.7342319147099754,0.9562499999999999,0.33507831513352676,0.8709718968905319,1.0713333333333332,0.5842712046470457,1.0194864294435626,0,2
0.552,-0.0010000000000000009,0.5353333333333339,0.029737742573191856,0.5802394334051473,0.7220000000000001,0.34069106240113184,0.6821656533642682,0.9322499999999999,0.3539445578053091,0.8218992973689117,1.0705833333333332,0.5849538753029028,0.9820875150880776,0,3
1.248,0.696,0.7843333333333339,0.40154742351725636,0.9141197167025736,0.7871666666666668,0.403316955590362,0.8438326095459058,0.9129166666666667,0.326583821436761,0.8874532516198483,1.098875,0.5759911919993824,1.0033605138810313,0,4
2.225,0.9770000000000001,1.3416666666666675,0.840423900976966,1.5695598583512869,0.931,0.6965810792721909,1.238451863961361,1.0129166666666667,0.5011103051013656,1.093229674447564,1.1676666666666666,0.6082656503940325,1.1010916727705489,0,5
2.949,0.7239999999999998,2.140666666666667,0.8536300916282957,2.2592799291756434,1.338,1.03196705373767,1.7271799028295436,1.1429166666666666,0.7487205399678126,1.378732801455631,1.2505,0.7063521722939258,1.2489243389489049,0,6
3.309,0.3600000000000003,2.827666666666667,0.5520917798095939,2.7841399645878218,1.806,1.199575591615636,2.1791285020211024,1.33125,0.9734601009706636,1.6756969858470723,1.264875,0.7451830421475973,1.4137303918329926,0,7
2.807,-0.5020000000000002,3.021666666666667,0.25876888014852734,2.7955699822939106,2.1816666666666666,1.07518810757312,2.3585203585865018,1.48675,1.0513735712693337,1.849743603409061,1.28975,0.7869005378837526,1.5251919604863533,0,8
3.455,0.6480000000000001,3.1903333333333337,0.33990783064430996,3.1252849911469553,2.6655,0.8174525674312829,2.6718002561332153,1.6937499999999999,1.1775580375583101,2.0967061259615134,1.3789583333333333,0.9026196405904927,1.679576603647445,0,9
2.562,-0.8930000000000002,2.941333333333334,0.46140690646469934,2.8436424955734774,2.8845000000000005,0.4593002286086895,2.640428754380868,1.8358333333333334,1.1702574567809905,2.168289798890511,1.423375,0.9343016835420802,1.7501704753556495,0,10
2.48,-0.08199999999999985,2.832333333333334,0.5408015655795803,2.6618212477867385,2.9269999999999996,0.3930969346102742,2.594591967414906,1.929,1.1736036190066268,2.216245214445817,1.4673333333333332,0.9588768187954012,1.8085568373271976,0,11
1.104,-1.376,2.048666666666667,0.819132060984878,1.8829106238933693,2.6195,0.8400158927067966,2.1687085481535044,1.97875,1.1192383875572778,2.0451305660695374,1.4740000000000002,0.9556308182920669,1.7521922903410219,0,12
0.819,-0.28500000000000014,1.4676666666666671,0.8882118741231402,1.3509553119466846,2.2045,1.0257849189766826,1.7830775343953604,2.0052499999999998,1.0842881305261978,1.8564950943665317,1.4825,0.948539059726107,1.6775369071137403,0,13
1.299,0.48,1.0740000000000005,0.24140215409149204,1.3249776559733424,1.9531666666666665,1.0333524890697598,1.6447696674252574,2.0674166666666665,1.012461937182046,1.7707266183101422,1.5118333333333334,0.9306162365390717,1.6472539545446412,0,14
0.545,-0.7539999999999999,0.887666666666667,0.38166128089360596,0.9349888279866712,1.4681666666666666,0.8550048927735276,1.3305497624466125,2.0668333333333333,1.0134159904486246,1.5821532924162742,1.4995416666666666,0.9417571910445167,1.5590736381810701,0,15
0.538,-0.007000000000000006,0.7940000000000005,0.43735683371820744,0.7364944139933356,1.1308333333333334,0.7267933452272896,1.104106973176152,2.0076666666666667,1.083846964485411,1.421514324352232,1.4602916666666665,0.962019139245869,1.4773877471265846,0,16
