timestamp,consumption_kwh
2024-01-01 00:00:00,0.157
2024-01-01 00:10:00,0.195
2024-01-01 00:20:00,0.1849
2024-01-01 00:30:00,0.1526
2024-01-01 00:40:00,0.1277
2024-01-01 00:50:00,0.2699
2024-01-01 01:00:00,0.1197
2024-01-01 01:10:00,0.2459
2024-01-01 01:20:00,0.05
2024-01-01 01:30:00,0.1487
2024-01-01 01:40:00,0.05
2024-01-01 01:50:00,0.155
2024-01-01 02:00:00,0.2021
2024-01-01 02:10:00,0.05
2024-01-01 02:20:00,0.1229
2024-01-01 02:30:00,0.1887
2024-01-01 02:40:00,0.0846
2024-01-01 02:50:00,0.2866
2024-01-01 03:00:00,0.1481
2024-01-01 03:10:00,0.3606
2024-01-01 03:20:00,0.4337
2024-01-01 03:30:00,0.5638
2024-01-01 03:40:00,0.8294
2024-01-01 03:50:00,0.8545
2024-01-01 04:00:00,0.9553
2024-01-01 04:10:00,1.4268
2024-01-01 04:20:00,1.6141
2024-01-01 04:30:00,1.8504
2024-01-01 04:40:00,1.9506
2024-01-01 04:50:00,2.093
2024-01-01 05:00:00,2.3699
2024-01-01 05:10:00,2.3033
2024-01-01 05:20:00,2.4476
2024-01-01 05:30:00,2.5173
2024-01-01 05:40:00,2.7519
2024-01-01 05:50:00,2.93
2024-01-01 06:00:00,2.8519
2024-01-01 06:10:00,3.1239
2024-01-01 06:20:00,3.0407
2024-01-01 06:30:00,2.9182
2024-01-01 06:40:00,2.8649
2024-01-01 06:50:00,3.0259
2024-01-01 07:00:00,3.0678
2024-01-01 07:10:00,3.2425
2024-01-01 07:20:00,2.8653
2024-01-01 07:30:00,3.2088
2024-01-01 07:40:00,2.8946
2024-01-01 07:50:00,2.668
2024-01-01 08:00:00,2.4244
2024-01-01 08:10:00,2.3222
2024-01-01 08:20:00,2.0784
2024-01-01 08:30:00,1.9861
2024-01-01 08:40:00,1.7749
2024-01-01 08:50:00,1.7512
2024-01-01 09:00:00,1.313
2024-01-01 09:10:00,1.3556
2024-01-01 09:20:00,1.1406
2024-01-01 09:30:00,0.9648
2024-01-01 09:40:00,0.5835
2024-01-01 09:50:00,0.7022
2024-01-01 10:00:00,0.6645
2024-01-01 10:10:00,0.6409
2024-01-01 10:20:00,0.5822
2024-01-01 10:30:00,0.578
2024-01-01 10:40:00,0.409
2024-01-01 10:50:00,0.38
2024-01-01 11:00:00,0.3342
2024-01-01 11:10:00,0.4162
2024-01-01 11:20:00,0.3262
2024-01-01 11:30:00,0.4219
2024-01-01 11:40:00,0.4363
2024-01-01 11:50:00,0.4173
2024-01-01 12:00:00,0.2505
2024-01-01 12:10:00,0.0618
2024-01-01 12:20:00,0.3222
2024-01-01 12:30:00,0.3294
2024-01-01 12:40:00,0.05
2024-01-01 12:50:00,0.489
2024-01-01 13:00:00,0.3606
2024-01-01 13:10:00,0.4888
2024-01-01 13:20:00,0.3195
2024-01-01 13:30:00,0.3336
2024-01-01 13:40:00,0.3497
2024-01-01 13:50:00,0.2399
2024-01-01 14:00:00,0.1485
2024-01-01 14:10:00,0.134
2024-01-01 14:20:00,0.5967
2024-01-01 14:30:00,0.2749
2024-01-01 14:40:00,0.1466
2024-01-01 14:50:00,0.5323
2024-01-01 15:00:00,0.4699
2024-01-01 15:10:00,0.4462
2024-01-01 15:20:00,0.05
2024-01-01 15:30:00,0.4719
2024-01-01 15:40:00,0.1094
2024-01-01 15:50:00,0.2814
2024-01-01 16:00:00,0.2768
2024-01-01 16:10:00,0.3698
2024-01-01 16:20:00,0.3224
2024-01-01 16:30:00,0.2313
2024-01-01 16:40:00,0.5232
2024-01-01 16:50:00,0.5227
2024-01-01 17:00:00,0.3468
2024-01-01 17:10:00,0.2835
2024-01-01 17:20:00,0.4973
2024-01-01 17:30:00,0.4379
2024-01-01 17:40:00,0.1353
2024-01-01 17:50:00,0.5901
2024-01-01 18:00:00,0.1756
2024-01-01 18:10:00,0.2417
2024-01-01 18:20:00,0.1075
2024-01-01 18:30:00,0.2328
2024-01-01 18:40:00,0.4537
2024-01-01 18:50:00,0.3045
2024-01-01 19:00:00,0.3287
2024-01-01 19:10:00,0.1953
2024-01-01 19:20:00,0.3921
2024-01-01 19:30:00,0.051
2024-01-01 19:40:00,0.2573
2024-01-01 19:50:00,0.2815
2024-01-01 20:00:00,0.2577
2024-01-01 20:10:00,0.3337
2024-01-01 20:20:00,0.1031
2024-01-01 20:30:00,0.4171
2024-01-01 20:40:00,0.1603
2024-01-01 20:50:00,0.5493
2024-01-01 21:00:00,0.3491
2024-01-01 21:10:00,0.3809
2024-01-01 21:20:00,0.213
2024-01-01 21:30:00,0.2379
2024-01-01 21:40:00,0.4729
2024-01-01 21:50:00,0.1158
2024-01-01 22:00:00,0.2996
2024-01-01 22:10:00,0.3026
2024-01-01 22:20:00,0.3597
2024-01-01 22:30:00,0.3311
2024-01-01 22:40:00,0.3607
2024-01-01 22:50:00,0.2276
2024-01-01 23:00:00,0.6314
2024-01-01 23:10:00,0.302
2024-01-01 23:20:00,0.4358
2024-01-01 23:30:00,0.4364
2024-01-01 23:40:00,0.05
2024-01-01 23:50:00,0.0971
2024-01-02 00:00:00,0.141
2024-01-02 00:10:00,0.169
2024-01-02 00:20:00,0.2559
2024-01-02 00:30:00,0.2423
2024-01-02 00:40:00,0.0831
2024-01-02 00:50:00,0.05
2024-01-02 01:00:00,0.3567
2024-01-02 01:10:00,0.2395
2024-01-02 01:20:00,0.1905
2024-01-02 01:30:00,0.1536
2024-01-02 01:40:00,0.1722
2024-01-02 01:50:00,0.05
2024-01-02 02:00:00,0.05
2024-01-02 02:10:00,0.1723
2024-01-02 02:20:00,0.05
2024-01-02 02:30:00,0.1458
2024-01-02 02:40:00,0.2233
2024-01-02 02:50:00,0.4001
2024-01-02 03:00:00,0.1987
2024-01-02 03:10:00,0.1821
2024-01-02 03:20:00,0.5634
2024-01-02 03:30:00,0.5165
2024-01-02 03:40:00,0.4661
2024-01-02 03:50:00,0.4396
2024-01-02 04:00:00,1.0911
2024-01-02 04:10:00,1.3035
2024-01-02 04:20:00,1.3938
2024-01-02 04:30:00,1.5904
2024-01-02 04:40:00,1.8022
2024-01-02 04:50:00,1.978
2024-01-02 05:00:00,1.9902
2024-01-02 05:10:00,2.3366
2024-01-02 05:20:00,2.5398
2024-01-02 05:30:00,2.8415
2024-01-02 05:40:00,2.7472
2024-01-02 05:50:00,2.9065
2024-01-02 06:00:00,3.117
2024-01-02 06:10:00,3.0386
2024-01-02 06:20:00,3.0836
2024-01-02 06:30:00,3.0043
2024-01-02 06:40:00,3.3763
2024-01-02 06:50:00,3.249
2024-01-02 07:00:00,3.2571
2024-01-02 07:10:00,3.0233
2024-01-02 07:20:00,3.2548
2024-01-02 07:30:00,2.9631
2024-01-02 07:40:00,2.8936
2024-01-02 07:50:00,2.7213
2024-01-02 08:00:00,2.5575
2024-01-02 08:10:00,2.3958
2024-01-02 08:20:00,2.1059
2024-01-02 08:30:00,2.0764
2024-01-02 08:40:00,1.892
2024-01-02 08:50:00,1.6227
2024-01-02 09:00:00,1.4488
2024-01-02 09:10:00,1.3332
2024-01-02 09:20:00,1.0361
2024-01-02 09:30:00,1.0381
2024-01-02 09:40:00,1.0161
2024-01-02 09:50:00,0.6059
2024-01-02 10:00:00,0.8218
2024-01-02 10:10:00,0.4926
2024-01-02 10:20:00,0.5143
2024-01-02 10:30:00,0.5822
2024-01-02 10:40:00,0.3869
2024-01-02 10:50:00,0.4606
2024-01-02 11:00:00,0.245
2024-01-02 11:10:00,0.4077
2024-01-02 11:20:00,0.4265
2024-01-02 11:30:00,0.2475
2024-01-02 11:40:00,0.3315
2024-01-02 11:50:00,0.3434
2024-01-02 12:00:00,0.2746
2024-01-02 12:10:00,0.2273
2024-01-02 12:20:00,0.2631
2024-01-02 12:30:00,0.2876
2024-01-02 12:40:00,0.3058
2024-01-02 12:50:00,0.3398
2024-01-02 13:00:00,0.3193
2024-01-02 13:10:00,0.2552
2024-01-02 13:20:00,0.2496
2024-01-02 13:30:00,0.3788
2024-01-02 13:40:00,0.3319
2024-01-02 13:50:00,0.325
2024-01-02 14:00:00,0.2685
2024-01-02 14:10:00,0.164
2024-01-02 14:20:00,0.2783
2024-01-02 14:30:00,0.3154
2024-01-02 14:40:00,0.2069
2024-01-02 14:50:00,0.6818
2024-01-02 15:00:00,0.4283
2024-01-02 15:10:00,0.2963
2024-01-02 15:20:00,0.3698
2024-01-02 15:30:00,0.3138
2024-01-02 15:40:00,0.2806
2024-01-02 15:50:00,0.5239
2024-01-02 16:00:00,0.3315
2024-01-02 16:10:00,0.1708
2024-01-02 16:20:00,0.3335
2024-01-02 16:30:00,0.3148
2024-01-02 16:40:00,0.292
2024-01-02 16:50:00,0.3505
2024-01-02 17:00:00,0.2693
2024-01-02 17:10:00,0.0567
2024-01-02 17:20:00,0.3724
2024-01-02 17:30:00,0.2369
2024-01-02 17:40:00,0.2794
2024-01-02 17:50:00,0.2777
2024-01-02 18:00:00,0.3772
2024-01-02 18:10:00,0.3843
2024-01-02 18:20:00,0.2205
2024-01-02 18:30:00,0.3814
2024-01-02 18:40:00,0.2045
2024-01-02 18:50:00,0.503
2024-01-02 19:00:00,0.1548
2024-01-02 19:10:00,0.3768
2024-01-02 19:20:00,0.3232
2024-01-02 19:30:00,0.4007
2024-01-02 19:40:00,0.2525
2024-01-02 19:50:00,0.5019
2024-01-02 20:00:00,0.2568
2024-01-02 20:10:00,0.4367
2024-01-02 20:20:00,0.05
2024-01-02 20:30:00,0.2798
2024-01-02 20:40:00,0.466
2024-01-02 20:50:00,0.332
2024-01-02 21:00:00,0.6554
2024-01-02 21:10:00,0.5667
2024-01-02 21:20:00,0.1215
2024-01-02 21:30:00,0.7067
2024-01-02 21:40:00,0.4135
2024-01-02 21:50:00,0.3677
2024-01-02 22:00:00,0.1043
2024-01-02 22:10:00,0.4346
2024-01-02 22:20:00,0.4491
2024-01-02 22:30:00,0.2468
2024-01-02 22:40:00,0.4988
2024-01-02 22:50:00,0.1299
2024-01-02 23:00:00,0.3067
2024-01-02 23:10:00,0.4907
2024-01-02 23:20:00,0.2146
2024-01-02 23:30:00,0.2549
2024-01-02 23:40:00,0.2266
2024-01-02 23:50:00,0.2555
2024-01-03 00:00:00,0.2355
2024-01-03 00:10:00,0.1894
2024-01-03 00:20:00,0.5531
2024-01-03 00:30:00,0.1288
2024-01-03 00:40:00,0.1573
2024-01-03 00:50:00,0.0504
2024-01-03 01:00:00,0.05
2024-01-03 01:10:00,0.1874
2024-01-03 01:20:00,0.3062
2024-01-03 01:30:00,0.3488
2024-01-03 01:40:00,0.186
2024-01-03 01:50:00,0.0929
2024-01-03 02:00:00,0.2731
2024-01-03 02:10:00,0.0791
2024-01-03 02:20:00,0.2619
2024-01-03 02:30:00,0.05
2024-01-03 02:40:00,0.3389
2024-01-03 02:50:00,0.1561
2024-01-03 03:00:00,0.4153
2024-01-03 03:10:00,0.556
2024-01-03 03:20:00,0.4565
2024-01-03 03:30:00,0.555
2024-01-03 03:40:00,0.8674
2024-01-03 03:50:00,0.9438
2024-01-03 04:00:00,1.1901
2024-01-03 04:10:00,1.3107
2024-01-03 04:20:00,1.4461
2024-01-03 04:30:00,1.7084
2024-01-03 04:40:00,1.8288
2024-01-03 04:50:00,1.8676
2024-01-03 05:00:00,2.2597
2024-01-03 05:10:00,2.3276
2024-01-03 05:20:00,2.457
2024-01-03 05:30:00,2.681
2024-01-03 05:40:00,2.701
2024-01-03 05:50:00,2.5646
2024-01-03 06:00:00,3.1532
2024-01-03 06:10:00,3.0572
2024-01-03 06:20:00,3.2159
2024-01-03 06:30:00,3.184
2024-01-03 06:40:00,3.3409
2024-01-03 06:50:00,3.1309
2024-01-03 07:00:00,2.9907
2024-01-03 07:10:00,3.2085
2024-01-03 07:20:00,2.713
2024-01-03 07:30:00,2.956
2024-01-03 07:40:00,2.8417
2024-01-03 07:50:00,2.7687
2024-01-03 08:00:00,2.8524
2024-01-03 08:10:00,2.331
2024-01-03 08:20:00,2.2719
2024-01-03 08:30:00,2.1173
2024-01-03 08:40:00,1.8645
2024-01-03 08:50:00,1.564
2024-01-03 09:00:00,1.2931
2024-01-03 09:10:00,1.2341
2024-01-03 09:20:00,0.9851
2024-01-03 09:30:00,0.8545
2024-01-03 09:40:00,0.8951
2024-01-03 09:50:00,0.6028
2024-01-03 10:00:00,0.7536
2024-01-03 10:10:00,0.4448
2024-01-03 10:20:00,0.6299
2024-01-03 10:30:00,0.3421
2024-01-03 10:40:00,0.5133
2024-01-03 10:50:00,0.4156
2024-01-03 11:00:00,0.4384
2024-01-03 11:10:00,0.2915
2024-01-03 11:20:00,0.2682
2024-01-03 11:30:00,0.5486
2024-01-03 11:40:00,0.1843
2024-01-03 11:50:00,0.2061
2024-01-03 12:00:00,0.0525
2024-01-03 12:10:00,0.2103
2024-01-03 12:20:00,0.1116
2024-01-03 12:30:00,0.519
2024-01-03 12:40:00,0.3919
2024-01-03 12:50:00,0.2208
2024-01-03 13:00:00,0.4064
2024-01-03 13:10:00,0.05
2024-01-03 13:20:00,0.1583
2024-01-03 13:30:00,0.3962
2024-01-03 13:40:00,0.151
2024-01-03 13:50:00,0.2171
2024-01-03 14:00:00,0.4239
2024-01-03 14:10:00,0.352
2024-01-03 14:20:00,0.1409
2024-01-03 14:30:00,0.254
2024-01-03 14:40:00,0.2203
2024-01-03 14:50:00,0.2115
2024-01-03 15:00:00,0.2239
2024-01-03 15:10:00,0.461
2024-01-03 15:20:00,0.1976
2024-01-03 15:30:00,0.455
2024-01-03 15:40:00,0.4136
2024-01-03 15:50:00,0.4267
2024-01-03 16:00:00,0.37
2024-01-03 16:10:00,0.3707
2024-01-03 16:20:00,0.329
2024-01-03 16:30:00,0.2339
2024-01-03 16:40:00,0.507
2024-01-03 16:50:00,0.248
2024-01-03 17:00:00,0.2876
2024-01-03 17:10:00,0.3885
2024-01-03 17:20:00,0.3622
2024-01-03 17:30:00,0.1356
2024-01-03 17:40:00,0.2787
2024-01-03 17:50:00,0.276
2024-01-03 18:00:00,0.4713
2024-01-03 18:10:00,0.3631
2024-01-03 18:20:00,0.531
2024-01-03 18:30:00,0.2902
2024-01-03 18:40:00,0.2947
2024-01-03 18:50:00,0.2909
2024-01-03 19:00:00,0.3606
2024-01-03 19:10:00,0.6581
2024-01-03 19:20:00,0.3152
2024-01-03 19:30:00,0.186
2024-01-03 19:40:00,0.3441
2024-01-03 19:50:00,0.2144
2024-01-03 20:00:00,0.2302
2024-01-03 20:10:00,0.3266
2024-01-03 20:20:00,0.5383
2024-01-03 20:30:00,0.2641
2024-01-03 20:40:00,0.3408
2024-01-03 20:50:00,0.2989
2024-01-03 21:00:00,0.3887
2024-01-03 21:10:00,0.05
2024-01-03 21:20:00,0.2648
2024-01-03 21:30:00,0.285
2024-01-03 21:40:00,0.3341
2024-01-03 21:50:00,0.4016
2024-01-03 22:00:00,0.4797
2024-01-03 22:10:00,0.3148
2024-01-03 22:20:00,0.5013
2024-01-03 22:30:00,0.4065
2024-01-03 22:40:00,0.45
2024-01-03 22:50:00,0.357
2024-01-03 23:00:00,0.3456
2024-01-03 23:10:00,0.4812
2024-01-03 23:20:00,0.3592
2024-01-03 23:30:00,0.3702
2024-01-03 23:40:00,0.1827
2024-01-03 23:50:00,0.3026
2024-01-04 00:00:00,0.2063
2024-01-04 00:10:00,0.3598
2024-01-04 00:20:00,0.2917
2024-01-04 00:30:00,0.2875
2024-01-04 00:40:00,0.1572
2024-01-04 00:50:00,0.1135
2024-01-04 01:00:00,0.186
2024-01-04 01:10:00,0.2831
2024-01-04 01:20:00,0.05
2024-01-04 01:30:00,0.05
2024-01-04 01:40:00,0.3472
2024-01-04 01:50:00,0.05
2024-01-04 02:00:00,0.2398
2024-01-04 02:10:00,0.05
2024-01-04 02:20:00,0.05
2024-01-04 02:30:00,0.1964
2024-01-04 02:40:00,0.0565
2024-01-04 02:50:00,0.1264
2024-01-04 03:00:00,0.05
2024-01-04 03:10:00,0.2055
2024-01-04 03:20:00,0.2271
2024-01-04 03:30:00,0.3826
2024-01-04 03:40:00,0.7841
2024-01-04 03:50:00,0.6782
2024-01-04 04:00:00,1.0565
2024-01-04 04:10:00,1.1895
2024-01-04 04:20:00,1.258
2024-01-04 04:30:00,1.4482
2024-01-04 04:40:00,1.8818
2024-01-04 04:50:00,2.0942
2024-01-04 05:00:00,2.3599
2024-01-04 05:10:00,2.3698
2024-01-04 05:20:00,2.5035
2024-01-04 05:30:00,2.4827
2024-01-04 05:40:00,2.8557
2024-01-04 05:50:00,2.7915
2024-01-04 06:00:00,2.9914
2024-01-04 06:10:00,3.0928
2024-01-04 06:20:00,3.0508
2024-01-04 06:30:00,3.3894
2024-01-04 06:40:00,3.5369
2024-01-04 06:50:00,3.387
2024-01-04 07:00:00,3.3446
2024-01-04 07:10:00,3.1649
2024-01-04 07:20:00,3.1514
2024-01-04 07:30:00,3.0365
2024-01-04 07:40:00,2.7656
2024-01-04 07:50:00,2.8486
2024-01-04 08:00:00,2.4699
2024-01-04 08:10:00,2.5379
2024-01-04 08:20:00,2.3273
2024-01-04 08:30:00,2.0136
2024-01-04 08:40:00,1.7062
2024-01-04 08:50:00,1.7787
2024-01-04 09:00:00,1.3759
2024-01-04 09:10:00,1.3839
2024-01-04 09:20:00,1.2115
2024-01-04 09:30:00,1.0387
2024-01-04 09:40:00,0.9233
2024-01-04 09:50:00,0.7408
2024-01-04 10:00:00,0.5619
2024-01-04 10:10:00,0.6631
2024-01-04 10:20:00,0.7834
2024-01-04 10:30:00,0.5995
2024-01-04 10:40:00,0.5144
2024-01-04 10:50:00,0.331
2024-01-04 11:00:00,0.7283
2024-01-04 11:10:00,0.4179
2024-01-04 11:20:00,0.3736
2024-01-04 11:30:00,0.4258
2024-01-04 11:40:00,0.186
2024-01-04 11:50:00,0.3419
2024-01-04 12:00:00,0.4185
2024-01-04 12:10:00,0.3167
2024-01-04 12:20:00,0.1047
2024-01-04 12:30:00,0.402
2024-01-04 12:40:00,0.2707
2024-01-04 12:50:00,0.4636
2024-01-04 13:00:00,0.298
2024-01-04 13:10:00,0.1946
2024-01-04 13:20:00,0.3274
2024-01-04 13:30:00,0.3179
2024-01-04 13:40:00,0.4266
2024-01-04 13:50:00,0.3626
2024-01-04 14:00:00,0.2078
2024-01-04 14:10:00,0.3762
2024-01-04 14:20:00,0.4213
2024-01-04 14:30:00,0.1998
2024-01-04 14:40:00,0.3279
2024-01-04 14:50:00,0.1632
2024-01-04 15:00:00,0.4908
2024-01-04 15:10:00,0.4336
2024-01-04 15:20:00,0.2458
2024-01-04 15:30:00,0.2368
2024-01-04 15:40:00,0.2966
2024-01-04 15:50:00,0.2958
2024-01-04 16:00:00,0.2753
2024-01-04 16:10:00,0.2966
2024-01-04 16:20:00,0.164
2024-01-04 16:30:00,0.1601
2024-01-04 16:40:00,0.1661
2024-01-04 16:50:00,0.3293
2024-01-04 17:00:00,0.4419
2024-01-04 17:10:00,0.5859
2024-01-04 17:20:00,0.5099
2024-01-04 17:30:00,0.1978
2024-01-04 17:40:00,0.4581
2024-01-04 17:50:00,0.3218
2024-01-04 18:00:00,0.3762
2024-01-04 18:10:00,0.5116
2024-01-04 18:20:00,0.4692
2024-01-04 18:30:00,0.2233
2024-01-04 18:40:00,0.2628
2024-01-04 18:50:00,0.2912
2024-01-04 19:00:00,0.3251
2024-01-04 19:10:00,0.3569
2024-01-04 19:20:00,0.5
2024-01-04 19:30:00,0.2875
2024-01-04 19:40:00,0.254
2024-01-04 19:50:00,0.3251
2024-01-04 20:00:00,0.2299
2024-01-04 20:10:00,0.5017
2024-01-04 20:20:00,0.1568
2024-01-04 20:30:00,0.05
2024-01-04 20:40:00,0.191
2024-01-04 20:50:00,0.05
2024-01-04 21:00:00,0.346
2024-01-04 21:10:00,0.1375
2024-01-04 21:20:00,0.5734
2024-01-04 21:30:00,0.33
2024-01-04 21:40:00,0.2618
2024-01-04 21:50:00,0.1448
2024-01-04 22:00:00,0.327
2024-01-04 22:10:00,0.5321
2024-01-04 22:20:00,0.0544
2024-01-04 22:30:00,0.407
2024-01-04 22:40:00,0.1927
2024-01-04 22:50:00,0.4507
2024-01-04 23:00:00,0.2013
2024-01-04 23:10:00,0.5001
2024-01-04 23:20:00,0.3793
2024-01-04 23:30:00,0.1696
2024-01-04 23:40:00,0.1792
2024-01-04 23:50:00,0.2735
2024-01-05 00:00:00,0.1118
2024-01-05 00:10:00,0.05
2024-01-05 00:20:00,0.3816
2024-01-05 00:30:00,0.05
2024-01-05 00:40:00,0.397
2024-01-05 00:50:00,0.1119
2024-01-05 01:00:00,0.2057
2024-01-05 01:10:00,0.4254
2024-01-05 01:20:00,0.1938
2024-01-05 01:30:00,0.05
2024-01-05 01:40:00,0.3227
2024-01-05 01:50:00,0.05
2024-01-05 02:00:00,0.1198
2024-01-05 02:10:00,0.2581
2024-01-05 02:20:00,0.05
2024-01-05 02:30:00,0.05
2024-01-05 02:40:00,0.05
2024-01-05 02:50:00,0.1605
2024-01-05 03:00:00,0.05
2024-01-05 03:10:00,0.0764
2024-01-05 03:20:00,0.3447
2024-01-05 03:30:00,0.4926
2024-01-05 03:40:00,0.7324
2024-01-05 03:50:00,0.8055
2024-01-05 04:00:00,0.9312
2024-01-05 04:10:00,1.3699
2024-01-05 04:20:00,1.4484
2024-01-05 04:30:00,1.846
2024-01-05 04:40:00,1.8067
2024-01-05 04:50:00,1.7982
2024-01-05 05:00:00,2.1184
2024-01-05 05:10:00,2.2409
2024-01-05 05:20:00,2.5863
2024-01-05 05:30:00,2.7462
2024-01-05 05:40:00,2.7024
2024-01-05 05:50:00,2.9481
2024-01-05 06:00:00,3.1283
2024-01-05 06:10:00,3.0128
2024-01-05 06:20:00,3.6094
2024-01-05 06:30:00,3.1501
2024-01-05 06:40:00,3.1943
2024-01-05 06:50:00,3.114
2024-01-05 07:00:00,2.9844
2024-01-05 07:10:00,3.0071
2024-01-05 07:20:00,2.9604
2024-01-05 07:30:00,2.9872
2024-01-05 07:40:00,2.836
2024-01-05 07:50:00,2.536
2024-01-05 08:00:00,2.6073
2024-01-05 08:10:00,2.3984
2024-01-05 08:20:00,2.3769
2024-01-05 08:30:00,2.3037
2024-01-05 08:40:00,1.9435
2024-01-05 08:50:00,1.7668
2024-01-05 09:00:00,1.3987
2024-01-05 09:10:00,1.3104
2024-01-05 09:20:00,0.8458
2024-01-05 09:30:00,0.9602
2024-01-05 09:40:00,0.9565
2024-01-05 09:50:00,0.9841
2024-01-05 10:00:00,0.6432
2024-01-05 10:10:00,0.5559
2024-01-05 10:20:00,0.4687
2024-01-05 10:30:00,0.3503
2024-01-05 10:40:00,0.2996
2024-01-05 10:50:00,0.2768
2024-01-05 11:00:00,0.529
2024-01-05 11:10:00,0.3212
2024-01-05 11:20:00,0.1851
2024-01-05 11:30:00,0.1892
2024-01-05 11:40:00,0.0641
2024-01-05 11:50:00,0.2645
2024-01-05 12:00:00,0.2231
2024-01-05 12:10:00,0.3277
2024-01-05 12:20:00,0.4014
2024-01-05 12:30:00,0.199
2024-01-05 12:40:00,0.2736
2024-01-05 12:50:00,0.4394
2024-01-05 13:00:00,0.2123
2024-01-05 13:10:00,0.1408
2024-01-05 13:20:00,0.3575
2024-01-05 13:30:00,0.451
2024-01-05 13:40:00,0.4433
2024-01-05 13:50:00,0.2109
2024-01-05 14:00:00,0.1614
2024-01-05 14:10:00,0.2699
2024-01-05 14:20:00,0.306
2024-01-05 14:30:00,0.3001
2024-01-05 14:40:00,0.2275
2024-01-05 14:50:00,0.4551
2024-01-05 15:00:00,0.4758
2024-01-05 15:10:00,0.1253
2024-01-05 15:20:00,0.1779
2024-01-05 15:30:00,0.2714
2024-01-05 15:40:00,0.2878
2024-01-05 15:50:00,0.3655
2024-01-05 16:00:00,0.2525
2024-01-05 16:10:00,0.2743
2024-01-05 16:20:00,0.05
2024-01-05 16:30:00,0.4602
2024-01-05 16:40:00,0.0696
2024-01-05 16:50:00,0.0699
2024-01-05 17:00:00,0.0952
2024-01-05 17:10:00,0.1887
2024-01-05 17:20:00,0.4344
2024-01-05 17:30:00,0.4342
2024-01-05 17:40:00,0.2316
2024-01-05 17:50:00,0.1052
2024-01-05 18:00:00,0.3466
2024-01-05 18:10:00,0.2584
2024-01-05 18:20:00,0.4115
2024-01-05 18:30:00,0.1399
2024-01-05 18:40:00,0.262
2024-01-05 18:50:00,0.3945
2024-01-05 19:00:00,0.4244
2024-01-05 19:10:00,0.485
2024-01-05 19:20:00,0.4868
2024-01-05 19:30:00,0.2821
2024-01-05 19:40:00,0.4256
2024-01-05 19:50:00,0.4323
2024-01-05 20:00:00,0.1421
2024-01-05 20:10:00,0.3808
2024-01-05 20:20:00,0.2737
2024-01-05 20:30:00,0.3859
2024-01-05 20:40:00,0.3657
2024-01-05 20:50:00,0.44
2024-01-05 21:00:00,0.3848
2024-01-05 21:10:00,0.2648
2024-01-05 21:20:00,0.3285
2024-01-05 21:30:00,0.1948
2024-01-05 21:40:00,0.4702
2024-01-05 21:50:00,0.4201
2024-01-05 22:00:00,0.1374
2024-01-05 22:10:00,0.3464
2024-01-05 22:20:00,0.4987
2024-01-05 22:30:00,0.4006
2024-01-05 22:40:00,0.3615
2024-01-05 22:50:00,0.3872
2024-01-05 23:00:00,0.3207
2024-01-05 23:10:00,0.2076
2024-01-05 23:20:00,0.2506
2024-01-05 23:30:00,0.2139
2024-01-05 23:40:00,0.354
2024-01-05 23:50:00,0.4682
2024-01-06 00:00:00,0.3444
2024-01-06 00:10:00,0.05
2024-01-06 00:20:00,0.0662
2024-01-06 00:30:00,0.0891
2024-01-06 00:40:00,0.1761
2024-01-06 00:50:00,0.05
2024-01-06 01:00:00,0.2304
2024-01-06 01:10:00,0.05
2024-01-06 01:20:00,0.1871
2024-01-06 01:30:00,0.1458
2024-01-06 01:40:00,0.05
2024-01-06 01:50:00,0.0598
2024-01-06 02:00:00,0.05
2024-01-06 02:10:00,0.05
2024-01-06 02:20:00,0.1587
2024-01-06 02:30:00,0.1087
2024-01-06 02:40:00,0.05
2024-01-06 02:50:00,0.3628
2024-01-06 03:00:00,0.1568
2024-01-06 03:10:00,0.1479
2024-01-06 03:20:00,0.3645
2024-01-06 03:30:00,0.6482
2024-01-06 03:40:00,0.4089
2024-01-06 03:50:00,0.6954
2024-01-06 04:00:00,0.7925
2024-01-06 04:10:00,1.0076
2024-01-06 04:20:00,1.0046
2024-01-06 04:30:00,1.3414
2024-01-06 04:40:00,1.4933
2024-01-06 04:50:00,1.7195
2024-01-06 05:00:00,1.8272
2024-01-06 05:10:00,2.0388
2024-01-06 05:20:00,2.1123
2024-01-06 05:30:00,2.308
2024-01-06 05:40:00,2.3916
2024-01-06 05:50:00,2.4487
2024-01-06 06:00:00,2.5373
2024-01-06 06:10:00,2.5626
2024-01-06 06:20:00,2.469
2024-01-06 06:30:00,2.5906
2024-01-06 06:40:00,2.5089
2024-01-06 06:50:00,2.6342
2024-01-06 07:00:00,2.2377
2024-01-06 07:10:00,2.4501
2024-01-06 07:20:00,2.2714
2024-01-06 07:30:00,2.3509
2024-01-06 07:40:00,2.1453
2024-01-06 07:50:00,2.3814
2024-01-06 08:00:00,1.8916
2024-01-06 08:10:00,1.8601
2024-01-06 08:20:00,1.9765
2024-01-06 08:30:00,1.7848
2024-01-06 08:40:00,1.6358
2024-01-06 08:50:00,1.1324
2024-01-06 09:00:00,1.174
2024-01-06 09:10:00,0.936
2024-01-06 09:20:00,0.9931
2024-01-06 09:30:00,0.9107
2024-01-06 09:40:00,0.8755
2024-01-06 09:50:00,0.6287
2024-01-06 10:00:00,0.4612
2024-01-06 10:10:00,0.386
2024-01-06 10:20:00,0.4209
2024-01-06 10:30:00,0.4333
2024-01-06 10:40:00,0.4335
2024-01-06 10:50:00,0.3474
2024-01-06 11:00:00,0.1409
2024-01-06 11:10:00,0.2965
2024-01-06 11:20:00,0.3126
2024-01-06 11:30:00,0.05
2024-01-06 11:40:00,0.2793
2024-01-06 11:50:00,0.2481
2024-01-06 12:00:00,0.3442
2024-01-06 12:10:00,0.1456
2024-01-06 12:20:00,0.2327
2024-01-06 12:30:00,0.2037
2024-01-06 12:40:00,0.2625
2024-01-06 12:50:00,0.1274
2024-01-06 13:00:00,0.3512
2024-01-06 13:10:00,0.0537
2024-01-06 13:20:00,0.2998
2024-01-06 13:30:00,0.579
2024-01-06 13:40:00,0.216
2024-01-06 13:50:00,0.3954
2024-01-06 14:00:00,0.185
2024-01-06 14:10:00,0.4423
2024-01-06 14:20:00,0.2183
2024-01-06 14:30:00,0.2555
2024-01-06 14:40:00,0.2563
2024-01-06 14:50:00,0.0828
2024-01-06 15:00:00,0.3149
2024-01-06 15:10:00,0.2351
2024-01-06 15:20:00,0.2213
2024-01-06 15:30:00,0.05
2024-01-06 15:40:00,0.458
2024-01-06 15:50:00,0.5388
2024-01-06 16:00:00,0.05
2024-01-06 16:10:00,0.2589
2024-01-06 16:20:00,0.262
2024-01-06 16:30:00,0.475
2024-01-06 16:40:00,0.15
2024-01-06 16:50:00,0.4292
2024-01-06 17:00:00,0.1344
2024-01-06 17:10:00,0.2336
2024-01-06 17:20:00,0.3783
2024-01-06 17:30:00,0.309
2024-01-06 17:40:00,0.2487
2024-01-06 17:50:00,0.2821
2024-01-06 18:00:00,0.3866
2024-01-06 18:10:00,0.2294
2024-01-06 18:20:00,0.2885
2024-01-06 18:30:00,0.409
2024-01-06 18:40:00,0.2541
2024-01-06 18:50:00,0.1837
2024-01-06 19:00:00,0.3356
2024-01-06 19:10:00,0.4001
2024-01-06 19:20:00,0.3991
2024-01-06 19:30:00,0.3332
2024-01-06 19:40:00,0.4473
2024-01-06 19:50:00,0.2651
2024-01-06 20:00:00,0.1822
2024-01-06 20:10:00,0.0624
2024-01-06 20:20:00,0.1144
2024-01-06 20:30:00,0.3031
2024-01-06 20:40:00,0.3032
2024-01-06 20:50:00,0.431
2024-01-06 21:00:00,0.3284
2024-01-06 21:10:00,0.2975
2024-01-06 21:20:00,0.1695
2024-01-06 21:30:00,0.3963
2024-01-06 21:40:00,0.5573
2024-01-06 21:50:00,0.2012
2024-01-06 22:00:00,0.1467
2024-01-06 22:10:00,0.1549
2024-01-06 22:20:00,0.4565
2024-01-06 22:30:00,0.341
2024-01-06 22:40:00,0.2535
2024-01-06 22:50:00,0.3164
2024-01-06 23:00:00,0.05
2024-01-06 23:10:00,0.4658
2024-01-06 23:20:00,0.334
2024-01-06 23:30:00,0.3527
2024-01-06 23:40:00,0.184
2024-01-06 23:50:00,0.0857
2024-01-07 00:00:00,0.2258
2024-01-07 00:10:00,0.2579
2024-01-07 00:20:00,0.2
2024-01-07 00:30:00,0.2838
2024-01-07 00:40:00,0.05
2024-01-07 00:50:00,0.05
2024-01-07 01:00:00,0.05
2024-01-07 01:10:00,0.05
2024-01-07 01:20:00,0.05
2024-01-07 01:30:00,0.05
2024-01-07 01:40:00,0.0945
2024-01-07 01:50:00,0.1895
2024-01-07 02:00:00,0.1209
2024-01-07 02:10:00,0.05
2024-01-07 02:20:00,0.1774
2024-01-07 02:30:00,0.05
2024-01-07 02:40:00,0.05
2024-01-07 02:50:00,0.2462
2024-01-07 03:00:00,0.3245
2024-01-07 03:10:00,0.4385
2024-01-07 03:20:00,0.3796
2024-01-07 03:30:00,0.6339
2024-01-07 03:40:00,0.3443
2024-01-07 03:50:00,0.6338
2024-01-07 04:00:00,0.9378
2024-01-07 04:10:00,0.9678
2024-01-07 04:20:00,1.191
2024-01-07 04:30:00,1.3501
2024-01-07 04:40:00,1.5683
2024-01-07 04:50:00,1.8663
2024-01-07 05:00:00,1.8374
2024-01-07 05:10:00,2.0029
2024-01-07 05:20:00,1.944
2024-01-07 05:30:00,2.1305
2024-01-07 05:40:00,2.3187
2024-01-07 05:50:00,2.3702
2024-01-07 06:00:00,2.3149
2024-01-07 06:10:00,2.6521
2024-01-07 06:20:00,2.4945
2024-01-07 06:30:00,2.5782
2024-01-07 06:40:00,2.4212
2024-01-07 06:50:00,2.6571
2024-01-07 07:00:00,2.5122
2024-01-07 07:10:00,2.573
2024-01-07 07:20:00,2.0783
2024-01-07 07:30:00,2.2589
2024-01-07 07:40:00,2.3799
2024-01-07 07:50:00,2.1545
2024-01-07 08:00:00,2.3238
2024-01-07 08:10:00,1.9578
2024-01-07 08:20:00,1.8955
2024-01-07 08:30:00,1.7281
2024-01-07 08:40:00,1.4031
2024-01-07 08:50:00,1.3098
2024-01-07 09:00:00,1.291
2024-01-07 09:10:00,1.1238
2024-01-07 09:20:00,0.7119
2024-01-07 09:30:00,0.9512
2024-01-07 09:40:00,0.7352
2024-01-07 09:50:00,0.374
2024-01-07 10:00:00,0.462
2024-01-07 10:10:00,0.5638
2024-01-07 10:20:00,0.3399
2024-01-07 10:30:00,0.3042
2024-01-07 10:40:00,0.4375
2024-01-07 10:50:00,0.2242
2024-01-07 11:00:00,0.381
2024-01-07 11:10:00,0.1205
2024-01-07 11:20:00,0.3712
2024-01-07 11:30:00,0.4069
2024-01-07 11:40:00,0.2759
2024-01-07 11:50:00,0.2503
2024-01-07 12:00:00,0.1104
2024-01-07 12:10:00,0.3688
2024-01-07 12:20:00,0.2606
2024-01-07 12:30:00,0.3921
2024-01-07 12:40:00,0.3165
2024-01-07 12:50:00,0.4275
2024-01-07 13:00:00,0.3573
2024-01-07 13:10:00,0.3683
2024-01-07 13:20:00,0.2797
2024-01-07 13:30:00,0.2015
2024-01-07 13:40:00,0.2381
2024-01-07 13:50:00,0.1904
2024-01-07 14:00:00,0.3126
2024-01-07 14:10:00,0.05
2024-01-07 14:20:00,0.2876
2024-01-07 14:30:00,0.2689
2024-01-07 14:40:00,0.263
2024-01-07 14:50:00,0.1403
2024-01-07 15:00:00,0.0753
2024-01-07 15:10:00,0.1443
2024-01-07 15:20:00,0.2354
2024-01-07 15:30:00,0.2313
2024-01-07 15:40:00,0.2193
2024-01-07 15:50:00,0.2411
2024-01-07 16:00:00,0.1262
2024-01-07 16:10:00,0.2683
2024-01-07 16:20:00,0.05
2024-01-07 16:30:00,0.3945
2024-01-07 16:40:00,0.1997
2024-01-07 16:50:00,0.4355
2024-01-07 17:00:00,0.2219
2024-01-07 17:10:00,0.2964
2024-01-07 17:20:00,0.4644
2024-01-07 17:30:00,0.284
2024-01-07 17:40:00,0.1526
2024-01-07 17:50:00,0.3674
2024-01-07 18:00:00,0.2832
2024-01-07 18:10:00,0.0947
2024-01-07 18:20:00,0.0616
2024-01-07 18:30:00,0.1447
2024-01-07 18:40:00,0.4414
2024-01-07 18:50:00,0.2622
2024-01-07 19:00:00,0.2354
2024-01-07 19:10:00,0.4029
2024-01-07 19:20:00,0.4796
2024-01-07 19:30:00,0.2495
2024-01-07 19:40:00,0.3314
2024-01-07 19:50:00,0.3335
2024-01-07 20:00:00,0.3902
2024-01-07 20:10:00,0.2307
2024-01-07 20:20:00,0.4026
2024-01-07 20:30:00,0.05
2024-01-07 20:40:00,0.2917
2024-01-07 20:50:00,0.1248
2024-01-07 21:00:00,0.1734
2024-01-07 21:10:00,0.4377
2024-01-07 21:20:00,0.1961
2024-01-07 21:30:00,0.2441
2024-01-07 21:40:00,0.2125
2024-01-07 21:50:00,0.2593
2024-01-07 22:00:00,0.3787
2024-01-07 22:10:00,0.2283
2024-01-07 22:20:00,0.3735
2024-01-07 22:30:00,0.3178
2024-01-07 22:40:00,0.0838
2024-01-07 22:50:00,0.2995
2024-01-07 23:00:00,0.4035
2024-01-07 23:10:00,0.2496
2024-01-07 23:20:00,0.277
2024-01-07 23:30:00,0.3105
2024-01-07 23:40:00,0.3868
2024-01-07 23:50:00,0.4337
2024-01-08 00:00:00,0.374
2024-01-08 00:10:00,0.2586
2024-01-08 00:20:00,0.3219
2024-01-08 00:30:00,0.3285
2024-01-08 00:40:00,0.0578
2024-01-08 00:50:00,0.05
2024-01-08 01:00:00,0.05
2024-01-08 01:10:00,0.0984
2024-01-08 01:20:00,0.1376
2024-01-08 01:30:00,0.05
2024-01-08 01:40:00,0.139
2024-01-08 01:50:00,0.1079
2024-01-08 02:00:00,0.05
2024-01-08 02:10:00,0.1833
2024-01-08 02:20:00,0.05
2024-01-08 02:30:00,0.1109
2024-01-08 02:40:00,0.3256
2024-01-08 02:50:00,0.1482
2024-01-08 03:00:00,0.3418
2024-01-08 03:10:00,0.4229
2024-01-08 03:20:00,0.3842
2024-01-08 03:30:00,0.3754
2024-01-08 03:40:00,0.6156
2024-01-08 03:50:00,0.893
2024-01-08 04:00:00,1.1631
2024-01-08 04:10:00,1.0029
2024-01-08 04:20:00,1.3064
2024-01-08 04:30:00,1.6159
2024-01-08 04:40:00,1.7097
2024-01-08 04:50:00,2.2097
2024-01-08 05:00:00,2.202
2024-01-08 05:10:00,2.4431
2024-01-08 05:20:00,2.4735
2024-01-08 05:30:00,2.8329
2024-01-08 05:40:00,2.7574
2024-01-08 05:50:00,3.0514
2024-01-08 06:00:00,3.295
2024-01-08 06:10:00,3.2652
2024-01-08 06:20:00,3.231
2024-01-08 06:30:00,3.1299
2024-01-08 06:40:00,3.143
2024-01-08 06:50:00,3.2764
2024-01-08 07:00:00,3.2001
2024-01-08 07:10:00,3.2423
2024-01-08 07:20:00,3.042
2024-01-08 07:30:00,3.0216
2024-01-08 07:40:00,2.8514
2024-01-08 07:50:00,2.7917
2024-01-08 08:00:00,2.5212
2024-01-08 08:10:00,2.2107
2024-01-08 08:20:00,2.3591
2024-01-08 08:30:00,2.033
2024-01-08 08:40:00,2.0447
2024-01-08 08:50:00,1.699
2024-01-08 09:00:00,1.5106
2024-01-08 09:10:00,1.5085
2024-01-08 09:20:00,1.0904
2024-01-08 09:30:00,0.9711
2024-01-08 09:40:00,0.9526
2024-01-08 09:50:00,0.6694
2024-01-08 10:00:00,0.913
2024-01-08 10:10:00,0.555
2024-01-08 10:20:00,0.5022
2024-01-08 10:30:00,0.648
2024-01-08 10:40:00,0.4355
2024-01-08 10:50:00,0.2857
2024-01-08 11:00:00,0.494
2024-01-08 11:10:00,0.4607
2024-01-08 11:20:00,0.1892
2024-01-08 11:30:00,0.2342
2024-01-08 11:40:00,0.1888
2024-01-08 11:50:00,0.05
2024-01-08 12:00:00,0.5844
2024-01-08 12:10:00,0.1244
2024-01-08 12:20:00,0.1986
2024-01-08 12:30:00,0.3698
2024-01-08 12:40:00,0.3491
2024-01-08 12:50:00,0.3901
2024-01-08 13:00:00,0.3418
2024-01-08 13:10:00,0.5029
2024-01-08 13:20:00,0.2289
2024-01-08 13:30:00,0.5326
2024-01-08 13:40:00,0.2515
2024-01-08 13:50:00,0.1396
2024-01-08 14:00:00,0.2543
2024-01-08 14:10:00,0.3706
2024-01-08 14:20:00,0.4687
2024-01-08 14:30:00,0.393
2024-01-08 14:40:00,0.1495
2024-01-08 14:50:00,0.1914
2024-01-08 15:00:00,0.2305
2024-01-08 15:10:00,0.3383
2024-01-08 15:20:00,0.4373
2024-01-08 15:30:00,0.3242
2024-01-08 15:40:00,0.092
2024-01-08 15:50:00,0.4804
2024-01-08 16:00:00,0.222
2024-01-08 16:10:00,0.4691
2024-01-08 16:20:00,0.2607
2024-01-08 16:30:00,0.2779
2024-01-08 16:40:00,0.3496
2024-01-08 16:50:00,0.4217
2024-01-08 17:00:00,0.5873
2024-01-08 17:10:00,0.2519
2024-01-08 17:20:00,0.2824
2024-01-08 17:30:00,0.1878
2024-01-08 17:40:00,0.1957
2024-01-08 17:50:00,0.2782
2024-01-08 18:00:00,0.4343
2024-01-08 18:10:00,0.2303
2024-01-08 18:20:00,0.4325
2024-01-08 18:30:00,0.2547
2024-01-08 18:40:00,0.4482
2024-01-08 18:50:00,0.05
2024-01-08 19:00:00,0.2217
2024-01-08 19:10:00,0.4364
2024-01-08 19:20:00,0.364
2024-01-08 19:30:00,0.2878
2024-01-08 19:40:00,0.3445
2024-01-08 19:50:00,0.3635
2024-01-08 20:00:00,0.2994
2024-01-08 20:10:00,0.2653
2024-01-08 20:20:00,0.424
2024-01-08 20:30:00,0.4177
2024-01-08 20:40:00,0.4404
2024-01-08 20:50:00,0.5787
2024-01-08 21:00:00,0.3451
2024-01-08 21:10:00,0.5805
2024-01-08 21:20:00,0.5137
2024-01-08 21:30:00,0.5189
2024-01-08 21:40:00,0.3679
2024-01-08 21:50:00,0.4344
2024-01-08 22:00:00,0.5259
2024-01-08 22:10:00,0.1655
2024-01-08 22:20:00,0.3007
2024-01-08 22:30:00,0.3415
2024-01-08 22:40:00,0.462
2024-01-08 22:50:00,0.3992
2024-01-08 23:00:00,0.4255
2024-01-08 23:10:00,0.3714
2024-01-08 23:20:00,0.3413
2024-01-08 23:30:00,0.0983
2024-01-08 23:40:00,0.2494
2024-01-08 23:50:00,0.4199
2024-01-09 00:00:00,0.2549
2024-01-09 00:10:00,0.05
2024-01-09 00:20:00,0.1592
2024-01-09 00:30:00,0.4691
2024-01-09 00:40:00,0.05
2024-01-09 00:50:00,0.05
2024-01-09 01:00:00,0.2955
2024-01-09 01:10:00,0.1105
2024-01-09 01:20:00,0.1808
2024-01-09 01:30:00,0.207
2024-01-09 01:40:00,0.05
2024-01-09 01:50:00,0.2083
2024-01-09 02:00:00,0.05
2024-01-09 02:10:00,0.1356
2024-01-09 02:20:00,0.1965
2024-01-09 02:30:00,0.111
2024-01-09 02:40:00,0.05
2024-01-09 02:50:00,0.1741
2024-01-09 03:00:00,0.4538
2024-01-09 03:10:00,0.3993
2024-01-09 03:20:00,0.3544
2024-01-09 03:30:00,0.5518
2024-01-09 03:40:00,0.8209
2024-01-09 03:50:00,1.0581
2024-01-09 04:00:00,0.7985
2024-01-09 04:10:00,1.3635
2024-01-09 04:20:00,1.5426
2024-01-09 04:30:00,1.4941
2024-01-09 04:40:00,1.8866
2024-01-09 04:50:00,1.9928
2024-01-09 05:00:00,2.109
2024-01-09 05:10:00,2.3947
2024-01-09 05:20:00,2.4041
2024-01-09 05:30:00,2.7542
2024-01-09 05:40:00,2.822
2024-01-09 05:50:00,2.9632
2024-01-09 06:00:00,3.0518
2024-01-09 06:10:00,3.1399
2024-01-09 06:20:00,3.1156
2024-01-09 06:30:00,2.9078
2024-01-09 06:40:00,3.4958
2024-01-09 06:50:00,3.4488
2024-01-09 07:00:00,3.2818
2024-01-09 07:10:00,3.0786
2024-01-09 07:20:00,3.1548
2024-01-09 07:30:00,2.7299
2024-01-09 07:40:00,2.9634
2024-01-09 07:50:00,2.6437
2024-01-09 08:00:00,2.3926
2024-01-09 08:10:00,2.5557
2024-01-09 08:20:00,2.2993
2024-01-09 08:30:00,1.9913
2024-01-09 08:40:00,1.865
2024-01-09 08:50:00,1.5675
2024-01-09 09:00:00,1.5768
2024-01-09 09:10:00,1.3993
2024-01-09 09:20:00,1.225
2024-01-09 09:30:00,0.7502
2024-01-09 09:40:00,0.928
2024-01-09 09:50:00,0.635
2024-01-09 10:00:00,0.7973
2024-01-09 10:10:00,0.5885
2024-01-09 10:20:00,0.8123
2024-01-09 10:30:00,0.3994
2024-01-09 10:40:00,0.2453
2024-01-09 10:50:00,0.2834
2024-01-09 11:00:00,0.3693
2024-01-09 11:10:00,0.2075
2024-01-09 11:20:00,0.05
2024-01-09 11:30:00,0.4082
2024-01-09 11:40:00,0.588
2024-01-09 11:50:00,0.4937
2024-01-09 12:00:00,0.2637
2024-01-09 12:10:00,0.2336
2024-01-09 12:20:00,0.2999
2024-01-09 12:30:00,0.4543
2024-01-09 12:40:00,0.2304
2024-01-09 12:50:00,0.2783
2024-01-09 13:00:00,0.5964
2024-01-09 13:10:00,0.3227
2024-01-09 13:20:00,0.4894
2024-01-09 13:30:00,0.347
2024-01-09 13:40:00,0.2985
2024-01-09 13:50:00,0.3016
2024-01-09 14:00:00,0.1151
2024-01-09 14:10:00,0.3607
2024-01-09 14:20:00,0.3705
2024-01-09 14:30:00,0.1645
2024-01-09 14:40:00,0.4549
2024-01-09 14:50:00,0.319
2024-01-09 15:00:00,0.2703
2024-01-09 15:10:00,0.5019
2024-01-09 15:20:00,0.1141
2024-01-09 15:30:00,0.363
2024-01-09 15:40:00,0.3894
2024-01-09 15:50:00,0.3406
2024-01-09 16:00:00,0.2336
2024-01-09 16:10:00,0.5895
2024-01-09 16:20:00,0.3987
2024-01-09 16:30:00,0.1844
2024-01-09 16:40:00,0.2221
2024-01-09 16:50:00,0.0681
2024-01-09 17:00:00,0.2839
2024-01-09 17:10:00,0.5733
2024-01-09 17:20:00,0.1205
2024-01-09 17:30:00,0.3449
2024-01-09 17:40:00,0.2592
2024-01-09 17:50:00,0.3463
2024-01-09 18:00:00,0.3528
2024-01-09 18:10:00,0.3278
2024-01-09 18:20:00,0.1187
2024-01-09 18:30:00,0.1958
2024-01-09 18:40:00,0.2516
2024-01-09 18:50:00,0.3196
2024-01-09 19:00:00,0.4808
2024-01-09 19:10:00,0.5862
2024-01-09 19:20:00,0.2893
2024-01-09 19:30:00,0.248
2024-01-09 19:40:00,0.3241
2024-01-09 19:50:00,0.3408
2024-01-09 20:00:00,0.5457
2024-01-09 20:10:00,0.1169
2024-01-09 20:20:00,0.3967
2024-01-09 20:30:00,0.4546
2024-01-09 20:40:00,0.1857
2024-01-09 20:50:00,0.4738
2024-01-09 21:00:00,0.1739
2024-01-09 21:10:00,0.1117
2024-01-09 21:20:00,0.2746
2024-01-09 21:30:00,0.4042
2024-01-09 21:40:00,0.0569
2024-01-09 21:50:00,0.0789
2024-01-09 22:00:00,0.4442
2024-01-09 22:10:00,0.2846
2024-01-09 22:20:00,0.3535
2024-01-09 22:30:00,0.3807
2024-01-09 22:40:00,0.1136
2024-01-09 22:50:00,0.2289
2024-01-09 23:00:00,0.2994
2024-01-09 23:10:00,0.1885
2024-01-09 23:20:00,0.2533
2024-01-09 23:30:00,0.4255
2024-01-09 23:40:00,0.05
2024-01-09 23:50:00,0.3257
2024-01-10 00:00:00,0.1149
2024-01-10 00:10:00,0.2014
2024-01-10 00:20:00,0.1904
2024-01-10 00:30:00,0.2209
2024-01-10 00:40:00,0.1788
2024-01-10 00:50:00,0.2077
2024-01-10 01:00:00,0.2279
2024-01-10 01:10:00,0.05
2024-01-10 01:20:00,0.0604
2024-01-10 01:30:00,0.05
2024-01-10 01:40:00,0.05
2024-01-10 01:50:00,0.05
2024-01-10 02:00:00,0.2243
2024-01-10 02:10:00,0.0585
2024-01-10 02:20:00,0.1583
2024-01-10 02:30:00,0.1477
2024-01-10 02:40:00,0.05
2024-01-10 02:50:00,0.2448
2024-01-10 03:00:00,0.0992
2024-01-10 03:10:00,0.4225
2024-01-10 03:20:00,0.3551
2024-01-10 03:30:00,0.382
2024-01-10 03:40:00,0.715
2024-01-10 03:50:00,0.7635
2024-01-10 04:00:00,1.1113
2024-01-10 04:10:00,1.3092
2024-01-10 04:20:00,1.0259
2024-01-10 04:30:00,2.0657
2024-01-10 04:40:00,1.6575
2024-01-10 04:50:00,2.1222
2024-01-10 05:00:00,2.1688
2024-01-10 05:10:00,2.4591
2024-01-10 05:20:00,2.5096
2024-01-10 05:30:00,2.94
2024-01-10 05:40:00,2.7
2024-01-10 05:50:00,3.1375
2024-01-10 06:00:00,2.8485
2024-01-10 06:10:00,3.181
2024-01-10 06:20:00,3.0365
2024-01-10 06:30:00,3.3353
2024-01-10 06:40:00,3.2912
2024-01-10 06:50:00,3.2979
2024-01-10 07:00:00,3.1571
2024-01-10 07:10:00,3.1003
2024-01-10 07:20:00,3.0402
2024-01-10 07:30:00,2.8094
2024-01-10 07:40:00,3.1828
2024-01-10 07:50:00,2.613
2024-01-10 08:00:00,2.5175
2024-01-10 08:10:00,2.4505
2024-01-10 08:20:00,2.1789
2024-01-10 08:30:00,2.0949
2024-01-10 08:40:00,1.6338
2024-01-10 08:50:00,1.6864
2024-01-10 09:00:00,1.3895
2024-01-10 09:10:00,1.392
2024-01-10 09:20:00,1.3774
2024-01-10 09:30:00,1.277
2024-01-10 09:40:00,0.8397
2024-01-10 09:50:00,0.4561
2024-01-10 10:00:00,0.7247
2024-01-10 10:10:00,0.5495
2024-01-10 10:20:00,0.4067
2024-01-10 10:30:00,0.5063
2024-01-10 10:40:00,0.4559
2024-01-10 10:50:00,0.4874
2024-01-10 11:00:00,0.3027
2024-01-10 11:10:00,0.2712
2024-01-10 11:20:00,0.2537
2024-01-10 11:30:00,0.2374
2024-01-10 11:40:00,0.4065
2024-01-10 11:50:00,0.2102
2024-01-10 12:00:00,0.1245
2024-01-10 12:10:00,0.3724
2024-01-10 12:20:00,0.3654
2024-01-10 12:30:00,0.5551
2024-01-10 12:40:00,0.6285
2024-01-10 12:50:00,0.5031
2024-01-10 13:00:00,0.3927
2024-01-10 13:10:00,0.3027
2024-01-10 13:20:00,0.2063
2024-01-10 13:30:00,0.5944
2024-01-10 13:40:00,0.3559
2024-01-10 13:50:00,0.4939
2024-01-10 14:00:00,0.2985
2024-01-10 14:10:00,0.3717
2024-01-10 14:20:00,0.3301
2024-01-10 14:30:00,0.218
2024-01-10 14:40:00,0.3763
2024-01-10 14:50:00,0.5985
2024-01-10 15:00:00,0.2367
2024-01-10 15:10:00,0.2777
2024-01-10 15:20:00,0.0666
2024-01-10 15:30:00,0.3852
2024-01-10 15:40:00,0.3827
2024-01-10 15:50:00,0.3787
2024-01-10 16:00:00,0.2699
2024-01-10 16:10:00,0.2537
2024-01-10 16:20:00,0.3299
2024-01-10 16:30:00,0.3728
2024-01-10 16:40:00,0.3035
2024-01-10 16:50:00,0.2437
2024-01-10 17:00:00,0.0989
2024-01-10 17:10:00,0.4314
2024-01-10 17:20:00,0.3227
2024-01-10 17:30:00,0.1208
2024-01-10 17:40:00,0.3862
2024-01-10 17:50:00,0.3913
2024-01-10 18:00:00,0.242
2024-01-10 18:10:00,0.1697
2024-01-10 18:20:00,0.4411
2024-01-10 18:30:00,0.2415
2024-01-10 18:40:00,0.05
2024-01-10 18:50:00,0.296
2024-01-10 19:00:00,0.3236
2024-01-10 19:10:00,0.3196
2024-01-10 19:20:00,0.2121
2024-01-10 19:30:00,0.3127
2024-01-10 19:40:00,0.3966
2024-01-10 19:50:00,0.05
2024-01-10 20:00:00,0.3759
2024-01-10 20:10:00,0.4155
2024-01-10 20:20:00,0.2609
2024-01-10 20:30:00,0.1309
2024-01-10 20:40:00,0.4221
2024-01-10 20:50:00,0.4727
2024-01-10 21:00:00,0.1595
2024-01-10 21:10:00,0.283
2024-01-10 21:20:00,0.1772
2024-01-10 21:30:00,0.2241
2024-01-10 21:40:00,0.299
2024-01-10 21:50:00,0.4258
2024-01-10 22:00:00,0.385
2024-01-10 22:10:00,0.3233
2024-01-10 22:20:00,0.5923
2024-01-10 22:30:00,0.1362
2024-01-10 22:40:00,0.2313
2024-01-10 22:50:00,0.3189
2024-01-10 23:00:00,0.2646
2024-01-10 23:10:00,0.2783
2024-01-10 23:20:00,0.4176
2024-01-10 23:30:00,0.1903
2024-01-10 23:40:00,0.536
2024-01-10 23:50:00,0.1865
2024-01-11 00:00:00,0.1552
2024-01-11 00:10:00,0.3865
2024-01-11 00:20:00,0.3817
2024-01-11 00:30:00,0.165
2024-01-11 00:40:00,0.3504
2024-01-11 00:50:00,0.0509
2024-01-11 01:00:00,0.05
2024-01-11 01:10:00,0.2555
2024-01-11 01:20:00,0.05
2024-01-11 01:30:00,0.0899
2024-01-11 01:40:00,0.3393
2024-01-11 01:50:00,0.05
2024-01-11 02:00:00,0.05
2024-01-11 02:10:00,0.05
2024-01-11 02:20:00,0.05
2024-01-11 02:30:00,0.05
2024-01-11 02:40:00,0.05
2024-01-11 02:50:00,0.3013
2024-01-11 03:00:00,0.05
2024-01-11 03:10:00,0.4135
2024-01-11 03:20:00,0.2187
2024-01-11 03:30:00,0.5762
2024-01-11 03:40:00,0.8133
2024-01-11 03:50:00,0.8521
2024-01-11 04:00:00,0.8735
2024-01-11 04:10:00,1.2128
2024-01-11 04:20:00,1.3466
2024-01-11 04:30:00,1.5963
2024-01-11 04:40:00,1.6598
2024-01-11 04:50:00,2.0791
2024-01-11 05:00:00,2.1952
2024-01-11 05:10:00,2.5192
2024-01-11 05:20:00,2.7298
2024-01-11 05:30:00,2.7984
2024-01-11 05:40:00,2.8494
2024-01-11 05:50:00,2.9081
2024-01-11 06:00:00,2.989
2024-01-11 06:10:00,3.2169
2024-01-11 06:20:00,3.2894
2024-01-11 06:30:00,3.2305
2024-01-11 06:40:00,3.2504
2024-01-11 06:50:00,3.0548
2024-01-11 07:00:00,3.2161
2024-01-11 07:10:00,3.08
2024-01-11 07:20:00,3.2137
2024-01-11 07:30:00,3.0088
2024-01-11 07:40:00,2.8131
2024-01-11 07:50:00,2.7722
2024-01-11 08:00:00,2.818
2024-01-11 08:10:00,2.5262
2024-01-11 08:20:00,2.1668
2024-01-11 08:30:00,2.1275
2024-01-11 08:40:00,2.2547
2024-01-11 08:50:00,1.8079
2024-01-11 09:00:00,1.4977
2024-01-11 09:10:00,1.5036
2024-01-11 09:20:00,0.9472
2024-01-11 09:30:00,0.8961
2024-01-11 09:40:00,0.6553
2024-01-11 09:50:00,0.5777
2024-01-11 10:00:00,0.6851
2024-01-11 10:10:00,0.4197
2024-01-11 10:20:00,0.3987
2024-01-11 10:30:00,0.2504
2024-01-11 10:40:00,0.4897
2024-01-11 10:50:00,0.2357
2024-01-11 11:00:00,0.4826
2024-01-11 11:10:00,0.3322
2024-01-11 11:20:00,0.5174
2024-01-11 11:30:00,0.2797
2024-01-11 11:40:00,0.4319
2024-01-11 11:50:00,0.3412
2024-01-11 12:00:00,0.3903
2024-01-11 12:10:00,0.4324
2024-01-11 12:20:00,0.3317
2024-01-11 12:30:00,0.3564
2024-01-11 12:40:00,0.3794
2024-01-11 12:50:00,0.0965
2024-01-11 13:00:00,0.3539
2024-01-11 13:10:00,0.4146
2024-01-11 13:20:00,0.2951
2024-01-11 13:30:00,0.1298
2024-01-11 13:40:00,0.3706
2024-01-11 13:50:00,0.1233
2024-01-11 14:00:00,0.087
2024-01-11 14:10:00,0.4568
2024-01-11 14:20:00,0.3735
2024-01-11 14:30:00,0.2016
2024-01-11 14:40:00,0.3607
2024-01-11 14:50:00,0.2799
2024-01-11 15:00:00,0.4104
2024-01-11 15:10:00,0.7025
2024-01-11 15:20:00,0.1905
2024-01-11 15:30:00,0.26
2024-01-11 15:40:00,0.1523
2024-01-11 15:50:00,0.4415
2024-01-11 16:00:00,0.2758
2024-01-11 16:10:00,0.2768
2024-01-11 16:20:00,0.2502
2024-01-11 16:30:00,0.2296
2024-01-11 16:40:00,0.2375
2024-01-11 16:50:00,0.2552
2024-01-11 17:00:00,0.4078
2024-01-11 17:10:00,0.4265
2024-01-11 17:20:00,0.326
2024-01-11 17:30:00,0.4931
2024-01-11 17:40:00,0.3874
2024-01-11 17:50:00,0.2239
2024-01-11 18:00:00,0.4195
2024-01-11 18:10:00,0.4273
2024-01-11 18:20:00,0.328
2024-01-11 18:30:00,0.2691
2024-01-11 18:40:00,0.1305
2024-01-11 18:50:00,0.2443
2024-01-11 19:00:00,0.0646
2024-01-11 19:10:00,0.2597
2024-01-11 19:20:00,0.3118
2024-01-11 19:30:00,0.4469
2024-01-11 19:40:00,0.2369
2024-01-11 19:50:00,0.3384
2024-01-11 20:00:00,0.4541
2024-01-11 20:10:00,0.1577
2024-01-11 20:20:00,0.3792
2024-01-11 20:30:00,0.09
2024-01-11 20:40:00,0.1816
2024-01-11 20:50:00,0.1937
2024-01-11 21:00:00,0.2158
2024-01-11 21:10:00,0.2125
2024-01-11 21:20:00,0.3498
2024-01-11 21:30:00,0.2785
2024-01-11 21:40:00,0.1711
2024-01-11 21:50:00,0.108
2024-01-11 22:00:00,0.3939
2024-01-11 22:10:00,0.4301
2024-01-11 22:20:00,0.3044
2024-01-11 22:30:00,0.05
2024-01-11 22:40:00,0.2394
2024-01-11 22:50:00,0.2172
2024-01-11 23:00:00,0.2383
2024-01-11 23:10:00,0.4765
2024-01-11 23:20:00,0.3929
2024-01-11 23:30:00,0.4087
2024-01-11 23:40:00,0.4435
2024-01-11 23:50:00,0.2542
2024-01-12 00:00:00,0.2079
2024-01-12 00:10:00,0.2498
2024-01-12 00:20:00,0.1501
2024-01-12 00:30:00,0.1308
2024-01-12 00:40:00,0.2984
2024-01-12 00:50:00,0.2447
2024-01-12 01:00:00,0.05
2024-01-12 01:10:00,0.1023
2024-01-12 01:20:00,0.259
2024-01-12 01:30:00,0.1936
2024-01-12 01:40:00,0.106
2024-01-12 01:50:00,0.2908
2024-01-12 02:00:00,0.05
2024-01-12 02:10:00,0.0609
2024-01-12 02:20:00,0.05
2024-01-12 02:30:00,0.0903
2024-01-12 02:40:00,0.3671
2024-01-12 02:50:00,0.1737
2024-01-12 03:00:00,0.2708
2024-01-12 03:10:00,0.3059
2024-01-12 03:20:00,0.4929
2024-01-12 03:30:00,0.4713
2024-01-12 03:40:00,0.9305
2024-01-12 03:50:00,0.9995
2024-01-12 04:00:00,1.1249
2024-01-12 04:10:00,1.3732
2024-01-12 04:20:00,1.415
2024-01-12 04:30:00,1.5371
2024-01-12 04:40:00,1.8786
2024-01-12 04:50:00,2.1913
2024-01-12 05:00:00,2.1984
2024-01-12 05:10:00,2.3855
2024-01-12 05:20:00,2.6147
2024-01-12 05:30:00,2.5005
2024-01-12 05:40:00,2.7613
2024-01-12 05:50:00,2.9386
2024-01-12 06:00:00,3.2607
2024-01-12 06:10:00,3.2319
2024-01-12 06:20:00,3.0911
2024-01-12 06:30:00,3.2974
2024-01-12 06:40:00,3.2708
2024-01-12 06:50:00,3.1738
2024-01-12 07:00:00,3.1228
2024-01-12 07:10:00,3.4529
2024-01-12 07:20:00,2.8365
2024-01-12 07:30:00,2.8996
2024-01-12 07:40:00,2.9632
2024-01-12 07:50:00,2.6129
2024-01-12 08:00:00,2.5069
2024-01-12 08:10:00,2.2627
2024-01-12 08:20:00,2.2773
2024-01-12 08:30:00,2.1122
2024-01-12 08:40:00,1.7401
2024-01-12 08:50:00,1.8844
2024-01-12 09:00:00,1.3913
2024-01-12 09:10:00,1.4035
2024-01-12 09:20:00,1.0158
2024-01-12 09:30:00,1.1065
2024-01-12 09:40:00,0.9686
2024-01-12 09:50:00,0.6898
2024-01-12 10:00:00,0.7334
2024-01-12 10:10:00,0.6449
2024-01-12 10:20:00,0.5007
2024-01-12 10:30:00,0.5819
2024-01-12 10:40:00,0.3143
2024-01-12 10:50:00,0.557
2024-01-12 11:00:00,0.4406
2024-01-12 11:10:00,0.1849
2024-01-12 11:20:00,0.409
2024-01-12 11:30:00,0.2989
2024-01-12 11:40:00,0.2437
2024-01-12 11:50:00,0.4149
2024-01-12 12:00:00,0.4477
2024-01-12 12:10:00,0.05
2024-01-12 12:20:00,0.3012
2024-01-12 12:30:00,0.2902
2024-01-12 12:40:00,0.2382
2024-01-12 12:50:00,0.3318
2024-01-12 13:00:00,0.4417
2024-01-12 13:10:00,0.1378
2024-01-12 13:20:00,0.209
2024-01-12 13:30:00,0.2112
2024-01-12 13:40:00,0.3809
2024-01-12 13:50:00,0.2322
2024-01-12 14:00:00,0.4056
2024-01-12 14:10:00,0.4255
2024-01-12 14:20:00,0.2786
2024-01-12 14:30:00,0.3302
2024-01-12 14:40:00,0.2886
2024-01-12 14:50:00,0.5706
2024-01-12 15:00:00,0.1818
2024-01-12 15:10:00,0.1106
2024-01-12 15:20:00,0.05
2024-01-12 15:30:00,0.3342
2024-01-12 15:40:00,0.3371
2024-01-12 15:50:00,0.1587
2024-01-12 16:00:00,0.2073
2024-01-12 16:10:00,0.4348
2024-01-12 16:20:00,0.4132
2024-01-12 16:30:00,0.275
2024-01-12 16:40:00,0.2472
2024-01-12 16:50:00,0.2417
2024-01-12 17:00:00,0.3525
2024-01-12 17:10:00,0.3545
2024-01-12 17:20:00,0.4093
2024-01-12 17:30:00,0.3943
2024-01-12 17:40:00,0.2045
2024-01-12 17:50:00,0.3211
2024-01-12 18:00:00,0.368
2024-01-12 18:10:00,0.2367
2024-01-12 18:20:00,0.3044
2024-01-12 18:30:00,0.2208
2024-01-12 18:40:00,0.1948
2024-01-12 18:50:00,0.1444
2024-01-12 19:00:00,0.1561
2024-01-12 19:10:00,0.2548
2024-01-12 19:20:00,0.2252
2024-01-12 19:30:00,0.4214
2024-01-12 19:40:00,0.2108
2024-01-12 19:50:00,0.2857
2024-01-12 20:00:00,0.3324
2024-01-12 20:10:00,0.1962
2024-01-12 20:20:00,0.2563
2024-01-12 20:30:00,0.05
2024-01-12 20:40:00,0.4453
2024-01-12 20:50:00,0.3452
2024-01-12 21:00:00,0.6707
2024-01-12 21:10:00,0.2891
2024-01-12 21:20:00,0.3902
2024-01-12 21:30:00,0.4309
2024-01-12 21:40:00,0.3298
2024-01-12 21:50:00,0.1123
2024-01-12 22:00:00,0.5834
2024-01-12 22:10:00,0.2786
2024-01-12 22:20:00,0.2601
2024-01-12 22:30:00,0.3255
2024-01-12 22:40:00,0.5235
2024-01-12 22:50:00,0.4172
2024-01-12 23:00:00,0.4231
2024-01-12 23:10:00,0.2782
2024-01-12 23:20:00,0.5033
2024-01-12 23:30:00,0.2764
2024-01-12 23:40:00,0.1277
2024-01-12 23:50:00,0.2974
2024-01-13 00:00:00,0.2008
2024-01-13 00:10:00,0.0638
2024-01-13 00:20:00,0.1022
2024-01-13 00:30:00,0.0752
2024-01-13 00:40:00,0.3149
2024-01-13 00:50:00,0.0796
2024-01-13 01:00:00,0.2016
2024-01-13 01:10:00,0.1988
2024-01-13 01:20:00,0.2038
2024-01-13 01:30:00,0.1595
2024-01-13 01:40:00,0.1146
2024-01-13 01:50:00,0.05
2024-01-13 02:00:00,0.05
2024-01-13 02:10:00,0.05
2024-01-13 02:20:00,0.05
2024-01-13 02:30:00,0.05
2024-01-13 02:40:00,0.1197
2024-01-13 02:50:00,0.1589
2024-01-13 03:00:00,0.05
2024-01-13 03:10:00,0.3741
2024-01-13 03:20:00,0.3882
2024-01-13 03:30:00,0.4092
2024-01-13 03:40:00,0.5619
2024-01-13 03:50:00,0.8405
2024-01-13 04:00:00,0.8412
2024-01-13 04:10:00,1.0528
2024-01-13 04:20:00,0.9615
2024-01-13 04:30:00,1.2858
2024-01-13 04:40:00,1.4076
2024-01-13 04:50:00,1.5583
2024-01-13 05:00:00,1.7678
2024-01-13 05:10:00,1.9782
2024-01-13 05:20:00,2.11
2024-01-13 05:30:00,2.2526
2024-01-13 05:40:00,2.0077
2024-01-13 05:50:00,2.4578
2024-01-13 06:00:00,2.5643
2024-01-13 06:10:00,2.3961
2024-01-13 06:20:00,2.666
2024-01-13 06:30:00,2.743
2024-01-13 06:40:00,2.6322
2024-01-13 06:50:00,2.5666
2024-01-13 07:00:00,2.5659
2024-01-13 07:10:00,2.3921
2024-01-13 07:20:00,2.4043
2024-01-13 07:30:00,2.422
2024-01-13 07:40:00,2.4742
2024-01-13 07:50:00,2.2898
2024-01-13 08:00:00,1.8214
2024-01-13 08:10:00,1.8082
2024-01-13 08:20:00,1.7261
2024-01-13 08:30:00,1.7139
2024-01-13 08:40:00,1.5143
2024-01-13 08:50:00,1.7305
2024-01-13 09:00:00,1.3003
2024-01-13 09:10:00,1.1369
2024-01-13 09:20:00,1.0221
2024-01-13 09:30:00,0.8538
2024-01-13 09:40:00,0.8754
2024-01-13 09:50:00,0.5994
2024-01-13 10:00:00,0.403
2024-01-13 10:10:00,0.5396
2024-01-13 10:20:00,0.5632
2024-01-13 10:30:00,0.4022
2024-01-13 10:40:00,0.3006
2024-01-13 10:50:00,0.6529
2024-01-13 11:00:00,0.1377
2024-01-13 11:10:00,0.2814
2024-01-13 11:20:00,0.361
2024-01-13 11:30:00,0.2478
2024-01-13 11:40:00,0.2683
2024-01-13 11:50:00,0.2151
2024-01-13 12:00:00,0.3286
2024-01-13 12:10:00,0.2757
2024-01-13 12:20:00,0.2919
2024-01-13 12:30:00,0.1594
2024-01-13 12:40:00,0.309
2024-01-13 12:50:00,0.05
2024-01-13 13:00:00,0.3244
2024-01-13 13:10:00,0.5872
2024-01-13 13:20:00,0.3078
2024-01-13 13:30:00,0.2419
2024-01-13 13:40:00,0.3257
2024-01-13 13:50:00,0.2545
2024-01-13 14:00:00,0.4636
2024-01-13 14:10:00,0.4053
2024-01-13 14:20:00,0.2205
2024-01-13 14:30:00,0.1231
2024-01-13 14:40:00,0.274
2024-01-13 14:50:00,0.2737
2024-01-13 15:00:00,0.2986
2024-01-13 15:10:00,0.3873
2024-01-13 15:20:00,0.4833
2024-01-13 15:30:00,0.1985
2024-01-13 15:40:00,0.067
2024-01-13 15:50:00,0.1118
2024-01-13 16:00:00,0.1569
2024-01-13 16:10:00,0.3841
2024-01-13 16:20:00,0.05
2024-01-13 16:30:00,0.2645
2024-01-13 16:40:00,0.0876
2024-01-13 16:50:00,0.2215
2024-01-13 17:00:00,0.1832
2024-01-13 17:10:00,0.05
2024-01-13 17:20:00,0.3227
2024-01-13 17:30:00,0.1213
2024-01-13 17:40:00,0.2801
2024-01-13 17:50:00,0.4885
2024-01-13 18:00:00,0.1208
2024-01-13 18:10:00,0.3201
2024-01-13 18:20:00,0.149
2024-01-13 18:30:00,0.05
2024-01-13 18:40:00,0.4552
2024-01-13 18:50:00,0.2684
2024-01-13 19:00:00,0.2947
2024-01-13 19:10:00,0.0624
2024-01-13 19:20:00,0.154
2024-01-13 19:30:00,0.1841
2024-01-13 19:40:00,0.2371
2024-01-13 19:50:00,0.3572
2024-01-13 20:00:00,0.308
2024-01-13 20:10:00,0.1858
2024-01-13 20:20:00,0.1425
2024-01-13 20:30:00,0.1949
2024-01-13 20:40:00,0.2221
2024-01-13 20:50:00,0.1837
2024-01-13 21:00:00,0.2162
2024-01-13 21:10:00,0.3941
2024-01-13 21:20:00,0.1747
2024-01-13 21:30:00,0.1317
2024-01-13 21:40:00,0.2917
2024-01-13 21:50:00,0.1469
2024-01-13 22:00:00,0.2162
2024-01-13 22:10:00,0.0787
2024-01-13 22:20:00,0.2569
2024-01-13 22:30:00,0.2105
2024-01-13 22:40:00,0.1282
2024-01-13 22:50:00,0.1719
2024-01-13 23:00:00,0.2047
2024-01-13 23:10:00,0.4877
2024-01-13 23:20:00,0.183
2024-01-13 23:30:00,0.4866
2024-01-13 23:40:00,0.2849
2024-01-13 23:50:00,0.0944
2024-01-14 00:00:00,0.2298
2024-01-14 00:10:00,0.2286
2024-01-14 00:20:00,0.3266
2024-01-14 00:30:00,0.1273
2024-01-14 00:40:00,0.2914
2024-01-14 00:50:00,0.2595
2024-01-14 01:00:00,0.05
2024-01-14 01:10:00,0.05
2024-01-14 01:20:00,0.05
2024-01-14 01:30:00,0.1932
2024-01-14 01:40:00,0.05
2024-01-14 01:50:00,0.2249
2024-01-14 02:00:00,0.2518
2024-01-14 02:10:00,0.3552
2024-01-14 02:20:00,0.1552
2024-01-14 02:30:00,0.1734
2024-01-14 02:40:00,0.0949
2024-01-14 02:50:00,0.05
2024-01-14 03:00:00,0.05
2024-01-14 03:10:00,0.1938
2024-01-14 03:20:00,0.4233
2024-01-14 03:30:00,0.3885
2024-01-14 03:40:00,0.4896
2024-01-14 03:50:00,0.9151
2024-01-14 04:00:00,0.7345
2024-01-14 04:10:00,0.8263
2024-01-14 04:20:00,1.2648
2024-01-14 04:30:00,1.4334
2024-01-14 04:40:00,1.6025
2024-01-14 04:50:00,1.5569
2024-01-14 05:00:00,1.7201
2024-01-14 05:10:00,2.1414
2024-01-14 05:20:00,2.0434
2024-01-14 05:30:00,2.2397
2024-01-14 05:40:00,2.5228
2024-01-14 05:50:00,2.3289
2024-01-14 06:00:00,2.4097
2024-01-14 06:10:00,2.5148
2024-01-14 06:20:00,2.6334
2024-01-14 06:30:00,2.4623
2024-01-14 06:40:00,2.4593
2024-01-14 06:50:00,2.5414
2024-01-14 07:00:00,2.66
2024-01-14 07:10:00,2.5815
2024-01-14 07:20:00,2.4177
2024-01-14 07:30:00,2.4561
2024-01-14 07:40:00,2.1399
2024-01-14 07:50:00,2.1962
2024-01-14 08:00:00,2.0672
2024-01-14 08:10:00,2.1118
2024-01-14 08:20:00,1.8511
2024-01-14 08:30:00,1.3971
2024-01-14 08:40:00,1.3455
2024-01-14 08:50:00,1.4119
2024-01-14 09:00:00,0.9651
2024-01-14 09:10:00,1.0715
2024-01-14 09:20:00,0.8795
2024-01-14 09:30:00,0.8244
2024-01-14 09:40:00,0.6378
2024-01-14 09:50:00,0.7464
2024-01-14 10:00:00,0.4989
2024-01-14 10:10:00,0.5412
2024-01-14 10:20:00,0.4826
2024-01-14 10:30:00,0.2218
2024-01-14 10:40:00,0.3821
2024-01-14 10:50:00,0.2435
2024-01-14 11:00:00,0.348
2024-01-14 11:10:00,0.1397
2024-01-14 11:20:00,0.2296
2024-01-14 11:30:00,0.3129
2024-01-14 11:40:00,0.2987
2024-01-14 11:50:00,0.1334
2024-01-14 12:00:00,0.2872
2024-01-14 12:10:00,0.3018
2024-01-14 12:20:00,0.0638
2024-01-14 12:30:00,0.05
2024-01-14 12:40:00,0.3244
2024-01-14 12:50:00,0.0925
2024-01-14 13:00:00,0.2587
2024-01-14 13:10:00,0.2246
2024-01-14 13:20:00,0.1778
2024-01-14 13:30:00,0.4489
2024-01-14 13:40:00,0.1115
2024-01-14 13:50:00,0.1391
2024-01-14 14:00:00,0.3306
2024-01-14 14:10:00,0.2867
2024-01-14 14:20:00,0.2633
2024-01-14 14:30:00,0.282
2024-01-14 14:40:00,0.171
2024-01-14 14:50:00,0.1077
2024-01-14 15:00:00,0.449
2024-01-14 15:10:00,0.0979
2024-01-14 15:20:00,0.05
2024-01-14 15:30:00,0.1509
2024-01-14 15:40:00,0.3507
2024-01-14 15:50:00,0.05
2024-01-14 16:00:00,0.1359
2024-01-14 16:10:00,0.3639
2024-01-14 16:20:00,0.0819
2024-01-14 16:30:00,0.2692
2024-01-14 16:40:00,0.2462
2024-01-14 16:50:00,0.2536
2024-01-14 17:00:00,0.326
2024-01-14 17:10:00,0.0816
2024-01-14 17:20:00,0.3643
2024-01-14 17:30:00,0.0898
2024-01-14 17:40:00,0.183
2024-01-14 17:50:00,0.1998
2024-01-14 18:00:00,0.3005
2024-01-14 18:10:00,0.05
2024-01-14 18:20:00,0.4561
2024-01-14 18:30:00,0.209
2024-01-14 18:40:00,0.3485
2024-01-14 18:50:00,0.0857
2024-01-14 19:00:00,0.1766
2024-01-14 19:10:00,0.05
2024-01-14 19:20:00,0.3545
2024-01-14 19:30:00,0.1127
2024-01-14 19:40:00,0.0947
2024-01-14 19:50:00,0.316
2024-01-14 20:00:00,0.05
2024-01-14 20:10:00,0.2167
2024-01-14 20:20:00,0.4774
2024-01-14 20:30:00,0.1149
2024-01-14 20:40:00,0.13
2024-01-14 20:50:00,0.3666
2024-01-14 21:00:00,0.091
2024-01-14 21:10:00,0.4308
2024-01-14 21:20:00,0.3877
2024-01-14 21:30:00,0.3132
2024-01-14 21:40:00,0.12
2024-01-14 21:50:00,0.233
2024-01-14 22:00:00,0.2101
2024-01-14 22:10:00,0.2572
2024-01-14 22:20:00,0.286
2024-01-14 22:30:00,0.1767
2024-01-14 22:40:00,0.1757
2024-01-14 22:50:00,0.3399
2024-01-14 23:00:00,0.5476
2024-01-14 23:10:00,0.087
2024-01-14 23:20:00,0.3433
2024-01-14 23:30:00,0.3145
2024-01-14 23:40:00,0.3067
2024-01-14 23:50:00,0.2766
2024-01-15 00:00:00,0.1817
2024-01-15 00:10:00,0.2589
2024-01-15 00:20:00,0.1869
2024-01-15 00:30:00,0.2805
2024-01-15 00:40:00,0.2496
2024-01-15 00:50:00,0.05
2024-01-15 01:00:00,0.1728
2024-01-15 01:10:00,0.1577
2024-01-15 01:20:00,0.2437
2024-01-15 01:30:00,0.0936
2024-01-15 01:40:00,0.05
2024-01-15 01:50:00,0.214
2024-01-15 02:00:00,0.05
2024-01-15 02:10:00,0.05
2024-01-15 02:20:00,0.1734
2024-01-15 02:30:00,0.262
2024-01-15 02:40:00,0.0782
2024-01-15 02:50:00,0.0788
2024-01-15 03:00:00,0.4015
2024-01-15 03:10:00,0.3976
2024-01-15 03:20:00,0.4005
2024-01-15 03:30:00,0.5928
2024-01-15 03:40:00,0.574
2024-01-15 03:50:00,0.9053
2024-01-15 04:00:00,0.7812
2024-01-15 04:10:00,1.1149
2024-01-15 04:20:00,1.4049
2024-01-15 04:30:00,1.652
2024-01-15 04:40:00,1.7878
2024-01-15 04:50:00,2.172
2024-01-15 05:00:00,2.2692
2024-01-15 05:10:00,2.3744
2024-01-15 05:20:00,2.585
2024-01-15 05:30:00,2.8547
2024-01-15 05:40:00,2.9607
2024-01-15 05:50:00,2.9873
2024-01-15 06:00:00,3.3123
2024-01-15 06:10:00,3.0735
2024-01-15 06:20:00,3.4396
2024-01-15 06:30:00,3.0828
2024-01-15 06:40:00,3.1122
2024-01-15 06:50:00,3.1095
2024-01-15 07:00:00,3.374
2024-01-15 07:10:00,3.0848
2024-01-15 07:20:00,3.0447
2024-01-15 07:30:00,2.8056
2024-01-15 07:40:00,2.8044
2024-01-15 07:50:00,2.7075
2024-01-15 08:00:00,2.6672
2024-01-15 08:10:00,2.4741
2024-01-15 08:20:00,2.1692
2024-01-15 08:30:00,1.8991
2024-01-15 08:40:00,1.857
2024-01-15 08:50:00,1.9398
2024-01-15 09:00:00,1.5645
2024-01-15 09:10:00,1.2064
2024-01-15 09:20:00,0.9872
2024-01-15 09:30:00,0.9105
2024-01-15 09:40:00,0.8659
2024-01-15 09:50:00,0.9458
2024-01-15 10:00:00,0.3428
2024-01-15 10:10:00,0.6395
2024-01-15 10:20:00,0.4068
2024-01-15 10:30:00,0.5669
2024-01-15 10:40:00,0.4623
2024-01-15 10:50:00,0.674
2024-01-15 11:00:00,0.3886
2024-01-15 11:10:00,0.5592
2024-01-15 11:20:00,0.2273
2024-01-15 11:30:00,0.2898
2024-01-15 11:40:00,0.0655
2024-01-15 11:50:00,0.3369
2024-01-15 12:00:00,0.2797
2024-01-15 12:10:00,0.3644
2024-01-15 12:20:00,0.2881
2024-01-15 12:30:00,0.4932
2024-01-15 12:40:00,0.2765
2024-01-15 12:50:00,0.3777
2024-01-15 13:00:00,0.5195
2024-01-15 13:10:00,0.5369
2024-01-15 13:20:00,0.3597
2024-01-15 13:30:00,0.3261
2024-01-15 13:40:00,0.3616
2024-01-15 13:50:00,0.5191
2024-01-15 14:00:00,0.3206
2024-01-15 14:10:00,0.3272
2024-01-15 14:20:00,0.1989
2024-01-15 14:30:00,0.2065
2024-01-15 14:40:00,0.3819
2024-01-15 14:50:00,0.1905
2024-01-15 15:00:00,0.3495
2024-01-15 15:10:00,0.2707
2024-01-15 15:20:00,0.2249
2024-01-15 15:30:00,0.198
2024-01-15 15:40:00,0.621
2024-01-15 15:50:00,0.3783
2024-01-15 16:00:00,0.1292
2024-01-15 16:10:00,0.6319
2024-01-15 16:20:00,0.327
2024-01-15 16:30:00,0.2142
2024-01-15 16:40:00,0.2816
2024-01-15 16:50:00,0.5167
2024-01-15 17:00:00,0.2152
2024-01-15 17:10:00,0.2535
2024-01-15 17:20:00,0.3807
2024-01-15 17:30:00,0.2778
2024-01-15 17:40:00,0.4862
2024-01-15 17:50:00,0.208
2024-01-15 18:00:00,0.2186
2024-01-15 18:10:00,0.2597
2024-01-15 18:20:00,0.2729
2024-01-15 18:30:00,0.3527
2024-01-15 18:40:00,0.2818
2024-01-15 18:50:00,0.2143
2024-01-15 19:00:00,0.373
2024-01-15 19:10:00,0.2057
2024-01-15 19:20:00,0.417
2024-01-15 19:30:00,0.0578
2024-01-15 19:40:00,0.3398
2024-01-15 19:50:00,0.299
2024-01-15 20:00:00,0.3574
2024-01-15 20:10:00,0.3735
2024-01-15 20:20:00,0.3121
2024-01-15 20:30:00,0.5785
2024-01-15 20:40:00,0.3916
2024-01-15 20:50:00,0.5467
2024-01-15 21:00:00,0.3457
2024-01-15 21:10:00,0.2291
2024-01-15 21:20:00,0.05
2024-01-15 21:30:00,0.3559
2024-01-15 21:40:00,0.391
2024-01-15 21:50:00,0.1444
2024-01-15 22:00:00,0.3131
2024-01-15 22:10:00,0.1254
2024-01-15 22:20:00,0.4157
2024-01-15 22:30:00,0.3951
2024-01-15 22:40:00,0.069
2024-01-15 22:50:00,0.1169
2024-01-15 23:00:00,0.05
2024-01-15 23:10:00,0.3557
2024-01-15 23:20:00,0.3571
2024-01-15 23:30:00,0.4208
2024-01-15 23:40:00,0.1651
2024-01-15 23:50:00,0.2487
2024-01-16 00:00:00,0.1533
2024-01-16 00:10:00,0.1209
2024-01-16 00:20:00,0.1031
2024-01-16 00:30:00,0.05
2024-01-16 00:40:00,0.2404
2024-01-16 00:50:00,0.3597
2024-01-16 01:00:00,0.2638
2024-01-16 01:10:00,0.0748
2024-01-16 01:20:00,0.0927
2024-01-16 01:30:00,0.1437
2024-01-16 01:40:00,0.1121
2024-01-16 01:50:00,0.05
2024-01-16 02:00:00,0.1509
2024-01-16 02:10:00,0.1595
2024-01-16 02:20:00,0.05
2024-01-16 02:30:00,0.1084
2024-01-16 02:40:00,0.0958
2024-01-16 02:50:00,0.2381
2024-01-16 03:00:00,0.1594
2024-01-16 03:10:00,0.5823
2024-01-16 03:20:00,0.2554
2024-01-16 03:30:00,0.7967
2024-01-16 03:40:00,0.5951
2024-01-16 03:50:00,0.9359
2024-01-16 04:00:00,0.8986
2024-01-16 04:10:00,1.1308
2024-01-16 04:20:00,1.3112
2024-01-16 04:30:00,1.5665
2024-01-16 04:40:00,1.7187
2024-01-16 04:50:00,2.3302
2024-01-16 05:00:00,2.3835
2024-01-16 05:10:00,2.4025
2024-01-16 05:20:00,2.7455
2024-01-16 05:30:00,3.0697
2024-01-16 05:40:00,3.0522
2024-01-16 05:50:00,3.2301
2024-01-16 06:00:00,3.2911
2024-01-16 06:10:00,3.3887
2024-01-16 06:20:00,3.3768
2024-01-16 06:30:00,3.1404
2024-01-16 06:40:00,3.4784
2024-01-16 06:50:00,3.269
2024-01-16 07:00:00,3.2654
2024-01-16 07:10:00,2.8972
2024-01-16 07:20:00,2.9881
2024-01-16 07:30:00,3.1532
2024-01-16 07:40:00,3.0055
2024-01-16 07:50:00,2.848
2024-01-16 08:00:00,2.4081
2024-01-16 08:10:00,2.4638
2024-01-16 08:20:00,2.2529
2024-01-16 08:30:00,2.1729
2024-01-16 08:40:00,1.8756
2024-01-16 08:50:00,1.6085
2024-01-16 09:00:00,1.4454
2024-01-16 09:10:00,1.0223
2024-01-16 09:20:00,1.1543
2024-01-16 09:30:00,1.0201
2024-01-16 09:40:00,0.7265
2024-01-16 09:50:00,0.7245
2024-01-16 10:00:00,1.0328
2024-01-16 10:10:00,0.4973
2024-01-16 10:20:00,0.6657
2024-01-16 10:30:00,0.4821
2024-01-16 10:40:00,0.4608
2024-01-16 10:50:00,0.5151
2024-01-16 11:00:00,0.067
2024-01-16 11:10:00,0.4282
2024-01-16 11:20:00,0.2064
2024-01-16 11:30:00,0.4174
2024-01-16 11:40:00,0.3705
2024-01-16 11:50:00,0.0975
2024-01-16 12:00:00,0.514
2024-01-16 12:10:00,0.407
2024-01-16 12:20:00,0.3276
2024-01-16 12:30:00,0.604
2024-01-16 12:40:00,0.2062
2024-01-16 12:50:00,0.2814
2024-01-16 13:00:00,0.447
2024-01-16 13:10:00,0.4249
2024-01-16 13:20:00,0.3736
2024-01-16 13:30:00,0.1961
2024-01-16 13:40:00,0.3546
2024-01-16 13:50:00,0.6911
2024-01-16 14:00:00,0.461
2024-01-16 14:10:00,0.4026
2024-01-16 14:20:00,0.7487
2024-01-16 14:30:00,0.4558
2024-01-16 14:40:00,0.3881
2024-01-16 14:50:00,0.2719
2024-01-16 15:00:00,0.2475
2024-01-16 15:10:00,0.153
2024-01-16 15:20:00,0.299
2024-01-16 15:30:00,0.2349
2024-01-16 15:40:00,0.288
2024-01-16 15:50:00,0.3409
2024-01-16 16:00:00,0.2363
2024-01-16 16:10:00,0.4311
2024-01-16 16:20:00,0.2845
2024-01-16 16:30:00,0.2462
2024-01-16 16:40:00,0.4052
2024-01-16 16:50:00,0.322
2024-01-16 17:00:00,0.1658
2024-01-16 17:10:00,0.1144
2024-01-16 17:20:00,0.2564
2024-01-16 17:30:00,0.5168
2024-01-16 17:40:00,0.3741
2024-01-16 17:50:00,0.3876
2024-01-16 18:00:00,0.282
2024-01-16 18:10:00,0.3551
2024-01-16 18:20:00,0.4151
2024-01-16 18:30:00,0.2864
2024-01-16 18:40:00,0.1272
2024-01-16 18:50:00,0.2042
2024-01-16 19:00:00,0.2043
2024-01-16 19:10:00,0.6339
2024-01-16 19:20:00,0.3489
2024-01-16 19:30:00,0.2765
2024-01-16 19:40:00,0.1328
2024-01-16 19:50:00,0.4135
2024-01-16 20:00:00,0.3687
2024-01-16 20:10:00,0.326
2024-01-16 20:20:00,0.3677
2024-01-16 20:30:00,0.1599
2024-01-16 20:40:00,0.3079
2024-01-16 20:50:00,0.3224
2024-01-16 21:00:00,0.4085
2024-01-16 21:10:00,0.4366
2024-01-16 21:20:00,0.05
2024-01-16 21:30:00,0.2787
2024-01-16 21:40:00,0.4247
2024-01-16 21:50:00,0.5277
2024-01-16 22:00:00,0.1725
2024-01-16 22:10:00,0.3006
2024-01-16 22:20:00,0.3944
2024-01-16 22:30:00,0.3878
2024-01-16 22:40:00,0.1477
2024-01-16 22:50:00,0.1646
2024-01-16 23:00:00,0.05
2024-01-16 23:10:00,0.2491
2024-01-16 23:20:00,0.1996
2024-01-16 23:30:00,0.05
2024-01-16 23:40:00,0.365
2024-01-16 23:50:00,0.2731
2024-01-17 00:00:00,0.3294
2024-01-17 00:10:00,0.2888
2024-01-17 00:20:00,0.3326
2024-01-17 00:30:00,0.1678
2024-01-17 00:40:00,0.1893
2024-01-17 00:50:00,0.1469
2024-01-17 01:00:00,0.2735
2024-01-17 01:10:00,0.2211
2024-01-17 01:20:00,0.1705
2024-01-17 01:30:00,0.05
2024-01-17 01:40:00,0.3522
2024-01-17 01:50:00,0.05
2024-01-17 02:00:00,0.054
2024-01-17 02:10:00,0.3101
2024-01-17 02:20:00,0.1051
2024-01-17 02:30:00,0.05
2024-01-17 02:40:00,0.2194
2024-01-17 02:50:00,0.05
2024-01-17 03:00:00,0.05
2024-01-17 03:10:00,0.2369
2024-01-17 03:20:00,0.6662
2024-01-17 03:30:00,0.448
2024-01-17 03:40:00,0.6584
2024-01-17 03:50:00,0.8875
2024-01-17 04:00:00,1.1155
2024-01-17 04:10:00,1.2784
2024-01-17 04:20:00,1.3123
2024-01-17 04:30:00,1.8395
2024-01-17 04:40:00,1.8307
2024-01-17 04:50:00,2.2055
2024-01-17 05:00:00,2.1034
2024-01-17 05:10:00,2.5033
2024-01-17 05:20:00,2.6983
2024-01-17 05:30:00,2.6788
2024-01-17 05:40:00,3.0139
2024-01-17 05:50:00,2.8541
2024-01-17 06:00:00,2.9997
2024-01-17 06:10:00,3.2965
2024-01-17 06:20:00,3.0621
2024-01-17 06:30:00,3.3728
2024-01-17 06:40:00,3.1442
2024-01-17 06:50:00,3.3655
2024-01-17 07:00:00,2.9993
2024-01-17 07:10:00,3.131
2024-01-17 07:20:00,3.1615
2024-01-17 07:30:00,3.2405
2024-01-17 07:40:00,2.7785
2024-01-17 07:50:00,2.5116
2024-01-17 08:00:00,2.4496
2024-01-17 08:10:00,2.5167
2024-01-17 08:20:00,2.5163
2024-01-17 08:30:00,1.9945
2024-01-17 08:40:00,2.0205
2024-01-17 08:50:00,1.722
2024-01-17 09:00:00,1.5874
2024-01-17 09:10:00,1.3252
2024-01-17 09:20:00,1.0522
2024-01-17 09:30:00,1.2107
2024-01-17 09:40:00,0.8503
2024-01-17 09:50:00,0.6901
2024-01-17 10:00:00,0.7152
2024-01-17 10:10:00,0.5881
2024-01-17 10:20:00,0.8013
2024-01-17 10:30:00,0.4913
2024-01-17 10:40:00,0.4344
2024-01-17 10:50:00,0.5315
2024-01-17 11:00:00,0.378
2024-01-17 11:10:00,0.4381
2024-01-17 11:20:00,0.3853
2024-01-17 11:30:00,0.4575
2024-01-17 11:40:00,0.4611
2024-01-17 11:50:00,0.2044
2024-01-17 12:00:00,0.1725
2024-01-17 12:10:00,0.1617
2024-01-17 12:20:00,0.361
2024-01-17 12:30:00,0.5002
2024-01-17 12:40:00,0.08
2024-01-17 12:50:00,0.5508
2024-01-17 13:00:00,0.425
2024-01-17 13:10:00,0.154
2024-01-17 13:20:00,0.2618
2024-01-17 13:30:00,0.189
2024-01-17 13:40:00,0.469
2024-01-17 13:50:00,0.4055
2024-01-17 14:00:00,0.2651
2024-01-17 14:10:00,0.3062
2024-01-17 14:20:00,0.4121
2024-01-17 14:30:00,0.2747
2024-01-17 14:40:00,0.2021
2024-01-17 14:50:00,0.2939
2024-01-17 15:00:00,0.3485
2024-01-17 15:10:00,0.1728
2024-01-17 15:20:00,0.2692
2024-01-17 15:30:00,0.3017
2024-01-17 15:40:00,0.3111
2024-01-17 15:50:00,0.4732
2024-01-17 16:00:00,0.3818
2024-01-17 16:10:00,0.372
2024-01-17 16:20:00,0.1644
2024-01-17 16:30:00,0.2447
2024-01-17 16:40:00,0.3438
2024-01-17 16:50:00,0.2996
2024-01-17 17:00:00,0.4203
2024-01-17 17:10:00,0.3942
2024-01-17 17:20:00,0.05
2024-01-17 17:30:00,0.3402
2024-01-17 17:40:00,0.3714
2024-01-17 17:50:00,0.05
2024-01-17 18:00:00,0.3539
2024-01-17 18:10:00,0.6668
2024-01-17 18:20:00,0.2424
2024-01-17 18:30:00,0.2471
2024-01-17 18:40:00,0.3378
2024-01-17 18:50:00,0.4434
2024-01-17 19:00:00,0.4278
2024-01-17 19:10:00,0.2034
2024-01-17 19:20:00,0.3513
2024-01-17 19:30:00,0.2604
2024-01-17 19:40:00,0.233
2024-01-17 19:50:00,0.4205
2024-01-17 20:00:00,0.6236
2024-01-17 20:10:00,0.2808
2024-01-17 20:20:00,0.2307
2024-01-17 20:30:00,0.1665
2024-01-17 20:40:00,0.4554
2024-01-17 20:50:00,0.5914
2024-01-17 21:00:00,0.1136
2024-01-17 21:10:00,0.2653
2024-01-17 21:20:00,0.05
2024-01-17 21:30:00,0.3912
2024-01-17 21:40:00,0.2229
2024-01-17 21:50:00,0.182
2024-01-17 22:00:00,0.2281
2024-01-17 22:10:00,0.1339
2024-01-17 22:20:00,0.4664
2024-01-17 22:30:00,0.4121
2024-01-17 22:40:00,0.4847
2024-01-17 22:50:00,0.2402
2024-01-17 23:00:00,0.3581
2024-01-17 23:10:00,0.3663
2024-01-17 23:20:00,0.3739
2024-01-17 23:30:00,0.2465
2024-01-17 23:40:00,0.3857
2024-01-17 23:50:00,0.4217
2024-01-18 00:00:00,0.2856
2024-01-18 00:10:00,0.2729
2024-01-18 00:20:00,0.46
2024-01-18 00:30:00,0.311
2024-01-18 00:40:00,0.0864
2024-01-18 00:50:00,0.1293
2024-01-18 01:00:00,0.3644
2024-01-18 01:10:00,0.4746
2024-01-18 01:20:00,0.05
2024-01-18 01:30:00,0.1639
2024-01-18 01:40:00,0.144
2024-01-18 01:50:00,0.1543
2024-01-18 02:00:00,0.05
2024-01-18 02:10:00,0.1683
2024-01-18 02:20:00,0.05
2024-01-18 02:30:00,0.05
2024-01-18 02:40:00,0.2345
2024-01-18 02:50:00,0.4159
2024-01-18 03:00:00,0.1938
2024-01-18 03:10:00,0.3345
2024-01-18 03:20:00,0.32
2024-01-18 03:30:00,0.5873
2024-01-18 03:40:00,0.6897
2024-01-18 03:50:00,0.7556
2024-01-18 04:00:00,0.9658
2024-01-18 04:10:00,0.9739
2024-01-18 04:20:00,1.2105
2024-01-18 04:30:00,1.3823
2024-01-18 04:40:00,1.7579
2024-01-18 04:50:00,2.0154
2024-01-18 05:00:00,2.302
2024-01-18 05:10:00,2.575
2024-01-18 05:20:00,2.4364
2024-01-18 05:30:00,2.9153
2024-01-18 05:40:00,2.8825
2024-01-18 05:50:00,3.1271
2024-01-18 06:00:00,3.2219
2024-01-18 06:10:00,3.2402
2024-01-18 06:20:00,3.3113
2024-01-18 06:30:00,3.3758
2024-01-18 06:40:00,3.6173
2024-01-18 06:50:00,3.6384
2024-01-18 07:00:00,3.1906
2024-01-18 07:10:00,3.361
2024-01-18 07:20:00,3.1057
2024-01-18 07:30:00,3.0824
2024-01-18 07:40:00,2.7947
2024-01-18 07:50:00,2.9063
2024-01-18 08:00:00,2.6809
2024-01-18 08:10:00,2.6004
2024-01-18 08:20:00,2.1795
2024-01-18 08:30:00,1.7328
2024-01-18 08:40:00,2.1623
2024-01-18 08:50:00,1.6265
2024-01-18 09:00:00,1.5186
2024-01-18 09:10:00,1.6033
2024-01-18 09:20:00,1.0627
2024-01-18 09:30:00,1.1197
2024-01-18 09:40:00,1.1822
2024-01-18 09:50:00,0.8334
2024-01-18 10:00:00,0.9668
2024-01-18 10:10:00,0.618
2024-01-18 10:20:00,0.6736
2024-01-18 10:30:00,0.4635
2024-01-18 10:40:00,0.3352
2024-01-18 10:50:00,0.428
2024-01-18 11:00:00,0.0804
2024-01-18 11:10:00,0.2297
2024-01-18 11:20:00,0.3169
2024-01-18 11:30:00,0.379
2024-01-18 11:40:00,0.552
2024-01-18 11:50:00,0.2829
2024-01-18 12:00:00,0.2197
2024-01-18 12:10:00,0.3498
2024-01-18 12:20:00,0.2271
2024-01-18 12:30:00,0.097
2024-01-18 12:40:00,0.2215
2024-01-18 12:50:00,0.1661
2024-01-18 13:00:00,0.4087
2024-01-18 13:10:00,0.2158
2024-01-18 13:20:00,0.4078
2024-01-18 13:30:00,0.2206
2024-01-18 13:40:00,0.3519
2024-01-18 13:50:00,0.3832
2024-01-18 14:00:00,0.2207
2024-01-18 14:10:00,0.1794
2024-01-18 14:20:00,0.4081
2024-01-18 14:30:00,0.1971
2024-01-18 14:40:00,0.1219
2024-01-18 14:50:00,0.1983
2024-01-18 15:00:00,0.2216
2024-01-18 15:10:00,0.4483
2024-01-18 15:20:00,0.0585
2024-01-18 15:30:00,0.4997
2024-01-18 15:40:00,0.2054
2024-01-18 15:50:00,0.3422
2024-01-18 16:00:00,0.4147
2024-01-18 16:10:00,0.2789
2024-01-18 16:20:00,0.1819
2024-01-18 16:30:00,0.5379
2024-01-18 16:40:00,0.2727
2024-01-18 16:50:00,0.2564
2024-01-18 17:00:00,0.5706
2024-01-18 17:10:00,0.2499
2024-01-18 17:20:00,0.05
2024-01-18 17:30:00,0.5171
2024-01-18 17:40:00,0.1675
2024-01-18 17:50:00,0.5638
2024-01-18 18:00:00,0.3345
2024-01-18 18:10:00,0.3018
2024-01-18 18:20:00,0.1381
2024-01-18 18:30:00,0.3823
2024-01-18 18:40:00,0.1765
2024-01-18 18:50:00,0.3812
2024-01-18 19:00:00,0.3235
2024-01-18 19:10:00,0.4815
2024-01-18 19:20:00,0.1967
2024-01-18 19:30:00,0.1421
2024-01-18 19:40:00,0.2292
2024-01-18 19:50:00,0.3542
2024-01-18 20:00:00,0.4983
2024-01-18 20:10:00,0.247
2024-01-18 20:20:00,0.282
2024-01-18 20:30:00,0.3282
2024-01-18 20:40:00,0.1953
2024-01-18 20:50:00,0.139
2024-01-18 21:00:00,0.299
2024-01-18 21:10:00,0.4193
2024-01-18 21:20:00,0.2691
2024-01-18 21:30:00,0.423
2024-01-18 21:40:00,0.1024
2024-01-18 21:50:00,0.297
2024-01-18 22:00:00,0.05
2024-01-18 22:10:00,0.3526
2024-01-18 22:20:00,0.1856
2024-01-18 22:30:00,0.4118
2024-01-18 22:40:00,0.05
2024-01-18 22:50:00,0.4455
2024-01-18 23:00:00,0.1174
2024-01-18 23:10:00,0.2349
2024-01-18 23:20:00,0.1861
2024-01-18 23:30:00,0.4032
2024-01-18 23:40:00,0.3383
2024-01-18 23:50:00,0.4171
2024-01-19 00:00:00,0.3053
2024-01-19 00:10:00,0.178
2024-01-19 00:20:00,0.0991
2024-01-19 00:30:00,0.2845
2024-01-19 00:40:00,0.2595
2024-01-19 00:50:00,0.0799
2024-01-19 01:00:00,0.05
2024-01-19 01:10:00,0.169
2024-01-19 01:20:00,0.2771
2024-01-19 01:30:00,0.0942
2024-01-19 01:40:00,0.0624
2024-01-19 01:50:00,0.0573
2024-01-19 02:00:00,0.05
2024-01-19 02:10:00,0.2458
2024-01-19 02:20:00,0.0633
2024-01-19 02:30:00,0.05
2024-01-19 02:40:00,0.05
2024-01-19 02:50:00,0.2757
2024-01-19 03:00:00,0.3527
2024-01-19 03:10:00,0.3546
2024-01-19 03:20:00,0.5192
2024-01-19 03:30:00,0.5458
2024-01-19 03:40:00,0.5507
2024-01-19 03:50:00,1.0331
2024-01-19 04:00:00,1.1562
2024-01-19 04:10:00,1.1192
2024-01-19 04:20:00,1.5542
2024-01-19 04:30:00,1.7874
2024-01-19 04:40:00,1.8638
2024-01-19 04:50:00,1.9965
2024-01-19 05:00:00,2.3164
2024-01-19 05:10:00,2.4632
2024-01-19 05:20:00,2.5497
2024-01-19 05:30:00,2.9485
2024-01-19 05:40:00,3.036
2024-01-19 05:50:00,3.085
2024-01-19 06:00:00,3.1074
2024-01-19 06:10:00,3.3847
2024-01-19 06:20:00,3.1813
2024-01-19 06:30:00,3.3591
2024-01-19 06:40:00,3.2188
2024-01-19 06:50:00,3.4695
2024-01-19 07:00:00,3.1785
2024-01-19 07:10:00,3.1406
2024-01-19 07:20:00,3.0755
2024-01-19 07:30:00,2.8928
2024-01-19 07:40:00,3.1327
2024-01-19 07:50:00,2.8412
2024-01-19 08:00:00,2.6224
2024-01-19 08:10:00,2.3751
2024-01-19 08:20:00,2.3428
2024-01-19 08:30:00,1.9471
2024-01-19 08:40:00,1.7323
2024-01-19 08:50:00,1.6146
2024-01-19 09:00:00,1.6373
2024-01-19 09:10:00,1.4711
2024-01-19 09:20:00,1.2098
2024-01-19 09:30:00,1.0194
2024-01-19 09:40:00,0.9066
2024-01-19 09:50:00,0.8808
2024-01-19 10:00:00,0.4235
2024-01-19 10:10:00,0.6602
2024-01-19 10:20:00,0.6357
2024-01-19 10:30:00,0.5787
2024-01-19 10:40:00,0.4763
2024-01-19 10:50:00,0.4729
2024-01-19 11:00:00,0.5801
2024-01-19 11:10:00,0.2694
2024-01-19 11:20:00,0.3345
2024-01-19 11:30:00,0.3055
2024-01-19 11:40:00,0.4768
2024-01-19 11:50:00,0.2761
2024-01-19 12:00:00,0.2012
2024-01-19 12:10:00,0.2225
2024-01-19 12:20:00,0.1131
2024-01-19 12:30:00,0.2836
2024-01-19 12:40:00,0.2969
2024-01-19 12:50:00,0.1403
2024-01-19 13:00:00,0.2312
2024-01-19 13:10:00,0.2625
2024-01-19 13:20:00,0.421
2024-01-19 13:30:00,0.1996
2024-01-19 13:40:00,0.1596
2024-01-19 13:50:00,0.269
2024-01-19 14:00:00,0.4063
2024-01-19 14:10:00,0.2834
2024-01-19 14:20:00,0.369
2024-01-19 14:30:00,0.2138
2024-01-19 14:40:00,0.3538
2024-01-19 14:50:00,0.3795
2024-01-19 15:00:00,0.1911
2024-01-19 15:10:00,0.2109
2024-01-19 15:20:00,0.05
2024-01-19 15:30:00,0.3742
2024-01-19 15:40:00,0.2089
2024-01-19 15:50:00,0.2767
2024-01-19 16:00:00,0.2861
2024-01-19 16:10:00,0.3724
2024-01-19 16:20:00,0.235
2024-01-19 16:30:00,0.2879
2024-01-19 16:40:00,0.468
2024-01-19 16:50:00,0.5151
2024-01-19 17:00:00,0.3818
2024-01-19 17:10:00,0.47
2024-01-19 17:20:00,0.3539
2024-01-19 17:30:00,0.2833
2024-01-19 17:40:00,0.4008
2024-01-19 17:50:00,0.2376
2024-01-19 18:00:00,0.1841
2024-01-19 18:10:00,0.1977
2024-01-19 18:20:00,0.1727
2024-01-19 18:30:00,0.3398
2024-01-19 18:40:00,0.3205
2024-01-19 18:50:00,0.05
2024-01-19 19:00:00,0.2762
2024-01-19 19:10:00,0.4217
2024-01-19 19:20:00,0.5106
2024-01-19 19:30:00,0.4393
2024-01-19 19:40:00,0.1274
2024-01-19 19:50:00,0.3388
2024-01-19 20:00:00,0.2903
2024-01-19 20:10:00,0.4824
2024-01-19 20:20:00,0.1397
2024-01-19 20:30:00,0.3601
2024-01-19 20:40:00,0.4764
2024-01-19 20:50:00,0.0629
2024-01-19 21:00:00,0.2633
2024-01-19 21:10:00,0.1662
2024-01-19 21:20:00,0.3951
2024-01-19 21:30:00,0.3469
2024-01-19 21:40:00,0.4205
2024-01-19 21:50:00,0.2056
2024-01-19 22:00:00,0.2809
2024-01-19 22:10:00,0.2754
2024-01-19 22:20:00,0.3521
2024-01-19 22:30:00,0.3461
2024-01-19 22:40:00,0.1471
2024-01-19 22:50:00,0.3302
2024-01-19 23:00:00,0.0681
2024-01-19 23:10:00,0.3809
2024-01-19 23:20:00,0.1027
2024-01-19 23:30:00,0.3917
2024-01-19 23:40:00,0.214
2024-01-19 23:50:00,0.3798
2024-01-20 00:00:00,0.3261
2024-01-20 00:10:00,0.0665
2024-01-20 00:20:00,0.343
2024-01-20 00:30:00,0.05
2024-01-20 00:40:00,0.1701
2024-01-20 00:50:00,0.05
2024-01-20 01:00:00,0.05
2024-01-20 01:10:00,0.1363
2024-01-20 01:20:00,0.2105
2024-01-20 01:30:00,0.05
2024-01-20 01:40:00,0.1725
2024-01-20 01:50:00,0.05
2024-01-20 02:00:00,0.1488
2024-01-20 02:10:00,0.05
2024-01-20 02:20:00,0.2354
2024-01-20 02:30:00,0.05
2024-01-20 02:40:00,0.05
2024-01-20 02:50:00,0.0676
2024-01-20 03:00:00,0.4421
2024-01-20 03:10:00,0.3261
2024-01-20 03:20:00,0.3245
2024-01-20 03:30:00,0.7923
2024-01-20 03:40:00,0.655
2024-01-20 03:50:00,0.7391
2024-01-20 04:00:00,0.9809
2024-01-20 04:10:00,1.1497
2024-01-20 04:20:00,1.0681
2024-01-20 04:30:00,1.176
2024-01-20 04:40:00,1.3553
2024-01-20 04:50:00,1.658
2024-01-20 05:00:00,1.8011
2024-01-20 05:10:00,1.8839
2024-01-20 05:20:00,1.9852
2024-01-20 05:30:00,2.3958
2024-01-20 05:40:00,2.2702
2024-01-20 05:50:00,2.2949
2024-01-20 06:00:00,2.4727
2024-01-20 06:10:00,2.4599
2024-01-20 06:20:00,2.5117
2024-01-20 06:30:00,2.6348
2024-01-20 06:40:00,2.7133
2024-01-20 06:50:00,3.0145
2024-01-20 07:00:00,2.8252
2024-01-20 07:10:00,2.3809
2024-01-20 07:20:00,2.4611
2024-01-20 07:30:00,2.4707
2024-01-20 07:40:00,2.3671
2024-01-20 07:50:00,2.1298
2024-01-20 08:00:00,2.1988
2024-01-20 08:10:00,1.8366
2024-01-20 08:20:00,1.7421
2024-01-20 08:30:00,1.6287
2024-01-20 08:40:00,1.4404
2024-01-20 08:50:00,1.5635
2024-01-20 09:00:00,1.2887
2024-01-20 09:10:00,1.1554
2024-01-20 09:20:00,0.8843
2024-01-20 09:30:00,1.1769
2024-01-20 09:40:00,0.5624
2024-01-20 09:50:00,0.7495
2024-01-20 10:00:00,0.8089
2024-01-20 10:10:00,0.541
2024-01-20 10:20:00,0.4563
2024-01-20 10:30:00,0.3422
2024-01-20 10:40:00,0.4316
2024-01-20 10:50:00,0.3158
2024-01-20 11:00:00,0.5147
2024-01-20 11:10:00,0.2103
2024-01-20 11:20:00,0.1783
2024-01-20 11:30:00,0.1405
2024-01-20 11:40:00,0.4644
2024-01-20 11:50:00,0.3217
2024-01-20 12:00:00,0.4367
2024-01-20 12:10:00,0.2104
2024-01-20 12:20:00,0.0656
2024-01-20 12:30:00,0.3866
2024-01-20 12:40:00,0.3659
2024-01-20 12:50:00,0.1594
2024-01-20 13:00:00,0.1209
2024-01-20 13:10:00,0.1594
2024-01-20 13:20:00,0.2189
2024-01-20 13:30:00,0.2635
2024-01-20 13:40:00,0.3116
2024-01-20 13:50:00,0.1956
2024-01-20 14:00:00,0.5165
2024-01-20 14:10:00,0.5134
2024-01-20 14:20:00,0.2867
2024-01-20 14:30:00,0.2923
2024-01-20 14:40:00,0.1697
2024-01-20 14:50:00,0.4029
2024-01-20 15:00:00,0.2756
2024-01-20 15:10:00,0.0676
2024-01-20 15:20:00,0.1707
2024-01-20 15:30:00,0.2575
2024-01-20 15:40:00,0.3928
2024-01-20 15:50:00,0.05
2024-01-20 16:00:00,0.2966
2024-01-20 16:10:00,0.2467
2024-01-20 16:20:00,0.1819
2024-01-20 16:30:00,0.1924
2024-01-20 16:40:00,0.3801
2024-01-20 16:50:00,0.2475
2024-01-20 17:00:00,0.05
2024-01-20 17:10:00,0.2402
2024-01-20 17:20:00,0.3197
2024-01-20 17:30:00,0.1612
2024-01-20 17:40:00,0.05
2024-01-20 17:50:00,0.4026
2024-01-20 18:00:00,0.1876
2024-01-20 18:10:00,0.277
2024-01-20 18:20:00,0.05
2024-01-20 18:30:00,0.4024
2024-01-20 18:40:00,0.0847
2024-01-20 18:50:00,0.4215
2024-01-20 19:00:00,0.1646
2024-01-20 19:10:00,0.2998
2024-01-20 19:20:00,0.3586
2024-01-20 19:30:00,0.0849
2024-01-20 19:40:00,0.3234
2024-01-20 19:50:00,0.3362
2024-01-20 20:00:00,0.05
2024-01-20 20:10:00,0.1869
2024-01-20 20:20:00,0.0622
2024-01-20 20:30:00,0.05
2024-01-20 20:40:00,0.2181
2024-01-20 20:50:00,0.2083
2024-01-20 21:00:00,0.1567
2024-01-20 21:10:00,0.1345
2024-01-20 21:20:00,0.05
2024-01-20 21:30:00,0.2482
2024-01-20 21:40:00,0.3268
2024-01-20 21:50:00,0.2945
2024-01-20 22:00:00,0.05
2024-01-20 22:10:00,0.3456
2024-01-20 22:20:00,0.3827
2024-01-20 22:30:00,0.5567
2024-01-20 22:40:00,0.1529
2024-01-20 22:50:00,0.3302
2024-01-20 23:00:00,0.4557
2024-01-20 23:10:00,0.3262
2024-01-20 23:20:00,0.6441
2024-01-20 23:30:00,0.2142
2024-01-20 23:40:00,0.1886
2024-01-20 23:50:00,0.05
2024-01-21 00:00:00,0.1977
2024-01-21 00:10:00,0.1997
2024-01-21 00:20:00,0.2206
2024-01-21 00:30:00,0.2383
2024-01-21 00:40:00,0.1304
2024-01-21 00:50:00,0.1779
2024-01-21 01:00:00,0.0857
2024-01-21 01:10:00,0.1787
2024-01-21 01:20:00,0.05
2024-01-21 01:30:00,0.05
2024-01-21 01:40:00,0.1171
2024-01-21 01:50:00,0.1695
2024-01-21 02:00:00,0.0561
2024-01-21 02:10:00,0.05
2024-01-21 02:20:00,0.05
2024-01-21 02:30:00,0.05
2024-01-21 02:40:00,0.0705
2024-01-21 02:50:00,0.2795
2024-01-21 03:00:00,0.1837
2024-01-21 03:10:00,0.2311
2024-01-21 03:20:00,0.3283
2024-01-21 03:30:00,0.6879
2024-01-21 03:40:00,0.6803
2024-01-21 03:50:00,0.8083
2024-01-21 04:00:00,0.9085
2024-01-21 04:10:00,1.0635
2024-01-21 04:20:00,1.2644
2024-01-21 04:30:00,1.5447
2024-01-21 04:40:00,1.5118
2024-01-21 04:50:00,1.6801
2024-01-21 05:00:00,1.9944
2024-01-21 05:10:00,1.9875
2024-01-21 05:20:00,2.2443
2024-01-21 05:30:00,2.1927
2024-01-21 05:40:00,2.1718
2024-01-21 05:50:00,2.2776
2024-01-21 06:00:00,2.7462
2024-01-21 06:10:00,2.9492
2024-01-21 06:20:00,2.6262
2024-01-21 06:30:00,2.571
2024-01-21 06:40:00,2.6901
2024-01-21 06:50:00,2.5439
2024-01-21 07:00:00,2.8599
2024-01-21 07:10:00,2.4533
2024-01-21 07:20:00,2.3202
2024-01-21 07:30:00,2.43
2024-01-21 07:40:00,2.4089
2024-01-21 07:50:00,2.207
2024-01-21 08:00:00,2.276
2024-01-21 08:10:00,1.9725
2024-01-21 08:20:00,1.7734
2024-01-21 08:30:00,2.0216
2024-01-21 08:40:00,1.5795
2024-01-21 08:50:00,1.2918
2024-01-21 09:00:00,1.0941
2024-01-21 09:10:00,0.9439
2024-01-21 09:20:00,0.5754
2024-01-21 09:30:00,1.0032
2024-01-21 09:40:00,0.7149
2024-01-21 09:50:00,0.7346
2024-01-21 10:00:00,0.583
2024-01-21 10:10:00,0.1742
2024-01-21 10:20:00,0.3997
2024-01-21 10:30:00,0.3647
2024-01-21 10:40:00,0.5345
2024-01-21 10:50:00,0.4449
2024-01-21 11:00:00,0.2781
2024-01-21 11:10:00,0.2799
2024-01-21 11:20:00,0.1751
2024-01-21 11:30:00,0.1473
2024-01-21 11:40:00,0.1617
2024-01-21 11:50:00,0.229
2024-01-21 12:00:00,0.2676
2024-01-21 12:10:00,0.215
2024-01-21 12:20:00,0.2946
2024-01-21 12:30:00,0.1926
2024-01-21 12:40:00,0.3392
2024-01-21 12:50:00,0.5047
2024-01-21 13:00:00,0.4114
2024-01-21 13:10:00,0.1147
2024-01-21 13:20:00,0.1737
2024-01-21 13:30:00,0.4122
2024-01-21 13:40:00,0.05
2024-01-21 13:50:00,0.2102
2024-01-21 14:00:00,0.2544
2024-01-21 14:10:00,0.2128
2024-01-21 14:20:00,0.2196
2024-01-21 14:30:00,0.2906
2024-01-21 14:40:00,0.2559
2024-01-21 14:50:00,0.1428
2024-01-21 15:00:00,0.4756
2024-01-21 15:10:00,0.247
2024-01-21 15:20:00,0.2963
2024-01-21 15:30:00,0.2085
2024-01-21 15:40:00,0.2533
2024-01-21 15:50:00,0.1501
2024-01-21 16:00:00,0.0861
2024-01-21 16:10:00,0.3368
2024-01-21 16:20:00,0.1299
2024-01-21 16:30:00,0.2107
2024-01-21 16:40:00,0.4802
2024-01-21 16:50:00,0.4157
2024-01-21 17:00:00,0.1484
2024-01-21 17:10:00,0.3043
2024-01-21 17:20:00,0.063
2024-01-21 17:30:00,0.4155
2024-01-21 17:40:00,0.26
2024-01-21 17:50:00,0.4004
2024-01-21 18:00:00,0.2849
2024-01-21 18:10:00,0.1943
2024-01-21 18:20:00,0.2125
2024-01-21 18:30:00,0.1982
2024-01-21 18:40:00,0.3063
2024-01-21 18:50:00,0.1489
2024-01-21 19:00:00,0.2499
2024-01-21 19:10:00,0.2639
2024-01-21 19:20:00,0.05
2024-01-21 19:30:00,0.1043
2024-01-21 19:40:00,0.05
2024-01-21 19:50:00,0.2104
2024-01-21 20:00:00,0.2367
2024-01-21 20:10:00,0.3435
2024-01-21 20:20:00,0.1349
2024-01-21 20:30:00,0.0751
2024-01-21 20:40:00,0.1787
2024-01-21 20:50:00,0.2986
2024-01-21 21:00:00,0.4711
2024-01-21 21:10:00,0.2616
2024-01-21 21:20:00,0.1139
2024-01-21 21:30:00,0.3011
2024-01-21 21:40:00,0.2621
2024-01-21 21:50:00,0.2528
2024-01-21 22:00:00,0.0744
2024-01-21 22:10:00,0.3
2024-01-21 22:20:00,0.1875
2024-01-21 22:30:00,0.1864
2024-01-21 22:40:00,0.3655
2024-01-21 22:50:00,0.324
2024-01-21 23:00:00,0.1006
2024-01-21 23:10:00,0.4439
2024-01-21 23:20:00,0.3848
2024-01-21 23:30:00,0.139
2024-01-21 23:40:00,0.05
2024-01-21 23:50:00,0.2947
2024-01-22 00:00:00,0.2906
2024-01-22 00:10:00,0.1217
2024-01-22 00:20:00,0.4648
2024-01-22 00:30:00,0.1966
2024-01-22 00:40:00,0.1875
2024-01-22 00:50:00,0.216
2024-01-22 01:00:00,0.31
2024-01-22 01:10:00,0.1665
2024-01-22 01:20:00,0.1183
2024-01-22 01:30:00,0.05
2024-01-22 01:40:00,0.0908
2024-01-22 01:50:00,0.268
2024-01-22 02:00:00,0.05
2024-01-22 02:10:00,0.1103
2024-01-22 02:20:00,0.05
2024-01-22 02:30:00,0.2786
2024-01-22 02:40:00,0.1121
2024-01-22 02:50:00,0.157
2024-01-22 03:00:00,0.315
2024-01-22 03:10:00,0.3733
2024-01-22 03:20:00,0.4953
2024-01-22 03:30:00,0.4148
2024-01-22 03:40:00,0.8827
2024-01-22 03:50:00,1.0226
2024-01-22 04:00:00,1.0935
2024-01-22 04:10:00,1.4429
2024-01-22 04:20:00,1.4455
2024-01-22 04:30:00,1.5891
2024-01-22 04:40:00,1.8959
2024-01-22 04:50:00,2.225
2024-01-22 05:00:00,2.2174
2024-01-22 05:10:00,2.4007
2024-01-22 05:20:00,2.504
2024-01-22 05:30:00,2.8006
2024-01-22 05:40:00,2.9701
2024-01-22 05:50:00,2.9275
2024-01-22 06:00:00,2.8991
2024-01-22 06:10:00,3.1824
2024-01-22 06:20:00,3.3132
2024-01-22 06:30:00,3.5279
2024-01-22 06:40:00,3.4121
2024-01-22 06:50:00,3.6038
2024-01-22 07:00:00,3.1918
2024-01-22 07:10:00,3.2571
2024-01-22 07:20:00,3.1036
2024-01-22 07:30:00,3.345
2024-01-22 07:40:00,2.9822
2024-01-22 07:50:00,2.4642
2024-01-22 08:00:00,2.5394
2024-01-22 08:10:00,2.2607
2024-01-22 08:20:00,2.4507
2024-01-22 08:30:00,1.9929
2024-01-22 08:40:00,1.9664
2024-01-22 08:50:00,1.7046
2024-01-22 09:00:00,1.4895
2024-01-22 09:10:00,1.2411
2024-01-22 09:20:00,1.1382
2024-01-22 09:30:00,1.0579
2024-01-22 09:40:00,0.8737
2024-01-22 09:50:00,0.8641
2024-01-22 10:00:00,0.4697
2024-01-22 10:10:00,0.4204
2024-01-22 10:20:00,0.6373
2024-01-22 10:30:00,0.3481
2024-01-22 10:40:00,0.2343
2024-01-22 10:50:00,0.4394
2024-01-22 11:00:00,0.3523
2024-01-22 11:10:00,0.4669
2024-01-22 11:20:00,0.05
2024-01-22 11:30:00,0.1058
2024-01-22 11:40:00,0.3923
2024-01-22 11:50:00,0.3899
2024-01-22 12:00:00,0.4175
2024-01-22 12:10:00,0.394
2024-01-22 12:20:00,0.3213
2024-01-22 12:30:00,0.2341
2024-01-22 12:40:00,0.0683
2024-01-22 12:50:00,0.5634
2024-01-22 13:00:00,0.1846
2024-01-22 13:10:00,0.4636
2024-01-22 13:20:00,0.2319
2024-01-22 13:30:00,0.28
2024-01-22 13:40:00,0.2045
2024-01-22 13:50:00,0.3196
2024-01-22 14:00:00,0.3747
2024-01-22 14:10:00,0.0869
2024-01-22 14:20:00,0.3766
2024-01-22 14:30:00,0.5252
2024-01-22 14:40:00,0.3783
2024-01-22 14:50:00,0.4155
2024-01-22 15:00:00,0.288
2024-01-22 15:10:00,0.243
2024-01-22 15:20:00,0.343
2024-01-22 15:30:00,0.1693
2024-01-22 15:40:00,0.2751
2024-01-22 15:50:00,0.0927
2024-01-22 16:00:00,0.1622
2024-01-22 16:10:00,0.4639
2024-01-22 16:20:00,0.05
2024-01-22 16:30:00,0.408
2024-01-22 16:40:00,0.5725
2024-01-22 16:50:00,0.3433
2024-01-22 17:00:00,0.1862
2024-01-22 17:10:00,0.391
2024-01-22 17:20:00,0.1239
2024-01-22 17:30:00,0.2066
2024-01-22 17:40:00,0.138
2024-01-22 17:50:00,0.1387
2024-01-22 18:00:00,0.4254
2024-01-22 18:10:00,0.2873
2024-01-22 18:20:00,0.3915
2024-01-22 18:30:00,0.3409
2024-01-22 18:40:00,0.1114
2024-01-22 18:50:00,0.2733
2024-01-22 19:00:00,0.1872
2024-01-22 19:10:00,0.2489
2024-01-22 19:20:00,0.2999
2024-01-22 19:30:00,0.2714
2024-01-22 19:40:00,0.3381
2024-01-22 19:50:00,0.3277
2024-01-22 20:00:00,0.1807
2024-01-22 20:10:00,0.3249
2024-01-22 20:20:00,0.537
2024-01-22 20:30:00,0.2401
2024-01-22 20:40:00,0.1208
2024-01-22 20:50:00,0.2786
2024-01-22 21:00:00,0.4143
2024-01-22 21:10:00,0.3956
2024-01-22 21:20:00,0.3594
2024-01-22 21:30:00,0.5169
2024-01-22 21:40:00,0.4995
2024-01-22 21:50:00,0.4582
2024-01-22 22:00:00,0.2761
2024-01-22 22:10:00,0.6766
2024-01-22 22:20:00,0.2242
2024-01-22 22:30:00,0.4272
2024-01-22 22:40:00,0.226
2024-01-22 22:50:00,0.4107
2024-01-22 23:00:00,0.3868
2024-01-22 23:10:00,0.2684
2024-01-22 23:20:00,0.05
2024-01-22 23:30:00,0.594
2024-01-22 23:40:00,0.5203
2024-01-22 23:50:00,0.5047
2024-01-23 00:00:00,0.067
2024-01-23 00:10:00,0.3723
2024-01-23 00:20:00,0.2091
2024-01-23 00:30:00,0.1567
2024-01-23 00:40:00,0.085
2024-01-23 00:50:00,0.3612
2024-01-23 01:00:00,0.1927
2024-01-23 01:10:00,0.1314
2024-01-23 01:20:00,0.1561
2024-01-23 01:30:00,0.1193
2024-01-23 01:40:00,0.2243
2024-01-23 01:50:00,0.05
2024-01-23 02:00:00,0.05
2024-01-23 02:10:00,0.05
2024-01-23 02:20:00,0.1257
2024-01-23 02:30:00,0.05
2024-01-23 02:40:00,0.05
2024-01-23 02:50:00,0.2198
2024-01-23 03:00:00,0.2096
2024-01-23 03:10:00,0.3815
2024-01-23 03:20:00,0.2854
2024-01-23 03:30:00,0.536
2024-01-23 03:40:00,0.7048
2024-01-23 03:50:00,0.6954
2024-01-23 04:00:00,0.9605
2024-01-23 04:10:00,1.2653
2024-01-23 04:20:00,1.3962
2024-01-23 04:30:00,1.542
2024-01-23 04:40:00,1.893
2024-01-23 04:50:00,2.0059
2024-01-23 05:00:00,2.3118
2024-01-23 05:10:00,2.5386
2024-01-23 05:20:00,2.7234
2024-01-23 05:30:00,2.8227
2024-01-23 05:40:00,2.9236
2024-01-23 05:50:00,3.0609
2024-01-23 06:00:00,3.3341
2024-01-23 06:10:00,3.1447
2024-01-23 06:20:00,3.4617
2024-01-23 06:30:00,3.2452
2024-01-23 06:40:00,3.3776
2024-01-23 06:50:00,3.3235
2024-01-23 07:00:00,3.3478
2024-01-23 07:10:00,2.8352
2024-01-23 07:20:00,3.1953
2024-01-23 07:30:00,3.0012
2024-01-23 07:40:00,2.9897
2024-01-23 07:50:00,2.8117
2024-01-23 08:00:00,2.744
2024-01-23 08:10:00,2.3316
2024-01-23 08:20:00,2.0474
2024-01-23 08:30:00,1.8908
2024-01-23 08:40:00,1.8484
2024-01-23 08:50:00,1.6215
2024-01-23 09:00:00,1.6101
2024-01-23 09:10:00,1.5276
2024-01-23 09:20:00,1.2975
2024-01-23 09:30:00,0.9753
2024-01-23 09:40:00,0.9045
2024-01-23 09:50:00,0.8756
2024-01-23 10:00:00,0.8732
2024-01-23 10:10:00,0.7492
2024-01-23 10:20:00,0.6787
2024-01-23 10:30:00,0.5352
2024-01-23 10:40:00,0.5836
2024-01-23 10:50:00,0.5069
2024-01-23 11:00:00,0.1745
2024-01-23 11:10:00,0.3977
2024-01-23 11:20:00,0.2319
2024-01-23 11:30:00,0.2214
2024-01-23 11:40:00,0.3455
2024-01-23 11:50:00,0.3197
2024-01-23 12:00:00,0.2873
2024-01-23 12:10:00,0.1488
2024-01-23 12:20:00,0.2926
2024-01-23 12:30:00,0.1583
2024-01-23 12:40:00,0.3527
2024-01-23 12:50:00,0.3078
2024-01-23 13:00:00,0.3932
2024-01-23 13:10:00,0.1826
2024-01-23 13:20:00,0.4655
2024-01-23 13:30:00,0.3381
2024-01-23 13:40:00,0.7515
2024-01-23 13:50:00,0.2001
2024-01-23 14:00:00,0.5246
2024-01-23 14:10:00,0.2119
2024-01-23 14:20:00,0.4465
2024-01-23 14:30:00,0.377
2024-01-23 14:40:00,0.1172
2024-01-23 14:50:00,0.2748
2024-01-23 15:00:00,0.4352
2024-01-23 15:10:00,0.2844
2024-01-23 15:20:00,0.4407
2024-01-23 15:30:00,0.385
2024-01-23 15:40:00,0.4542
2024-01-23 15:50:00,0.379
2024-01-23 16:00:00,0.19
2024-01-23 16:10:00,0.3208
2024-01-23 16:20:00,0.336
2024-01-23 16:30:00,0.3125
2024-01-23 16:40:00,0.2156
2024-01-23 16:50:00,0.2805
2024-01-23 17:00:00,0.3881
2024-01-23 17:10:00,0.3175
2024-01-23 17:20:00,0.05
2024-01-23 17:30:00,0.4802
2024-01-23 17:40:00,0.2535
2024-01-23 17:50:00,0.0994
2024-01-23 18:00:00,0.3117
2024-01-23 18:10:00,0.2315
2024-01-23 18:20:00,0.1958
2024-01-23 18:30:00,0.3343
2024-01-23 18:40:00,0.4926
2024-01-23 18:50:00,0.372
2024-01-23 19:00:00,0.1342
2024-01-23 19:10:00,0.2773
2024-01-23 19:20:00,0.256
2024-01-23 19:30:00,0.3801
2024-01-23 19:40:00,0.0616
2024-01-23 19:50:00,0.3879
2024-01-23 20:00:00,0.1913
2024-01-23 20:10:00,0.2375
2024-01-23 20:20:00,0.4309
2024-01-23 20:30:00,0.3554
2024-01-23 20:40:00,0.382
2024-01-23 20:50:00,0.4378
2024-01-23 21:00:00,0.2754
2024-01-23 21:10:00,0.1823
2024-01-23 21:20:00,0.3454
2024-01-23 21:30:00,0.4191
2024-01-23 21:40:00,0.3202
2024-01-23 21:50:00,0.4836
2024-01-23 22:00:00,0.2693
2024-01-23 22:10:00,0.2847
2024-01-23 22:20:00,0.1634
2024-01-23 22:30:00,0.1887
2024-01-23 22:40:00,0.3394
2024-01-23 22:50:00,0.1453
2024-01-23 23:00:00,0.304
2024-01-23 23:10:00,0.3065
2024-01-23 23:20:00,0.3876
2024-01-23 23:30:00,0.4364
2024-01-23 23:40:00,0.3763
2024-01-23 23:50:00,0.5932
2024-01-24 00:00:00,0.2718
2024-01-24 00:10:00,0.4695
2024-01-24 00:20:00,0.05
2024-01-24 00:30:00,0.2576
2024-01-24 00:40:00,0.1427
2024-01-24 00:50:00,0.2171
2024-01-24 01:00:00,0.1934
2024-01-24 01:10:00,0.238
2024-01-24 01:20:00,0.2033
2024-01-24 01:30:00,0.117
2024-01-24 01:40:00,0.05
2024-01-24 01:50:00,0.1712
2024-01-24 02:00:00,0.05
2024-01-24 02:10:00,0.05
2024-01-24 02:20:00,0.1558
2024-01-24 02:30:00,0.1179
2024-01-24 02:40:00,0.05
2024-01-24 02:50:00,0.05
2024-01-24 03:00:00,0.2638
2024-01-24 03:10:00,0.3077
2024-01-24 03:20:00,0.3712
2024-01-24 03:30:00,0.6531
2024-01-24 03:40:00,0.7085
2024-01-24 03:50:00,1.0072
2024-01-24 04:00:00,1.1296
2024-01-24 04:10:00,1.0437
2024-01-24 04:20:00,1.2088
2024-01-24 04:30:00,1.7622
2024-01-24 04:40:00,2.0124
2024-01-24 04:50:00,2.1523
2024-01-24 05:00:00,2.1686
2024-01-24 05:10:00,2.6578
2024-01-24 05:20:00,2.7189
2024-01-24 05:30:00,2.9443
2024-01-24 05:40:00,3.0424
2024-01-24 05:50:00,3.0175
2024-01-24 06:00:00,3.1754
2024-01-24 06:10:00,3.2141
2024-01-24 06:20:00,3.5484
2024-01-24 06:30:00,3.363
2024-01-24 06:40:00,3.3936
2024-01-24 06:50:00,3.3068
2024-01-24 07:00:00,3.101
2024-01-24 07:10:00,3.0875
2024-01-24 07:20:00,3.12
2024-01-24 07:30:00,2.7957
2024-01-24 07:40:00,2.8342
2024-01-24 07:50:00,2.8086
2024-01-24 08:00:00,2.5992
2024-01-24 08:10:00,2.5131
2024-01-24 08:20:00,2.3833
2024-01-24 08:30:00,1.9505
2024-01-24 08:40:00,1.93
2024-01-24 08:50:00,1.6772
2024-01-24 09:00:00,1.4371
2024-01-24 09:10:00,1.2867
2024-01-24 09:20:00,1.2702
2024-01-24 09:30:00,0.863
2024-01-24 09:40:00,0.8102
2024-01-24 09:50:00,0.7495
2024-01-24 10:00:00,0.7706
2024-01-24 10:10:00,0.5396
2024-01-24 10:20:00,0.4376
2024-01-24 10:30:00,0.4309
2024-01-24 10:40:00,0.6221
2024-01-24 10:50:00,0.6539
2024-01-24 11:00:00,0.4026
2024-01-24 11:10:00,0.05
2024-01-24 11:20:00,0.4558
2024-01-24 11:30:00,0.1936
2024-01-24 11:40:00,0.3809
2024-01-24 11:50:00,0.1376
2024-01-24 12:00:00,0.1702
2024-01-24 12:10:00,0.3073
2024-01-24 12:20:00,0.3658
2024-01-24 12:30:00,0.05
2024-01-24 12:40:00,0.1899
2024-01-24 12:50:00,0.4253
2024-01-24 13:00:00,0.2078
2024-01-24 13:10:00,0.1688
2024-01-24 13:20:00,0.2583
2024-01-24 13:30:00,0.5213
2024-01-24 13:40:00,0.4227
2024-01-24 13:50:00,0.3577
2024-01-24 14:00:00,0.2921
2024-01-24 14:10:00,0.4033
2024-01-24 14:20:00,0.4095
2024-01-24 14:30:00,0.2295
2024-01-24 14:40:00,0.2083
2024-01-24 14:50:00,0.2804
2024-01-24 15:00:00,0.4342
2024-01-24 15:10:00,0.426
2024-01-24 15:20:00,0.2655
2024-01-24 15:30:00,0.2167
2024-01-24 15:40:00,0.4203
2024-01-24 15:50:00,0.2731
2024-01-24 16:00:00,0.4469
2024-01-24 16:10:00,0.3165
2024-01-24 16:20:00,0.3854
2024-01-24 16:30:00,0.2291
2024-01-24 16:40:00,0.5052
2024-01-24 16:50:00,0.1682
2024-01-24 17:00:00,0.3998
2024-01-24 17:10:00,0.1913
2024-01-24 17:20:00,0.4886
2024-01-24 17:30:00,0.1489
2024-01-24 17:40:00,0.5498
2024-01-24 17:50:00,0.5444
2024-01-24 18:00:00,0.4273
2024-01-24 18:10:00,0.4148
2024-01-24 18:20:00,0.4038
2024-01-24 18:30:00,0.2335
2024-01-24 18:40:00,0.2506
2024-01-24 18:50:00,0.374
2024-01-24 19:00:00,0.4878
2024-01-24 19:10:00,0.4069
2024-01-24 19:20:00,0.092
2024-01-24 19:30:00,0.4099
2024-01-24 19:40:00,0.2466
2024-01-24 19:50:00,0.4051
2024-01-24 20:00:00,0.2356
2024-01-24 20:10:00,0.4333
2024-01-24 20:20:00,0.4053
2024-01-24 20:30:00,0.3015
2024-01-24 20:40:00,0.1709
2024-01-24 20:50:00,0.475
2024-01-24 21:00:00,0.3394
2024-01-24 21:10:00,0.2972
2024-01-24 21:20:00,0.3375
2024-01-24 21:30:00,0.1543
2024-01-24 21:40:00,0.4007
2024-01-24 21:50:00,0.2746
2024-01-24 22:00:00,0.3153
2024-01-24 22:10:00,0.3418
2024-01-24 22:20:00,0.09
2024-01-24 22:30:00,0.0516
2024-01-24 22:40:00,0.0945
2024-01-24 22:50:00,0.2117
2024-01-24 23:00:00,0.2808
2024-01-24 23:10:00,0.0963
2024-01-24 23:20:00,0.1347
2024-01-24 23:30:00,0.3253
2024-01-24 23:40:00,0.1592
2024-01-24 23:50:00,0.2243
2024-01-25 00:00:00,0.4072
2024-01-25 00:10:00,0.2859
2024-01-25 00:20:00,0.05
2024-01-25 00:30:00,0.2255
2024-01-25 00:40:00,0.2464
2024-01-25 00:50:00,0.2919
2024-01-25 01:00:00,0.2308
2024-01-25 01:10:00,0.1947
2024-01-25 01:20:00,0.1151
2024-01-25 01:30:00,0.154
2024-01-25 01:40:00,0.213
2024-01-25 01:50:00,0.076
2024-01-25 02:00:00,0.05
2024-01-25 02:10:00,0.0752
2024-01-25 02:20:00,0.05
2024-01-25 02:30:00,0.0772
2024-01-25 02:40:00,0.05
2024-01-25 02:50:00,0.315
2024-01-25 03:00:00,0.2775
2024-01-25 03:10:00,0.4818
2024-01-25 03:20:00,0.3144
2024-01-25 03:30:00,0.633
2024-01-25 03:40:00,0.6872
2024-01-25 03:50:00,0.8912
2024-01-25 04:00:00,1.1337
2024-01-25 04:10:00,1.353
2024-01-25 04:20:00,1.3819
2024-01-25 04:30:00,1.5909
2024-01-25 04:40:00,1.9109
2024-01-25 04:50:00,1.674
2024-01-25 05:00:00,2.3835
2024-01-25 05:10:00,2.5152
2024-01-25 05:20:00,2.6787
2024-01-25 05:30:00,2.8389
2024-01-25 05:40:00,2.7348
2024-01-25 05:50:00,3.0448
2024-01-25 06:00:00,3.204
2024-01-25 06:10:00,3.2719
2024-01-25 06:20:00,3.572
2024-01-25 06:30:00,3.2585
2024-01-25 06:40:00,3.381
2024-01-25 06:50:00,3.117
2024-01-25 07:00:00,3.1328
2024-01-25 07:10:00,3.3977
2024-01-25 07:20:00,3.0824
2024-01-25 07:30:00,3.0468
2024-01-25 07:40:00,2.9527
2024-01-25 07:50:00,2.9696
2024-01-25 08:00:00,2.6236
2024-01-25 08:10:00,2.385
2024-01-25 08:20:00,2.1962
2024-01-25 08:30:00,2.1306
2024-01-25 08:40:00,2.0237
2024-01-25 08:50:00,1.6483
2024-01-25 09:00:00,1.4494
2024-01-25 09:10:00,1.4686
2024-01-25 09:20:00,1.3419
2024-01-25 09:30:00,1.253
2024-01-25 09:40:00,0.9374
2024-01-25 09:50:00,0.8573
2024-01-25 10:00:00,0.7511
2024-01-25 10:10:00,0.3349
2024-01-25 10:20:00,0.6955
2024-01-25 10:30:00,0.5917
2024-01-25 10:40:00,0.4851
2024-01-25 10:50:00,0.441
2024-01-25 11:00:00,0.3953
2024-01-25 11:10:00,0.6338
2024-01-25 11:20:00,0.1084
2024-01-25 11:30:00,0.2739
2024-01-25 11:40:00,0.3311
2024-01-25 11:50:00,0.4769
2024-01-25 12:00:00,0.366
2024-01-25 12:10:00,0.228
2024-01-25 12:20:00,0.2047
2024-01-25 12:30:00,0.3388
2024-01-25 12:40:00,0.2673
2024-01-25 12:50:00,0.5847
2024-01-25 13:00:00,0.3429
2024-01-25 13:10:00,0.2216
2024-01-25 13:20:00,0.5557
2024-01-25 13:30:00,0.1889
2024-01-25 13:40:00,0.3235
2024-01-25 13:50:00,0.2302
2024-01-25 14:00:00,0.2205
2024-01-25 14:10:00,0.3558
2024-01-25 14:20:00,0.4355
2024-01-25 14:30:00,0.399
2024-01-25 14:40:00,0.2072
2024-01-25 14:50:00,0.472
2024-01-25 15:00:00,0.3746
2024-01-25 15:10:00,0.05
2024-01-25 15:20:00,0.4129
2024-01-25 15:30:00,0.4633
2024-01-25 15:40:00,0.3311
2024-01-25 15:50:00,0.3872
2024-01-25 16:00:00,0.5589
2024-01-25 16:10:00,0.05
2024-01-25 16:20:00,0.3893
2024-01-25 16:30:00,0.1938
2024-01-25 16:40:00,0.4615
2024-01-25 16:50:00,0.2727
2024-01-25 17:00:00,0.3625
2024-01-25 17:10:00,0.1036
2024-01-25 17:20:00,0.4175
2024-01-25 17:30:00,0.1544
2024-01-25 17:40:00,0.2697
2024-01-25 17:50:00,0.4722
2024-01-25 18:00:00,0.403
2024-01-25 18:10:00,0.2753
2024-01-25 18:20:00,0.1225
2024-01-25 18:30:00,0.2898
2024-01-25 18:40:00,0.2452
2024-01-25 18:50:00,0.2437
2024-01-25 19:00:00,0.215
2024-01-25 19:10:00,0.2618
2024-01-25 19:20:00,0.2806
2024-01-25 19:30:00,0.5632
2024-01-25 19:40:00,0.1677
2024-01-25 19:50:00,0.4614
2024-01-25 20:00:00,0.4726
2024-01-25 20:10:00,0.05
2024-01-25 20:20:00,0.2061
2024-01-25 20:30:00,0.2983
2024-01-25 20:40:00,0.3312
2024-01-25 20:50:00,0.1158
2024-01-25 21:00:00,0.2853
2024-01-25 21:10:00,0.3673
2024-01-25 21:20:00,0.1181
2024-01-25 21:30:00,0.3047
2024-01-25 21:40:00,0.1934
2024-01-25 21:50:00,0.2853
2024-01-25 22:00:00,0.2066
2024-01-25 22:10:00,0.2616
2024-01-25 22:20:00,0.2611
2024-01-25 22:30:00,0.5299
2024-01-25 22:40:00,0.5857
2024-01-25 22:50:00,0.5827
2024-01-25 23:00:00,0.05
2024-01-25 23:10:00,0.3943
2024-01-25 23:20:00,0.2759
2024-01-25 23:30:00,0.1742
2024-01-25 23:40:00,0.5017
2024-01-25 23:50:00,0.2945
2024-01-26 00:00:00,0.3774
2024-01-26 00:10:00,0.3763
2024-01-26 00:20:00,0.3167
2024-01-26 00:30:00,0.1687
2024-01-26 00:40:00,0.1511
2024-01-26 00:50:00,0.1852
2024-01-26 01:00:00,0.3406
2024-01-26 01:10:00,0.2646
2024-01-26 01:20:00,0.0766
2024-01-26 01:30:00,0.0827
2024-01-26 01:40:00,0.3259
2024-01-26 01:50:00,0.05
2024-01-26 02:00:00,0.05
2024-01-26 02:10:00,0.05
2024-01-26 02:20:00,0.369
2024-01-26 02:30:00,0.05
2024-01-26 02:40:00,0.05
2024-01-26 02:50:00,0.2192
2024-01-26 03:00:00,0.2725
2024-01-26 03:10:00,0.4875
2024-01-26 03:20:00,0.6075
2024-01-26 03:30:00,0.5147
2024-01-26 03:40:00,0.7648
2024-01-26 03:50:00,0.9053
2024-01-26 04:00:00,0.9532
2024-01-26 04:10:00,1.3186
2024-01-26 04:20:00,1.4675
2024-01-26 04:30:00,1.7028
2024-01-26 04:40:00,1.7902
2024-01-26 04:50:00,2.2437
2024-01-26 05:00:00,2.1482
2024-01-26 05:10:00,2.371
2024-01-26 05:20:00,2.9207
2024-01-26 05:30:00,2.7647
2024-01-26 05:40:00,2.9705
2024-01-26 05:50:00,3.057
2024-01-26 06:00:00,3.0266
2024-01-26 06:10:00,3.0765
2024-01-26 06:20:00,3.2371
2024-01-26 06:30:00,3.2796
2024-01-26 06:40:00,3.2206
2024-01-26 06:50:00,3.3689
2024-01-26 07:00:00,3.3943
2024-01-26 07:10:00,3.2555
2024-01-26 07:20:00,3.0829
2024-01-26 07:30:00,3.1706
2024-01-26 07:40:00,2.9998
2024-01-26 07:50:00,2.9862
2024-01-26 08:00:00,2.5529
2024-01-26 08:10:00,2.3639
2024-01-26 08:20:00,2.3989
2024-01-26 08:30:00,2.1084
2024-01-26 08:40:00,1.9519
2024-01-26 08:50:00,2.0353
2024-01-26 09:00:00,1.4236
2024-01-26 09:10:00,1.4274
2024-01-26 09:20:00,1.2323
2024-01-26 09:30:00,1.2168
2024-01-26 09:40:00,0.6513
2024-01-26 09:50:00,0.7458
2024-01-26 10:00:00,0.7758
2024-01-26 10:10:00,0.619
2024-01-26 10:20:00,0.5599
2024-01-26 10:30:00,0.396
2024-01-26 10:40:00,0.5172
2024-01-26 10:50:00,0.5597
2024-01-26 11:00:00,0.596
2024-01-26 11:10:00,0.3739
2024-01-26 11:20:00,0.3404
2024-01-26 11:30:00,0.3692
2024-01-26 11:40:00,0.2214
2024-01-26 11:50:00,0.2836
2024-01-26 12:00:00,0.2053
2024-01-26 12:10:00,0.3693
2024-01-26 12:20:00,0.2252
2024-01-26 12:30:00,0.3251
2024-01-26 12:40:00,0.3252
2024-01-26 12:50:00,0.2899
2024-01-26 13:00:00,0.5167
2024-01-26 13:10:00,0.4263
2024-01-26 13:20:00,0.3902
2024-01-26 13:30:00,0.4301
2024-01-26 13:40:00,0.2438
2024-01-26 13:50:00,0.2149
2024-01-26 14:00:00,0.3899
2024-01-26 14:10:00,0.198
2024-01-26 14:20:00,0.2286
2024-01-26 14:30:00,0.294
2024-01-26 14:40:00,0.05
2024-01-26 14:50:00,0.2155
2024-01-26 15:00:00,0.4216
2024-01-26 15:10:00,0.3294
2024-01-26 15:20:00,0.3907
2024-01-26 15:30:00,0.4056
2024-01-26 15:40:00,0.1967
2024-01-26 15:50:00,0.05
2024-01-26 16:00:00,0.3241
2024-01-26 16:10:00,0.2788
2024-01-26 16:20:00,0.2299
2024-01-26 16:30:00,0.2371
2024-01-26 16:40:00,0.4535
2024-01-26 16:50:00,0.2021
2024-01-26 17:00:00,0.3764
2024-01-26 17:10:00,0.4066
2024-01-26 17:20:00,0.4506
2024-01-26 17:30:00,0.1421
2024-01-26 17:40:00,0.2814
2024-01-26 17:50:00,0.6369
2024-01-26 18:00:00,0.6591
2024-01-26 18:10:00,0.5718
2024-01-26 18:20:00,0.4051
2024-01-26 18:30:00,0.3523
2024-01-26 18:40:00,0.2135
2024-01-26 18:50:00,0.0944
2024-01-26 19:00:00,0.4345
2024-01-26 19:10:00,0.2581
2024-01-26 19:20:00,0.1262
2024-01-26 19:30:00,0.3751
2024-01-26 19:40:00,0.6964
2024-01-26 19:50:00,0.374
2024-01-26 20:00:00,0.2558
2024-01-26 20:10:00,0.3995
2024-01-26 20:20:00,0.2251
2024-01-26 20:30:00,0.2561
2024-01-26 20:40:00,0.3727
2024-01-26 20:50:00,0.1062
2024-01-26 21:00:00,0.3497
2024-01-26 21:10:00,0.2925
2024-01-26 21:20:00,0.301
2024-01-26 21:30:00,0.2396
2024-01-26 21:40:00,0.5132
2024-01-26 21:50:00,0.176
2024-01-26 22:00:00,0.2597
2024-01-26 22:10:00,0.3598
2024-01-26 22:20:00,0.509
2024-01-26 22:30:00,0.1507
2024-01-26 22:40:00,0.3745
2024-01-26 22:50:00,0.28
2024-01-26 23:00:00,0.6022
2024-01-26 23:10:00,0.3984
2024-01-26 23:20:00,0.2835
2024-01-26 23:30:00,0.1434
2024-01-26 23:40:00,0.3131
2024-01-26 23:50:00,0.2984
2024-01-27 00:00:00,0.05
2024-01-27 00:10:00,0.1829
2024-01-27 00:20:00,0.3765
2024-01-27 00:30:00,0.2427
2024-01-27 00:40:00,0.1492
2024-01-27 00:50:00,0.1276
2024-01-27 01:00:00,0.0613
2024-01-27 01:10:00,0.05
2024-01-27 01:20:00,0.14
2024-01-27 01:30:00,0.05
2024-01-27 01:40:00,0.1007
2024-01-27 01:50:00,0.1683
2024-01-27 02:00:00,0.05
2024-01-27 02:10:00,0.05
2024-01-27 02:20:00,0.05
2024-01-27 02:30:00,0.05
2024-01-27 02:40:00,0.05
2024-01-27 02:50:00,0.05
2024-01-27 03:00:00,0.0896
2024-01-27 03:10:00,0.1742
2024-01-27 03:20:00,0.4375
2024-01-27 03:30:00,0.3853
2024-01-27 03:40:00,0.6908
2024-01-27 03:50:00,0.8498
2024-01-27 04:00:00,0.9159
2024-01-27 04:10:00,0.8145
2024-01-27 04:20:00,1.0597
2024-01-27 04:30:00,1.4177
2024-01-27 04:40:00,1.7111
2024-01-27 04:50:00,1.4275
2024-01-27 05:00:00,1.9406
2024-01-27 05:10:00,1.8662
2024-01-27 05:20:00,1.9054
2024-01-27 05:30:00,2.3506
2024-01-27 05:40:00,2.1943
2024-01-27 05:50:00,2.2862
2024-01-27 06:00:00,2.8662
2024-01-27 06:10:00,2.3845
2024-01-27 06:20:00,2.4878
2024-01-27 06:30:00,2.6552
2024-01-27 06:40:00,2.5743
2024-01-27 06:50:00,2.6932
2024-01-27 07:00:00,2.6843
2024-01-27 07:10:00,2.4449
2024-01-27 07:20:00,2.7891
2024-01-27 07:30:00,2.2303
2024-01-27 07:40:00,2.3013
2024-01-27 07:50:00,2.2123
2024-01-27 08:00:00,2.1157
2024-01-27 08:10:00,2.0723
2024-01-27 08:20:00,1.9342
2024-01-27 08:30:00,1.6821
2024-01-27 08:40:00,1.6805
2024-01-27 08:50:00,1.2058
2024-01-27 09:00:00,1.2677
2024-01-27 09:10:00,1.2193
2024-01-27 09:20:00,0.968
2024-01-27 09:30:00,0.8094
2024-01-27 09:40:00,0.7244
2024-01-27 09:50:00,0.6691
2024-01-27 10:00:00,0.5871
2024-01-27 10:10:00,0.5909
2024-01-27 10:20:00,0.5295
2024-01-27 10:30:00,0.3579
2024-01-27 10:40:00,0.381
2024-01-27 10:50:00,0.2743
2024-01-27 11:00:00,0.0788
2024-01-27 11:10:00,0.4597
2024-01-27 11:20:00,0.4808
2024-01-27 11:30:00,0.2957
2024-01-27 11:40:00,0.2174
2024-01-27 11:50:00,0.1856
2024-01-27 12:00:00,0.4419
2024-01-27 12:10:00,0.1581
2024-01-27 12:20:00,0.1513
2024-01-27 12:30:00,0.05
2024-01-27 12:40:00,0.333
2024-01-27 12:50:00,0.4499
2024-01-27 13:00:00,0.3163
2024-01-27 13:10:00,0.1818
2024-01-27 13:20:00,0.05
2024-01-27 13:30:00,0.3121
2024-01-27 13:40:00,0.2928
2024-01-27 13:50:00,0.1682
2024-01-27 14:00:00,0.2325
2024-01-27 14:10:00,0.3352
2024-01-27 14:20:00,0.3495
2024-01-27 14:30:00,0.3303
2024-01-27 14:40:00,0.4238
2024-01-27 14:50:00,0.2837
2024-01-27 15:00:00,0.3374
2024-01-27 15:10:00,0.2023
2024-01-27 15:20:00,0.1229
2024-01-27 15:30:00,0.317
2024-01-27 15:40:00,0.3076
2024-01-27 15:50:00,0.1834
2024-01-27 16:00:00,0.378
2024-01-27 16:10:00,0.2197
2024-01-27 16:20:00,0.05
2024-01-27 16:30:00,0.2694
2024-01-27 16:40:00,0.0736
2024-01-27 16:50:00,0.05
2024-01-27 17:00:00,0.2189
2024-01-27 17:10:00,0.3337
2024-01-27 17:20:00,0.1961
2024-01-27 17:30:00,0.267
2024-01-27 17:40:00,0.206
2024-01-27 17:50:00,0.2092
2024-01-27 18:00:00,0.05
2024-01-27 18:10:00,0.05
2024-01-27 18:20:00,0.2693
2024-01-27 18:30:00,0.1745
2024-01-27 18:40:00,0.0713
2024-01-27 18:50:00,0.2148
2024-01-27 19:00:00,0.0737
2024-01-27 19:10:00,0.2366
2024-01-27 19:20:00,0.05
2024-01-27 19:30:00,0.4085
2024-01-27 19:40:00,0.3783
2024-01-27 19:50:00,0.1263
2024-01-27 20:00:00,0.3048
2024-01-27 20:10:00,0.1684
2024-01-27 20:20:00,0.5439
2024-01-27 20:30:00,0.0528
2024-01-27 20:40:00,0.3962
2024-01-27 20:50:00,0.3694
2024-01-27 21:00:00,0.0989
2024-01-27 21:10:00,0.3933
2024-01-27 21:20:00,0.1912
2024-01-27 21:30:00,0.1472
2024-01-27 21:40:00,0.2845
2024-01-27 21:50:00,0.2202
2024-01-27 22:00:00,0.2658
2024-01-27 22:10:00,0.1597
2024-01-27 22:20:00,0.2509
2024-01-27 22:30:00,0.3834
2024-01-27 22:40:00,0.1151
2024-01-27 22:50:00,0.2945
2024-01-27 23:00:00,0.1657
2024-01-27 23:10:00,0.163
2024-01-27 23:20:00,0.565
2024-01-27 23:30:00,0.4504
2024-01-27 23:40:00,0.1707
2024-01-27 23:50:00,0.1774
2024-01-28 00:00:00,0.1011
2024-01-28 00:10:00,0.302
2024-01-28 00:20:00,0.05
2024-01-28 00:30:00,0.2206
2024-01-28 00:40:00,0.4638
2024-01-28 00:50:00,0.1628
2024-01-28 01:00:00,0.2559
2024-01-28 01:10:00,0.222
2024-01-28 01:20:00,0.05
2024-01-28 01:30:00,0.05
2024-01-28 01:40:00,0.2085
2024-01-28 01:50:00,0.207
2024-01-28 02:00:00,0.3259
2024-01-28 02:10:00,0.0766
2024-01-28 02:20:00,0.05
2024-01-28 02:30:00,0.0899
2024-01-28 02:40:00,0.05
2024-01-28 02:50:00,0.2542
2024-01-28 03:00:00,0.2968
2024-01-28 03:10:00,0.3553
2024-01-28 03:20:00,0.2702
2024-01-28 03:30:00,0.4347
2024-01-28 03:40:00,0.3598
2024-01-28 03:50:00,0.5793
2024-01-28 04:00:00,0.7625
2024-01-28 04:10:00,0.8535
2024-01-28 04:20:00,1.099
2024-01-28 04:30:00,1.3558
2024-01-28 04:40:00,1.3547
2024-01-28 04:50:00,1.5364
2024-01-28 05:00:00,1.8595
2024-01-28 05:10:00,1.9694
2024-01-28 05:20:00,2.1845
2024-01-28 05:30:00,2.3822
2024-01-28 05:40:00,2.4546
2024-01-28 05:50:00,2.5885
2024-01-28 06:00:00,2.6175
2024-01-28 06:10:00,2.2041
2024-01-28 06:20:00,2.5349
2024-01-28 06:30:00,2.4818
2024-01-28 06:40:00,2.6638
2024-01-28 06:50:00,2.6075
2024-01-28 07:00:00,2.7407
2024-01-28 07:10:00,2.3571
2024-01-28 07:20:00,2.3377
2024-01-28 07:30:00,2.366
2024-01-28 07:40:00,2.4085
2024-01-28 07:50:00,2.185
2024-01-28 08:00:00,2.1964
2024-01-28 08:10:00,1.9578
2024-01-28 08:20:00,1.844
2024-01-28 08:30:00,1.7189
2024-01-28 08:40:00,1.2593
2024-01-28 08:50:00,1.4565
2024-01-28 09:00:00,1.2044
2024-01-28 09:10:00,1.1778
2024-01-28 09:20:00,1.1974
2024-01-28 09:30:00,1.0164
2024-01-28 09:40:00,0.7257
2024-01-28 09:50:00,0.7255
2024-01-28 10:00:00,0.461
2024-01-28 10:10:00,0.3147
2024-01-28 10:20:00,0.3034
2024-01-28 10:30:00,0.4873
2024-01-28 10:40:00,0.272
2024-01-28 10:50:00,0.3237
2024-01-28 11:00:00,0.2937
2024-01-28 11:10:00,0.6077
2024-01-28 11:20:00,0.0784
2024-01-28 11:30:00,0.2436
2024-01-28 11:40:00,0.3342
2024-01-28 11:50:00,0.2953
2024-01-28 12:00:00,0.2138
2024-01-28 12:10:00,0.1796
2024-01-28 12:20:00,0.3798
2024-01-28 12:30:00,0.1018
2024-01-28 12:40:00,0.2748
2024-01-28 12:50:00,0.1455
2024-01-28 13:00:00,0.1567
2024-01-28 13:10:00,0.1844
2024-01-28 13:20:00,0.2286
2024-01-28 13:30:00,0.1928
2024-01-28 13:40:00,0.2632
2024-01-28 13:50:00,0.3351
2024-01-28 14:00:00,0.3135
2024-01-28 14:10:00,0.2612
2024-01-28 14:20:00,0.2528
2024-01-28 14:30:00,0.2689
2024-01-28 14:40:00,0.2535
2024-01-28 14:50:00,0.2828
2024-01-28 15:00:00,0.05
2024-01-28 15:10:00,0.0733
2024-01-28 15:20:00,0.2612
2024-01-28 15:30:00,0.2997
2024-01-28 15:40:00,0.05
2024-01-28 15:50:00,0.2976
2024-01-28 16:00:00,0.1449
2024-01-28 16:10:00,0.309
2024-01-28 16:20:00,0.1008
2024-01-28 16:30:00,0.5061
2024-01-28 16:40:00,0.2937
2024-01-28 16:50:00,0.3873
2024-01-28 17:00:00,0.2171
2024-01-28 17:10:00,0.351
2024-01-28 17:20:00,0.321
2024-01-28 17:30:00,0.1743
2024-01-28 17:40:00,0.2153
2024-01-28 17:50:00,0.445
2024-01-28 18:00:00,0.3999
2024-01-28 18:10:00,0.0675
2024-01-28 18:20:00,0.3835
2024-01-28 18:30:00,0.2117
2024-01-28 18:40:00,0.2192
2024-01-28 18:50:00,0.2063
2024-01-28 19:00:00,0.3634
2024-01-28 19:10:00,0.4088
2024-01-28 19:20:00,0.3503
2024-01-28 19:30:00,0.2398
2024-01-28 19:40:00,0.2609
2024-01-28 19:50:00,0.2099
2024-01-28 20:00:00,0.0876
2024-01-28 20:10:00,0.2791
2024-01-28 20:20:00,0.4133
2024-01-28 20:30:00,0.3792
2024-01-28 20:40:00,0.2043
2024-01-28 20:50:00,0.2256
2024-01-28 21:00:00,0.2604
2024-01-28 21:10:00,0.2441
2024-01-28 21:20:00,0.1852
2024-01-28 21:30:00,0.3053
2024-01-28 21:40:00,0.1465
2024-01-28 21:50:00,0.2966
2024-01-28 22:00:00,0.4265
2024-01-28 22:10:00,0.1738
2024-01-28 22:20:00,0.2686
2024-01-28 22:30:00,0.2858
2024-01-28 22:40:00,0.3427
2024-01-28 22:50:00,0.1628
2024-01-28 23:00:00,0.05
2024-01-28 23:10:00,0.5074
2024-01-28 23:20:00,0.3435
2024-01-28 23:30:00,0.1411
2024-01-28 23:40:00,0.05
2024-01-28 23:50:00,0.1818
2024-01-29 00:00:00,0.3057
2024-01-29 00:10:00,0.1165
2024-01-29 00:20:00,0.2708
2024-01-29 00:30:00,0.2216
2024-01-29 00:40:00,0.2217
2024-01-29 00:50:00,0.4094
2024-01-29 01:00:00,0.3214
2024-01-29 01:10:00,0.05
2024-01-29 01:20:00,0.05
2024-01-29 01:30:00,0.05
2024-01-29 01:40:00,0.05
2024-01-29 01:50:00,0.2089
2024-01-29 02:00:00,0.0563
2024-01-29 02:10:00,0.0517
2024-01-29 02:20:00,0.2754
2024-01-29 02:30:00,0.1227
2024-01-29 02:40:00,0.1951
2024-01-29 02:50:00,0.05
2024-01-29 03:00:00,0.2434
2024-01-29 03:10:00,0.2745
2024-01-29 03:20:00,0.2815
2024-01-29 03:30:00,0.5332
2024-01-29 03:40:00,0.6224
2024-01-29 03:50:00,0.9637
2024-01-29 04:00:00,1.0586
2024-01-29 04:10:00,1.2453
2024-01-29 04:20:00,1.2617
2024-01-29 04:30:00,1.776
2024-01-29 04:40:00,1.6575
2024-01-29 04:50:00,2.0103
2024-01-29 05:00:00,2.2543
2024-01-29 05:10:00,2.5507
2024-01-29 05:20:00,2.6283
2024-01-29 05:30:00,2.7118
2024-01-29 05:40:00,3.0894
2024-01-29 05:50:00,2.8706
2024-01-29 06:00:00,3.2811
2024-01-29 06:10:00,3.3271
2024-01-29 06:20:00,3.2847
2024-01-29 06:30:00,3.3465
2024-01-29 06:40:00,3.2899
2024-01-29 06:50:00,3.1978
2024-01-29 07:00:00,3.1318
2024-01-29 07:10:00,3.0906
2024-01-29 07:20:00,2.9848
2024-01-29 07:30:00,3.1737
2024-01-29 07:40:00,3.0192
2024-01-29 07:50:00,2.7652
2024-01-29 08:00:00,2.3361
2024-01-29 08:10:00,2.4008
2024-01-29 08:20:00,2.3814
2024-01-29 08:30:00,2.1186
2024-01-29 08:40:00,1.8062
2024-01-29 08:50:00,1.6888
2024-01-29 09:00:00,1.6577
2024-01-29 09:10:00,1.6325
2024-01-29 09:20:00,1.3563
2024-01-29 09:30:00,1.021
2024-01-29 09:40:00,0.7907
2024-01-29 09:50:00,0.7235
2024-01-29 10:00:00,0.8644
2024-01-29 10:10:00,0.5977
2024-01-29 10:20:00,0.2326
2024-01-29 10:30:00,0.2316
2024-01-29 10:40:00,0.3078
2024-01-29 10:50:00,0.05
2024-01-29 11:00:00,0.4924
2024-01-29 11:10:00,0.6546
2024-01-29 11:20:00,0.4652
2024-01-29 11:30:00,0.4666
2024-01-29 11:40:00,0.4513
2024-01-29 11:50:00,0.1618
2024-01-29 12:00:00,0.2967
2024-01-29 12:10:00,0.3214
2024-01-29 12:20:00,0.5417
2024-01-29 12:30:00,0.2263
2024-01-29 12:40:00,0.4043
2024-01-29 12:50:00,0.2168
2024-01-29 13:00:00,0.1584
2024-01-29 13:10:00,0.1682
2024-01-29 13:20:00,0.0991
2024-01-29 13:30:00,0.2991
2024-01-29 13:40:00,0.4142
2024-01-29 13:50:00,0.6459
2024-01-29 14:00:00,0.4125
2024-01-29 14:10:00,0.2046
2024-01-29 14:20:00,0.4511
2024-01-29 14:30:00,0.4217
2024-01-29 14:40:00,0.2936
2024-01-29 14:50:00,0.1791
2024-01-29 15:00:00,0.089
2024-01-29 15:10:00,0.207
2024-01-29 15:20:00,0.3261
2024-01-29 15:30:00,0.4953
2024-01-29 15:40:00,0.2096
2024-01-29 15:50:00,0.3316
2024-01-29 16:00:00,0.3821
2024-01-29 16:10:00,0.2244
2024-01-29 16:20:00,0.1518
2024-01-29 16:30:00,0.3119
2024-01-29 16:40:00,0.1755
2024-01-29 16:50:00,0.1136
2024-01-29 17:00:00,0.5121
2024-01-29 17:10:00,0.2363
2024-01-29 17:20:00,0.3761
2024-01-29 17:30:00,0.35
2024-01-29 17:40:00,0.1549
2024-01-29 17:50:00,0.3468
2024-01-29 18:00:00,0.3557
2024-01-29 18:10:00,0.3328
2024-01-29 18:20:00,0.3173
2024-01-29 18:30:00,0.3825
2024-01-29 18:40:00,0.3728
2024-01-29 18:50:00,0.3938
2024-01-29 19:00:00,0.1565
2024-01-29 19:10:00,0.0879
2024-01-29 19:20:00,0.2425
2024-01-29 19:30:00,0.3004
2024-01-29 19:40:00,0.4165
2024-01-29 19:50:00,0.5696
2024-01-29 20:00:00,0.2158
2024-01-29 20:10:00,0.4665
2024-01-29 20:20:00,0.3235
2024-01-29 20:30:00,0.2331
2024-01-29 20:40:00,0.3644
2024-01-29 20:50:00,0.3621
2024-01-29 21:00:00,0.3495
2024-01-29 21:10:00,0.4935
2024-01-29 21:20:00,0.2386
2024-01-29 21:30:00,0.3608
2024-01-29 21:40:00,0.0886
2024-01-29 21:50:00,0.115
2024-01-29 22:00:00,0.3017
2024-01-29 22:10:00,0.211
2024-01-29 22:20:00,0.4754
2024-01-29 22:30:00,0.4208
2024-01-29 22:40:00,0.3736
2024-01-29 22:50:00,0.2978
2024-01-29 23:00:00,0.181
2024-01-29 23:10:00,0.05
2024-01-29 23:20:00,0.2074
2024-01-29 23:30:00,0.3594
2024-01-29 23:40:00,0.1644
2024-01-29 23:50:00,0.4992
2024-01-30 00:00:00,0.2737
2024-01-30 00:10:00,0.3326
2024-01-30 00:20:00,0.4135
2024-01-30 00:30:00,0.0857
2024-01-30 00:40:00,0.1576
2024-01-30 00:50:00,0.2544
2024-01-30 01:00:00,0.05
2024-01-30 01:10:00,0.1778
2024-01-30 01:20:00,0.2632
2024-01-30 01:30:00,0.17
2024-01-30 01:40:00,0.1303
2024-01-30 01:50:00,0.05
2024-01-30 02:00:00,0.0805
2024-01-30 02:10:00,0.05
2024-01-30 02:20:00,0.0844
2024-01-30 02:30:00,0.0982
2024-01-30 02:40:00,0.05
2024-01-30 02:50:00,0.3496
2024-01-30 03:00:00,0.0701
2024-01-30 03:10:00,0.6536
2024-01-30 03:20:00,0.5398
2024-01-30 03:30:00,0.6807
2024-01-30 03:40:00,0.7297
2024-01-30 03:50:00,0.6732
2024-01-30 04:00:00,0.9727
2024-01-30 04:10:00,1.2088
2024-01-30 04:20:00,1.4329
2024-01-30 04:30:00,1.5731
2024-01-30 04:40:00,2.0919
2024-01-30 04:50:00,1.9648
2024-01-30 05:00:00,2.2567
2024-01-30 05:10:00,2.3603
2024-01-30 05:20:00,2.645
2024-01-30 05:30:00,2.5784
2024-01-30 05:40:00,2.9089
2024-01-30 05:50:00,3.2324
2024-01-30 06:00:00,3.2062
2024-01-30 06:10:00,3.0701
2024-01-30 06:20:00,3.351
2024-01-30 06:30:00,3.4076
2024-01-30 06:40:00,3.3835
2024-01-30 06:50:00,3.3743
2024-01-30 07:00:00,3.4921
2024-01-30 07:10:00,3.3857
2024-01-30 07:20:00,3.0556
2024-01-30 07:30:00,2.9794
2024-01-30 07:40:00,2.8316
2024-01-30 07:50:00,2.8211
2024-01-30 08:00:00,2.7331
2024-01-30 08:10:00,2.298
2024-01-30 08:20:00,2.3397
2024-01-30 08:30:00,2.0236
2024-01-30 08:40:00,1.788
2024-01-30 08:50:00,1.7581
2024-01-30 09:00:00,1.7996
2024-01-30 09:10:00,1.3812
2024-01-30 09:20:00,1.3429
2024-01-30 09:30:00,1.0863
2024-01-30 09:40:00,0.9079
2024-01-30 09:50:00,0.8699
2024-01-30 10:00:00,0.6264
2024-01-30 10:10:00,0.42
2024-01-30 10:20:00,0.3708
2024-01-30 10:30:00,0.4658
2024-01-30 10:40:00,0.4875
2024-01-30 10:50:00,0.4335
2024-01-30 11:00:00,0.2926
2024-01-30 11:10:00,0.3557
2024-01-30 11:20:00,0.2735
2024-01-30 11:30:00,0.1687
2024-01-30 11:40:00,0.088
2024-01-30 11:50:00,0.2753
2024-01-30 12:00:00,0.418
2024-01-30 12:10:00,0.3042
2024-01-30 12:20:00,0.1258
2024-01-30 12:30:00,0.4546
2024-01-30 12:40:00,0.2128
2024-01-30 12:50:00,0.05
2024-01-30 13:00:00,0.2957
2024-01-30 13:10:00,0.4524
2024-01-30 13:20:00,0.3317
2024-01-30 13:30:00,0.1686
2024-01-30 13:40:00,0.1795
2024-01-30 13:50:00,0.4539
2024-01-30 14:00:00,0.226
2024-01-30 14:10:00,0.1386
2024-01-30 14:20:00,0.1576
2024-01-30 14:30:00,0.2626
2024-01-30 14:40:00,0.4792
2024-01-30 14:50:00,0.3964
2024-01-30 15:00:00,0.3234
2024-01-30 15:10:00,0.6262
2024-01-30 15:20:00,0.3801
2024-01-30 15:30:00,0.6677
2024-01-30 15:40:00,0.254
2024-01-30 15:50:00,0.3102
2024-01-30 16:00:00,0.2121
2024-01-30 16:10:00,0.3247
2024-01-30 16:20:00,0.2838
2024-01-30 16:30:00,0.7139
2024-01-30 16:40:00,0.2795
2024-01-30 16:50:00,0.456
2024-01-30 17:00:00,0.3075
2024-01-30 17:10:00,0.3944
2024-01-30 17:20:00,0.3554
2024-01-30 17:30:00,0.3693
2024-01-30 17:40:00,0.3118
2024-01-30 17:50:00,0.0913
2024-01-30 18:00:00,0.4292
2024-01-30 18:10:00,0.0678
2024-01-30 18:20:00,0.5012
2024-01-30 18:30:00,0.3817
2024-01-30 18:40:00,0.3482
2024-01-30 18:50:00,0.3177
2024-01-30 19:00:00,0.4831
2024-01-30 19:10:00,0.4867
2024-01-30 19:20:00,0.1144
2024-01-30 19:30:00,0.05
2024-01-30 19:40:00,0.3899
2024-01-30 19:50:00,0.3136
2024-01-30 20:00:00,0.2344
2024-01-30 20:10:00,0.3294
2024-01-30 20:20:00,0.1846
2024-01-30 20:30:00,0.3779
2024-01-30 20:40:00,0.2053
2024-01-30 20:50:00,0.2929
2024-01-30 21:00:00,0.3756
2024-01-30 21:10:00,0.233
2024-01-30 21:20:00,0.2543
2024-01-30 21:30:00,0.297
2024-01-30 21:40:00,0.348
2024-01-30 21:50:00,0.4903
2024-01-30 22:00:00,0.2566
2024-01-30 22:10:00,0.4085
2024-01-30 22:20:00,0.3858
2024-01-30 22:30:00,0.3494
2024-01-30 22:40:00,0.4265
2024-01-30 22:50:00,0.5153
2024-01-30 23:00:00,0.324
2024-01-30 23:10:00,0.403
2024-01-30 23:20:00,0.2405
2024-01-30 23:30:00,0.2684
2024-01-30 23:40:00,0.1809
2024-01-30 23:50:00,0.2746
2024-01-31 00:00:00,0.2942
2024-01-31 00:10:00,0.2442
2024-01-31 00:20:00,0.1999
2024-01-31 00:30:00,0.1817
2024-01-31 00:40:00,0.1772
2024-01-31 00:50:00,0.1577
2024-01-31 01:00:00,0.3546
2024-01-31 01:10:00,0.1254
2024-01-31 01:20:00,0.05
2024-01-31 01:30:00,0.3349
2024-01-31 01:40:00,0.0874
2024-01-31 01:50:00,0.0731
2024-01-31 02:00:00,0.05
2024-01-31 02:10:00,0.05
2024-01-31 02:20:00,0.3009
2024-01-31 02:30:00,0.05
2024-01-31 02:40:00,0.05
2024-01-31 02:50:00,0.2583
2024-01-31 03:00:00,0.05
2024-01-31 03:10:00,0.471
2024-01-31 03:20:00,0.5262
2024-01-31 03:30:00,0.5556
2024-01-31 03:40:00,0.7704
2024-01-31 03:50:00,1.0872
2024-01-31 04:00:00,1.1681
2024-01-31 04:10:00,1.3721
2024-01-31 04:20:00,1.5305
2024-01-31 04:30:00,1.6462
2024-01-31 04:40:00,1.8707
2024-01-31 04:50:00,2.1237
2024-01-31 05:00:00,2.383
2024-01-31 05:10:00,2.4411
2024-01-31 05:20:00,2.7444
2024-01-31 05:30:00,2.8081
2024-01-31 05:40:00,3.0132
2024-01-31 05:50:00,3.1135
2024-01-31 06:00:00,3.2508
2024-01-31 06:10:00,3.3207
2024-01-31 06:20:00,3.3231
2024-01-31 06:30:00,3.243
2024-01-31 06:40:00,3.5324
2024-01-31 06:50:00,3.2776
2024-01-31 07:00:00,3.4506
2024-01-31 07:10:00,3.0857
2024-01-31 07:20:00,3.0157
2024-01-31 07:30:00,3.2028
2024-01-31 07:40:00,3.1693
2024-01-31 07:50:00,2.8826
2024-01-31 08:00:00,2.4713
2024-01-31 08:10:00,2.6366
2024-01-31 08:20:00,2.1899
2024-01-31 08:30:00,1.9827
2024-01-31 08:40:00,1.9567
2024-01-31 08:50:00,1.6826
2024-01-31 09:00:00,1.6674
2024-01-31 09:10:00,1.4511
2024-01-31 09:20:00,1.1736
2024-01-31 09:30:00,1.148
2024-01-31 09:40:00,1.2183
2024-01-31 09:50:00,0.7721
2024-01-31 10:00:00,0.7504
2024-01-31 10:10:00,0.6974
2024-01-31 10:20:00,0.6204
2024-01-31 10:30:00,0.7612
2024-01-31 10:40:00,0.5933
2024-01-31 10:50:00,0.2802
2024-01-31 11:00:00,0.2572
2024-01-31 11:10:00,0.3461
2024-01-31 11:20:00,0.4228
2024-01-31 11:30:00,0.4699
2024-01-31 11:40:00,0.4621
2024-01-31 11:50:00,0.3222
2024-01-31 12:00:00,0.3993
2024-01-31 12:10:00,0.5259
2024-01-31 12:20:00,0.387
2024-01-31 12:30:00,0.367
2024-01-31 12:40:00,0.4442
2024-01-31 12:50:00,0.3463
2024-01-31 13:00:00,0.4072
2024-01-31 13:10:00,0.5601
2024-01-31 13:20:00,0.166
2024-01-31 13:30:00,0.2934
2024-01-31 13:40:00,0.239
2024-01-31 13:50:00,0.2299
2024-01-31 14:00:00,0.2438
2024-01-31 14:10:00,0.05
2024-01-31 14:20:00,0.2598
2024-01-31 14:30:00,0.4562
2024-01-31 14:40:00,0.1556
2024-01-31 14:50:00,0.092
2024-01-31 15:00:00,0.2413
2024-01-31 15:10:00,0.2155
2024-01-31 15:20:00,0.4258
2024-01-31 15:30:00,0.5426
2024-01-31 15:40:00,0.6048
2024-01-31 15:50:00,0.2197
2024-01-31 16:00:00,0.3937
2024-01-31 16:10:00,0.3125
2024-01-31 16:20:00,0.3698
2024-01-31 16:30:00,0.3898
2024-01-31 16:40:00,0.307
2024-01-31 16:50:00,0.1927
2024-01-31 17:00:00,0.2155
2024-01-31 17:10:00,0.3426
2024-01-31 17:20:00,0.3638
2024-01-31 17:30:00,0.2351
2024-01-31 17:40:00,0.2865
2024-01-31 17:50:00,0.4672
2024-01-31 18:00:00,0.3171
2024-01-31 18:10:00,0.3762
2024-01-31 18:20:00,0.5107
2024-01-31 18:30:00,0.3338
2024-01-31 18:40:00,0.2562
2024-01-31 18:50:00,0.252
2024-01-31 19:00:00,0.398
2024-01-31 19:10:00,0.1199
2024-01-31 19:20:00,0.511
2024-01-31 19:30:00,0.4665
2024-01-31 19:40:00,0.1411
2024-01-31 19:50:00,0.2492
2024-01-31 20:00:00,0.2492
2024-01-31 20:10:00,0.3853
2024-01-31 20:20:00,0.2176
2024-01-31 20:30:00,0.05
2024-01-31 20:40:00,0.4748
2024-01-31 20:50:00,0.05
2024-01-31 21:00:00,0.5349
2024-01-31 21:10:00,0.265
2024-01-31 21:20:00,0.3132
2024-01-31 21:30:00,0.2808
2024-01-31 21:40:00,0.2574
2024-01-31 21:50:00,0.3245
2024-01-31 22:00:00,0.2806
2024-01-31 22:10:00,0.2054
2024-01-31 22:20:00,0.3948
2024-01-31 22:30:00,0.2853
2024-01-31 22:40:00,0.5718
2024-01-31 22:50:00,0.2003
2024-01-31 23:00:00,0.3795
2024-01-31 23:10:00,0.2461
2024-01-31 23:20:00,0.2338
2024-01-31 23:30:00,0.3129
2024-01-31 23:40:00,0.3992
2024-01-31 23:50:00,0.4194
2024-02-01 00:00:00,0.2387
2024-02-01 00:10:00,0.451
2024-02-01 00:20:00,0.3395
2024-02-01 00:30:00,0.2514
2024-02-01 00:40:00,0.2848
2024-02-01 00:50:00,0.05
2024-02-01 01:00:00,0.3011
2024-02-01 01:10:00,0.05
2024-02-01 01:20:00,0.1661
2024-02-01 01:30:00,0.0841
2024-02-01 01:40:00,0.05
2024-02-01 01:50:00,0.05
2024-02-01 02:00:00,0.0907
2024-02-01 02:10:00,0.0817
2024-02-01 02:20:00,0.05
2024-02-01 02:30:00,0.05
2024-02-01 02:40:00,0.05
2024-02-01 02:50:00,0.05
2024-02-01 03:00:00,0.21
2024-02-01 03:10:00,0.1016
2024-02-01 03:20:00,0.4192
2024-02-01 03:30:00,0.6335
2024-02-01 03:40:00,0.6946
2024-02-01 03:50:00,0.9475
2024-02-01 04:00:00,0.9671
2024-02-01 04:10:00,0.9968
2024-02-01 04:20:00,1.5318
2024-02-01 04:30:00,1.6359
2024-02-01 04:40:00,1.7427
2024-02-01 04:50:00,2.0505
2024-02-01 05:00:00,2.1998
2024-02-01 05:10:00,2.6
2024-02-01 05:20:00,2.5528
2024-02-01 05:30:00,2.7297
2024-02-01 05:40:00,2.9777
2024-02-01 05:50:00,3.1078
2024-02-01 06:00:00,3.169
2024-02-01 06:10:00,3.0127
2024-02-01 06:20:00,3.1149
2024-02-01 06:30:00,3.3723
2024-02-01 06:40:00,3.2089
2024-02-01 06:50:00,3.4063
2024-02-01 07:00:00,2.998
2024-02-01 07:10:00,3.1764
2024-02-01 07:20:00,3.0013
2024-02-01 07:30:00,2.8701
2024-02-01 07:40:00,2.7407
2024-02-01 07:50:00,2.7674
2024-02-01 08:00:00,2.5589
2024-02-01 08:10:00,2.4068
2024-02-01 08:20:00,2.1582
2024-02-01 08:30:00,2.2348
2024-02-01 08:40:00,1.9321
2024-02-01 08:50:00,1.6956
2024-02-01 09:00:00,1.6416
2024-02-01 09:10:00,1.3853
2024-02-01 09:20:00,1.1133
2024-02-01 09:30:00,1.1021
2024-02-01 09:40:00,1.1396
2024-02-01 09:50:00,0.7675
2024-02-01 10:00:00,0.7608
2024-02-01 10:10:00,0.7634
2024-02-01 10:20:00,0.5573
2024-02-01 10:30:00,0.613
2024-02-01 10:40:00,0.4076
2024-02-01 10:50:00,0.0997
2024-02-01 11:00:00,0.2023
2024-02-01 11:10:00,0.4299
2024-02-01 11:20:00,0.5691
2024-02-01 11:30:00,0.234
2024-02-01 11:40:00,0.5295
2024-02-01 11:50:00,0.1797
2024-02-01 12:00:00,0.2647
2024-02-01 12:10:00,0.3104
2024-02-01 12:20:00,0.3739
2024-02-01 12:30:00,0.3843
2024-02-01 12:40:00,0.3024
2024-02-01 12:50:00,0.6346
2024-02-01 13:00:00,0.3532
2024-02-01 13:10:00,0.2292
2024-02-01 13:20:00,0.5467
2024-02-01 13:30:00,0.3439
2024-02-01 13:40:00,0.4815
2024-02-01 13:50:00,0.1029
2024-02-01 14:00:00,0.3356
2024-02-01 14:10:00,0.2749
2024-02-01 14:20:00,0.2463
2024-02-01 14:30:00,0.339
2024-02-01 14:40:00,0.4625
2024-02-01 14:50:00,0.2957
2024-02-01 15:00:00,0.5005
2024-02-01 15:10:00,0.1549
2024-02-01 15:20:00,0.3567
2024-02-01 15:30:00,0.3845
2024-02-01 15:40:00,0.05
2024-02-01 15:50:00,0.3783
2024-02-01 16:00:00,0.2827
2024-02-01 16:10:00,0.3691
2024-02-01 16:20:00,0.4702
2024-02-01 16:30:00,0.3455
2024-02-01 16:40:00,0.2806
2024-02-01 16:50:00,0.1195
2024-02-01 17:00:00,0.3052
2024-02-01 17:10:00,0.5035
2024-02-01 17:20:00,0.05
2024-02-01 17:30:00,0.4672
2024-02-01 17:40:00,0.3976
2024-02-01 17:50:00,0.3084
2024-02-01 18:00:00,0.3939
2024-02-01 18:10:00,0.4641
2024-02-01 18:20:00,0.2588
2024-02-01 18:30:00,0.3274
2024-02-01 18:40:00,0.3167
2024-02-01 18:50:00,0.5164
2024-02-01 19:00:00,0.3164
2024-02-01 19:10:00,0.3347
2024-02-01 19:20:00,0.4378
2024-02-01 19:30:00,0.3817
2024-02-01 19:40:00,0.3441
2024-02-01 19:50:00,0.1434
2024-02-01 20:00:00,0.2606
2024-02-01 20:10:00,0.3627
2024-02-01 20:20:00,0.3322
2024-02-01 20:30:00,0.2977
2024-02-01 20:40:00,0.4056
2024-02-01 20:50:00,0.5967
2024-02-01 21:00:00,0.3254
2024-02-01 21:10:00,0.401
2024-02-01 21:20:00,0.2897
2024-02-01 21:30:00,0.1696
2024-02-01 21:40:00,0.2761
2024-02-01 21:50:00,0.341
2024-02-01 22:00:00,0.3079
2024-02-01 22:10:00,0.328
2024-02-01 22:20:00,0.0914
2024-02-01 22:30:00,0.2553
2024-02-01 22:40:00,0.1063
2024-02-01 22:50:00,0.3552
2024-02-01 23:00:00,0.3135
2024-02-01 23:10:00,0.2912
2024-02-01 23:20:00,0.1192
2024-02-01 23:30:00,0.2953
2024-02-01 23:40:00,0.5052
2024-02-01 23:50:00,0.2446
2024-02-02 00:00:00,0.2734
2024-02-02 00:10:00,0.2717
2024-02-02 00:20:00,0.05
2024-02-02 00:30:00,0.05
2024-02-02 00:40:00,0.05
2024-02-02 00:50:00,0.2248
2024-02-02 01:00:00,0.3128
2024-02-02 01:10:00,0.3582
2024-02-02 01:20:00,0.0916
2024-02-02 01:30:00,0.2371
2024-02-02 01:40:00,0.05
2024-02-02 01:50:00,0.05
2024-02-02 02:00:00,0.05
2024-02-02 02:10:00,0.05
2024-02-02 02:20:00,0.09
2024-02-02 02:30:00,0.0854
2024-02-02 02:40:00,0.2079
2024-02-02 02:50:00,0.1557
2024-02-02 03:00:00,0.3732
2024-02-02 03:10:00,0.2559
2024-02-02 03:20:00,0.3951
2024-02-02 03:30:00,0.7893
2024-02-02 03:40:00,0.4541
2024-02-02 03:50:00,1.2027
2024-02-02 04:00:00,1.1317
2024-02-02 04:10:00,1.6562
2024-02-02 04:20:00,1.6426
2024-02-02 04:30:00,1.6484
2024-02-02 04:40:00,1.7252
2024-02-02 04:50:00,2.304
2024-02-02 05:00:00,2.0933
2024-02-02 05:10:00,2.5651
2024-02-02 05:20:00,2.5617
2024-02-02 05:30:00,2.973
2024-02-02 05:40:00,2.7817
2024-02-02 05:50:00,3.2119
2024-02-02 06:00:00,3.273
2024-02-02 06:10:00,3.3125
2024-02-02 06:20:00,3.3829
2024-02-02 06:30:00,3.3873
2024-02-02 06:40:00,3.2655
2024-02-02 06:50:00,3.187
2024-02-02 07:00:00,3.291
2024-02-02 07:10:00,3.5119
2024-02-02 07:20:00,3.2424
2024-02-02 07:30:00,2.9755
2024-02-02 07:40:00,3.0452
2024-02-02 07:50:00,2.7772
2024-02-02 08:00:00,2.5507
2024-02-02 08:10:00,2.6543
2024-02-02 08:20:00,2.4109
2024-02-02 08:30:00,2.1291
2024-02-02 08:40:00,2.1362
2024-02-02 08:50:00,1.8169
2024-02-02 09:00:00,1.5953
2024-02-02 09:10:00,1.1561
2024-02-02 09:20:00,1.3891
2024-02-02 09:30:00,0.8663
2024-02-02 09:40:00,0.9536
2024-02-02 09:50:00,0.8503
2024-02-02 10:00:00,0.6407
2024-02-02 10:10:00,0.4777
2024-02-02 10:20:00,0.5647
2024-02-02 10:30:00,0.5701
2024-02-02 10:40:00,0.3562
2024-02-02 10:50:00,0.3339
2024-02-02 11:00:00,0.2337
2024-02-02 11:10:00,0.1494
2024-02-02 11:20:00,0.3279
2024-02-02 11:30:00,0.2418
2024-02-02 11:40:00,0.4164
2024-02-02 11:50:00,0.4126
2024-02-02 12:00:00,0.3995
2024-02-02 12:10:00,0.2269
2024-02-02 12:20:00,0.4419
2024-02-02 12:30:00,0.1931
2024-02-02 12:40:00,0.4239
2024-02-02 12:50:00,0.3812
2024-02-02 13:00:00,0.4058
2024-02-02 13:10:00,0.1345
2024-02-02 13:20:00,0.4782
2024-02-02 13:30:00,0.3378
2024-02-02 13:40:00,0.3125
2024-02-02 13:50:00,0.1925
2024-02-02 14:00:00,0.2389
2024-02-02 14:10:00,0.2889
2024-02-02 14:20:00,0.2896
2024-02-02 14:30:00,0.5325
2024-02-02 14:40:00,0.3073
2024-02-02 14:50:00,0.2767
2024-02-02 15:00:00,0.2858
2024-02-02 15:10:00,0.366
2024-02-02 15:20:00,0.346
2024-02-02 15:30:00,0.1803
2024-02-02 15:40:00,0.5563
2024-02-02 15:50:00,0.2853
2024-02-02 16:00:00,0.1449
2024-02-02 16:10:00,0.232
2024-02-02 16:20:00,0.3106
2024-02-02 16:30:00,0.5329
2024-02-02 16:40:00,0.284
2024-02-02 16:50:00,0.2058
2024-02-02 17:00:00,0.2717
2024-02-02 17:10:00,0.2993
2024-02-02 17:20:00,0.2968
2024-02-02 17:30:00,0.0877
2024-02-02 17:40:00,0.1859
2024-02-02 17:50:00,0.422
2024-02-02 18:00:00,0.3676
2024-02-02 18:10:00,0.361
2024-02-02 18:20:00,0.2381
2024-02-02 18:30:00,0.121
2024-02-02 18:40:00,0.3286
2024-02-02 18:50:00,0.3701
2024-02-02 19:00:00,0.5539
2024-02-02 19:10:00,0.208
2024-02-02 19:20:00,0.4003
2024-02-02 19:30:00,0.3895
2024-02-02 19:40:00,0.0762
2024-02-02 19:50:00,0.3568
2024-02-02 20:00:00,0.2034
2024-02-02 20:10:00,0.39
2024-02-02 20:20:00,0.4121
2024-02-02 20:30:00,0.2298
2024-02-02 20:40:00,0.3692
2024-02-02 20:50:00,0.5593
2024-02-02 21:00:00,0.3593
2024-02-02 21:10:00,0.2748
2024-02-02 21:20:00,0.3433
2024-02-02 21:30:00,0.2425
2024-02-02 21:40:00,0.2064
2024-02-02 21:50:00,0.4464
2024-02-02 22:00:00,0.2938
2024-02-02 22:10:00,0.3973
2024-02-02 22:20:00,0.2531
2024-02-02 22:30:00,0.4339
2024-02-02 22:40:00,0.3902
2024-02-02 22:50:00,0.5413
2024-02-02 23:00:00,0.3438
2024-02-02 23:10:00,0.3133
2024-02-02 23:20:00,0.2705
2024-02-02 23:30:00,0.3528
2024-02-02 23:40:00,0.3125
2024-02-02 23:50:00,0.3724
2024-02-03 00:00:00,0.0963
2024-02-03 00:10:00,0.2378
2024-02-03 00:20:00,0.1834
2024-02-03 00:30:00,0.2121
2024-02-03 00:40:00,0.05
2024-02-03 00:50:00,0.0923
2024-02-03 01:00:00,0.3001
2024-02-03 01:10:00,0.05
2024-02-03 01:20:00,0.0534
2024-02-03 01:30:00,0.05
2024-02-03 01:40:00,0.05
2024-02-03 01:50:00,0.05
2024-02-03 02:00:00,0.05
2024-02-03 02:10:00,0.155
2024-02-03 02:20:00,0.05
2024-02-03 02:30:00,0.188
2024-02-03 02:40:00,0.1247
2024-02-03 02:50:00,0.05
2024-02-03 03:00:00,0.05
2024-02-03 03:10:00,0.5034
2024-02-03 03:20:00,0.4318
2024-02-03 03:30:00,0.3721
2024-02-03 03:40:00,0.7506
2024-02-03 03:50:00,0.72
2024-02-03 04:00:00,0.8379
2024-02-03 04:10:00,1.2766
2024-02-03 04:20:00,1.2455
2024-02-03 04:30:00,1.5316
2024-02-03 04:40:00,1.7006
2024-02-03 04:50:00,1.6327
2024-02-03 05:00:00,1.7624
2024-02-03 05:10:00,2.1312
2024-02-03 05:20:00,2.2632
2024-02-03 05:30:00,2.3126
2024-02-03 05:40:00,2.4585
2024-02-03 05:50:00,2.4542
2024-02-03 06:00:00,2.4977
2024-02-03 06:10:00,2.5366
2024-02-03 06:20:00,2.8489
2024-02-03 06:30:00,3.011
2024-02-03 06:40:00,2.6542
2024-02-03 06:50:00,2.7394
2024-02-03 07:00:00,2.6613
2024-02-03 07:10:00,2.6685
2024-02-03 07:20:00,2.4596
2024-02-03 07:30:00,2.4557
2024-02-03 07:40:00,2.2485
2024-02-03 07:50:00,2.2472
2024-02-03 08:00:00,2.1746
2024-02-03 08:10:00,2.2318
2024-02-03 08:20:00,1.7859
2024-02-03 08:30:00,1.7711
2024-02-03 08:40:00,1.8133
2024-02-03 08:50:00,1.4045
2024-02-03 09:00:00,0.9771
2024-02-03 09:10:00,0.9078
2024-02-03 09:20:00,1.0129
2024-02-03 09:30:00,0.8156
2024-02-03 09:40:00,0.6783
2024-02-03 09:50:00,0.9252
2024-02-03 10:00:00,0.6028
2024-02-03 10:10:00,0.5599
2024-02-03 10:20:00,0.5156
2024-02-03 10:30:00,0.319
2024-02-03 10:40:00,0.4187
2024-02-03 10:50:00,0.2206
2024-02-03 11:00:00,0.307
2024-02-03 11:10:00,0.2392
2024-02-03 11:20:00,0.1162
2024-02-03 11:30:00,0.2358
2024-02-03 11:40:00,0.2348
2024-02-03 11:50:00,0.1752
2024-02-03 12:00:00,0.2538
2024-02-03 12:10:00,0.0728
2024-02-03 12:20:00,0.05
2024-02-03 12:30:00,0.05
2024-02-03 12:40:00,0.2348
2024-02-03 12:50:00,0.3178
2024-02-03 13:00:00,0.2836
2024-02-03 13:10:00,0.4005
2024-02-03 13:20:00,0.3113
2024-02-03 13:30:00,0.2054
2024-02-03 13:40:00,0.1762
2024-02-03 13:50:00,0.4221
2024-02-03 14:00:00,0.5462
2024-02-03 14:10:00,0.2882
2024-02-03 14:20:00,0.3405
2024-02-03 14:30:00,0.0936
2024-02-03 14:40:00,0.05
2024-02-03 14:50:00,0.4336
2024-02-03 15:00:00,0.05
2024-02-03 15:10:00,0.356
2024-02-03 15:20:00,0.5021
2024-02-03 15:30:00,0.4644
2024-02-03 15:40:00,0.2269
2024-02-03 15:50:00,0.2003
2024-02-03 16:00:00,0.2811
2024-02-03 16:10:00,0.1106
2024-02-03 16:20:00,0.2399
2024-02-03 16:30:00,0.3908
2024-02-03 16:40:00,0.5458
2024-02-03 16:50:00,0.405
2024-02-03 17:00:00,0.4033
2024-02-03 17:10:00,0.4445
2024-02-03 17:20:00,0.05
2024-02-03 17:30:00,0.2667
2024-02-03 17:40:00,0.0574
2024-02-03 17:50:00,0.1124
2024-02-03 18:00:00,0.2312
2024-02-03 18:10:00,0.4498
2024-02-03 18:20:00,0.2128
2024-02-03 18:30:00,0.1792
2024-02-03 18:40:00,0.2379
2024-02-03 18:50:00,0.247
2024-02-03 19:00:00,0.0529
2024-02-03 19:10:00,0.4112
2024-02-03 19:20:00,0.2302
2024-02-03 19:30:00,0.1453
2024-02-03 19:40:00,0.3691
2024-02-03 19:50:00,0.1254
2024-02-03 20:00:00,0.3445
2024-02-03 20:10:00,0.2559
2024-02-03 20:20:00,0.0576
2024-02-03 20:30:00,0.3279
2024-02-03 20:40:00,0.0576
2024-02-03 20:50:00,0.2333
2024-02-03 21:00:00,0.0628
2024-02-03 21:10:00,0.355
2024-02-03 21:20:00,0.1403
2024-02-03 21:30:00,0.2522
2024-02-03 21:40:00,0.3661
2024-02-03 21:50:00,0.0897
2024-02-03 22:00:00,0.1326
2024-02-03 22:10:00,0.0931
2024-02-03 22:20:00,0.1093
2024-02-03 22:30:00,0.405
2024-02-03 22:40:00,0.2632
2024-02-03 22:50:00,0.1984
2024-02-03 23:00:00,0.1083
2024-02-03 23:10:00,0.1927
2024-02-03 23:20:00,0.2025
2024-02-03 23:30:00,0.1419
2024-02-03 23:40:00,0.3013
2024-02-03 23:50:00,0.1353
2024-02-04 00:00:00,0.05
2024-02-04 00:10:00,0.05
2024-02-04 00:20:00,0.1207
2024-02-04 00:30:00,0.3469
2024-02-04 00:40:00,0.3449
2024-02-04 00:50:00,0.05
2024-02-04 01:00:00,0.05
2024-02-04 01:10:00,0.05
2024-02-04 01:20:00,0.0625
2024-02-04 01:30:00,0.05
2024-02-04 01:40:00,0.1098
2024-02-04 01:50:00,0.05
2024-02-04 02:00:00,0.1939
2024-02-04 02:10:00,0.1264
2024-02-04 02:20:00,0.05
2024-02-04 02:30:00,0.05
2024-02-04 02:40:00,0.3902
2024-02-04 02:50:00,0.1439
2024-02-04 03:00:00,0.1618
2024-02-04 03:10:00,0.302
2024-02-04 03:20:00,0.1045
2024-02-04 03:30:00,0.3718
2024-02-04 03:40:00,0.6667
2024-02-04 03:50:00,0.8194
2024-02-04 04:00:00,0.9215
2024-02-04 04:10:00,0.7286
2024-02-04 04:20:00,1.1509
2024-02-04 04:30:00,1.2307
2024-02-04 04:40:00,1.5762
2024-02-04 04:50:00,1.705
2024-02-04 05:00:00,1.9542
2024-02-04 05:10:00,1.9591
2024-02-04 05:20:00,2.1639
2024-02-04 05:30:00,2.4715
2024-02-04 05:40:00,2.5996
2024-02-04 05:50:00,2.6246
2024-02-04 06:00:00,2.3445
2024-02-04 06:10:00,2.5735
2024-02-04 06:20:00,2.845
2024-02-04 06:30:00,2.6896
2024-02-04 06:40:00,2.6074
2024-02-04 06:50:00,2.7043
2024-02-04 07:00:00,2.5719
2024-02-04 07:10:00,2.6255
2024-02-04 07:20:00,2.5624
2024-02-04 07:30:00,2.3865
2024-02-04 07:40:00,2.3933
2024-02-04 07:50:00,2.1982
2024-02-04 08:00:00,2.0703
2024-02-04 08:10:00,2.0412
2024-02-04 08:20:00,1.9371
2024-02-04 08:30:00,1.7158
2024-02-04 08:40:00,1.4174
2024-02-04 08:50:00,1.2823
2024-02-04 09:00:00,1.4244
2024-02-04 09:10:00,1.0839
2024-02-04 09:20:00,0.8914
2024-02-04 09:30:00,1.1136
2024-02-04 09:40:00,0.9179
2024-02-04 09:50:00,0.7899
2024-02-04 10:00:00,0.568
2024-02-04 10:10:00,0.467
2024-02-04 10:20:00,0.4111
2024-02-04 10:30:00,0.3515
2024-02-04 10:40:00,0.414
2024-02-04 10:50:00,0.4395
2024-02-04 11:00:00,0.05
2024-02-04 11:10:00,0.1706
2024-02-04 11:20:00,0.1982
2024-02-04 11:30:00,0.0506
2024-02-04 11:40:00,0.2915
2024-02-04 11:50:00,0.1066
2024-02-04 12:00:00,0.4122
2024-02-04 12:10:00,0.2371
2024-02-04 12:20:00,0.2687
2024-02-04 12:30:00,0.3575
2024-02-04 12:40:00,0.2943
2024-02-04 12:50:00,0.2681
2024-02-04 13:00:00,0.2056
2024-02-04 13:10:00,0.2271
2024-02-04 13:20:00,0.1618
2024-02-04 13:30:00,0.3736
2024-02-04 13:40:00,0.3193
2024-02-04 13:50:00,0.5198
2024-02-04 14:00:00,0.3212
2024-02-04 14:10:00,0.2753
2024-02-04 14:20:00,0.2893
2024-02-04 14:30:00,0.1635
2024-02-04 14:40:00,0.4098
2024-02-04 14:50:00,0.2328
2024-02-04 15:00:00,0.05
2024-02-04 15:10:00,0.075
2024-02-04 15:20:00,0.2312
2024-02-04 15:30:00,0.0571
2024-02-04 15:40:00,0.1256
2024-02-04 15:50:00,0.3561
2024-02-04 16:00:00,0.3641
2024-02-04 16:10:00,0.3352
2024-02-04 16:20:00,0.355
2024-02-04 16:30:00,0.3373
2024-02-04 16:40:00,0.351
2024-02-04 16:50:00,0.3031
2024-02-04 17:00:00,0.3293
2024-02-04 17:10:00,0.4664
2024-02-04 17:20:00,0.2227
2024-02-04 17:30:00,0.5501
2024-02-04 17:40:00,0.2066
2024-02-04 17:50:00,0.1915
2024-02-04 18:00:00,0.2937
2024-02-04 18:10:00,0.2002
2024-02-04 18:20:00,0.05
2024-02-04 18:30:00,0.1369
2024-02-04 18:40:00,0.1763
2024-02-04 18:50:00,0.2015
2024-02-04 19:00:00,0.05
2024-02-04 19:10:00,0.1598
2024-02-04 19:20:00,0.1722
2024-02-04 19:30:00,0.1583
2024-02-04 19:40:00,0.2056
2024-02-04 19:50:00,0.3617
2024-02-04 20:00:00,0.372
2024-02-04 20:10:00,0.2866
2024-02-04 20:20:00,0.3899
2024-02-04 20:30:00,0.2607
2024-02-04 20:40:00,0.4002
2024-02-04 20:50:00,0.3042
2024-02-04 21:00:00,0.1665
2024-02-04 21:10:00,0.1713
2024-02-04 21:20:00,0.3264
2024-02-04 21:30:00,0.3525
2024-02-04 21:40:00,0.1227
2024-02-04 21:50:00,0.5196
2024-02-04 22:00:00,0.3713
2024-02-04 22:10:00,0.2003
2024-02-04 22:20:00,0.1207
2024-02-04 22:30:00,0.0559
2024-02-04 22:40:00,0.4341
2024-02-04 22:50:00,0.3591
2024-02-04 23:00:00,0.2584
2024-02-04 23:10:00,0.2995
2024-02-04 23:20:00,0.05
2024-02-04 23:30:00,0.05
2024-02-04 23:40:00,0.3158
2024-02-04 23:50:00,0.2873
2024-02-05 00:00:00,0.2792
2024-02-05 00:10:00,0.4468
2024-02-05 00:20:00,0.3254
2024-02-05 00:30:00,0.1501
2024-02-05 00:40:00,0.1318
2024-02-05 00:50:00,0.2514
2024-02-05 01:00:00,0.2249
2024-02-05 01:10:00,0.374
2024-02-05 01:20:00,0.05
2024-02-05 01:30:00,0.05
2024-02-05 01:40:00,0.1158
2024-02-05 01:50:00,0.1017
2024-02-05 02:00:00,0.2446
2024-02-05 02:10:00,0.1144
2024-02-05 02:20:00,0.1535
2024-02-05 02:30:00,0.05
2024-02-05 02:40:00,0.2929
2024-02-05 02:50:00,0.1819
2024-02-05 03:00:00,0.05
2024-02-05 03:10:00,0.3941
2024-02-05 03:20:00,0.3571
2024-02-05 03:30:00,0.4529
2024-02-05 03:40:00,0.7646
2024-02-05 03:50:00,0.7559
2024-02-05 04:00:00,1.1413
2024-02-05 04:10:00,1.2161
2024-02-05 04:20:00,1.4584
2024-02-05 04:30:00,1.7369
2024-02-05 04:40:00,1.7237
2024-02-05 04:50:00,2.1199
2024-02-05 05:00:00,2.5036
2024-02-05 05:10:00,2.5694
2024-02-05 05:20:00,2.7803
2024-02-05 05:30:00,2.9252
2024-02-05 05:40:00,2.8025
2024-02-05 05:50:00,3.1771
2024-02-05 06:00:00,3.2175
2024-02-05 06:10:00,3.2325
2024-02-05 06:20:00,3.5883
2024-02-05 06:30:00,3.0208
2024-02-05 06:40:00,3.8106
2024-02-05 06:50:00,3.4777
2024-02-05 07:00:00,3.4341
2024-02-05 07:10:00,3.0678
2024-02-05 07:20:00,3.136
2024-02-05 07:30:00,2.7927
2024-02-05 07:40:00,2.8681
2024-02-05 07:50:00,2.7774
2024-02-05 08:00:00,2.7154
2024-02-05 08:10:00,2.4524
2024-02-05 08:20:00,2.299
2024-02-05 08:30:00,2.1475
2024-02-05 08:40:00,1.8121
2024-02-05 08:50:00,1.7073
2024-02-05 09:00:00,1.4557
2024-02-05 09:10:00,1.3168
2024-02-05 09:20:00,1.1833
2024-02-05 09:30:00,1.1074
2024-02-05 09:40:00,0.9025
2024-02-05 09:50:00,0.7597
2024-02-05 10:00:00,0.5535
2024-02-05 10:10:00,0.4375
2024-02-05 10:20:00,0.5392
2024-02-05 10:30:00,0.4435
2024-02-05 10:40:00,0.4961
2024-02-05 10:50:00,0.1946
2024-02-05 11:00:00,0.4724
2024-02-05 11:10:00,0.2657
2024-02-05 11:20:00,0.2946
2024-02-05 11:30:00,0.3682
2024-02-05 11:40:00,0.2412
2024-02-05 11:50:00,0.1332
2024-02-05 12:00:00,0.2825
2024-02-05 12:10:00,0.1515
2024-02-05 12:20:00,0.122
2024-02-05 12:30:00,0.4029
2024-02-05 12:40:00,0.3221
2024-02-05 12:50:00,0.3528
2024-02-05 13:00:00,0.391
2024-02-05 13:10:00,0.3583
2024-02-05 13:20:00,0.2286
2024-02-05 13:30:00,0.2919
2024-02-05 13:40:00,0.2176
2024-02-05 13:50:00,0.3607
2024-02-05 14:00:00,0.1474
2024-02-05 14:10:00,0.2041
2024-02-05 14:20:00,0.3242
2024-02-05 14:30:00,0.2837
2024-02-05 14:40:00,0.1792
2024-02-05 14:50:00,0.05
2024-02-05 15:00:00,0.2655
2024-02-05 15:10:00,0.3093
2024-02-05 15:20:00,0.392
2024-02-05 15:30:00,0.2665
2024-02-05 15:40:00,0.4368
2024-02-05 15:50:00,0.4212
2024-02-05 16:00:00,0.2892
2024-02-05 16:10:00,0.402
2024-02-05 16:20:00,0.4249
2024-02-05 16:30:00,0.2518
2024-02-05 16:40:00,0.2489
2024-02-05 16:50:00,0.3448
2024-02-05 17:00:00,0.2682
2024-02-05 17:10:00,0.5642
2024-02-05 17:20:00,0.409
2024-02-05 17:30:00,0.3559
2024-02-05 17:40:00,0.2449
2024-02-05 17:50:00,0.539
2024-02-05 18:00:00,0.2576
2024-02-05 18:10:00,0.3695
2024-02-05 18:20:00,0.4569
2024-02-05 18:30:00,0.3761
2024-02-05 18:40:00,0.2264
2024-02-05 18:50:00,0.3452
2024-02-05 19:00:00,0.2905
2024-02-05 19:10:00,0.2423
2024-02-05 19:20:00,0.4889
2024-02-05 19:30:00,0.3621
2024-02-05 19:40:00,0.42
2024-02-05 19:50:00,0.2531
2024-02-05 20:00:00,0.2711
2024-02-05 20:10:00,0.3091
2024-02-05 20:20:00,0.3655
2024-02-05 20:30:00,0.509
2024-02-05 20:40:00,0.3123
2024-02-05 20:50:00,0.1703
2024-02-05 21:00:00,0.3988
2024-02-05 21:10:00,0.2533
2024-02-05 21:20:00,0.2927
2024-02-05 21:30:00,0.527
2024-02-05 21:40:00,0.2422
2024-02-05 21:50:00,0.2491
2024-02-05 22:00:00,0.2246
2024-02-05 22:10:00,0.1925
2024-02-05 22:20:00,0.2374
2024-02-05 22:30:00,0.3487
2024-02-05 22:40:00,0.05
2024-02-05 22:50:00,0.2129
2024-02-05 23:00:00,0.2778
2024-02-05 23:10:00,0.445
2024-02-05 23:20:00,0.5733
2024-02-05 23:30:00,0.1923
2024-02-05 23:40:00,0.3929
2024-02-05 23:50:00,0.3886
2024-02-06 00:00:00,0.2523
2024-02-06 00:10:00,0.4763
2024-02-06 00:20:00,0.2167
2024-02-06 00:30:00,0.3018
2024-02-06 00:40:00,0.3439
2024-02-06 00:50:00,0.1511
2024-02-06 01:00:00,0.05
2024-02-06 01:10:00,0.05
2024-02-06 01:20:00,0.1683
2024-02-06 01:30:00,0.0985
2024-02-06 01:40:00,0.05
2024-02-06 01:50:00,0.1062
2024-02-06 02:00:00,0.2326
2024-02-06 02:10:00,0.1949
2024-02-06 02:20:00,0.0507
2024-02-06 02:30:00,0.0783
2024-02-06 02:40:00,0.2695
2024-02-06 02:50:00,0.0991
2024-02-06 03:00:00,0.2307
2024-02-06 03:10:00,0.4484
2024-02-06 03:20:00,0.5744
2024-02-06 03:30:00,0.5651
2024-02-06 03:40:00,0.9867
2024-02-06 03:50:00,0.9092
2024-02-06 04:00:00,0.9032
2024-02-06 04:10:00,1.4116
2024-02-06 04:20:00,1.4041
2024-02-06 04:30:00,1.7742
2024-02-06 04:40:00,1.9258
2024-02-06 04:50:00,2.4659
2024-02-06 05:00:00,2.2682
2024-02-06 05:10:00,2.5129
2024-02-06 05:20:00,2.6902
2024-02-06 05:30:00,2.8324
2024-02-06 05:40:00,2.8492
2024-02-06 05:50:00,2.9619
2024-02-06 06:00:00,3.1827
2024-02-06 06:10:00,3.3039
2024-02-06 06:20:00,3.2951
2024-02-06 06:30:00,3.3264
2024-02-06 06:40:00,3.4669
2024-02-06 06:50:00,3.3051
2024-02-06 07:00:00,3.1366
2024-02-06 07:10:00,3.3453
2024-02-06 07:20:00,3.3263
2024-02-06 07:30:00,3.1574
2024-02-06 07:40:00,2.912
2024-02-06 07:50:00,2.8095
2024-02-06 08:00:00,2.6263
2024-02-06 08:10:00,2.5661
2024-02-06 08:20:00,2.4846
2024-02-06 08:30:00,2.1951
2024-02-06 08:40:00,1.9481
2024-02-06 08:50:00,1.7694
2024-02-06 09:00:00,1.627
2024-02-06 09:10:00,1.632
2024-02-06 09:20:00,1.3294
2024-02-06 09:30:00,0.948
2024-02-06 09:40:00,0.8105
2024-02-06 09:50:00,1.0486
2024-02-06 10:00:00,0.8037
2024-02-06 10:10:00,0.4889
2024-02-06 10:20:00,0.4392
2024-02-06 10:30:00,0.4883
2024-02-06 10:40:00,0.5935
2024-02-06 10:50:00,0.2922
2024-02-06 11:00:00,0.4314
2024-02-06 11:10:00,0.5447
2024-02-06 11:20:00,0.2529
2024-02-06 11:30:00,0.2947
2024-02-06 11:40:00,0.6501
2024-02-06 11:50:00,0.3127
2024-02-06 12:00:00,0.3098
2024-02-06 12:10:00,0.3329
2024-02-06 12:20:00,0.3055
2024-02-06 12:30:00,0.4211
2024-02-06 12:40:00,0.3507
2024-02-06 12:50:00,0.252
2024-02-06 13:00:00,0.2442
2024-02-06 13:10:00,0.3585
2024-02-06 13:20:00,0.1629
2024-02-06 13:30:00,0.4284
2024-02-06 13:40:00,0.6065
2024-02-06 13:50:00,0.3453
2024-02-06 14:00:00,0.1288
2024-02-06 14:10:00,0.3016
2024-02-06 14:20:00,0.2579
2024-02-06 14:30:00,0.3316
2024-02-06 14:40:00,0.3144
2024-02-06 14:50:00,0.4814
2024-02-06 15:00:00,0.2544
2024-02-06 15:10:00,0.3109
2024-02-06 15:20:00,0.1987
2024-02-06 15:30:00,0.3622
2024-02-06 15:40:00,0.431
2024-02-06 15:50:00,0.4977
2024-02-06 16:00:00,0.3682
2024-02-06 16:10:00,0.3516
2024-02-06 16:20:00,0.2179
2024-02-06 16:30:00,0.05
2024-02-06 16:40:00,0.2454
2024-02-06 16:50:00,0.2867
2024-02-06 17:00:00,0.3026
2024-02-06 17:10:00,0.1098
2024-02-06 17:20:00,0.2817
2024-02-06 17:30:00,0.05
2024-02-06 17:40:00,0.1503
2024-02-06 17:50:00,0.4596
2024-02-06 18:00:00,0.4888
2024-02-06 18:10:00,0.2983
2024-02-06 18:20:00,0.349
2024-02-06 18:30:00,0.3688
2024-02-06 18:40:00,0.3687
2024-02-06 18:50:00,0.2014
2024-02-06 19:00:00,0.3385
2024-02-06 19:10:00,0.3515
2024-02-06 19:20:00,0.3472
2024-02-06 19:30:00,0.2187
2024-02-06 19:40:00,0.1694
2024-02-06 19:50:00,0.2918
2024-02-06 20:00:00,0.1391
2024-02-06 20:10:00,0.2138
2024-02-06 20:20:00,0.3781
2024-02-06 20:30:00,0.4578
2024-02-06 20:40:00,0.43
2024-02-06 20:50:00,0.2318
2024-02-06 21:00:00,0.266
2024-02-06 21:10:00,0.2564
2024-02-06 21:20:00,0.3435
2024-02-06 21:30:00,0.2047
2024-02-06 21:40:00,0.3243
2024-02-06 21:50:00,0.3033
2024-02-06 22:00:00,0.3948
2024-02-06 22:10:00,0.1717
2024-02-06 22:20:00,0.1932
2024-02-06 22:30:00,0.3572
2024-02-06 22:40:00,0.3343
2024-02-06 22:50:00,0.1681
2024-02-06 23:00:00,0.0751
2024-02-06 23:10:00,0.3858
2024-02-06 23:20:00,0.3334
2024-02-06 23:30:00,0.2858
2024-02-06 23:40:00,0.3848
2024-02-06 23:50:00,0.2126
2024-02-07 00:00:00,0.3155
2024-02-07 00:10:00,0.3875
2024-02-07 00:20:00,0.2832
2024-02-07 00:30:00,0.05
2024-02-07 00:40:00,0.3124
2024-02-07 00:50:00,0.05
2024-02-07 01:00:00,0.1078
2024-02-07 01:10:00,0.1869
2024-02-07 01:20:00,0.2069
2024-02-07 01:30:00,0.089
2024-02-07 01:40:00,0.3615
2024-02-07 01:50:00,0.05
2024-02-07 02:00:00,0.3604
2024-02-07 02:10:00,0.05
2024-02-07 02:20:00,0.0899
2024-02-07 02:30:00,0.05
2024-02-07 02:40:00,0.1717
2024-02-07 02:50:00,0.05
2024-02-07 03:00:00,0.3122
2024-02-07 03:10:00,0.2613
2024-02-07 03:20:00,0.2248
2024-02-07 03:30:00,0.7758
2024-02-07 03:40:00,0.8159
2024-02-07 03:50:00,0.9573
2024-02-07 04:00:00,1.3113
2024-02-07 04:10:00,1.2108
2024-02-07 04:20:00,1.632
2024-02-07 04:30:00,1.5552
2024-02-07 04:40:00,1.9039
2024-02-07 04:50:00,1.9044
2024-02-07 05:00:00,2.5658
2024-02-07 05:10:00,2.4892
2024-02-07 05:20:00,2.604
2024-02-07 05:30:00,3.1152
2024-02-07 05:40:00,3.0942
2024-02-07 05:50:00,3.0332
2024-02-07 06:00:00,3.1572
2024-02-07 06:10:00,3.3316
2024-02-07 06:20:00,3.6737
2024-02-07 06:30:00,3.2766
2024-02-07 06:40:00,3.48
2024-02-07 06:50:00,3.3295
2024-02-07 07:00:00,3.4538
2024-02-07 07:10:00,3.2299
2024-02-07 07:20:00,3.169
2024-02-07 07:30:00,2.8772
2024-02-07 07:40:00,2.9509
2024-02-07 07:50:00,3.1755
2024-02-07 08:00:00,2.5349
2024-02-07 08:10:00,2.4841
2024-02-07 08:20:00,2.3367
2024-02-07 08:30:00,2.2778
2024-02-07 08:40:00,1.9602
2024-02-07 08:50:00,1.9295
2024-02-07 09:00:00,1.4673
2024-02-07 09:10:00,1.3967
2024-02-07 09:20:00,1.2222
2024-02-07 09:30:00,0.9996
2024-02-07 09:40:00,0.9393
2024-02-07 09:50:00,0.7155
2024-02-07 10:00:00,0.8133
2024-02-07 10:10:00,0.4548
2024-02-07 10:20:00,0.3502
2024-02-07 10:30:00,0.3626
2024-02-07 10:40:00,0.4556
2024-02-07 10:50:00,0.4688
2024-02-07 11:00:00,0.2992
2024-02-07 11:10:00,0.4355
2024-02-07 11:20:00,0.05
2024-02-07 11:30:00,0.2891
2024-02-07 11:40:00,0.2618
2024-02-07 11:50:00,0.3715
2024-02-07 12:00:00,0.4578
2024-02-07 12:10:00,0.6701
2024-02-07 12:20:00,0.3057
2024-02-07 12:30:00,0.05
2024-02-07 12:40:00,0.3299
2024-02-07 12:50:00,0.2859
2024-02-07 13:00:00,0.3695
2024-02-07 13:10:00,0.3782
2024-02-07 13:20:00,0.2415
2024-02-07 13:30:00,0.1558
2024-02-07 13:40:00,0.4004
2024-02-07 13:50:00,0.4714
2024-02-07 14:00:00,0.3982
2024-02-07 14:10:00,0.3867
2024-02-07 14:20:00,0.3309
2024-02-07 14:30:00,0.4398
2024-02-07 14:40:00,0.1656
2024-02-07 14:50:00,0.3666
2024-02-07 15:00:00,0.212
2024-02-07 15:10:00,0.1307
2024-02-07 15:20:00,0.469
2024-02-07 15:30:00,0.223
2024-02-07 15:40:00,0.3706
2024-02-07 15:50:00,0.4208
2024-02-07 16:00:00,0.3306
2024-02-07 16:10:00,0.2066
2024-02-07 16:20:00,0.5154
2024-02-07 16:30:00,0.1053
2024-02-07 16:40:00,0.3454
2024-02-07 16:50:00,0.5763
2024-02-07 17:00:00,0.5254
2024-02-07 17:10:00,0.2291
2024-02-07 17:20:00,0.4827
2024-02-07 17:30:00,0.194
2024-02-07 17:40:00,0.2186
2024-02-07 17:50:00,0.393
2024-02-07 18:00:00,0.1837
2024-02-07 18:10:00,0.2187
2024-02-07 18:20:00,0.2838
2024-02-07 18:30:00,0.3468
2024-02-07 18:40:00,0.2977
2024-02-07 18:50:00,0.2762
2024-02-07 19:00:00,0.1945
2024-02-07 19:10:00,0.0663
2024-02-07 19:20:00,0.1707
2024-02-07 19:30:00,0.4769
2024-02-07 19:40:00,0.3484
2024-02-07 19:50:00,0.3547
2024-02-07 20:00:00,0.444
2024-02-07 20:10:00,0.2826
2024-02-07 20:20:00,0.4161
2024-02-07 20:30:00,0.4185
2024-02-07 20:40:00,0.2178
2024-02-07 20:50:00,0.4193
2024-02-07 21:00:00,0.3587
2024-02-07 21:10:00,0.2077
2024-02-07 21:20:00,0.5533
2024-02-07 21:30:00,0.4329
2024-02-07 21:40:00,0.1895
2024-02-07 21:50:00,0.3105
2024-02-07 22:00:00,0.2341
2024-02-07 22:10:00,0.5129
2024-02-07 22:20:00,0.222
2024-02-07 22:30:00,0.3932
2024-02-07 22:40:00,0.2007
2024-02-07 22:50:00,0.5378
2024-02-07 23:00:00,0.4004
2024-02-07 23:10:00,0.396
2024-02-07 23:20:00,0.3549
2024-02-07 23:30:00,0.3269
2024-02-07 23:40:00,0.05
2024-02-07 23:50:00,0.393
2024-02-08 00:00:00,0.2767
2024-02-08 00:10:00,0.0804
2024-02-08 00:20:00,0.2608
2024-02-08 00:30:00,0.0618
2024-02-08 00:40:00,0.4223
2024-02-08 00:50:00,0.185
2024-02-08 01:00:00,0.1547
2024-02-08 01:10:00,0.2088
2024-02-08 01:20:00,0.052
2024-02-08 01:30:00,0.0748
2024-02-08 01:40:00,0.05
2024-02-08 01:50:00,0.05
2024-02-08 02:00:00,0.05
2024-02-08 02:10:00,0.092
2024-02-08 02:20:00,0.0525
2024-02-08 02:30:00,0.1377
2024-02-08 02:40:00,0.05
2024-02-08 02:50:00,0.0622
2024-02-08 03:00:00,0.2657
2024-02-08 03:10:00,0.4363
2024-02-08 03:20:00,0.4171
2024-02-08 03:30:00,0.5441
2024-02-08 03:40:00,0.7272
2024-02-08 03:50:00,0.9054
2024-02-08 04:00:00,1.2844
2024-02-08 04:10:00,1.3393
2024-02-08 04:20:00,1.395
2024-02-08 04:30:00,1.7219
2024-02-08 04:40:00,1.9277
2024-02-08 04:50:00,1.914
2024-02-08 05:00:00,2.0199
2024-02-08 05:10:00,2.6172
2024-02-08 05:20:00,2.5822
2024-02-08 05:30:00,3.0206
2024-02-08 05:40:00,3.0613
2024-02-08 05:50:00,3.1253
2024-02-08 06:00:00,3.2196
2024-02-08 06:10:00,3.2619
2024-02-08 06:20:00,3.1837
2024-02-08 06:30:00,3.3285
2024-02-08 06:40:00,3.2055
2024-02-08 06:50:00,3.4871
2024-02-08 07:00:00,3.3943
2024-02-08 07:10:00,3.2473
2024-02-08 07:20:00,3.2341
2024-02-08 07:30:00,3.228
2024-02-08 07:40:00,2.6905
2024-02-08 07:50:00,2.8101
2024-02-08 08:00:00,2.6515
2024-02-08 08:10:00,2.5164
2024-02-08 08:20:00,2.2595
2024-02-08 08:30:00,2.2307
2024-02-08 08:40:00,2.0772
2024-02-08 08:50:00,1.7444
2024-02-08 09:00:00,1.7103
2024-02-08 09:10:00,1.4574
2024-02-08 09:20:00,1.1958
2024-02-08 09:30:00,1.098
2024-02-08 09:40:00,0.8937
2024-02-08 09:50:00,0.8846
2024-02-08 10:00:00,0.8463
2024-02-08 10:10:00,0.7346
2024-02-08 10:20:00,0.5897
2024-02-08 10:30:00,0.6554
2024-02-08 10:40:00,0.429
2024-02-08 10:50:00,0.5116
2024-02-08 11:00:00,0.2628
2024-02-08 11:10:00,0.4409
2024-02-08 11:20:00,0.4229
2024-02-08 11:30:00,0.3028
2024-02-08 11:40:00,0.3966
2024-02-08 11:50:00,0.3237
2024-02-08 12:00:00,0.5519
2024-02-08 12:10:00,0.3553
2024-02-08 12:20:00,0.05
2024-02-08 12:30:00,0.1611
2024-02-08 12:40:00,0.3194
2024-02-08 12:50:00,0.1231
2024-02-08 13:00:00,0.2983
2024-02-08 13:10:00,0.4295
2024-02-08 13:20:00,0.4283
2024-02-08 13:30:00,0.4143
2024-02-08 13:40:00,0.0829
2024-02-08 13:50:00,0.429
2024-02-08 14:00:00,0.3492
2024-02-08 14:10:00,0.6254
2024-02-08 14:20:00,0.2504
2024-02-08 14:30:00,0.4152
2024-02-08 14:40:00,0.2421
2024-02-08 14:50:00,0.2321
2024-02-08 15:00:00,0.4151
2024-02-08 15:10:00,0.1231
2024-02-08 15:20:00,0.1828
2024-02-08 15:30:00,0.3425
2024-02-08 15:40:00,0.2533
2024-02-08 15:50:00,0.3504
2024-02-08 16:00:00,0.3408
2024-02-08 16:10:00,0.2869
2024-02-08 16:20:00,0.0503
2024-02-08 16:30:00,0.3395
2024-02-08 16:40:00,0.4283
2024-02-08 16:50:00,0.3788
2024-02-08 17:00:00,0.0825
2024-02-08 17:10:00,0.2375
2024-02-08 17:20:00,0.4287
2024-02-08 17:30:00,0.4951
2024-02-08 17:40:00,0.3178
2024-02-08 17:50:00,0.0981
2024-02-08 18:00:00,0.2186
2024-02-08 18:10:00,0.2146
2024-02-08 18:20:00,0.3346
2024-02-08 18:30:00,0.3177
2024-02-08 18:40:00,0.2539
2024-02-08 18:50:00,0.0643
2024-02-08 19:00:00,0.1752
2024-02-08 19:10:00,0.3624
2024-02-08 19:20:00,0.2745
2024-02-08 19:30:00,0.2798
2024-02-08 19:40:00,0.1557
2024-02-08 19:50:00,0.4825
2024-02-08 20:00:00,0.05
2024-02-08 20:10:00,0.5223
2024-02-08 20:20:00,0.3748
2024-02-08 20:30:00,0.2419
2024-02-08 20:40:00,0.2725
2024-02-08 20:50:00,0.2905
2024-02-08 21:00:00,0.3935
2024-02-08 21:10:00,0.298
2024-02-08 21:20:00,0.4947
2024-02-08 21:30:00,0.1584
2024-02-08 21:40:00,0.4129
2024-02-08 21:50:00,0.4317
2024-02-08 22:00:00,0.1843
2024-02-08 22:10:00,0.3475
2024-02-08 22:20:00,0.3213
2024-02-08 22:30:00,0.381
2024-02-08 22:40:00,0.3429
2024-02-08 22:50:00,0.3028
2024-02-08 23:00:00,0.2919
2024-02-08 23:10:00,0.3018
2024-02-08 23:20:00,0.2214
2024-02-08 23:30:00,0.2303
2024-02-08 23:40:00,0.2876
2024-02-08 23:50:00,0.4095
2024-02-09 00:00:00,0.1512
2024-02-09 00:10:00,0.3274
2024-02-09 00:20:00,0.05
2024-02-09 00:30:00,0.1182
2024-02-09 00:40:00,0.2557
2024-02-09 00:50:00,0.3589
2024-02-09 01:00:00,0.2245
2024-02-09 01:10:00,0.0558
2024-02-09 01:20:00,0.267
2024-02-09 01:30:00,0.1337
2024-02-09 01:40:00,0.07
2024-02-09 01:50:00,0.0665
2024-02-09 02:00:00,0.1477
2024-02-09 02:10:00,0.1526
2024-02-09 02:20:00,0.05
2024-02-09 02:30:00,0.05
2024-02-09 02:40:00,0.1045
2024-02-09 02:50:00,0.1024
2024-02-09 03:00:00,0.418
2024-02-09 03:10:00,0.4235
2024-02-09 03:20:00,0.3112
2024-02-09 03:30:00,0.7619
2024-02-09 03:40:00,0.8271
2024-02-09 03:50:00,0.7949
2024-02-09 04:00:00,0.9504
2024-02-09 04:10:00,1.2475
2024-02-09 04:20:00,1.2896
2024-02-09 04:30:00,1.8393
2024-02-09 04:40:00,1.837
2024-02-09 04:50:00,2.2088
2024-02-09 05:00:00,2.3129
2024-02-09 05:10:00,2.4626
2024-02-09 05:20:00,2.7505
2024-02-09 05:30:00,2.892
2024-02-09 05:40:00,2.9804
2024-02-09 05:50:00,3.1188
2024-02-09 06:00:00,3.3414
2024-02-09 06:10:00,3.2028
2024-02-09 06:20:00,3.609
2024-02-09 06:30:00,3.4117
2024-02-09 06:40:00,3.3956
2024-02-09 06:50:00,3.4271
2024-02-09 07:00:00,3.3072
2024-02-09 07:10:00,3.1565
2024-02-09 07:20:00,3.2543
2024-02-09 07:30:00,3.0977
2024-02-09 07:40:00,3.0672
2024-02-09 07:50:00,2.8459
2024-02-09 08:00:00,2.5985
2024-02-09 08:10:00,2.4799
2024-02-09 08:20:00,2.4402
2024-02-09 08:30:00,2.1112
2024-02-09 08:40:00,2.1042
2024-02-09 08:50:00,1.6888
2024-02-09 09:00:00,1.5701
2024-02-09 09:10:00,1.5858
2024-02-09 09:20:00,1.2768
2024-02-09 09:30:00,1.2604
2024-02-09 09:40:00,1.085
2024-02-09 09:50:00,0.4853
2024-02-09 10:00:00,0.6242
2024-02-09 10:10:00,0.8652
2024-02-09 10:20:00,0.4643
2024-02-09 10:30:00,0.5501
2024-02-09 10:40:00,0.5855
2024-02-09 10:50:00,0.5994
2024-02-09 11:00:00,0.3324
2024-02-09 11:10:00,0.465
2024-02-09 11:20:00,0.4686
2024-02-09 11:30:00,0.1913
2024-02-09 11:40:00,0.4638
2024-02-09 11:50:00,0.4572
2024-02-09 12:00:00,0.3396
2024-02-09 12:10:00,0.4297
2024-02-09 12:20:00,0.4776
2024-02-09 12:30:00,0.2437
2024-02-09 12:40:00,0.4852
2024-02-09 12:50:00,0.5844
2024-02-09 13:00:00,0.6317
2024-02-09 13:10:00,0.3094
2024-02-09 13:20:00,0.4748
2024-02-09 13:30:00,0.3134
2024-02-09 13:40:00,0.1685
2024-02-09 13:50:00,0.3139
2024-02-09 14:00:00,0.3696
2024-02-09 14:10:00,0.2884
2024-02-09 14:20:00,0.1967
2024-02-09 14:30:00,0.3896
2024-02-09 14:40:00,0.6179
2024-02-09 14:50:00,0.2851
2024-02-09 15:00:00,0.3563
2024-02-09 15:10:00,0.3213
2024-02-09 15:20:00,0.4209
2024-02-09 15:30:00,0.3224
2024-02-09 15:40:00,0.3605
2024-02-09 15:50:00,0.4642
2024-02-09 16:00:00,0.4727
2024-02-09 16:10:00,0.5592
2024-02-09 16:20:00,0.2831
2024-02-09 16:30:00,0.2455
2024-02-09 16:40:00,0.0686
2024-02-09 16:50:00,0.2867
2024-02-09 17:00:00,0.239
2024-02-09 17:10:00,0.3453
2024-02-09 17:20:00,0.2963
2024-02-09 17:30:00,0.05
2024-02-09 17:40:00,0.1172
2024-02-09 17:50:00,0.2193
2024-02-09 18:00:00,0.2862
2024-02-09 18:10:00,0.6175
2024-02-09 18:20:00,0.3215
2024-02-09 18:30:00,0.328
2024-02-09 18:40:00,0.2625
2024-02-09 18:50:00,0.2252
2024-02-09 19:00:00,0.4019
2024-02-09 19:10:00,0.4732
2024-02-09 19:20:00,0.5853
2024-02-09 19:30:00,0.3934
2024-02-09 19:40:00,0.2681
2024-02-09 19:50:00,0.3606
2024-02-09 20:00:00,0.4323
2024-02-09 20:10:00,0.415
2024-02-09 20:20:00,0.3456
2024-02-09 20:30:00,0.3609
2024-02-09 20:40:00,0.3785
2024-02-09 20:50:00,0.2256
2024-02-09 21:00:00,0.0535
2024-02-09 21:10:00,0.3273
2024-02-09 21:20:00,0.4257
2024-02-09 21:30:00,0.1317
2024-02-09 21:40:00,0.232
2024-02-09 21:50:00,0.05
2024-02-09 22:00:00,0.2359
2024-02-09 22:10:00,0.1311
2024-02-09 22:20:00,0.05
2024-02-09 22:30:00,0.1961
2024-02-09 22:40:00,0.2541
2024-02-09 22:50:00,0.265
2024-02-09 23:00:00,0.2557
2024-02-09 23:10:00,0.3033
2024-02-09 23:20:00,0.5387
2024-02-09 23:30:00,0.2408
2024-02-09 23:40:00,0.5113
2024-02-09 23:50:00,0.5361
2024-02-10 00:00:00,0.1567
2024-02-10 00:10:00,0.05
2024-02-10 00:20:00,0.2362
2024-02-10 00:30:00,0.3805
2024-02-10 00:40:00,0.05
2024-02-10 00:50:00,0.1067
2024-02-10 01:00:00,0.1416
2024-02-10 01:10:00,0.3296
2024-02-10 01:20:00,0.05
2024-02-10 01:30:00,0.1267
2024-02-10 01:40:00,0.1704
2024-02-10 01:50:00,0.05
2024-02-10 02:00:00,0.1094
2024-02-10 02:10:00,0.1179
2024-02-10 02:20:00,0.2339
2024-02-10 02:30:00,0.2483
2024-02-10 02:40:00,0.1468
2024-02-10 02:50:00,0.1718
2024-02-10 03:00:00,0.05
2024-02-10 03:10:00,0.284
2024-02-10 03:20:00,0.3697
2024-02-10 03:30:00,0.3529
2024-02-10 03:40:00,0.695
2024-02-10 03:50:00,0.7614
2024-02-10 04:00:00,0.8985
2024-02-10 04:10:00,1.0897
2024-02-10 04:20:00,1.0693
2024-02-10 04:30:00,1.1641
2024-02-10 04:40:00,1.6037
2024-02-10 04:50:00,1.5072
2024-02-10 05:00:00,2.133
2024-02-10 05:10:00,2.0087
2024-02-10 05:20:00,2.1428
2024-02-10 05:30:00,2.4196
2024-02-10 05:40:00,2.4602
2024-02-10 05:50:00,2.7415
2024-02-10 06:00:00,2.7224
2024-02-10 06:10:00,2.6657
2024-02-10 06:20:00,2.6268
2024-02-10 06:30:00,2.8782
2024-02-10 06:40:00,2.5726
2024-02-10 06:50:00,2.6942
2024-02-10 07:00:00,2.6651
2024-02-10 07:10:00,2.5764
2024-02-10 07:20:00,2.8943
2024-02-10 07:30:00,2.6991
2024-02-10 07:40:00,2.4989
2024-02-10 07:50:00,2.6236
2024-02-10 08:00:00,2.3098
2024-02-10 08:10:00,2.0527
2024-02-10 08:20:00,1.8251
2024-02-10 08:30:00,1.5865
2024-02-10 08:40:00,1.4775
2024-02-10 08:50:00,1.4271
2024-02-10 09:00:00,1.1077
2024-02-10 09:10:00,0.9221
2024-02-10 09:20:00,1.1345
2024-02-10 09:30:00,0.6793
2024-02-10 09:40:00,0.7459
2024-02-10 09:50:00,0.7693
2024-02-10 10:00:00,0.5618
2024-02-10 10:10:00,0.3852
2024-02-10 10:20:00,0.5537
2024-02-10 10:30:00,0.2631
2024-02-10 10:40:00,0.4955
2024-02-10 10:50:00,0.2842
2024-02-10 11:00:00,0.3873
2024-02-10 11:10:00,0.3273
2024-02-10 11:20:00,0.4494
2024-02-10 11:30:00,0.2067
2024-02-10 11:40:00,0.3446
2024-02-10 11:50:00,0.1612
2024-02-10 12:00:00,0.1149
2024-02-10 12:10:00,0.2985
2024-02-10 12:20:00,0.3573
2024-02-10 12:30:00,0.3362
2024-02-10 12:40:00,0.3176
2024-02-10 12:50:00,0.2584
2024-02-10 13:00:00,0.4031
2024-02-10 13:10:00,0.1578
2024-02-10 13:20:00,0.1263
2024-02-10 13:30:00,0.3277
2024-02-10 13:40:00,0.1827
2024-02-10 13:50:00,0.1391
2024-02-10 14:00:00,0.3386
2024-02-10 14:10:00,0.3851
2024-02-10 14:20:00,0.2756
2024-02-10 14:30:00,0.05
2024-02-10 14:40:00,0.5381
2024-02-10 14:50:00,0.3896
2024-02-10 15:00:00,0.05
2024-02-10 15:10:00,0.05
2024-02-10 15:20:00,0.2841
2024-02-10 15:30:00,0.3241
2024-02-10 15:40:00,0.166
2024-02-10 15:50:00,0.2732
2024-02-10 16:00:00,0.351
2024-02-10 16:10:00,0.3431
2024-02-10 16:20:00,0.1269
2024-02-10 16:30:00,0.5232
2024-02-10 16:40:00,0.4654
2024-02-10 16:50:00,0.3725
2024-02-10 17:00:00,0.1348
2024-02-10 17:10:00,0.407
2024-02-10 17:20:00,0.1385
2024-02-10 17:30:00,0.348
2024-02-10 17:40:00,0.3028
2024-02-10 17:50:00,0.3631
2024-02-10 18:00:00,0.2012
2024-02-10 18:10:00,0.4296
2024-02-10 18:20:00,0.2982
2024-02-10 18:30:00,0.1588
2024-02-10 18:40:00,0.3472
2024-02-10 18:50:00,0.3094
2024-02-10 19:00:00,0.3697
2024-02-10 19:10:00,0.1809
2024-02-10 19:20:00,0.2222
2024-02-10 19:30:00,0.2835
2024-02-10 19:40:00,0.1786
2024-02-10 19:50:00,0.1633
2024-02-10 20:00:00,0.0894
2024-02-10 20:10:00,0.2568
2024-02-10 20:20:00,0.1722
2024-02-10 20:30:00,0.1696
2024-02-10 20:40:00,0.1786
2024-02-10 20:50:00,0.0715
2024-02-10 21:00:00,0.183
2024-02-10 21:10:00,0.2779
2024-02-10 21:20:00,0.1713
2024-02-10 21:30:00,0.0661
2024-02-10 21:40:00,0.3763
2024-02-10 21:50:00,0.2187
2024-02-10 22:00:00,0.2362
2024-02-10 22:10:00,0.1375
2024-02-10 22:20:00,0.1399
2024-02-10 22:30:00,0.2711
2024-02-10 22:40:00,0.05
2024-02-10 22:50:00,0.05
2024-02-10 23:00:00,0.3128
2024-02-10 23:10:00,0.2973
2024-02-10 23:20:00,0.1371
2024-02-10 23:30:00,0.2072
2024-02-10 23:40:00,0.175
2024-02-10 23:50:00,0.0843
2024-02-11 00:00:00,0.1747
2024-02-11 00:10:00,0.1562
2024-02-11 00:20:00,0.3265
2024-02-11 00:30:00,0.05
2024-02-11 00:40:00,0.4968
2024-02-11 00:50:00,0.05
2024-02-11 01:00:00,0.1887
2024-02-11 01:10:00,0.1126
2024-02-11 01:20:00,0.4187
2024-02-11 01:30:00,0.1785
2024-02-11 01:40:00,0.1634
2024-02-11 01:50:00,0.2395
2024-02-11 02:00:00,0.0569
2024-02-11 02:10:00,0.05
2024-02-11 02:20:00,0.1476
2024-02-11 02:30:00,0.05
2024-02-11 02:40:00,0.0867
2024-02-11 02:50:00,0.2701
2024-02-11 03:00:00,0.05
2024-02-11 03:10:00,0.2837
2024-02-11 03:20:00,0.341
2024-02-11 03:30:00,0.4261
2024-02-11 03:40:00,0.6506
2024-02-11 03:50:00,0.5204
2024-02-11 04:00:00,0.7524
2024-02-11 04:10:00,0.9599
2024-02-11 04:20:00,1.0127
2024-02-11 04:30:00,1.5082
2024-02-11 04:40:00,1.4453
2024-02-11 04:50:00,1.9607
2024-02-11 05:00:00,1.805
2024-02-11 05:10:00,1.9218
2024-02-11 05:20:00,2.2772
2024-02-11 05:30:00,2.1868
2024-02-11 05:40:00,2.0449
2024-02-11 05:50:00,2.5853
2024-02-11 06:00:00,2.8224
2024-02-11 06:10:00,2.4441
2024-02-11 06:20:00,2.7521
2024-02-11 06:30:00,2.8624
2024-02-11 06:40:00,2.7406
2024-02-11 06:50:00,2.8762
2024-02-11 07:00:00,2.6543
2024-02-11 07:10:00,2.521
2024-02-11 07:20:00,2.4482
2024-02-11 07:30:00,2.546
2024-02-11 07:40:00,2.3604
2024-02-11 07:50:00,2.2287
2024-02-11 08:00:00,2.2607
2024-02-11 08:10:00,2.1829
2024-02-11 08:20:00,1.8403
2024-02-11 08:30:00,1.5824
2024-02-11 08:40:00,1.7211
2024-02-11 08:50:00,1.6619
2024-02-11 09:00:00,1.1092
2024-02-11 09:10:00,1.05
2024-02-11 09:20:00,1.238
2024-02-11 09:30:00,0.8333
2024-02-11 09:40:00,1.0171
2024-02-11 09:50:00,0.6365
2024-02-11 10:00:00,0.6224
2024-02-11 10:10:00,0.3346
2024-02-11 10:20:00,0.1713
2024-02-11 10:30:00,0.364
2024-02-11 10:40:00,0.3887
2024-02-11 10:50:00,0.4154
2024-02-11 11:00:00,0.4997
2024-02-11 11:10:00,0.2489
2024-02-11 11:20:00,0.3256
2024-02-11 11:30:00,0.2654
2024-02-11 11:40:00,0.1556
2024-02-11 11:50:00,0.2894
2024-02-11 12:00:00,0.4978
2024-02-11 12:10:00,0.3773
2024-02-11 12:20:00,0.3185
2024-02-11 12:30:00,0.1718
2024-02-11 12:40:00,0.1943
2024-02-11 12:50:00,0.2819
2024-02-11 13:00:00,0.3296
2024-02-11 13:10:00,0.2382
2024-02-11 13:20:00,0.2561
2024-02-11 13:30:00,0.1109
2024-02-11 13:40:00,0.2157
2024-02-11 13:50:00,0.2842
2024-02-11 14:00:00,0.2842
2024-02-11 14:10:00,0.4273
2024-02-11 14:20:00,0.1428
2024-02-11 14:30:00,0.2236
2024-02-11 14:40:00,0.4936
2024-02-11 14:50:00,0.098
2024-02-11 15:00:00,0.2296
2024-02-11 15:10:00,0.4678
2024-02-11 15:20:00,0.48
2024-02-11 15:30:00,0.2532
2024-02-11 15:40:00,0.1406
2024-02-11 15:50:00,0.2237
2024-02-11 16:00:00,0.2624
2024-02-11 16:10:00,0.2543
2024-02-11 16:20:00,0.4456
2024-02-11 16:30:00,0.1746
2024-02-11 16:40:00,0.3199
2024-02-11 16:50:00,0.2564
2024-02-11 17:00:00,0.2756
2024-02-11 17:10:00,0.2894
2024-02-11 17:20:00,0.1871
2024-02-11 17:30:00,0.3871
2024-02-11 17:40:00,0.3332
2024-02-11 17:50:00,0.3323
2024-02-11 18:00:00,0.1545
2024-02-11 18:10:00,0.4704
2024-02-11 18:20:00,0.286
2024-02-11 18:30:00,0.2084
2024-02-11 18:40:00,0.1398
2024-02-11 18:50:00,0.1756
2024-02-11 19:00:00,0.2354
2024-02-11 19:10:00,0.05
2024-02-11 19:20:00,0.4729
2024-02-11 19:30:00,0.3459
2024-02-11 19:40:00,0.4161
2024-02-11 19:50:00,0.2405
2024-02-11 20:00:00,0.3996
2024-02-11 20:10:00,0.3493
2024-02-11 20:20:00,0.3015
2024-02-11 20:30:00,0.2169
2024-02-11 20:40:00,0.3231
2024-02-11 20:50:00,0.3411
2024-02-11 21:00:00,0.3517
2024-02-11 21:10:00,0.2389
2024-02-11 21:20:00,0.1989
2024-02-11 21:30:00,0.2717
2024-02-11 21:40:00,0.2983
2024-02-11 21:50:00,0.3781
2024-02-11 22:00:00,0.1232
2024-02-11 22:10:00,0.1014
2024-02-11 22:20:00,0.2308
2024-02-11 22:30:00,0.2282
2024-02-11 22:40:00,0.2313
2024-02-11 22:50:00,0.5226
2024-02-11 23:00:00,0.4652
2024-02-11 23:10:00,0.3387
2024-02-11 23:20:00,0.1787
2024-02-11 23:30:00,0.3449
2024-02-11 23:40:00,0.2095
2024-02-11 23:50:00,0.2861
2024-02-12 00:00:00,0.265
2024-02-12 00:10:00,0.1622
2024-02-12 00:20:00,0.05
2024-02-12 00:30:00,0.05
2024-02-12 00:40:00,0.2829
2024-02-12 00:50:00,0.1963
2024-02-12 01:00:00,0.2835
2024-02-12 01:10:00,0.211
2024-02-12 01:20:00,0.3702
2024-02-12 01:30:00,0.1224
2024-02-12 01:40:00,0.0815
2024-02-12 01:50:00,0.05
2024-02-12 02:00:00,0.1205
2024-02-12 02:10:00,0.1568
2024-02-12 02:20:00,0.0659
2024-02-12 02:30:00,0.1492
2024-02-12 02:40:00,0.1457
2024-02-12 02:50:00,0.3699
2024-02-12 03:00:00,0.259
2024-02-12 03:10:00,0.3478
2024-02-12 03:20:00,0.5113
2024-02-12 03:30:00,0.8118
2024-02-12 03:40:00,0.7357
2024-02-12 03:50:00,0.8306
2024-02-12 04:00:00,1.1175
2024-02-12 04:10:00,1.2455
2024-02-12 04:20:00,1.3196
2024-02-12 04:30:00,1.7936
2024-02-12 04:40:00,1.7051
2024-02-12 04:50:00,2.0057
2024-02-12 05:00:00,2.277
2024-02-12 05:10:00,2.6587
2024-02-12 05:20:00,2.7835
2024-02-12 05:30:00,3.0767
2024-02-12 05:40:00,3.0926
2024-02-12 05:50:00,3.1249
2024-02-12 06:00:00,3.0403
2024-02-12 06:10:00,3.2838
2024-02-12 06:20:00,3.46
2024-02-12 06:30:00,3.2457
2024-02-12 06:40:00,3.471
2024-02-12 06:50:00,3.4109
2024-02-12 07:00:00,3.3338
2024-02-12 07:10:00,3.2695
2024-02-12 07:20:00,3.1418
2024-02-12 07:30:00,2.9378
2024-02-12 07:40:00,2.6089
2024-02-12 07:50:00,2.998
2024-02-12 08:00:00,2.727
2024-02-12 08:10:00,2.5985
2024-02-12 08:20:00,2.4023
2024-02-12 08:30:00,2.2068
2024-02-12 08:40:00,2.2725
2024-02-12 08:50:00,1.822
2024-02-12 09:00:00,1.729
2024-02-12 09:10:00,1.3067
2024-02-12 09:20:00,1.2925
2024-02-12 09:30:00,1.3526
2024-02-12 09:40:00,1.0031
2024-02-12 09:50:00,0.7799
2024-02-12 10:00:00,0.715
2024-02-12 10:10:00,0.3935
2024-02-12 10:20:00,0.4415
2024-02-12 10:30:00,0.5696
2024-02-12 10:40:00,0.5314
2024-02-12 10:50:00,0.4725
2024-02-12 11:00:00,0.2968
2024-02-12 11:10:00,0.3974
2024-02-12 11:20:00,0.5365
2024-02-12 11:30:00,0.1321
2024-02-12 11:40:00,0.3013
2024-02-12 11:50:00,0.2793
2024-02-12 12:00:00,0.3654
2024-02-12 12:10:00,0.1872
2024-02-12 12:20:00,0.2084
2024-02-12 12:30:00,0.3965
2024-02-12 12:40:00,0.2651
2024-02-12 12:50:00,0.4158
2024-02-12 13:00:00,0.3705
2024-02-12 13:10:00,0.4345
2024-02-12 13:20:00,0.1895
2024-02-12 13:30:00,0.4999
2024-02-12 13:40:00,0.3645
2024-02-12 13:50:00,0.4474
2024-02-12 14:00:00,0.1395
2024-02-12 14:10:00,0.3015
2024-02-12 14:20:00,0.3263
2024-02-12 14:30:00,0.3818
2024-02-12 14:40:00,0.4836
2024-02-12 14:50:00,0.2772
2024-02-12 15:00:00,0.1368
2024-02-12 15:10:00,0.0626
2024-02-12 15:20:00,0.2805
2024-02-12 15:30:00,0.41
2024-02-12 15:40:00,0.3841
2024-02-12 15:50:00,0.3176
2024-02-12 16:00:00,0.4141
2024-02-12 16:10:00,0.5568
2024-02-12 16:20:00,0.556
2024-02-12 16:30:00,0.486
2024-02-12 16:40:00,0.4156
2024-02-12 16:50:00,0.2384
2024-02-12 17:00:00,0.5787
2024-02-12 17:10:00,0.4794
2024-02-12 17:20:00,0.3483
2024-02-12 17:30:00,0.1816
2024-02-12 17:40:00,0.4159
2024-02-12 17:50:00,0.4426
2024-02-12 18:00:00,0.3281
2024-02-12 18:10:00,0.1288
2024-02-12 18:20:00,0.262
2024-02-12 18:30:00,0.3762
2024-02-12 18:40:00,0.4797
2024-02-12 18:50:00,0.3261
2024-02-12 19:00:00,0.2245
2024-02-12 19:10:00,0.05
2024-02-12 19:20:00,0.5753
2024-02-12 19:30:00,0.3243
2024-02-12 19:40:00,0.2256
2024-02-12 19:50:00,0.0814
2024-02-12 20:00:00,0.2572
2024-02-12 20:10:00,0.5212
2024-02-12 20:20:00,0.1595
2024-02-12 20:30:00,0.4374
2024-02-12 20:40:00,0.2005
2024-02-12 20:50:00,0.3267
2024-02-12 21:00:00,0.4389
2024-02-12 21:10:00,0.1527
2024-02-12 21:20:00,0.4347
2024-02-12 21:30:00,0.3615
2024-02-12 21:40:00,0.3614
2024-02-12 21:50:00,0.3146
2024-02-12 22:00:00,0.4012
2024-02-12 22:10:00,0.2998
2024-02-12 22:20:00,0.1223
2024-02-12 22:30:00,0.3078
2024-02-12 22:40:00,0.5685
2024-02-12 22:50:00,0.2985
2024-02-12 23:00:00,0.3055
2024-02-12 23:10:00,0.1649
2024-02-12 23:20:00,0.666
2024-02-12 23:30:00,0.0903
2024-02-12 23:40:00,0.3077
2024-02-12 23:50:00,0.2525
2024-02-13 00:00:00,0.2044
2024-02-13 00:10:00,0.1349
2024-02-13 00:20:00,0.2365
2024-02-13 00:30:00,0.1155
2024-02-13 00:40:00,0.058
2024-02-13 00:50:00,0.05
2024-02-13 01:00:00,0.05
2024-02-13 01:10:00,0.1688
2024-02-13 01:20:00,0.2948
2024-02-13 01:30:00,0.05
2024-02-13 01:40:00,0.1765
2024-02-13 01:50:00,0.071
2024-02-13 02:00:00,0.05
2024-02-13 02:10:00,0.05
2024-02-13 02:20:00,0.05
2024-02-13 02:30:00,0.05
2024-02-13 02:40:00,0.0582
2024-02-13 02:50:00,0.1825
2024-02-13 03:00:00,0.1038
2024-02-13 03:10:00,0.3615
2024-02-13 03:20:00,0.3686
2024-02-13 03:30:00,0.6374
2024-02-13 03:40:00,0.8566
2024-02-13 03:50:00,0.9272
2024-02-13 04:00:00,0.7733
2024-02-13 04:10:00,1.2073
2024-02-13 04:20:00,1.4077
2024-02-13 04:30:00,1.6935
2024-02-13 04:40:00,1.8473
2024-02-13 04:50:00,2.1121
2024-02-13 05:00:00,2.3373
2024-02-13 05:10:00,2.6443
2024-02-13 05:20:00,2.6631
2024-02-13 05:30:00,2.5937
2024-02-13 05:40:00,3.1214
2024-02-13 05:50:00,3.1612
2024-02-13 06:00:00,3.1545
2024-02-13 06:10:00,3.2033
2024-02-13 06:20:00,3.3936
2024-02-13 06:30:00,3.3488
2024-02-13 06:40:00,3.6548
2024-02-13 06:50:00,3.5082
2024-02-13 07:00:00,3.3815
2024-02-13 07:10:00,3.4247
2024-02-13 07:20:00,3.2337
2024-02-13 07:30:00,3.0405
2024-02-13 07:40:00,2.8557
2024-02-13 07:50:00,2.9928
2024-02-13 08:00:00,2.6119
2024-02-13 08:10:00,2.6744
2024-02-13 08:20:00,2.4408
2024-02-13 08:30:00,2.1965
2024-02-13 08:40:00,2.0296
2024-02-13 08:50:00,1.7226
2024-02-13 09:00:00,1.5847
2024-02-13 09:10:00,1.3725
2024-02-13 09:20:00,1.239
2024-02-13 09:30:00,0.9532
2024-02-13 09:40:00,1.0046
2024-02-13 09:50:00,0.9725
2024-02-13 10:00:00,0.7362
2024-02-13 10:10:00,0.825
2024-02-13 10:20:00,0.7074
2024-02-13 10:30:00,0.6936
2024-02-13 10:40:00,0.4022
2024-02-13 10:50:00,0.265
2024-02-13 11:00:00,0.5292
2024-02-13 11:10:00,0.5037
2024-02-13 11:20:00,0.388
2024-02-13 11:30:00,0.1649
2024-02-13 11:40:00,0.3625
2024-02-13 11:50:00,0.2863
2024-02-13 12:00:00,0.4453
2024-02-13 12:10:00,0.4227
2024-02-13 12:20:00,0.2741
2024-02-13 12:30:00,0.2223
2024-02-13 12:40:00,0.2033
2024-02-13 12:50:00,0.2544
2024-02-13 13:00:00,0.3318
2024-02-13 13:10:00,0.2933
2024-02-13 13:20:00,0.0994
2024-02-13 13:30:00,0.5019
2024-02-13 13:40:00,0.139
2024-02-13 13:50:00,0.1992
2024-02-13 14:00:00,0.2755
2024-02-13 14:10:00,0.2332
2024-02-13 14:20:00,0.2824
2024-02-13 14:30:00,0.3265
2024-02-13 14:40:00,0.3058
2024-02-13 14:50:00,0.1643
2024-02-13 15:00:00,0.2554
2024-02-13 15:10:00,0.2572
2024-02-13 15:20:00,0.1584
2024-02-13 15:30:00,0.1266
2024-02-13 15:40:00,0.2444
2024-02-13 15:50:00,0.2697
2024-02-13 16:00:00,0.6707
2024-02-13 16:10:00,0.4262
2024-02-13 16:20:00,0.4335
2024-02-13 16:30:00,0.2707
2024-02-13 16:40:00,0.5848
2024-02-13 16:50:00,0.3736
2024-02-13 17:00:00,0.3843
2024-02-13 17:10:00,0.3743
2024-02-13 17:20:00,0.4387
2024-02-13 17:30:00,0.3557
2024-02-13 17:40:00,0.3527
2024-02-13 17:50:00,0.4486
2024-02-13 18:00:00,0.3123
2024-02-13 18:10:00,0.05
2024-02-13 18:20:00,0.3571
2024-02-13 18:30:00,0.0524
2024-02-13 18:40:00,0.2756
2024-02-13 18:50:00,0.3666
2024-02-13 19:00:00,0.3635
2024-02-13 19:10:00,0.242
2024-02-13 19:20:00,0.0985
2024-02-13 19:30:00,0.1693
2024-02-13 19:40:00,0.05
2024-02-13 19:50:00,0.1368
2024-02-13 20:00:00,0.2104
2024-02-13 20:10:00,0.2984
2024-02-13 20:20:00,0.3923
2024-02-13 20:30:00,0.2663
2024-02-13 20:40:00,0.3582
2024-02-13 20:50:00,0.2992
2024-02-13 21:00:00,0.5899
2024-02-13 21:10:00,0.1356
2024-02-13 21:20:00,0.5913
2024-02-13 21:30:00,0.2161
2024-02-13 21:40:00,0.3977
2024-02-13 21:50:00,0.2246
2024-02-13 22:00:00,0.2363
2024-02-13 22:10:00,0.336
2024-02-13 22:20:00,0.1793
2024-02-13 22:30:00,0.3029
2024-02-13 22:40:00,0.3478
2024-02-13 22:50:00,0.05
2024-02-13 23:00:00,0.1594
2024-02-13 23:10:00,0.2153
2024-02-13 23:20:00,0.6028
2024-02-13 23:30:00,0.2048
2024-02-13 23:40:00,0.3485
2024-02-13 23:50:00,0.4543
2024-02-14 00:00:00,0.1923
2024-02-14 00:10:00,0.1573
2024-02-14 00:20:00,0.268
2024-02-14 00:30:00,0.1048
2024-02-14 00:40:00,0.2873
2024-02-14 00:50:00,0.2981
2024-02-14 01:00:00,0.1791
2024-02-14 01:10:00,0.2679
2024-02-14 01:20:00,0.2245
2024-02-14 01:30:00,0.05
2024-02-14 01:40:00,0.05
2024-02-14 01:50:00,0.05
2024-02-14 02:00:00,0.1754
2024-02-14 02:10:00,0.05
2024-02-14 02:20:00,0.0652
2024-02-14 02:30:00,0.2324
2024-02-14 02:40:00,0.074
2024-02-14 02:50:00,0.1386
2024-02-14 03:00:00,0.2081
2024-02-14 03:10:00,0.2424
2024-02-14 03:20:00,0.3915
2024-02-14 03:30:00,0.7427
2024-02-14 03:40:00,0.6103
2024-02-14 03:50:00,0.945
2024-02-14 04:00:00,1.1827
2024-02-14 04:10:00,1.4325
2024-02-14 04:20:00,1.6973
2024-02-14 04:30:00,1.6742
2024-02-14 04:40:00,1.9938
2024-02-14 04:50:00,2.1732
2024-02-14 05:00:00,2.5208
2024-02-14 05:10:00,2.5378
2024-02-14 05:20:00,2.9184
2024-02-14 05:30:00,3.0002
2024-02-14 05:40:00,2.982
2024-02-14 05:50:00,3.0393
2024-02-14 06:00:00,3.2034
2024-02-14 06:10:00,3.2939
2024-02-14 06:20:00,3.2298
2024-02-14 06:30:00,3.4194
2024-02-14 06:40:00,3.4029
2024-02-14 06:50:00,3.2081
2024-02-14 07:00:00,3.1576
2024-02-14 07:10:00,3.3574
2024-02-14 07:20:00,3.2647
2024-02-14 07:30:00,3.0478
2024-02-14 07:40:00,2.881
2024-02-14 07:50:00,2.9604
2024-02-14 08:00:00,2.5883
2024-02-14 08:10:00,2.6293
2024-02-14 08:20:00,2.5435
2024-02-14 08:30:00,2.283
2024-02-14 08:40:00,1.8064
2024-02-14 08:50:00,1.6708
2024-02-14 09:00:00,1.5265
2024-02-14 09:10:00,1.421
2024-02-14 09:20:00,1.261
2024-02-14 09:30:00,0.9509
2024-02-14 09:40:00,1.0728
2024-02-14 09:50:00,0.9021
2024-02-14 10:00:00,0.6997
2024-02-14 10:10:00,0.5688
2024-02-14 10:20:00,0.5997
2024-02-14 10:30:00,0.4655
2024-02-14 10:40:00,0.4591
2024-02-14 10:50:00,0.4415
2024-02-14 11:00:00,0.2799
2024-02-14 11:10:00,0.6468
2024-02-14 11:20:00,0.274
2024-02-14 11:30:00,0.2653
2024-02-14 11:40:00,0.1917
2024-02-14 11:50:00,0.3012
2024-02-14 12:00:00,0.5205
2024-02-14 12:10:00,0.1963
2024-02-14 12:20:00,0.3414
2024-02-14 12:30:00,0.4526
2024-02-14 12:40:00,0.1432
2024-02-14 12:50:00,0.3438
2024-02-14 13:00:00,0.368
2024-02-14 13:10:00,0.4879
2024-02-14 13:20:00,0.3373
2024-02-14 13:30:00,0.3707
2024-02-14 13:40:00,0.1124
2024-02-14 13:50:00,0.4162
2024-02-14 14:00:00,0.5333
2024-02-14 14:10:00,0.4549
2024-02-14 14:20:00,0.2844
2024-02-14 14:30:00,0.3036
2024-02-14 14:40:00,0.3205
2024-02-14 14:50:00,0.5798
2024-02-14 15:00:00,0.5177
2024-02-14 15:10:00,0.2218
2024-02-14 15:20:00,0.2081
2024-02-14 15:30:00,0.4727
2024-02-14 15:40:00,0.2925
2024-02-14 15:50:00,0.3793
2024-02-14 16:00:00,0.3671
2024-02-14 16:10:00,0.512
2024-02-14 16:20:00,0.1839
2024-02-14 16:30:00,0.3768
2024-02-14 16:40:00,0.5125
2024-02-14 16:50:00,0.6173
2024-02-14 17:00:00,0.3939
2024-02-14 17:10:00,0.2241
2024-02-14 17:20:00,0.3077
2024-02-14 17:30:00,0.2786
2024-02-14 17:40:00,0.4676
2024-02-14 17:50:00,0.3946
2024-02-14 18:00:00,0.4243
2024-02-14 18:10:00,0.3376
2024-02-14 18:20:00,0.3658
2024-02-14 18:30:00,0.3082
2024-02-14 18:40:00,0.3063
2024-02-14 18:50:00,0.1175
2024-02-14 19:00:00,0.3338
2024-02-14 19:10:00,0.4284
2024-02-14 19:20:00,0.4072
2024-02-14 19:30:00,0.3498
2024-02-14 19:40:00,0.3213
2024-02-14 19:50:00,0.2479
2024-02-14 20:00:00,0.2858
2024-02-14 20:10:00,0.4708
2024-02-14 20:20:00,0.4003
2024-02-14 20:30:00,0.3191
2024-02-14 20:40:00,0.4497
2024-02-14 20:50:00,0.519
2024-02-14 21:00:00,0.4077
2024-02-14 21:10:00,0.4036
2024-02-14 21:20:00,0.2282
2024-02-14 21:30:00,0.4189
2024-02-14 21:40:00,0.3225
2024-02-14 21:50:00,0.3085
2024-02-14 22:00:00,0.4445
2024-02-14 22:10:00,0.2922
2024-02-14 22:20:00,0.2003
2024-02-14 22:30:00,0.4697
2024-02-14 22:40:00,0.3503
2024-02-14 22:50:00,0.23
2024-02-14 23:00:00,0.3265
2024-02-14 23:10:00,0.3699
2024-02-14 23:20:00,0.2115
2024-02-14 23:30:00,0.2924
2024-02-14 23:40:00,0.3177
2024-02-14 23:50:00,0.0624
2024-02-15 00:00:00,0.489
2024-02-15 00:10:00,0.4656
2024-02-15 00:20:00,0.2541
2024-02-15 00:30:00,0.2503
2024-02-15 00:40:00,0.2345
2024-02-15 00:50:00,0.0593
2024-02-15 01:00:00,0.2257
2024-02-15 01:10:00,0.05
2024-02-15 01:20:00,0.05
2024-02-15 01:30:00,0.0887
2024-02-15 01:40:00,0.0757
2024-02-15 01:50:00,0.3123
2024-02-15 02:00:00,0.05
2024-02-15 02:10:00,0.0689
2024-02-15 02:20:00,0.0509
2024-02-15 02:30:00,0.05
2024-02-15 02:40:00,0.05
2024-02-15 02:50:00,0.0947
2024-02-15 03:00:00,0.2873
2024-02-15 03:10:00,0.2379
2024-02-15 03:20:00,0.7521
2024-02-15 03:30:00,0.5655
2024-02-15 03:40:00,1.0472
2024-02-15 03:50:00,0.8237
2024-02-15 04:00:00,0.8538
2024-02-15 04:10:00,1.3475
2024-02-15 04:20:00,1.4078
2024-02-15 04:30:00,1.5928
2024-02-15 04:40:00,1.7046
2024-02-15 04:50:00,2.0961
2024-02-15 05:00:00,2.5148
2024-02-15 05:10:00,2.5674
2024-02-15 05:20:00,2.713
2024-02-15 05:30:00,2.8562
2024-02-15 05:40:00,3.2279
2024-02-15 05:50:00,3.1354
2024-02-15 06:00:00,3.1405
2024-02-15 06:10:00,3.3052
2024-02-15 06:20:00,3.4045
2024-02-15 06:30:00,3.3475
2024-02-15 06:40:00,3.1321
2024-02-15 06:50:00,3.3621
2024-02-15 07:00:00,3.4467
2024-02-15 07:10:00,3.2326
2024-02-15 07:20:00,3.1526
2024-02-15 07:30:00,3.2321
2024-02-15 07:40:00,3.0969
2024-02-15 07:50:00,2.8189
2024-02-15 08:00:00,2.6444
2024-02-15 08:10:00,2.3377
2024-02-15 08:20:00,2.382
2024-02-15 08:30:00,2.1211
2024-02-15 08:40:00,2.2116
2024-02-15 08:50:00,1.8635
2024-02-15 09:00:00,1.7408
2024-02-15 09:10:00,1.2895
2024-02-15 09:20:00,1.2914
2024-02-15 09:30:00,1.0919
2024-02-15 09:40:00,0.8774
2024-02-15 09:50:00,0.7727
2024-02-15 10:00:00,0.4569
2024-02-15 10:10:00,0.7865
2024-02-15 10:20:00,0.3369
2024-02-15 10:30:00,0.5105
2024-02-15 10:40:00,0.5343
2024-02-15 10:50:00,0.578
2024-02-15 11:00:00,0.6034
2024-02-15 11:10:00,0.4526
2024-02-15 11:20:00,0.3974
2024-02-15 11:30:00,0.5455
2024-02-15 11:40:00,0.2825
2024-02-15 11:50:00,0.2492
2024-02-15 12:00:00,0.3345
2024-02-15 12:10:00,0.2188
2024-02-15 12:20:00,0.2243
2024-02-15 12:30:00,0.3811
2024-02-15 12:40:00,0.3144
2024-02-15 12:50:00,0.2434
2024-02-15 13:00:00,0.3324
2024-02-15 13:10:00,0.3718
2024-02-15 13:20:00,0.2525
2024-02-15 13:30:00,0.3936
2024-02-15 13:40:00,0.3064
2024-02-15 13:50:00,0.4196
2024-02-15 14:00:00,0.3498
2024-02-15 14:10:00,0.0757
2024-02-15 14:20:00,0.3999
2024-02-15 14:30:00,0.4025
2024-02-15 14:40:00,0.1721
2024-02-15 14:50:00,0.2675
2024-02-15 15:00:00,0.2624
2024-02-15 15:10:00,0.2308
2024-02-15 15:20:00,0.1413
2024-02-15 15:30:00,0.4159
2024-02-15 15:40:00,0.3876
2024-02-15 15:50:00,0.4365
2024-02-15 16:00:00,0.3026
2024-02-15 16:10:00,0.4731
2024-02-15 16:20:00,0.129
2024-02-15 16:30:00,0.3751
2024-02-15 16:40:00,0.45
2024-02-15 16:50:00,0.2014
2024-02-15 17:00:00,0.2656
2024-02-15 17:10:00,0.1467
2024-02-15 17:20:00,0.421
2024-02-15 17:30:00,0.2072
2024-02-15 17:40:00,0.3217
2024-02-15 17:50:00,0.2628
2024-02-15 18:00:00,0.1991
2024-02-15 18:10:00,0.2808
2024-02-15 18:20:00,0.3626
2024-02-15 18:30:00,0.3341
2024-02-15 18:40:00,0.151
2024-02-15 18:50:00,0.3719
2024-02-15 19:00:00,0.3656
2024-02-15 19:10:00,0.4605
2024-02-15 19:20:00,0.1769
2024-02-15 19:30:00,0.4578
2024-02-15 19:40:00,0.2176
2024-02-15 19:50:00,0.135
2024-02-15 20:00:00,0.3984
2024-02-15 20:10:00,0.4015
2024-02-15 20:20:00,0.4351
2024-02-15 20:30:00,0.2158
2024-02-15 20:40:00,0.2188
2024-02-15 20:50:00,0.2493
2024-02-15 21:00:00,0.3025
2024-02-15 21:10:00,0.431
2024-02-15 21:20:00,0.1871
2024-02-15 21:30:00,0.3702
2024-02-15 21:40:00,0.3581
2024-02-15 21:50:00,0.2623
2024-02-15 22:00:00,0.4211
2024-02-15 22:10:00,0.4772
2024-02-15 22:20:00,0.4653
2024-02-15 22:30:00,0.3003
2024-02-15 22:40:00,0.3852
2024-02-15 22:50:00,0.2863
2024-02-15 23:00:00,0.2814
2024-02-15 23:10:00,0.2899
2024-02-15 23:20:00,0.1818
2024-02-15 23:30:00,0.1682
2024-02-15 23:40:00,0.1969
2024-02-15 23:50:00,0.378
2024-02-16 00:00:00,0.3747
2024-02-16 00:10:00,0.05
2024-02-16 00:20:00,0.1384
2024-02-16 00:30:00,0.05
2024-02-16 00:40:00,0.1782
2024-02-16 00:50:00,0.189
2024-02-16 01:00:00,0.1456
2024-02-16 01:10:00,0.328
2024-02-16 01:20:00,0.05
2024-02-16 01:30:00,0.05
2024-02-16 01:40:00,0.05
2024-02-16 01:50:00,0.05
2024-02-16 02:00:00,0.2758
2024-02-16 02:10:00,0.17
2024-02-16 02:20:00,0.0779
2024-02-16 02:30:00,0.2374
2024-02-16 02:40:00,0.111
2024-02-16 02:50:00,0.1236
2024-02-16 03:00:00,0.276
2024-02-16 03:10:00,0.1882
2024-02-16 03:20:00,0.3376
2024-02-16 03:30:00,0.7922
2024-02-16 03:40:00,0.7975
2024-02-16 03:50:00,0.9917
2024-02-16 04:00:00,1.0331
2024-02-16 04:10:00,1.26
2024-02-16 04:20:00,1.6761
2024-02-16 04:30:00,1.5888
2024-02-16 04:40:00,1.955
2024-02-16 04:50:00,2.2774
2024-02-16 05:00:00,2.2205
2024-02-16 05:10:00,2.4428
2024-02-16 05:20:00,2.638
2024-02-16 05:30:00,2.8929
2024-02-16 05:40:00,3.024
2024-02-16 05:50:00,3.0799
2024-02-16 06:00:00,3.2933
2024-02-16 06:10:00,3.2919
2024-02-16 06:20:00,3.3519
2024-02-16 06:30:00,3.5648
2024-02-16 06:40:00,3.4421
2024-02-16 06:50:00,3.4752
2024-02-16 07:00:00,3.3881
2024-02-16 07:10:00,3.2191
2024-02-16 07:20:00,3.2201
2024-02-16 07:30:00,3.0279
2024-02-16 07:40:00,3.0066
2024-02-16 07:50:00,2.9968
2024-02-16 08:00:00,2.5493
2024-02-16 08:10:00,2.4583
2024-02-16 08:20:00,2.4615
2024-02-16 08:30:00,2.1298
2024-02-16 08:40:00,1.849
2024-02-16 08:50:00,1.5978
2024-02-16 09:00:00,1.5407
2024-02-16 09:10:00,1.4232
2024-02-16 09:20:00,1.3422
2024-02-16 09:30:00,1.224
2024-02-16 09:40:00,0.9046
2024-02-16 09:50:00,0.8817
2024-02-16 10:00:00,0.7585
2024-02-16 10:10:00,0.6289
2024-02-16 10:20:00,0.7507
2024-02-16 10:30:00,0.0877
2024-02-16 10:40:00,0.2014
2024-02-16 10:50:00,0.3733
2024-02-16 11:00:00,0.4421
2024-02-16 11:10:00,0.6087
2024-02-16 11:20:00,0.3497
2024-02-16 11:30:00,0.3973
2024-02-16 11:40:00,0.3334
2024-02-16 11:50:00,0.4451
2024-02-16 12:00:00,0.2347
2024-02-16 12:10:00,0.3162
2024-02-16 12:20:00,0.1649
2024-02-16 12:30:00,0.2456
2024-02-16 12:40:00,0.1826
2024-02-16 12:50:00,0.2449
2024-02-16 13:00:00,0.2915
2024-02-16 13:10:00,0.3562
2024-02-16 13:20:00,0.5781
2024-02-16 13:30:00,0.4558
2024-02-16 13:40:00,0.3839
2024-02-16 13:50:00,0.0714
2024-02-16 14:00:00,0.1953
2024-02-16 14:10:00,0.3308
2024-02-16 14:20:00,0.4801
2024-02-16 14:30:00,0.2926
2024-02-16 14:40:00,0.3842
2024-02-16 14:50:00,0.1526
2024-02-16 15:00:00,0.2067
2024-02-16 15:10:00,0.2876
2024-02-16 15:20:00,0.0577
2024-02-16 15:30:00,0.4
2024-02-16 15:40:00,0.4449
2024-02-16 15:50:00,0.4155
2024-02-16 16:00:00,0.1095
2024-02-16 16:10:00,0.3058
2024-02-16 16:20:00,0.2104
2024-02-16 16:30:00,0.2378
2024-02-16 16:40:00,0.05
2024-02-16 16:50:00,0.4123
2024-02-16 17:00:00,0.477
2024-02-16 17:10:00,0.05
2024-02-16 17:20:00,0.1717
2024-02-16 17:30:00,0.3677
2024-02-16 17:40:00,0.3043
2024-02-16 17:50:00,0.3175
2024-02-16 18:00:00,0.25
2024-02-16 18:10:00,0.3988
2024-02-16 18:20:00,0.1563
2024-02-16 18:30:00,0.4157
2024-02-16 18:40:00,0.3207
2024-02-16 18:50:00,0.3077
2024-02-16 19:00:00,0.5451
2024-02-16 19:10:00,0.331
2024-02-16 19:20:00,0.3238
2024-02-16 19:30:00,0.2574
2024-02-16 19:40:00,0.2696
2024-02-16 19:50:00,0.5224
2024-02-16 20:00:00,0.4975
2024-02-16 20:10:00,0.2981
2024-02-16 20:20:00,0.5988
2024-02-16 20:30:00,0.2532
2024-02-16 20:40:00,0.3891
2024-02-16 20:50:00,0.3719
2024-02-16 21:00:00,0.2337
2024-02-16 21:10:00,0.3734
2024-02-16 21:20:00,0.223
2024-02-16 21:30:00,0.4867
2024-02-16 21:40:00,0.3561
2024-02-16 21:50:00,0.3014
2024-02-16 22:00:00,0.2944
2024-02-16 22:10:00,0.3747
2024-02-16 22:20:00,0.05
2024-02-16 22:30:00,0.4174
2024-02-16 22:40:00,0.2835
2024-02-16 22:50:00,0.1959
2024-02-16 23:00:00,0.2362
2024-02-16 23:10:00,0.3644
2024-02-16 23:20:00,0.2321
2024-02-16 23:30:00,0.2722
2024-02-16 23:40:00,0.5463
2024-02-16 23:50:00,0.2104
2024-02-17 00:00:00,0.05
2024-02-17 00:10:00,0.1471
2024-02-17 00:20:00,0.0758
2024-02-17 00:30:00,0.3253
2024-02-17 00:40:00,0.0525
2024-02-17 00:50:00,0.05
2024-02-17 01:00:00,0.2514
2024-02-17 01:10:00,0.05
2024-02-17 01:20:00,0.2755
2024-02-17 01:30:00,0.05
2024-02-17 01:40:00,0.05
2024-02-17 01:50:00,0.05
2024-02-17 02:00:00,0.05
2024-02-17 02:10:00,0.05
2024-02-17 02:20:00,0.0753
2024-02-17 02:30:00,0.1639
2024-02-17 02:40:00,0.2557
2024-02-17 02:50:00,0.172
2024-02-17 03:00:00,0.3269
2024-02-17 03:10:00,0.2082
2024-02-17 03:20:00,0.4301
2024-02-17 03:30:00,0.2195
2024-02-17 03:40:00,0.5291
2024-02-17 03:50:00,0.8752
2024-02-17 04:00:00,0.7961
2024-02-17 04:10:00,0.9984
2024-02-17 04:20:00,1.3548
2024-02-17 04:30:00,1.4122
2024-02-17 04:40:00,1.3433
2024-02-17 04:50:00,1.8486
2024-02-17 05:00:00,2.0407
2024-02-17 05:10:00,1.9105
2024-02-17 05:20:00,2.3579
2024-02-17 05:30:00,2.3494
2024-02-17 05:40:00,2.4474
2024-02-17 05:50:00,2.3349
2024-02-17 06:00:00,2.7327
2024-02-17 06:10:00,2.7557
2024-02-17 06:20:00,2.8191
2024-02-17 06:30:00,2.8167
2024-02-17 06:40:00,2.7651
2024-02-17 06:50:00,2.6534
2024-02-17 07:00:00,2.8417
2024-02-17 07:10:00,2.3907
2024-02-17 07:20:00,2.7549
2024-02-17 07:30:00,2.5263
2024-02-17 07:40:00,2.2496
2024-02-17 07:50:00,2.1948
2024-02-17 08:00:00,2.1126
2024-02-17 08:10:00,2.2258
2024-02-17 08:20:00,1.8618
2024-02-17 08:30:00,1.8204
2024-02-17 08:40:00,1.7749
2024-02-17 08:50:00,1.4926
2024-02-17 09:00:00,1.2029
2024-02-17 09:10:00,1.1069
2024-02-17 09:20:00,0.8633
2024-02-17 09:30:00,0.8295
2024-02-17 09:40:00,0.5992
2024-02-17 09:50:00,0.5247
2024-02-17 10:00:00,0.6382
2024-02-17 10:10:00,0.4005
2024-02-17 10:20:00,0.4463
2024-02-17 10:30:00,0.2397
2024-02-17 10:40:00,0.5206
2024-02-17 10:50:00,0.3485
2024-02-17 11:00:00,0.4803
2024-02-17 11:10:00,0.273
2024-02-17 11:20:00,0.1682
2024-02-17 11:30:00,0.1931
2024-02-17 11:40:00,0.238
2024-02-17 11:50:00,0.3054
2024-02-17 12:00:00,0.2133
2024-02-17 12:10:00,0.2907
2024-02-17 12:20:00,0.1729
2024-02-17 12:30:00,0.2096
2024-02-17 12:40:00,0.4454
2024-02-17 12:50:00,0.1909
2024-02-17 13:00:00,0.1195
2024-02-17 13:10:00,0.3568
2024-02-17 13:20:00,0.05
2024-02-17 13:30:00,0.4672
2024-02-17 13:40:00,0.2366
2024-02-17 13:50:00,0.2697
2024-02-17 14:00:00,0.1534
2024-02-17 14:10:00,0.3429
2024-02-17 14:20:00,0.166
2024-02-17 14:30:00,0.2941
2024-02-17 14:40:00,0.3706
2024-02-17 14:50:00,0.392
2024-02-17 15:00:00,0.323
2024-02-17 15:10:00,0.2197
2024-02-17 15:20:00,0.5696
2024-02-17 15:30:00,0.1759
2024-02-17 15:40:00,0.2742
2024-02-17 15:50:00,0.05
2024-02-17 16:00:00,0.2141
2024-02-17 16:10:00,0.2063
2024-02-17 16:20:00,0.2235
2024-02-17 16:30:00,0.1864
2024-02-17 16:40:00,0.2787
2024-02-17 16:50:00,0.4242
2024-02-17 17:00:00,0.05
2024-02-17 17:10:00,0.5076
2024-02-17 17:20:00,0.3175
2024-02-17 17:30:00,0.2903
2024-02-17 17:40:00,0.1514
2024-02-17 17:50:00,0.341
2024-02-17 18:00:00,0.2196
2024-02-17 18:10:00,0.3883
2024-02-17 18:20:00,0.4073
2024-02-17 18:30:00,0.2124
2024-02-17 18:40:00,0.1462
2024-02-17 18:50:00,0.1511
2024-02-17 19:00:00,0.2311
2024-02-17 19:10:00,0.3667
2024-02-17 19:20:00,0.2436
2024-02-17 19:30:00,0.05
2024-02-17 19:40:00,0.0531
2024-02-17 19:50:00,0.2533
2024-02-17 20:00:00,0.3348
2024-02-17 20:10:00,0.1734
2024-02-17 20:20:00,0.077
2024-02-17 20:30:00,0.3786
2024-02-17 20:40:00,0.05
2024-02-17 20:50:00,0.401
2024-02-17 21:00:00,0.4179
2024-02-17 21:10:00,0.4113
2024-02-17 21:20:00,0.3335
2024-02-17 21:30:00,0.3379
2024-02-17 21:40:00,0.3738
2024-02-17 21:50:00,0.3335
2024-02-17 22:00:00,0.1068
2024-02-17 22:10:00,0.2633
2024-02-17 22:20:00,0.1543
2024-02-17 22:30:00,0.3526
2024-02-17 22:40:00,0.236
2024-02-17 22:50:00,0.1082
2024-02-17 23:00:00,0.4199
2024-02-17 23:10:00,0.5405
2024-02-17 23:20:00,0.1506
2024-02-17 23:30:00,0.1344
2024-02-17 23:40:00,0.0961
2024-02-17 23:50:00,0.05
2024-02-18 00:00:00,0.2685
2024-02-18 00:10:00,0.2412
2024-02-18 00:20:00,0.0762
2024-02-18 00:30:00,0.2202
2024-02-18 00:40:00,0.05
2024-02-18 00:50:00,0.2355
2024-02-18 01:00:00,0.2838
2024-02-18 01:10:00,0.1734
2024-02-18 01:20:00,0.1278
2024-02-18 01:30:00,0.05
2024-02-18 01:40:00,0.1676
2024-02-18 01:50:00,0.3399
2024-02-18 02:00:00,0.0998
2024-02-18 02:10:00,0.05
2024-02-18 02:20:00,0.05
2024-02-18 02:30:00,0.0698
2024-02-18 02:40:00,0.2125
2024-02-18 02:50:00,0.3139
2024-02-18 03:00:00,0.232
2024-02-18 03:10:00,0.3202
2024-02-18 03:20:00,0.3243
2024-02-18 03:30:00,0.5052
2024-02-18 03:40:00,0.5786
2024-02-18 03:50:00,0.7381
2024-02-18 04:00:00,0.7751
2024-02-18 04:10:00,0.9607
2024-02-18 04:20:00,1.3097
2024-02-18 04:30:00,1.1879
2024-02-18 04:40:00,1.5752
2024-02-18 04:50:00,1.7998
2024-02-18 05:00:00,1.8023
2024-02-18 05:10:00,1.8996
2024-02-18 05:20:00,2.0228
2024-02-18 05:30:00,2.324
2024-02-18 05:40:00,2.5701
2024-02-18 05:50:00,2.6504
2024-02-18 06:00:00,2.9301
2024-02-18 06:10:00,2.7751
2024-02-18 06:20:00,2.6038
2024-02-18 06:30:00,2.6099
2024-02-18 06:40:00,2.7603
2024-02-18 06:50:00,2.5635
2024-02-18 07:00:00,2.5307
2024-02-18 07:10:00,2.5568
2024-02-18 07:20:00,2.5928
2024-02-18 07:30:00,2.4209
2024-02-18 07:40:00,2.4326
2024-02-18 07:50:00,2.2485
2024-02-18 08:00:00,1.948
2024-02-18 08:10:00,2.1959
2024-02-18 08:20:00,2.0283
2024-02-18 08:30:00,1.9586
2024-02-18 08:40:00,1.6818
2024-02-18 08:50:00,1.4315
2024-02-18 09:00:00,1.2428
2024-02-18 09:10:00,1.2712
2024-02-18 09:20:00,0.9868
2024-02-18 09:30:00,0.9402
2024-02-18 09:40:00,0.6799
2024-02-18 09:50:00,0.7143
2024-02-18 10:00:00,0.6694
2024-02-18 10:10:00,0.5653
2024-02-18 10:20:00,0.4255
2024-02-18 10:30:00,0.36
2024-02-18 10:40:00,0.4757
2024-02-18 10:50:00,0.3847
2024-02-18 11:00:00,0.3048
2024-02-18 11:10:00,0.4178
2024-02-18 11:20:00,0.1544
2024-02-18 11:30:00,0.0891
2024-02-18 11:40:00,0.4873
2024-02-18 11:50:00,0.05
2024-02-18 12:00:00,0.4127
2024-02-18 12:10:00,0.385
2024-02-18 12:20:00,0.3818
2024-02-18 12:30:00,0.3253
2024-02-18 12:40:00,0.2952
2024-02-18 12:50:00,0.2215
2024-02-18 13:00:00,0.3945
2024-02-18 13:10:00,0.2093
2024-02-18 13:20:00,0.0511
2024-02-18 13:30:00,0.1919
2024-02-18 13:40:00,0.195
2024-02-18 13:50:00,0.3424
2024-02-18 14:00:00,0.3019
2024-02-18 14:10:00,0.05
2024-02-18 14:20:00,0.05
2024-02-18 14:30:00,0.3073
2024-02-18 14:40:00,0.0822
2024-02-18 14:50:00,0.3176
2024-02-18 15:00:00,0.1544
2024-02-18 15:10:00,0.0927
2024-02-18 15:20:00,0.5348
2024-02-18 15:30:00,0.2198
2024-02-18 15:40:00,0.3765
2024-02-18 15:50:00,0.05
2024-02-18 16:00:00,0.298
2024-02-18 16:10:00,0.1058
2024-02-18 16:20:00,0.364
2024-02-18 16:30:00,0.1679
2024-02-18 16:40:00,0.1051
2024-02-18 16:50:00,0.1006
2024-02-18 17:00:00,0.3384
2024-02-18 17:10:00,0.0528
2024-02-18 17:20:00,0.1486
2024-02-18 17:30:00,0.3901
2024-02-18 17:40:00,0.3256
2024-02-18 17:50:00,0.4164
2024-02-18 18:00:00,0.2288
2024-02-18 18:10:00,0.4568
2024-02-18 18:20:00,0.1983
2024-02-18 18:30:00,0.3635
2024-02-18 18:40:00,0.1769
2024-02-18 18:50:00,0.1166
2024-02-18 19:00:00,0.2255
2024-02-18 19:10:00,0.2858
2024-02-18 19:20:00,0.05
2024-02-18 19:30:00,0.2929
2024-02-18 19:40:00,0.1849
2024-02-18 19:50:00,0.3369
2024-02-18 20:00:00,0.23
2024-02-18 20:10:00,0.3342
2024-02-18 20:20:00,0.3206
2024-02-18 20:30:00,0.2796
2024-02-18 20:40:00,0.238
2024-02-18 20:50:00,0.406
2024-02-18 21:00:00,0.2488
2024-02-18 21:10:00,0.1237
2024-02-18 21:20:00,0.093
2024-02-18 21:30:00,0.3382
2024-02-18 21:40:00,0.3015
2024-02-18 21:50:00,0.425
2024-02-18 22:00:00,0.4567
2024-02-18 22:10:00,0.3161
2024-02-18 22:20:00,0.1645
2024-02-18 22:30:00,0.3301
2024-02-18 22:40:00,0.3963
2024-02-18 22:50:00,0.0804
2024-02-18 23:00:00,0.2117
2024-02-18 23:10:00,0.05
2024-02-18 23:20:00,0.3287
2024-02-18 23:30:00,0.4599
2024-02-18 23:40:00,0.3567
2024-02-18 23:50:00,0.05
2024-02-19 00:00:00,0.1263
2024-02-19 00:10:00,0.2683
2024-02-19 00:20:00,0.3193
2024-02-19 00:30:00,0.4071
2024-02-19 00:40:00,0.2451
2024-02-19 00:50:00,0.05
2024-02-19 01:00:00,0.1182
2024-02-19 01:10:00,0.0826
2024-02-19 01:20:00,0.1385
2024-02-19 01:30:00,0.1868
2024-02-19 01:40:00,0.05
2024-02-19 01:50:00,0.1479
2024-02-19 02:00:00,0.05
2024-02-19 02:10:00,0.1098
2024-02-19 02:20:00,0.3007
2024-02-19 02:30:00,0.1162
2024-02-19 02:40:00,0.05
2024-02-19 02:50:00,0.2989
2024-02-19 03:00:00,0.1278
2024-02-19 03:10:00,0.5215
2024-02-19 03:20:00,0.3638
2024-02-19 03:30:00,0.4259
2024-02-19 03:40:00,0.9629
2024-02-19 03:50:00,0.9018
2024-02-19 04:00:00,1.0443
2024-02-19 04:10:00,1.3089
2024-02-19 04:20:00,1.3224
2024-02-19 04:30:00,1.741
2024-02-19 04:40:00,1.9881
2024-02-19 04:50:00,1.8804
2024-02-19 05:00:00,2.4974
2024-02-19 05:10:00,2.4699
2024-02-19 05:20:00,2.7268
2024-02-19 05:30:00,2.8481
2024-02-19 05:40:00,3.2081
2024-02-19 05:50:00,3.2003
2024-02-19 06:00:00,3.2836
2024-02-19 06:10:00,3.3512
2024-02-19 06:20:00,3.4412
2024-02-19 06:30:00,3.5361
2024-02-19 06:40:00,3.5336
2024-02-19 06:50:00,3.4249
2024-02-19 07:00:00,3.4666
2024-02-19 07:10:00,3.357
2024-02-19 07:20:00,2.9517
2024-02-19 07:30:00,2.906
2024-02-19 07:40:00,3.1377
2024-02-19 07:50:00,2.8859
2024-02-19 08:00:00,2.6912
2024-02-19 08:10:00,2.45
2024-02-19 08:20:00,2.4658
2024-02-19 08:30:00,2.1316
2024-02-19 08:40:00,1.687
2024-02-19 08:50:00,1.5115
2024-02-19 09:00:00,1.6301
2024-02-19 09:10:00,1.3017
2024-02-19 09:20:00,1.0902
2024-02-19 09:30:00,1.0772
2024-02-19 09:40:00,1.0008
2024-02-19 09:50:00,0.9848
2024-02-19 10:00:00,0.7228
2024-02-19 10:10:00,0.7259
2024-02-19 10:20:00,0.3692
2024-02-19 10:30:00,0.6636
2024-02-19 10:40:00,0.1789
2024-02-19 10:50:00,0.4677
2024-02-19 11:00:00,0.3016
2024-02-19 11:10:00,0.335
2024-02-19 11:20:00,0.2944
2024-02-19 11:30:00,0.2885
2024-02-19 11:40:00,0.2988
2024-02-19 11:50:00,0.5488
2024-02-19 12:00:00,0.4714
2024-02-19 12:10:00,0.4055
2024-02-19 12:20:00,0.2844
2024-02-19 12:30:00,0.3638
2024-02-19 12:40:00,0.2346
2024-02-19 12:50:00,0.3683
2024-02-19 13:00:00,0.3101
2024-02-19 13:10:00,0.3869
2024-02-19 13:20:00,0.2626
2024-02-19 13:30:00,0.4504
2024-02-19 13:40:00,0.3293
2024-02-19 13:50:00,0.2979
2024-02-19 14:00:00,0.4216
2024-02-19 14:10:00,0.5321
2024-02-19 14:20:00,0.325
2024-02-19 14:30:00,0.2986
2024-02-19 14:40:00,0.3763
2024-02-19 14:50:00,0.2623
2024-02-19 15:00:00,0.1798
2024-02-19 15:10:00,0.2361
2024-02-19 15:20:00,0.4898
2024-02-19 15:30:00,0.258
2024-02-19 15:40:00,0.3546
2024-02-19 15:50:00,0.1066
2024-02-19 16:00:00,0.1782
2024-02-19 16:10:00,0.4604
2024-02-19 16:20:00,0.3801
2024-02-19 16:30:00,0.3407
2024-02-19 16:40:00,0.1543
2024-02-19 16:50:00,0.3454
2024-02-19 17:00:00,0.3375
2024-02-19 17:10:00,0.327
2024-02-19 17:20:00,0.2218
2024-02-19 17:30:00,0.4171
2024-02-19 17:40:00,0.2209
2024-02-19 17:50:00,0.2902
2024-02-19 18:00:00,0.056
2024-02-19 18:10:00,0.3153
2024-02-19 18:20:00,0.1711
2024-02-19 18:30:00,0.3463
2024-02-19 18:40:00,0.3282
2024-02-19 18:50:00,0.3229
2024-02-19 19:00:00,0.1704
2024-02-19 19:10:00,0.1315
2024-02-19 19:20:00,0.3141
2024-02-19 19:30:00,0.0986
2024-02-19 19:40:00,0.4836
2024-02-19 19:50:00,0.3593
2024-02-19 20:00:00,0.4322
2024-02-19 20:10:00,0.4474
2024-02-19 20:20:00,0.3655
2024-02-19 20:30:00,0.3124
2024-02-19 20:40:00,0.3084
2024-02-19 20:50:00,0.4887
2024-02-19 21:00:00,0.2503
2024-02-19 21:10:00,0.3044
2024-02-19 21:20:00,0.1976
2024-02-19 21:30:00,0.2422
2024-02-19 21:40:00,0.2644
2024-02-19 21:50:00,0.2997
2024-02-19 22:00:00,0.3035
2024-02-19 22:10:00,0.3357
2024-02-19 22:20:00,0.3607
2024-02-19 22:30:00,0.3418
2024-02-19 22:40:00,0.5175
2024-02-19 22:50:00,0.316
2024-02-19 23:00:00,0.3304
2024-02-19 23:10:00,0.411
2024-02-19 23:20:00,0.1718
2024-02-19 23:30:00,0.2939
2024-02-19 23:40:00,0.3708
2024-02-19 23:50:00,0.3811
2024-02-20 00:00:00,0.2086
2024-02-20 00:10:00,0.2851
2024-02-20 00:20:00,0.061
2024-02-20 00:30:00,0.3568
2024-02-20 00:40:00,0.2628
2024-02-20 00:50:00,0.1767
2024-02-20 01:00:00,0.191
2024-02-20 01:10:00,0.05
2024-02-20 01:20:00,0.2827
2024-02-20 01:30:00,0.324
2024-02-20 01:40:00,0.05
2024-02-20 01:50:00,0.1814
2024-02-20 02:00:00,0.1928
2024-02-20 02:10:00,0.1578
2024-02-20 02:20:00,0.05
2024-02-20 02:30:00,0.05
2024-02-20 02:40:00,0.05
2024-02-20 02:50:00,0.05
2024-02-20 03:00:00,0.4997
2024-02-20 03:10:00,0.1628
2024-02-20 03:20:00,0.6199
2024-02-20 03:30:00,0.6444
2024-02-20 03:40:00,0.6942
2024-02-20 03:50:00,0.8928
2024-02-20 04:00:00,1.2369
2024-02-20 04:10:00,1.1332
2024-02-20 04:20:00,1.4419
2024-02-20 04:30:00,1.8037
2024-02-20 04:40:00,1.8662
2024-02-20 04:50:00,2.367
2024-02-20 05:00:00,2.4281
2024-02-20 05:10:00,2.448
2024-02-20 05:20:00,2.815
2024-02-20 05:30:00,2.8705
2024-02-20 05:40:00,2.8807
2024-02-20 05:50:00,3.3412
2024-02-20 06:00:00,3.0775
2024-02-20 06:10:00,3.4923
2024-02-20 06:20:00,3.3653
2024-02-20 06:30:00,3.6443
2024-02-20 06:40:00,3.4871
2024-02-20 06:50:00,3.4759
2024-02-20 07:00:00,3.3835
2024-02-20 07:10:00,3.2486
2024-02-20 07:20:00,3.3246
2024-02-20 07:30:00,3.1022
2024-02-20 07:40:00,2.9555
2024-02-20 07:50:00,2.8269
2024-02-20 08:00:00,2.7046
2024-02-20 08:10:00,2.6696
2024-02-20 08:20:00,2.2742
2024-02-20 08:30:00,2.0452
2024-02-20 08:40:00,2.0211
2024-02-20 08:50:00,1.7833
2024-02-20 09:00:00,1.5982
2024-02-20 09:10:00,1.5444
2024-02-20 09:20:00,1.1983
2024-02-20 09:30:00,1.1613
2024-02-20 09:40:00,1.146
2024-02-20 09:50:00,0.8468
2024-02-20 10:00:00,0.7324
2024-02-20 10:10:00,0.4675
2024-02-20 10:20:00,0.7153
2024-02-20 10:30:00,0.4158
2024-02-20 10:40:00,0.5268
2024-02-20 10:50:00,0.5659
2024-02-20 11:00:00,0.5904
2024-02-20 11:10:00,0.0756
2024-02-20 11:20:00,0.3411
2024-02-20 11:30:00,0.5326
2024-02-20 11:40:00,0.3958
2024-02-20 11:50:00,0.2774
2024-02-20 12:00:00,0.2704
2024-02-20 12:10:00,0.2813
2024-02-20 12:20:00,0.5205
2024-02-20 12:30:00,0.0814
2024-02-20 12:40:00,0.2778
2024-02-20 12:50:00,0.3689
2024-02-20 13:00:00,0.2675
2024-02-20 13:10:00,0.5085
2024-02-20 13:20:00,0.2335
2024-02-20 13:30:00,0.3857
2024-02-20 13:40:00,0.297
2024-02-20 13:50:00,0.2257
2024-02-20 14:00:00,0.2539
2024-02-20 14:10:00,0.4052
2024-02-20 14:20:00,0.3491
2024-02-20 14:30:00,0.1953
2024-02-20 14:40:00,0.5409
2024-02-20 14:50:00,0.3614
2024-02-20 15:00:00,0.1491
2024-02-20 15:10:00,0.1652
2024-02-20 15:20:00,0.2438
2024-02-20 15:30:00,0.5799
2024-02-20 15:40:00,0.2787
2024-02-20 15:50:00,0.312
2024-02-20 16:00:00,0.2811
2024-02-20 16:10:00,0.1522
2024-02-20 16:20:00,0.1334
2024-02-20 16:30:00,0.179
2024-02-20 16:40:00,0.3339
2024-02-20 16:50:00,0.2635
2024-02-20 17:00:00,0.28
2024-02-20 17:10:00,0.4012
2024-02-20 17:20:00,0.4606
2024-02-20 17:30:00,0.1677
2024-02-20 17:40:00,0.1748
2024-02-20 17:50:00,0.1657
2024-02-20 18:00:00,0.1217
2024-02-20 18:10:00,0.3904
2024-02-20 18:20:00,0.2438
2024-02-20 18:30:00,0.1699
2024-02-20 18:40:00,0.2647
2024-02-20 18:50:00,0.273
2024-02-20 19:00:00,0.4065
2024-02-20 19:10:00,0.3922
2024-02-20 19:20:00,0.1938
2024-02-20 19:30:00,0.323
2024-02-20 19:40:00,0.228
2024-02-20 19:50:00,0.2506
2024-02-20 20:00:00,0.05
2024-02-20 20:10:00,0.1331
2024-02-20 20:20:00,0.1371
2024-02-20 20:30:00,0.274
2024-02-20 20:40:00,0.2755
2024-02-20 20:50:00,0.3687
2024-02-20 21:00:00,0.3647
2024-02-20 21:10:00,0.3505
2024-02-20 21:20:00,0.4949
2024-02-20 21:30:00,0.1806
2024-02-20 21:40:00,0.2361
2024-02-20 21:50:00,0.4876
2024-02-20 22:00:00,0.2764
2024-02-20 22:10:00,0.3195
2024-02-20 22:20:00,0.34
2024-02-20 22:30:00,0.1316
2024-02-20 22:40:00,0.2212
2024-02-20 22:50:00,0.2123
2024-02-20 23:00:00,0.5006
2024-02-20 23:10:00,0.1527
2024-02-20 23:20:00,0.1851
2024-02-20 23:30:00,0.3352
2024-02-20 23:40:00,0.1707
2024-02-20 23:50:00,0.3112
2024-02-21 00:00:00,0.385
2024-02-21 00:10:00,0.2317
2024-02-21 00:20:00,0.2396
2024-02-21 00:30:00,0.2192
2024-02-21 00:40:00,0.0529
2024-02-21 00:50:00,0.1263
2024-02-21 01:00:00,0.1227
2024-02-21 01:10:00,0.1736
2024-02-21 01:20:00,0.05
2024-02-21 01:30:00,0.2893
2024-02-21 01:40:00,0.2128
2024-02-21 01:50:00,0.1457
2024-02-21 02:00:00,0.077
2024-02-21 02:10:00,0.05
2024-02-21 02:20:00,0.0834
2024-02-21 02:30:00,0.1485
2024-02-21 02:40:00,0.05
2024-02-21 02:50:00,0.2858
2024-02-21 03:00:00,0.05
2024-02-21 03:10:00,0.5824
2024-02-21 03:20:00,0.4658
2024-02-21 03:30:00,0.5737
2024-02-21 03:40:00,0.7987
2024-02-21 03:50:00,0.7422
2024-02-21 04:00:00,1.2695
2024-02-21 04:10:00,1.3865
2024-02-21 04:20:00,1.6687
2024-02-21 04:30:00,1.7068
2024-02-21 04:40:00,1.7233
2024-02-21 04:50:00,1.9705
2024-02-21 05:00:00,2.496
2024-02-21 05:10:00,2.5402
2024-02-21 05:20:00,2.8454
2024-02-21 05:30:00,3.0978
2024-02-21 05:40:00,3.1911
2024-02-21 05:50:00,3.2853
2024-02-21 06:00:00,3.2099
2024-02-21 06:10:00,3.6439
2024-02-21 06:20:00,3.2863
2024-02-21 06:30:00,3.5427
2024-02-21 06:40:00,3.4849
2024-02-21 06:50:00,3.4957
2024-02-21 07:00:00,3.2118
2024-02-21 07:10:00,3.5679
2024-02-21 07:20:00,2.9391
2024-02-21 07:30:00,2.8138
2024-02-21 07:40:00,2.7838
2024-02-21 07:50:00,3.0154
2024-02-21 08:00:00,2.4786
2024-02-21 08:10:00,2.4367
2024-02-21 08:20:00,2.3681
2024-02-21 08:30:00,2.2421
2024-02-21 08:40:00,1.9283
2024-02-21 08:50:00,1.9967
2024-02-21 09:00:00,1.5424
2024-02-21 09:10:00,1.534
2024-02-21 09:20:00,1.4606
2024-02-21 09:30:00,1.0662
2024-02-21 09:40:00,0.8493
2024-02-21 09:50:00,0.6661
2024-02-21 10:00:00,0.7464
2024-02-21 10:10:00,0.7633
2024-02-21 10:20:00,0.5634
2024-02-21 10:30:00,0.4781
2024-02-21 10:40:00,0.1819
2024-02-21 10:50:00,0.437
2024-02-21 11:00:00,0.3489
2024-02-21 11:10:00,0.3604
2024-02-21 11:20:00,0.2974
2024-02-21 11:30:00,0.5293
2024-02-21 11:40:00,0.362
2024-02-21 11:50:00,0.3455
2024-02-21 12:00:00,0.4921
2024-02-21 12:10:00,0.3599
2024-02-21 12:20:00,0.4504
2024-02-21 12:30:00,0.4307
2024-02-21 12:40:00,0.3925
2024-02-21 12:50:00,0.286
2024-02-21 13:00:00,0.3604
2024-02-21 13:10:00,0.3636
2024-02-21 13:20:00,0.5776
2024-02-21 13:30:00,0.3112
2024-02-21 13:40:00,0.3747
2024-02-21 13:50:00,0.2772
2024-02-21 14:00:00,0.292
2024-02-21 14:10:00,0.2778
2024-02-21 14:20:00,0.1774
2024-02-21 14:30:00,0.3737
2024-02-21 14:40:00,0.2546
2024-02-21 14:50:00,0.4472
2024-02-21 15:00:00,0.472
2024-02-21 15:10:00,0.3046
2024-02-21 15:20:00,0.4134
2024-02-21 15:30:00,0.05
2024-02-21 15:40:00,0.3117
2024-02-21 15:50:00,0.2829
2024-02-21 16:00:00,0.4704
2024-02-21 16:10:00,0.2652
2024-02-21 16:20:00,0.4451
2024-02-21 16:30:00,0.4316
2024-02-21 16:40:00,0.05
2024-02-21 16:50:00,0.3646
2024-02-21 17:00:00,0.5415
2024-02-21 17:10:00,0.4131
2024-02-21 17:20:00,0.3126
2024-02-21 17:30:00,0.1754
2024-02-21 17:40:00,0.2044
2024-02-21 17:50:00,0.4392
2024-02-21 18:00:00,0.05
2024-02-21 18:10:00,0.3906
2024-02-21 18:20:00,0.3407
2024-02-21 18:30:00,0.3002
2024-02-21 18:40:00,0.3366
2024-02-21 18:50:00,0.2077
2024-02-21 19:00:00,0.4406
2024-02-21 19:10:00,0.3176
2024-02-21 19:20:00,0.3737
2024-02-21 19:30:00,0.1691
2024-02-21 19:40:00,0.2258
2024-02-21 19:50:00,0.3612
2024-02-21 20:00:00,0.5957
2024-02-21 20:10:00,0.3939
2024-02-21 20:20:00,0.5451
2024-02-21 20:30:00,0.6043
2024-02-21 20:40:00,0.2971
2024-02-21 20:50:00,0.4903
2024-02-21 21:00:00,0.326
2024-02-21 21:10:00,0.2301
2024-02-21 21:20:00,0.4914
2024-02-21 21:30:00,0.323
2024-02-21 21:40:00,0.2955
2024-02-21 21:50:00,0.4642
2024-02-21 22:00:00,0.2557
2024-02-21 22:10:00,0.2616
2024-02-21 22:20:00,0.4204
2024-02-21 22:30:00,0.4091
2024-02-21 22:40:00,0.3689
2024-02-21 22:50:00,0.4092
2024-02-21 23:00:00,0.504
2024-02-21 23:10:00,0.2352
2024-02-21 23:20:00,0.4393
2024-02-21 23:30:00,0.4246
2024-02-21 23:40:00,0.7242
2024-02-21 23:50:00,0.5055
2024-02-22 00:00:00,0.2212
2024-02-22 00:10:00,0.3107
2024-02-22 00:20:00,0.2765
2024-02-22 00:30:00,0.5291
2024-02-22 00:40:00,0.3202
2024-02-22 00:50:00,0.1525
2024-02-22 01:00:00,0.1392
2024-02-22 01:10:00,0.0788
2024-02-22 01:20:00,0.0662
2024-02-22 01:30:00,0.3194
2024-02-22 01:40:00,0.0927
2024-02-22 01:50:00,0.2897
2024-02-22 02:00:00,0.1474
2024-02-22 02:10:00,0.05
2024-02-22 02:20:00,0.05
2024-02-22 02:30:00,0.05
2024-02-22 02:40:00,0.2704
2024-02-22 02:50:00,0.2313
2024-02-22 03:00:00,0.05
2024-02-22 03:10:00,0.2725
2024-02-22 03:20:00,0.4692
2024-02-22 03:30:00,0.6142
2024-02-22 03:40:00,0.5438
2024-02-22 03:50:00,0.7916
2024-02-22 04:00:00,1.0774
2024-02-22 04:10:00,1.1432
2024-02-22 04:20:00,1.345
2024-02-22 04:30:00,1.6774
2024-02-22 04:40:00,2.0602
2024-02-22 04:50:00,2.1716
2024-02-22 05:00:00,2.2615
2024-02-22 05:10:00,2.586
2024-02-22 05:20:00,2.671
2024-02-22 05:30:00,2.9805
2024-02-22 05:40:00,2.9507
2024-02-22 05:50:00,3.1013
2024-02-22 06:00:00,3.2866
2024-02-22 06:10:00,3.4502
2024-02-22 06:20:00,3.5187
2024-02-22 06:30:00,3.5232
2024-02-22 06:40:00,3.7165
2024-02-22 06:50:00,3.4683
2024-02-22 07:00:00,3.4333
2024-02-22 07:10:00,3.3092
2024-02-22 07:20:00,3.1437
2024-02-22 07:30:00,3.1378
2024-02-22 07:40:00,3.0202
2024-02-22 07:50:00,2.8577
2024-02-22 08:00:00,2.6952
2024-02-22 08:10:00,2.7395
2024-02-22 08:20:00,2.2285
2024-02-22 08:30:00,2.1049
2024-02-22 08:40:00,1.8951
2024-02-22 08:50:00,1.9314
2024-02-22 09:00:00,1.758
2024-02-22 09:10:00,1.4013
2024-02-22 09:20:00,1.1583
2024-02-22 09:30:00,1.0717
2024-02-22 09:40:00,1.165
2024-02-22 09:50:00,0.5889
2024-02-22 10:00:00,0.7291
2024-02-22 10:10:00,0.6018
2024-02-22 10:20:00,0.4609
2024-02-22 10:30:00,0.5606
2024-02-22 10:40:00,0.4405
2024-02-22 10:50:00,0.2984
2024-02-22 11:00:00,0.6178
2024-02-22 11:10:00,0.2357
2024-02-22 11:20:00,0.3616
2024-02-22 11:30:00,0.3558
2024-02-22 11:40:00,0.4084
2024-02-22 11:50:00,0.2928
2024-02-22 12:00:00,0.2405
2024-02-22 12:10:00,0.4726
2024-02-22 12:20:00,0.2314
2024-02-22 12:30:00,0.0678
2024-02-22 12:40:00,0.3016
2024-02-22 12:50:00,0.4797
2024-02-22 13:00:00,0.3676
2024-02-22 13:10:00,0.2142
2024-02-22 13:20:00,0.3866
2024-02-22 13:30:00,0.302
2024-02-22 13:40:00,0.3215
2024-02-22 13:50:00,0.1964
2024-02-22 14:00:00,0.3854
2024-02-22 14:10:00,0.3611
2024-02-22 14:20:00,0.2145
2024-02-22 14:30:00,0.4604
2024-02-22 14:40:00,0.3429
2024-02-22 14:50:00,0.4835
2024-02-22 15:00:00,0.1902
2024-02-22 15:10:00,0.4593
2024-02-22 15:20:00,0.3297
2024-02-22 15:30:00,0.3489
2024-02-22 15:40:00,0.5319
2024-02-22 15:50:00,0.3474
2024-02-22 16:00:00,0.3089
2024-02-22 16:10:00,0.3499
2024-02-22 16:20:00,0.4287
2024-02-22 16:30:00,0.267
2024-02-22 16:40:00,0.1789
2024-02-22 16:50:00,0.2269
2024-02-22 17:00:00,0.3064
2024-02-22 17:10:00,0.2524
2024-02-22 17:20:00,0.2764
2024-02-22 17:30:00,0.4003
2024-02-22 17:40:00,0.3784
2024-02-22 17:50:00,0.1309
2024-02-22 18:00:00,0.3488
2024-02-22 18:10:00,0.5087
2024-02-22 18:20:00,0.3052
2024-02-22 18:30:00,0.2426
2024-02-22 18:40:00,0.6104
2024-02-22 18:50:00,0.3536
2024-02-22 19:00:00,0.3158
2024-02-22 19:10:00,0.4116
2024-02-22 19:20:00,0.2588
2024-02-22 19:30:00,0.2671
2024-02-22 19:40:00,0.3158
2024-02-22 19:50:00,0.4726
2024-02-22 20:00:00,0.5027
2024-02-22 20:10:00,0.2942
2024-02-22 20:20:00,0.1861
2024-02-22 20:30:00,0.296
2024-02-22 20:40:00,0.285
2024-02-22 20:50:00,0.2316
2024-02-22 21:00:00,0.408
2024-02-22 21:10:00,0.5184
2024-02-22 21:20:00,0.4903
2024-02-22 21:30:00,0.3132
2024-02-22 21:40:00,0.2004
2024-02-22 21:50:00,0.4538
2024-02-22 22:00:00,0.2425
2024-02-22 22:10:00,0.1189
2024-02-22 22:20:00,0.5021
2024-02-22 22:30:00,0.2172
2024-02-22 22:40:00,0.4427
2024-02-22 22:50:00,0.2712
2024-02-22 23:00:00,0.1617
2024-02-22 23:10:00,0.2227
2024-02-22 23:20:00,0.05
2024-02-22 23:30:00,0.1593
2024-02-22 23:40:00,0.413
2024-02-22 23:50:00,0.2805
2024-02-23 00:00:00,0.2749
2024-02-23 00:10:00,0.3534
2024-02-23 00:20:00,0.4089
2024-02-23 00:30:00,0.3632
2024-02-23 00:40:00,0.332
2024-02-23 00:50:00,0.05
2024-02-23 01:00:00,0.05
2024-02-23 01:10:00,0.05
2024-02-23 01:20:00,0.1329
2024-02-23 01:30:00,0.2314
2024-02-23 01:40:00,0.1131
2024-02-23 01:50:00,0.1273
2024-02-23 02:00:00,0.3302
2024-02-23 02:10:00,0.157
2024-02-23 02:20:00,0.05
2024-02-23 02:30:00,0.05
2024-02-23 02:40:00,0.2958
2024-02-23 02:50:00,0.1595
2024-02-23 03:00:00,0.3301
2024-02-23 03:10:00,0.1024
2024-02-23 03:20:00,0.544
2024-02-23 03:30:00,0.5761
2024-02-23 03:40:00,0.4734
2024-02-23 03:50:00,0.7487
2024-02-23 04:00:00,0.9743
2024-02-23 04:10:00,1.189
2024-02-23 04:20:00,1.3416
2024-02-23 04:30:00,1.691
2024-02-23 04:40:00,2.0253
2024-02-23 04:50:00,2.2209
2024-02-23 05:00:00,2.3169
2024-02-23 05:10:00,2.6534
2024-02-23 05:20:00,3.1051
2024-02-23 05:30:00,2.9401
2024-02-23 05:40:00,2.9035
2024-02-23 05:50:00,3.1947
2024-02-23 06:00:00,3.3058
2024-02-23 06:10:00,3.1654
2024-02-23 06:20:00,3.4915
2024-02-23 06:30:00,3.3792
2024-02-23 06:40:00,3.577
2024-02-23 06:50:00,3.4218
2024-02-23 07:00:00,3.3803
2024-02-23 07:10:00,3.459
2024-02-23 07:20:00,3.1709
2024-02-23 07:30:00,2.9853
2024-02-23 07:40:00,3.0186
2024-02-23 07:50:00,2.6753
2024-02-23 08:00:00,2.6123
2024-02-23 08:10:00,2.7003
2024-02-23 08:20:00,2.3018
2024-02-23 08:30:00,2.2223
2024-02-23 08:40:00,1.6825
2024-02-23 08:50:00,1.8857
2024-02-23 09:00:00,1.4917
2024-02-23 09:10:00,1.3438
2024-02-23 09:20:00,1.3751
2024-02-23 09:30:00,1.1192
2024-02-23 09:40:00,0.9363
2024-02-23 09:50:00,0.8462
2024-02-23 10:00:00,0.8002
2024-02-23 10:10:00,0.6206
2024-02-23 10:20:00,0.5834
2024-02-23 10:30:00,0.3287
2024-02-23 10:40:00,0.3382
2024-02-23 10:50:00,0.3144
2024-02-23 11:00:00,0.2131
2024-02-23 11:10:00,0.4059
2024-02-23 11:20:00,0.4764
2024-02-23 11:30:00,0.3848
2024-02-23 11:40:00,0.4144
2024-02-23 11:50:00,0.4408
2024-02-23 12:00:00,0.2932
2024-02-23 12:10:00,0.2725
2024-02-23 12:20:00,0.4839
2024-02-23 12:30:00,0.1608
2024-02-23 12:40:00,0.3661
2024-02-23 12:50:00,0.353
2024-02-23 13:00:00,0.1869
2024-02-23 13:10:00,0.4862
2024-02-23 13:20:00,0.4977
2024-02-23 13:30:00,0.4406
2024-02-23 13:40:00,0.3596
2024-02-23 13:50:00,0.2885
2024-02-23 14:00:00,0.3441
2024-02-23 14:10:00,0.5448
2024-02-23 14:20:00,0.3468
2024-02-23 14:30:00,0.2981
2024-02-23 14:40:00,0.1846
2024-02-23 14:50:00,0.2593
2024-02-23 15:00:00,0.2709
2024-02-23 15:10:00,0.3669
2024-02-23 15:20:00,0.5104
2024-02-23 15:30:00,0.4183
2024-02-23 15:40:00,0.23
2024-02-23 15:50:00,0.2639
2024-02-23 16:00:00,0.2186
2024-02-23 16:10:00,0.4428
2024-02-23 16:20:00,0.5051
2024-02-23 16:30:00,0.3819
2024-02-23 16:40:00,0.3347
2024-02-23 16:50:00,0.1886
2024-02-23 17:00:00,0.2499
2024-02-23 17:10:00,0.3798
2024-02-23 17:20:00,0.3014
2024-02-23 17:30:00,0.2634
2024-02-23 17:40:00,0.2605
2024-02-23 17:50:00,0.4002
2024-02-23 18:00:00,0.3598
2024-02-23 18:10:00,0.1078
2024-02-23 18:20:00,0.2621
2024-02-23 18:30:00,0.3845
2024-02-23 18:40:00,0.193
2024-02-23 18:50:00,0.1996
2024-02-23 19:00:00,0.5015
2024-02-23 19:10:00,0.6235
2024-02-23 19:20:00,0.433
2024-02-23 19:30:00,0.2879
2024-02-23 19:40:00,0.3416
2024-02-23 19:50:00,0.5327
2024-02-23 20:00:00,0.1163
2024-02-23 20:10:00,0.4265
2024-02-23 20:20:00,0.4664
2024-02-23 20:30:00,0.3808
2024-02-23 20:40:00,0.1853
2024-02-23 20:50:00,0.3785
2024-02-23 21:00:00,0.5475
2024-02-23 21:10:00,0.3794
2024-02-23 21:20:00,0.2933
2024-02-23 21:30:00,0.5396
2024-02-23 21:40:00,0.2989
2024-02-23 21:50:00,0.2237
2024-02-23 22:00:00,0.4081
2024-02-23 22:10:00,0.2619
2024-02-23 22:20:00,0.0684
2024-02-23 22:30:00,0.2776
2024-02-23 22:40:00,0.3065
2024-02-23 22:50:00,0.4974
2024-02-23 23:00:00,0.2164
2024-02-23 23:10:00,0.4735
2024-02-23 23:20:00,0.3491
2024-02-23 23:30:00,0.1305
2024-02-23 23:40:00,0.1794
2024-02-23 23:50:00,0.4395
2024-02-24 00:00:00,0.148
2024-02-24 00:10:00,0.1261
2024-02-24 00:20:00,0.1263
2024-02-24 00:30:00,0.293
2024-02-24 00:40:00,0.1092
2024-02-24 00:50:00,0.1433
2024-02-24 01:00:00,0.1458
2024-02-24 01:10:00,0.05
2024-02-24 01:20:00,0.1978
2024-02-24 01:30:00,0.05
2024-02-24 01:40:00,0.2957
2024-02-24 01:50:00,0.113
2024-02-24 02:00:00,0.1187
2024-02-24 02:10:00,0.0879
2024-02-24 02:20:00,0.05
2024-02-24 02:30:00,0.0526
2024-02-24 02:40:00,0.0823
2024-02-24 02:50:00,0.0728
2024-02-24 03:00:00,0.2054
2024-02-24 03:10:00,0.1877
2024-02-24 03:20:00,0.3401
2024-02-24 03:30:00,0.4874
2024-02-24 03:40:00,0.6702
2024-02-24 03:50:00,0.7532
2024-02-24 04:00:00,0.8988
2024-02-24 04:10:00,1.1963
2024-02-24 04:20:00,1.282
2024-02-24 04:30:00,1.2945
2024-02-24 04:40:00,1.5043
2024-02-24 04:50:00,1.4794
2024-02-24 05:00:00,2.0602
2024-02-24 05:10:00,2.009
2024-02-24 05:20:00,2.0893
2024-02-24 05:30:00,2.27
2024-02-24 05:40:00,2.5447
2024-02-24 05:50:00,2.5736
2024-02-24 06:00:00,2.4601
2024-02-24 06:10:00,2.5047
2024-02-24 06:20:00,2.9145
2024-02-24 06:30:00,2.656
2024-02-24 06:40:00,2.7096
2024-02-24 06:50:00,2.8145
2024-02-24 07:00:00,2.556
2024-02-24 07:10:00,2.57
2024-02-24 07:20:00,2.4815
2024-02-24 07:30:00,2.6592
2024-02-24 07:40:00,2.4374
2024-02-24 07:50:00,2.3052
2024-02-24 08:00:00,2.0801
2024-02-24 08:10:00,2.3715
2024-02-24 08:20:00,1.8058
2024-02-24 08:30:00,1.5759
2024-02-24 08:40:00,1.5247
2024-02-24 08:50:00,1.3656
2024-02-24 09:00:00,1.2586
2024-02-24 09:10:00,1.2518
2024-02-24 09:20:00,1.2337
2024-02-24 09:30:00,1.07
2024-02-24 09:40:00,0.4985
2024-02-24 09:50:00,0.6728
2024-02-24 10:00:00,0.61
2024-02-24 10:10:00,0.4983
2024-02-24 10:20:00,0.4892
2024-02-24 10:30:00,0.5609
2024-02-24 10:40:00,0.3487
2024-02-24 10:50:00,0.2228
2024-02-24 11:00:00,0.3188
2024-02-24 11:10:00,0.05
2024-02-24 11:20:00,0.424
2024-02-24 11:30:00,0.2135
2024-02-24 11:40:00,0.3875
2024-02-24 11:50:00,0.2699
2024-02-24 12:00:00,0.2513
2024-02-24 12:10:00,0.3472
2024-02-24 12:20:00,0.3627
2024-02-24 12:30:00,0.174
2024-02-24 12:40:00,0.219
2024-02-24 12:50:00,0.263
2024-02-24 13:00:00,0.344
2024-02-24 13:10:00,0.2018
2024-02-24 13:20:00,0.1527
2024-02-24 13:30:00,0.5646
2024-02-24 13:40:00,0.1759
2024-02-24 13:50:00,0.239
2024-02-24 14:00:00,0.3671
2024-02-24 14:10:00,0.2641
2024-02-24 14:20:00,0.0891
2024-02-24 14:30:00,0.4428
2024-02-24 14:40:00,0.3537
2024-02-24 14:50:00,0.4619
2024-02-24 15:00:00,0.085
2024-02-24 15:10:00,0.1885
2024-02-24 15:20:00,0.4175
2024-02-24 15:30:00,0.05
2024-02-24 15:40:00,0.1328
2024-02-24 15:50:00,0.5244
2024-02-24 16:00:00,0.2798
2024-02-24 16:10:00,0.259
2024-02-24 16:20:00,0.1571
2024-02-24 16:30:00,0.4342
2024-02-24 16:40:00,0.3689
2024-02-24 16:50:00,0.2758
2024-02-24 17:00:00,0.4639
2024-02-24 17:10:00,0.0709
2024-02-24 17:20:00,0.3007
2024-02-24 17:30:00,0.1682
2024-02-24 17:40:00,0.5605
2024-02-24 17:50:00,0.2839
2024-02-24 18:00:00,0.0585
2024-02-24 18:10:00,0.2224
2024-02-24 18:20:00,0.1172
2024-02-24 18:30:00,0.3398
2024-02-24 18:40:00,0.3348
2024-02-24 18:50:00,0.1474
2024-02-24 19:00:00,0.2221
2024-02-24 19:10:00,0.1447
2024-02-24 19:20:00,0.29
2024-02-24 19:30:00,0.1588
2024-02-24 19:40:00,0.2385
2024-02-24 19:50:00,0.3036
2024-02-24 20:00:00,0.2733
2024-02-24 20:10:00,0.2139
2024-02-24 20:20:00,0.3062
2024-02-24 20:30:00,0.05
2024-02-24 20:40:00,0.2315
2024-02-24 20:50:00,0.1663
2024-02-24 21:00:00,0.2034
2024-02-24 21:10:00,0.3595
2024-02-24 21:20:00,0.4217
2024-02-24 21:30:00,0.3657
2024-02-24 21:40:00,0.3861
2024-02-24 21:50:00,0.1555
2024-02-24 22:00:00,0.05
2024-02-24 22:10:00,0.3017
2024-02-24 22:20:00,0.1638
2024-02-24 22:30:00,0.1493
2024-02-24 22:40:00,0.1492
2024-02-24 22:50:00,0.0793
2024-02-24 23:00:00,0.3365
2024-02-24 23:10:00,0.3648
2024-02-24 23:20:00,0.0585
2024-02-24 23:30:00,0.3961
2024-02-24 23:40:00,0.2144
2024-02-24 23:50:00,0.3549
2024-02-25 00:00:00,0.0692
2024-02-25 00:10:00,0.4234
2024-02-25 00:20:00,0.0737
2024-02-25 00:30:00,0.1249
2024-02-25 00:40:00,0.1195
2024-02-25 00:50:00,0.1061
2024-02-25 01:00:00,0.1916
2024-02-25 01:10:00,0.05
2024-02-25 01:20:00,0.05
2024-02-25 01:30:00,0.1788
2024-02-25 01:40:00,0.05
2024-02-25 01:50:00,0.05
2024-02-25 02:00:00,0.05
2024-02-25 02:10:00,0.2371
2024-02-25 02:20:00,0.0844
2024-02-25 02:30:00,0.0716
2024-02-25 02:40:00,0.05
2024-02-25 02:50:00,0.2666
2024-02-25 03:00:00,0.2646
2024-02-25 03:10:00,0.234
2024-02-25 03:20:00,0.4797
2024-02-25 03:30:00,0.3275
2024-02-25 03:40:00,0.6924
2024-02-25 03:50:00,0.6627
2024-02-25 04:00:00,0.8571
2024-02-25 04:10:00,0.8757
2024-02-25 04:20:00,1.1634
2024-02-25 04:30:00,1.2164
2024-02-25 04:40:00,1.4662
2024-02-25 04:50:00,1.5903
2024-02-25 05:00:00,2.0425
2024-02-25 05:10:00,2.0523
2024-02-25 05:20:00,2.2312
2024-02-25 05:30:00,2.3332
2024-02-25 05:40:00,2.4724
2024-02-25 05:50:00,2.4999
2024-02-25 06:00:00,2.8335
2024-02-25 06:10:00,2.5266
2024-02-25 06:20:00,2.7622
2024-02-25 06:30:00,2.8121
2024-02-25 06:40:00,2.6858
2024-02-25 06:50:00,2.8436
2024-02-25 07:00:00,2.672
2024-02-25 07:10:00,2.4337
2024-02-25 07:20:00,2.5977
2024-02-25 07:30:00,2.4636
2024-02-25 07:40:00,2.3331
2024-02-25 07:50:00,2.4929
2024-02-25 08:00:00,2.0225
2024-02-25 08:10:00,2.1425
2024-02-25 08:20:00,2.1559
2024-02-25 08:30:00,2.0816
2024-02-25 08:40:00,1.8659
2024-02-25 08:50:00,1.3871
2024-02-25 09:00:00,1.3053
2024-02-25 09:10:00,1.0478
2024-02-25 09:20:00,1.1598
2024-02-25 09:30:00,1.1009
2024-02-25 09:40:00,0.6571
2024-02-25 09:50:00,0.8337
2024-02-25 10:00:00,0.704
2024-02-25 10:10:00,0.666
2024-02-25 10:20:00,0.4441
2024-02-25 10:30:00,0.2405
2024-02-25 10:40:00,0.3573
2024-02-25 10:50:00,0.5114
2024-02-25 11:00:00,0.3809
2024-02-25 11:10:00,0.2984
2024-02-25 11:20:00,0.3904
2024-02-25 11:30:00,0.1492
2024-02-25 11:40:00,0.3132
2024-02-25 11:50:00,0.2796
2024-02-25 12:00:00,0.1429
2024-02-25 12:10:00,0.2839
2024-02-25 12:20:00,0.1612
2024-02-25 12:30:00,0.0589
2024-02-25 12:40:00,0.3981
2024-02-25 12:50:00,0.1519
2024-02-25 13:00:00,0.2457
2024-02-25 13:10:00,0.4286
2024-02-25 13:20:00,0.05
2024-02-25 13:30:00,0.4663
2024-02-25 13:40:00,0.1257
2024-02-25 13:50:00,0.1904
2024-02-25 14:00:00,0.3673
2024-02-25 14:10:00,0.2212
2024-02-25 14:20:00,0.2113
2024-02-25 14:30:00,0.4361
2024-02-25 14:40:00,0.3258
2024-02-25 14:50:00,0.3181
2024-02-25 15:00:00,0.251
2024-02-25 15:10:00,0.2721
2024-02-25 15:20:00,0.0599
2024-02-25 15:30:00,0.2533
2024-02-25 15:40:00,0.433
2024-02-25 15:50:00,0.0809
2024-02-25 16:00:00,0.3544
2024-02-25 16:10:00,0.2704
2024-02-25 16:20:00,0.1358
2024-02-25 16:30:00,0.05
2024-02-25 16:40:00,0.3824
2024-02-25 16:50:00,0.3879
2024-02-25 17:00:00,0.05
2024-02-25 17:10:00,0.2161
2024-02-25 17:20:00,0.3495
2024-02-25 17:30:00,0.4568
2024-02-25 17:40:00,0.4373
2024-02-25 17:50:00,0.2329
2024-02-25 18:00:00,0.3068
2024-02-25 18:10:00,0.2718
2024-02-25 18:20:00,0.2836
2024-02-25 18:30:00,0.4232
2024-02-25 18:40:00,0.3026
2024-02-25 18:50:00,0.5452
2024-02-25 19:00:00,0.5161
2024-02-25 19:10:00,0.1863
2024-02-25 19:20:00,0.1616
2024-02-25 19:30:00,0.1363
2024-02-25 19:40:00,0.3126
2024-02-25 19:50:00,0.0849
2024-02-25 20:00:00,0.1866
2024-02-25 20:10:00,0.1766
2024-02-25 20:20:00,0.5837
2024-02-25 20:30:00,0.1881
2024-02-25 20:40:00,0.05
2024-02-25 20:50:00,0.2526
2024-02-25 21:00:00,0.1476
2024-02-25 21:10:00,0.3333
2024-02-25 21:20:00,0.2409
2024-02-25 21:30:00,0.2846
2024-02-25 21:40:00,0.05
2024-02-25 21:50:00,0.2257
2024-02-25 22:00:00,0.4136
2024-02-25 22:10:00,0.199
2024-02-25 22:20:00,0.2684
2024-02-25 22:30:00,0.3055
2024-02-25 22:40:00,0.1774
2024-02-25 22:50:00,0.1064
2024-02-25 23:00:00,0.591
2024-02-25 23:10:00,0.3436
2024-02-25 23:20:00,0.2436
2024-02-25 23:30:00,0.4338
2024-02-25 23:40:00,0.2906
2024-02-25 23:50:00,0.3572
2024-02-26 00:00:00,0.3462
2024-02-26 00:10:00,0.383
2024-02-26 00:20:00,0.0954
2024-02-26 00:30:00,0.2025
2024-02-26 00:40:00,0.3215
2024-02-26 00:50:00,0.1793
2024-02-26 01:00:00,0.05
2024-02-26 01:10:00,0.1042
2024-02-26 01:20:00,0.1171
2024-02-26 01:30:00,0.05
2024-02-26 01:40:00,0.3036
2024-02-26 01:50:00,0.05
2024-02-26 02:00:00,0.2511
2024-02-26 02:10:00,0.3042
2024-02-26 02:20:00,0.05
2024-02-26 02:30:00,0.2003
2024-02-26 02:40:00,0.2226
2024-02-26 02:50:00,0.1771
2024-02-26 03:00:00,0.4456
2024-02-26 03:10:00,0.4339
2024-02-26 03:20:00,0.5155
2024-02-26 03:30:00,0.8098
2024-02-26 03:40:00,0.842
2024-02-26 03:50:00,0.9152
2024-02-26 04:00:00,0.952
2024-02-26 04:10:00,1.2955
2024-02-26 04:20:00,1.3119
2024-02-26 04:30:00,1.8882
2024-02-26 04:40:00,1.9257
2024-02-26 04:50:00,2.1104
2024-02-26 05:00:00,2.497
2024-02-26 05:10:00,2.5575
2024-02-26 05:20:00,2.9699
2024-02-26 05:30:00,2.8436
2024-02-26 05:40:00,3.0231
2024-02-26 05:50:00,3.2881
2024-02-26 06:00:00,3.615
2024-02-26 06:10:00,3.4032
2024-02-26 06:20:00,3.2829
2024-02-26 06:30:00,3.1627
2024-02-26 06:40:00,3.5765
2024-02-26 06:50:00,3.3497
2024-02-26 07:00:00,3.434
2024-02-26 07:10:00,3.158
2024-02-26 07:20:00,3.5058
2024-02-26 07:30:00,2.9495
2024-02-26 07:40:00,2.7585
2024-02-26 07:50:00,2.9944
2024-02-26 08:00:00,2.5118
2024-02-26 08:10:00,2.6695
2024-02-26 08:20:00,2.3982
2024-02-26 08:30:00,1.9138
2024-02-26 08:40:00,2.1646
2024-02-26 08:50:00,1.7608
2024-02-26 09:00:00,1.5415
2024-02-26 09:10:00,1.4583
2024-02-26 09:20:00,1.252
2024-02-26 09:30:00,1.0362
2024-02-26 09:40:00,0.8111
2024-02-26 09:50:00,0.7843
2024-02-26 10:00:00,0.5853
2024-02-26 10:10:00,0.5682
2024-02-26 10:20:00,0.6475
2024-02-26 10:30:00,0.349
2024-02-26 10:40:00,0.4136
2024-02-26 10:50:00,0.4143
2024-02-26 11:00:00,0.3589
2024-02-26 11:10:00,0.2921
2024-02-26 11:20:00,0.3938
2024-02-26 11:30:00,0.4537
2024-02-26 11:40:00,0.6386
2024-02-26 11:50:00,0.4304
2024-02-26 12:00:00,0.1381
2024-02-26 12:10:00,0.4131
2024-02-26 12:20:00,0.2026
2024-02-26 12:30:00,0.3451
2024-02-26 12:40:00,0.2999
2024-02-26 12:50:00,0.2714
2024-02-26 13:00:00,0.4401
2024-02-26 13:10:00,0.2353
2024-02-26 13:20:00,0.5467
2024-02-26 13:30:00,0.2455
2024-02-26 13:40:00,0.4605
2024-02-26 13:50:00,0.3783
2024-02-26 14:00:00,0.4658
2024-02-26 14:10:00,0.3059
2024-02-26 14:20:00,0.43
2024-02-26 14:30:00,0.4032
2024-02-26 14:40:00,0.2222
2024-02-26 14:50:00,0.2083
2024-02-26 15:00:00,0.3941
2024-02-26 15:10:00,0.3779
2024-02-26 15:20:00,0.2447
2024-02-26 15:30:00,0.3998
2024-02-26 15:40:00,0.2326
2024-02-26 15:50:00,0.4031
2024-02-26 16:00:00,0.2386
2024-02-26 16:10:00,0.2262
2024-02-26 16:20:00,0.3138
2024-02-26 16:30:00,0.2979
2024-02-26 16:40:00,0.2525
2024-02-26 16:50:00,0.4034
2024-02-26 17:00:00,0.4256
2024-02-26 17:10:00,0.2064
2024-02-26 17:20:00,0.2409
2024-02-26 17:30:00,0.5231
2024-02-26 17:40:00,0.2716
2024-02-26 17:50:00,0.4601
2024-02-26 18:00:00,0.2313
2024-02-26 18:10:00,0.2251
2024-02-26 18:20:00,0.2326
2024-02-26 18:30:00,0.2557
2024-02-26 18:40:00,0.4201
2024-02-26 18:50:00,0.2288
2024-02-26 19:00:00,0.3037
2024-02-26 19:10:00,0.1806
2024-02-26 19:20:00,0.2903
2024-02-26 19:30:00,0.183
2024-02-26 19:40:00,0.2661
2024-02-26 19:50:00,0.2118
2024-02-26 20:00:00,0.3517
2024-02-26 20:10:00,0.2864
2024-02-26 20:20:00,0.3552
2024-02-26 20:30:00,0.5321
2024-02-26 20:40:00,0.2802
2024-02-26 20:50:00,0.2975
2024-02-26 21:00:00,0.3684
2024-02-26 21:10:00,0.4902
2024-02-26 21:20:00,0.3048
2024-02-26 21:30:00,0.05
2024-02-26 21:40:00,0.168
2024-02-26 21:50:00,0.05
2024-02-26 22:00:00,0.3973
2024-02-26 22:10:00,0.1953
2024-02-26 22:20:00,0.2112
2024-02-26 22:30:00,0.1746
2024-02-26 22:40:00,0.3692
2024-02-26 22:50:00,0.324
2024-02-26 23:00:00,0.1615
2024-02-26 23:10:00,0.2997
2024-02-26 23:20:00,0.1806
2024-02-26 23:30:00,0.4043
2024-02-26 23:40:00,0.3684
2024-02-26 23:50:00,0.3991
2024-02-27 00:00:00,0.2518
2024-02-27 00:10:00,0.2232
2024-02-27 00:20:00,0.335
2024-02-27 00:30:00,0.1676
2024-02-27 00:40:00,0.2324
2024-02-27 00:50:00,0.2078
2024-02-27 01:00:00,0.1634
2024-02-27 01:10:00,0.05
2024-02-27 01:20:00,0.05
2024-02-27 01:30:00,0.3744
2024-02-27 01:40:00,0.1409
2024-02-27 01:50:00,0.0633
2024-02-27 02:00:00,0.0758
2024-02-27 02:10:00,0.05
2024-02-27 02:20:00,0.05
2024-02-27 02:30:00,0.1705
2024-02-27 02:40:00,0.2557
2024-02-27 02:50:00,0.0698
2024-02-27 03:00:00,0.3384
2024-02-27 03:10:00,0.4689
2024-02-27 03:20:00,0.4753
2024-02-27 03:30:00,0.3615
2024-02-27 03:40:00,0.6247
2024-02-27 03:50:00,0.8618
2024-02-27 04:00:00,1.0029
2024-02-27 04:10:00,1.4071
2024-02-27 04:20:00,1.6895
2024-02-27 04:30:00,1.8465
2024-02-27 04:40:00,2.1332
2024-02-27 04:50:00,2.0616
2024-02-27 05:00:00,2.4803
2024-02-27 05:10:00,2.6662
2024-02-27 05:20:00,2.7416
2024-02-27 05:30:00,3.1046
2024-02-27 05:40:00,2.9185
2024-02-27 05:50:00,3.0036
2024-02-27 06:00:00,3.0536
2024-02-27 06:10:00,3.3224
2024-02-27 06:20:00,3.509
2024-02-27 06:30:00,3.3604
2024-02-27 06:40:00,3.3661
2024-02-27 06:50:00,3.3912
2024-02-27 07:00:00,3.2065
2024-02-27 07:10:00,3.316
2024-02-27 07:20:00,3.5626
2024-02-27 07:30:00,2.9981
2024-02-27 07:40:00,3.0999
2024-02-27 07:50:00,2.9667
2024-02-27 08:00:00,2.708
2024-02-27 08:10:00,2.6065
2024-02-27 08:20:00,2.4309
2024-02-27 08:30:00,2.1413
2024-02-27 08:40:00,1.9973
2024-02-27 08:50:00,1.9398
2024-02-27 09:00:00,1.6912
2024-02-27 09:10:00,1.3143
2024-02-27 09:20:00,1.3003
2024-02-27 09:30:00,0.9978
2024-02-27 09:40:00,0.8913
2024-02-27 09:50:00,1.1248
2024-02-27 10:00:00,0.9269
2024-02-27 10:10:00,0.7765
2024-02-27 10:20:00,0.4537
2024-02-27 10:30:00,0.5222
2024-02-27 10:40:00,0.4006
2024-02-27 10:50:00,0.5715
2024-02-27 11:00:00,0.3836
2024-02-27 11:10:00,0.3724
2024-02-27 11:20:00,0.5767
2024-02-27 11:30:00,0.3087
2024-02-27 11:40:00,0.0889
2024-02-27 11:50:00,0.388
2024-02-27 12:00:00,0.4227
2024-02-27 12:10:00,0.4293
2024-02-27 12:20:00,0.3772
2024-02-27 12:30:00,0.49
2024-02-27 12:40:00,0.4252
2024-02-27 12:50:00,0.3976
2024-02-27 13:00:00,0.2707
2024-02-27 13:10:00,0.05
2024-02-27 13:20:00,0.2927
2024-02-27 13:30:00,0.6273
2024-02-27 13:40:00,0.2958
2024-02-27 13:50:00,0.373
2024-02-27 14:00:00,0.2363
2024-02-27 14:10:00,0.4376
2024-02-27 14:20:00,0.3151
2024-02-27 14:30:00,0.4193
2024-02-27 14:40:00,0.4003
2024-02-27 14:50:00,0.2927
2024-02-27 15:00:00,0.4012
2024-02-27 15:10:00,0.4372
2024-02-27 15:20:00,0.0617
2024-02-27 15:30:00,0.3161
2024-02-27 15:40:00,0.472
2024-02-27 15:50:00,0.3109
2024-02-27 16:00:00,0.6913
2024-02-27 16:10:00,0.2231
2024-02-27 16:20:00,0.4073
2024-02-27 16:30:00,0.3192
2024-02-27 16:40:00,0.11
2024-02-27 16:50:00,0.4074
2024-02-27 17:00:00,0.3782
2024-02-27 17:10:00,0.3046
2024-02-27 17:20:00,0.4805
2024-02-27 17:30:00,0.1349
2024-02-27 17:40:00,0.2521
2024-02-27 17:50:00,0.2617
2024-02-27 18:00:00,0.3152
2024-02-27 18:10:00,0.4642
2024-02-27 18:20:00,0.3583
2024-02-27 18:30:00,0.522
2024-02-27 18:40:00,0.1398
2024-02-27 18:50:00,0.183
2024-02-27 19:00:00,0.0904
2024-02-27 19:10:00,0.4553
2024-02-27 19:20:00,0.05
2024-02-27 19:30:00,0.1534
2024-02-27 19:40:00,0.3068
2024-02-27 19:50:00,0.05
2024-02-27 20:00:00,0.3448
2024-02-27 20:10:00,0.4817
2024-02-27 20:20:00,0.2628
2024-02-27 20:30:00,0.3899
2024-02-27 20:40:00,0.5576
2024-02-27 20:50:00,0.376
2024-02-27 21:00:00,0.4788
2024-02-27 21:10:00,0.2639
2024-02-27 21:20:00,0.2709
2024-02-27 21:30:00,0.3779
2024-02-27 21:40:00,0.3827
2024-02-27 21:50:00,0.4107
2024-02-27 22:00:00,0.4578
2024-02-27 22:10:00,0.4665
2024-02-27 22:20:00,0.5343
2024-02-27 22:30:00,0.5621
2024-02-27 22:40:00,0.2943
2024-02-27 22:50:00,0.3498
2024-02-27 23:00:00,0.3645
2024-02-27 23:10:00,0.4585
2024-02-27 23:20:00,0.3329
2024-02-27 23:30:00,0.2182
2024-02-27 23:40:00,0.3784
2024-02-27 23:50:00,0.6163
2024-02-28 00:00:00,0.1028
2024-02-28 00:10:00,0.2564
2024-02-28 00:20:00,0.3125
2024-02-28 00:30:00,0.105
2024-02-28 00:40:00,0.3704
2024-02-28 00:50:00,0.0658
2024-02-28 01:00:00,0.2114
2024-02-28 01:10:00,0.0562
2024-02-28 01:20:00,0.1851
2024-02-28 01:30:00,0.0758
2024-02-28 01:40:00,0.05
2024-02-28 01:50:00,0.2344
2024-02-28 02:00:00,0.2265
2024-02-28 02:10:00,0.0507
2024-02-28 02:20:00,0.3334
2024-02-28 02:30:00,0.114
2024-02-28 02:40:00,0.2711
2024-02-28 02:50:00,0.0967
2024-02-28 03:00:00,0.1824
2024-02-28 03:10:00,0.2582
2024-02-28 03:20:00,0.5141
2024-02-28 03:30:00,0.5108
2024-02-28 03:40:00,0.7464
2024-02-28 03:50:00,0.7461
2024-02-28 04:00:00,1.1008
2024-02-28 04:10:00,1.3808
2024-02-28 04:20:00,1.3299
2024-02-28 04:30:00,1.9762
2024-02-28 04:40:00,1.8788
2024-02-28 04:50:00,2.2321
2024-02-28 05:00:00,2.0919
2024-02-28 05:10:00,2.6076
2024-02-28 05:20:00,2.7451
2024-02-28 05:30:00,3.0823
2024-02-28 05:40:00,3.1244
2024-02-28 05:50:00,3.172
2024-02-28 06:00:00,3.4632
2024-02-28 06:10:00,3.4001
2024-02-28 06:20:00,3.4907
2024-02-28 06:30:00,3.4438
2024-02-28 06:40:00,3.4944
2024-02-28 06:50:00,3.4578
2024-02-28 07:00:00,3.4928
2024-02-28 07:10:00,3.1449
2024-02-28 07:20:00,3.3202
2024-02-28 07:30:00,3.0728
2024-02-28 07:40:00,3.0875
2024-02-28 07:50:00,2.6091
2024-02-28 08:00:00,2.6482
2024-02-28 08:10:00,2.5602
2024-02-28 08:20:00,2.3429
2024-02-28 08:30:00,1.9676
2024-02-28 08:40:00,2.0069
2024-02-28 08:50:00,1.7473
2024-02-28 09:00:00,1.5056
2024-02-28 09:10:00,1.5147
2024-02-28 09:20:00,0.9084
2024-02-28 09:30:00,0.9997
2024-02-28 09:40:00,1.117
2024-02-28 09:50:00,0.7061
2024-02-28 10:00:00,0.6259
2024-02-28 10:10:00,0.7491
2024-02-28 10:20:00,0.5622
2024-02-28 10:30:00,0.5405
2024-02-28 10:40:00,0.4941
2024-02-28 10:50:00,0.574
2024-02-28 11:00:00,0.4098
2024-02-28 11:10:00,0.4237
2024-02-28 11:20:00,0.4956
2024-02-28 11:30:00,0.527
2024-02-28 11:40:00,0.3882
2024-02-28 11:50:00,0.1881
2024-02-28 12:00:00,0.5347
2024-02-28 12:10:00,0.242
2024-02-28 12:20:00,0.4865
2024-02-28 12:30:00,0.2266
2024-02-28 12:40:00,0.601
2024-02-28 12:50:00,0.3903
2024-02-28 13:00:00,0.4917
2024-02-28 13:10:00,0.2773
2024-02-28 13:20:00,0.3384
2024-02-28 13:30:00,0.4588
2024-02-28 13:40:00,0.5439
2024-02-28 13:50:00,0.2785
2024-02-28 14:00:00,0.3586
2024-02-28 14:10:00,0.2031
2024-02-28 14:20:00,0.4479
2024-02-28 14:30:00,0.353
2024-02-28 14:40:00,0.3433
2024-02-28 14:50:00,0.0846
2024-02-28 15:00:00,0.4143
2024-02-28 15:10:00,0.2369
2024-02-28 15:20:00,0.1758
2024-02-28 15:30:00,0.3152
2024-02-28 15:40:00,0.3922
2024-02-28 15:50:00,0.2473
2024-02-28 16:00:00,0.3196
2024-02-28 16:10:00,0.2111
2024-02-28 16:20:00,0.3624
2024-02-28 16:30:00,0.3048
2024-02-28 16:40:00,0.2441
2024-02-28 16:50:00,0.2602
2024-02-28 17:00:00,0.5787
2024-02-28 17:10:00,0.2535
2024-02-28 17:20:00,0.4614
2024-02-28 17:30:00,0.5024
2024-02-28 17:40:00,0.419
2024-02-28 17:50:00,0.3623
2024-02-28 18:00:00,0.2126
2024-02-28 18:10:00,0.2664
2024-02-28 18:20:00,0.3911
2024-02-28 18:30:00,0.0899
2024-02-28 18:40:00,0.4216
2024-02-28 18:50:00,0.468
2024-02-28 19:00:00,0.4578
2024-02-28 19:10:00,0.3482
2024-02-28 19:20:00,0.2352
2024-02-28 19:30:00,0.4063
2024-02-28 19:40:00,0.2079
2024-02-28 19:50:00,0.4405
2024-02-28 20:00:00,0.3506
2024-02-28 20:10:00,0.2455
2024-02-28 20:20:00,0.499
2024-02-28 20:30:00,0.4095
2024-02-28 20:40:00,0.3994
2024-02-28 20:50:00,0.3805
2024-02-28 21:00:00,0.321
2024-02-28 21:10:00,0.3335
2024-02-28 21:20:00,0.3529
2024-02-28 21:30:00,0.1526
2024-02-28 21:40:00,0.2743
2024-02-28 21:50:00,0.3102
2024-02-28 22:00:00,0.254
2024-02-28 22:10:00,0.4076
2024-02-28 22:20:00,0.522
2024-02-28 22:30:00,0.29
2024-02-28 22:40:00,0.3679
2024-02-28 22:50:00,0.3327
2024-02-28 23:00:00,0.3661
2024-02-28 23:10:00,0.3663
2024-02-28 23:20:00,0.4098
2024-02-28 23:30:00,0.4262
2024-02-28 23:40:00,0.5115
2024-02-28 23:50:00,0.3815
2024-02-29 00:00:00,0.1016
2024-02-29 00:10:00,0.5093
2024-02-29 00:20:00,0.5721
2024-02-29 00:30:00,0.4265
2024-02-29 00:40:00,0.1998
2024-02-29 00:50:00,0.2249
2024-02-29 01:00:00,0.2226
2024-02-29 01:10:00,0.319
2024-02-29 01:20:00,0.2454
2024-02-29 01:30:00,0.088
2024-02-29 01:40:00,0.2218
2024-02-29 01:50:00,0.1556
2024-02-29 02:00:00,0.1305
2024-02-29 02:10:00,0.1658
2024-02-29 02:20:00,0.1509
2024-02-29 02:30:00,0.0529
2024-02-29 02:40:00,0.052
2024-02-29 02:50:00,0.1745
2024-02-29 03:00:00,0.3868
2024-02-29 03:10:00,0.4438
2024-02-29 03:20:00,0.6071
2024-02-29 03:30:00,0.5624
2024-02-29 03:40:00,0.6778
2024-02-29 03:50:00,0.9576
2024-02-29 04:00:00,1.1841
2024-02-29 04:10:00,1.2793
2024-02-29 04:20:00,1.4625
2024-02-29 04:30:00,1.768
2024-02-29 04:40:00,1.762
2024-02-29 04:50:00,1.9666
2024-02-29 05:00:00,2.3708
2024-02-29 05:10:00,2.6742
2024-02-29 05:20:00,2.6029
2024-02-29 05:30:00,2.9387
2024-02-29 05:40:00,2.9634
2024-02-29 05:50:00,3.0799
2024-02-29 06:00:00,3.2638
2024-02-29 06:10:00,3.5284
2024-02-29 06:20:00,3.5519
2024-02-29 06:30:00,3.1963
2024-02-29 06:40:00,3.1856
2024-02-29 06:50:00,3.555
2024-02-29 07:00:00,3.6753
2024-02-29 07:10:00,3.2896
2024-02-29 07:20:00,3.2152
2024-02-29 07:30:00,3.2669
2024-02-29 07:40:00,3.0808
2024-02-29 07:50:00,3.0143
2024-02-29 08:00:00,2.7548
2024-02-29 08:10:00,2.6614
2024-02-29 08:20:00,2.3694
2024-02-29 08:30:00,2.2179
2024-02-29 08:40:00,1.8578
2024-02-29 08:50:00,1.9853
2024-02-29 09:00:00,1.7259
2024-02-29 09:10:00,1.3569
2024-02-29 09:20:00,1.2289
2024-02-29 09:30:00,1.0919
2024-02-29 09:40:00,0.9143
2024-02-29 09:50:00,0.6585
2024-02-29 10:00:00,0.7543
2024-02-29 10:10:00,0.4506
2024-02-29 10:20:00,0.6918
2024-02-29 10:30:00,0.6689
2024-02-29 10:40:00,0.4561
2024-02-29 10:50:00,0.4074
2024-02-29 11:00:00,0.2021
2024-02-29 11:10:00,0.3296
2024-02-29 11:20:00,0.1628
2024-02-29 11:30:00,0.4246
2024-02-29 11:40:00,0.246
2024-02-29 11:50:00,0.3082
2024-02-29 12:00:00,0.2017
2024-02-29 12:10:00,0.3785
2024-02-29 12:20:00,0.3353
2024-02-29 12:30:00,0.0881
2024-02-29 12:40:00,0.05
2024-02-29 12:50:00,0.2852
2024-02-29 13:00:00,0.3655
2024-02-29 13:10:00,0.312
2024-02-29 13:20:00,0.3747
2024-02-29 13:30:00,0.5359
2024-02-29 13:40:00,0.2871
2024-02-29 13:50:00,0.4967
2024-02-29 14:00:00,0.2548
2024-02-29 14:10:00,0.2755
2024-02-29 14:20:00,0.276
2024-02-29 14:30:00,0.1951
2024-02-29 14:40:00,0.4384
2024-02-29 14:50:00,0.4514
2024-02-29 15:00:00,0.0556
2024-02-29 15:10:00,0.2041
2024-02-29 15:20:00,0.4892
2024-02-29 15:30:00,0.2677
2024-02-29 15:40:00,0.3496
2024-02-29 15:50:00,0.269
2024-02-29 16:00:00,0.1866
2024-02-29 16:10:00,0.3185
2024-02-29 16:20:00,0.0993
2024-02-29 16:30:00,0.2612
2024-02-29 16:40:00,0.4486
2024-02-29 16:50:00,0.3115
2024-02-29 17:00:00,0.245
2024-02-29 17:10:00,0.2068
2024-02-29 17:20:00,0.3787
2024-02-29 17:30:00,0.4773
2024-02-29 17:40:00,0.4137
2024-02-29 17:50:00,0.3234
2024-02-29 18:00:00,0.3192
2024-02-29 18:10:00,0.2872
2024-02-29 18:20:00,0.091
2024-02-29 18:30:00,0.2397
2024-02-29 18:40:00,0.218
2024-02-29 18:50:00,0.2375
2024-02-29 19:00:00,0.406
2024-02-29 19:10:00,0.344
2024-02-29 19:20:00,0.2099
2024-02-29 19:30:00,0.4474
2024-02-29 19:40:00,0.5586
2024-02-29 19:50:00,0.4086
2024-02-29 20:00:00,0.6638
2024-02-29 20:10:00,0.3327
2024-02-29 20:20:00,0.5444
2024-02-29 20:30:00,0.4199
2024-02-29 20:40:00,0.5433
2024-02-29 20:50:00,0.2632
2024-02-29 21:00:00,0.279
2024-02-29 21:10:00,0.4081
2024-02-29 21:20:00,0.2028
2024-02-29 21:30:00,0.1336
2024-02-29 21:40:00,0.0725
2024-02-29 21:50:00,0.3134
2024-02-29 22:00:00,0.5056
2024-02-29 22:10:00,0.3906
2024-02-29 22:20:00,0.1983
2024-02-29 22:30:00,0.2576
2024-02-29 22:40:00,0.3069
2024-02-29 22:50:00,0.0929
2024-02-29 23:00:00,0.3605
2024-02-29 23:10:00,0.308
2024-02-29 23:20:00,0.3713
2024-02-29 23:30:00,0.2785
2024-02-29 23:40:00,0.2639
2024-02-29 23:50:00,0.0942
2024-03-01 00:00:00,0.3896
2024-03-01 00:10:00,0.2613
2024-03-01 00:20:00,0.3197
2024-03-01 00:30:00,0.0704
2024-03-01 00:40:00,0.3124
2024-03-01 00:50:00,0.2523
2024-03-01 01:00:00,0.0861
2024-03-01 01:10:00,0.3034
2024-03-01 01:20:00,0.05
2024-03-01 01:30:00,0.222
2024-03-01 01:40:00,0.1574
2024-03-01 01:50:00,0.0865
2024-03-01 02:00:00,0.1885
2024-03-01 02:10:00,0.2179
2024-03-01 02:20:00,0.1599
2024-03-01 02:30:00,0.2333
2024-03-01 02:40:00,0.05
2024-03-01 02:50:00,0.1588
2024-03-01 03:00:00,0.232
2024-03-01 03:10:00,0.2348
2024-03-01 03:20:00,0.551
2024-03-01 03:30:00,0.5876
2024-03-01 03:40:00,0.6775
2024-03-01 03:50:00,0.9317
2024-03-01 04:00:00,1.2796
2024-03-01 04:10:00,1.5626
2024-03-01 04:20:00,1.6862
2024-03-01 04:30:00,1.6137
2024-03-01 04:40:00,1.842
2024-03-01 04:50:00,2.1535
2024-03-01 05:00:00,2.4314
2024-03-01 05:10:00,2.6846
2024-03-01 05:20:00,2.7946
2024-03-01 05:30:00,2.9495
2024-03-01 05:40:00,3.1706
2024-03-01 05:50:00,3.1332
2024-03-01 06:00:00,3.3983
2024-03-01 06:10:00,3.3716
2024-03-01 06:20:00,3.541
2024-03-01 06:30:00,3.23
2024-03-01 06:40:00,3.431
2024-03-01 06:50:00,3.4643
2024-03-01 07:00:00,3.5888
2024-03-01 07:10:00,3.4818
2024-03-01 07:20:00,3.2011
2024-03-01 07:30:00,3.2903
2024-03-01 07:40:00,3.1503
2024-03-01 07:50:00,2.976
2024-03-01 08:00:00,2.6735
2024-03-01 08:10:00,2.6621
2024-03-01 08:20:00,2.5135
2024-03-01 08:30:00,2.2748
2024-03-01 08:40:00,1.918
2024-03-01 08:50:00,1.8905
2024-03-01 09:00:00,1.7721
2024-03-01 09:10:00,1.4838
2024-03-01 09:20:00,1.3679
2024-03-01 09:30:00,1.3343
2024-03-01 09:40:00,1.0767
2024-03-01 09:50:00,0.7411
2024-03-01 10:00:00,0.747
2024-03-01 10:10:00,0.5958
2024-03-01 10:20:00,0.5873
2024-03-01 10:30:00,0.7267
2024-03-01 10:40:00,0.4028
2024-03-01 10:50:00,0.2567
2024-03-01 11:00:00,0.3772
2024-03-01 11:10:00,0.2584
2024-03-01 11:20:00,0.3393
2024-03-01 11:30:00,0.3284
2024-03-01 11:40:00,0.421
2024-03-01 11:50:00,0.213
2024-03-01 12:00:00,0.466
2024-03-01 12:10:00,0.1777
2024-03-01 12:20:00,0.18
2024-03-01 12:30:00,0.2957
2024-03-01 12:40:00,0.4325
2024-03-01 12:50:00,0.0823
2024-03-01 13:00:00,0.3589
2024-03-01 13:10:00,0.3235
2024-03-01 13:20:00,0.2493
2024-03-01 13:30:00,0.2478
2024-03-01 13:40:00,0.284
2024-03-01 13:50:00,0.4905
2024-03-01 14:00:00,0.5778
2024-03-01 14:10:00,0.2594
2024-03-01 14:20:00,0.3038
2024-03-01 14:30:00,0.3045
2024-03-01 14:40:00,0.3867
2024-03-01 14:50:00,0.5429
2024-03-01 15:00:00,0.2688
2024-03-01 15:10:00,0.3813
2024-03-01 15:20:00,0.3199
2024-03-01 15:30:00,0.1445
2024-03-01 15:40:00,0.458
2024-03-01 15:50:00,0.4124
2024-03-01 16:00:00,0.4775
2024-03-01 16:10:00,0.1801
2024-03-01 16:20:00,0.3805
2024-03-01 16:30:00,0.4405
2024-03-01 16:40:00,0.3852
2024-03-01 16:50:00,0.4071
2024-03-01 17:00:00,0.5062
2024-03-01 17:10:00,0.1813
2024-03-01 17:20:00,0.4492
2024-03-01 17:30:00,0.3229
2024-03-01 17:40:00,0.1292
2024-03-01 17:50:00,0.05
2024-03-01 18:00:00,0.2471
2024-03-01 18:10:00,0.4667
2024-03-01 18:20:00,0.3395
2024-03-01 18:30:00,0.3115
2024-03-01 18:40:00,0.401
2024-03-01 18:50:00,0.3458
2024-03-01 19:00:00,0.2313
2024-03-01 19:10:00,0.4564
2024-03-01 19:20:00,0.1007
2024-03-01 19:30:00,0.498
2024-03-01 19:40:00,0.1156
2024-03-01 19:50:00,0.2803
2024-03-01 20:00:00,0.1573
2024-03-01 20:10:00,0.2338
2024-03-01 20:20:00,0.1893
2024-03-01 20:30:00,0.4358
2024-03-01 20:40:00,0.3011
2024-03-01 20:50:00,0.361
2024-03-01 21:00:00,0.1622
2024-03-01 21:10:00,0.2499
2024-03-01 21:20:00,0.4475
2024-03-01 21:30:00,0.3674
2024-03-01 21:40:00,0.1815
2024-03-01 21:50:00,0.2776
2024-03-01 22:00:00,0.3527
2024-03-01 22:10:00,0.5741
2024-03-01 22:20:00,0.4739
2024-03-01 22:30:00,0.6084
2024-03-01 22:40:00,0.3928
2024-03-01 22:50:00,0.2866
2024-03-01 23:00:00,0.4255
2024-03-01 23:10:00,0.5796
2024-03-01 23:20:00,0.1988
2024-03-01 23:30:00,0.0999
2024-03-01 23:40:00,0.0576
2024-03-01 23:50:00,0.548
2024-03-02 00:00:00,0.3312
2024-03-02 00:10:00,0.2426
2024-03-02 00:20:00,0.1167
2024-03-02 00:30:00,0.2658
2024-03-02 00:40:00,0.2108
2024-03-02 00:50:00,0.1313
2024-03-02 01:00:00,0.05
2024-03-02 01:10:00,0.05
2024-03-02 01:20:00,0.2033
2024-03-02 01:30:00,0.0605
2024-03-02 01:40:00,0.2672
2024-03-02 01:50:00,0.2067
2024-03-02 02:00:00,0.05
2024-03-02 02:10:00,0.05
2024-03-02 02:20:00,0.2073
2024-03-02 02:30:00,0.2299
2024-03-02 02:40:00,0.1358
2024-03-02 02:50:00,0.05
2024-03-02 03:00:00,0.1768
2024-03-02 03:10:00,0.1644
2024-03-02 03:20:00,0.5653
2024-03-02 03:30:00,0.4941
2024-03-02 03:40:00,0.5653
2024-03-02 03:50:00,0.6492
2024-03-02 04:00:00,0.6044
2024-03-02 04:10:00,0.9866
2024-03-02 04:20:00,1.2114
2024-03-02 04:30:00,1.2685
2024-03-02 04:40:00,1.6635
2024-03-02 04:50:00,1.5821
2024-03-02 05:00:00,1.9282
2024-03-02 05:10:00,2.1393
2024-03-02 05:20:00,2.1868
2024-03-02 05:30:00,2.2151
2024-03-02 05:40:00,2.452
2024-03-02 05:50:00,2.4304
2024-03-02 06:00:00,2.6336
2024-03-02 06:10:00,2.7463
2024-03-02 06:20:00,2.742
2024-03-02 06:30:00,2.6725
2024-03-02 06:40:00,2.7032
2024-03-02 06:50:00,2.9633
2024-03-02 07:00:00,2.9316
2024-03-02 07:10:00,2.6441
2024-03-02 07:20:00,2.5343
2024-03-02 07:30:00,2.5159
2024-03-02 07:40:00,2.2746
2024-03-02 07:50:00,2.2322
2024-03-02 08:00:00,2.3064
2024-03-02 08:10:00,2.2013
2024-03-02 08:20:00,2.0604
2024-03-02 08:30:00,1.5729
2024-03-02 08:40:00,1.6461
2024-03-02 08:50:00,1.4871
2024-03-02 09:00:00,1.2171
2024-03-02 09:10:00,1.2983
2024-03-02 09:20:00,1.2917
2024-03-02 09:30:00,0.8453
2024-03-02 09:40:00,0.9649
2024-03-02 09:50:00,0.5221
2024-03-02 10:00:00,0.5564
2024-03-02 10:10:00,0.5302
2024-03-02 10:20:00,0.668
2024-03-02 10:30:00,0.2251
2024-03-02 10:40:00,0.5883
2024-03-02 10:50:00,0.1356
2024-03-02 11:00:00,0.4397
2024-03-02 11:10:00,0.3172
2024-03-02 11:20:00,0.4377
2024-03-02 11:30:00,0.2923
2024-03-02 11:40:00,0.3028
2024-03-02 11:50:00,0.1531
2024-03-02 12:00:00,0.4484
2024-03-02 12:10:00,0.2284
2024-03-02 12:20:00,0.4706
2024-03-02 12:30:00,0.2558
2024-03-02 12:40:00,0.3693
2024-03-02 12:50:00,0.0759
2024-03-02 13:00:00,0.2177
2024-03-02 13:10:00,0.198
2024-03-02 13:20:00,0.2601
2024-03-02 13:30:00,0.063
2024-03-02 13:40:00,0.2874
2024-03-02 13:50:00,0.3907
2024-03-02 14:00:00,0.4036
2024-03-02 14:10:00,0.3484
2024-03-02 14:20:00,0.1585
2024-03-02 14:30:00,0.4339
2024-03-02 14:40:00,0.1858
2024-03-02 14:50:00,0.3922
2024-03-02 15:00:00,0.232
2024-03-02 15:10:00,0.5455
2024-03-02 15:20:00,0.2435
2024-03-02 15:30:00,0.2536
2024-03-02 15:40:00,0.2155
2024-03-02 15:50:00,0.2004
2024-03-02 16:00:00,0.2201
2024-03-02 16:10:00,0.2381
2024-03-02 16:20:00,0.2941
2024-03-02 16:30:00,0.1123
2024-03-02 16:40:00,0.6065
2024-03-02 16:50:00,0.3757
2024-03-02 17:00:00,0.2636
2024-03-02 17:10:00,0.0859
2024-03-02 17:20:00,0.0969
2024-03-02 17:30:00,0.4115
2024-03-02 17:40:00,0.3108
2024-03-02 17:50:00,0.055
2024-03-02 18:00:00,0.1974
2024-03-02 18:10:00,0.1129
2024-03-02 18:20:00,0.4061
2024-03-02 18:30:00,0.3989
2024-03-02 18:40:00,0.2731
2024-03-02 18:50:00,0.2551
2024-03-02 19:00:00,0.4037
2024-03-02 19:10:00,0.4494
2024-03-02 19:20:00,0.2226
2024-03-02 19:30:00,0.3324
2024-03-02 19:40:00,0.2829
2024-03-02 19:50:00,0.1668
2024-03-02 20:00:00,0.193
2024-03-02 20:10:00,0.1516
2024-03-02 20:20:00,0.2859
2024-03-02 20:30:00,0.2524
2024-03-02 20:40:00,0.2976
2024-03-02 20:50:00,0.4142
2024-03-02 21:00:00,0.2485
2024-03-02 21:10:00,0.4385
2024-03-02 21:20:00,0.2203
2024-03-02 21:30:00,0.2506
2024-03-02 21:40:00,0.3013
2024-03-02 21:50:00,0.3868
2024-03-02 22:00:00,0.2841
2024-03-02 22:10:00,0.2439
2024-03-02 22:20:00,0.3813
2024-03-02 22:30:00,0.1398
2024-03-02 22:40:00,0.3507
2024-03-02 22:50:00,0.3398
2024-03-02 23:00:00,0.3526
2024-03-02 23:10:00,0.3784
2024-03-02 23:20:00,0.308
2024-03-02 23:30:00,0.6058
2024-03-02 23:40:00,0.307
2024-03-02 23:50:00,0.168
2024-03-03 00:00:00,0.2123
2024-03-03 00:10:00,0.1362
2024-03-03 00:20:00,0.1284
2024-03-03 00:30:00,0.1193
2024-03-03 00:40:00,0.2588
2024-03-03 00:50:00,0.05
2024-03-03 01:00:00,0.05
2024-03-03 01:10:00,0.05
2024-03-03 01:20:00,0.0717
2024-03-03 01:30:00,0.05
2024-03-03 01:40:00,0.05
2024-03-03 01:50:00,0.2454
2024-03-03 02:00:00,0.1068
2024-03-03 02:10:00,0.05
2024-03-03 02:20:00,0.1202
2024-03-03 02:30:00,0.2444
2024-03-03 02:40:00,0.109
2024-03-03 02:50:00,0.0718
2024-03-03 03:00:00,0.2011
2024-03-03 03:10:00,0.0876
2024-03-03 03:20:00,0.2297
2024-03-03 03:30:00,0.39
2024-03-03 03:40:00,0.511
2024-03-03 03:50:00,0.6888
2024-03-03 04:00:00,0.7481
2024-03-03 04:10:00,1.1373
2024-03-03 04:20:00,1.2418
2024-03-03 04:30:00,1.344
2024-03-03 04:40:00,1.5628
2024-03-03 04:50:00,1.6825
2024-03-03 05:00:00,1.7175
2024-03-03 05:10:00,1.9976
2024-03-03 05:20:00,2.0397
2024-03-03 05:30:00,2.2858
2024-03-03 05:40:00,2.4461
2024-03-03 05:50:00,2.4389
2024-03-03 06:00:00,2.6792
2024-03-03 06:10:00,2.8317
2024-03-03 06:20:00,3.0013
2024-03-03 06:30:00,2.8615
2024-03-03 06:40:00,2.9305
2024-03-03 06:50:00,2.7432
2024-03-03 07:00:00,2.5792
2024-03-03 07:10:00,2.5269
2024-03-03 07:20:00,2.5868
2024-03-03 07:30:00,2.516
2024-03-03 07:40:00,2.5614
2024-03-03 07:50:00,2.2603
2024-03-03 08:00:00,2.2074
2024-03-03 08:10:00,2.0674
2024-03-03 08:20:00,1.7382
2024-03-03 08:30:00,1.8145
2024-03-03 08:40:00,1.4863
2024-03-03 08:50:00,1.3532
2024-03-03 09:00:00,1.2934
2024-03-03 09:10:00,1.0574
2024-03-03 09:20:00,1.1373
2024-03-03 09:30:00,1.0035
2024-03-03 09:40:00,0.7212
2024-03-03 09:50:00,0.7028
2024-03-03 10:00:00,0.8049
2024-03-03 10:10:00,0.384
2024-03-03 10:20:00,0.4557
2024-03-03 10:30:00,0.2479
2024-03-03 10:40:00,0.3997
2024-03-03 10:50:00,0.0632
2024-03-03 11:00:00,0.3364
2024-03-03 11:10:00,0.3878
2024-03-03 11:20:00,0.2451
2024-03-03 11:30:00,0.2921
2024-03-03 11:40:00,0.1289
2024-03-03 11:50:00,0.2899
2024-03-03 12:00:00,0.3833
2024-03-03 12:10:00,0.4217
2024-03-03 12:20:00,0.2045
2024-03-03 12:30:00,0.1371
2024-03-03 12:40:00,0.0711
2024-03-03 12:50:00,0.4197
2024-03-03 13:00:00,0.1848
2024-03-03 13:10:00,0.191
2024-03-03 13:20:00,0.05
2024-03-03 13:30:00,0.2196
2024-03-03 13:40:00,0.6232
2024-03-03 13:50:00,0.5078
2024-03-03 14:00:00,0.2676
2024-03-03 14:10:00,0.4379
2024-03-03 14:20:00,0.1748
2024-03-03 14:30:00,0.4601
2024-03-03 14:40:00,0.2893
2024-03-03 14:50:00,0.3505
2024-03-03 15:00:00,0.1911
2024-03-03 15:10:00,0.3287
2024-03-03 15:20:00,0.6593
2024-03-03 15:30:00,0.3962
2024-03-03 15:40:00,0.1897
2024-03-03 15:50:00,0.05
2024-03-03 16:00:00,0.1701
2024-03-03 16:10:00,0.2738
2024-03-03 16:20:00,0.1869
2024-03-03 16:30:00,0.2779
2024-03-03 16:40:00,0.2377
2024-03-03 16:50:00,0.3944
2024-03-03 17:00:00,0.05
2024-03-03 17:10:00,0.2467
2024-03-03 17:20:00,0.3146
2024-03-03 17:30:00,0.05
2024-03-03 17:40:00,0.1279
2024-03-03 17:50:00,0.416
2024-03-03 18:00:00,0.2522
2024-03-03 18:10:00,0.3222
2024-03-03 18:20:00,0.1527
2024-03-03 18:30:00,0.1105
2024-03-03 18:40:00,0.2587
2024-03-03 18:50:00,0.446
2024-03-03 19:00:00,0.2051
2024-03-03 19:10:00,0.2537
2024-03-03 19:20:00,0.311
2024-03-03 19:30:00,0.3816
2024-03-03 19:40:00,0.3553
2024-03-03 19:50:00,0.385
2024-03-03 20:00:00,0.0888
2024-03-03 20:10:00,0.2776
2024-03-03 20:20:00,0.2433
2024-03-03 20:30:00,0.1892
2024-03-03 20:40:00,0.1843
2024-03-03 20:50:00,0.4198
2024-03-03 21:00:00,0.1254
2024-03-03 21:10:00,0.05
2024-03-03 21:20:00,0.1702
2024-03-03 21:30:00,0.093
2024-03-03 21:40:00,0.3659
2024-03-03 21:50:00,0.2414
2024-03-03 22:00:00,0.3561
2024-03-03 22:10:00,0.1691
2024-03-03 22:20:00,0.1444
2024-03-03 22:30:00,0.4305
2024-03-03 22:40:00,0.2858
2024-03-03 22:50:00,0.2525
2024-03-03 23:00:00,0.2192
2024-03-03 23:10:00,0.1322
2024-03-03 23:20:00,0.2034
2024-03-03 23:30:00,0.3004
2024-03-03 23:40:00,0.467
2024-03-03 23:50:00,0.3136
2024-03-04 00:00:00,0.0634
2024-03-04 00:10:00,0.2784
2024-03-04 00:20:00,0.2923
2024-03-04 00:30:00,0.4114
2024-03-04 00:40:00,0.2887
2024-03-04 00:50:00,0.1327
2024-03-04 01:00:00,0.1714
2024-03-04 01:10:00,0.0625
2024-03-04 01:20:00,0.1306
2024-03-04 01:30:00,0.4617
2024-03-04 01:40:00,0.1748
2024-03-04 01:50:00,0.05
2024-03-04 02:00:00,0.0931
2024-03-04 02:10:00,0.2588
2024-03-04 02:20:00,0.1787
2024-03-04 02:30:00,0.1498
2024-03-04 02:40:00,0.2065
2024-03-04 02:50:00,0.1646
2024-03-04 03:00:00,0.2581
2024-03-04 03:10:00,0.3212
2024-03-04 03:20:00,0.455
2024-03-04 03:30:00,0.5599
2024-03-04 03:40:00,0.7894
2024-03-04 03:50:00,1.106
2024-03-04 04:00:00,0.9075
2024-03-04 04:10:00,1.3308
2024-03-04 04:20:00,1.5845
2024-03-04 04:30:00,1.8048
2024-03-04 04:40:00,1.8452
2024-03-04 04:50:00,2.1068
2024-03-04 05:00:00,2.5118
2024-03-04 05:10:00,2.613
2024-03-04 05:20:00,2.7591
2024-03-04 05:30:00,2.8956
2024-03-04 05:40:00,3.1547
2024-03-04 05:50:00,3.2027
2024-03-04 06:00:00,3.4463
2024-03-04 06:10:00,3.2776
2024-03-04 06:20:00,3.4056
2024-03-04 06:30:00,3.6394
2024-03-04 06:40:00,3.4836
2024-03-04 06:50:00,3.2764
2024-03-04 07:00:00,3.6365
2024-03-04 07:10:00,3.3919
2024-03-04 07:20:00,3.3615
2024-03-04 07:30:00,3.0706
2024-03-04 07:40:00,2.9798
2024-03-04 07:50:00,2.8735
2024-03-04 08:00:00,2.6441
2024-03-04 08:10:00,2.5273
2024-03-04 08:20:00,2.2642
2024-03-04 08:30:00,1.9604
2024-03-04 08:40:00,1.8292
2024-03-04 08:50:00,1.6975
2024-03-04 09:00:00,1.5604
2024-03-04 09:10:00,1.3736
2024-03-04 09:20:00,1.3019
2024-03-04 09:30:00,1.2939
2024-03-04 09:40:00,0.9149
2024-03-04 09:50:00,0.7517
2024-03-04 10:00:00,0.8891
2024-03-04 10:10:00,0.6416
2024-03-04 10:20:00,0.5574
2024-03-04 10:30:00,0.6187
2024-03-04 10:40:00,0.3467
2024-03-04 10:50:00,0.3508
2024-03-04 11:00:00,0.3824
2024-03-04 11:10:00,0.5813
2024-03-04 11:20:00,0.1043
2024-03-04 11:30:00,0.3654
2024-03-04 11:40:00,0.2351
2024-03-04 11:50:00,0.127
2024-03-04 12:00:00,0.2451
2024-03-04 12:10:00,0.3301
2024-03-04 12:20:00,0.333
2024-03-04 12:30:00,0.2465
2024-03-04 12:40:00,0.4005
2024-03-04 12:50:00,0.1
2024-03-04 13:00:00,0.2601
2024-03-04 13:10:00,0.432
2024-03-04 13:20:00,0.4056
2024-03-04 13:30:00,0.6062
2024-03-04 13:40:00,0.4239
2024-03-04 13:50:00,0.1507
2024-03-04 14:00:00,0.4566
2024-03-04 14:10:00,0.2669
2024-03-04 14:20:00,0.5245
2024-03-04 14:30:00,0.4909
2024-03-04 14:40:00,0.1385
2024-03-04 14:50:00,0.3625
2024-03-04 15:00:00,0.2937
2024-03-04 15:10:00,0.2856
2024-03-04 15:20:00,0.5566
2024-03-04 15:30:00,0.3428
2024-03-04 15:40:00,0.4492
2024-03-04 15:50:00,0.411
2024-03-04 16:00:00,0.2992
2024-03-04 16:10:00,0.3559
2024-03-04 16:20:00,0.1162
2024-03-04 16:30:00,0.2662
2024-03-04 16:40:00,0.3133
2024-03-04 16:50:00,0.3096
2024-03-04 17:00:00,0.3041
2024-03-04 17:10:00,0.2415
2024-03-04 17:20:00,0.298
2024-03-04 17:30:00,0.1342
2024-03-04 17:40:00,0.5789
2024-03-04 17:50:00,0.1567
2024-03-04 18:00:00,0.2799
2024-03-04 18:10:00,0.4056
2024-03-04 18:20:00,0.4951
2024-03-04 18:30:00,0.4985
2024-03-04 18:40:00,0.351
2024-03-04 18:50:00,0.2047
2024-03-04 19:00:00,0.5054
2024-03-04 19:10:00,0.3095
2024-03-04 19:20:00,0.1481
2024-03-04 19:30:00,0.3227
2024-03-04 19:40:00,0.2842
2024-03-04 19:50:00,0.2219
2024-03-04 20:00:00,0.3508
2024-03-04 20:10:00,0.0527
2024-03-04 20:20:00,0.1295
2024-03-04 20:30:00,0.3358
2024-03-04 20:40:00,0.2455
2024-03-04 20:50:00,0.3083
2024-03-04 21:00:00,0.5402
2024-03-04 21:10:00,0.3386
2024-03-04 21:20:00,0.1265
2024-03-04 21:30:00,0.4351
2024-03-04 21:40:00,0.3
2024-03-04 21:50:00,0.5134
2024-03-04 22:00:00,0.3484
2024-03-04 22:10:00,0.4146
2024-03-04 22:20:00,0.4282
2024-03-04 22:30:00,0.2826
2024-03-04 22:40:00,0.1387
2024-03-04 22:50:00,0.5282
2024-03-04 23:00:00,0.422
2024-03-04 23:10:00,0.3833
2024-03-04 23:20:00,0.236
2024-03-04 23:30:00,0.1862
2024-03-04 23:40:00,0.2899
2024-03-04 23:50:00,0.4799
2024-03-05 00:00:00,0.384
2024-03-05 00:10:00,0.05
2024-03-05 00:20:00,0.3426
2024-03-05 00:30:00,0.0596
2024-03-05 00:40:00,0.1903
2024-03-05 00:50:00,0.1448
2024-03-05 01:00:00,0.533
2024-03-05 01:10:00,0.05
2024-03-05 01:20:00,0.05
2024-03-05 01:30:00,0.05
2024-03-05 01:40:00,0.1652
2024-03-05 01:50:00,0.3295
2024-03-05 02:00:00,0.2378
2024-03-05 02:10:00,0.05
2024-03-05 02:20:00,0.1201
2024-03-05 02:30:00,0.2322
2024-03-05 02:40:00,0.0908
2024-03-05 02:50:00,0.05
2024-03-05 03:00:00,0.3788
2024-03-05 03:10:00,0.3949
2024-03-05 03:20:00,0.6451
2024-03-05 03:30:00,0.6994
2024-03-05 03:40:00,1.1738
2024-03-05 03:50:00,1.0443
2024-03-05 04:00:00,1.0701
2024-03-05 04:10:00,1.1184
2024-03-05 04:20:00,1.4275
2024-03-05 04:30:00,1.7265
2024-03-05 04:40:00,2.0063
2024-03-05 04:50:00,2.3154
2024-03-05 05:00:00,2.1633
2024-03-05 05:10:00,2.7873
2024-03-05 05:20:00,2.7093
2024-03-05 05:30:00,2.8304
2024-03-05 05:40:00,3.3333
2024-03-05 05:50:00,3.0317
2024-03-05 06:00:00,3.1571
2024-03-05 06:10:00,3.2811
2024-03-05 06:20:00,3.4161
2024-03-05 06:30:00,3.6458
2024-03-05 06:40:00,3.6319
2024-03-05 06:50:00,3.6218
2024-03-05 07:00:00,3.4142
2024-03-05 07:10:00,3.3438
2024-03-05 07:20:00,3.3097
2024-03-05 07:30:00,3.2309
2024-03-05 07:40:00,3.0749
2024-03-05 07:50:00,3.0135
2024-03-05 08:00:00,2.8173
2024-03-05 08:10:00,2.6053
2024-03-05 08:20:00,2.3228
2024-03-05 08:30:00,2.3289
2024-03-05 08:40:00,1.9386
2024-03-05 08:50:00,1.828
2024-03-05 09:00:00,1.5044
2024-03-05 09:10:00,1.3312
2024-03-05 09:20:00,1.049
2024-03-05 09:30:00,1.0081
2024-03-05 09:40:00,0.9419
2024-03-05 09:50:00,0.7919
2024-03-05 10:00:00,0.8622
2024-03-05 10:10:00,0.5734
2024-03-05 10:20:00,0.6012
2024-03-05 10:30:00,0.5362
2024-03-05 10:40:00,0.4315
2024-03-05 10:50:00,0.3884
2024-03-05 11:00:00,0.4422
2024-03-05 11:10:00,0.2306
2024-03-05 11:20:00,0.4687
2024-03-05 11:30:00,0.2697
2024-03-05 11:40:00,0.3987
2024-03-05 11:50:00,0.3324
2024-03-05 12:00:00,0.516
2024-03-05 12:10:00,0.3659
2024-03-05 12:20:00,0.5451
2024-03-05 12:30:00,0.3601
2024-03-05 12:40:00,0.3885
2024-03-05 12:50:00,0.2043
2024-03-05 13:00:00,0.4057
2024-03-05 13:10:00,0.4317
2024-03-05 13:20:00,0.1848
2024-03-05 13:30:00,0.1651
2024-03-05 13:40:00,0.5789
2024-03-05 13:50:00,0.3493
2024-03-05 14:00:00,0.374
2024-03-05 14:10:00,0.4923
2024-03-05 14:20:00,0.321
2024-03-05 14:30:00,0.2234
2024-03-05 14:40:00,0.2671
2024-03-05 14:50:00,0.4446
2024-03-05 15:00:00,0.1379
2024-03-05 15:10:00,0.3286
2024-03-05 15:20:00,0.264
2024-03-05 15:30:00,0.3954
2024-03-05 15:40:00,0.4259
2024-03-05 15:50:00,0.4991
2024-03-05 16:00:00,0.3451
2024-03-05 16:10:00,0.4142
2024-03-05 16:20:00,0.178
2024-03-05 16:30:00,0.2278
2024-03-05 16:40:00,0.497
2024-03-05 16:50:00,0.1904
2024-03-05 17:00:00,0.6258
2024-03-05 17:10:00,0.266
2024-03-05 17:20:00,0.3321
2024-03-05 17:30:00,0.3896
2024-03-05 17:40:00,0.2028
2024-03-05 17:50:00,0.3867
2024-03-05 18:00:00,0.4582
2024-03-05 18:10:00,0.2528
2024-03-05 18:20:00,0.2301
2024-03-05 18:30:00,0.4753
2024-03-05 18:40:00,0.2012
2024-03-05 18:50:00,0.2376
2024-03-05 19:00:00,0.4559
2024-03-05 19:10:00,0.4231
2024-03-05 19:20:00,0.4765
2024-03-05 19:30:00,0.1944
2024-03-05 19:40:00,0.1976
2024-03-05 19:50:00,0.3722
2024-03-05 20:00:00,0.3959
2024-03-05 20:10:00,0.3519
2024-03-05 20:20:00,0.4677
2024-03-05 20:30:00,0.3273
2024-03-05 20:40:00,0.3431
2024-03-05 20:50:00,0.4911
2024-03-05 21:00:00,0.2189
2024-03-05 21:10:00,0.3672
2024-03-05 21:20:00,0.3744
2024-03-05 21:30:00,0.2451
2024-03-05 21:40:00,0.3287
2024-03-05 21:50:00,0.3236
2024-03-05 22:00:00,0.2462
2024-03-05 22:10:00,0.1576
2024-03-05 22:20:00,0.2175
2024-03-05 22:30:00,0.328
2024-03-05 22:40:00,0.2666
2024-03-05 22:50:00,0.1468
2024-03-05 23:00:00,0.5447
2024-03-05 23:10:00,0.3358
2024-03-05 23:20:00,0.3186
2024-03-05 23:30:00,0.1356
2024-03-05 23:40:00,0.4567
2024-03-05 23:50:00,0.5297
2024-03-06 00:00:00,0.3123
2024-03-06 00:10:00,0.2107
2024-03-06 00:20:00,0.2338
2024-03-06 00:30:00,0.1772
2024-03-06 00:40:00,0.1258
2024-03-06 00:50:00,0.142
2024-03-06 01:00:00,0.2265
2024-03-06 01:10:00,0.1838
2024-03-06 01:20:00,0.4302
2024-03-06 01:30:00,0.2603
2024-03-06 01:40:00,0.05
2024-03-06 01:50:00,0.2032
2024-03-06 02:00:00,0.4551
2024-03-06 02:10:00,0.2383
2024-03-06 02:20:00,0.05
2024-03-06 02:30:00,0.2149
2024-03-06 02:40:00,0.0948
2024-03-06 02:50:00,0.05
2024-03-06 03:00:00,0.2787
2024-03-06 03:10:00,0.5301
2024-03-06 03:20:00,0.6212
2024-03-06 03:30:00,0.5674
2024-03-06 03:40:00,0.6793
2024-03-06 03:50:00,1.1153
2024-03-06 04:00:00,1.2675
2024-03-06 04:10:00,1.2575
2024-03-06 04:20:00,1.4292
2024-03-06 04:30:00,1.7479
2024-03-06 04:40:00,1.863
2024-03-06 04:50:00,2.3764
2024-03-06 05:00:00,2.359
2024-03-06 05:10:00,2.8203
2024-03-06 05:20:00,2.6481
2024-03-06 05:30:00,2.8113
2024-03-06 05:40:00,3.1048
2024-03-06 05:50:00,3.2419
2024-03-06 06:00:00,3.3184
2024-03-06 06:10:00,3.2925
2024-03-06 06:20:00,3.4208
2024-03-06 06:30:00,3.4124
2024-03-06 06:40:00,3.2671
2024-03-06 06:50:00,3.3941
2024-03-06 07:00:00,3.3828
2024-03-06 07:10:00,3.1656
2024-03-06 07:20:00,3.3943
2024-03-06 07:30:00,3.3961
2024-03-06 07:40:00,3.059
2024-03-06 07:50:00,2.7376
2024-03-06 08:00:00,2.7265
2024-03-06 08:10:00,2.5647
2024-03-06 08:20:00,2.4273
2024-03-06 08:30:00,2.4417
2024-03-06 08:40:00,1.8698
2024-03-06 08:50:00,1.855
2024-03-06 09:00:00,1.7261
2024-03-06 09:10:00,1.5351
2024-03-06 09:20:00,1.4087
2024-03-06 09:30:00,1.1054
2024-03-06 09:40:00,0.9606
2024-03-06 09:50:00,0.8623
2024-03-06 10:00:00,0.732
2024-03-06 10:10:00,0.5411
2024-03-06 10:20:00,0.5939
2024-03-06 10:30:00,0.5731
2024-03-06 10:40:00,0.3887
2024-03-06 10:50:00,0.485
2024-03-06 11:00:00,0.2994
2024-03-06 11:10:00,0.3315
2024-03-06 11:20:00,0.3392
2024-03-06 11:30:00,0.4889
2024-03-06 11:40:00,0.3821
2024-03-06 11:50:00,0.4436
2024-03-06 12:00:00,0.3652
2024-03-06 12:10:00,0.3963
2024-03-06 12:20:00,0.2972
2024-03-06 12:30:00,0.3316
2024-03-06 12:40:00,0.4596
2024-03-06 12:50:00,0.1329
2024-03-06 13:00:00,0.3282
2024-03-06 13:10:00,0.3508
2024-03-06 13:20:00,0.3947
2024-03-06 13:30:00,0.3523
2024-03-06 13:40:00,0.3389
2024-03-06 13:50:00,0.195
2024-03-06 14:00:00,0.2588
2024-03-06 14:10:00,0.4932
2024-03-06 14:20:00,0.5411
2024-03-06 14:30:00,0.419
2024-03-06 14:40:00,0.2259
2024-03-06 14:50:00,0.4411
2024-03-06 15:00:00,0.4193
2024-03-06 15:10:00,0.2299
2024-03-06 15:20:00,0.326
2024-03-06 15:30:00,0.7481
2024-03-06 15:40:00,0.4053
2024-03-06 15:50:00,0.2986
2024-03-06 16:00:00,0.205
2024-03-06 16:10:00,0.3435
2024-03-06 16:20:00,0.4214
2024-03-06 16:30:00,0.6663
2024-03-06 16:40:00,0.4357
2024-03-06 16:50:00,0.3774
2024-03-06 17:00:00,0.4726
2024-03-06 17:10:00,0.0993
2024-03-06 17:20:00,0.1549
2024-03-06 17:30:00,0.3291
2024-03-06 17:40:00,0.3644
2024-03-06 17:50:00,0.05
2024-03-06 18:00:00,0.6038
2024-03-06 18:10:00,0.2233
2024-03-06 18:20:00,0.1539
2024-03-06 18:30:00,0.4071
2024-03-06 18:40:00,0.6181
2024-03-06 18:50:00,0.0645
2024-03-06 19:00:00,0.4154
2024-03-06 19:10:00,0.0561
2024-03-06 19:20:00,0.355
2024-03-06 19:30:00,0.05
2024-03-06 19:40:00,0.2046
2024-03-06 19:50:00,0.3563
2024-03-06 20:00:00,0.4581
2024-03-06 20:10:00,0.4398
2024-03-06 20:20:00,0.4383
2024-03-06 20:30:00,0.2954
2024-03-06 20:40:00,0.2807
2024-03-06 20:50:00,0.3826
2024-03-06 21:00:00,0.2961
2024-03-06 21:10:00,0.3333
2024-03-06 21:20:00,0.3346
2024-03-06 21:30:00,0.4618
2024-03-06 21:40:00,0.3122
2024-03-06 21:50:00,0.3722
2024-03-06 22:00:00,0.3147
2024-03-06 22:10:00,0.054
2024-03-06 22:20:00,0.3869
2024-03-06 22:30:00,0.2106
2024-03-06 22:40:00,0.329
2024-03-06 22:50:00,0.3046
2024-03-06 23:00:00,0.3883
2024-03-06 23:10:00,0.153
2024-03-06 23:20:00,0.513
2024-03-06 23:30:00,0.369
2024-03-06 23:40:00,0.2988
2024-03-06 23:50:00,0.3396
2024-03-07 00:00:00,0.417
2024-03-07 00:10:00,0.2629
2024-03-07 00:20:00,0.2371
2024-03-07 00:30:00,0.2385
2024-03-07 00:40:00,0.3155
2024-03-07 00:50:00,0.1202
2024-03-07 01:00:00,0.183
2024-03-07 01:10:00,0.1636
2024-03-07 01:20:00,0.1887
2024-03-07 01:30:00,0.2274
2024-03-07 01:40:00,0.1084
2024-03-07 01:50:00,0.05
2024-03-07 02:00:00,0.1865
2024-03-07 02:10:00,0.05
2024-03-07 02:20:00,0.05
2024-03-07 02:30:00,0.05
2024-03-07 02:40:00,0.05
2024-03-07 02:50:00,0.05
2024-03-07 03:00:00,0.3848
2024-03-07 03:10:00,0.3077
2024-03-07 03:20:00,0.2399
2024-03-07 03:30:00,0.4395
2024-03-07 03:40:00,0.7884
2024-03-07 03:50:00,0.7054
2024-03-07 04:00:00,1.1184
2024-03-07 04:10:00,1.3016
2024-03-07 04:20:00,1.4982
2024-03-07 04:30:00,1.7351
2024-03-07 04:40:00,1.8145
2024-03-07 04:50:00,2.1085
2024-03-07 05:00:00,2.2244
2024-03-07 05:10:00,2.4923
2024-03-07 05:20:00,2.695
2024-03-07 05:30:00,2.8703
2024-03-07 05:40:00,3.0494
2024-03-07 05:50:00,3.2584
2024-03-07 06:00:00,3.3058
2024-03-07 06:10:00,3.3484
2024-03-07 06:20:00,3.3361
2024-03-07 06:30:00,3.3652
2024-03-07 06:40:00,3.5245
2024-03-07 06:50:00,3.4207
2024-03-07 07:00:00,3.404
2024-03-07 07:10:00,3.5497
2024-03-07 07:20:00,3.1297
2024-03-07 07:30:00,3.0932
2024-03-07 07:40:00,3.233
2024-03-07 07:50:00,2.8915
2024-03-07 08:00:00,2.7501
2024-03-07 08:10:00,2.8369
2024-03-07 08:20:00,2.7142
2024-03-07 08:30:00,2.3689
2024-03-07 08:40:00,1.9535
2024-03-07 08:50:00,1.8541
2024-03-07 09:00:00,1.4256
2024-03-07 09:10:00,1.451
2024-03-07 09:20:00,1.3041
2024-03-07 09:30:00,1.0741
2024-03-07 09:40:00,0.9693
2024-03-07 09:50:00,1.0653
2024-03-07 10:00:00,0.6943
2024-03-07 10:10:00,0.6626
2024-03-07 10:20:00,0.5876
2024-03-07 10:30:00,0.5924
2024-03-07 10:40:00,0.4539
2024-03-07 10:50:00,0.3989
2024-03-07 11:00:00,0.5242
2024-03-07 11:10:00,0.3445
2024-03-07 11:20:00,0.3062
2024-03-07 11:30:00,0.3787
2024-03-07 11:40:00,0.3368
2024-03-07 11:50:00,0.3231
2024-03-07 12:00:00,0.4351
2024-03-07 12:10:00,0.2484
2024-03-07 12:20:00,0.2159
2024-03-07 12:30:00,0.3908
2024-03-07 12:40:00,0.4131
2024-03-07 12:50:00,0.3428
2024-03-07 13:00:00,0.1844
2024-03-07 13:10:00,0.6213
2024-03-07 13:20:00,0.3874
2024-03-07 13:30:00,0.3823
2024-03-07 13:40:00,0.178
2024-03-07 13:50:00,0.2721
2024-03-07 14:00:00,0.3951
2024-03-07 14:10:00,0.4069
2024-03-07 14:20:00,0.2641
2024-03-07 14:30:00,0.5753
2024-03-07 14:40:00,0.3922
2024-03-07 14:50:00,0.2504
2024-03-07 15:00:00,0.2388
2024-03-07 15:10:00,0.223
2024-03-07 15:20:00,0.1909
2024-03-07 15:30:00,0.3229
2024-03-07 15:40:00,0.3669
2024-03-07 15:50:00,0.5284
2024-03-07 16:00:00,0.4244
2024-03-07 16:10:00,0.4809
2024-03-07 16:20:00,0.262
2024-03-07 16:30:00,0.3748
2024-03-07 16:40:00,0.3283
2024-03-07 16:50:00,0.1777
2024-03-07 17:00:00,0.4103
2024-03-07 17:10:00,0.472
2024-03-07 17:20:00,0.2546
2024-03-07 17:30:00,0.4828
2024-03-07 17:40:00,0.3861
2024-03-07 17:50:00,0.2982
2024-03-07 18:00:00,0.4128
2024-03-07 18:10:00,0.5227
2024-03-07 18:20:00,0.5729
2024-03-07 18:30:00,0.3516
2024-03-07 18:40:00,0.4719
2024-03-07 18:50:00,0.5358
2024-03-07 19:00:00,0.3351
2024-03-07 19:10:00,0.3947
2024-03-07 19:20:00,0.1019
2024-03-07 19:30:00,0.233
2024-03-07 19:40:00,0.331
2024-03-07 19:50:00,0.1263
2024-03-07 20:00:00,0.2542
2024-03-07 20:10:00,0.4939
2024-03-07 20:20:00,0.3262
2024-03-07 20:30:00,0.4993
2024-03-07 20:40:00,0.408
2024-03-07 20:50:00,0.1469
2024-03-07 21:00:00,0.2263
2024-03-07 21:10:00,0.3293
2024-03-07 21:20:00,0.3871
2024-03-07 21:30:00,0.3699
2024-03-07 21:40:00,0.2864
2024-03-07 21:50:00,0.2914
2024-03-07 22:00:00,0.3979
2024-03-07 22:10:00,0.1383
2024-03-07 22:20:00,0.2032
2024-03-07 22:30:00,0.3856
2024-03-07 22:40:00,0.2566
2024-03-07 22:50:00,0.3756
2024-03-07 23:00:00,0.3451
2024-03-07 23:10:00,0.0779
2024-03-07 23:20:00,0.2249
2024-03-07 23:30:00,0.4457
2024-03-07 23:40:00,0.238
2024-03-07 23:50:00,0.5035
2024-03-08 00:00:00,0.1459
2024-03-08 00:10:00,0.4828
2024-03-08 00:20:00,0.1956
2024-03-08 00:30:00,0.3203
2024-03-08 00:40:00,0.2939
2024-03-08 00:50:00,0.3848
2024-03-08 01:00:00,0.1872
2024-03-08 01:10:00,0.224
2024-03-08 01:20:00,0.0554
2024-03-08 01:30:00,0.0728
2024-03-08 01:40:00,0.05
2024-03-08 01:50:00,0.05
2024-03-08 02:00:00,0.05
2024-03-08 02:10:00,0.0762
2024-03-08 02:20:00,0.0977
2024-03-08 02:30:00,0.05
2024-03-08 02:40:00,0.2579
2024-03-08 02:50:00,0.0858
2024-03-08 03:00:00,0.2665
2024-03-08 03:10:00,0.4537
2024-03-08 03:20:00,0.4122
2024-03-08 03:30:00,0.6124
2024-03-08 03:40:00,0.7514
2024-03-08 03:50:00,0.9498
2024-03-08 04:00:00,1.1223
2024-03-08 04:10:00,1.2906
2024-03-08 04:20:00,1.3959
2024-03-08 04:30:00,1.8995
2024-03-08 04:40:00,1.9753
2024-03-08 04:50:00,2.1277
2024-03-08 05:00:00,2.2071
2024-03-08 05:10:00,2.728
2024-03-08 05:20:00,2.6457
2024-03-08 05:30:00,3.0105
2024-03-08 05:40:00,3.0723
2024-03-08 05:50:00,3.3093
2024-03-08 06:00:00,3.5291
2024-03-08 06:10:00,3.273
2024-03-08 06:20:00,3.3082
2024-03-08 06:30:00,3.5334
2024-03-08 06:40:00,3.6427
2024-03-08 06:50:00,3.4272
2024-03-08 07:00:00,3.4254
2024-03-08 07:10:00,3.1842
2024-03-08 07:20:00,3.4163
2024-03-08 07:30:00,3.1888
2024-03-08 07:40:00,3.187
2024-03-08 07:50:00,2.9548
2024-03-08 08:00:00,2.7373
2024-03-08 08:10:00,2.7186
2024-03-08 08:20:00,2.4247
2024-03-08 08:30:00,2.0389
2024-03-08 08:40:00,2.1248
2024-03-08 08:50:00,1.997
2024-03-08 09:00:00,1.5286
2024-03-08 09:10:00,1.4278
2024-03-08 09:20:00,1.5268
2024-03-08 09:30:00,1.064
2024-03-08 09:40:00,0.8285
2024-03-08 09:50:00,0.763
2024-03-08 10:00:00,0.695
2024-03-08 10:10:00,0.7905
2024-03-08 10:20:00,0.5118
2024-03-08 10:30:00,0.6088
2024-03-08 10:40:00,0.5067
2024-03-08 10:50:00,0.4318
2024-03-08 11:00:00,0.398
2024-03-08 11:10:00,0.0819
2024-03-08 11:20:00,0.4255
2024-03-08 11:30:00,0.5002
2024-03-08 11:40:00,0.265
2024-03-08 11:50:00,0.4915
2024-03-08 12:00:00,0.2801
2024-03-08 12:10:00,0.3215
2024-03-08 12:20:00,0.3626
2024-03-08 12:30:00,0.5074
2024-03-08 12:40:00,0.0799
2024-03-08 12:50:00,0.4176
2024-03-08 13:00:00,0.3688
2024-03-08 13:10:00,0.4049
2024-03-08 13:20:00,0.3134
2024-03-08 13:30:00,0.287
2024-03-08 13:40:00,0.5973
2024-03-08 13:50:00,0.2473
2024-03-08 14:00:00,0.3305
2024-03-08 14:10:00,0.5947
2024-03-08 14:20:00,0.4523
2024-03-08 14:30:00,0.1112
2024-03-08 14:40:00,0.1782
2024-03-08 14:50:00,0.4575
2024-03-08 15:00:00,0.3387
2024-03-08 15:10:00,0.6612
2024-03-08 15:20:00,0.3536
2024-03-08 15:30:00,0.4276
2024-03-08 15:40:00,0.3796
2024-03-08 15:50:00,0.4957
2024-03-08 16:00:00,0.6095
2024-03-08 16:10:00,0.3699
2024-03-08 16:20:00,0.5335
2024-03-08 16:30:00,0.4275
2024-03-08 16:40:00,0.3676
2024-03-08 16:50:00,0.3377
2024-03-08 17:00:00,0.1671
2024-03-08 17:10:00,0.5636
2024-03-08 17:20:00,0.3453
2024-03-08 17:30:00,0.2015
2024-03-08 17:40:00,0.2606
2024-03-08 17:50:00,0.1876
2024-03-08 18:00:00,0.4061
2024-03-08 18:10:00,0.5243
2024-03-08 18:20:00,0.2466
2024-03-08 18:30:00,0.1843
2024-03-08 18:40:00,0.05
2024-03-08 18:50:00,0.1869
2024-03-08 19:00:00,0.1765
2024-03-08 19:10:00,0.5698
2024-03-08 19:20:00,0.1322
2024-03-08 19:30:00,0.3952
2024-03-08 19:40:00,0.379
2024-03-08 19:50:00,0.3161
2024-03-08 20:00:00,0.2753
2024-03-08 20:10:00,0.5625
2024-03-08 20:20:00,0.3774
2024-03-08 20:30:00,0.148
2024-03-08 20:40:00,0.2852
2024-03-08 20:50:00,0.3125
2024-03-08 21:00:00,0.2402
2024-03-08 21:10:00,0.3346
2024-03-08 21:20:00,0.4363
2024-03-08 21:30:00,0.35
2024-03-08 21:40:00,0.4158
2024-03-08 21:50:00,0.4015
2024-03-08 22:00:00,0.4292
2024-03-08 22:10:00,0.5247
2024-03-08 22:20:00,0.2281
2024-03-08 22:30:00,0.1086
2024-03-08 22:40:00,0.4164
2024-03-08 22:50:00,0.5944
2024-03-08 23:00:00,0.3451
2024-03-08 23:10:00,0.1882
2024-03-08 23:20:00,0.3872
2024-03-08 23:30:00,0.1173
2024-03-08 23:40:00,0.3452
2024-03-08 23:50:00,0.082
2024-03-09 00:00:00,0.1371
2024-03-09 00:10:00,0.4969
2024-03-09 00:20:00,0.05
2024-03-09 00:30:00,0.239
2024-03-09 00:40:00,0.2454
2024-03-09 00:50:00,0.05
2024-03-09 01:00:00,0.3395
2024-03-09 01:10:00,0.05
2024-03-09 01:20:00,0.0962
2024-03-09 01:30:00,0.071
2024-03-09 01:40:00,0.1778
2024-03-09 01:50:00,0.4071
2024-03-09 02:00:00,0.05
2024-03-09 02:10:00,0.1264
2024-03-09 02:20:00,0.2367
2024-03-09 02:30:00,0.05
2024-03-09 02:40:00,0.0618
2024-03-09 02:50:00,0.2665
2024-03-09 03:00:00,0.1241
2024-03-09 03:10:00,0.2178
2024-03-09 03:20:00,0.05
2024-03-09 03:30:00,0.3738
2024-03-09 03:40:00,0.3739
2024-03-09 03:50:00,0.732
2024-03-09 04:00:00,0.6068
2024-03-09 04:10:00,0.9889
2024-03-09 04:20:00,1.2361
2024-03-09 04:30:00,1.3656
2024-03-09 04:40:00,1.6514
2024-03-09 04:50:00,1.8151
2024-03-09 05:00:00,1.7173
2024-03-09 05:10:00,2.0741
2024-03-09 05:20:00,1.9508
2024-03-09 05:30:00,2.3382
2024-03-09 05:40:00,2.3709
2024-03-09 05:50:00,2.5353
2024-03-09 06:00:00,2.6211
2024-03-09 06:10:00,2.7842
2024-03-09 06:20:00,2.7573
2024-03-09 06:30:00,2.7053
2024-03-09 06:40:00,2.5175
2024-03-09 06:50:00,2.8589
2024-03-09 07:00:00,2.574
2024-03-09 07:10:00,2.484
2024-03-09 07:20:00,2.4829
2024-03-09 07:30:00,2.6562
2024-03-09 07:40:00,2.4271
2024-03-09 07:50:00,2.4113
2024-03-09 08:00:00,2.0641
2024-03-09 08:10:00,2.0374
2024-03-09 08:20:00,2.168
2024-03-09 08:30:00,1.7249
2024-03-09 08:40:00,1.4722
2024-03-09 08:50:00,1.3805
2024-03-09 09:00:00,1.3647
2024-03-09 09:10:00,1.3358
2024-03-09 09:20:00,0.699
2024-03-09 09:30:00,0.8562
2024-03-09 09:40:00,0.6912
2024-03-09 09:50:00,0.627
2024-03-09 10:00:00,0.4679
2024-03-09 10:10:00,0.3912
2024-03-09 10:20:00,0.2942
2024-03-09 10:30:00,0.2908
2024-03-09 10:40:00,0.3405
2024-03-09 10:50:00,0.3163
2024-03-09 11:00:00,0.3807
2024-03-09 11:10:00,0.3192
2024-03-09 11:20:00,0.3007
2024-03-09 11:30:00,0.384
2024-03-09 11:40:00,0.1209
2024-03-09 11:50:00,0.1861
2024-03-09 12:00:00,0.2046
2024-03-09 12:10:00,0.2493
2024-03-09 12:20:00,0.3731
2024-03-09 12:30:00,0.2864
2024-03-09 12:40:00,0.4072
2024-03-09 12:50:00,0.4623
2024-03-09 13:00:00,0.2031
2024-03-09 13:10:00,0.05
2024-03-09 13:20:00,0.4176
2024-03-09 13:30:00,0.2332
2024-03-09 13:40:00,0.2278
2024-03-09 13:50:00,0.3449
2024-03-09 14:00:00,0.246
2024-03-09 14:10:00,0.2483
2024-03-09 14:20:00,0.2615
2024-03-09 14:30:00,0.1394
2024-03-09 14:40:00,0.1584
2024-03-09 14:50:00,0.396
2024-03-09 15:00:00,0.3988
2024-03-09 15:10:00,0.2673
2024-03-09 15:20:00,0.2327
2024-03-09 15:30:00,0.3458
2024-03-09 15:40:00,0.2259
2024-03-09 15:50:00,0.282
2024-03-09 16:00:00,0.5071
2024-03-09 16:10:00,0.4575
2024-03-09 16:20:00,0.1011
2024-03-09 16:30:00,0.2843
2024-03-09 16:40:00,0.1125
2024-03-09 16:50:00,0.355
2024-03-09 17:00:00,0.1327
2024-03-09 17:10:00,0.4686
2024-03-09 17:20:00,0.1029
2024-03-09 17:30:00,0.1244
2024-03-09 17:40:00,0.0929
2024-03-09 17:50:00,0.1809
2024-03-09 18:00:00,0.313
2024-03-09 18:10:00,0.3985
2024-03-09 18:20:00,0.1504
2024-03-09 18:30:00,0.3619
2024-03-09 18:40:00,0.2172
2024-03-09 18:50:00,0.0813
2024-03-09 19:00:00,0.3869
2024-03-09 19:10:00,0.2168
2024-03-09 19:20:00,0.1884
2024-03-09 19:30:00,0.4817
2024-03-09 19:40:00,0.363
2024-03-09 19:50:00,0.5819
2024-03-09 20:00:00,0.23
2024-03-09 20:10:00,0.2999
2024-03-09 20:20:00,0.1202
2024-03-09 20:30:00,0.3701
2024-03-09 20:40:00,0.1839
2024-03-09 20:50:00,0.1074
2024-03-09 21:00:00,0.1653
2024-03-09 21:10:00,0.2695
2024-03-09 21:20:00,0.5924
2024-03-09 21:30:00,0.281
2024-03-09 21:40:00,0.2313
2024-03-09 21:50:00,0.3571
2024-03-09 22:00:00,0.2875
2024-03-09 22:10:00,0.0546
2024-03-09 22:20:00,0.2985
2024-03-09 22:30:00,0.4294
2024-03-09 22:40:00,0.2326
2024-03-09 22:50:00,0.296
2024-03-09 23:00:00,0.2846
2024-03-09 23:10:00,0.3993
2024-03-09 23:20:00,0.1989
2024-03-09 23:30:00,0.2287
2024-03-09 23:40:00,0.2917
2024-03-09 23:50:00,0.191
2024-03-10 00:00:00,0.111
2024-03-10 00:10:00,0.288
2024-03-10 00:20:00,0.3224
2024-03-10 00:30:00,0.0967
2024-03-10 00:40:00,0.1037
2024-03-10 00:50:00,0.145
2024-03-10 01:00:00,0.1999
2024-03-10 01:10:00,0.0634
2024-03-10 01:20:00,0.05
2024-03-10 01:30:00,0.1408
2024-03-10 01:40:00,0.05
2024-03-10 01:50:00,0.05
2024-03-10 02:00:00,0.05
2024-03-10 02:10:00,0.0879
2024-03-10 02:20:00,0.0866
2024-03-10 02:30:00,0.1045
2024-03-10 02:40:00,0.05
2024-03-10 02:50:00,0.0528
2024-03-10 03:00:00,0.2946
2024-03-10 03:10:00,0.5822
2024-03-10 03:20:00,0.4462
2024-03-10 03:30:00,0.7325
2024-03-10 03:40:00,0.7818
2024-03-10 03:50:00,0.7729
2024-03-10 04:00:00,1.0137
2024-03-10 04:10:00,1.2823
2024-03-10 04:20:00,1.227
2024-03-10 04:30:00,1.2473
2024-03-10 04:40:00,1.6274
2024-03-10 04:50:00,1.7155
2024-03-10 05:00:00,1.8543
2024-03-10 05:10:00,2.0858
2024-03-10 05:20:00,2.1346
2024-03-10 05:30:00,2.3021
2024-03-10 05:40:00,2.4093
2024-03-10 05:50:00,2.5239
2024-03-10 06:00:00,2.6015
2024-03-10 06:10:00,2.9047
2024-03-10 06:20:00,2.6096
2024-03-10 06:30:00,2.9292
2024-03-10 06:40:00,3.0748
2024-03-10 06:50:00,2.6492
2024-03-10 07:00:00,2.7368
2024-03-10 07:10:00,2.6812
2024-03-10 07:20:00,2.4105
2024-03-10 07:30:00,2.6104
2024-03-10 07:40:00,2.4898
2024-03-10 07:50:00,2.4806
2024-03-10 08:00:00,2.2632
2024-03-10 08:10:00,2.0967
2024-03-10 08:20:00,1.8351
2024-03-10 08:30:00,1.531
2024-03-10 08:40:00,1.6908
2024-03-10 08:50:00,1.6559
2024-03-10 09:00:00,1.1143
2024-03-10 09:10:00,1.2455
2024-03-10 09:20:00,1.0048
2024-03-10 09:30:00,0.7609
2024-03-10 09:40:00,0.9696
2024-03-10 09:50:00,0.7116
2024-03-10 10:00:00,0.6193
2024-03-10 10:10:00,0.3172
2024-03-10 10:20:00,0.6693
2024-03-10 10:30:00,0.3154
2024-03-10 10:40:00,0.412
2024-03-10 10:50:00,0.4679
2024-03-10 11:00:00,0.3642
2024-03-10 11:10:00,0.4113
2024-03-10 11:20:00,0.4235
2024-03-10 11:30:00,0.5847
2024-03-10 11:40:00,0.1064
2024-03-10 11:50:00,0.2708
2024-03-10 12:00:00,0.4668
2024-03-10 12:10:00,0.2602
2024-03-10 12:20:00,0.05
2024-03-10 12:30:00,0.4508
2024-03-10 12:40:00,0.2826
2024-03-10 12:50:00,0.1314
2024-03-10 13:00:00,0.2935
2024-03-10 13:10:00,0.3326
2024-03-10 13:20:00,0.1572
2024-03-10 13:30:00,0.2476
2024-03-10 13:40:00,0.3474
2024-03-10 13:50:00,0.1401
2024-03-10 14:00:00,0.3606
2024-03-10 14:10:00,0.4837
2024-03-10 14:20:00,0.05
2024-03-10 14:30:00,0.2879
2024-03-10 14:40:00,0.3248
2024-03-10 14:50:00,0.2822
2024-03-10 15:00:00,0.3683
2024-03-10 15:10:00,0.3054
2024-03-10 15:20:00,0.3888
2024-03-10 15:30:00,0.3707
2024-03-10 15:40:00,0.1306
2024-03-10 15:50:00,0.0678
2024-03-10 16:00:00,0.102
2024-03-10 16:10:00,0.4782
2024-03-10 16:20:00,0.1765
2024-03-10 16:30:00,0.2807
2024-03-10 16:40:00,0.3871
2024-03-10 16:50:00,0.2506
2024-03-10 17:00:00,0.3662
2024-03-10 17:10:00,0.3488
2024-03-10 17:20:00,0.1811
2024-03-10 17:30:00,0.1114
2024-03-10 17:40:00,0.3784
2024-03-10 17:50:00,0.3234
2024-03-10 18:00:00,0.1903
2024-03-10 18:10:00,0.3997
2024-03-10 18:20:00,0.2427
2024-03-10 18:30:00,0.3009
2024-03-10 18:40:00,0.3027
2024-03-10 18:50:00,0.2075
2024-03-10 19:00:00,0.1479
2024-03-10 19:10:00,0.4471
2024-03-10 19:20:00,0.4692
2024-03-10 19:30:00,0.1583
2024-03-10 19:40:00,0.241
2024-03-10 19:50:00,0.3528
2024-03-10 20:00:00,0.3181
2024-03-10 20:10:00,0.4685
2024-03-10 20:20:00,0.3335
2024-03-10 20:30:00,0.2978
2024-03-10 20:40:00,0.05
2024-03-10 20:50:00,0.05
2024-03-10 21:00:00,0.1823
2024-03-10 21:10:00,0.2081
2024-03-10 21:20:00,0.2818
2024-03-10 21:30:00,0.3819
2024-03-10 21:40:00,0.2504
2024-03-10 21:50:00,0.1956
2024-03-10 22:00:00,0.3417
2024-03-10 22:10:00,0.2212
2024-03-10 22:20:00,0.3168
2024-03-10 22:30:00,0.1303
2024-03-10 22:40:00,0.3112
2024-03-10 22:50:00,0.1941
2024-03-10 23:00:00,0.3734
2024-03-10 23:10:00,0.2331
2024-03-10 23:20:00,0.2389
2024-03-10 23:30:00,0.167
2024-03-10 23:40:00,0.4087
2024-03-10 23:50:00,0.3003
2024-03-11 00:00:00,0.4822
2024-03-11 00:10:00,0.286
2024-03-11 00:20:00,0.0531
2024-03-11 00:30:00,0.3359
2024-03-11 00:40:00,0.3479
2024-03-11 00:50:00,0.1405
2024-03-11 01:00:00,0.05
2024-03-11 01:10:00,0.3787
2024-03-11 01:20:00,0.1407
2024-03-11 01:30:00,0.2359
2024-03-11 01:40:00,0.05
2024-03-11 01:50:00,0.1376
2024-03-11 02:00:00,0.0839
2024-03-11 02:10:00,0.0767
2024-03-11 02:20:00,0.1353
2024-03-11 02:30:00,0.05
2024-03-11 02:40:00,0.2439
2024-03-11 02:50:00,0.3011
2024-03-11 03:00:00,0.1885
2024-03-11 03:10:00,0.4141
2024-03-11 03:20:00,0.654
2024-03-11 03:30:00,0.5372
2024-03-11 03:40:00,0.7696
2024-03-11 03:50:00,0.8457
2024-03-11 04:00:00,0.9078
2024-03-11 04:10:00,1.2679
2024-03-11 04:20:00,1.4505
2024-03-11 04:30:00,1.8027
2024-03-11 04:40:00,2.1216
2024-03-11 04:50:00,2.2223
2024-03-11 05:00:00,2.3573
2024-03-11 05:10:00,2.5195
2024-03-11 05:20:00,2.9317
2024-03-11 05:30:00,3.094
2024-03-11 05:40:00,3.062
2024-03-11 05:50:00,3.2665
2024-03-11 06:00:00,3.3794
2024-03-11 06:10:00,3.317
2024-03-11 06:20:00,3.4467
2024-03-11 06:30:00,3.3816
2024-03-11 06:40:00,3.6937
2024-03-11 06:50:00,3.3434
2024-03-11 07:00:00,3.3545
2024-03-11 07:10:00,3.4524
2024-03-11 07:20:00,3.291
2024-03-11 07:30:00,3.1691
2024-03-11 07:40:00,3.2228
2024-03-11 07:50:00,2.9684
2024-03-11 08:00:00,2.7385
2024-03-11 08:10:00,2.5356
2024-03-11 08:20:00,2.3052
2024-03-11 08:30:00,2.1226
2024-03-11 08:40:00,1.963
2024-03-11 08:50:00,1.7626
2024-03-11 09:00:00,1.5294
2024-03-11 09:10:00,1.5463
2024-03-11 09:20:00,1.3772
2024-03-11 09:30:00,0.9913
2024-03-11 09:40:00,1.1049
2024-03-11 09:50:00,0.7624
2024-03-11 10:00:00,0.5315
2024-03-11 10:10:00,0.5062
2024-03-11 10:20:00,0.693
2024-03-11 10:30:00,0.6633
2024-03-11 10:40:00,0.3961
2024-03-11 10:50:00,0.5072
2024-03-11 11:00:00,0.3666
2024-03-11 11:10:00,0.6568
2024-03-11 11:20:00,0.097
2024-03-11 11:30:00,0.413
2024-03-11 11:40:00,0.3941
2024-03-11 11:50:00,0.5865
2024-03-11 12:00:00,0.4324
2024-03-11 12:10:00,0.0966
2024-03-11 12:20:00,0.2853
2024-03-11 12:30:00,0.3937
2024-03-11 12:40:00,0.2368
2024-03-11 12:50:00,0.3079
2024-03-11 13:00:00,0.2816
2024-03-11 13:10:00,0.2626
2024-03-11 13:20:00,0.2994
2024-03-11 13:30:00,0.3191
2024-03-11 13:40:00,0.4342
2024-03-11 13:50:00,0.2438
2024-03-11 14:00:00,0.3087
2024-03-11 14:10:00,0.4238
2024-03-11 14:20:00,0.401
2024-03-11 14:30:00,0.1127
2024-03-11 14:40:00,0.218
2024-03-11 14:50:00,0.2475
2024-03-11 15:00:00,0.2505
2024-03-11 15:10:00,0.3014
2024-03-11 15:20:00,0.1953
2024-03-11 15:30:00,0.05
2024-03-11 15:40:00,0.2068
2024-03-11 15:50:00,0.4442
2024-03-11 16:00:00,0.3306
2024-03-11 16:10:00,0.268
2024-03-11 16:20:00,0.3452
2024-03-11 16:30:00,0.3374
2024-03-11 16:40:00,0.6665
2024-03-11 16:50:00,0.426
2024-03-11 17:00:00,0.3004
2024-03-11 17:10:00,0.4464
2024-03-11 17:20:00,0.4378
2024-03-11 17:30:00,0.2927
2024-03-11 17:40:00,0.4449
2024-03-11 17:50:00,0.4871
2024-03-11 18:00:00,0.2945
2024-03-11 18:10:00,0.1728
2024-03-11 18:20:00,0.4285
2024-03-11 18:30:00,0.3033
2024-03-11 18:40:00,0.3584
2024-03-11 18:50:00,0.42
2024-03-11 19:00:00,0.5188
2024-03-11 19:10:00,0.2755
2024-03-11 19:20:00,0.2812
2024-03-11 19:30:00,0.3763
2024-03-11 19:40:00,0.1576
2024-03-11 19:50:00,0.2737
2024-03-11 20:00:00,0.4263
2024-03-11 20:10:00,0.3373
2024-03-11 20:20:00,0.4654
2024-03-11 20:30:00,0.2611
2024-03-11 20:40:00,0.505
2024-03-11 20:50:00,0.3354
2024-03-11 21:00:00,0.309
2024-03-11 21:10:00,0.4454
2024-03-11 21:20:00,0.1571
2024-03-11 21:30:00,0.2659
2024-03-11 21:40:00,0.3675
2024-03-11 21:50:00,0.3909
2024-03-11 22:00:00,0.05
2024-03-11 22:10:00,0.2237
2024-03-11 22:20:00,0.3185
2024-03-11 22:30:00,0.3154
2024-03-11 22:40:00,0.4079
2024-03-11 22:50:00,0.2833
2024-03-11 23:00:00,0.1949
2024-03-11 23:10:00,0.399
2024-03-11 23:20:00,0.1855
2024-03-11 23:30:00,0.2605
2024-03-11 23:40:00,0.2245
2024-03-11 23:50:00,0.2654
2024-03-12 00:00:00,0.05
2024-03-12 00:10:00,0.1994
2024-03-12 00:20:00,0.3561
2024-03-12 00:30:00,0.1945
2024-03-12 00:40:00,0.05
2024-03-12 00:50:00,0.05
2024-03-12 01:00:00,0.05
2024-03-12 01:10:00,0.1039
2024-03-12 01:20:00,0.05
2024-03-12 01:30:00,0.1585
2024-03-12 01:40:00,0.3045
2024-03-12 01:50:00,0.2408
2024-03-12 02:00:00,0.1745
2024-03-12 02:10:00,0.2151
2024-03-12 02:20:00,0.2728
2024-03-12 02:30:00,0.1735
2024-03-12 02:40:00,0.05
2024-03-12 02:50:00,0.3549
2024-03-12 03:00:00,0.301
2024-03-12 03:10:00,0.2924
2024-03-12 03:20:00,0.525
2024-03-12 03:30:00,0.5511
2024-03-12 03:40:00,0.688
2024-03-12 03:50:00,1.1578
2024-03-12 04:00:00,0.8606
2024-03-12 04:10:00,1.2868
2024-03-12 04:20:00,1.4046
2024-03-12 04:30:00,1.6261
2024-03-12 04:40:00,1.7858
2024-03-12 04:50:00,2.161
2024-03-12 05:00:00,2.5023
2024-03-12 05:10:00,2.6675
2024-03-12 05:20:00,2.8104
2024-03-12 05:30:00,2.9192
2024-03-12 05:40:00,2.9965
2024-03-12 05:50:00,3.2335
2024-03-12 06:00:00,3.4215
2024-03-12 06:10:00,3.3645
2024-03-12 06:20:00,3.3672
2024-03-12 06:30:00,3.6918
2024-03-12 06:40:00,3.3638
2024-03-12 06:50:00,3.591
2024-03-12 07:00:00,3.2938
2024-03-12 07:10:00,3.2893
2024-03-12 07:20:00,3.4124
2024-03-12 07:30:00,3.2205
2024-03-12 07:40:00,3.0189
2024-03-12 07:50:00,3.1249
2024-03-12 08:00:00,2.6114
2024-03-12 08:10:00,2.6623
2024-03-12 08:20:00,2.5696
2024-03-12 08:30:00,2.2195
2024-03-12 08:40:00,2.033
2024-03-12 08:50:00,1.8494
2024-03-12 09:00:00,1.4343
2024-03-12 09:10:00,1.3523
2024-03-12 09:20:00,1.4159
2024-03-12 09:30:00,1.0041
2024-03-12 09:40:00,0.9144
2024-03-12 09:50:00,0.6771
2024-03-12 10:00:00,0.6389
2024-03-12 10:10:00,0.7217
2024-03-12 10:20:00,0.3895
2024-03-12 10:30:00,0.2773
2024-03-12 10:40:00,0.5889
2024-03-12 10:50:00,0.4248
2024-03-12 11:00:00,0.2452
2024-03-12 11:10:00,0.4436
2024-03-12 11:20:00,0.2162
2024-03-12 11:30:00,0.3218
2024-03-12 11:40:00,0.2316
2024-03-12 11:50:00,0.0982
2024-03-12 12:00:00,0.4723
2024-03-12 12:10:00,0.2371
2024-03-12 12:20:00,0.5142
2024-03-12 12:30:00,0.3436
2024-03-12 12:40:00,0.2609
2024-03-12 12:50:00,0.1864
2024-03-12 13:00:00,0.3341
2024-03-12 13:10:00,0.3934
2024-03-12 13:20:00,0.4545
2024-03-12 13:30:00,0.4057
2024-03-12 13:40:00,0.2958
2024-03-12 13:50:00,0.3973
2024-03-12 14:00:00,0.2766
2024-03-12 14:10:00,0.5235
2024-03-12 14:20:00,0.2845
2024-03-12 14:30:00,0.3981
2024-03-12 14:40:00,0.05
2024-03-12 14:50:00,0.3922
2024-03-12 15:00:00,0.3783
2024-03-12 15:10:00,0.5799
2024-03-12 15:20:00,0.2718
2024-03-12 15:30:00,0.541
2024-03-12 15:40:00,0.334
2024-03-12 15:50:00,0.5265
2024-03-12 16:00:00,0.3723
2024-03-12 16:10:00,0.2554
2024-03-12 16:20:00,0.5132
2024-03-12 16:30:00,0.2827
2024-03-12 16:40:00,0.2816
2024-03-12 16:50:00,0.363
2024-03-12 17:00:00,0.3321
2024-03-12 17:10:00,0.4001
2024-03-12 17:20:00,0.3615
2024-03-12 17:30:00,0.4022
2024-03-12 17:40:00,0.4002
2024-03-12 17:50:00,0.1682
2024-03-12 18:00:00,0.0709
2024-03-12 18:10:00,0.3646
2024-03-12 18:20:00,0.2386
2024-03-12 18:30:00,0.2238
2024-03-12 18:40:00,0.293
2024-03-12 18:50:00,0.363
2024-03-12 19:00:00,0.3122
2024-03-12 19:10:00,0.4226
2024-03-12 19:20:00,0.2108
2024-03-12 19:30:00,0.568
2024-03-12 19:40:00,0.4505
2024-03-12 19:50:00,0.2879
2024-03-12 20:00:00,0.593
2024-03-12 20:10:00,0.05
2024-03-12 20:20:00,0.4644
2024-03-12 20:30:00,0.334
2024-03-12 20:40:00,0.486
2024-03-12 20:50:00,0.2655
2024-03-12 21:00:00,0.1806
2024-03-12 21:10:00,0.3593
2024-03-12 21:20:00,0.2638
2024-03-12 21:30:00,0.3635
2024-03-12 21:40:00,0.3747
2024-03-12 21:50:00,0.1211
2024-03-12 22:00:00,0.4455
2024-03-12 22:10:00,0.05
2024-03-12 22:20:00,0.7173
2024-03-12 22:30:00,0.3625
2024-03-12 22:40:00,0.236
2024-03-12 22:50:00,0.1157
2024-03-12 23:00:00,0.4056
2024-03-12 23:10:00,0.3793
2024-03-12 23:20:00,0.3177
2024-03-12 23:30:00,0.2808
2024-03-12 23:40:00,0.4155
2024-03-12 23:50:00,0.05
2024-03-13 00:00:00,0.0975
2024-03-13 00:10:00,0.3326
2024-03-13 00:20:00,0.1775
2024-03-13 00:30:00,0.3173
2024-03-13 00:40:00,0.0709
2024-03-13 00:50:00,0.1683
2024-03-13 01:00:00,0.0927
2024-03-13 01:10:00,0.3472
2024-03-13 01:20:00,0.0619
2024-03-13 01:30:00,0.237
2024-03-13 01:40:00,0.136
2024-03-13 01:50:00,0.05
2024-03-13 02:00:00,0.1504
2024-03-13 02:10:00,0.1373
2024-03-13 02:20:00,0.05
2024-03-13 02:30:00,0.05
2024-03-13 02:40:00,0.1372
2024-03-13 02:50:00,0.3804
2024-03-13 03:00:00,0.3674
2024-03-13 03:10:00,0.2975
2024-03-13 03:20:00,0.2642
2024-03-13 03:30:00,0.76
2024-03-13 03:40:00,0.8245
2024-03-13 03:50:00,0.7155
2024-03-13 04:00:00,0.9202
2024-03-13 04:10:00,1.2184
2024-03-13 04:20:00,1.7138
2024-03-13 04:30:00,1.6282
2024-03-13 04:40:00,1.8608
2024-03-13 04:50:00,1.8533
2024-03-13 05:00:00,2.3733
2024-03-13 05:10:00,2.872
2024-03-13 05:20:00,2.8986
2024-03-13 05:30:00,3.0118
2024-03-13 05:40:00,3.0298
2024-03-13 05:50:00,3.0282
2024-03-13 06:00:00,3.4335
2024-03-13 06:10:00,3.3831
2024-03-13 06:20:00,3.5258
2024-03-13 06:30:00,3.2423
2024-03-13 06:40:00,3.5715
2024-03-13 06:50:00,3.7359
2024-03-13 07:00:00,3.3368
2024-03-13 07:10:00,3.0281
2024-03-13 07:20:00,3.45
2024-03-13 07:30:00,2.7797
2024-03-13 07:40:00,3.2296
2024-03-13 07:50:00,2.9163
2024-03-13 08:00:00,3.0944
2024-03-13 08:10:00,2.4157
2024-03-13 08:20:00,2.4591
2024-03-13 08:30:00,1.9695
2024-03-13 08:40:00,2.2095
2024-03-13 08:50:00,1.9059
2024-03-13 09:00:00,1.6819
2024-03-13 09:10:00,1.5724
2024-03-13 09:20:00,1.0709
2024-03-13 09:30:00,1.1832
2024-03-13 09:40:00,1.2167
2024-03-13 09:50:00,0.682
2024-03-13 10:00:00,0.8702
2024-03-13 10:10:00,0.7382
2024-03-13 10:20:00,0.4812
2024-03-13 10:30:00,0.5062
2024-03-13 10:40:00,0.8044
2024-03-13 10:50:00,0.4888
2024-03-13 11:00:00,0.6645
2024-03-13 11:10:00,0.3508
2024-03-13 11:20:00,0.4361
2024-03-13 11:30:00,0.3114
2024-03-13 11:40:00,0.4012
2024-03-13 11:50:00,0.2316
2024-03-13 12:00:00,0.1358
2024-03-13 12:10:00,0.2641
2024-03-13 12:20:00,0.5761
2024-03-13 12:30:00,0.0601
2024-03-13 12:40:00,0.3535
2024-03-13 12:50:00,0.3136
2024-03-13 13:00:00,0.3476
2024-03-13 13:10:00,0.206
2024-03-13 13:20:00,0.475
2024-03-13 13:30:00,0.321
2024-03-13 13:40:00,0.6151
2024-03-13 13:50:00,0.1814
2024-03-13 14:00:00,0.4336
2024-03-13 14:10:00,0.3336
2024-03-13 14:20:00,0.2759
2024-03-13 14:30:00,0.1416
2024-03-13 14:40:00,0.609
2024-03-13 14:50:00,0.2307
2024-03-13 15:00:00,0.4025
2024-03-13 15:10:00,0.2498
2024-03-13 15:20:00,0.4794
2024-03-13 15:30:00,0.2027
2024-03-13 15:40:00,0.5448
2024-03-13 15:50:00,0.2008
2024-03-13 16:00:00,0.3559
2024-03-13 16:10:00,0.343
2024-03-13 16:20:00,0.2848
2024-03-13 16:30:00,0.2088
2024-03-13 16:40:00,0.2887
2024-03-13 16:50:00,0.3592
2024-03-13 17:00:00,0.192
2024-03-13 17:10:00,0.2242
2024-03-13 17:20:00,0.1739
2024-03-13 17:30:00,0.3313
2024-03-13 17:40:00,0.6042
2024-03-13 17:50:00,0.3461
2024-03-13 18:00:00,0.1944
2024-03-13 18:10:00,0.3245
2024-03-13 18:20:00,0.4207
2024-03-13 18:30:00,0.3791
2024-03-13 18:40:00,0.4208
2024-03-13 18:50:00,0.1219
2024-03-13 19:00:00,0.4102
2024-03-13 19:10:00,0.4
2024-03-13 19:20:00,0.2093
2024-03-13 19:30:00,0.6218
2024-03-13 19:40:00,0.0961
2024-03-13 19:50:00,0.5213
2024-03-13 20:00:00,0.2747
2024-03-13 20:10:00,0.2966
2024-03-13 20:20:00,0.3805
2024-03-13 20:30:00,0.1026
2024-03-13 20:40:00,0.6885
2024-03-13 20:50:00,0.3582
2024-03-13 21:00:00,0.1482
2024-03-13 21:10:00,0.2893
2024-03-13 21:20:00,0.3206
2024-03-13 21:30:00,0.3485
2024-03-13 21:40:00,0.2204
2024-03-13 21:50:00,0.48
2024-03-13 22:00:00,0.4895
2024-03-13 22:10:00,0.5876
2024-03-13 22:20:00,0.3743
2024-03-13 22:30:00,0.4834
2024-03-13 22:40:00,0.556
2024-03-13 22:50:00,0.0924
2024-03-13 23:00:00,0.6234
2024-03-13 23:10:00,0.4286
2024-03-13 23:20:00,0.2406
2024-03-13 23:30:00,0.305
2024-03-13 23:40:00,0.2686
2024-03-13 23:50:00,0.1684
2024-03-14 00:00:00,0.4474
2024-03-14 00:10:00,0.5213
2024-03-14 00:20:00,0.05
2024-03-14 00:30:00,0.4568
2024-03-14 00:40:00,0.1981
2024-03-14 00:50:00,0.2569
2024-03-14 01:00:00,0.05
2024-03-14 01:10:00,0.1262
2024-03-14 01:20:00,0.2978
2024-03-14 01:30:00,0.05
2024-03-14 01:40:00,0.1833
2024-03-14 01:50:00,0.2345
2024-03-14 02:00:00,0.05
2024-03-14 02:10:00,0.05
2024-03-14 02:20:00,0.0743
2024-03-14 02:30:00,0.3282
2024-03-14 02:40:00,0.2281
2024-03-14 02:50:00,0.3422
2024-03-14 03:00:00,0.05
2024-03-14 03:10:00,0.2994
2024-03-14 03:20:00,0.4387
2024-03-14 03:30:00,0.4421
2024-03-14 03:40:00,0.6823
2024-03-14 03:50:00,0.9491
2024-03-14 04:00:00,1.0044
2024-03-14 04:10:00,1.2584
2024-03-14 04:20:00,1.641
2024-03-14 04:30:00,1.6631
2024-03-14 04:40:00,2.0923
2024-03-14 04:50:00,2.1499
2024-03-14 05:00:00,2.297
2024-03-14 05:10:00,2.7808
2024-03-14 05:20:00,2.808
2024-03-14 05:30:00,2.6031
2024-03-14 05:40:00,2.8382
2024-03-14 05:50:00,3.1292
2024-03-14 06:00:00,3.2751
2024-03-14 06:10:00,3.4472
2024-03-14 06:20:00,3.4801
2024-03-14 06:30:00,3.3674
2024-03-14 06:40:00,3.4861
2024-03-14 06:50:00,3.4281
2024-03-14 07:00:00,3.363
2024-03-14 07:10:00,3.297
2024-03-14 07:20:00,3.6746
2024-03-14 07:30:00,3.0286
2024-03-14 07:40:00,2.9325
2024-03-14 07:50:00,2.8943
2024-03-14 08:00:00,2.9521
2024-03-14 08:10:00,2.5765
2024-03-14 08:20:00,2.437
2024-03-14 08:30:00,2.479
2024-03-14 08:40:00,2.0594
2024-03-14 08:50:00,1.6873
2024-03-14 09:00:00,1.7987
2024-03-14 09:10:00,1.4457
2024-03-14 09:20:00,1.2251
2024-03-14 09:30:00,0.9717
2024-03-14 09:40:00,0.9753
2024-03-14 09:50:00,0.7198
2024-03-14 10:00:00,0.7237
2024-03-14 10:10:00,0.6045
2024-03-14 10:20:00,0.7125
2024-03-14 10:30:00,0.3217
2024-03-14 10:40:00,0.3458
2024-03-14 10:50:00,0.5023
2024-03-14 11:00:00,0.3213
2024-03-14 11:10:00,0.2653
2024-03-14 11:20:00,0.3694
2024-03-14 11:30:00,0.299
2024-03-14 11:40:00,0.1524
2024-03-14 11:50:00,0.05
2024-03-14 12:00:00,0.5188
2024-03-14 12:10:00,0.4128
2024-03-14 12:20:00,0.531
2024-03-14 12:30:00,0.1194
2024-03-14 12:40:00,0.6025
2024-03-14 12:50:00,0.3116
2024-03-14 13:00:00,0.0877
2024-03-14 13:10:00,0.4233
2024-03-14 13:20:00,0.2344
2024-03-14 13:30:00,0.5202
2024-03-14 13:40:00,0.1755
2024-03-14 13:50:00,0.4566
2024-03-14 14:00:00,0.1193
2024-03-14 14:10:00,0.291
2024-03-14 14:20:00,0.43
2024-03-14 14:30:00,0.4979
2024-03-14 14:40:00,0.05
2024-03-14 14:50:00,0.3761
2024-03-14 15:00:00,0.4512
2024-03-14 15:10:00,0.253
2024-03-14 15:20:00,0.2609
2024-03-14 15:30:00,0.05
2024-03-14 15:40:00,0.3566
2024-03-14 15:50:00,0.3038
2024-03-14 16:00:00,0.2406
2024-03-14 16:10:00,0.2609
2024-03-14 16:20:00,0.2038
2024-03-14 16:30:00,0.3712
2024-03-14 16:40:00,0.3349
2024-03-14 16:50:00,0.3785
2024-03-14 17:00:00,0.3393
2024-03-14 17:10:00,0.4246
2024-03-14 17:20:00,0.5059
2024-03-14 17:30:00,0.1971
2024-03-14 17:40:00,0.1999
2024-03-14 17:50:00,0.2826
2024-03-14 18:00:00,0.2328
2024-03-14 18:10:00,0.502
2024-03-14 18:20:00,0.3479
2024-03-14 18:30:00,0.2293
2024-03-14 18:40:00,0.3403
2024-03-14 18:50:00,0.313
2024-03-14 19:00:00,0.3626
2024-03-14 19:10:00,0.3194
2024-03-14 19:20:00,0.3333
2024-03-14 19:30:00,0.4511
2024-03-14 19:40:00,0.2201
2024-03-14 19:50:00,0.2885
2024-03-14 20:00:00,0.4253
2024-03-14 20:10:00,0.3983
2024-03-14 20:20:00,0.1752
2024-03-14 20:30:00,0.2076
2024-03-14 20:40:00,0.1537
2024-03-14 20:50:00,0.2873
2024-03-14 21:00:00,0.4408
2024-03-14 21:10:00,0.3994
2024-03-14 21:20:00,0.3097
2024-03-14 21:30:00,0.1127
2024-03-14 21:40:00,0.4719
2024-03-14 21:50:00,0.2695
2024-03-14 22:00:00,0.2853
2024-03-14 22:10:00,0.2796
2024-03-14 22:20:00,0.1349
2024-03-14 22:30:00,0.524
2024-03-14 22:40:00,0.55
2024-03-14 22:50:00,0.3041
2024-03-14 23:00:00,0.1248
2024-03-14 23:10:00,0.4655
2024-03-14 23:20:00,0.4089
2024-03-14 23:30:00,0.3058
2024-03-14 23:40:00,0.6682
2024-03-14 23:50:00,0.4511
2024-03-15 00:00:00,0.1481
2024-03-15 00:10:00,0.05
2024-03-15 00:20:00,0.1856
2024-03-15 00:30:00,0.4924
2024-03-15 00:40:00,0.1553
2024-03-15 00:50:00,0.171
2024-03-15 01:00:00,0.05
2024-03-15 01:10:00,0.0724
2024-03-15 01:20:00,0.1011
2024-03-15 01:30:00,0.1215
2024-03-15 01:40:00,0.077
2024-03-15 01:50:00,0.0735
2024-03-15 02:00:00,0.05
2024-03-15 02:10:00,0.1922
2024-03-15 02:20:00,0.2437
2024-03-15 02:30:00,0.2764
2024-03-15 02:40:00,0.05
2024-03-15 02:50:00,0.05
2024-03-15 03:00:00,0.2557
2024-03-15 03:10:00,0.4749
2024-03-15 03:20:00,0.4648
2024-03-15 03:30:00,0.5263
2024-03-15 03:40:00,0.8249
2024-03-15 03:50:00,1.2521
2024-03-15 04:00:00,0.941
2024-03-15 04:10:00,1.4852
2024-03-15 04:20:00,1.4705
2024-03-15 04:30:00,1.6549
2024-03-15 04:40:00,2.0724
2024-03-15 04:50:00,2.1532
2024-03-15 05:00:00,2.2334
2024-03-15 05:10:00,2.6007
2024-03-15 05:20:00,2.8099
2024-03-15 05:30:00,2.9567
2024-03-15 05:40:00,3.1218
2024-03-15 05:50:00,3.1848
2024-03-15 06:00:00,3.4576
2024-03-15 06:10:00,3.4491
2024-03-15 06:20:00,3.2511
2024-03-15 06:30:00,3.2642
2024-03-15 06:40:00,3.7018
2024-03-15 06:50:00,3.5886
2024-03-15 07:00:00,3.4742
2024-03-15 07:10:00,3.3127
2024-03-15 07:20:00,3.3459
2024-03-15 07:30:00,3.3214
2024-03-15 07:40:00,3.0943
2024-03-15 07:50:00,3.0126
2024-03-15 08:00:00,3.0167
2024-03-15 08:10:00,2.436
2024-03-15 08:20:00,2.3809
2024-03-15 08:30:00,2.3559
2024-03-15 08:40:00,1.9021
2024-03-15 08:50:00,1.7995
2024-03-15 09:00:00,1.3997
2024-03-15 09:10:00,1.7034
2024-03-15 09:20:00,1.2154
2024-03-15 09:30:00,1.0966
2024-03-15 09:40:00,0.892
2024-03-15 09:50:00,0.8607
2024-03-15 10:00:00,0.7537
2024-03-15 10:10:00,0.4073
2024-03-15 10:20:00,0.3471
2024-03-15 10:30:00,0.6467
2024-03-15 10:40:00,0.5933
2024-03-15 10:50:00,0.5164
2024-03-15 11:00:00,0.182
2024-03-15 11:10:00,0.5162
2024-03-15 11:20:00,0.1783
2024-03-15 11:30:00,0.2974
2024-03-15 11:40:00,0.2343
2024-03-15 11:50:00,0.722
2024-03-15 12:00:00,0.3453
2024-03-15 12:10:00,0.3253
2024-03-15 12:20:00,0.3729
2024-03-15 12:30:00,0.414
2024-03-15 12:40:00,0.2127
2024-03-15 12:50:00,0.4992
2024-03-15 13:00:00,0.2954
2024-03-15 13:10:00,0.05
2024-03-15 13:20:00,0.2089
2024-03-15 13:30:00,0.5841
2024-03-15 13:40:00,0.4121
2024-03-15 13:50:00,0.2773
2024-03-15 14:00:00,0.434
2024-03-15 14:10:00,0.1419
2024-03-15 14:20:00,0.44
2024-03-15 14:30:00,0.5187
2024-03-15 14:40:00,0.2303
2024-03-15 14:50:00,0.4122
2024-03-15 15:00:00,0.4758
2024-03-15 15:10:00,0.0575
2024-03-15 15:20:00,0.2006
2024-03-15 15:30:00,0.2971
2024-03-15 15:40:00,0.4145
2024-03-15 15:50:00,0.3672
2024-03-15 16:00:00,0.3381
2024-03-15 16:10:00,0.3269
2024-03-15 16:20:00,0.2326
2024-03-15 16:30:00,0.1201
2024-03-15 16:40:00,0.3427
2024-03-15 16:50:00,0.2997
2024-03-15 17:00:00,0.3241
2024-03-15 17:10:00,0.2959
2024-03-15 17:20:00,0.4077
2024-03-15 17:30:00,0.1626
2024-03-15 17:40:00,0.3675
2024-03-15 17:50:00,0.1417
2024-03-15 18:00:00,0.3604
2024-03-15 18:10:00,0.3716
2024-03-15 18:20:00,0.1767
2024-03-15 18:30:00,0.4669
2024-03-15 18:40:00,0.4182
2024-03-15 18:50:00,0.2654
2024-03-15 19:00:00,0.2655
2024-03-15 19:10:00,0.3151
2024-03-15 19:20:00,0.1865
2024-03-15 19:30:00,0.2681
2024-03-15 19:40:00,0.4678
2024-03-15 19:50:00,0.4874
2024-03-15 20:00:00,0.5306
2024-03-15 20:10:00,0.4215
2024-03-15 20:20:00,0.3375
2024-03-15 20:30:00,0.2632
2024-03-15 20:40:00,0.2288
2024-03-15 20:50:00,0.3064
2024-03-15 21:00:00,0.4084
2024-03-15 21:10:00,0.3264
2024-03-15 21:20:00,0.2831
2024-03-15 21:30:00,0.5974
2024-03-15 21:40:00,0.1394
2024-03-15 21:50:00,0.3958
2024-03-15 22:00:00,0.0668
2024-03-15 22:10:00,0.2781
2024-03-15 22:20:00,0.2073
2024-03-15 22:30:00,0.3114
2024-03-15 22:40:00,0.3132
2024-03-15 22:50:00,0.1894
2024-03-15 23:00:00,0.2235
2024-03-15 23:10:00,0.2098
2024-03-15 23:20:00,0.6323
2024-03-15 23:30:00,0.1589
2024-03-15 23:40:00,0.384
2024-03-15 23:50:00,0.054
2024-03-16 00:00:00,0.1878
2024-03-16 00:10:00,0.3683
2024-03-16 00:20:00,0.3421
2024-03-16 00:30:00,0.1725
2024-03-16 00:40:00,0.2505
2024-03-16 00:50:00,0.137
2024-03-16 01:00:00,0.1247
2024-03-16 01:10:00,0.05
2024-03-16 01:20:00,0.05
2024-03-16 01:30:00,0.0533
2024-03-16 01:40:00,0.2322
2024-03-16 01:50:00,0.2154
2024-03-16 02:00:00,0.05
2024-03-16 02:10:00,0.0837
2024-03-16 02:20:00,0.2879
2024-03-16 02:30:00,0.1815
2024-03-16 02:40:00,0.1211
2024-03-16 02:50:00,0.05
2024-03-16 03:00:00,0.2481
2024-03-16 03:10:00,0.3955
2024-03-16 03:20:00,0.3511
2024-03-16 03:30:00,0.5201
2024-03-16 03:40:00,0.4885
2024-03-16 03:50:00,0.81
2024-03-16 04:00:00,0.872
2024-03-16 04:10:00,0.9582
2024-03-16 04:20:00,1.3537
2024-03-16 04:30:00,1.557
2024-03-16 04:40:00,1.3287
2024-03-16 04:50:00,1.6945
2024-03-16 05:00:00,1.8416
2024-03-16 05:10:00,2.0577
2024-03-16 05:20:00,2.3028
2024-03-16 05:30:00,2.1654
2024-03-16 05:40:00,2.6195
2024-03-16 05:50:00,2.4935
2024-03-16 06:00:00,2.5643
2024-03-16 06:10:00,2.789
2024-03-16 06:20:00,2.9495
2024-03-16 06:30:00,2.8493
2024-03-16 06:40:00,2.8051
2024-03-16 06:50:00,2.6882
2024-03-16 07:00:00,2.7497
2024-03-16 07:10:00,2.6359
2024-03-16 07:20:00,2.4509
2024-03-16 07:30:00,2.5727
2024-03-16 07:40:00,2.5861
2024-03-16 07:50:00,2.3059
2024-03-16 08:00:00,2.4402
2024-03-16 08:10:00,2.0212
2024-03-16 08:20:00,1.8124
2024-03-16 08:30:00,2.0779
2024-03-16 08:40:00,1.6276
2024-03-16 08:50:00,1.4228
2024-03-16 09:00:00,1.3159
2024-03-16 09:10:00,1.1691
2024-03-16 09:20:00,0.9452
2024-03-16 09:30:00,0.8967
2024-03-16 09:40:00,0.7044
2024-03-16 09:50:00,0.5073
2024-03-16 10:00:00,0.5056
2024-03-16 10:10:00,0.3905
2024-03-16 10:20:00,0.4383
2024-03-16 10:30:00,0.3216
2024-03-16 10:40:00,0.5999
2024-03-16 10:50:00,0.3694
2024-03-16 11:00:00,0.05
2024-03-16 11:10:00,0.1223
2024-03-16 11:20:00,0.2933
2024-03-16 11:30:00,0.3559
2024-03-16 11:40:00,0.3186
2024-03-16 11:50:00,0.3332
2024-03-16 12:00:00,0.1694
2024-03-16 12:10:00,0.5281
2024-03-16 12:20:00,0.1766
2024-03-16 12:30:00,0.3768
2024-03-16 12:40:00,0.07
2024-03-16 12:50:00,0.0693
2024-03-16 13:00:00,0.3166
2024-03-16 13:10:00,0.3549
2024-03-16 13:20:00,0.148
2024-03-16 13:30:00,0.4054
2024-03-16 13:40:00,0.3146
2024-03-16 13:50:00,0.2911
2024-03-16 14:00:00,0.3105
2024-03-16 14:10:00,0.2856
2024-03-16 14:20:00,0.1298
2024-03-16 14:30:00,0.4756
2024-03-16 14:40:00,0.3683
2024-03-16 14:50:00,0.2471
2024-03-16 15:00:00,0.402
2024-03-16 15:10:00,0.4665
2024-03-16 15:20:00,0.3884
2024-03-16 15:30:00,0.3231
2024-03-16 15:40:00,0.1727
2024-03-16 15:50:00,0.1772
2024-03-16 16:00:00,0.05
2024-03-16 16:10:00,0.2946
2024-03-16 16:20:00,0.2555
2024-03-16 16:30:00,0.05
2024-03-16 16:40:00,0.05
2024-03-16 16:50:00,0.4799
2024-03-16 17:00:00,0.05
2024-03-16 17:10:00,0.3271
2024-03-16 17:20:00,0.0661
2024-03-16 17:30:00,0.4414
2024-03-16 17:40:00,0.3432
2024-03-16 17:50:00,0.3298
2024-03-16 18:00:00,0.1355
2024-03-16 18:10:00,0.3152
2024-03-16 18:20:00,0.2047
2024-03-16 18:30:00,0.0632
2024-03-16 18:40:00,0.2167
2024-03-16 18:50:00,0.1536
2024-03-16 19:00:00,0.1367
2024-03-16 19:10:00,0.293
2024-03-16 19:20:00,0.0685
2024-03-16 19:30:00,0.4525
2024-03-16 19:40:00,0.3706
2024-03-16 19:50:00,0.2279
2024-03-16 20:00:00,0.4637
2024-03-16 20:10:00,0.1569
2024-03-16 20:20:00,0.2892
2024-03-16 20:30:00,0.3083
2024-03-16 20:40:00,0.1005
2024-03-16 20:50:00,0.3776
2024-03-16 21:00:00,0.1506
2024-03-16 21:10:00,0.3507
2024-03-16 21:20:00,0.2755
2024-03-16 21:30:00,0.1618
2024-03-16 21:40:00,0.2346
2024-03-16 21:50:00,0.321
2024-03-16 22:00:00,0.3452
2024-03-16 22:10:00,0.05
2024-03-16 22:20:00,0.3236
2024-03-16 22:30:00,0.1468
2024-03-16 22:40:00,0.0954
2024-03-16 22:50:00,0.2513
2024-03-16 23:00:00,0.134
2024-03-16 23:10:00,0.2527
2024-03-16 23:20:00,0.1576
2024-03-16 23:30:00,0.2966
2024-03-16 23:40:00,0.3662
2024-03-16 23:50:00,0.4068
2024-03-17 00:00:00,0.1141
2024-03-17 00:10:00,0.1556
2024-03-17 00:20:00,0.0538
2024-03-17 00:30:00,0.0974
2024-03-17 00:40:00,0.0599
2024-03-17 00:50:00,0.1944
2024-03-17 01:00:00,0.1053
2024-03-17 01:10:00,0.1033
2024-03-17 01:20:00,0.2043
2024-03-17 01:30:00,0.1908
2024-03-17 01:40:00,0.05
2024-03-17 01:50:00,0.05
2024-03-17 02:00:00,0.2021
2024-03-17 02:10:00,0.1909
2024-03-17 02:20:00,0.05
2024-03-17 02:30:00,0.1155
2024-03-17 02:40:00,0.3215
2024-03-17 02:50:00,0.3702
2024-03-17 03:00:00,0.0618
2024-03-17 03:10:00,0.2351
2024-03-17 03:20:00,0.1465
2024-03-17 03:30:00,0.4173
2024-03-17 03:40:00,0.5195
2024-03-17 03:50:00,0.4043
2024-03-17 04:00:00,1.0241
2024-03-17 04:10:00,1.235
2024-03-17 04:20:00,1.3815
2024-03-17 04:30:00,1.5214
2024-03-17 04:40:00,1.3513
2024-03-17 04:50:00,1.9953
2024-03-17 05:00:00,1.9283
2024-03-17 05:10:00,2.1426
2024-03-17 05:20:00,2.3728
2024-03-17 05:30:00,2.4368
2024-03-17 05:40:00,2.7052
2024-03-17 05:50:00,2.4956
2024-03-17 06:00:00,2.86
2024-03-17 06:10:00,2.5419
2024-03-17 06:20:00,2.8294
2024-03-17 06:30:00,2.7281
2024-03-17 06:40:00,2.8305
2024-03-17 06:50:00,2.9504
2024-03-17 07:00:00,2.8899
2024-03-17 07:10:00,2.706
2024-03-17 07:20:00,2.4799
2024-03-17 07:30:00,2.3969
2024-03-17 07:40:00,2.615
2024-03-17 07:50:00,2.359
2024-03-17 08:00:00,2.1308
2024-03-17 08:10:00,1.9561
2024-03-17 08:20:00,2.005
2024-03-17 08:30:00,2.008
2024-03-17 08:40:00,1.5861
2024-03-17 08:50:00,1.5873
2024-03-17 09:00:00,1.1589
2024-03-17 09:10:00,1.2558
2024-03-17 09:20:00,1.2165
2024-03-17 09:30:00,0.7941
2024-03-17 09:40:00,0.8815
2024-03-17 09:50:00,0.7031
2024-03-17 10:00:00,0.5821
2024-03-17 10:10:00,0.3262
2024-03-17 10:20:00,0.2997
2024-03-17 10:30:00,0.4593
2024-03-17 10:40:00,0.3507
2024-03-17 10:50:00,0.3819
2024-03-17 11:00:00,0.4987
2024-03-17 11:10:00,0.1149
2024-03-17 11:20:00,0.4698
2024-03-17 11:30:00,0.1369
2024-03-17 11:40:00,0.2485
2024-03-17 11:50:00,0.1994
2024-03-17 12:00:00,0.1453
2024-03-17 12:10:00,0.5266
2024-03-17 12:20:00,0.2897
2024-03-17 12:30:00,0.4576
2024-03-17 12:40:00,0.1246
2024-03-17 12:50:00,0.2522
2024-03-17 13:00:00,0.1013
2024-03-17 13:10:00,0.0607
2024-03-17 13:20:00,0.3154
2024-03-17 13:30:00,0.2756
2024-03-17 13:40:00,0.3695
2024-03-17 13:50:00,0.5852
2024-03-17 14:00:00,0.1024
2024-03-17 14:10:00,0.2038
2024-03-17 14:20:00,0.3377
2024-03-17 14:30:00,0.1587
2024-03-17 14:40:00,0.3014
2024-03-17 14:50:00,0.1994
2024-03-17 15:00:00,0.21
2024-03-17 15:10:00,0.1172
2024-03-17 15:20:00,0.3113
2024-03-17 15:30:00,0.301
2024-03-17 15:40:00,0.231
2024-03-17 15:50:00,0.3466
2024-03-17 16:00:00,0.201
2024-03-17 16:10:00,0.5854
2024-03-17 16:20:00,0.394
2024-03-17 16:30:00,0.378
2024-03-17 16:40:00,0.062
2024-03-17 16:50:00,0.2535
2024-03-17 17:00:00,0.1723
2024-03-17 17:10:00,0.2076
2024-03-17 17:20:00,0.2984
2024-03-17 17:30:00,0.2307
2024-03-17 17:40:00,0.2348
2024-03-17 17:50:00,0.4196
2024-03-17 18:00:00,0.1654
2024-03-17 18:10:00,0.2625
2024-03-17 18:20:00,0.1615
2024-03-17 18:30:00,0.1627
2024-03-17 18:40:00,0.2338
2024-03-17 18:50:00,0.418
2024-03-17 19:00:00,0.0999
2024-03-17 19:10:00,0.2391
2024-03-17 19:20:00,0.257
2024-03-17 19:30:00,0.0549
2024-03-17 19:40:00,0.1653
2024-03-17 19:50:00,0.3616
2024-03-17 20:00:00,0.3158
2024-03-17 20:10:00,0.3133
2024-03-17 20:20:00,0.2985
2024-03-17 20:30:00,0.5315
2024-03-17 20:40:00,0.2841
2024-03-17 20:50:00,0.1206
2024-03-17 21:00:00,0.1157
2024-03-17 21:10:00,0.2353
2024-03-17 21:20:00,0.2203
2024-03-17 21:30:00,0.1937
2024-03-17 21:40:00,0.3609
2024-03-17 21:50:00,0.4499
2024-03-17 22:00:00,0.2405
2024-03-17 22:10:00,0.1101
2024-03-17 22:20:00,0.3274
2024-03-17 22:30:00,0.2271
2024-03-17 22:40:00,0.2396
2024-03-17 22:50:00,0.2117
2024-03-17 23:00:00,0.194
2024-03-17 23:10:00,0.0779
2024-03-17 23:20:00,0.2388
2024-03-17 23:30:00,0.226
2024-03-17 23:40:00,0.1628
2024-03-17 23:50:00,0.0595
2024-03-18 00:00:00,0.3664
2024-03-18 00:10:00,0.0837
2024-03-18 00:20:00,0.2451
2024-03-18 00:30:00,0.2836
2024-03-18 00:40:00,0.05
2024-03-18 00:50:00,0.1098
2024-03-18 01:00:00,0.2706
2024-03-18 01:10:00,0.0764
2024-03-18 01:20:00,0.05
2024-03-18 01:30:00,0.173
2024-03-18 01:40:00,0.05
2024-03-18 01:50:00,0.0743
2024-03-18 02:00:00,0.0598
2024-03-18 02:10:00,0.1986
2024-03-18 02:20:00,0.2811
2024-03-18 02:30:00,0.3326
2024-03-18 02:40:00,0.3134
2024-03-18 02:50:00,0.163
2024-03-18 03:00:00,0.2863
2024-03-18 03:10:00,0.0992
2024-03-18 03:20:00,0.5575
2024-03-18 03:30:00,0.536
2024-03-18 03:40:00,0.5553
2024-03-18 03:50:00,1.0977
2024-03-18 04:00:00,1.2048
2024-03-18 04:10:00,1.5123
2024-03-18 04:20:00,1.4413
2024-03-18 04:30:00,1.5254
2024-03-18 04:40:00,2.1566
2024-03-18 04:50:00,2.1039
2024-03-18 05:00:00,2.3888
2024-03-18 05:10:00,2.7968
2024-03-18 05:20:00,2.6463
2024-03-18 05:30:00,2.9098
2024-03-18 05:40:00,2.9879
2024-03-18 05:50:00,3.2328
2024-03-18 06:00:00,3.323
2024-03-18 06:10:00,3.2908
2024-03-18 06:20:00,3.442
2024-03-18 06:30:00,3.5691
2024-03-18 06:40:00,3.592
2024-03-18 06:50:00,3.5158
2024-03-18 07:00:00,3.4758
2024-03-18 07:10:00,3.1839
2024-03-18 07:20:00,3.4568
2024-03-18 07:30:00,3.2353
2024-03-18 07:40:00,3.2432
2024-03-18 07:50:00,2.9969
2024-03-18 08:00:00,2.8964
2024-03-18 08:10:00,2.459
2024-03-18 08:20:00,2.7938
2024-03-18 08:30:00,2.2528
2024-03-18 08:40:00,2.1421
2024-03-18 08:50:00,1.8994
2024-03-18 09:00:00,1.5329
2024-03-18 09:10:00,1.3393
2024-03-18 09:20:00,1.2759
2024-03-18 09:30:00,0.9834
2024-03-18 09:40:00,1.1995
2024-03-18 09:50:00,0.894
2024-03-18 10:00:00,0.9044
2024-03-18 10:10:00,0.7364
2024-03-18 10:20:00,0.4405
2024-03-18 10:30:00,0.5696
2024-03-18 10:40:00,0.5808
2024-03-18 10:50:00,0.4319
2024-03-18 11:00:00,0.2754
2024-03-18 11:10:00,0.3182
2024-03-18 11:20:00,0.407
2024-03-18 11:30:00,0.4667
2024-03-18 11:40:00,0.1876
2024-03-18 11:50:00,0.2522
2024-03-18 12:00:00,0.4435
2024-03-18 12:10:00,0.1825
2024-03-18 12:20:00,0.3182
2024-03-18 12:30:00,0.3183
2024-03-18 12:40:00,0.4441
2024-03-18 12:50:00,0.3701
2024-03-18 13:00:00,0.3171
2024-03-18 13:10:00,0.3377
2024-03-18 13:20:00,0.3568
2024-03-18 13:30:00,0.3485
2024-03-18 13:40:00,0.4639
2024-03-18 13:50:00,0.4275
2024-03-18 14:00:00,0.3396
2024-03-18 14:10:00,0.4654
2024-03-18 14:20:00,0.6237
2024-03-18 14:30:00,0.4462
2024-03-18 14:40:00,0.2869
2024-03-18 14:50:00,0.1488
2024-03-18 15:00:00,0.2517
2024-03-18 15:10:00,0.3344
2024-03-18 15:20:00,0.622
2024-03-18 15:30:00,0.2823
2024-03-18 15:40:00,0.533
2024-03-18 15:50:00,0.3663
2024-03-18 16:00:00,0.26
2024-03-18 16:10:00,0.1921
2024-03-18 16:20:00,0.3057
2024-03-18 16:30:00,0.2328
2024-03-18 16:40:00,0.2254
2024-03-18 16:50:00,0.1588
2024-03-18 17:00:00,0.255
2024-03-18 17:10:00,0.2237
2024-03-18 17:20:00,0.3084
2024-03-18 17:30:00,0.3247
2024-03-18 17:40:00,0.2137
2024-03-18 17:50:00,0.2695
2024-03-18 18:00:00,0.3059
2024-03-18 18:10:00,0.4066
2024-03-18 18:20:00,0.4466
2024-03-18 18:30:00,0.2971
2024-03-18 18:40:00,0.3151
2024-03-18 18:50:00,0.1985
2024-03-18 19:00:00,0.303
2024-03-18 19:10:00,0.1815
2024-03-18 19:20:00,0.4014
2024-03-18 19:30:00,0.1737
2024-03-18 19:40:00,0.3617
2024-03-18 19:50:00,0.2512
2024-03-18 20:00:00,0.639
2024-03-18 20:10:00,0.4087
2024-03-18 20:20:00,0.4017
2024-03-18 20:30:00,0.3043
2024-03-18 20:40:00,0.4828
2024-03-18 20:50:00,0.3508
2024-03-18 21:00:00,0.2488
2024-03-18 21:10:00,0.4254
2024-03-18 21:20:00,0.326
2024-03-18 21:30:00,0.1343
2024-03-18 21:40:00,0.2038
2024-03-18 21:50:00,0.4944
2024-03-18 22:00:00,0.2893
2024-03-18 22:10:00,0.4269
2024-03-18 22:20:00,0.1606
2024-03-18 22:30:00,0.4622
2024-03-18 22:40:00,0.081
2024-03-18 22:50:00,0.1245
2024-03-18 23:00:00,0.1345
2024-03-18 23:10:00,0.3633
2024-03-18 23:20:00,0.3606
2024-03-18 23:30:00,0.2141
2024-03-18 23:40:00,0.0917
2024-03-18 23:50:00,0.4813
2024-03-19 00:00:00,0.3139
2024-03-19 00:10:00,0.3183
2024-03-19 00:20:00,0.2705
2024-03-19 00:30:00,0.05
2024-03-19 00:40:00,0.16
2024-03-19 00:50:00,0.1029
2024-03-19 01:00:00,0.05
2024-03-19 01:10:00,0.05
2024-03-19 01:20:00,0.1181
2024-03-19 01:30:00,0.1784
2024-03-19 01:40:00,0.0795
2024-03-19 01:50:00,0.1744
2024-03-19 02:00:00,0.2479
2024-03-19 02:10:00,0.1701
2024-03-19 02:20:00,0.2171
2024-03-19 02:30:00,0.05
2024-03-19 02:40:00,0.0611
2024-03-19 02:50:00,0.05
2024-03-19 03:00:00,0.2134
2024-03-19 03:10:00,0.0541
2024-03-19 03:20:00,0.5502
2024-03-19 03:30:00,0.6906
2024-03-19 03:40:00,0.6063
2024-03-19 03:50:00,0.9427
2024-03-19 04:00:00,1.2181
2024-03-19 04:10:00,1.3541
2024-03-19 04:20:00,1.3588
2024-03-19 04:30:00,1.7314
2024-03-19 04:40:00,2.0728
2024-03-19 04:50:00,2.0063
2024-03-19 05:00:00,2.2951
2024-03-19 05:10:00,2.6511
2024-03-19 05:20:00,2.8541
2024-03-19 05:30:00,2.9648
2024-03-19 05:40:00,3.1211
2024-03-19 05:50:00,3.1629
2024-03-19 06:00:00,3.2979
2024-03-19 06:10:00,3.1536
2024-03-19 06:20:00,3.4561
2024-03-19 06:30:00,3.6328
2024-03-19 06:40:00,3.6156
2024-03-19 06:50:00,3.5749
2024-03-19 07:00:00,3.3288
2024-03-19 07:10:00,3.4374
2024-03-19 07:20:00,3.168
2024-03-19 07:30:00,3.2341
2024-03-19 07:40:00,2.9235
2024-03-19 07:50:00,2.671
2024-03-19 08:00:00,2.5354
2024-03-19 08:10:00,2.7214
2024-03-19 08:20:00,2.5269
2024-03-19 08:30:00,2.1963
2024-03-19 08:40:00,1.853
2024-03-19 08:50:00,1.6827
2024-03-19 09:00:00,1.5425
2024-03-19 09:10:00,1.6251
2024-03-19 09:20:00,1.2102
2024-03-19 09:30:00,1.1141
2024-03-19 09:40:00,1.0809
2024-03-19 09:50:00,0.7789
2024-03-19 10:00:00,0.7449
2024-03-19 10:10:00,0.7233
2024-03-19 10:20:00,0.619
2024-03-19 10:30:00,0.5806
2024-03-19 10:40:00,0.5076
2024-03-19 10:50:00,0.3381
2024-03-19 11:00:00,0.4584
2024-03-19 11:10:00,0.3972
2024-03-19 11:20:00,0.2702
2024-03-19 11:30:00,0.2048
2024-03-19 11:40:00,0.2881
2024-03-19 11:50:00,0.4293
2024-03-19 12:00:00,0.329
2024-03-19 12:10:00,0.4962
2024-03-19 12:20:00,0.3236
2024-03-19 12:30:00,0.2108
2024-03-19 12:40:00,0.3138
2024-03-19 12:50:00,0.4491
2024-03-19 13:00:00,0.4848
2024-03-19 13:10:00,0.1437
2024-03-19 13:20:00,0.3381
2024-03-19 13:30:00,0.3892
2024-03-19 13:40:00,0.0528
2024-03-19 13:50:00,0.6236
2024-03-19 14:00:00,0.1145
2024-03-19 14:10:00,0.1028
2024-03-19 14:20:00,0.1936
2024-03-19 14:30:00,0.3213
2024-03-19 14:40:00,0.0602
2024-03-19 14:50:00,0.283
2024-03-19 15:00:00,0.05
2024-03-19 15:10:00,0.2463
2024-03-19 15:20:00,0.3611
2024-03-19 15:30:00,0.4443
2024-03-19 15:40:00,0.107
2024-03-19 15:50:00,0.1395
2024-03-19 16:00:00,0.2925
2024-03-19 16:10:00,0.4399
2024-03-19 16:20:00,0.4825
2024-03-19 16:30:00,0.3371
2024-03-19 16:40:00,0.1914
2024-03-19 16:50:00,0.228
2024-03-19 17:00:00,0.1398
2024-03-19 17:10:00,0.4628
2024-03-19 17:20:00,0.3432
2024-03-19 17:30:00,0.5016
2024-03-19 17:40:00,0.2208
2024-03-19 17:50:00,0.177
2024-03-19 18:00:00,0.4589
2024-03-19 18:10:00,0.2641
2024-03-19 18:20:00,0.2716
2024-03-19 18:30:00,0.5105
2024-03-19 18:40:00,0.353
2024-03-19 18:50:00,0.4697
2024-03-19 19:00:00,0.3835
2024-03-19 19:10:00,0.4241
2024-03-19 19:20:00,0.4945
2024-03-19 19:30:00,0.1948
2024-03-19 19:40:00,0.4342
2024-03-19 19:50:00,0.5355
2024-03-19 20:00:00,0.2332
2024-03-19 20:10:00,0.2309
2024-03-19 20:20:00,0.5837
2024-03-19 20:30:00,0.2711
2024-03-19 20:40:00,0.3641
2024-03-19 20:50:00,0.11
2024-03-19 21:00:00,0.3882
2024-03-19 21:10:00,0.2807
2024-03-19 21:20:00,0.3876
2024-03-19 21:30:00,0.3132
2024-03-19 21:40:00,0.4538
2024-03-19 21:50:00,0.4421
2024-03-19 22:00:00,0.3464
2024-03-19 22:10:00,0.2397
2024-03-19 22:20:00,0.0756
2024-03-19 22:30:00,0.2787
2024-03-19 22:40:00,0.4213
2024-03-19 22:50:00,0.3077
2024-03-19 23:00:00,0.3518
2024-03-19 23:10:00,0.3163
2024-03-19 23:20:00,0.0559
2024-03-19 23:30:00,0.32
2024-03-19 23:40:00,0.3338
2024-03-19 23:50:00,0.2791
2024-03-20 00:00:00,0.3044
2024-03-20 00:10:00,0.05
2024-03-20 00:20:00,0.0686
2024-03-20 00:30:00,0.2757
2024-03-20 00:40:00,0.197
2024-03-20 00:50:00,0.3563
2024-03-20 01:00:00,0.2436
2024-03-20 01:10:00,0.3376
2024-03-20 01:20:00,0.2907
2024-03-20 01:30:00,0.1323
2024-03-20 01:40:00,0.2557
2024-03-20 01:50:00,0.05
2024-03-20 02:00:00,0.1796
2024-03-20 02:10:00,0.05
2024-03-20 02:20:00,0.3179
2024-03-20 02:30:00,0.0966
2024-03-20 02:40:00,0.1236
2024-03-20 02:50:00,0.072
2024-03-20 03:00:00,0.05
2024-03-20 03:10:00,0.348
2024-03-20 03:20:00,0.3097
2024-03-20 03:30:00,0.8787
2024-03-20 03:40:00,0.7492
2024-03-20 03:50:00,1.0593
2024-03-20 04:00:00,1.2739
2024-03-20 04:10:00,1.5158
2024-03-20 04:20:00,1.7157
2024-03-20 04:30:00,1.8757
2024-03-20 04:40:00,1.9793
2024-03-20 04:50:00,2.0011
2024-03-20 05:00:00,2.3592
2024-03-20 05:10:00,2.5772
2024-03-20 05:20:00,2.8352
2024-03-20 05:30:00,3.2064
2024-03-20 05:40:00,3.1326
2024-03-20 05:50:00,3.2096
2024-03-20 06:00:00,3.3646
2024-03-20 06:10:00,3.2296
2024-03-20 06:20:00,3.5461
2024-03-20 06:30:00,3.3723
2024-03-20 06:40:00,3.5259
2024-03-20 06:50:00,3.3714
2024-03-20 07:00:00,3.4641
2024-03-20 07:10:00,3.4162
2024-03-20 07:20:00,3.399
2024-03-20 07:30:00,3.2795
2024-03-20 07:40:00,3.1934
2024-03-20 07:50:00,2.9467
2024-03-20 08:00:00,2.6645
2024-03-20 08:10:00,2.5381
2024-03-20 08:20:00,2.4488
2024-03-20 08:30:00,2.3584
2024-03-20 08:40:00,2.092
2024-03-20 08:50:00,1.9566
2024-03-20 09:00:00,1.6996
2024-03-20 09:10:00,1.4427
2024-03-20 09:20:00,1.3091
2024-03-20 09:30:00,1.1484
2024-03-20 09:40:00,1.0231
2024-03-20 09:50:00,0.925
2024-03-20 10:00:00,0.7169
2024-03-20 10:10:00,0.6912
2024-03-20 10:20:00,0.5785
2024-03-20 10:30:00,0.7004
2024-03-20 10:40:00,0.3631
2024-03-20 10:50:00,0.3052
2024-03-20 11:00:00,0.3175
2024-03-20 11:10:00,0.267
2024-03-20 11:20:00,0.3126
2024-03-20 11:30:00,0.209
2024-03-20 11:40:00,0.487
2024-03-20 11:50:00,0.368
2024-03-20 12:00:00,0.3807
2024-03-20 12:10:00,0.2184
2024-03-20 12:20:00,0.3562
2024-03-20 12:30:00,0.352
2024-03-20 12:40:00,0.05
2024-03-20 12:50:00,0.158
2024-03-20 13:00:00,0.2328
2024-03-20 13:10:00,0.4201
2024-03-20 13:20:00,0.2744
2024-03-20 13:30:00,0.4371
2024-03-20 13:40:00,0.4043
2024-03-20 13:50:00,0.0904
2024-03-20 14:00:00,0.4207
2024-03-20 14:10:00,0.2275
2024-03-20 14:20:00,0.3973
2024-03-20 14:30:00,0.1255
2024-03-20 14:40:00,0.2323
2024-03-20 14:50:00,0.1708
2024-03-20 15:00:00,0.3218
2024-03-20 15:10:00,0.4266
2024-03-20 15:20:00,0.1897
2024-03-20 15:30:00,0.419
2024-03-20 15:40:00,0.3165
2024-03-20 15:50:00,0.5732
2024-03-20 16:00:00,0.3423
2024-03-20 16:10:00,0.1958
2024-03-20 16:20:00,0.4334
2024-03-20 16:30:00,0.2189
2024-03-20 16:40:00,0.211
2024-03-20 16:50:00,0.2703
2024-03-20 17:00:00,0.2967
2024-03-20 17:10:00,0.3436
2024-03-20 17:20:00,0.2031
2024-03-20 17:30:00,0.2643
2024-03-20 17:40:00,0.2511
2024-03-20 17:50:00,0.3732
2024-03-20 18:00:00,0.2021
2024-03-20 18:10:00,0.1223
2024-03-20 18:20:00,0.1871
2024-03-20 18:30:00,0.2706
2024-03-20 18:40:00,0.3721
2024-03-20 18:50:00,0.4486
2024-03-20 19:00:00,0.1697
2024-03-20 19:10:00,0.1356
2024-03-20 19:20:00,0.306
2024-03-20 19:30:00,0.2397
2024-03-20 19:40:00,0.265
2024-03-20 19:50:00,0.5152
2024-03-20 20:00:00,0.1568
2024-03-20 20:10:00,0.3024
2024-03-20 20:20:00,0.3911
2024-03-20 20:30:00,0.2257
2024-03-20 20:40:00,0.4626
2024-03-20 20:50:00,0.5245
2024-03-20 21:00:00,0.3059
2024-03-20 21:10:00,0.5294
2024-03-20 21:20:00,0.3462
2024-03-20 21:30:00,0.1931
2024-03-20 21:40:00,0.44
2024-03-20 21:50:00,0.1941
2024-03-20 22:00:00,0.1685
2024-03-20 22:10:00,0.4308
2024-03-20 22:20:00,0.2322
2024-03-20 22:30:00,0.5558
2024-03-20 22:40:00,0.1113
2024-03-20 22:50:00,0.4579
2024-03-20 23:00:00,0.3114
2024-03-20 23:10:00,0.0504
2024-03-20 23:20:00,0.4757
2024-03-20 23:30:00,0.205
2024-03-20 23:40:00,0.05
2024-03-20 23:50:00,0.5642
2024-03-21 00:00:00,0.376
2024-03-21 00:10:00,0.2175
2024-03-21 00:20:00,0.4057
2024-03-21 00:30:00,0.2337
2024-03-21 00:40:00,0.2245
2024-03-21 00:50:00,0.3891
2024-03-21 01:00:00,0.2027
2024-03-21 01:10:00,0.281
2024-03-21 01:20:00,0.05
2024-03-21 01:30:00,0.05
2024-03-21 01:40:00,0.058
2024-03-21 01:50:00,0.1893
2024-03-21 02:00:00,0.3
2024-03-21 02:10:00,0.114
2024-03-21 02:20:00,0.3799
2024-03-21 02:30:00,0.05
2024-03-21 02:40:00,0.05
2024-03-21 02:50:00,0.2128
2024-03-21 03:00:00,0.2977
2024-03-21 03:10:00,0.3175
2024-03-21 03:20:00,0.4175
2024-03-21 03:30:00,0.508
2024-03-21 03:40:00,0.8509
2024-03-21 03:50:00,0.9479
2024-03-21 04:00:00,1.1675
2024-03-21 04:10:00,1.0015
2024-03-21 04:20:00,1.6785
2024-03-21 04:30:00,1.6403
2024-03-21 04:40:00,2.1383
2024-03-21 04:50:00,2.0349
2024-03-21 05:00:00,2.242
2024-03-21 05:10:00,2.5513
2024-03-21 05:20:00,2.8497
2024-03-21 05:30:00,3.1183
2024-03-21 05:40:00,3.0942
2024-03-21 05:50:00,3.159
2024-03-21 06:00:00,3.5056
2024-03-21 06:10:00,3.3879
2024-03-21 06:20:00,3.4464
2024-03-21 06:30:00,3.6222
2024-03-21 06:40:00,3.5859
2024-03-21 06:50:00,3.5789
2024-03-21 07:00:00,3.5746
2024-03-21 07:10:00,3.2446
2024-03-21 07:20:00,3.3359
2024-03-21 07:30:00,3.0953
2024-03-21 07:40:00,2.9792
2024-03-21 07:50:00,3.0564
2024-03-21 08:00:00,2.9186
2024-03-21 08:10:00,2.9194
2024-03-21 08:20:00,2.4273
2024-03-21 08:30:00,2.0491
2024-03-21 08:40:00,2.1326
2024-03-21 08:50:00,1.7268
2024-03-21 09:00:00,1.5693
2024-03-21 09:10:00,1.5671
2024-03-21 09:20:00,1.2572
2024-03-21 09:30:00,1.18
2024-03-21 09:40:00,0.9861
2024-03-21 09:50:00,0.9398
2024-03-21 10:00:00,0.7045
2024-03-21 10:10:00,0.4917
2024-03-21 10:20:00,0.7147
2024-03-21 10:30:00,0.4325
2024-03-21 10:40:00,0.5262
2024-03-21 10:50:00,0.4819
2024-03-21 11:00:00,0.3874
2024-03-21 11:10:00,0.3932
2024-03-21 11:20:00,0.3708
2024-03-21 11:30:00,0.05
2024-03-21 11:40:00,0.3622
2024-03-21 11:50:00,0.3865
2024-03-21 12:00:00,0.4776
2024-03-21 12:10:00,0.1539
2024-03-21 12:20:00,0.3979
2024-03-21 12:30:00,0.1705
2024-03-21 12:40:00,0.5056
2024-03-21 12:50:00,0.2694
2024-03-21 13:00:00,0.4243
2024-03-21 13:10:00,0.5162
2024-03-21 13:20:00,0.314
2024-03-21 13:30:00,0.2457
2024-03-21 13:40:00,0.2977
2024-03-21 13:50:00,0.4902
2024-03-21 14:00:00,0.439
2024-03-21 14:10:00,0.4314
2024-03-21 14:20:00,0.548
2024-03-21 14:30:00,0.3202
2024-03-21 14:40:00,0.3431
2024-03-21 14:50:00,0.4038
2024-03-21 15:00:00,0.1498
2024-03-21 15:10:00,0.4759
2024-03-21 15:20:00,0.2379
2024-03-21 15:30:00,0.3661
2024-03-21 15:40:00,0.4237
2024-03-21 15:50:00,0.2579
2024-03-21 16:00:00,0.2135
2024-03-21 16:10:00,0.3254
2024-03-21 16:20:00,0.4116
2024-03-21 16:30:00,0.4182
2024-03-21 16:40:00,0.3553
2024-03-21 16:50:00,0.1949
2024-03-21 17:00:00,0.1852
2024-03-21 17:10:00,0.4352
2024-03-21 17:20:00,0.3414
2024-03-21 17:30:00,0.4464
2024-03-21 17:40:00,0.3017
2024-03-21 17:50:00,0.3233
2024-03-21 18:00:00,0.3585
2024-03-21 18:10:00,0.4926
2024-03-21 18:20:00,0.4339
2024-03-21 18:30:00,0.2257
2024-03-21 18:40:00,0.3463
2024-03-21 18:50:00,0.4249
2024-03-21 19:00:00,0.4813
2024-03-21 19:10:00,0.6838
2024-03-21 19:20:00,0.214
2024-03-21 19:30:00,0.421
2024-03-21 19:40:00,0.4513
2024-03-21 19:50:00,0.4037
2024-03-21 20:00:00,0.3514
2024-03-21 20:10:00,0.3014
2024-03-21 20:20:00,0.3395
2024-03-21 20:30:00,0.3735
2024-03-21 20:40:00,0.3735
2024-03-21 20:50:00,0.4769
2024-03-21 21:00:00,0.3491
2024-03-21 21:10:00,0.3958
2024-03-21 21:20:00,0.4962
2024-03-21 21:30:00,0.4068
2024-03-21 21:40:00,0.4777
2024-03-21 21:50:00,0.3257
2024-03-21 22:00:00,0.327
2024-03-21 22:10:00,0.05
2024-03-21 22:20:00,0.3808
2024-03-21 22:30:00,0.1894
2024-03-21 22:40:00,0.2468
2024-03-21 22:50:00,0.5039
2024-03-21 23:00:00,0.4809
2024-03-21 23:10:00,0.3658
2024-03-21 23:20:00,0.3907
2024-03-21 23:30:00,0.444
2024-03-21 23:40:00,0.4505
2024-03-21 23:50:00,0.2668
2024-03-22 00:00:00,0.3437
2024-03-22 00:10:00,0.1559
2024-03-22 00:20:00,0.314
2024-03-22 00:30:00,0.1718
2024-03-22 00:40:00,0.2103
2024-03-22 00:50:00,0.0942
2024-03-22 01:00:00,0.2038
2024-03-22 01:10:00,0.0717
2024-03-22 01:20:00,0.4548
2024-03-22 01:30:00,0.05
2024-03-22 01:40:00,0.2996
2024-03-22 01:50:00,0.1131
2024-03-22 02:00:00,0.1256
2024-03-22 02:10:00,0.2092
2024-03-22 02:20:00,0.05
2024-03-22 02:30:00,0.2609
2024-03-22 02:40:00,0.156
2024-03-22 02:50:00,0.05
2024-03-22 03:00:00,0.3071
2024-03-22 03:10:00,0.3649
2024-03-22 03:20:00,0.4356
2024-03-22 03:30:00,0.6016
2024-03-22 03:40:00,0.9807
2024-03-22 03:50:00,1.0351
2024-03-22 04:00:00,0.9515
2024-03-22 04:10:00,1.1225
2024-03-22 04:20:00,1.4818
2024-03-22 04:30:00,1.9465
2024-03-22 04:40:00,2.1202
2024-03-22 04:50:00,2.0894
2024-03-22 05:00:00,2.3047
2024-03-22 05:10:00,2.6404
2024-03-22 05:20:00,2.793
2024-03-22 05:30:00,2.7694
2024-03-22 05:40:00,3.0985
2024-03-22 05:50:00,3.1254
2024-03-22 06:00:00,3.1901
2024-03-22 06:10:00,3.3275
2024-03-22 06:20:00,3.309
2024-03-22 06:30:00,3.4908
2024-03-22 06:40:00,3.3664
2024-03-22 06:50:00,3.4583
2024-03-22 07:00:00,3.4819
2024-03-22 07:10:00,3.4799
2024-03-22 07:20:00,3.2686
2024-03-22 07:30:00,3.4086
2024-03-22 07:40:00,3.1636
2024-03-22 07:50:00,3.0863
2024-03-22 08:00:00,2.8737
2024-03-22 08:10:00,2.5785
2024-03-22 08:20:00,2.3789
2024-03-22 08:30:00,2.2376
2024-03-22 08:40:00,2.1512
2024-03-22 08:50:00,1.8143
2024-03-22 09:00:00,1.4216
2024-03-22 09:10:00,1.3684
2024-03-22 09:20:00,0.896
2024-03-22 09:30:00,1.0525
2024-03-22 09:40:00,0.9092
2024-03-22 09:50:00,0.8049
2024-03-22 10:00:00,0.804
2024-03-22 10:10:00,0.8737
2024-03-22 10:20:00,0.4635
2024-03-22 10:30:00,0.5634
2024-03-22 10:40:00,0.2531
2024-03-22 10:50:00,0.4823
2024-03-22 11:00:00,0.4168
2024-03-22 11:10:00,0.7015
2024-03-22 11:20:00,0.3152
2024-03-22 11:30:00,0.3412
2024-03-22 11:40:00,0.1792
2024-03-22 11:50:00,0.5204
2024-03-22 12:00:00,0.2137
2024-03-22 12:10:00,0.4571
2024-03-22 12:20:00,0.5295
2024-03-22 12:30:00,0.1344
2024-03-22 12:40:00,0.3399
2024-03-22 12:50:00,0.3505
2024-03-22 13:00:00,0.1376
2024-03-22 13:10:00,0.1294
2024-03-22 13:20:00,0.0906
2024-03-22 13:30:00,0.1168
2024-03-22 13:40:00,0.4372
2024-03-22 13:50:00,0.0739
2024-03-22 14:00:00,0.3797
2024-03-22 14:10:00,0.5008
2024-03-22 14:20:00,0.4379
2024-03-22 14:30:00,0.1956
2024-03-22 14:40:00,0.6373
2024-03-22 14:50:00,0.3683
2024-03-22 15:00:00,0.2867
2024-03-22 15:10:00,0.5676
2024-03-22 15:20:00,0.4609
2024-03-22 15:30:00,0.2937
2024-03-22 15:40:00,0.385
2024-03-22 15:50:00,0.425
2024-03-22 16:00:00,0.4885
2024-03-22 16:10:00,0.2095
2024-03-22 16:20:00,0.5604
2024-03-22 16:30:00,0.2503
2024-03-22 16:40:00,0.3634
2024-03-22 16:50:00,0.2037
2024-03-22 17:00:00,0.083
2024-03-22 17:10:00,0.2089
2024-03-22 17:20:00,0.3285
2024-03-22 17:30:00,0.4729
2024-03-22 17:40:00,0.3387
2024-03-22 17:50:00,0.5031
2024-03-22 18:00:00,0.4035
2024-03-22 18:10:00,0.2763
2024-03-22 18:20:00,0.5083
2024-03-22 18:30:00,0.3637
2024-03-22 18:40:00,0.2456
2024-03-22 18:50:00,0.3542
2024-03-22 19:00:00,0.3048
2024-03-22 19:10:00,0.3351
2024-03-22 19:20:00,0.2156
2024-03-22 19:30:00,0.4574
2024-03-22 19:40:00,0.1895
2024-03-22 19:50:00,0.3109
2024-03-22 20:00:00,0.3805
2024-03-22 20:10:00,0.232
2024-03-22 20:20:00,0.327
2024-03-22 20:30:00,0.2178
2024-03-22 20:40:00,0.1642
2024-03-22 20:50:00,0.5471
2024-03-22 21:00:00,0.4436
2024-03-22 21:10:00,0.3324
2024-03-22 21:20:00,0.442
2024-03-22 21:30:00,0.433
2024-03-22 21:40:00,0.2854
2024-03-22 21:50:00,0.4636
2024-03-22 22:00:00,0.2197
2024-03-22 22:10:00,0.4456
2024-03-22 22:20:00,0.1279
2024-03-22 22:30:00,0.2877
2024-03-22 22:40:00,0.153
2024-03-22 22:50:00,0.3849
2024-03-22 23:00:00,0.5056
2024-03-22 23:10:00,0.4402
2024-03-22 23:20:00,0.2745
2024-03-22 23:30:00,0.1794
2024-03-22 23:40:00,0.7198
2024-03-22 23:50:00,0.688
2024-03-23 00:00:00,0.0539
2024-03-23 00:10:00,0.2889
2024-03-23 00:20:00,0.05
2024-03-23 00:30:00,0.05
2024-03-23 00:40:00,0.1696
2024-03-23 00:50:00,0.1527
2024-03-23 01:00:00,0.2497
2024-03-23 01:10:00,0.05
2024-03-23 01:20:00,0.0851
2024-03-23 01:30:00,0.1191
2024-03-23 01:40:00,0.4392
2024-03-23 01:50:00,0.05
2024-03-23 02:00:00,0.1323
2024-03-23 02:10:00,0.2778
2024-03-23 02:20:00,0.3616
2024-03-23 02:30:00,0.3041
2024-03-23 02:40:00,0.1297
2024-03-23 02:50:00,0.132
2024-03-23 03:00:00,0.1063
2024-03-23 03:10:00,0.4723
2024-03-23 03:20:00,0.3056
2024-03-23 03:30:00,0.4411
2024-03-23 03:40:00,0.6329
2024-03-23 03:50:00,0.5858
2024-03-23 04:00:00,0.9317
2024-03-23 04:10:00,0.9581
2024-03-23 04:20:00,1.3267
2024-03-23 04:30:00,1.768
2024-03-23 04:40:00,1.7149
2024-03-23 04:50:00,1.5534
2024-03-23 05:00:00,1.965
2024-03-23 05:10:00,2.0105
2024-03-23 05:20:00,2.2798
2024-03-23 05:30:00,2.4643
2024-03-23 05:40:00,2.4286
2024-03-23 05:50:00,2.6682
2024-03-23 06:00:00,2.7962
2024-03-23 06:10:00,2.6951
2024-03-23 06:20:00,2.8706
2024-03-23 06:30:00,2.6091
2024-03-23 06:40:00,2.9172
2024-03-23 06:50:00,3.1155
2024-03-23 07:00:00,2.8886
2024-03-23 07:10:00,2.8614
2024-03-23 07:20:00,2.8828
2024-03-23 07:30:00,2.5448
2024-03-23 07:40:00,2.5697
2024-03-23 07:50:00,2.3703
2024-03-23 08:00:00,2.256
2024-03-23 08:10:00,2.3299
2024-03-23 08:20:00,2.0475
2024-03-23 08:30:00,1.5517
2024-03-23 08:40:00,1.5233
2024-03-23 08:50:00,1.3836
2024-03-23 09:00:00,1.3765
2024-03-23 09:10:00,1.2017
2024-03-23 09:20:00,1.0246
2024-03-23 09:30:00,1.0055
2024-03-23 09:40:00,1.0545
2024-03-23 09:50:00,0.5293
2024-03-23 10:00:00,0.8482
2024-03-23 10:10:00,0.394
2024-03-23 10:20:00,0.0988
2024-03-23 10:30:00,0.5164
2024-03-23 10:40:00,0.4229
2024-03-23 10:50:00,0.264
2024-03-23 11:00:00,0.5057
2024-03-23 11:10:00,0.05
2024-03-23 11:20:00,0.4078
2024-03-23 11:30:00,0.1191
2024-03-23 11:40:00,0.4284
2024-03-23 11:50:00,0.1228
2024-03-23 12:00:00,0.1733
2024-03-23 12:10:00,0.1324
2024-03-23 12:20:00,0.2927
2024-03-23 12:30:00,0.2436
2024-03-23 12:40:00,0.1389
2024-03-23 12:50:00,0.0713
2024-03-23 13:00:00,0.2815
2024-03-23 13:10:00,0.05
2024-03-23 13:20:00,0.385
2024-03-23 13:30:00,0.2912
2024-03-23 13:40:00,0.2307
2024-03-23 13:50:00,0.5128
2024-03-23 14:00:00,0.1374
2024-03-23 14:10:00,0.2963
2024-03-23 14:20:00,0.357
2024-03-23 14:30:00,0.3041
2024-03-23 14:40:00,0.05
2024-03-23 14:50:00,0.1615
2024-03-23 15:00:00,0.05
2024-03-23 15:10:00,0.2915
2024-03-23 15:20:00,0.2933
2024-03-23 15:30:00,0.2234
2024-03-23 15:40:00,0.2146
2024-03-23 15:50:00,0.2355
2024-03-23 16:00:00,0.1826
2024-03-23 16:10:00,0.1212
2024-03-23 16:20:00,0.3878
2024-03-23 16:30:00,0.168
2024-03-23 16:40:00,0.3374
2024-03-23 16:50:00,0.1223
2024-03-23 17:00:00,0.1537
2024-03-23 17:10:00,0.3905
2024-03-23 17:20:00,0.2481
2024-03-23 17:30:00,0.1597
2024-03-23 17:40:00,0.2838
2024-03-23 17:50:00,0.4273
2024-03-23 18:00:00,0.4134
2024-03-23 18:10:00,0.3168
2024-03-23 18:20:00,0.3886
2024-03-23 18:30:00,0.3184
2024-03-23 18:40:00,0.149
2024-03-23 18:50:00,0.1212
2024-03-23 19:00:00,0.5196
2024-03-23 19:10:00,0.0501
2024-03-23 19:20:00,0.3219
2024-03-23 19:30:00,0.1288
2024-03-23 19:40:00,0.2426
2024-03-23 19:50:00,0.05
2024-03-23 20:00:00,0.5373
2024-03-23 20:10:00,0.3671
2024-03-23 20:20:00,0.4037
2024-03-23 20:30:00,0.373
2024-03-23 20:40:00,0.2058
2024-03-23 20:50:00,0.3529
2024-03-23 21:00:00,0.1148
2024-03-23 21:10:00,0.1622
2024-03-23 21:20:00,0.05
2024-03-23 21:30:00,0.2457
2024-03-23 21:40:00,0.098
2024-03-23 21:50:00,0.4297
2024-03-23 22:00:00,0.3804
2024-03-23 22:10:00,0.3416
2024-03-23 22:20:00,0.5287
2024-03-23 22:30:00,0.2552
2024-03-23 22:40:00,0.4176
2024-03-23 22:50:00,0.202
2024-03-23 23:00:00,0.05
2024-03-23 23:10:00,0.2813
2024-03-23 23:20:00,0.4264
2024-03-23 23:30:00,0.05
2024-03-23 23:40:00,0.3736
2024-03-23 23:50:00,0.2969
2024-03-24 00:00:00,0.1899
2024-03-24 00:10:00,0.1302
2024-03-24 00:20:00,0.1472
2024-03-24 00:30:00,0.1481
2024-03-24 00:40:00,0.0991
2024-03-24 00:50:00,0.05
2024-03-24 01:00:00,0.3178
2024-03-24 01:10:00,0.202
2024-03-24 01:20:00,0.05
2024-03-24 01:30:00,0.0783
2024-03-24 01:40:00,0.0911
2024-03-24 01:50:00,0.2811
2024-03-24 02:00:00,0.05
2024-03-24 02:10:00,0.1858
2024-03-24 02:20:00,0.05
2024-03-24 02:30:00,0.05
2024-03-24 02:40:00,0.1006
2024-03-24 02:50:00,0.05
2024-03-24 03:00:00,0.0513
2024-03-24 03:10:00,0.3019
2024-03-24 03:20:00,0.373
2024-03-24 03:30:00,0.5053
2024-03-24 03:40:00,0.7283
2024-03-24 03:50:00,0.6867
2024-03-24 04:00:00,0.816
2024-03-24 04:10:00,1.1394
2024-03-24 04:20:00,1.1591
2024-03-24 04:30:00,1.4994
2024-03-24 04:40:00,1.3034
2024-03-24 04:50:00,1.7896
2024-03-24 05:00:00,1.9537
2024-03-24 05:10:00,2.2934
2024-03-24 05:20:00,2.3313
2024-03-24 05:30:00,2.5125
2024-03-24 05:40:00,2.4939
2024-03-24 05:50:00,2.6401
2024-03-24 06:00:00,2.5429
2024-03-24 06:10:00,2.6708
2024-03-24 06:20:00,2.8475
2024-03-24 06:30:00,3.0709
2024-03-24 06:40:00,2.9317
2024-03-24 06:50:00,2.8839
2024-03-24 07:00:00,2.8985
2024-03-24 07:10:00,2.7762
2024-03-24 07:20:00,2.668
2024-03-24 07:30:00,2.5434
2024-03-24 07:40:00,2.365
2024-03-24 07:50:00,2.1975
2024-03-24 08:00:00,2.204
2024-03-24 08:10:00,2.0622
2024-03-24 08:20:00,1.8328
2024-03-24 08:30:00,1.8378
2024-03-24 08:40:00,1.7761
2024-03-24 08:50:00,1.4004
2024-03-24 09:00:00,1.3299
2024-03-24 09:10:00,1.0782
2024-03-24 09:20:00,1.1178
2024-03-24 09:30:00,0.9532
2024-03-24 09:40:00,0.695
2024-03-24 09:50:00,0.7335
2024-03-24 10:00:00,0.3013
2024-03-24 10:10:00,0.5951
2024-03-24 10:20:00,0.3629
2024-03-24 10:30:00,0.2768
2024-03-24 10:40:00,0.2599
2024-03-24 10:50:00,0.2441
2024-03-24 11:00:00,0.1486
2024-03-24 11:10:00,0.4689
2024-03-24 11:20:00,0.3028
2024-03-24 11:30:00,0.4063
2024-03-24 11:40:00,0.3805
2024-03-24 11:50:00,0.2759
2024-03-24 12:00:00,0.4674
2024-03-24 12:10:00,0.4686
2024-03-24 12:20:00,0.2921
2024-03-24 12:30:00,0.3176
2024-03-24 12:40:00,0.1798
2024-03-24 12:50:00,0.2542
2024-03-24 13:00:00,0.2549
2024-03-24 13:10:00,0.1525
2024-03-24 13:20:00,0.3968
2024-03-24 13:30:00,0.256
2024-03-24 13:40:00,0.1768
2024-03-24 13:50:00,0.1298
2024-03-24 14:00:00,0.4601
2024-03-24 14:10:00,0.1474
2024-03-24 14:20:00,0.2132
2024-03-24 14:30:00,0.416
2024-03-24 14:40:00,0.1608
2024-03-24 14:50:00,0.2556
2024-03-24 15:00:00,0.3756
2024-03-24 15:10:00,0.1825
2024-03-24 15:20:00,0.05
2024-03-24 15:30:00,0.2712
2024-03-24 15:40:00,0.05
2024-03-24 15:50:00,0.055
2024-03-24 16:00:00,0.3526
2024-03-24 16:10:00,0.246
2024-03-24 16:20:00,0.2668
2024-03-24 16:30:00,0.3727
2024-03-24 16:40:00,0.2844
2024-03-24 16:50:00,0.3426
2024-03-24 17:00:00,0.2305
2024-03-24 17:10:00,0.49
2024-03-24 17:20:00,0.0848
2024-03-24 17:30:00,0.472
2024-03-24 17:40:00,0.2094
2024-03-24 17:50:00,0.1342
2024-03-24 18:00:00,0.4398
2024-03-24 18:10:00,0.1952
2024-03-24 18:20:00,0.178
2024-03-24 18:30:00,0.05
2024-03-24 18:40:00,0.292
2024-03-24 18:50:00,0.4705
2024-03-24 19:00:00,0.2986
2024-03-24 19:10:00,0.2841
2024-03-24 19:20:00,0.4312
2024-03-24 19:30:00,0.2704
2024-03-24 19:40:00,0.2045
2024-03-24 19:50:00,0.1297
2024-03-24 20:00:00,0.2299
2024-03-24 20:10:00,0.2037
2024-03-24 20:20:00,0.3732
2024-03-24 20:30:00,0.2585
2024-03-24 20:40:00,0.3493
2024-03-24 20:50:00,0.1327
2024-03-24 21:00:00,0.1771
2024-03-24 21:10:00,0.3112
2024-03-24 21:20:00,0.0746
2024-03-24 21:30:00,0.1537
2024-03-24 21:40:00,0.4127
2024-03-24 21:50:00,0.3617
2024-03-24 22:00:00,0.0761
2024-03-24 22:10:00,0.2273
2024-03-24 22:20:00,0.3523
2024-03-24 22:30:00,0.254
2024-03-24 22:40:00,0.3586
2024-03-24 22:50:00,0.2305
2024-03-24 23:00:00,0.4468
2024-03-24 23:10:00,0.1579
2024-03-24 23:20:00,0.2514
2024-03-24 23:30:00,0.2283
2024-03-24 23:40:00,0.3328
2024-03-24 23:50:00,0.6001
2024-03-25 00:00:00,0.05
2024-03-25 00:10:00,0.4483
2024-03-25 00:20:00,0.3904
2024-03-25 00:30:00,0.2757
2024-03-25 00:40:00,0.1783
2024-03-25 00:50:00,0.0873
2024-03-25 01:00:00,0.2754
2024-03-25 01:10:00,0.2249
2024-03-25 01:20:00,0.05
2024-03-25 01:30:00,0.3066
2024-03-25 01:40:00,0.0925
2024-03-25 01:50:00,0.05
2024-03-25 02:00:00,0.2683
2024-03-25 02:10:00,0.05
2024-03-25 02:20:00,0.1321
2024-03-25 02:30:00,0.3347
2024-03-25 02:40:00,0.1
2024-03-25 02:50:00,0.2163
2024-03-25 03:00:00,0.1469
2024-03-25 03:10:00,0.5686
2024-03-25 03:20:00,0.5691
2024-03-25 03:30:00,0.5875
2024-03-25 03:40:00,0.5953
2024-03-25 03:50:00,0.9394
2024-03-25 04:00:00,1.1994
2024-03-25 04:10:00,1.3629
2024-03-25 04:20:00,1.507
2024-03-25 04:30:00,1.8426
2024-03-25 04:40:00,2.0493
2024-03-25 04:50:00,2.2985
2024-03-25 05:00:00,2.4437
2024-03-25 05:10:00,2.6705
2024-03-25 05:20:00,2.7652
2024-03-25 05:30:00,3.1174
2024-03-25 05:40:00,2.9305
2024-03-25 05:50:00,3.2363
2024-03-25 06:00:00,3.2407
2024-03-25 06:10:00,3.4659
2024-03-25 06:20:00,3.6022
2024-03-25 06:30:00,3.3766
2024-03-25 06:40:00,3.6026
2024-03-25 06:50:00,3.5067
2024-03-25 07:00:00,3.2917
2024-03-25 07:10:00,3.4643
2024-03-25 07:20:00,3.4433
2024-03-25 07:30:00,3.1762
2024-03-25 07:40:00,3.094
2024-03-25 07:50:00,2.8866
2024-03-25 08:00:00,2.3923
2024-03-25 08:10:00,2.592
2024-03-25 08:20:00,2.3934
2024-03-25 08:30:00,2.1351
2024-03-25 08:40:00,1.7814
2024-03-25 08:50:00,1.7851
2024-03-25 09:00:00,1.5475
2024-03-25 09:10:00,1.5299
2024-03-25 09:20:00,1.3096
2024-03-25 09:30:00,0.8119
2024-03-25 09:40:00,0.8165
2024-03-25 09:50:00,0.8614
2024-03-25 10:00:00,0.7808
2024-03-25 10:10:00,0.5339
2024-03-25 10:20:00,0.6896
2024-03-25 10:30:00,0.5996
2024-03-25 10:40:00,0.4273
2024-03-25 10:50:00,0.3538
2024-03-25 11:00:00,0.2646
2024-03-25 11:10:00,0.4253
2024-03-25 11:20:00,0.3252
2024-03-25 11:30:00,0.1816
2024-03-25 11:40:00,0.3831
2024-03-25 11:50:00,0.2254
2024-03-25 12:00:00,0.4021
2024-03-25 12:10:00,0.5075
2024-03-25 12:20:00,0.4896
2024-03-25 12:30:00,0.2944
2024-03-25 12:40:00,0.2915
2024-03-25 12:50:00,0.3356
2024-03-25 13:00:00,0.3125
2024-03-25 13:10:00,0.5607
2024-03-25 13:20:00,0.3592
2024-03-25 13:30:00,0.277
2024-03-25 13:40:00,0.1004
2024-03-25 13:50:00,0.1821
2024-03-25 14:00:00,0.2506
2024-03-25 14:10:00,0.4474
2024-03-25 14:20:00,0.213
2024-03-25 14:30:00,0.2274
2024-03-25 14:40:00,0.3826
2024-03-25 14:50:00,0.1232
2024-03-25 15:00:00,0.3667
2024-03-25 15:10:00,0.3272
2024-03-25 15:20:00,0.277
2024-03-25 15:30:00,0.4349
2024-03-25 15:40:00,0.3183
2024-03-25 15:50:00,0.3259
2024-03-25 16:00:00,0.4472
2024-03-25 16:10:00,0.4292
2024-03-25 16:20:00,0.414
2024-03-25 16:30:00,0.261
2024-03-25 16:40:00,0.05
2024-03-25 16:50:00,0.4818
2024-03-25 17:00:00,0.5607
2024-03-25 17:10:00,0.1288
2024-03-25 17:20:00,0.5507
2024-03-25 17:30:00,0.3875
2024-03-25 17:40:00,0.1235
2024-03-25 17:50:00,0.3115
2024-03-25 18:00:00,0.287
2024-03-25 18:10:00,0.2793
2024-03-25 18:20:00,0.3951
2024-03-25 18:30:00,0.3067
2024-03-25 18:40:00,0.2409
2024-03-25 18:50:00,0.5537
2024-03-25 19:00:00,0.393
2024-03-25 19:10:00,0.237
2024-03-25 19:20:00,0.5207
2024-03-25 19:30:00,0.2768
2024-03-25 19:40:00,0.3732
2024-03-25 19:50:00,0.4906
2024-03-25 20:00:00,0.3719
2024-03-25 20:10:00,0.496
2024-03-25 20:20:00,0.5357
2024-03-25 20:30:00,0.3345
2024-03-25 20:40:00,0.5666
2024-03-25 20:50:00,0.1663
2024-03-25 21:00:00,0.4096
2024-03-25 21:10:00,0.3087
2024-03-25 21:20:00,0.4215
2024-03-25 21:30:00,0.3808
2024-03-25 21:40:00,0.4607
2024-03-25 21:50:00,0.3389
2024-03-25 22:00:00,0.5357
2024-03-25 22:10:00,0.3721
2024-03-25 22:20:00,0.2844
2024-03-25 22:30:00,0.3569
2024-03-25 22:40:00,0.2524
2024-03-25 22:50:00,0.1738
2024-03-25 23:00:00,0.2967
2024-03-25 23:10:00,0.4935
2024-03-25 23:20:00,0.3495
2024-03-25 23:30:00,0.4159
2024-03-25 23:40:00,0.4152
2024-03-25 23:50:00,0.1305
2024-03-26 00:00:00,0.3131
2024-03-26 00:10:00,0.1905
2024-03-26 00:20:00,0.2661
2024-03-26 00:30:00,0.3008
2024-03-26 00:40:00,0.0962
2024-03-26 00:50:00,0.2451
2024-03-26 01:00:00,0.05
2024-03-26 01:10:00,0.3926
2024-03-26 01:20:00,0.05
2024-03-26 01:30:00,0.2372
2024-03-26 01:40:00,0.05
2024-03-26 01:50:00,0.1284
2024-03-26 02:00:00,0.2102
2024-03-26 02:10:00,0.05
2024-03-26 02:20:00,0.342
2024-03-26 02:30:00,0.3085
2024-03-26 02:40:00,0.4372
2024-03-26 02:50:00,0.0893
2024-03-26 03:00:00,0.2076
2024-03-26 03:10:00,0.1297
2024-03-26 03:20:00,0.4121
2024-03-26 03:30:00,0.4701
2024-03-26 03:40:00,0.8553
2024-03-26 03:50:00,1.1728
2024-03-26 04:00:00,0.8966
2024-03-26 04:10:00,1.5059
2024-03-26 04:20:00,1.4476
2024-03-26 04:30:00,1.7674
2024-03-26 04:40:00,2.051
2024-03-26 04:50:00,2.3786
2024-03-26 05:00:00,2.5271
2024-03-26 05:10:00,2.6562
2024-03-26 05:20:00,2.7889
2024-03-26 05:30:00,3.1336
2024-03-26 05:40:00,2.943
2024-03-26 05:50:00,3.1707
2024-03-26 06:00:00,3.335
2024-03-26 06:10:00,3.3993
2024-03-26 06:20:00,3.4676
2024-03-26 06:30:00,3.6789
2024-03-26 06:40:00,3.5134
2024-03-26 06:50:00,3.4131
2024-03-26 07:00:00,3.5682
2024-03-26 07:10:00,3.4961
2024-03-26 07:20:00,3.3654
2024-03-26 07:30:00,3.2975
2024-03-26 07:40:00,3.0769
2024-03-26 07:50:00,2.9254
2024-03-26 08:00:00,2.7072
2024-03-26 08:10:00,2.3438
2024-03-26 08:20:00,2.2978
2024-03-26 08:30:00,2.4457
2024-03-26 08:40:00,2.1131
2024-03-26 08:50:00,1.8262
2024-03-26 09:00:00,1.6694
2024-03-26 09:10:00,1.2927
2024-03-26 09:20:00,1.4601
2024-03-26 09:30:00,1.3085
2024-03-26 09:40:00,0.9024
2024-03-26 09:50:00,0.8953
2024-03-26 10:00:00,0.6334
2024-03-26 10:10:00,0.7121
2024-03-26 10:20:00,0.6803
2024-03-26 10:30:00,0.4934
2024-03-26 10:40:00,0.5275
2024-03-26 10:50:00,0.319
2024-03-26 11:00:00,0.5722
2024-03-26 11:10:00,0.4865
2024-03-26 11:20:00,0.177
2024-03-26 11:30:00,0.3799
2024-03-26 11:40:00,0.4876
2024-03-26 11:50:00,0.3342
2024-03-26 12:00:00,0.3621
2024-03-26 12:10:00,0.3153
2024-03-26 12:20:00,0.1928
2024-03-26 12:30:00,0.4485
2024-03-26 12:40:00,0.325
2024-03-26 12:50:00,0.3787
2024-03-26 13:00:00,0.4023
2024-03-26 13:10:00,0.2058
2024-03-26 13:20:00,0.2342
2024-03-26 13:30:00,0.3257
2024-03-26 13:40:00,0.5164
2024-03-26 13:50:00,0.2139
2024-03-26 14:00:00,0.409
2024-03-26 14:10:00,0.3056
2024-03-26 14:20:00,0.244
2024-03-26 14:30:00,0.2585
2024-03-26 14:40:00,0.4152
2024-03-26 14:50:00,0.3614
2024-03-26 15:00:00,0.2306
2024-03-26 15:10:00,0.3367
2024-03-26 15:20:00,0.2133
2024-03-26 15:30:00,0.5653
2024-03-26 15:40:00,0.2228
2024-03-26 15:50:00,0.3093
2024-03-26 16:00:00,0.2397
2024-03-26 16:10:00,0.372
2024-03-26 16:20:00,0.4966
2024-03-26 16:30:00,0.3223
2024-03-26 16:40:00,0.2256
2024-03-26 16:50:00,0.4178
2024-03-26 17:00:00,0.3422
2024-03-26 17:10:00,0.3402
2024-03-26 17:20:00,0.1371
2024-03-26 17:30:00,0.4734
2024-03-26 17:40:00,0.5435
2024-03-26 17:50:00,0.2748
2024-03-26 18:00:00,0.3027
2024-03-26 18:10:00,0.3718
2024-03-26 18:20:00,0.4009
2024-03-26 18:30:00,0.2382
2024-03-26 18:40:00,0.3852
2024-03-26 18:50:00,0.4005
2024-03-26 19:00:00,0.3763
2024-03-26 19:10:00,0.2632
2024-03-26 19:20:00,0.5967
2024-03-26 19:30:00,0.1802
2024-03-26 19:40:00,0.3078
2024-03-26 19:50:00,0.3254
2024-03-26 20:00:00,0.1865
2024-03-26 20:10:00,0.4191
2024-03-26 20:20:00,0.3872
2024-03-26 20:30:00,0.5394
2024-03-26 20:40:00,0.2486
2024-03-26 20:50:00,0.3961
2024-03-26 21:00:00,0.334
2024-03-26 21:10:00,0.2742
2024-03-26 21:20:00,0.5251
2024-03-26 21:30:00,0.2815
2024-03-26 21:40:00,0.4738
2024-03-26 21:50:00,0.2487
2024-03-26 22:00:00,0.5214
2024-03-26 22:10:00,0.309
2024-03-26 22:20:00,0.2024
2024-03-26 22:30:00,0.5796
2024-03-26 22:40:00,0.3922
2024-03-26 22:50:00,0.4556
2024-03-26 23:00:00,0.2072
2024-03-26 23:10:00,0.3047
2024-03-26 23:20:00,0.259
2024-03-26 23:30:00,0.3084
2024-03-26 23:40:00,0.2416
2024-03-26 23:50:00,0.3266
2024-03-27 00:00:00,0.1858
2024-03-27 00:10:00,0.4181
2024-03-27 00:20:00,0.05
2024-03-27 00:30:00,0.3378
2024-03-27 00:40:00,0.2007
2024-03-27 00:50:00,0.3169
2024-03-27 01:00:00,0.2622
2024-03-27 01:10:00,0.2953
2024-03-27 01:20:00,0.1348
2024-03-27 01:30:00,0.3458
2024-03-27 01:40:00,0.05
2024-03-27 01:50:00,0.1169
2024-03-27 02:00:00,0.2667
2024-03-27 02:10:00,0.05
2024-03-27 02:20:00,0.1231
2024-03-27 02:30:00,0.05
2024-03-27 02:40:00,0.05
2024-03-27 02:50:00,0.0853
2024-03-27 03:00:00,0.3767
2024-03-27 03:10:00,0.3691
2024-03-27 03:20:00,0.3755
2024-03-27 03:30:00,0.5602
2024-03-27 03:40:00,0.9129
2024-03-27 03:50:00,0.9248
2024-03-27 04:00:00,1.1759
2024-03-27 04:10:00,1.5421
2024-03-27 04:20:00,1.2493
2024-03-27 04:30:00,1.5671
2024-03-27 04:40:00,1.9466
2024-03-27 04:50:00,2.4232
2024-03-27 05:00:00,2.37
2024-03-27 05:10:00,2.6252
2024-03-27 05:20:00,2.7913
2024-03-27 05:30:00,3.0615
2024-03-27 05:40:00,3.1503
2024-03-27 05:50:00,3.3403
2024-03-27 06:00:00,3.2082
2024-03-27 06:10:00,3.5002
2024-03-27 06:20:00,3.4088
2024-03-27 06:30:00,3.5112
2024-03-27 06:40:00,3.4842
2024-03-27 06:50:00,3.6219
2024-03-27 07:00:00,3.3003
2024-03-27 07:10:00,3.3828
2024-03-27 07:20:00,3.3581
2024-03-27 07:30:00,3.3192
2024-03-27 07:40:00,3.0966
2024-03-27 07:50:00,2.8691
2024-03-27 08:00:00,2.7725
2024-03-27 08:10:00,2.466
2024-03-27 08:20:00,2.4498
2024-03-27 08:30:00,2.4655
2024-03-27 08:40:00,1.9068
2024-03-27 08:50:00,1.8195
2024-03-27 09:00:00,1.5322
2024-03-27 09:10:00,1.4523
2024-03-27 09:20:00,1.1128
2024-03-27 09:30:00,1.2012
2024-03-27 09:40:00,1.0851
2024-03-27 09:50:00,0.4419
2024-03-27 10:00:00,1.0302
2024-03-27 10:10:00,0.654
2024-03-27 10:20:00,0.656
2024-03-27 10:30:00,0.4115
2024-03-27 10:40:00,0.5029
2024-03-27 10:50:00,0.3986
2024-03-27 11:00:00,0.4319
2024-03-27 11:10:00,0.2946
2024-03-27 11:20:00,0.5157
2024-03-27 11:30:00,0.187
2024-03-27 11:40:00,0.4628
2024-03-27 11:50:00,0.3772
2024-03-27 12:00:00,0.3104
2024-03-27 12:10:00,0.3063
2024-03-27 12:20:00,0.2321
2024-03-27 12:30:00,0.1964
2024-03-27 12:40:00,0.3505
2024-03-27 12:50:00,0.5711
2024-03-27 13:00:00,0.094
2024-03-27 13:10:00,0.3692
2024-03-27 13:20:00,0.2963
2024-03-27 13:30:00,0.5474
2024-03-27 13:40:00,0.1223
2024-03-27 13:50:00,0.3053
2024-03-27 14:00:00,0.3668
2024-03-27 14:10:00,0.093
2024-03-27 14:20:00,0.6065
2024-03-27 14:30:00,0.419
2024-03-27 14:40:00,0.4062
2024-03-27 14:50:00,0.476
2024-03-27 15:00:00,0.1898
2024-03-27 15:10:00,0.4244
2024-03-27 15:20:00,0.2841
2024-03-27 15:30:00,0.138
2024-03-27 15:40:00,0.4543
2024-03-27 15:50:00,0.05
2024-03-27 16:00:00,0.3951
2024-03-27 16:10:00,0.3673
2024-03-27 16:20:00,0.618
2024-03-27 16:30:00,0.1837
2024-03-27 16:40:00,0.3117
2024-03-27 16:50:00,0.3297
2024-03-27 17:00:00,0.4008
2024-03-27 17:10:00,0.428
2024-03-27 17:20:00,0.3148
2024-03-27 17:30:00,0.3843
2024-03-27 17:40:00,0.4039
2024-03-27 17:50:00,0.434
2024-03-27 18:00:00,0.3671
2024-03-27 18:10:00,0.291
2024-03-27 18:20:00,0.6451
2024-03-27 18:30:00,0.2475
2024-03-27 18:40:00,0.2315
2024-03-27 18:50:00,0.3335
2024-03-27 19:00:00,0.2915
2024-03-27 19:10:00,0.6715
2024-03-27 19:20:00,0.2006
2024-03-27 19:30:00,0.2634
2024-03-27 19:40:00,0.3415
2024-03-27 19:50:00,0.5257
2024-03-27 20:00:00,0.1768
2024-03-27 20:10:00,0.4633
2024-03-27 20:20:00,0.4484
2024-03-27 20:30:00,0.3838
2024-03-27 20:40:00,0.2361
2024-03-27 20:50:00,0.2356
2024-03-27 21:00:00,0.3016
2024-03-27 21:10:00,0.3853
2024-03-27 21:20:00,0.4579
2024-03-27 21:30:00,0.2806
2024-03-27 21:40:00,0.185
2024-03-27 21:50:00,0.2291
2024-03-27 22:00:00,0.2904
2024-03-27 22:10:00,0.4072
2024-03-27 22:20:00,0.2278
2024-03-27 22:30:00,0.1998
2024-03-27 22:40:00,0.3029
2024-03-27 22:50:00,0.3627
2024-03-27 23:00:00,0.3832
2024-03-27 23:10:00,0.2802
2024-03-27 23:20:00,0.3313
2024-03-27 23:30:00,0.1612
2024-03-27 23:40:00,0.2917
2024-03-27 23:50:00,0.3286
2024-03-28 00:00:00,0.4801
2024-03-28 00:10:00,0.3891
2024-03-28 00:20:00,0.2872
2024-03-28 00:30:00,0.05
2024-03-28 00:40:00,0.2604
2024-03-28 00:50:00,0.0984
2024-03-28 01:00:00,0.05
2024-03-28 01:10:00,0.2611
2024-03-28 01:20:00,0.1979
2024-03-28 01:30:00,0.05
2024-03-28 01:40:00,0.1664
2024-03-28 01:50:00,0.101
2024-03-28 02:00:00,0.05
2024-03-28 02:10:00,0.1688
2024-03-28 02:20:00,0.2507
2024-03-28 02:30:00,0.05
2024-03-28 02:40:00,0.05
2024-03-28 02:50:00,0.3445
2024-03-28 03:00:00,0.4732
2024-03-28 03:10:00,0.579
2024-03-28 03:20:00,0.5819
2024-03-28 03:30:00,0.4702
2024-03-28 03:40:00,0.5793
2024-03-28 03:50:00,1.0869
2024-03-28 04:00:00,1.1688
2024-03-28 04:10:00,1.4007
2024-03-28 04:20:00,1.3407
2024-03-28 04:30:00,1.8229
2024-03-28 04:40:00,2.0998
2024-03-28 04:50:00,2.0183
2024-03-28 05:00:00,2.4962
2024-03-28 05:10:00,2.5101
2024-03-28 05:20:00,2.7261
2024-03-28 05:30:00,3.0046
2024-03-28 05:40:00,3.2006
2024-03-28 05:50:00,3.1703
2024-03-28 06:00:00,3.6152
2024-03-28 06:10:00,3.5452
2024-03-28 06:20:00,3.5369
2024-03-28 06:30:00,3.427
2024-03-28 06:40:00,3.6477
2024-03-28 06:50:00,3.2778
2024-03-28 07:00:00,3.2956
2024-03-28 07:10:00,3.3403
2024-03-28 07:20:00,3.268
2024-03-28 07:30:00,3.072
2024-03-28 07:40:00,3.2067
2024-03-28 07:50:00,2.7828
2024-03-28 08:00:00,2.9899
2024-03-28 08:10:00,2.6709
2024-03-28 08:20:00,2.4242
2024-03-28 08:30:00,2.2296
2024-03-28 08:40:00,1.8917
2024-03-28 08:50:00,2.0344
2024-03-28 09:00:00,1.336
2024-03-28 09:10:00,1.4351
2024-03-28 09:20:00,1.2577
2024-03-28 09:30:00,1.1573
2024-03-28 09:40:00,1.0167
2024-03-28 09:50:00,0.6278
2024-03-28 10:00:00,0.6926
2024-03-28 10:10:00,0.569
2024-03-28 10:20:00,0.7237
2024-03-28 10:30:00,0.4747
2024-03-28 10:40:00,0.4808
2024-03-28 10:50:00,0.521
2024-03-28 11:00:00,0.1529
2024-03-28 11:10:00,0.1063
2024-03-28 11:20:00,0.3452
2024-03-28 11:30:00,0.4113
2024-03-28 11:40:00,0.3835
2024-03-28 11:50:00,0.1934
2024-03-28 12:00:00,0.3792
2024-03-28 12:10:00,0.2545
2024-03-28 12:20:00,0.2806
2024-03-28 12:30:00,0.5015
2024-03-28 12:40:00,0.431
2024-03-28 12:50:00,0.4611
2024-03-28 13:00:00,0.2147
2024-03-28 13:10:00,0.558
2024-03-28 13:20:00,0.3009
2024-03-28 13:30:00,0.4172
2024-03-28 13:40:00,0.5263
2024-03-28 13:50:00,0.2122
2024-03-28 14:00:00,0.2213
2024-03-28 14:10:00,0.4744
2024-03-28 14:20:00,0.3982
2024-03-28 14:30:00,0.3918
2024-03-28 14:40:00,0.3247
2024-03-28 14:50:00,0.2508
2024-03-28 15:00:00,0.1714
2024-03-28 15:10:00,0.4314
2024-03-28 15:20:00,0.1976
2024-03-28 15:30:00,0.3964
2024-03-28 15:40:00,0.3336
2024-03-28 15:50:00,0.3078
2024-03-28 16:00:00,0.3193
2024-03-28 16:10:00,0.2343
2024-03-28 16:20:00,0.4072
2024-03-28 16:30:00,0.3187
2024-03-28 16:40:00,0.3301
2024-03-28 16:50:00,0.1933
2024-03-28 17:00:00,0.2956
2024-03-28 17:10:00,0.3549
2024-03-28 17:20:00,0.3796
2024-03-28 17:30:00,0.3452
2024-03-28 17:40:00,0.3271
2024-03-28 17:50:00,0.2865
2024-03-28 18:00:00,0.2915
2024-03-28 18:10:00,0.373
2024-03-28 18:20:00,0.4788
2024-03-28 18:30:00,0.5907
2024-03-28 18:40:00,0.4748
2024-03-28 18:50:00,0.4496
2024-03-28 19:00:00,0.5123
2024-03-28 19:10:00,0.3958
2024-03-28 19:20:00,0.3897
2024-03-28 19:30:00,0.2867
2024-03-28 19:40:00,0.314
2024-03-28 19:50:00,0.3541
2024-03-28 20:00:00,0.2995
2024-03-28 20:10:00,0.2224
2024-03-28 20:20:00,0.3274
2024-03-28 20:30:00,0.3035
2024-03-28 20:40:00,0.196
2024-03-28 20:50:00,0.5138
2024-03-28 21:00:00,0.2189
2024-03-28 21:10:00,0.3819
2024-03-28 21:20:00,0.3639
2024-03-28 21:30:00,0.185
2024-03-28 21:40:00,0.3664
2024-03-28 21:50:00,0.3814
2024-03-28 22:00:00,0.3188
2024-03-28 22:10:00,0.3219
2024-03-28 22:20:00,0.2541
2024-03-28 22:30:00,0.6692
2024-03-28 22:40:00,0.3212
2024-03-28 22:50:00,0.3894
2024-03-28 23:00:00,0.2854
2024-03-28 23:10:00,0.1985
2024-03-28 23:20:00,0.3249
2024-03-28 23:30:00,0.248
2024-03-28 23:40:00,0.4327
2024-03-28 23:50:00,0.3002
2024-03-29 00:00:00,0.2823
2024-03-29 00:10:00,0.05
2024-03-29 00:20:00,0.3138
2024-03-29 00:30:00,0.3413
2024-03-29 00:40:00,0.1934
2024-03-29 00:50:00,0.2989
2024-03-29 01:00:00,0.2595
2024-03-29 01:10:00,0.2413
2024-03-29 01:20:00,0.1184
2024-03-29 01:30:00,0.05
2024-03-29 01:40:00,0.05
2024-03-29 01:50:00,0.05
2024-03-29 02:00:00,0.1178
2024-03-29 02:10:00,0.05
2024-03-29 02:20:00,0.0526
2024-03-29 02:30:00,0.0915
2024-03-29 02:40:00,0.1019
2024-03-29 02:50:00,0.2583
2024-03-29 03:00:00,0.3925
2024-03-29 03:10:00,0.4351
2024-03-29 03:20:00,0.4604
2024-03-29 03:30:00,0.4414
2024-03-29 03:40:00,0.6378
2024-03-29 03:50:00,1.0611
2024-03-29 04:00:00,1.128
2024-03-29 04:10:00,1.1975
2024-03-29 04:20:00,1.3723
2024-03-29 04:30:00,1.4613
2024-03-29 04:40:00,1.9285
2024-03-29 04:50:00,2.3488
2024-03-29 05:00:00,2.537
2024-03-29 05:10:00,2.6411
2024-03-29 05:20:00,2.973
2024-03-29 05:30:00,3.0791
2024-03-29 05:40:00,2.9585
2024-03-29 05:50:00,3.4496
2024-03-29 06:00:00,3.3157
2024-03-29 06:10:00,3.3122
2024-03-29 06:20:00,3.4316
2024-03-29 06:30:00,3.5172
2024-03-29 06:40:00,3.531
2024-03-29 06:50:00,3.5084
2024-03-29 07:00:00,3.4594
2024-03-29 07:10:00,3.3278
2024-03-29 07:20:00,3.301
2024-03-29 07:30:00,3.2923
2024-03-29 07:40:00,3.0487
2024-03-29 07:50:00,2.9759
2024-03-29 08:00:00,2.5093
2024-03-29 08:10:00,2.5599
2024-03-29 08:20:00,2.6386
2024-03-29 08:30:00,2.2726
2024-03-29 08:40:00,1.745
2024-03-29 08:50:00,1.8007
2024-03-29 09:00:00,1.6666
2024-03-29 09:10:00,1.5535
2024-03-29 09:20:00,1.4535
2024-03-29 09:30:00,1.3372
2024-03-29 09:40:00,1.0243
2024-03-29 09:50:00,0.8288
2024-03-29 10:00:00,0.7482
2024-03-29 10:10:00,0.6695
2024-03-29 10:20:00,0.3704
2024-03-29 10:30:00,0.4153
2024-03-29 10:40:00,0.4508
2024-03-29 10:50:00,0.4763
2024-03-29 11:00:00,0.4556
2024-03-29 11:10:00,0.3574
2024-03-29 11:20:00,0.2421
2024-03-29 11:30:00,0.2213
2024-03-29 11:40:00,0.4207
2024-03-29 11:50:00,0.3229
2024-03-29 12:00:00,0.385
2024-03-29 12:10:00,0.1915
2024-03-29 12:20:00,0.5128
2024-03-29 12:30:00,0.4342
2024-03-29 12:40:00,0.2085
2024-03-29 12:50:00,0.1925
2024-03-29 13:00:00,0.3189
2024-03-29 13:10:00,0.1174
2024-03-29 13:20:00,0.5918
2024-03-29 13:30:00,0.208
2024-03-29 13:40:00,0.4442
2024-03-29 13:50:00,0.4079
2024-03-29 14:00:00,0.6098
2024-03-29 14:10:00,0.2184
2024-03-29 14:20:00,0.4228
2024-03-29 14:30:00,0.1971
2024-03-29 14:40:00,0.296
2024-03-29 14:50:00,0.05
2024-03-29 15:00:00,0.3268
2024-03-29 15:10:00,0.1904
2024-03-29 15:20:00,0.05
2024-03-29 15:30:00,0.2243
2024-03-29 15:40:00,0.31
2024-03-29 15:50:00,0.3262
2024-03-29 16:00:00,0.3029
2024-03-29 16:10:00,0.2919
2024-03-29 16:20:00,0.5358
2024-03-29 16:30:00,0.1677
2024-03-29 16:40:00,0.3549
2024-03-29 16:50:00,0.2957
2024-03-29 17:00:00,0.203
2024-03-29 17:10:00,0.3152
2024-03-29 17:20:00,0.457
2024-03-29 17:30:00,0.3856
2024-03-29 17:40:00,0.4272
2024-03-29 17:50:00,0.2984
2024-03-29 18:00:00,0.3022
2024-03-29 18:10:00,0.1907
2024-03-29 18:20:00,0.4607
2024-03-29 18:30:00,0.2849
2024-03-29 18:40:00,0.3257
2024-03-29 18:50:00,0.2514
2024-03-29 19:00:00,0.5953
2024-03-29 19:10:00,0.4605
2024-03-29 19:20:00,0.3516
2024-03-29 19:30:00,0.3205
2024-03-29 19:40:00,0.3218
2024-03-29 19:50:00,0.4388
2024-03-29 20:00:00,0.2925
2024-03-29 20:10:00,0.456
2024-03-29 20:20:00,0.2339
2024-03-29 20:30:00,0.4421
2024-03-29 20:40:00,0.3309
2024-03-29 20:50:00,0.1138
2024-03-29 21:00:00,0.6058
2024-03-29 21:10:00,0.238
2024-03-29 21:20:00,0.3264
2024-03-29 21:30:00,0.2678
2024-03-29 21:40:00,0.1365
2024-03-29 21:50:00,0.2676
2024-03-29 22:00:00,0.1851
2024-03-29 22:10:00,0.4861
2024-03-29 22:20:00,0.1483
2024-03-29 22:30:00,0.3274
2024-03-29 22:40:00,0.3658
2024-03-29 22:50:00,0.1652
2024-03-29 23:00:00,0.3379
2024-03-29 23:10:00,0.1602
2024-03-29 23:20:00,0.2085
2024-03-29 23:30:00,0.2146
2024-03-29 23:40:00,0.4708
2024-03-29 23:50:00,0.4226
2024-03-30 00:00:00,0.05
2024-03-30 00:10:00,0.1973
2024-03-30 00:20:00,0.232
2024-03-30 00:30:00,0.2554
2024-03-30 00:40:00,0.3114
2024-03-30 00:50:00,0.3359
2024-03-30 01:00:00,0.1492
2024-03-30 01:10:00,0.4357
2024-03-30 01:20:00,0.05
2024-03-30 01:30:00,0.0785
2024-03-30 01:40:00,0.1019
2024-03-30 01:50:00,0.05
2024-03-30 02:00:00,0.1099
2024-03-30 02:10:00,0.05
2024-03-30 02:20:00,0.2803
2024-03-30 02:30:00,0.05
2024-03-30 02:40:00,0.05
2024-03-30 02:50:00,0.1346
2024-03-30 03:00:00,0.05
2024-03-30 03:10:00,0.05
2024-03-30 03:20:00,0.3908
2024-03-30 03:30:00,0.2756
2024-03-30 03:40:00,0.5675
2024-03-30 03:50:00,0.6412
2024-03-30 04:00:00,1.0349
2024-03-30 04:10:00,1.0568
2024-03-30 04:20:00,1.2317
2024-03-30 04:30:00,1.3339
2024-03-30 04:40:00,1.5922
2024-03-30 04:50:00,1.748
2024-03-30 05:00:00,1.7375
2024-03-30 05:10:00,1.9106
2024-03-30 05:20:00,2.1005
2024-03-30 05:30:00,2.2698
2024-03-30 05:40:00,2.4209
2024-03-30 05:50:00,2.5069
2024-03-30 06:00:00,2.6687
2024-03-30 06:10:00,2.7062
2024-03-30 06:20:00,2.8005
2024-03-30 06:30:00,2.7386
2024-03-30 06:40:00,2.7476
2024-03-30 06:50:00,2.8469
2024-03-30 07:00:00,2.9123
2024-03-30 07:10:00,2.6796
2024-03-30 07:20:00,2.5422
2024-03-30 07:30:00,2.768
2024-03-30 07:40:00,2.3998
2024-03-30 07:50:00,2.3833
2024-03-30 08:00:00,2.3
2024-03-30 08:10:00,1.9919
2024-03-30 08:20:00,1.6699
2024-03-30 08:30:00,1.7521
2024-03-30 08:40:00,1.5953
2024-03-30 08:50:00,1.3643
2024-03-30 09:00:00,1.2076
2024-03-30 09:10:00,1.1067
2024-03-30 09:20:00,0.865
2024-03-30 09:30:00,0.899
2024-03-30 09:40:00,0.8312
2024-03-30 09:50:00,0.6748
2024-03-30 10:00:00,0.3106
2024-03-30 10:10:00,0.3577
2024-03-30 10:20:00,0.4495
2024-03-30 10:30:00,0.4859
2024-03-30 10:40:00,0.3326
2024-03-30 10:50:00,0.5201
2024-03-30 11:00:00,0.3818
2024-03-30 11:10:00,0.3324
2024-03-30 11:20:00,0.3188
2024-03-30 11:30:00,0.2907
2024-03-30 11:40:00,0.2535
2024-03-30 11:50:00,0.2834
2024-03-30 12:00:00,0.471
2024-03-30 12:10:00,0.3377
2024-03-30 12:20:00,0.0983
2024-03-30 12:30:00,0.2406
2024-03-30 12:40:00,0.1086
2024-03-30 12:50:00,0.1805
2024-03-30 13:00:00,0.0631
2024-03-30 13:10:00,0.5825
2024-03-30 13:20:00,0.2141
2024-03-30 13:30:00,0.3252
2024-03-30 13:40:00,0.2187
2024-03-30 13:50:00,0.2709
2024-03-30 14:00:00,0.3
2024-03-30 14:10:00,0.4434
2024-03-30 14:20:00,0.2499
2024-03-30 14:30:00,0.1748
2024-03-30 14:40:00,0.1544
2024-03-30 14:50:00,0.1233
2024-03-30 15:00:00,0.1951
2024-03-30 15:10:00,0.648
2024-03-30 15:20:00,0.3602
2024-03-30 15:30:00,0.2276
2024-03-30 15:40:00,0.4377
2024-03-30 15:50:00,0.1974
2024-03-30 16:00:00,0.4289
2024-03-30 16:10:00,0.3083
2024-03-30 16:20:00,0.4295
2024-03-30 16:30:00,0.3245
2024-03-30 16:40:00,0.1379
2024-03-30 16:50:00,0.2906
2024-03-30 17:00:00,0.3512
2024-03-30 17:10:00,0.3945
2024-03-30 17:20:00,0.2325
2024-03-30 17:30:00,0.2856
2024-03-30 17:40:00,0.3999
2024-03-30 17:50:00,0.3577
2024-03-30 18:00:00,0.3252
2024-03-30 18:10:00,0.2464
2024-03-30 18:20:00,0.2095
2024-03-30 18:30:00,0.2859
2024-03-30 18:40:00,0.2148
2024-03-30 18:50:00,0.1186
2024-03-30 19:00:00,0.4215
2024-03-30 19:10:00,0.1429
2024-03-30 19:20:00,0.3939
2024-03-30 19:30:00,0.171
2024-03-30 19:40:00,0.3148
2024-03-30 19:50:00,0.05
2024-03-30 20:00:00,0.3377
2024-03-30 20:10:00,0.2865
2024-03-30 20:20:00,0.3471
2024-03-30 20:30:00,0.1355
2024-03-30 20:40:00,0.5728
2024-03-30 20:50:00,0.05
2024-03-30 21:00:00,0.2795
2024-03-30 21:10:00,0.1601
2024-03-30 21:20:00,0.3953
2024-03-30 21:30:00,0.1686
2024-03-30 21:40:00,0.2175
2024-03-30 21:50:00,0.2502
2024-03-30 22:00:00,0.2408
2024-03-30 22:10:00,0.2119
2024-03-30 22:20:00,0.4206
2024-03-30 22:30:00,0.1166
2024-03-30 22:40:00,0.3925
2024-03-30 22:50:00,0.1647
2024-03-30 23:00:00,0.05
2024-03-30 23:10:00,0.3297
2024-03-30 23:20:00,0.1554
2024-03-30 23:30:00,0.1139
2024-03-30 23:40:00,0.368
2024-03-30 23:50:00,0.05
