value,value_diff,value_rolling_mean_3,value_volatility_3,value_ewm_3,value_rolling_mean_6,value_volatility_6,value_ewm_6,value_rolling_mean_12,value_volatility_12,value_ewm_12,value_rolling_mean_24,value_volatility_24,value_ewm_24,drift_flag,time_since_last_spike
1.405,0.0,1.522,0.0,1.405,1.0138333333333334,0.0,1.405,1.20325,0.0,1.405,1.0084583333333332,0.0,1.405,0,1
1.755,0.34999999999999987,1.522,0.0,1.58,1.0138333333333334,0.0,1.505,1.20325,0.0,1.458846153846154,1.0084583333333332,0.0,1.433,1,0
1.406,-0.349,1.522,0.20178453855536102,1.4929999999999999,1.0138333333333334,0.0,1.4767142857142856,1.20325,0.0,1.450715976331361,1.0084583333333332,0.0,1.4308400000000001,1,0
0.979,-0.42699999999999994,1.38,0.38865280135359886,1.236,1.0138333333333334,0.0,1.3345102040816328,1.20325,0.0,1.3781442876649979,1.0084583333333332,0.0,1.3946928,1,0
0.188,-0.7909999999999999,0.8576666666666665,0.6179986515627144,0.712,1.0138333333333334,0.0,1.0069358600583092,1.20325,0.0,1.1950451664857673,1.0084583333333332,0.0,1.298157376,1,0
0.35,0.16199999999999998,0.5056666666666666,0.4178448675445628,0.5309999999999999,1.0138333333333334,0.6292889373464837,0.8192399000416494,1.20325,0.0,1.0650382177956492,1.0084583333333332,0.0,1.22230478592,0,1
0.372,0.02200000000000002,0.3033333333333333,0.10048548817283624,0.45149999999999996,0.8416666666666667,0.6420456889246019,0.691457071458321,1.20325,0.0,0.9584169535193955,1.0084583333333332,0.0,1.1542804030464,0,2
1.866,1.4940000000000002,0.8626666666666667,0.8689817796325383,1.15875,0.8601666666666666,0.6744094947927904,1.027040765327372,1.20325,0.0,1.0980451145164116,1.0084583333333332,0.0,1.2112179708026882,1,0
1.994,0.1279999999999999,1.4106666666666667,0.9017856360207416,1.576375,0.9581666666666667,0.8005199352087784,1.3033148323766945,1.20325,0.0,1.235884327667733,1.0084583333333332,0.0,1.2738405331384732,0,1
1.574,-0.41999999999999993,1.8113333333333335,0.21527037263249496,1.5751875000000002,1.0573333333333335,0.8395204980622372,1.380653451697639,1.20325,0.0,1.2879021234111587,1.0084583333333332,0.0,1.2978532904873954,0,2
1.131,-0.44300000000000006,1.5663333333333334,0.43155107847546087,1.3530937500000002,1.2145000000000001,0.7246311475502554,1.309323894069742,1.20325,0.0,1.2637633351940574,1.0084583333333332,0.0,1.2845050272484038,0,3
1.419,0.28800000000000003,1.374666666666667,0.22480287661267498,1.3860468750000001,1.3926666666666667,0.5881243632656842,1.34065992433553,1.20325,0.6134861819589301,1.2876458990103563,1.0084583333333332,0.0,1.2952646250685316,0,4
1.156,-0.2630000000000001,1.2353333333333334,0.15955041000678644,1.2710234375,1.5233333333333334,0.3581226977820121,1.28789994595395,1.1825,0.6102444368671235,1.2673926837779936,1.0084583333333332,0.0,1.284123455063049,0,5
1.029,-0.127,1.2013333333333334,0.19891287875181363,1.15001171875,1.3838333333333335,0.36095507569040564,1.21392853282425,1.122,0.5837390450597534,1.2307168862736868,1.0084583333333332,0.0,1.263713578658005,0,6
0.945,-0.08399999999999996,1.0433333333333332,0.10622774276682054,1.047505859375,1.209,0.24013079769159115,1.1370918091601785,1.0835833333333331,0.5784954558371591,1.1867604422315812,1.0084583333333332,0.0,1.2382164923653645,0,7
1.009,0.06399999999999995,0.9943333333333332,0.0438786204584171,1.0282529296875,1.1148333333333333,0.16845464275782548,1.1004941494001275,1.0860833333333333,0.5780670703982262,1.159412681888261,1.0084583333333332,0.0,1.2198791729761354,0,8
0.798,-0.21099999999999985,0.9173333333333332,0.10818656724997718,0.91312646484375,1.0593333333333332,0.21143572703463964,1.0140672495715197,1.1369166666666666,0.5153292783759866,1.1038107308285285,1.0084583333333332,0.0,1.1861288391380445,0,9
0.657,-0.14100000000000001,0.8213333333333334,0.17715623989386844,0.785063232421875,0.9323333333333332,0.17847315391023585,0.9120480354082284,1.1624999999999999,0.4790554152799975,1.0350706183933704,1.0084583333333332,0.0,1.143798532007001,0,10
0.661,0.0040000000000000036,0.7053333333333334,0.08027660514330401,0.7230316162109376,0.8498333333333333,0.1685353573190706,0.8403200252915918,1.1865833333333333,0.4414940457404181,0.9775212924866982,1.0084583333333332,0.0,1.105174649446441,0,11
1.231,0.5700000000000001,0.8496666666666668,0.3302504100426431,0.9770158081054688,0.8835000000000001,0.22289347231356987,0.9519428752082799,1.1336666666666668,0.3873981586602256,1.0165180167195138,1.0084583333333332,0.0,1.1152406774907258,1,0
1.612,0.381,1.1680000000000001,0.4786198909364302,1.2945079040527345,0.9946666666666667,0.37448346647971886,1.1405306251487715,1.1018333333333334,0.3201306078159445,1.1081306295318964,1.0084583333333332,0.0,1.1549814232914677,0,1
0.258,-1.354,1.0336666666666667,0.6982365883662455,0.7762539520263673,0.8694999999999999,0.47951256500742523,0.8883790179634082,0.9921666666666668,0.36582555041075704,0.9773413019116047,1.0084583333333332,0.0,1.0832229094281502,1,0
0.202,-0.055999999999999994,0.6906666666666667,0.7983892116839593,0.48912697601318367,0.7701666666666668,0.5533358534079162,0.6922707271167202,0.9147500000000001,0.4269639382259989,0.8580580246944348,1.0084583333333332,0.0,1.0127250766738982,0,1
0.206,0.003999999999999976,0.222,0.031240998703641044,0.3475634880065918,0.695,0.6004131910609564,0.5533362336548001,0.8136666666666666,0.440116169237444,0.7577414055106756,1.0084583333333332,0.5587794913268884,0.9481870705399864,0,2
0.165,-0.04099999999999998,0.19099999999999998,0.02260530911093507,0.2562817440032959,0.6123333333333334,0.6389399554470413,0.442383024039143,0.7310833333333333,0.4624500873968275,0.6665504200474947,0.9567916666666666,0.5775323803582953,0.8855321048967876,0,3
0.236,0.07099999999999998,0.20233333333333334,0.03564173583503261,0.24614087200164794,0.44650000000000006,0.5718558384767971,0.383416445742245,0.665,0.47255687488386,0.6003118938863415,0.8935,0.5694302262865008,0.8335695365050446,0,4
0.173,-0.063,0.19133333333333336,0.038888730158418094,0.20957043600082398,0.20666666666666667,0.03574166569520053,0.32329746124446074,0.6006666666666667,0.483397884926605,0.5345716025192121,0.8421250000000001,0.5767557928319552,0.7807239735846411,0,5
0.159,-0.013999999999999985,0.18933333333333333,0.04101625693958749,0.18428521800041198,0.19016666666666668,0.02963387701039959,0.2763553294603291,0.5298333333333333,0.4803912862227915,0.4767913559777949,0.8079583333333334,0.5923716136203593,0.7309860556978698,0,6
0.221,0.062,0.18433333333333332,0.032516662395366824,0.20264260900020598,0.19333333333333336,0.03206659736653527,0.2605395210430922,0.48175000000000007,0.4799861977182262,0.4374388396735187,0.8093333333333333,0.5909065008557809,0.6901871712420402,0,7
0.183,-0.038000000000000006,0.18766666666666665,0.03126233090053043,0.19282130450010299,0.1895,0.03162119542333628,0.23838537217363726,0.44225000000000003,0.48374206594386276,0.39829440280066963,0.8023750000000001,0.5974971575337152,0.649612197542677,0,8
0.231,0.048000000000000015,0.21166666666666667,0.025324559884314667,0.2119106522500515,0.20049999999999998,0.03284965753247382,0.23627526583831232,0.40641666666666665,0.4819880153797365,0.3725568023697974,0.7965000000000001,0.6025844339177703,0.6161232217392629,0,9
0.362,0.13099999999999998,0.25866666666666666,0.09265167744479429,0.2869553261250257,0.2215,0.0742583328657518,0.27219661845593734,0.334,0.4061506661774221,0.3709326789282901,0.7338333333333332,0.5634595519348894,0.595793364000122,0,10
0.29,-0.07200000000000001,0.29433333333333334,0.06560741827975075,0.2884776630625129,0.24100000000000002,0.07433707016018842,0.27728329889709813,0.22383333333333336,0.0584291853183822,0.35848149755470704,0.6628333333333334,0.501743799742169,0.5713298948801122,0,11
0.344,0.05399999999999999,0.332,0.03746998799040118,0.3162388315312564,0.2718333333333333,0.07184821964855784,0.2963452134979272,0.23099999999999998,0.06756141986774408,0.35625357485398285,0.6115833333333334,0.4661857174865029,0.5531435032897033,0,12
0.324,-0.019999999999999962,0.3193333333333333,0.02730079363927269,0.3201194157656282,0.289,0.0695413546028601,0.304246581069948,0.24116666666666664,0.07184431822076265,0.3512914864149086,0.5779583333333334,0.4560866125950261,0.5348120230265271,0,13
1.403,1.079,0.6903333333333332,0.6172684451139017,0.8615597078828141,0.4923333333333333,0.4485249900135635,0.6181761293356771,0.3409166666666666,0.341919304231365,0.5130927961972304,0.5772916666666666,0.4548137200300095,0.604267061184405,1,0
1.322,-0.08099999999999996,1.0163333333333335,0.6009445343235377,1.0917798539414072,0.6741666666666667,0.534330390925565,0.8192686638111979,0.4373333333333333,0.43755733823400145,0.6375400583207335,0.5842083333333333,0.46514214556381556,0.6616856962896526,0,1
2.299,0.9769999999999999,1.6746666666666667,0.5422032214339318,1.6953899269707036,0.997,0.8179061070807578,1.242049045579427,0.60925,0.686004522248545,0.8931492801175438,0.637125,0.5767857949541313,0.7926708405864804,0,2
1.271,-1.028,1.6306666666666665,0.5793551012404511,1.4831949634853516,1.1605,0.7429246933572743,1.2503207468424478,0.7007499999999999,0.6956851593279038,0.9512801600994601,0.6507083333333333,0.5880795923036759,0.830937173339562,0,3
1.783,0.512,1.7843333333333333,0.5140012970152248,1.6330974817426758,1.4003333333333332,0.653513478565413,1.4025148191731769,0.8360833333333333,0.7374246905565505,1.079237058545697,0.6829583333333334,0.6284215892540448,0.907102199472397,0,4
1.108,-0.6749999999999998,1.3873333333333333,0.35221631610891263,1.370548740871338,1.531,0.43816024465941644,1.3183677279808406,0.9099999999999998,0.7142570202028754,1.0836621264617436,0.695875,0.634049669738619,0.9231740235146053,0,5
1.188,0.07999999999999985,1.3596666666666666,0.36879307657998883,1.2792743704356688,1.4951666666666668,0.45901695684001304,1.2811198057006004,0.9937499999999999,0.6793299004433437,1.0997141070060907,0.718,0.6418507208269588,0.944360101633437,0,6
1.859,0.671,1.385,0.4124402987100074,1.5691371852178344,1.584666666666667,0.4707035868427883,1.446228432643286,1.1294166666666665,0.6757073678521618,1.216527321312846,0.7679166666666667,0.682520769976471,1.017531293502762,0,7
0.469,-1.3900000000000001,1.172,0.6951381157726862,1.0190685926089171,1.2796666666666667,0.5067739798634757,1.1670203090309184,1.1383333333333332,0.6652854935129636,1.1015231180339466,0.7361666666666666,0.6777490664703633,0.9736487900225411,1,0
0.133,-0.33599999999999997,0.8203333333333335,0.9150657535572699,0.5760342963044586,1.09,0.690366279593666,0.8715859350220846,1.12525,0.6847444281030561,0.9525195614133394,0.6745416666666667,0.6617003774313214,0.9063968868207378,0,1
0.473,0.33999999999999997,0.35833333333333334,0.19515463953832848,0.5245171481522293,0.8716666666666666,0.6320524239860699,0.757704239301489,1.1360000000000001,0.6722632060300622,0.8787473211959026,0.6835,0.6572563526079287,0.8717251358750788,0,2
1.527,1.0539999999999998,0.711,0.7268369830986869,1.0257585740761146,0.9415,0.6843682488251482,0.9775030280724921,1.2362499999999998,0.6284361723574419,0.978478502550379,0.7387083333333333,0.6705667608800044,0.9241471250050726,0,3
0.392,-1.1349999999999998,0.7973333333333333,0.6332063907868699,0.7088792870380574,0.8088333333333333,0.7039012478087154,0.8102164486232086,1.152,0.6704156105798035,0.8882510406195515,0.7464583333333333,0.6651956874005058,0.8815753550046668,0,4
0.366,-0.026000000000000023,0.7616666666666667,0.6629255865731344,0.5374396435190287,0.56,0.48971991995425296,0.6832974633022919,1.0723333333333331,0.7043218961052774,0.807904726678082,0.7548333333333334,0.6587911634967859,0.8403293266042935,0,5
0.42,0.05399999999999999,0.39266666666666655,0.0270061721340697,0.47871982175951433,0.5518333333333333,0.4919444751866481,0.6080696166444942,0.91575,0.609274549995917,0.7482270764199156,0.7624999999999998,0.6535404581468406,0.80670298047595,0,6
0.372,-0.04799999999999999,0.3859999999999999,0.029597297173925896,0.42535991087975716,0.5916666666666667,0.45987940448194303,0.5406211547460673,0.8408333333333333,0.6168454695734852,0.6903459877399285,0.7707916666666667,0.6469654233867299,0.771926742037874,0,7
0.399,0.027000000000000024,0.39699999999999996,0.024062418831066454,0.4121799554398786,0.5793333333333334,0.4646657580096328,0.5001579676757624,0.7254999999999999,0.5504873047830194,0.6455235280876318,0.7807916666666666,0.638902522276297,0.7420926026748442,0,8
1.108,0.7090000000000001,0.6263333333333333,0.41735396647610123,0.7600899777199394,0.5095000000000001,0.29384604812724635,0.6738271197684017,0.7254999999999999,0.5504873047830194,0.7166737545356885,0.8177499999999999,0.6307150703764732,0.7713651944608567,1,0
1.704,0.5959999999999999,1.0703333333333334,0.6533148806917946,1.2320449888599696,0.7281666666666666,0.5581864981049492,0.9681622284060012,0.7685,0.6071368723921995,0.8685700999917364,0.8811249999999999,0.6405015909765391,0.8459759789039882,0,1
2.129,0.42500000000000004,1.647,0.5128810778338377,1.6805224944299848,1.022,0.7577601203547201,1.2998301631471436,0.791,0.6543881250311763,1.0624823923007,0.9602083333333334,0.6730851085901371,0.9486179005916693,0,2
2.599,0.4700000000000002,2.144,0.4476885077819157,2.1397612472149925,1.3851666666666667,0.9169718461690448,1.6710215451051025,0.9685,0.8255888807390758,1.2988697165621308,1.0534166666666664,0.738367171338315,1.0806484685443358,0,3
2.139,-0.4600000000000004,2.289,0.2685144316419476,2.1393806236074964,1.6796666666666666,0.8031890603504671,1.8047296750750732,1.1356666666666666,0.8439216177878706,1.428120529398726,1.1304583333333333,0.7515929737486943,1.165316591060789,0,4
2.131,-0.008000000000000007,2.2896666666666667,0.26792038618464914,2.135190311803748,1.9683333333333335,0.5077769851683577,1.8979497679107664,1.2738333333333334,0.8611156435201668,1.5362558325681528,1.2049166666666666,0.7587754961931679,1.2425712637759259,0,5
1.089,-1.0419999999999998,1.786333333333333,0.6039216284695658,1.612095155901874,1.9651666666666667,0.5142335720921637,1.6668212627934047,1.2373333333333332,0.8586884643384225,1.4674472429422831,1.2367916666666667,0.7358834961646686,1.230285562673852,1,0
1.084,-0.004999999999999893,1.4346666666666665,0.6030475382035256,1.348047577950937,1.8618333333333332,0.6271141576034354,1.5003009019952893,1.295,0.8190805266217166,1.4084553594127012,1.2235,0.7356317604321617,1.2185827176599437,0,1
2.171,1.0869999999999997,1.4479999999999997,0.626141357841821,1.7595237889754685,1.8688333333333331,0.6309156573319974,1.6919292157109207,1.4454166666666666,0.7984447904102904,1.525769919503055,1.258875,0.7605651395651385,1.2947761002471483,0,2
0.768,-1.4029999999999998,1.341,0.7359612761552061,1.2637618944877342,1.5636666666666665,0.6496465705802393,1.4279494397935149,1.4744166666666665,0.7633643784212252,1.4091899318872003,1.1950833333333333,0.7332476250968322,1.2526340122273765,1,0
0.88,0.11199999999999999,1.273,0.7797044311788921,1.071880947243867,1.3538333333333332,0.6296689341762587,1.2713924569953676,1.5167499999999998,0.7088069521770682,1.3277760962122465,1.1787916666666667,0.7358267151375686,1.2228232912491863,0,1
0.886,0.006000000000000005,0.8446666666666666,0.0664630223006296,0.9789404736219336,1.1463333333333334,0.517485716389028,1.1612803264252625,1.5573333333333335,0.6505380057842094,1.2598105429488238,1.1414166666666665,0.7265246587075654,1.1958774279492514,0,2
0.927,0.041000000000000036,0.8976666666666665,0.025579940057276956,0.9529702368109668,1.1193333333333333,0.5252434356245355,1.094343090303759,1.5422500000000001,0.6638651458076263,1.208608920956697,1.133875,0.7278248901021273,1.1743672337133113,0,3
0.449,-0.47800000000000004,0.7539999999999999,0.2649320667642949,0.7009851184054834,1.0134999999999998,0.5933460204636066,0.9099593502169707,1.4376666666666666,0.7314783701932719,1.091746010040282,1.1030833333333334,0.7409493860943693,1.1163378550162464,0,4
0.442,-0.007000000000000006,0.6059999999999999,0.27801618657912913,0.5714925592027417,0.7253333333333334,0.22309788584086862,0.7762566787264076,1.2970833333333334,0.7484476611728779,0.9917850854187003,1.0440416666666665,0.7345243050506529,1.0623908266149469,0,5
0.328,-0.11399999999999999,0.4063333333333332,0.06792888438164513,0.4497462796013708,0.652,0.27300183149568524,0.648183341947434,1.1078333333333334,0.6725975202470077,0.8896643030465925,1.0381666666666667,0.7398681237759266,1.003639560485751,0,6
0.274,-0.05399999999999999,0.34799999999999986,0.08576712656957622,0.3618731398006854,0.551,0.2836702310782688,0.5412738156767386,0.9524166666666666,0.6265622595971729,0.7949467179625014,1.0440416666666665,0.7328950028107214,0.9452683956468911,0,7
0.363,0.08899999999999997,0.32166666666666655,0.04483674088663335,0.3624365699003427,0.4638333333333333,0.2365902928411582,0.490338439769099,0.8050833333333333,0.5236455182543618,0.7284933767375011,1.0394583333333334,0.7369541298430679,0.8986869239951398,0,8
0.342,-0.020999999999999963,0.3263333333333332,0.04652239604034909,0.3522182849501714,0.36633333333333334,0.06805487981522629,0.4479560284064993,0.7428333333333333,0.5311726022050965,0.6690328572394241,0.9900833333333332,0.7425447968724302,0.8541519700755287,0,9
0.376,0.033999999999999975,0.3603333333333332,0.01715614564332596,0.3641091424750857,0.3541666666666667,0.05572940576271097,0.4273971631474995,0.6838333333333333,0.5291492027659868,0.6239508792025896,0.9894166666666666,0.7431120763189186,0.8158998124694864,0,10
0.351,-0.025000000000000022,0.35633333333333317,0.01761628034901301,0.35755457123754286,0.33899999999999997,0.03589986072393879,0.4055694022482139,0.5321666666666668,0.25281464044679725,0.5819584362483451,0.9887916666666666,0.7436653045187246,0.7787078274719275,0,11
0.335,-0.01599999999999996,0.35399999999999987,0.02066397831981281,0.34627728561877147,0.3401666666666667,0.035583235753158686,0.3854067158915814,0.4960833333333334,0.24692673125051007,0.5439648306716767,0.9852500000000001,0.7466881806553755,0.7432112012741734,0,12
0.218,-0.11700000000000002,0.3013333333333332,0.0726108348205359,0.2821386428093857,0.3308333333333333,0.05719236545785516,0.33757622563684386,0.4409166666666667,0.2264586891218551,0.4938163951837264,0.9788333333333333,0.7528237663546532,0.7011943051722396,1,0
0.149,-0.069,0.23399999999999985,0.09402659198334255,0.21556932140469287,0.29516666666666663,0.09027827350290231,0.28369730402631704,0.3795,0.19211052689911556,0.44076771900161466,0.9684166666666667,0.7628583501010134,0.6570187607584604,0,1
0.211,0.062,0.19266666666666651,0.03797806384395346,0.21328466070234642,0.2733333333333333,0.09250009009003621,0.2629266457330836,0.31983333333333336,0.09139607444657458,0.40541883915521243,0.9310416666666667,0.7775543307826408,0.6213372598977837,0,2
0.241,0.03,0.20033333333333317,0.04691836882645631,0.2271423303511732,0.2508333333333333,0.07778024599257059,0.25666188980934546,0.3025,0.08410545328769524,0.38012363313133357,0.8700833333333332,0.7716469634696193,0.590910279105961,0,3
0.223,-0.017999999999999988,0.22499999999999987,0.015099668870607576,0.22507116517558662,0.2295,0.06043095233403251,0.24704420700667534,0.28424999999999995,0.07426870746884154,0.3559507664957438,0.7906666666666667,0.7335907914330456,0.5614774567774841,0,4
0.354,0.13099999999999998,0.27266666666666656,0.07100938905057003,0.2895355825877933,0.23266666666666666,0.06718531585595751,0.2776030050047681,0.28641666666666665,0.07601968445240924,0.3556506485733217,0.6971250000000001,0.6286003300985452,0.5448792602352853,0,5
0.301,-0.05299999999999999,0.2926666666666665,0.06589638330997512,0.2952677912938967,0.24650000000000002,0.0719381678943669,0.2842878607176915,0.2886666666666667,0.07601833909517702,0.3472428564851184,0.6205416666666667,0.5526746805637399,0.5253689194164625,0,6
0.342,0.041000000000000036,0.3323333333333332,0.027790885796157586,0.31863389564694833,0.2786666666666667,0.06209884593665824,0.3007770433697797,0.28691666666666665,0.07437553157437694,0.34643626317971554,0.5459999999999999,0.4514748777256509,0.5106994058631456,0,7
0.374,0.03199999999999997,0.3389999999999998,0.03659234892708754,0.34631694782347416,0.30583333333333335,0.06222994991693983,0.3216978881212712,0.2895833333333333,0.07705542082676155,0.35067683807514394,0.5162083333333333,0.437458766172824,0.49976345339409395,0,8
1.18,0.8059999999999999,0.6319999999999998,0.47485155575190124,0.7631584739117371,0.4623333333333333,0.35563276939374555,0.5669270629437652,0.3565833333333333,0.2691432394345707,0.4782650168328141,0.5202083333333333,0.4432764354084322,0.5541823771225665,1,0
0.843,-0.33699999999999997,0.7989999999999998,0.40479748022931245,0.8030792369558686,0.5656666666666667,0.3621969998035117,0.6458050449598323,0.39758333333333334,0.30349732912808314,0.5343780911662273,0.464875,0.28168442294602486,0.5772877869527611,0,1
1.931,1.088,1.3179999999999998,0.5569730693669125,1.3670396184779343,0.8285,0.6419933800281734,1.0130036035427374,0.5305833333333333,0.5349935357864937,0.749243000217577,0.5133333333333333,0.40787046821335315,0.6855847639965402,0,2
1.343,-0.5880000000000001,1.372333333333333,0.5445928142505487,1.3550198092389671,1.0021666666666667,0.61094530578986,1.1072882882448125,0.6243333333333333,0.5724939592112166,0.8405902309533344,0.532625,0.4359503175223368,0.738177982876817,0,3
0.665,-0.6779999999999999,1.313,0.6335329509978147,1.0100099046194835,1.056,0.5525837493086445,0.9809202058891517,0.6673333333333332,0.5525779802366585,0.813576349268206,0.5234166666666666,0.43046111945484583,0.7323237442466717,0,4
0.521,-0.14400000000000002,0.8429999999999999,0.43895785674709215,0.7655049523097417,1.0805,0.5185062198276882,0.8495144327779656,0.6931666666666666,0.5363116179192394,0.7685646032269435,0.5065000000000001,0.421801725520622,0.715417844706938,0,5
0.537,0.016000000000000014,0.5743333333333333,0.07892612579706884,0.6512524761548708,0.9733333333333333,0.5587176985443234,0.760224594841404,0.7178333333333334,0.5201890973191361,0.7329392796535676,0.5101666666666667,0.42166261669590865,0.701144417130383,0,6
0.367,-0.17000000000000004,0.47499999999999987,0.09387225362161959,0.5091262380774354,0.894,0.6121630501753587,0.6478747106010029,0.7298333333333332,0.5092828885855691,0.6766409289376342,0.5070416666666667,0.42246692478374226,0.6744128637599525,0,7
0.425,0.057999999999999996,0.44299999999999984,0.0864175908018834,0.46706311903871767,0.643,0.3578558368952482,0.5841962218578592,0.73575,0.5049133363981664,0.6379269398703058,0.5110833333333333,0.42114150432683184,0.6544598346591564,0,8
0.243,-0.182,0.3449999999999998,0.0929731143933666,0.35503155951935883,0.45966666666666667,0.14740239708588507,0.486711587041328,0.7309166666666668,0.5097081978639323,0.5771689491210279,0.5097916666666666,0.42194703759622737,0.6215430478864239,0,9
0.224,-0.01899999999999999,0.29733333333333317,0.11096996590670603,0.2895157797596794,0.3861666666666667,0.1338662267588986,0.41165113360094857,0.7210833333333332,0.5189477917922585,0.5228352646408697,0.504,0.42499248075189805,0.5897396040555101,0,10
0.198,-0.025999999999999995,0.22166666666666654,0.02259055849986263,0.2437578898798397,0.33233333333333337,0.13374552952029758,0.3506079525721061,0.7064166666666667,0.5319725656517085,0.4728606085422744,0.498,0.4283819912587163,0.5584004357310692,0,11
0.741,0.5429999999999999,0.38766666666666655,0.3062716659002841,0.49237894493991985,0.36633333333333334,0.20377602083332777,0.4621485375515043,0.6698333333333334,0.5111304464941744,0.5141128226126938,0.5132083333333334,0.43033707507999586,0.5730084008725838,1,0
0.37,-0.371,0.43633333333333324,0.27751096074449944,0.4311894724699599,0.36683333333333334,0.20378166420624017,0.4358203839653602,0.6304166666666667,0.5147874156711041,0.4919416191338178,0.514,0.43004307165476,0.556767728802777,0,1
0.646,0.276,0.5856666666666666,0.19271827451836188,0.53859473623498,0.4036666666666666,0.23411336285369289,0.4958717028324001,0.5233333333333333,0.31423654475666435,0.5156429084978458,0.5269583333333333,0.4290994086878145,0.5639063104985549,0,2
0.663,0.017000000000000015,0.5596666666666665,0.16447593542319425,0.6007973681174901,0.4736666666666667,0.23920089186009522,0.5436226448802858,0.4666666666666666,0.18957144651379984,0.538313230267408,0.5455,0.42476110933088046,0.5718338056586705,0,3
0.472,-0.19100000000000006,0.5936666666666666,0.1057087192871745,0.536398684058745,0.515,0.20664171892432162,0.5231590320573469,0.45058333333333334,0.17911370605559715,0.5281111948416529,0.5589583333333333,0.4166924086251119,0.5638471012059769,0,4
1.034,0.562,0.7229999999999999,0.2857638885513719,0.7851993420293726,0.6543333333333333,0.2306050013912647,0.6691135943266764,0.49333333333333335,0.2461309087506592,0.6059402417890909,0.5932499999999999,0.4206576889875519,0.6014593331094988,1,0
1.614,0.5800000000000001,1.0399999999999998,0.5710236422425957,1.1995996710146863,0.7998333333333334,0.4587637373056696,0.9390811388047688,0.5830833333333333,0.4071755168415121,0.7610263584369231,0.6504583333333334,0.46200037447440756,0.682462586460739,0,1
2.486,0.8720000000000001,1.7113333333333334,0.7308770986515661,1.8427998355073432,1.1525,0.7699973376577346,1.3810579562891205,0.7596666666666666,0.6758113417936773,1.0264069186773965,0.7447500000000001,0.5854144017182448,0.82674557954388,0,2
1.762,-0.7240000000000002,1.954,0.46663047478706005,1.8023999177536716,1.3385,0.757872218780976,1.4898985402065148,0.8710833333333333,0.7241067799626513,1.1395750850347202,0.8034166666666668,0.6143869278406314,0.9015659331803696,0,3
1.57,-0.19199999999999995,1.9393333333333331,0.4830624528291662,1.686199958876836,1.4896666666666667,0.6829400168877692,1.512784671576082,0.9816666666666666,0.7207879947205932,1.2057943027216862,0.8562916666666666,0.6238021201830974,0.9550406585259401,0,4
1.635,0.06499999999999995,1.6556666666666666,0.09765415164411087,1.6605999794384179,1.6835000000000002,0.46735072483093476,1.5477033368400586,1.09925,0.7007634959618884,1.2718259484568113,0.9101666666666667,0.6332181207181274,1.0094374058438649,0,5
2.096,0.4610000000000001,1.7670000000000001,0.2867699426369461,1.878299989719209,1.8605,0.3612244454629287,1.7043595263143274,1.2574166666666666,0.6930055041541003,1.3986219563865325,0.9819166666666667,0.6665084830450505,1.0963624133763556,0,6
1.856,-0.24,1.8623333333333332,0.23056524745357967,1.8671499948596044,1.9008333333333332,0.34114889222547257,1.7476853759388054,1.3503333333333334,0.6922188741265074,1.468987809250143,1.0100833333333334,0.6891430038171648,1.157133420306247,0,7
2.079,0.2230000000000001,2.010333333333333,0.13392659681082783,1.9730749974298023,1.8330000000000002,0.2207387596232259,1.842346697099147,1.49275,0.6464833717892515,1.5628358385962748,1.0615833333333333,0.7215360376468997,1.2308827466817474,0,8
2.43,0.351,2.1216666666666666,0.2893688534264351,2.2015374987149015,1.9443333333333335,0.32268415930545336,2.010247640785105,1.6414166666666665,0.639145659644516,1.6962457095814634,1.082375,0.7541315657617448,1.3268121269472077,0,9
1.1,-1.33,1.8696666666666666,0.6892679691769599,1.6507687493574508,1.8660000000000003,0.4596916357733741,1.750176886275075,1.6778333333333333,0.5887967442680073,1.6045156004150845,1.0722500000000001,0.7521088178668319,1.3086671567914312,1,0
1.143,0.04299999999999993,1.5576666666666663,0.7557687035947782,1.3968843746787254,1.784,0.5450882497357655,1.5766977759107679,1.7337500000000003,0.48691890775289454,1.5335132003512253,1.0921666666666667,0.7471682580229846,1.2954137842481168,0,1
1.494,0.351,1.2456666666666665,0.2161349886837681,1.4454421873393626,1.6836666666666666,0.5314059339776578,1.5530698399362628,1.7720833333333335,0.4429433492062609,1.5274342464510366,1.1327083333333334,0.7412029282167613,1.3113006815082675,0,2
0.597,-0.897,1.0779999999999996,0.45201880491855617,1.0212210936696813,1.4738333333333333,0.6780747500583297,1.279907028525902,1.6873333333333334,0.5582298863914448,1.3842905162278003,1.1352083333333334,0.7392048006600339,1.254156626987606,0,3
0.84,0.243,0.9769999999999998,0.46392779610624757,0.9306105468348407,1.2673333333333334,0.6447621783779396,1.15421930608993,1.5501666666666667,0.5462396798830962,1.3005535137312156,1.1549166666666668,0.7239813783737009,1.2210240968285977,0,4
0.201,-0.639,0.5459999999999997,0.3225383698104789,0.5658052734174204,0.8958333333333334,0.45514631347146506,0.8818709329213785,1.4200833333333334,0.6643159788059968,1.131391434695644,1.1455833333333334,0.7351579491136088,1.13942216908231,0,5
0.233,0.032,0.42466666666666636,0.36004490460682115,0.3994026367087102,0.7513333333333333,0.5115023623275506,0.6964792378009848,1.3086666666666666,0.7442018706254536,0.993177367819391,1.1451666666666667,0.7356943875578078,1.0669083955557253,0,6
0.201,-0.032,0.21166666666666636,0.018475208614130226,0.3002013183543551,0.5943333333333334,0.511809209243703,0.5549137412864177,1.1891666666666667,0.8000721368991828,0.8713039266164078,1.1442083333333333,0.736960383524147,0.9976357239112673,0,7
0.242,0.04099999999999998,0.22533333333333305,0.02154839514524434,0.2711006591771775,0.38566666666666666,0.26952971388450686,0.46550981520458407,1.0346666666666666,0.7879550440952532,0.7744879379061911,1.1460416666666668,0.7345549660770156,0.937184865998366,0,8
0.285,0.04299999999999998,0.24266666666666636,0.04200396806654743,0.2780503295885888,0.3336666666666666,0.249991733196648,0.4139355822889886,0.90375,0.7693767400836986,0.6991821013052386,1.1270416666666667,0.7511962332154636,0.8850100767184969,0,9
0.216,-0.06899999999999998,0.24766666666666634,0.0348472858819094,0.24702516479429437,0.22966666666666669,0.03179727451628246,0.357382558777849,0.7485,0.6950410713829019,0.6248463934121249,1.1206250000000002,0.7585655692331986,0.8314892705810171,1,0
0.275,0.059000000000000025,0.2586666666666663,0.03728717384484227,0.2610125823971472,0.242,0.032790242451027796,0.33384468484132074,0.5689166666666667,0.45961059769673857,0.571023871348721,1.1051666666666666,0.7723137831931686,0.7869701289345358,0,1
0.252,-0.02300000000000002,0.24766666666666637,0.02973774257295807,0.2565062911985736,0.24516666666666667,0.03266445570744841,0.31046048917237196,0.49825,0.4350676279718968,0.52194327575661,1.0880416666666666,0.786962265222455,0.7441725186197728,0,2
0.214,-0.038000000000000006,0.2469999999999997,0.030805843601534294,0.23525314559928678,0.24733333333333332,0.029418814841251906,0.2829003494088371,0.42083333333333334,0.3902560542500141,0.47456738717867003,1.0772916666666668,0.797435807920376,0.7017587171301911,0,3
0.273,0.059000000000000025,0.24633333333333304,0.029905406423179185,0.2541265727996434,0.2525,0.03097579700342201,0.2800716781491694,0.31908333333333333,0.1956873472628983,0.4435570199204131,1.0455833333333333,0.8141859053102042,0.6674580197597758,0,4
0.541,0.268,0.3426666666666664,0.17427660007394924,0.39756328639982175,0.29516666666666663,0.12332950444505957,0.35462262724940674,0.3144166666666667,0.1890110426467896,0.45854824762496493,1.000875,0.8110702705041357,0.6573413781789937,1,0
0.21,-0.33100000000000007,0.34133333333333304,0.17576214988823746,0.30378164319991086,0.2941666666666667,0.12412158018114323,0.3133018766067191,0.2619166666666667,0.0927199677752577,0.42031005568266266,0.9060416666666667,0.7614131872161568,0.6215540679246743,1,0
0.386,0.17600000000000002,0.3789999999999997,0.16561098997349724,0.34489082159995543,0.3126666666666667,0.12887461606795966,0.3340727690047994,0.2773333333333334,0.09695390969972782,0.41503158557763764,0.8487083333333335,0.7458038837194494,0.6027097424907004,0,1
0.407,0.020999999999999963,0.334333333333333,0.10818656724998382,0.3759454107999777,0.3385,0.12981332751299998,0.35490912071771386,0.29183333333333333,0.10256956250037089,0.4137959570272319,0.8002500000000001,0.7345991660644656,0.5870529630914444,0,2
0.437,0.030000000000000027,0.4099999999999997,0.0256320112359858,0.4064727053999888,0.37566666666666665,0.1184663102601923,0.3783636576555099,0.3115,0.10613327813308616,0.4173658097922731,0.7503333333333333,0.7158749384747531,0.5750487260441288,0,3
0.467,0.030000000000000027,0.43699999999999967,0.030000000000026995,0.43673635269999445,0.408,0.11108555261597951,0.4036883268967928,0.33025,0.11242704705315874,0.42500183905500033,0.6824583333333334,0.6575931065944801,0.5664048279605984,0,4
1.404,0.9369999999999998,0.769333333333333,0.549842098545877,0.9203681763499971,0.5518333333333333,0.42705944160814957,0.6894916620691376,0.4235,0.32829905989398567,0.5756169407388464,0.663625,0.6283439111284309,0.6334124417237506,1,0
1.179,-0.22499999999999987,1.0166666666666664,0.48913835806787137,1.0496840881749985,0.7133333333333334,0.4542891883664687,0.8293511871922412,0.50375,0.3856548445059533,0.6684451037021008,0.626125,0.5637353921755347,0.6770594463858505,0,1
1.274,0.09499999999999997,1.2856666666666665,0.11295279249904543,1.1618420440874992,0.8613333333333334,0.47067384319363365,0.9563937051373151,0.5870000000000001,0.4362878532678771,0.7616073954402391,0.5779583333333334,0.43834872748082376,0.7248146906749825,0,2
2.04,0.766,1.4976666666666665,0.4720702631318052,1.6009210220437495,1.1335,0.6076277643426107,1.2659955036695107,0.7360000000000001,0.5897911803033662,0.9582831807571255,0.617125,0.5211885507518197,0.8300295154209839,0,3
2.285,0.2450000000000001,1.8663333333333332,0.5273995954997794,1.9429605110218748,1.4415000000000002,0.6508015826655617,1.557139645478222,0.9085833333333334,0.7132439922104102,1.1623934606406445,0.6647083333333333,0.6149791427475344,0.9464271541873053,0,4
1.658,-0.6270000000000002,1.9943333333333328,0.3159847042711571,1.8004802555109374,1.64,0.44238490028480904,1.5859568896273015,1.024,0.7131042254563056,1.2386406205420837,0.6715416666666667,0.6254170072607669,1.003352981852321,0,5
1.221,-0.43699999999999983,1.7213333333333332,0.5348199073831593,1.5107401277554686,1.6095,0.4675051871369989,1.4816834925909297,1.0806666666666667,0.698093551080804,1.2359266789202246,0.6975416666666666,0.6350793157699597,1.0207647433041354,0,6
0.65,-0.5710000000000001,1.176333333333333,0.5054822779616831,1.0803700638777343,1.5213333333333336,0.596904570820719,1.2440596375649497,1.1173333333333335,0.6586460400401773,1.1457841129324977,0.6896249999999999,0.6344101548408703,0.9911035638398046,0,7
0.295,-0.35500000000000004,0.7219999999999996,0.46717983689367426,0.6876850319388671,1.3581666666666667,0.7828735317193106,0.9728997411178213,1.10975,0.6682850677803468,1.014894249404421,0.6935416666666666,0.6315460655969715,0.9354152787326202,0,8
0.236,-0.059,0.3936666666666664,0.22394270100481994,0.46184251596943354,1.0574999999999999,0.8144216966657993,0.7623569579413009,1.0955,0.686214848412521,0.895064364880664,0.6936666666666668,0.6314512385502671,0.8794620564340107,0,9
0.233,-0.002999999999999975,0.2546666666666664,0.03496188400722309,0.3474212579847168,0.7155,0.5979420540487168,0.6111121128152149,1.0785,0.7062458366731678,0.7932083087451772,0.695,0.6303986316471574,0.8277450919192898,0,10
0.359,0.12599999999999997,0.27599999999999975,0.07189575787208266,0.3532106289923584,0.49900000000000005,0.38606372530969324,0.5390800805822964,1.0695,0.7153759977674812,0.7264070304766884,0.699875,0.6271873939851731,0.7902454845657466,0,11
0.351,-0.008000000000000007,0.3143333333333331,0.07055021852081235,0.3521053144961792,0.35400000000000004,0.15472297825467946,0.48534291470164026,0.98175,0.73492994409486,0.6686521027110441,0.7026249999999999,0.6254314554247989,0.7551058458004869,0,12
0.246,-0.10499999999999998,0.3186666666666664,0.06305817419918187,0.2990526572480896,0.2866666666666667,0.05751753355859892,0.4169592247868859,0.9039999999999999,0.7610532175873126,0.6036287022939605,0.703875,0.6244457934144829,0.714377378136448,0,13
0.228,-0.017999999999999988,0.27499999999999974,0.06643041472097808,0.2635263286240448,0.2755,0.06191203437133905,0.3629708748477757,0.8168333333333334,0.7746038087990933,0.5458396711718128,0.7019166666666666,0.6259212283170867,0.6754671878855322,0,14
0.221,-0.007000000000000006,0.23166666666666638,0.012897028081483729,0.24226316431202238,0.27299999999999996,0.06409056092747092,0.3224077677484112,0.66525,0.6864448762878343,0.49586433714538003,0.700625,0.6269212427133228,0.6391098128546897,0,15
0.232,0.01100000000000001,0.22699999999999973,0.005567764362942979,0.2371315821560112,0.2728333333333333,0.06421656068853679,0.29657697696315083,0.4941666666666667,0.46672492060651105,0.45526982373839847,0.701375,0.6263242536036534,0.6065410278263146,0,16
0.247,0.014999999999999986,0.23333333333333306,0.013051181300348862,0.2420657910780056,0.2541666666666667,0.04851975542667642,0.28241212640225055,0.3765833333333333,0.29183228631070995,0.42322831239402947,0.7002916666666666,0.627119396382252,0.5777777456002094,0,17
0.323,0.07600000000000001,0.26733333333333303,0.048788659884593,0.2825328955390028,0.24949999999999997,0.03742058257159851,0.29400866171589324,0.30175,0.12040018498929969,0.40780857202571724,0.6912083333333333,0.6310931151007242,0.5573955259521927,1,0
0.375,0.05199999999999999,0.3149999999999997,0.06437390775773247,0.32876644776950137,0.27099999999999996,0.0631917716162307,0.3171490440827809,0.2788333333333333,0.05818752339454727,0.40276109940637617,0.6980833333333333,0.6265050689733284,0.5428038838760173,0,1
0.417,0.04199999999999998,0.3716666666666664,0.04708856903043715,0.3728832238847507,0.3025,0.0818284791499751,0.34567788863055776,0.289,0.07060260103374627,0.40495169949770293,0.699375,0.6258653010033385,0.5327395731659359,0,2
0.336,-0.08099999999999996,0.3759999999999997,0.040509258201069306,0.35444161194237533,0.3216666666666667,0.07177093190606212,0.34291277759325556,0.29733333333333334,0.06967369835473998,0.3943437457288256,0.6964166666666666,0.6274731185419445,0.5170004073126611,0,3
0.375,0.03899999999999998,0.3759999999999997,0.040509258201069306,0.36472080597118767,0.3455,0.05856876300553035,0.352080555423754,0.30916666666666665,0.06981251949894733,0.3913677848474678,0.6938333333333334,0.6287139853401692,0.5056403747276482,0,4
0.386,0.01100000000000001,0.36566666666666636,0.02627419519860239,0.3753604029855938,0.36866666666666664,0.03426173764806281,0.3617718253026814,0.3114166666666667,0.07196647999191888,0.39054197179401123,0.6904583333333333,0.6302002427915212,0.4960691447494364,0,5
0.331,-0.05499999999999999,0.3639999999999997,0.029103264421726515,0.35318020149279694,0.37000000000000005,0.03222421449776581,0.35297987521620106,0.30975,0.07119387741808424,0.3813816684410864,0.6457499999999999,0.6152624219193682,0.4828636131694815,0,6
0.397,0.066,0.37133333333333307,0.035360052790320416,0.3750901007463985,0.37366666666666665,0.03410376323317843,0.3655570537258579,0.3223333333333333,0.072238661687681,0.38378448868091924,0.6131666666666666,0.6064379725023437,0.475994524115923,0,7
0.348,-0.049000000000000044,0.3586666666666664,0.03426854728952309,0.36154505037319923,0.3621666666666667,0.02757837316929112,0.36054075266132707,0.3323333333333333,0.06603213175602758,0.3782791827300086,0.5745833333333333,0.5918477269400109,0.4657549621866492,0,8
0.37,0.02200000000000002,0.3716666666666664,0.024542480178951918,0.36577252518659964,0.3678333333333334,0.02444108562778431,0.36324339475809075,0.34475000000000006,0.056517294215642284,0.37700546231000726,0.505,0.5036704409070261,0.45809456521171726,0,9
0.381,0.01100000000000001,0.3663333333333331,0.016802777548199012,0.3733862625932998,0.36883333333333335,0.024911175537591278,0.3683167105414934,0.35716666666666663,0.04460703844451873,0.37762000657000616,0.4256666666666667,0.3317054306966091,0.4519269999947799,0,10
0.261,-0.12,0.33733333333333304,0.06633500835406853,0.31719313129664994,0.34800000000000003,0.04864565756568606,0.33765479324392383,0.35833333333333334,0.041541508996422595,0.3596784670976975,0.3674583333333333,0.20406818535813503,0.43665283999519755,1,0
0.301,0.03999999999999998,0.3143333333333331,0.06110100926608664,0.309096565648325,0.34299999999999997,0.052157453925570245,0.3271819951742313,0.35650000000000004,0.04367337445591457,0.3506510106211287,0.32912499999999995,0.09288249355338994,0.42580061279558173,0,1
0.217,-0.08399999999999999,0.25966666666666643,0.04201587001758448,0.2630482828241625,0.313,0.06505689817381351,0.29570142512445097,0.3433333333333333,0.05878981565071756,0.3300893166794166,0.3110833333333333,0.06601180175555263,0.4090965637719352,0,2
0.198,-0.01899999999999999,0.23866666666666636,0.05481179921636046,0.23052414141208125,0.288,0.07669680567010534,0.2677867322317507,0.32508333333333334,0.06722886059552607,0.30976788334412175,0.30704166666666666,0.06989462824832039,0.3922088386701804,0,3
0.22,0.021999999999999992,0.21166666666666636,0.011930353445505706,0.22526207070604062,0.263,0.06864692272780962,0.2541333801655362,0.3154166666666667,0.07355821236315911,0.29595743975271843,0.306375,0.07067366061233646,0.378432131576566,0,4
0.199,-0.02099999999999999,0.20566666666666641,0.012423096769111425,0.2121310353530203,0.2326666666666667,0.04052982440949484,0.23838098583252587,0.30075,0.07800946912221825,0.2810409105599925,0.30495833333333333,0.07252494573333429,0.36407756105044076,0,5
0.269,0.07,0.22933333333333306,0.03592121007614639,0.24056551767651016,0.23399999999999999,0.041761226035616085,0.24712927559466136,0.291,0.07357123943994928,0.2791884627815321,0.30120833333333336,0.07193353161783725,0.3564713561664055,0,6
0.196,-0.07300000000000001,0.22133333333333308,0.04130778780490023,0.2182827588382551,0.2165,0.027703790354350298,0.23252091113904383,0.27975,0.07713403328565284,0.26639023773821946,0.29475,0.07419143862479886,0.3436336476730931,1,0
0.241,0.044999999999999984,0.23533333333333306,0.036828431046334625,0.22964137941912754,0.2205,0.029466930617181673,0.23494350795645985,0.26675,0.06820573822836223,0.2624840473169549,0.2945416666666667,0.07434115202267097,0.3354229558592457,0,1
0.222,-0.01899999999999999,0.21966666666666637,0.022590558499839437,0.22582068970956376,0.2245,0.027355072655684994,0.23124536282604274,0.25625000000000003,0.06413781326886868,0.25625573234511567,0.2942916666666667,0.0745843433661665,0.32634911939050604,0,2
0.15,-0.07200000000000001,0.20433333333333303,0.04800347209665893,0.18791034485478186,0.21283333333333335,0.04112136508756068,0.20803240201860196,0.23791666666666667,0.059974931631854765,0.23990869659971326,0.29133333333333333,0.07890096525924438,0.3122411898392656,0,3
0.208,0.057999999999999996,0.19333333333333305,0.03817503547260623,0.1979551724273909,0.21433333333333335,0.040677594160230965,0.2080231442990014,0.2235,0.03988050332503109,0.23499966635360353,0.29033333333333333,0.07983225166433056,0.3039018946521243,0,4
0.162,-0.045999999999999985,0.17333333333333303,0.03061590000857073,0.17997758621369547,0.1965,0.03497284660987381,0.19487367449928672,0.21525000000000002,0.04161976147766634,0.22376894845304915,0.2867916666666667,0.08363324654427894,0.2925497430799544,0,5
0.242,0.07999999999999999,0.20399999999999974,0.04014971979978664,0.21098879310684773,0.2041666666666667,0.039579877042058134,0.20833833892806192,0.21033333333333334,0.03320277461941322,0.2265737256141185,0.28341666666666665,0.08374283443280682,0.28850576363355807,1,0
0.22,-0.021999999999999992,0.20799999999999974,0.041327956639560195,0.21549439655342387,0.20066666666666666,0.036478304054114626,0.21167024209147278,0.21058333333333334,0.03326876321812871,0.22556238321194644,0.27695833333333336,0.08233784019232078,0.28302530254287345,0,1
0.262,0.04200000000000001,0.24133333333333307,0.021007935008815263,0.23874719827671192,0.20733333333333334,0.04403029260253042,0.22605017292248059,0.21591666666666667,0.036079352779297316,0.2311681704101085,0.2705,0.0767661610233363,0.28134327833944356,0,2
0.374,0.11199999999999999,0.28533333333333305,0.07960736984308979,0.30637359913835593,0.24466666666666667,0.07186283230338546,0.2683215520874861,0.22875,0.05824419596526008,0.2531422980393226,0.27208333333333334,0.07854708732687775,0.28875581607228806,0,3
0.27,-0.10399999999999998,0.30199999999999977,0.06248199740726204,0.288186799569178,0.25499999999999995,0.06996856436999295,0.26880110863391865,0.23466666666666666,0.05855274752244748,0.2557357906486576,0.2677083333333333,0.07542775360895142,0.28725535078650505,0,4
0.272,0.0020000000000000018,0.30533333333333307,0.059475485145851686,0.280093399784589,0.2733333333333334,0.0531061829419564,0.2697150775956562,0.23491666666666666,0.05871883441583928,0.25823797670271026,0.26295833333333335,0.07112113314416524,0.28603492272358466,0,5
0.225,-0.047000000000000014,0.25566666666666643,0.02657693235372677,0.2525466998922945,0.2705,0.0555112601189873,0.2569393411397545,0.23733333333333337,0.05755682304289482,0.2531244418253702,0.25854166666666667,0.06999439677367099,0.2811521289056979,0,6
0.243,0.017999999999999988,0.2466666666666664,0.023713568549136484,0.24777334994614725,0.2743333333333334,0.05201025539895514,0.25295667224268176,0.23750000000000002,0.0575712996679576,0.25156683539069785,0.252125,0.06350783073934534,0.2780999585932421,0,7
0.305,0.062,0.25766666666666643,0.04196824196144701,0.2763866749730736,0.28150000000000003,0.05292541922363852,0.2678261944590584,0.24441666666666664,0.060453525851533234,0.2597873222536674,0.25033333333333335,0.061251915083932046,0.2802519619057827,0,8
0.231,-0.07399999999999998,0.25966666666666643,0.039715656022966,0.25369333748653683,0.25766666666666665,0.030302915151260913,0.25730442461361314,0.2511666666666667,0.053017721451246634,0.2553585034454109,0.24454166666666666,0.05577125577763553,0.2763118049533201,1,0
0.255,0.023999999999999994,0.26366666666666644,0.037753587026063413,0.2543466687432684,0.2551666666666667,0.029694556178944898,0.25664601758115224,0.25508333333333333,0.051245324990056525,0.25530334906919383,0.23929166666666668,0.047716079840681325,0.2746068605570545,0,1
0.243,-0.01200000000000001,0.24299999999999974,0.01200000000005301,0.2486733343716342,0.2503333333333333,0.028751811537092886,0.2527471554151087,0.2618333333333333,0.04244961362571933,0.2534105261354717,0.23854166666666665,0.04750101066811853,0.2720783117124902,0,2
0.175,-0.068,0.22433333333333305,0.04314317249965123,0.2118366671858171,0.242,0.04183300132667784,0.23053368243936337,0.25625000000000003,0.04916969687635125,0.24134736826847608,0.23329166666666665,0.04726013042233584,0.264312046775491,0,3
0.224,0.049000000000000016,0.21399999999999975,0.03508560958571704,0.21791833359290855,0.23883333333333331,0.04245664455258437,0.2286669160281167,0.25658333333333333,0.04891450488231443,0.2386785423810182,0.23358333333333334,0.04717674138318789,0.26108708303345174,0,4
0.256,0.032,0.21833333333333307,0.04079624165697963,0.2369591667964543,0.23066666666666666,0.030097618953406933,0.23647636859151194,0.2560833333333334,0.04888475935271516,0.2413433820147077,0.23600000000000002,0.04675839845511088,0.2606801163907756,0,5
0.23,-0.025999999999999995,0.23666666666666644,0.017009801096268668,0.23347958339822716,0.2305,0.030098172701973343,0.23462597756536568,0.24408333333333335,0.03210057584686262,0.23959824632013726,0.23641666666666664,0.04665406144458723,0.25822570707951353,0,6
0.296,0.06599999999999998,0.26066666666666644,0.03324655370612942,0.26473979169911355,0.2373333333333333,0.03984804470315312,0.2521614125466898,0.24625,0.034774925658420296,0.24827543919396228,0.24045833333333333,0.04746621605591309,0.26124765051315246,0,7
0.209,-0.087,0.24499999999999975,0.04539823785127859,0.23686989584955676,0.2316666666666667,0.04127307435440788,0.23982958039049268,0.241,0.03528584573301492,0.24223306393335267,0.23795833333333336,0.0474776644664453,0.2570678384721003,1,0
0.192,-0.016999999999999987,0.2323333333333331,0.05578829028868546,0.21443494792477838,0.23450000000000001,0.03696349550567179,0.22616398599320905,0.23825,0.037839673744551966,0.23450490025129841,0.23779166666666665,0.04763810966813839,0.2518624113943323,0,1
0.233,0.04100000000000001,0.21133333333333307,0.02059935274067375,0.2237174739623892,0.23600000000000002,0.03663331816799866,0.22811713285229218,0.2374166666666667,0.03783566939795181,0.23427337713571406,0.23745833333333333,0.0476426728402414,0.25035341848278575,0,2
0.221,-0.01200000000000001,0.21533333333333307,0.021079215671715362,0.2223587369811946,0.2301666666666667,0.03558323575315318,0.22608366632306584,0.2304166666666667,0.0314222224008632,0.23223131911483497,0.2374166666666667,0.04765721503536997,0.2480051450041629,0,3
0.257,0.036000000000000004,0.23699999999999974,0.01833030277985854,0.2396793684905973,0.23466666666666666,0.037227230177176565,0.2349169045164756,0.23258333333333334,0.03234883258635792,0.23604188540486037,0.24187499999999998,0.04398746115804353,0.24872473340382986,0,4
0.261,0.0040000000000000036,0.24633333333333307,0.022030282189173026,0.2503396842452986,0.22883333333333336,0.02704379164733521,0.2423692175117683,0.23308333333333334,0.032770436603053614,0.23988159534257417,0.24408333333333335,0.04354100183252174,0.24970675473152348,0,5
0.92,0.659,0.4793333333333331,0.38163376859671877,0.5851698421226493,0.3473333333333333,0.2816811436121784,0.43597801250840595,0.28950000000000004,0.20121788281273473,0.34451519605910125,0.27566666666666667,0.14291823952318236,0.3033302143530016,1,0
2.21,1.29,1.130333333333333,0.9913779972005288,1.3975849210613247,0.6836666666666668,0.7954117591956164,0.9428414375060041,0.45908333333333334,0.5858546916232491,0.6315128582038549,0.35766666666666663,0.419571486023607,0.4558637972047615,0,1
2.512,0.30200000000000005,1.8806666666666665,0.8455538618759476,1.9547924605306624,1.0635000000000001,1.0428289888567535,1.3911724553614313,0.6497499999999999,0.8256369579685968,0.9208185723263389,0.45316666666666666,0.6062084350012513,0.6203546934283806,0,2
2.563,0.051000000000000156,2.4283333333333332,0.19079395518026068,2.2588962302653313,1.4538333333333335,1.101089899448118,1.7259803252581651,0.8420000000000001,0.9798147320238203,1.1734618688915175,0.5490416666666667,0.7415167463685005,0.7757663179541101,0,3
1.928,-0.6350000000000002,2.334333333333333,0.352817705526987,2.0934481151326656,1.7323333333333333,0.9369146528188502,1.7837002323272606,0.9834999999999999,1.0056653609336554,1.2895446582928225,0.6137916666666667,0.7917165708908637,0.8679450125177812,0,4
1.591,-0.33699999999999997,2.0273333333333334,0.4935547926353558,1.842224057566333,1.954,0.6244008327989323,1.7286430230909002,1.0914166666666667,0.9946053999024701,1.3359224031708499,0.6688333333333333,0.8124247479086862,0.9257894115163587,0,5
2.225,0.6340000000000001,1.9146666666666663,0.3172102352278839,2.0336120287831667,2.1715,0.36601352434029066,1.8704593022077858,1.2594166666666666,1.0022385361446315,1.472703571913796,0.7502083333333335,0.8669294630133291,1.02972625859505,0,6
1.933,-0.29200000000000004,1.916333333333333,0.3173284313346811,1.9833060143915833,2.1253333333333333,0.37747618026395663,1.8883280730055614,1.4045000000000003,0.9587420261609861,1.5435184070039811,0.8213750000000001,0.8916919341537086,1.101988157907446,0,7
2.573,0.6399999999999999,2.2436666666666665,0.32040807314006287,2.2781530071957916,2.1355,0.3905676637920764,2.083948623575401,1.5995000000000001,0.9365181646542007,1.70190019054183,0.9184583333333333,0.9508600673882683,1.2196691052748503,0,8
3.128,0.5550000000000002,2.5446666666666666,0.598003623177424,2.703076503597896,2.2296666666666667,0.5498747736227471,2.3822490168395722,1.84175,0.923410587786583,1.9213001612277025,1.0360833333333332,1.0419210900884066,1.3723355768528622,0,9
2.229,-0.899,2.643333333333333,0.45360812749919494,2.466038251798948,2.279833333333334,0.5302280327054271,2.3384635834568375,2.006083333333333,0.7800945698303422,1.968638597961902,1.1193333333333333,1.054541881439587,1.4408687307046333,0,10
2.363,0.1339999999999999,2.573333333333333,0.48500549825061384,2.4145191258994743,2.4085000000000005,0.4095860105032898,2.345473988183455,2.18125,0.5566046622154709,2.02930958289084,1.2071666666666667,1.0671341004793147,1.5146392322482627,0,11
2.144,-0.21899999999999986,2.245333333333333,0.11040984255639429,2.279259562949737,2.3950000000000005,0.4180904208421917,2.287909991559611,2.2832500000000002,0.39239176272514126,2.0469542624460955,1.2863749999999998,1.0630001354861047,1.5649880936684015,0,12
1.406,-0.7380000000000002,1.9709999999999999,0.5014070202938885,1.8426297814748684,2.307166666666667,0.5643379897425544,2.035935708256865,2.21625,0.4674902283859652,1.9483459143774653,1.3376666666666666,1.0364091296674156,1.5522690461749293,0,13
0.34,-1.0659999999999998,1.2966666666666664,0.9069560812593588,1.0913148907374342,1.9349999999999998,0.9550304707180813,1.5513826487549036,2.03525,0.7034804545969977,1.7009080813963169,1.3425,1.0312473241071998,1.4552875224809352,0,14
0.223,-0.11700000000000002,0.656333333333333,0.6518606701844618,0.6571574453687171,1.4508333333333334,0.965567898527424,1.1718447491106454,1.8402500000000002,0.8524383342133098,1.473537607335345,1.3411250000000001,1.0327798415378542,1.3567045206824606,0,15
0.247,0.023999999999999994,0.26999999999999974,0.061798058221956685,0.45207872268435856,1.1205,0.9849423841017293,0.9076033922218896,1.7001666666666668,0.9671150945262953,1.2848395138991382,1.3418333333333334,1.0319901695970395,1.2679281590278637,0,16
0.24,-0.007000000000000006,0.23666666666666636,0.012342339054565265,0.3460393613421793,0.7666666666666669,0.8161915624819116,0.7168595658727783,1.5875833333333331,1.0555695109391146,1.1240949732992707,1.3395000000000001,1.0345178250928215,1.1856939063056349,0,17
0.255,0.015000000000000013,0.24733333333333304,0.0075055534997622905,0.30051968067108964,0.4518333333333335,0.4692289064696074,0.5848996899091273,1.423416666666667,1.099692804901221,0.9903880543301522,1.3414166666666667,1.0323726541813514,1.111238393801184,0,18
0.227,-0.027999999999999997,0.24066666666666636,0.014011899704816158,0.26375984033554484,0.25533333333333347,0.0431771544530578,0.48264263564937665,1.28125,1.137452026960418,0.8729437382793596,1.342875,1.030701758090299,1.0404993222970893,0,19
0.238,0.010999999999999982,0.23999999999999969,0.01410673597982528,0.2508799201677724,0.23833333333333348,0.011994443157694948,0.4127447397495548,1.0866666666666667,1.095327624987431,0.7752600862363811,1.3430833333333334,1.0304681467417003,0.9762993765133221,0,20
0.257,0.019000000000000017,0.24066666666666636,0.015176736583924329,0.2539399600838862,0.24400000000000013,0.011313708498830958,0.36824624267825345,0.8474166666666667,0.9061199457359973,0.6955277652769378,1.3445833333333332,1.0287886045022185,0.9187554263922564,0,21
0.242,-0.015000000000000013,0.24566666666666637,0.01001665280110089,0.2479699800419431,0.24316666666666684,0.011232393630174507,0.33217588762732386,0.6818333333333334,0.8068079453042475,0.6257542629266397,1.3439583333333334,1.0294823722192352,0.8646149922808759,0,22
0.225,-0.016999999999999987,0.24133333333333304,0.016010413278170675,0.23648499002097156,0.2406666666666668,0.013515423288346538,0.3015542054480885,0.5036666666666667,0.6150967896242525,0.5640997609379259,1.3424583333333333,1.0311537640647617,0.8134457928984059,0,23
0.248,0.022999999999999993,0.23833333333333304,0.011930353445637677,0.24224249501048578,0.23950000000000016,0.012275992831397017,0.2862530038914918,0.3456666666666666,0.3353273389427498,0.5154690284859373,1.3144583333333333,1.0520362855027823,0.7682101294665334,0,24
0.244,-0.0040000000000000036,0.23899999999999968,0.012288205727627694,0.2431212475052429,0.24233333333333348,0.010670832519685754,0.2741807170653513,0.24883333333333335,0.030744795075657076,0.47370456256502386,1.2325416666666669,1.0558076644329502,0.7262733191092108,0,25
0.235,-0.009000000000000008,0.24233333333333304,0.006658328118816222,0.23906062375262144,0.24183333333333348,0.01098028536346766,0.26298622647525094,0.24008333333333332,0.011114759502104303,0.43698078370886634,1.1376666666666668,1.0379920275586711,0.686971453580474,0,26
0.234,-0.0009999999999999731,0.2376666666666664,0.00550757054769544,0.23653031187631074,0.23800000000000013,0.008318653737024284,0.25470444748232207,0.241,0.009972689980957138,0.40575297083057926,1.040625,1.007361159383655,0.650733737294036,0,27
0.305,0.07099999999999998,0.25799999999999973,0.04070626487414936,0.27076515593815537,0.24850000000000014,0.02883574171053222,0.26907460534451577,0.24583333333333335,0.02104900487107014,0.39025251377972087,0.973,0.9996480685068941,0.6230750383105131,1,0
0.348,0.04299999999999998,0.29566666666666636,0.05757024694525417,0.30938257796907764,0.26900000000000013,0.04687003307014584,0.29162471810322554,0.2548333333333333,0.03606265591324165,0.38375212704437917,0.9212083333333334,0.9984365595298462,0.6010690352456721,0,1
0.322,-0.025999999999999968,0.32499999999999973,0.02165640782780163,0.3156912889845388,0.2813333333333335,0.04987851909051885,0.30030337007373253,0.2604166666666667,0.04094665783529211,0.37425179980678236,0.8419166666666666,0.9654110148202324,0.5787435124260184,0,2
1.371,1.049,0.680333333333333,0.5982761346847587,0.8433456444922693,0.4691666666666668,0.44423661112819546,0.606216692909809,0.35575,0.3221603567395389,0.5275976767595851,0.8184999999999999,0.9443822457495459,0.642124031431937,1,0
1.45,0.07899999999999996,1.0476666666666663,0.6296859005356032,1.1466728222461346,0.6716666666666669,0.5740894239285931,0.8472976377927206,0.45675,0.44749466731205706,0.6695057264888797,0.7717083333333332,0.8792463412623266,0.706754108917382,0,1
0.989,-0.46099999999999997,1.2699999999999998,0.24653802952080098,1.0678364111230674,0.7975000000000002,0.5407471682773729,0.8877840269948003,0.5177499999999999,0.46724572569668243,0.7186586916444367,0.6825833333333334,0.7248739570595619,0.7293337802039914,0,2
0.358,-0.631,0.9323333333333329,0.5482009972020614,0.7129182055615337,0.8063333333333333,0.531445826652787,0.7364171621391431,0.5274166666666666,0.46219485429127677,0.6631727390837541,0.6046250000000001,0.6478479969668134,0.6996270777876722,0,3
0.362,0.0040000000000000036,0.5696666666666664,0.36315882659428295,0.5374591027807669,0.8086666666666668,0.5290563927093823,0.6294408300993879,0.5388333333333334,0.4556920477957056,0.6168384715324073,0.52125,0.5297010026174317,0.6726169115646584,0,4
0.36,-0.0020000000000000018,0.3599999999999997,0.002000000001062651,0.44872955139038345,0.8150000000000001,0.522248982765881,0.552457735785277,0.5481666666666666,0.4503089511825772,0.5773248605274216,0.44691666666666663,0.40181576101131317,0.6476075586394858,0,5
0.391,0.031000000000000028,0.3709999999999997,0.0173493515730183,0.41986477569519176,0.6516666666666668,0.4635284960675707,0.5063269541323407,0.5604166666666667,0.44322607782102263,0.5486594973693567,0.404625,0.34602372531122805,0.6270789539483269,0,6
0.39,-0.0010000000000000009,0.380333333333333,0.017616280349082664,0.4049323878475959,0.4750000000000001,0.25225384040683485,0.4730906815231005,0.5733333333333334,0.4350639103173316,0.5242503439279173,0.4067083333333334,0.34576814035428033,0.6081126376324608,0,7
0.407,0.01699999999999996,0.3959999999999997,0.009539392014382095,0.40596619392379796,0.3780000000000001,0.020659138413708162,0.4542076296593575,0.58775,0.4255597650581699,0.5062118294774685,0.414375,0.34355049151091405,0.592023626621864,0,8
0.411,0.0040000000000000036,0.40266666666666634,0.011150485789298791,0.408483096961899,0.3868333333333334,0.021701766441085672,0.44186259261382677,0.5965833333333334,0.4202238490772917,0.491563855711704,0.42120833333333335,0.34170263949899343,0.5775417364921149,0,9
0.343,-0.06799999999999995,0.38699999999999973,0.0381575680567316,0.37574154848094954,0.3836666666666668,0.026830331094927377,0.4136161375813049,0.5961666666666666,0.4204951266247358,0.4687078779099034,0.4255,0.33997020329792743,0.5587783975727458,1,0
0.337,-0.006000000000000005,0.36366666666666636,0.04110150037818038,0.3563707742404748,0.37983333333333347,0.03202759227078146,0.3917258125580749,0.5974166666666666,0.4196274231296441,0.448445127462226,0.4289166666666666,0.33859144505829736,0.5410361257669262,0,1
0.358,0.020999999999999963,0.3459999999999997,0.010816653826591952,0.3571853871202374,0.37433333333333346,0.032555593477364406,0.3820898661129106,0.513,0.3451394974894556,0.4345304924680374,0.434375,0.3362426417491305,0.5263932357055721,0,2
0.406,0.04800000000000004,0.3669999999999997,0.035369478367714355,0.3815926935601187,0.37700000000000017,0.034681407122502256,0.3889213329377933,0.426,0.1791358042481674,0.43014118593449313,0.441375,0.3337159443624749,0.5167617768491263,0,3
0.383,-0.02300000000000002,0.382333333333333,0.02400694344012715,0.38229634678005936,0.37300000000000016,0.031793081008243664,0.38722952352699525,0.3755,0.025695772556477047,0.42288869579072497,0.446625,0.3316741214295838,0.5060608347011961,0,4
0.405,0.02200000000000002,0.3979999999999997,0.013000000000155576,0.39364817339002967,0.37200000000000016,0.030423674991636746,0.39230680251928235,0.3794166666666667,0.026359260347401086,0.420136588745998,0.45341666666666663,0.3289596138376734,0.4979759679251004,0,5
0.393,-0.01200000000000001,0.3936666666666664,0.011015141094756898,0.39332408669501484,0.38033333333333347,0.02760917721815382,0.39250485894234455,0.38199999999999995,0.02601398225433264,0.4159617289389214,0.46041666666666664,0.3256586525351566,0.4895778904910924,0,6
0.359,-0.03400000000000003,0.3856666666666664,0.023860706890983924,0.3761620433475074,0.3840000000000001,0.02148487840311795,0.38293204210167464,0.3819166666666667,0.026092347653326773,0.4071983860252412,0.46504166666666663,0.32329034993689215,0.47913165925180506,0,7
0.448,0.08900000000000002,0.3999999999999997,0.044911023145816166,0.4120810216737537,0.3990000000000002,0.029590539028493342,0.4015228872154819,0.3866666666666667,0.03233723812724924,0.41347555740597336,0.4735416666666667,0.3198899238891348,0.4766411265116607,1,0
0.556,0.10800000000000004,0.45433333333333303,0.0986525890858272,0.4840405108368769,0.42400000000000015,0.07103238697943937,0.44565920515391566,0.4005,0.05867398370349326,0.4354023947281313,0.48691666666666666,0.3161716535250321,0.48298983639072784,0,1
0.516,-0.040000000000000036,0.5066666666666664,0.054601587278546956,0.5000202554184384,0.4461666666666668,0.07624019062583415,0.46575657510993973,0.40958333333333335,0.0675391581143065,0.4478020263084188,0.49866666666666665,0.31157030983553907,0.4856306494794696,0,2
1.219,0.7030000000000001,0.7636666666666665,0.3948370972101475,0.8595101277092192,0.5818333333333335,0.3206888938935425,0.6809689822213856,0.4769166666666667,0.24325910553203087,0.566447868414816,0.5367500000000001,0.3413091484015745,0.544300197521112,1,0
1.366,0.14700000000000002,1.0336666666666663,0.4542976263787144,1.1127550638546095,0.7440000000000002,0.4325917243776138,0.8766921301581325,0.5621666666666667,0.3485358552921688,0.6894558886586905,0.5791666666666667,0.3781053070090462,0.6100361817194231,0,1
1.082,-0.28400000000000003,1.222333333333333,0.14202933969195577,1.0973775319273047,0.8645000000000002,0.403627427214749,0.9353515215415232,0.6242500000000001,0.3704449719900762,0.7498472904035074,0.6108333333333333,0.38734342325155224,0.6477932871818692,0,2
1.288,0.20599999999999996,1.2453333333333332,0.14672877472852028,1.1926887659636525,1.0045000000000004,0.3749281264455865,1.0361082296725166,0.70175,0.4053196549974769,0.8326400149568141,0.6073750000000001,0.3805726591769865,0.6990098242073197,0,3
1.338,0.050000000000000044,1.2359999999999998,0.13569082503986615,1.2653443829818263,1.1348333333333336,0.31968885915318435,1.1223630211946547,0.7794166666666666,0.4319180179645497,0.9103877049634581,0.6027083333333333,0.37034008802329343,0.7501290382707342,0,4
1.253,-0.08500000000000019,1.2929999999999997,0.04272001872657963,1.259172191490913,1.257666666666667,0.10147446312577695,1.1596878722818962,0.8519166666666668,0.4323450764742393,0.9630972888152338,0.6137083333333334,0.38590632780582773,0.7903587152090755,0,5
2.02,0.7670000000000001,1.5369999999999997,0.42044381313083706,1.6395860957454564,1.3911666666666669,0.3237927835308638,1.4054913373442115,0.9865,0.5225355142345485,1.1256977059205826,0.6829583333333332,0.4765100007314648,0.8887300179923495,1,0
2.121,0.10099999999999998,1.7979999999999998,0.47467778545029593,1.8802930478727282,1.5170000000000001,0.43845820781460837,1.609922383817294,1.1305,0.579144588635217,1.2788211357789545,0.7562500000000001,0.5539757685800997,0.9873116165529616,0,1
2.081,-0.040000000000000036,2.074,0.05086255990407784,1.9806465239363642,1.6834999999999998,0.4298291521058088,1.7445159884409243,1.274,0.5839227844345672,1.4022332687360386,0.8279583333333332,0.6090972992285677,1.0748066872287247,0,2
2.091,0.010000000000000231,2.0976666666666666,0.020816659994560133,2.035823261968182,1.8173333333333337,0.40643162606601535,1.8435114203149459,1.4109166666666668,0.5649523645781331,1.5081973812381866,0.8987916666666668,0.6533164210506971,1.156102152250427,0,3
0.877,-1.2140000000000002,1.6829999999999998,0.6980343831073064,1.4564116309840909,1.7405000000000002,0.5375833888802728,1.5673653002249615,1.4376666666666666,0.5271260558802594,1.4110900918169271,0.9190833333333334,0.6443276857831469,1.1337739800703928,1,0
0.773,-0.10399999999999998,1.2469999999999997,0.73277281608968,1.1147058154920455,1.6605,0.648841968432991,1.3404037858749724,1.4590833333333333,0.49020301143938516,1.3129223853835537,0.9343333333333333,0.6359575913305962,1.1049120616647614,0,1
0.625,-0.14800000000000002,0.758333333333333,0.12663859338027833,0.8698529077460228,1.4280000000000002,0.7380598891688929,1.136002704196409,1.4095833333333332,0.5437195898845673,1.2070881722476223,0.9432499999999999,0.6297711281990009,1.0665190967315805,0,2
0.248,-0.377,0.5486666666666663,0.27069601647112673,0.5589264538730114,1.1158333333333335,0.7811689744649776,0.8822876458545778,1.3164166666666668,0.6392578734656919,1.0595361457479882,0.9392916666666666,0.633992352111783,1.0010375689930542,0,3
0.236,-0.01200000000000001,0.36966666666666637,0.22120653998771686,0.3974632269365057,0.8083333333333336,0.6821066387792049,0.6976340327532699,1.2459166666666666,0.7101768612412152,0.9328382771713746,0.9350833333333334,0.6384833875927259,0.9398345634736099,0,4
0.173,-0.063,0.21899999999999972,0.04028647415702676,0.2852316134682529,0.4886666666666668,0.3071290716729114,0.5477385948237642,1.153,0.774223364528492,0.8159400806834708,0.9273750000000001,0.6468157329497354,0.8784877983957211,0,5
0.172,-0.0010000000000000009,0.19366666666666635,0.036665151483912396,0.22861580673412643,0.3711666666666668,0.260107221481189,0.440384710588403,1.0558333333333334,0.8206693314089127,0.7168723759629367,0.917625,0.6567046065145199,0.8219687745240635,0,6
0.223,0.05100000000000002,0.18933333333333302,0.029160475533472785,0.22580790336706322,0.27950000000000014,0.17224720607312488,0.37827479327743074,0.9700000000000001,0.8514590685726154,0.6408920104301772,0.9109583333333333,0.6631484507662084,0.7740512725621383,0,7
0.241,0.017999999999999988,0.21199999999999972,0.035791060336413896,0.23340395168353162,0.21550000000000016,0.03429723020883036,0.33905342376959335,0.8217500000000001,0.8056624744440276,0.5793701626716884,0.904125,0.6694041680609634,0.7314071707571673,0,8
0.251,0.010000000000000009,0.23833333333333306,0.014189197769360442,0.2422019758417658,0.2160000000000001,0.034882660448960975,0.3138953026925667,0.6659166666666666,0.7062261366309002,0.5288516761068133,0.8982083333333333,0.6747246768073276,0.6929745970965939,0,9
0.228,-0.022999999999999993,0.23999999999999974,0.011532562594873778,0.2351009879208829,0.2146666666666668,0.03410962718447934,0.28935378763754765,0.5115,0.5550990902532638,0.48256680285961123,0.89275,0.679787258920983,0.6557766293288665,0,10
0.245,0.016999999999999987,0.24133333333333307,0.011930353445644791,0.24005049396044145,0.22666666666666682,0.028765720339740848,0.2766812768839626,0.35766666666666663,0.24894516860083515,0.4460180639581326,0.8842916666666666,0.6867885871254679,0.6229144989825571,0,11
0.224,-0.02099999999999999,0.23233333333333306,0.011150485789330134,0.23202524698022073,0.2353333333333335,0.011877148928264978,0.26162948348854476,0.30325,0.18933766133551286,0.41186143873380454,0.8704583333333332,0.6969568621899224,0.5910013390639526,0,12
0.276,0.05200000000000002,0.24833333333333307,0.026159765544399947,0.2540126234901104,0.24416666666666684,0.0186485030676511,0.26573534534896054,0.2618333333333333,0.11825614213019368,0.39095967892860384,0.8604583333333333,0.7039504663383428,0.5658012319388364,1,0
0.485,0.20899999999999996,0.3283333333333331,0.1381460579724864,0.3695063117450552,0.28483333333333344,0.0998066464052581,0.3283823895349718,0.2501666666666667,0.0798348674490507,0.4054274206318955,0.8298749999999999,0.7036406143269688,0.5593371333837294,1,0
0.615,0.13,0.4586666666666664,0.1710272882710152,0.4922531558725276,0.34550000000000014,0.16467513473502185,0.41027313538212273,0.28075,0.1321102328980046,0.4376693559192962,0.7985833333333333,0.6954127280391407,0.5637901627130311,0,1
0.44,-0.175,0.5133333333333331,0.09087537253478899,0.4661265779362638,0.3808333333333335,0.15698588046911827,0.4187665252729448,0.29775,0.13878506927817133,0.4380279165470967,0.7718333333333334,0.6963837439519815,0.5538869496959886,0,2
1.147,0.7070000000000001,0.7339999999999997,0.3682159692354505,0.8065632889681319,0.5311666666666668,0.33352146357718027,0.6268332323378176,0.3789166666666666,0.2760897279487035,0.5471005447706203,0.7659583333333333,0.6924233110364395,0.6013359937203095,1,0
1.163,0.016000000000000014,0.9166666666666664,0.41288295355140864,0.984781644484066,0.6876666666666669,0.3779130411439443,0.7800237373841554,0.4615,0.34753848707733237,0.6418543071136018,0.7586666666666667,0.6870379184945141,0.6462691142226848,0,1
0.827,-0.3360000000000001,1.0456666666666663,0.18953979353511496,0.905890822242033,0.7795000000000001,0.320448279758213,0.7934455267029681,0.5118333333333333,0.35354306239791783,0.6703382598653554,0.7409166666666667,0.6791691802211862,0.6607275850848701,0,2
0.33,-0.49699999999999994,0.773333333333333,0.41908511466447423,0.6179454111210165,0.7536666666666667,0.3534830500415325,0.6610325190735487,0.51925,0.3482387177575974,0.6179785275783777,0.6705,0.6263428009866685,0.6342693782780805,0,3
1.01,0.6799999999999999,0.7223333333333329,0.3518754514502764,0.8139727055605083,0.8195000000000002,0.35922847882649556,0.7607375136239634,0.5825,0.36367355491629505,0.6782895233355504,0.6242083333333334,0.5510031152098995,0.6643278280158341,0,4
0.424,-0.5860000000000001,0.5879999999999997,0.36847252272049164,0.6189863527802542,0.8168333333333334,0.3626521289978381,0.664526795445688,0.5988333333333333,0.35046639920211736,0.6391680582070042,0.5551666666666667,0.4561817588433899,0.6451016017745673,0,5
0.499,0.07500000000000001,0.6443333333333331,0.318889217963443,0.558993176390127,0.7088333333333335,0.3404722700406959,0.6172334253183487,0.62,0.3344583137498072,0.6176037415597728,0.4888333333333334,0.317949225734121,0.6334134736326019,0,6
0.459,-0.03999999999999998,0.4606666666666664,0.03752776749737804,0.5089965881950635,0.5915000000000001,0.26576436931988795,0.572023875227392,0.6395833333333334,0.31550665122893656,0.5932031659351924,0.47141666666666665,0.3070225762364066,0.6194603957419937,0,7
0.443,-0.016000000000000014,0.4669999999999997,0.028844410203779407,0.4759982940975318,0.5275000000000002,0.24296892805459255,0.5351599108767086,0.6535,0.3013781979205182,0.5700949865605474,0.45766666666666667,0.30024362088820056,0.6053435640826343,0,8
1.231,0.788,0.7109999999999997,0.450404262857272,0.853499147048766,0.6776666666666668,0.35093456180129157,0.7339713649119346,0.7156666666666668,0.3381573956642454,0.6717726809358477,0.48291666666666666,0.3380317603635674,0.6553960789560236,1,0
1.81,0.579,1.161333333333333,0.6861576592397213,1.331749573524383,0.8110000000000003,0.579800310451795,1.041408117794239,0.8152499999999999,0.45986996679891706,0.8468845761764865,0.5479999999999999,0.42897298992705357,0.7477643926395418,0,1
1.433,-0.377,1.4913333333333332,0.2938746898481252,1.3823747867621914,0.9791666666666669,0.5913166382460963,1.1532915127101706,0.898,0.47529091569843324,0.9370561798416425,0.597875,0.45961186957276606,0.8025832412283784,0,2
1.338,-0.09499999999999997,1.527,0.24964574901247225,1.3601873933810957,1.1190000000000002,0.5530204336188654,1.2060653662215504,0.9139166666666667,0.4874306399764785,0.9987398444813899,0.6464166666666668,0.4740806129090614,0.8454165819301082,0,3
1.305,-0.03300000000000014,1.3586666666666662,0.06645549889461787,1.3325936966905478,1.2600000000000002,0.44919216377848586,1.2343324044439645,0.92575,0.49568118877872647,1.045856791484253,0.6936249999999999,0.48114354836206014,0.8821832553756996,0,4
1.303,-0.0020000000000000018,1.315333333333333,0.019655363983726686,1.317796848345274,1.4033333333333335,0.20974333521393432,1.2539517174599746,0.9654166666666667,0.5059988247081817,1.0854172851020603,0.738625,0.4856967037601527,0.9158485949456437,0,5
1.952,0.649,1.5199999999999996,0.37412431089144477,1.634898424172637,1.5235000000000003,0.28448462172848327,1.453394083899982,1.1005833333333335,0.5365491519182962,1.2187377027786663,0.8099166666666667,0.5327695412258195,0.9987407073499922,1,0
1.445,-0.5069999999999999,1.5666666666666664,0.3411778617280604,1.5399492120863185,1.4626666666666666,0.2476018309032969,1.4509957742142727,1.1368333333333334,0.544508424399866,1.2535472869665638,0.8596666666666667,0.5340550099223745,1.0344414507619928,1,0
0.468,-0.9770000000000001,1.288333333333333,0.7543025476115885,1.0039746060431594,1.3018333333333334,0.47745383721011686,1.1701398387244806,1.1405,0.539396042726577,1.132693858202477,0.8696666666666667,0.5238627157257285,0.9891261347010334,1,0
0.584,0.11599999999999994,0.832333333333333,0.5337455698489074,0.7939873030215796,1.1761666666666668,0.5583967824644629,1.002671313374629,1.1475833333333334,0.530693963912662,1.048279418479019,0.8837916666666668,0.510692111718023,0.9567160439249507,0,1
0.48,-0.10399999999999998,0.5106666666666664,0.06379132647418756,0.6369936515107898,1.0386666666666668,0.618651328832861,0.8533366524104493,1.1493333333333335,0.528245867915403,0.960851815636093,0.8944583333333335,0.4988482368474367,0.9185787604109547,0,2
0.479,-0.0010000000000000009,0.5143333333333331,0.06033517492587857,0.5579968257553949,0.9013333333333335,0.6393495653135808,0.746383323150321,1.1523333333333332,0.5239546013181148,0.8867207670766941,0.9029166666666667,0.48954006068399747,0.8834124595780783,0,3
0.665,0.18600000000000005,0.5413333333333331,0.10709964207846936,0.6114984128776975,0.6868333333333335,0.37940238094490764,0.7231309451073722,1.1051666666666666,0.5414141136175181,0.8526098798341258,0.9104166666666668,0.48420880482150036,0.8659394628118321,0,4
1.389,0.724,0.844333333333333,0.4807757620069203,1.0002492064388488,0.6775000000000002,0.35705167693206274,0.9133792465052659,1.0700833333333335,0.5039320766519911,0.9351314367827219,0.9426666666666667,0.48942501016980045,0.9077843057868855,1,0
1.304,-0.08499999999999996,1.1193333333333328,0.3957528690146586,1.1521246032194243,0.8168333333333334,0.4170272972680143,1.02498517607519,1.0593333333333335,0.4968120795876875,0.9918804465084571,0.9786666666666667,0.48257152357170635,0.9394815613239347,0,1
1.025,-0.27900000000000014,1.239333333333333,0.1904214623757864,1.0885623016097121,0.8903333333333335,0.40651379640384244,1.0249894114822786,1.03325,0.4890068088390073,0.9969757624302329,0.9735833333333334,0.4813622803331555,0.9463230364180198,0,2
1.393,0.3680000000000001,1.2406666666666664,0.19200086805359243,1.240781150804856,1.0425000000000002,0.39284589854037927,1.1301352939159133,1.0405833333333334,0.49408601723206336,1.057902568210197,0.9831666666666666,0.4875470694482075,0.9820571935045783,0,3
1.27,-0.123,1.2293333333333332,0.18734015408697904,1.2553905754024282,1.1743333333333335,0.2834019524750395,1.1700966385113667,1.0378333333333332,0.492582218948515,1.0905329423317052,1.001625,0.4897584863991629,1.0050926180242121,0,4
1.188,-0.08200000000000007,1.2836666666666663,0.10318107061536423,1.221695287701214,1.2615,0.13911254436605597,1.1752118846509763,0.9741666666666666,0.40533013106789334,1.1055278742806736,1.037375,0.46949740125224093,1.0197252085822752,0,5
1.211,0.02300000000000013,1.2229999999999996,0.042296571965110025,1.216347643850607,1.2318333333333336,0.12471955206247566,1.185437060464983,0.9546666666666668,0.38577674498302433,1.12175435516057,1.0457500000000002,0.47077884127401415,1.0350271918956933,0,6
1.167,-0.04400000000000004,1.1886666666666663,0.022007574453656434,1.1916738219253036,1.2090000000000003,0.12136061964244386,1.1801693289035593,1.0129166666666667,0.3573367289809267,1.1287152235974054,1.0767083333333332,0.4521772910443766,1.0455850165440377,0,7
1.176,0.008999999999999897,1.1846666666666665,0.023245071162146434,1.1838369109626519,1.2341666666666669,0.08611020071202112,1.178978092073971,1.06225,0.3327579313992249,1.13598980458242,1.1049166666666668,0.43537559164140155,1.0560182152205146,0,8
0.321,-0.855,0.8879999999999998,0.49105702316533606,0.7524184554813259,1.0555,0.36171521947520846,0.9338414943385508,1.049,0.36009291730178405,1.0106067577235862,1.0991666666666666,0.4450802240013596,0.9972167580028736,1,0
0.247,-0.07400000000000001,0.581333333333333,0.516323864772234,0.49970922774066295,0.8850000000000001,0.4663539428374103,0.7376010673846791,1.0296666666666667,0.39773845525405155,0.8931287949968807,1.091,0.45921719782975,0.9371994173626437,0,1
0.24,-0.007000000000000006,0.26933333333333304,0.04488132499534652,0.3698546138703315,0.7270000000000002,0.502366798265967,0.5954293338461993,0.9942500000000001,0.44880591573641315,0.7926474419204376,1.0497083333333335,0.48962856189481785,0.8814234639736322,0,2
0.249,0.009000000000000008,0.24533333333333304,0.004725815626750817,0.30942730693516574,0.5666666666666668,0.4694356895962062,0.49644952417585664,0.89925,0.47739484801272347,0.7090093739326779,0.9846666666666666,0.4879188872955311,0.8308295868557417,0,3
0.187,-0.062,0.22533333333333302,0.03350124375807783,0.24821365346758287,0.4033333333333335,0.38092763967276766,0.4080353744113262,0.8061666666666666,0.49967877560276586,0.6287002394814967,0.93275,0.5041597616008148,0.7793232199072824,0,4
0.192,0.0050000000000000044,0.20933333333333304,0.034443189941383685,0.22010682673379145,0.23933333333333348,0.048582575751664296,0.34631098172237584,0.7367500000000001,0.5237935271563687,0.5615155872535741,0.8850000000000001,0.5181838686596965,0.7323373623146998,0,5
0.193,0.0010000000000000009,0.1906666666666664,0.003214550254442123,0.20655341336689573,0.21800000000000017,0.030159575593823717,0.3025078440874113,0.63675,0.5011764568583519,0.504820881522255,0.8386666666666667,0.5286066727660111,0.6891903733295238,0,6
0.222,0.028999999999999998,0.20233333333333303,0.017039170558987654,0.21427670668344787,0.21383333333333346,0.026902911862217455,0.27950560291957954,0.5494166666666668,0.47121148665064994,0.4613099766726773,0.793625,0.5333551563696428,0.6518151434631619,0,7
0.237,0.014999999999999986,0.21733333333333305,0.022368132093185406,0.22563835334172394,0.21333333333333349,0.0263413489910111,0.2673611449425568,0.4701666666666666,0.4324235788149763,0.42680074949226543,0.7221666666666665,0.4840142529941124,0.6186299319861089,0,8
0.23,-0.0069999999999999785,0.22966666666666638,0.007505553499784316,0.227819176670862,0.21016666666666683,0.021976502603149727,0.2566865321018263,0.38841666666666663,0.36749037299285103,0.39652371110884,0.6715416666666667,0.4684124881533053,0.5875395374272202,0,9
0.178,-0.05200000000000002,0.21499999999999972,0.03223352292264795,0.202909588335431,0.2086666666666668,0.024080420815804884,0.2342046657870188,0.306,0.27668722085022057,0.3629046786305569,0.6594583333333334,0.4775428939683948,0.5547763744330426,1,0
0.157,-0.02099999999999999,0.18833333333333305,0.03758102358023726,0.17995479416771548,0.2028333333333335,0.03189618576987316,0.21214618984787056,0.22108333333333333,0.04357325771478825,0.3312270357643174,0.6416666666666666,0.4883093875515951,0.5229542644783992,0,1
0.198,0.04100000000000001,0.1776666666666664,0.020502032419699414,0.18897739708385775,0.2036666666666668,0.03165227743253647,0.20810442131990756,0.21083333333333332,0.03041181987121709,0.3107305687236532,0.6299166666666667,0.49570546274688243,0.49695792332012734,0,2
0.299,0.10099999999999998,0.21799999999999967,0.07308214556240705,0.24398869854192887,0.21650000000000014,0.0505440402025755,0.2340745866570768,0.21516666666666664,0.038628377071164684,0.3089258658430911,0.6224166666666666,0.4994357613448844,0.48112128945451715,0,3
0.358,0.059,0.2849999999999997,0.08091353409661753,0.3009943492709644,0.2366666666666668,0.07737613757914127,0.26948184761219773,0.225,0.05643822044743519,0.3164757326364617,0.609625,0.5022213969174736,0.4712715862981558,0,4
0.516,0.15800000000000003,0.39099999999999974,0.11220071301022967,0.4084971746354822,0.2843333333333335,0.13732103504804397,0.3399156054372841,0.24725,0.1014451262326791,0.34717177376931374,0.57325,0.4741486879248628,0.47484985939430335,0,5
0.361,-0.15500000000000003,0.41166666666666635,0.09036776711492402,0.3847485873177411,0.31483333333333346,0.12905412301304467,0.34593971816948865,0.26175,0.10444147991709657,0.3492991931894193,0.5339583333333334,0.449385713978021,0.4657418706427591,0,6
0.989,0.628,0.6219999999999998,0.32714369931270676,0.6868742936588705,0.4535000000000002,0.28195513827557594,0.5296712272639205,0.32816666666666666,0.23180745667406286,0.4477147019295087,0.5324583333333334,0.4477324491417751,0.5076025209913384,1,0
1.282,0.29300000000000004,0.8773333333333331,0.4705447198017789,0.9844371468294353,0.6341666666666669,0.40565572431147273,0.7446223051885146,0.41891666666666666,0.35468076769074686,0.5760662862480458,0.5278333333333333,0.4389437585709646,0.5695543193120314,0,1
0.84,-0.44200000000000006,1.0369999999999997,0.22487552112224313,0.9122185734147177,0.7243333333333335,0.3752421440439032,0.7718730751346533,0.47041666666666665,0.368102124745871,0.6166714729791156,0.5099166666666667,0.41548190110391936,0.5911899737670689,0,2
0.482,-0.358,0.8679999999999998,0.4007343259567383,0.6971092867073588,0.7450000000000001,0.3538349897904371,0.6890521965247524,0.4908333333333334,0.36069877468686606,0.5959527848284825,0.4805,0.38957022027067034,0.5824547758657035,0,3
0.319,-0.16299999999999998,0.5469999999999997,0.26651266386422084,0.5080546433536794,0.7121666666666667,0.3869270818470393,0.5833229975176802,0.49825,0.3557287334728281,0.5533446640856391,0.44333333333333336,0.3581287923136836,0.5613783937964473,0,4
0.247,-0.07200000000000001,0.34933333333333305,0.12040071982067906,0.3775273216768397,0.6931666666666669,0.4097459782190247,0.4872307125126287,0.504,0.3506023388398892,0.5062147157647715,0.40499999999999997,0.32500702333548254,0.5362281222927315,0,5
0.237,-0.010000000000000009,0.26766666666666633,0.04473626418620733,0.3072636608384198,0.5678333333333335,0.4161198945816767,0.4157362232233063,0.5106666666666667,0.34410472331262926,0.4647970671855759,0.365875,0.28180509954653843,0.512289872509313,0,6
0.214,-0.022999999999999993,0.23266666666666636,0.016921386862144016,0.2606318304192099,0.3898333333333335,0.2411799466511801,0.3580973023023616,0.5119999999999999,0.3428116365904441,0.4262129030031796,0.36141666666666666,0.28338787625054945,0.48842668270856804,0,7
0.199,-0.014999999999999986,0.21666666666666637,0.019139836293407354,0.22981591520960495,0.2830000000000002,0.1059490443562359,0.3126409302159726,0.5036666666666667,0.34960817894877594,0.3912570717719212,0.35941666666666666,0.2843980548864356,0.4652725480918826,0,8
0.343,0.14400000000000002,0.2519999999999997,0.07916438593209005,0.2864079576048025,0.2598333333333335,0.058146080406733885,0.32131495015426614,0.5024166666666666,0.3502026577785383,0.38383290688393334,0.3637083333333333,0.2832926707820734,0.45549074424453206,1,0
0.726,0.38299999999999995,0.42266666666666636,0.2723826964646198,0.5062039788024012,0.32766666666666683,0.2015476783956248,0.4369392501101901,0.5199166666666667,0.35613977295268273,0.436473998132559,0.3835833333333334,0.2915085078431282,0.4771314847049695,0,1
0.413,-0.313,0.4939999999999997,0.20394361965995275,0.45960198940120056,0.3553333333333335,0.1996443504501596,0.4300994643644215,0.52425,0.3543421882356614,0.432862613804473,0.39299999999999996,0.28851704794781424,0.472000965928572,0,2
2.071,1.6580000000000001,1.0699999999999996,0.8809046486425192,1.2653009947006004,0.6610000000000001,0.7166876586072897,0.8989281888317296,0.6144166666666667,0.5608455399635182,0.6848837501422465,0.47129166666666666,0.4444215076357972,0.5999208886542863,1,0
1.311,-0.7600000000000002,1.265,0.8299566253726751,1.2881504973503002,0.8438333333333334,0.7197678560943557,1.0166629920226642,0.6168333333333333,0.5640370447752421,0.7812093270434394,0.517875,0.4717370594524762,0.6568072175619434,0,1
0.778,-0.5329999999999999,1.3866666666666667,0.6498125370699857,1.03307524867515,0.9403333333333336,0.6516102106832465,0.9484735657304745,0.6116666666666667,0.562087559231144,0.7807155844213718,0.5410416666666666,0.4702250598214193,0.6665026401569879,0,2
0.57,-0.20800000000000007,0.8863333333333331,0.3821941042629181,0.8015376243375749,0.978166666666667,0.6155860351459127,0.8403382612360532,0.619,0.5608146671665172,0.7482978022026993,0.5549166666666666,0.4657552927811155,0.6587824289444288,0,3
0.505,-0.06499999999999995,0.6176666666666665,0.14260551648984635,0.6532688121687875,0.9413333333333336,0.6398264347982702,0.7445273294543236,0.6345,0.5543019360994844,0.7108673710945917,0.566375,0.46077032027190906,0.6464798346288746,0,4
0.691,0.18599999999999994,0.5886666666666666,0.09439456199027564,0.6721344060843937,0.9876666666666668,0.6029161356827871,0.7292338067530884,0.6715,0.5407372912809127,0.7078108524646546,0.58775,0.45381688032681705,0.6500414478585647,0,5
0.333,-0.35799999999999993,0.5096666666666666,0.17904561802327484,0.5025672030421968,0.6980000000000001,0.33736508414475674,0.6160241476807775,0.6795,0.5343976217965595,0.6501476443931692,0.5950833333333333,0.447937584614357,0.6246781320298795,0,6
0.393,0.06,0.4723333333333332,0.19173245247828197,0.4477836015210984,0.5450000000000002,0.17080866488559393,0.5523029626291268,0.6944166666666667,0.522590654742546,0.6105864683326816,0.6032083333333333,0.44215303067629336,0.6061438814674892,0,7
1.94,1.547,0.8886666666666665,0.9109754844853587,1.1938918007605492,0.7386666666666667,0.602091908820128,0.9487878304493763,0.8395000000000001,0.6073460149026929,0.8151116270507306,0.6715833333333334,0.5140948074183321,0.7128523709500901,1,0
1.618,-0.32199999999999984,1.317,0.8162432235553311,1.4059459003802748,0.9133333333333336,0.6891010569333536,1.1399913074638404,0.94575,0.6238911800510204,0.938632915196772,0.7240833333333333,0.5441375239105786,0.7852641812740829,0,1
2.197,0.579,1.9183333333333332,0.29010745135781596,1.8014729501901374,1.1953333333333336,0.8219758309504389,1.4419937910456002,1.0683333333333334,0.7146937466601703,1.1322278513203456,0.7941250000000001,0.6192005583990847,0.8982030467721563,0,2
1.779,-0.41800000000000015,1.8646666666666665,0.2988550373229936,1.7902364750950688,1.376666666666667,0.808361965128657,1.5382812793182858,1.1821666666666666,0.7095932039919176,1.231731258809523,0.8532083333333333,0.6432599027890912,0.9686668030303839,0,3
1.911,0.13200000000000012,1.9623333333333333,0.21367576683687667,1.8506182375475344,1.6396666666666668,0.6400786410017627,1.6447723423702043,1.1688333333333334,0.6926751610877055,1.3362341420695965,0.891625,0.678299652423809,1.0440534587879533,0,4
2.016,0.10499999999999998,1.902,0.11875605247731304,1.9333091187737672,1.9101666666666668,0.19845948369040703,1.7508373874072887,1.2275833333333332,0.7344663440934925,1.44081350482812,0.9222083333333333,0.7123585430389523,1.1218091820849172,0,5
2.41,0.39400000000000013,2.1123333333333334,0.26307856874577656,2.1716545593868837,1.9885000000000002,0.28602709661847797,1.9391695624337777,1.3635833333333334,0.7924576797800778,1.5899191194699478,0.987625,0.7739093201852296,1.2248644475181238,0,6
3.05,0.6399999999999997,2.492,0.5218543858204031,2.6108272796934417,2.2271666666666667,0.45973880265501,2.2565496874526985,1.57025,0.8846968792653322,1.814546947243802,1.094625,0.872240434169386,1.370875291716674,0,7
2.725,-0.32499999999999973,2.728333333333333,0.3200130205684169,2.667913639846721,2.315166666666667,0.5014504628242576,2.3903926338947845,1.7552500000000002,0.8737361912031465,1.9546166476678326,1.194875,0.9163681770279696,1.4792052683793402,0,8
1.885,-0.8400000000000001,2.5533333333333332,0.6011724655482178,2.2764568199233604,2.3328333333333338,0.4801997153962735,2.245994738496275,1.8547500000000001,0.8069565860801815,1.9439063941804737,1.2631249999999998,0.9036115129326024,1.5116688469089932,0,9
1.937,0.052000000000000046,2.182333333333333,0.47068177501718256,2.10672840996168,2.3371666666666666,0.4757282487583243,2.157710527497339,1.9884166666666667,0.6494479415533458,1.9428438719988623,1.3339583333333334,0.8861390350801347,1.5456953391562738,0,10
1.173,-0.764,1.6649999999999998,0.426877031473931,1.63986420498084,2.1966666666666668,0.6730945451172979,1.8763646624980994,2.0534166666666667,0.4962091674674977,1.8244063532298065,1.373916666666667,0.8544984756730317,1.515879712023772,0,11
0.306,-0.867,1.1386666666666667,0.8160418698408385,0.9729321024904201,1.846,1.0056428789585277,1.4276890446414996,1.9172500000000001,0.7088123389291282,1.5908053758098362,1.378375,0.8483589177116416,1.4190893350618703,0,12
0.331,0.025000000000000022,0.6033333333333332,0.4935041370985001,0.65196605124521,1.3928333333333336,0.9664405655117461,1.114349317601071,1.8099999999999998,0.8428939327211825,1.3969891641467844,1.3778750000000002,0.8489989661744093,1.332042188256921,0,13
0.32,-0.01100000000000001,0.3189999999999999,0.012529964086284288,0.485983025622605,0.9920000000000001,0.7851542523606411,0.8873923697150508,1.6535833333333334,0.9338049687686233,1.2312985235088176,1.3609583333333335,0.8664187399698906,1.2510788131963673,0,14
0.374,0.05399999999999999,0.3416666666666665,0.028536526301159475,0.4299915128113025,0.740166666666667,0.676208670949038,0.7407088355107506,1.5365,1.00222529675445,1.0994064429689996,1.359333333333333,0.8683084838860002,1.180912508140658,0,15
0.24,-0.134,0.3113333333333332,0.06741908730720815,0.33499575640565127,0.45733333333333354,0.3532928907672285,0.5976491682219647,1.3972499999999999,1.0598879121697902,0.967190067127615,1.2830416666666666,0.8833685271222558,1.1056395074894054,0,16
0.265,0.025000000000000022,0.29299999999999987,0.07125307010932046,0.29999787820282564,0.30600000000000016,0.04792076794040765,0.5026065487299748,1.2513333333333334,1.0871407313209134,0.8591608260310588,1.2394583333333333,0.9074057133516337,1.038388346890253,0,17
0.226,-0.03900000000000001,0.24366666666666656,0.019756855350419003,0.2629989391014128,0.2926666666666668,0.05799195346481345,0.42357610623569625,1.0693333333333335,1.057954143475496,0.7617514681801267,1.2164583333333334,0.9264076471096226,0.9733972791390328,0,18
0.269,0.04300000000000001,0.2533333333333332,0.023755701070212996,0.2659994695507064,0.2823333333333335,0.055254562405878345,0.37941150445406874,0.8375833333333333,0.873078821635183,0.6859435499985688,1.2039166666666667,0.9375108076671715,0.9170454968079103,0,19
0.223,-0.04600000000000001,0.2393333333333332,0.025735837529355984,0.2444997347753532,0.26616666666666683,0.05621180184503188,0.33472250318147767,0.6290833333333333,0.6521737719257651,0.6147214653834043,1.1921666666666668,0.9483557700919342,0.8615218570632774,0,20
0.252,0.028999999999999998,0.2479999999999999,0.023259406699312427,0.2482498673876766,0.2458333333333335,0.019446507826989437,0.31108750227248405,0.49300000000000005,0.5240817077170673,0.5589181630167267,1.173875,0.9625695824650576,0.8127601084982152,0,21
0.244,-0.008000000000000007,0.23966666666666656,0.014977761292576582,0.2461249336938383,0.24650000000000016,0.019274335267357307,0.29191964448034574,0.35191666666666666,0.26272850083597055,0.5104692148603072,1.1701666666666666,0.9661148399946923,0.767259299818358,0,22
0.238,-0.006000000000000005,0.24466666666666656,0.007023769168856125,0.24206246684691915,0.24200000000000013,0.017123083834359405,0.27651403177167555,0.274,0.04789761808465354,0.4685508741125676,1.1637083333333333,0.9720358948089831,0.7249185558328893,0,23
0.32,0.08200000000000002,0.2673333333333332,0.045709225910501174,0.2810312334234596,0.2576666666666668,0.03412135206384918,0.2889385941226254,0.27516666666666667,0.04890776724581901,0.44569689347986485,1.0962083333333332,0.9720328755921187,0.6925250713662582,1,0
0.38,0.06,0.3126666666666666,0.07128347167006492,0.3305156167117298,0.27616666666666684,0.06099972677533168,0.31495613865901817,0.27925,0.05558306642070746,0.43558967909834717,1.0446250000000001,0.9759795441771171,0.6675230656569575,0,1
0.596,0.21599999999999997,0.4319999999999999,0.1451619784930023,0.4632578083558649,0.33833333333333354,0.13775582262345584,0.39525438475644153,0.30225,0.10715589747483728,0.46026819000629376,0.9779166666666668,0.9481062551288711,0.661801220404401,0,2
0.341,-0.25499999999999995,0.43899999999999983,0.13735719857365616,0.40212890417793246,0.35316666666666685,0.13123782483211538,0.3797531319688868,0.29950000000000004,0.10555868682224993,0.4419192376976332,0.918,0.9406887855738195,0.6361371227720489,0,3
1.073,0.732,0.6699999999999999,0.3715682978942113,0.7375644520889661,0.49133333333333346,0.3091340593766154,0.577823665692062,0.3689166666666666,0.24485745698758213,0.5390085857441511,0.8830833333333333,0.9174944575909679,0.6710861529502851,1,0
2.296,1.2229999999999999,1.2366666666666664,0.9877228018697002,1.516782226044483,0.8343333333333334,0.7700090042763553,1.0687311897800442,0.5381666666666667,0.6044239681989245,0.8093149571681278,0.89475,0.9341556638739743,0.8010792607142623,0,1
0.876,-1.42,1.4149999999999998,0.7693003314700941,1.1963911130222415,0.927,0.7280445041341893,1.0136651355571744,0.5923333333333334,0.603029221865942,0.8195741945268774,0.8308333333333334,0.8766834075659519,0.8070729198571214,0,2
1.555,0.6789999999999999,1.5756666666666665,0.710225551028213,1.3756955565111206,1.1228333333333333,0.7092693188533281,1.168332239683696,0.6995,0.6525790094972137,0.932716626138127,0.7685416666666667,0.7571051261888597,0.8669070862685516,0,3
1.745,0.19000000000000017,1.3919999999999997,0.4568555570418257,1.5603477782555604,1.3143333333333336,0.6935155850207432,1.3330944569169256,0.8263333333333334,0.6978819037023043,1.0576832990399536,0.7277083333333333,0.6682069764719589,0.9371545193670676,0,4
2.23,0.4849999999999999,1.843333333333333,0.34807805638007056,1.89517388912778,1.6291666666666667,0.5832952654245218,1.5893531835120898,0.9911666666666666,0.7787992895048981,1.2380397145722686,0.7420833333333333,0.6972651492838267,1.0405821578177021,0,5
2.114,-0.1160000000000001,2.029666666666666,0.2532594190416745,2.00458694456389,1.802666666666667,0.5378281014103513,1.7392522739372072,1.147,0.8024337978923871,1.372802835407304,0.7494583333333332,0.7112491753898583,1.126455585192286,0,6
1.981,-0.13299999999999979,2.108333333333333,0.12459668267384173,1.992793472281945,1.7501666666666669,0.4935955496827977,1.8083230528122907,1.29225,0.7803847681519909,1.4663716299600265,0.7831250000000001,0.7502242744383318,1.1948191383769031,0,7
1.18,-0.8010000000000002,1.7583333333333329,0.5052468043771562,1.5863967361409723,1.8008333333333335,0.39082037647321194,1.6288021805802078,1.3639166666666667,0.7201452452404475,1.4223144561200223,0.8195416666666667,0.7472637610798399,1.193633607306751,1,0
0.365,-0.815,1.175333333333333,0.8080101071975105,0.9756983680704862,1.6025000000000003,0.7111778258635436,1.267715843271577,1.3626666666666667,0.7220189286530745,1.259650693640019,0.8209583333333333,0.7463289564474125,1.1273429187222108,0,1
0.305,-0.06,0.6166666666666664,0.4887825010506575,0.6403491840352431,1.3625,0.8770940086444537,0.9926541737654122,1.3384166666666666,0.7542756258139128,1.112781356156939,0.8203333333333335,0.7467728638246889,1.061555485224434,0,2
1.199,0.8940000000000001,0.6229999999999997,0.49973192813747924,0.9196745920176216,1.1906666666666668,0.7672659686618873,1.0516101241181517,1.4099166666666667,0.6889714941105834,1.1260457629020255,0.8547083333333333,0.7443181577306414,1.0725510464064794,0,3
0.698,-0.5010000000000001,0.7339999999999997,0.44808592925911206,0.8088372960088108,0.9546666666666668,0.6323741508526931,0.9505786600843941,1.3786666666666667,0.7137030619284611,1.0601925686094062,0.8737916666666666,0.7336676761708741,1.042586962693961,0,4
0.474,-0.22399999999999998,0.790333333333333,0.3712146728421911,0.6414186480044054,0.7035000000000001,0.3996642340765539,0.8144133286317101,1.2268333333333334,0.6943521288135288,0.9700090965156514,0.8825,0.7273404800456544,0.9971000056784441,0,5
0.192,-0.282,0.45466666666666633,0.25355341317627167,0.41670932400220273,0.5388333333333335,0.3662094573692294,0.6365809490226501,1.1698333333333333,0.7514943698250763,0.8503153893593973,0.8810833333333333,0.7287065919157373,0.9326920052241687,0,6
0.297,0.10499999999999998,0.3209999999999997,0.14252368224265297,0.3568546620011014,0.5275000000000002,0.37364194090064196,0.5395578207304643,1.065,0.7800807650493641,0.765189944842567,0.88225,0.7277057605330901,0.8818366448062352,0,7
0.247,-0.04999999999999999,0.24533333333333304,0.052519837522012176,0.3019273310005507,0.5178333333333335,0.3812229881141292,0.4559698719503317,0.9401666666666667,0.7812291985109504,0.6854684148667874,0.88325,0.726776339616313,0.8310497132217365,0,8
0.27,0.02300000000000002,0.27133333333333304,0.025026652459695528,0.28596366550027535,0.36300000000000016,0.18986732209624468,0.40283562282166546,0.7768333333333334,0.6861506372289533,0.621550197194974,0.884,0.726105573830573,0.7861657361639975,0,9
0.354,0.08399999999999996,0.29033333333333305,0.05632347053705279,0.3199818327501377,0.3056666666666668,0.09836801648231971,0.38888258772976103,0.6301666666666667,0.5486735796169695,0.5803886283957471,0.8885833333333334,0.7222269254770673,0.7515924772708777,0,10
0.374,0.020000000000000018,0.3326666666666664,0.05518453889757498,0.34699091637506885,0.28900000000000015,0.06789403508408745,0.3846304198069722,0.49625,0.3486514605004448,0.5486365317194783,0.89425,0.7174179698601508,0.7213850790892076,0,11
0.399,0.025000000000000022,0.37566666666666637,0.0225462487642107,0.37299545818753443,0.3235000000000002,0.06098770367868606,0.3887360141478373,0.43116666666666664,0.2744001170597905,0.5256155268395586,0.8975416666666667,0.7148452541066773,0.695594272762071,0,12
0.358,-0.041000000000000036,0.3769999999999997,0.020663978319876597,0.3654977290937672,0.33366666666666683,0.060770606930208124,0.37995429581988377,0.4305833333333333,0.27456095807119446,0.49982852271039574,0.8966249999999999,0.7155515241376065,0.6685867309411053,0,13
0.492,0.134,0.41633333333333306,0.06866100300270445,0.4287488645468836,0.3745000000000001,0.07213806207543348,0.4119673541570598,0.44616666666666666,0.27208081464331907,0.4986241346011041,0.8922916666666666,0.7177627365742054,0.6544597924658169,0,14
1.085,0.593,0.6449999999999997,0.38689662702071004,0.7568744322734418,0.5103333333333334,0.2860787770294494,0.6042623958264712,0.4366666666666667,0.24394013175119494,0.5888358062009342,0.9232916666666666,0.7089295960117963,0.6889030090685515,1,0
1.428,0.34299999999999997,1.0016666666666663,0.47353176591790885,1.0924372161367208,0.6893333333333335,0.4548914888923126,0.839615997018908,0.4975,0.3722917966033957,0.7179379898623289,0.9380833333333333,0.7158586766447241,0.7480307683430675,0,1
1.413,-0.014999999999999902,1.3086666666666664,0.19384615893365312,1.2527186080683603,0.8625000000000002,0.5057607141722239,1.0034399978706485,0.5757500000000001,0.4561423471999646,0.824870606806586,0.9012916666666667,0.6638345445487387,0.8012283068756222,0,2
1.352,-0.06099999999999994,1.3976666666666666,0.040253364248599745,1.30235930403418,1.0213333333333334,0.4800790212732318,1.1030285699076061,0.6724166666666668,0.4891449791279294,0.9059674365286496,0.921125,0.6701269388186347,0.8452900423255725,0,3
1.573,0.22099999999999986,1.4459999999999997,0.1141358839278724,1.43767965201709,1.2238333333333333,0.39259822550116513,1.2373061213625758,0.7787499999999999,0.5365141911196096,1.0085878309088574,0.921875,0.6708768637420337,0.9035068389395267,0,4
0.771,-0.8019999999999999,1.2319999999999995,0.414247510553773,1.104339826008545,1.2703333333333335,0.29229140710370455,1.1040758009732683,0.8224166666666667,0.5099681733978989,0.9720358569228793,0.8812916666666667,0.6479882902301259,0.8929062918243645,1,0
0.81,0.039000000000000035,1.051333333333333,0.45219722835653575,0.9571699130042726,1.2245000000000001,0.34412948144557015,1.0200541435523345,0.8674166666666667,0.47971894391561887,0.9471072635501288,0.8221249999999999,0.5808350295236495,0.8862737884784154,0,1
0.564,-0.2460000000000001,0.7149999999999997,0.13221573280060983,0.7605849565021363,1.0805,0.4153450372882736,0.8897529596802389,0.8849166666666667,0.46281970931814775,0.8881676845424167,0.7575416666666667,0.51317756729977,0.8604918854001422,0,2
0.481,-0.08299999999999996,0.6183333333333331,0.17109743812616343,0.6207924782510681,0.9251666666666668,0.43968871564626777,0.7729663997715993,0.8938333333333334,0.4530082947932815,0.8255265023051217,0.6950416666666667,0.44443187761520847,0.8301325345681309,0,3
0.371,-0.10999999999999999,0.4719999999999997,0.09681425514873351,0.49589623912553404,0.7616666666666668,0.4315440495090448,0.6581188569797138,0.8915000000000001,0.4558519496503239,0.7555993481043337,0.6613333333333333,0.4366623077556532,0.7934019318026805,0,4
0.414,0.04299999999999998,0.4219999999999997,0.05543464620618093,0.45494811956276704,0.5685000000000001,0.18432661229458644,0.5883706121283669,0.8961666666666668,0.45014479152083364,0.7030456022421285,0.6633749999999999,0.43532904221979035,0.7630497772584661,0,5
0.254,-0.15999999999999998,0.346333333333333,0.08280297901246277,0.3544740597813835,0.4823333333333335,0.1914352806215868,0.4928361515202621,0.8763333333333333,0.47417302813009315,0.6339616634356473,0.66125,0.43727458789345547,0.7223257950777888,0,6
0.213,-0.04100000000000001,0.29366666666666635,0.10620891362469888,0.28373702989069177,0.3828333333333335,0.1334247603208113,0.4128829653716158,0.8036666666666666,0.505096270451727,0.5691983305993938,0.6201666666666666,0.43082596775583726,0.6815797314715657,0,7
0.228,0.015000000000000013,0.23166666666666638,0.02074447717681065,0.2558685149453459,0.3268333333333335,0.11076717323587389,0.3600592609797255,0.7036666666666668,0.4887781302452705,0.5167062797379487,0.6005833333333334,0.43776039869621236,0.6452933529538405,0,8
0.165,-0.063,0.2019999999999997,0.03290896534390147,0.21043425747267297,0.27416666666666684,0.0970843276057791,0.3043280435569468,0.5996666666666667,0.4557870980928278,0.4625976213167258,0.5877083333333334,0.446109606259607,0.6068698847175332,0,9
0.244,0.07899999999999999,0.21233333333333304,0.04176521678788898,0.22721712873633648,0.25300000000000017,0.08481980900709242,0.28709145968353345,0.5073333333333333,0.39810330622119294,0.42896721803722954,0.589875,0.44422647108056923,0.5778402939401306,0,10
0.222,-0.021999999999999992,0.21033333333333304,0.0407717222268005,0.22460856436816823,0.22100000000000017,0.031202563997205866,0.2684938997739525,0.39475,0.22095212356773977,0.3971261075699634,0.58675,0.446633616017113,0.5493730704249201,0,11
0.268,0.04600000000000001,0.24466666666666637,0.023007245235775638,0.24630428218408412,0.22333333333333347,0.034511833719267776,0.2683527855528232,0.35283333333333333,0.18839891590758817,0.3772605525591998,0.5876250000000001,0.44595913368047935,0.5268632247909265,0,12
0.225,-0.04300000000000001,0.23833333333333304,0.025735837529390185,0.23565214109204208,0.2253333333333335,0.03413893183253369,0.2559662753948737,0.3040833333333333,0.12404431637219629,0.35383585216547675,0.58575,0.44744475005058026,0.5027141668076524,0,13
0.193,-0.032,0.22866666666666638,0.037634204300599224,0.21432607054602104,0.21950000000000017,0.03650068492507685,0.23797591099633836,0.27316666666666667,0.09656352909622941,0.32909187490924957,0.5790416666666667,0.45225141902982785,0.4779370334630402,0,14
0.188,-0.0050000000000000044,0.2019999999999997,0.020074859900036865,0.20116303527301052,0.2233333333333335,0.030316112327710955,0.22369707928309884,0.24875000000000003,0.07353060587267905,0.30738543261551887,0.5712916666666666,0.457481335249264,0.454742070785997,0,15
0.253,0.065,0.21133333333333304,0.03617089069043464,0.22708151763650525,0.22483333333333352,0.03173273808965094,0.2320693423450706,0.23891666666666667,0.06280338487309774,0.29901844298236213,0.5652083333333334,0.4608304393598365,0.4386027051231172,1,0
0.399,0.14600000000000002,0.2799999999999997,0.10806016842484341,0.31304075881825266,0.2543333333333335,0.07763933710862234,0.2797638159607647,0.23766666666666666,0.05903825159604954,0.31440022098507564,0.5669166666666666,0.46010432811876856,0.43543448871326784,0,1
0.913,0.514,0.5216666666666664,0.3466775639312949,0.6130203794091263,0.36183333333333345,0.2808760699430729,0.4606884399719748,0.29258333333333336,0.20404075276248598,0.4064924946796794,0.5844583333333334,0.46512195494409275,0.47363972961620643,0,2
0.734,-0.17900000000000005,0.6819999999999996,0.2609156951967484,0.6735101897045632,0.4466666666666668,0.3069401678937863,0.5387774571228391,0.336,0.23814701341818884,0.45687826472895954,0.5698333333333333,0.4540863417865611,0.4944685512469099,0,3
0.88,0.14600000000000002,0.842333333333333,0.09525929525948991,0.7767550948522817,0.5611666666666668,0.32119490448427945,0.6362696122305993,0.39033333333333337,0.2816672225205253,0.5219739163091196,0.547,0.42167945790302797,0.5253110671471571,0,4
1.808,0.928,1.1406666666666665,0.5825198136830476,1.292377547426141,0.8311666666666668,0.5465840892915422,0.9710497230218567,0.52725,0.48680313829570565,0.7198240830307936,0.5634583333333334,0.46266599645463735,0.6279261817753846,0,5
1.206,-0.6020000000000001,1.2979999999999998,0.47079082403971934,1.2491887737130705,0.9900000000000001,0.47929656789924696,1.0381783735870405,0.6074166666666667,0.5143487423799936,0.794620377949133,0.5573750000000001,0.4526996136704686,0.6741720872333539,0,6
1.329,0.123,1.4476666666666664,0.31806026682584887,1.2890943868565352,1.1450000000000002,0.39245789583087376,1.121270266847886,0.6996666666666668,0.5376816113198564,0.8768326274954202,0.5472083333333333,0.4311249167475477,0.7265583202546856,0,7
1.733,0.40400000000000014,1.4226666666666663,0.2757033429854095,1.5110471934282677,1.281666666666667,0.4358828588814468,1.296050190605633,0.8217499999999999,0.5941155573241178,1.008550684803817,0.5872916666666667,0.4931019366495496,0.8070736546343108,0,8
0.979,-0.7540000000000001,1.3469999999999998,0.37732214353254906,1.2450235967141339,1.3225000000000002,0.3825267310920851,1.2054644218611665,0.8845833333333334,0.5643940368110565,1.0040044256032299,0.5943333333333334,0.4976066778059772,0.820827762263566,0,9
0.494,-0.485,1.0686666666666664,0.6243479265067939,0.8695117983570669,1.2581666666666669,0.48936833435221705,1.002188872757976,0.9096666666666667,0.5368819632137438,0.925542206279656,0.5914166666666667,0.49799719893281297,0.7946815412824808,0,10
1.572,1.078,1.0149999999999997,0.5399009168356727,1.2207558991785334,1.2188333333333334,0.4436888173784228,1.1649920519699828,1.025,0.5160096898315002,1.0249972514674013,0.636875,0.5358367947912629,0.8568670179798824,1,0
1.341,-0.2310000000000001,1.1356666666666664,0.5675758392790627,1.2808779495892666,1.2413333333333336,0.44632305191045574,1.2152800371214163,1.1156666666666666,0.4606470416378441,1.073613058933955,0.6772916666666666,0.5512705860627529,0.8955976565414919,0,1
1.577,0.236,1.4966666666666664,0.13483446641467386,1.4289389747946333,1.2826666666666668,0.46706687601098756,1.3186285979438688,1.2138333333333333,0.4175392922900323,1.1510572037133464,0.72575,0.5776067000996439,0.9501098440181726,0,2
0.782,-0.7949999999999999,1.2333333333333332,0.40828952145913777,1.1054694873973165,1.1241666666666668,0.44449765653675144,1.1653061413884775,1.2029166666666666,0.4277083667286594,1.0942791723728316,0.7477499999999999,0.5688462197634175,0.9366610564967188,0,3
0.387,-0.395,0.915333333333333,0.6061009266890574,0.7462347436986583,1.0255,0.5388546186124765,0.9429329581346269,1.174,0.4717551367933471,0.9854669920077805,0.755,0.562811266535355,0.8926881719769814,0,4
0.905,0.518,0.6913333333333331,0.2706405980878253,0.8256173718493292,1.094,0.4807693833845883,0.932094970096162,1.1760833333333334,0.4703919948169604,0.9730874547758144,0.7832083333333334,0.5521134870080895,0.8936731182188229,0,5
0.371,-0.534,0.5543333333333331,0.30379159523156135,0.5983086859246646,0.8938333333333336,0.491841607295138,0.7717821214972586,1.0563333333333331,0.47775180573053716,0.8804586155795353,0.7917916666666667,0.5436207100996753,0.8518592687613171,0,6
0.416,0.044999999999999984,0.5639999999999997,0.2961705589689891,0.5071543429623323,0.7396666666666668,0.46803917214979485,0.6701300867837562,0.9904999999999999,0.5086821654575151,0.8090034439519145,0.7989583333333333,0.5371806820288006,0.8169905272604118,0,7
1.413,0.9970000000000001,0.7333333333333331,0.5890384820479351,0.9600771714811662,0.7123333333333335,0.4106266755419884,0.8823786334169688,0.9974999999999999,0.5143105711886203,0.9019259910362354,0.8485833333333334,0.536575851979509,0.8646712850795789,1,0
0.426,-0.9870000000000001,0.7516666666666665,0.5727532918572668,0.6930385857405831,0.6530000000000001,0.4240476388331846,0.7519847381549777,0.8885833333333334,0.48175502230402667,0.8287066077998915,0.8551666666666667,0.5300727322257532,0.8295775822732127,1,0
0.798,0.37200000000000005,0.8789999999999999,0.4984606303410542,0.7455192928702916,0.7215000000000001,0.4052647282949735,0.7651319558249841,0.8734999999999999,0.48150021240437296,0.8239825142922158,0.8790416666666667,0.5130874558190253,0.8270513756913557,0,1
1.329,0.5309999999999999,0.8509999999999996,0.45382705957225744,1.0372596464351458,0.7921666666666668,0.4746828063735457,0.92623711130356,0.9430833333333334,0.48200574465330737,0.9016775120934134,0.9263750000000001,0.49925987068686034,0.8672072656360472,0,2
1.453,0.12400000000000011,1.1933333333333331,0.347937254879859,1.245129823217573,0.9725000000000001,0.48801997909921446,1.0767407937882572,0.9331666666666667,0.4689372575464153,0.9864963563867345,0.9790833333333334,0.4844741583871394,0.9140706843851635,0,3
1.42,-0.03300000000000014,1.4006666666666663,0.0642209726906274,1.3325649116087863,1.1398333333333335,0.42740585708043793,1.174814852705898,0.93975,0.4756891890146927,1.0531892246349293,1.0277083333333332,0.46666788108019985,0.9545450296343505,0,4
1.395,-0.02499999999999991,1.4226666666666663,0.029091808698156377,1.3637824558043932,1.1368333333333334,0.42516228274232387,1.237724894789927,0.9245833333333332,0.4560190303711103,1.105775497768017,1.0692083333333333,0.45239507351012487,0.9897814272636025,0,5
1.469,0.07400000000000007,1.4279999999999997,0.037643060449394236,1.4163912279021966,1.3106666666666669,0.2559520788480984,1.3038034962785194,0.9818333333333333,0.47903460367196116,1.1616561904190914,1.0923749999999999,0.4582462611626685,1.0281189130825144,0,6
1.01,-0.4590000000000001,1.291333333333333,0.246435251807308,1.2131956139510982,1.346,0.1718371321920743,1.2198596401989423,1.0337500000000002,0.44095333189476194,1.1383244688161542,1.1038750000000002,0.45228601113627703,1.0266694000359133,1,0
0.991,-0.019000000000000017,1.1566666666666665,0.2706553774328759,1.1020978069755492,1.2896666666666667,0.2255372844269064,1.1544711715706732,1.0409166666666667,0.4393665809142106,1.1156591659213613,1.1085,0.45046101988383175,1.0238158480330404,0,1
0.974,-0.017000000000000015,0.9916666666666664,0.018009256879002834,1.0380489034877747,1.2098333333333333,0.24044243940424398,1.102907979693338,1.0911666666666668,0.38716471320552454,1.0938654480873056,1.07375,0.4256379610808261,1.0198305801903973,0,2
0.951,-0.02300000000000002,0.9719999999999999,0.020074859899903402,0.9945244517438874,1.1316666666666668,0.234617703225191,1.0595056997809558,1.13575,0.32874503107202424,1.0718861483815663,1.063125,0.42537577377307567,1.0143241337751656,0,3
0.959,0.008000000000000007,0.961333333333333,0.011676186592127394,0.9767622258719437,1.0590000000000002,0.20199702968112512,1.0307897855578256,1.0979166666666667,0.3199435911456149,1.054519048630556,1.0477083333333332,0.4220124126720383,1.0098982030731523,0,4
0.912,-0.04699999999999993,0.9406666666666664,0.025146238950076758,0.9443811129359718,0.9661666666666667,0.03410229708779575,0.9968498468270183,1.1384166666666666,0.2503475614324059,1.032593041148932,1.0134999999999998,0.396554727842088,1.0020663468273001,0,5
0.866,-0.04600000000000004,0.9123333333333331,0.04650089604872804,0.9051905564679859,0.9421666666666667,0.04576206580416095,0.9594641763050131,1.1440833333333333,0.24259111065679562,1.0069633425106346,1.0087916666666665,0.3976514728258644,0.9911810390811161,0,6
0.854,-0.01200000000000001,0.8773333333333331,0.03061590000857278,0.8795952782339929,0.9193333333333334,0.05046054564374457,0.9293315545035808,1.1045,0.24835952678618028,0.9834305205859215,1.0237916666666667,0.38394202224981155,0.9802065559546269,0,7
0.908,0.05400000000000005,0.8759999999999998,0.028354893757543936,0.8937976391169964,0.9083333333333335,0.04276758897418073,0.9232368246454148,1.0590833333333334,0.2278186912011548,0.9718258251111643,0.996125,0.3662363589980839,0.9744300314782568,0,8
0.822,-0.08600000000000008,0.8613333333333331,0.04346646216722807,0.8578988195584982,0.8868333333333335,0.048999659862743336,0.8943120176038677,1.00925,0.20605874052186146,0.9487756981709852,0.9744999999999999,0.3602611371720813,0.9622356289599964,0,9
0.769,-0.052999999999999936,0.8329999999999997,0.07014983962919648,0.8134494097792491,0.8551666666666669,0.05415687090909742,0.8585085840027626,0.9570833333333334,0.17666684534010832,0.9211178984523721,0.9408333333333334,0.3386127282163865,0.9467767786431968,0,10
0.77,0.0010000000000000009,0.7869999999999998,0.030315012782487643,0.7917247048896245,0.8315000000000001,0.0553669576552482,0.8332204171448304,0.8988333333333333,0.0828732145929639,0.8978689909981611,0.9403333333333334,0.33886622558257296,0.932634636351741,0,11
0.805,0.03500000000000003,0.7813333333333331,0.020502032419635247,0.7983623524448122,0.8213333333333335,0.05332791639155559,0.825157440817736,0.8817499999999999,0.07890860651297804,0.8835814539215209,0.95775,0.31937129135088194,0.9224238654436018,0,12
1.099,0.29399999999999993,0.8913333333333332,0.18069403236779785,0.9486811762224061,0.8621666666666669,0.12668609500124556,0.9033981720126687,0.89075,0.09666354488168065,0.9167227687028254,0.9658333333333333,0.32043145732056205,0.9365499562081137,1,0
0.269,-0.83,0.724333333333333,0.4208388448484006,0.6088405881112031,0.7556666666666668,0.2690499334076575,0.7221415514376205,0.832,0.20022850582635973,0.8170731119793138,0.9615833333333333,0.3292198837920599,0.8831459597114646,1,0
0.214,-0.05500000000000002,0.5273333333333331,0.4958410363547353,0.41142029405560154,0.6543333333333334,0.3433165691700085,0.5769582510268718,0.7705833333333335,0.26345689947084355,0.7242926332132655,0.9531666666666667,0.3459323465734255,0.8296142829345475,0,1
0.199,-0.014999999999999986,0.22733333333333314,0.03685557397925784,0.3052101470278008,0.5593333333333336,0.38193228021033454,0.4689701793049085,0.70725,0.3025014274947578,0.6434783819496862,0.9025833333333333,0.3640534978205289,0.7791651402997838,0,2
0.268,0.069,0.22699999999999979,0.03629049462334754,0.2866050735139004,0.47566666666666685,0.3815377657148316,0.41155012807493463,0.6535833333333334,0.3195216476756092,0.5857124770343498,0.8959999999999999,0.3743300101805072,0.7382719290758011,0,3
0.227,-0.04100000000000001,0.23133333333333314,0.03470350606697416,0.2568025367569502,0.3793333333333335,0.3537087313972699,0.35882152005352475,0.6003333333333333,0.333829116147591,0.5305259421059882,0.8722083333333334,0.3982133991114357,0.697370174749737,0,4
0.234,0.007000000000000006,0.2429999999999998,0.02193171219962267,0.2454012683784751,0.23516666666666683,0.02844937023321285,0.32315822860966054,0.5486666666666666,0.3389396120344505,0.4849065663973746,0.8265833333333333,0.4062496465996228,0.660300560769758,0,5
0.168,-0.066,0.20966666666666645,0.03625373543982328,0.20670063418923756,0.2183333333333335,0.033803352890896234,0.27882730614975754,0.48700000000000004,0.33491301448694216,0.43615171002854775,0.7730416666666667,0.40477717747644415,0.6209165159081773,0,6
0.301,0.13299999999999998,0.23433333333333314,0.06650062656351804,0.2538503170946188,0.23283333333333348,0.0474696394200169,0.2851623615355411,0.4435833333333334,0.321018962434352,0.415359139254925,0.7264166666666667,0.39123660323408477,0.5953231946355232,1,0
0.349,0.04799999999999999,0.27266666666666645,0.0937674428218033,0.3014251585473094,0.2578333333333335,0.06303464655779671,0.3034016868111008,0.40858333333333335,0.3048002202138772,0.4051500409080135,0.6828333333333333,0.37127110294777554,0.5756173390646813,0,1
0.479,0.13,0.37633333333333313,0.09209415471863157,0.3902125792736547,0.29300000000000015,0.11068694593311168,0.3535726334365006,0.38433333333333336,0.2843197090771248,0.4165115730760114,0.6415833333333333,0.3331681801011073,0.5678879519395068,0,2
0.353,-0.126,0.39366666666666644,0.07392789279655614,0.37160628963682735,0.3140000000000001,0.10756951240941613,0.3534090238832147,0.3466666666666667,0.25157877253036043,0.4067405618335481,0.6142083333333334,0.3285401145736359,0.5506969157843463,0,3
0.418,0.065,0.41666666666666646,0.06301058112205359,0.39480314481841366,0.34466666666666684,0.10642305514627041,0.3718635884880105,0.28991666666666666,0.09373410976446946,0.4084727830899253,0.5903333333333333,0.32069444575207684,0.5400811625215987,0,4
0.399,-0.01899999999999996,0.38999999999999985,0.03342154993422353,0.39690157240920687,0.3831666666666668,0.06241287260386283,0.37961684892000747,0.30075,0.09848869339816098,0.4070154318453214,0.566375,0.3121500214152885,0.5287946695198709,0,5
1.949,1.55,0.9219999999999997,0.8894588242296555,1.1729507862046034,0.6578333333333335,0.6343356892581918,0.8280120349428625,0.44533333333333336,0.48289380224064576,0.6442438269460412,0.6079583333333333,0.4151103026977251,0.6424110959582812,1,0
1.597,-0.3520000000000001,1.3149999999999997,0.8125687663207328,1.3849753931023017,0.8658333333333333,0.7125981803700208,1.0477228821020446,0.5618333333333334,0.5774426116048008,0.7908216997235733,0.6345416666666667,0.45689376361675577,0.7187782082816186,0,1
1.459,-0.1379999999999999,1.668333333333333,0.2526684256754843,1.4219876965511509,1.0291666666666668,0.7184874158025764,1.165230630072889,0.6610833333333334,0.6229112673324346,0.8936183613045621,0.6573333333333333,0.48416559031036016,0.7779959516190892,0,2
0.587,-0.8720000000000001,1.214333333333333,0.547650740283743,1.0044938482755754,1.0681666666666667,0.6797506650726162,1.000021878623492,0.6910833333333334,0.6086096611926008,0.8464463057192448,0.6457083333333334,0.48228338044968005,0.7627162754895621,0,3
0.758,0.17100000000000004,0.9346666666666664,0.46206529120172446,0.8812469241377877,1.1248333333333334,0.6268213195693522,0.9308727704453514,0.73475,0.591387755430166,0.8328391817624379,0.6417083333333333,0.4808767788626055,0.7623389734503973,0,4
0.251,-0.507,0.5319999999999997,0.2579360385832207,0.5661234620688939,1.1001666666666667,0.6629667915262906,0.7366234074609653,0.7416666666666666,0.5846031028644908,0.7433254614912935,0.6143333333333333,0.4837504447063827,0.7214318555743655,0,5
0.258,0.007000000000000006,0.42233333333333317,0.2907169299049146,0.41206173103444693,0.8183333333333335,0.5847685582062914,0.5998738624721182,0.7380833333333334,0.5876734495732607,0.6686600058772484,0.5908333333333333,0.4869125148334648,0.6843573071284162,0,6
0.208,-0.05000000000000002,0.23899999999999977,0.027073972741498295,0.3100308655172235,0.5868333333333334,0.4805003295177491,0.4879099017657987,0.7263333333333334,0.5974876694556279,0.5977892357422872,0.5674583333333333,0.4914323323905748,0.6462487225581429,0,7
0.22,0.01200000000000001,0.22866666666666643,0.026102362600745953,0.2650154327586117,0.38033333333333347,0.23342721920690002,0.41136421554699903,0.7047499999999999,0.6117423885918015,0.5396678148588584,0.5445416666666666,0.49439167531744327,0.6121488247534914,0,8
0.244,0.023999999999999994,0.22399999999999975,0.018330302780028774,0.25450771637930586,0.3231666666666668,0.21387324906744729,0.36354586824785645,0.6956666666666668,0.6182150748630136,0.49418045872672633,0.5211666666666667,0.4948036647668108,0.5826969187732121,0,9
0.254,0.010000000000000009,0.2393333333333331,0.017473789896319657,0.25425385818965296,0.23916666666666683,0.020380546279886398,0.3322470487484689,0.6819999999999999,0.6266663604125643,0.4572296189226146,0.4859583333333333,0.4817919882351055,0.5564011652713551,0,10
0.248,-0.006000000000000005,0.24866666666666645,0.005033222957572728,0.2511269290948265,0.23866666666666683,0.020066555924388045,0.30817646339176347,0.6694166666666667,0.6343346490376351,0.4250404467806739,0.4850833333333333,0.48222202325292524,0.5317290720496467,0,11
0.219,-0.028999999999999998,0.2403333333333331,0.0187171935220191,0.23506346454741323,0.23216666666666677,0.018829940697373777,0.2826974738512596,0.52525,0.4993011707285618,0.39334191650672407,0.4852916666666667,0.4821008805820322,0.506710746285675,0,12
0.191,-0.027999999999999997,0.21933333333333313,0.02850146195094046,0.21303173227370661,0.22933333333333347,0.023813161626852954,0.25649819560804255,0.4080833333333333,0.37424553397064536,0.362212390890305,0.4849583333333333,0.48231015451152115,0.48145388658282107,0,13
0.235,0.043999999999999984,0.21499999999999977,0.022271057451491008,0.22401586613685331,0.23183333333333347,0.023421500094285466,0.25035585400574467,0.3060833333333333,0.17615615920042818,0.34264125383025806,0.4835833333333333,0.48300210789590137,0.4617375756561954,0,14
0.265,0.030000000000000027,0.23033333333333314,0.037220066272654666,0.24450793306842666,0.23533333333333348,0.02691220293224996,0.2545398957183891,0.27925,0.1523972828438424,0.3306964455486799,0.4851666666666667,0.4821860245992624,0.44599856960369977,0,15
0.315,0.04999999999999999,0.27166666666666645,0.04041451884336154,0.27975396653421336,0.24550000000000013,0.042425228343521075,0.2718142112274208,0.24233333333333337,0.03190421269806261,0.32828160777195986,0.48854166666666665,0.4806325523331922,0.4355186840354038,0,16
0.228,-0.087,0.26933333333333315,0.043661577311641483,0.25387698326710667,0.24216666666666678,0.04297169611112158,0.2592958651624434,0.24041666666666664,0.032026858993259646,0.31285366811473525,0.49104166666666665,0.47904619720646036,0.4189171893125715,1,0
0.368,0.13999999999999999,0.3036666666666665,0.07068474611498671,0.31093849163355336,0.2670000000000002,0.06454455825241842,0.2903541894017453,0.24958333333333335,0.04884382967145491,0.3213377191740068,0.49383333333333335,0.478084826625229,0.4148438141675658,1,0
0.353,-0.015000000000000013,0.31633333333333313,0.07686568371737815,0.33196924581677667,0.29400000000000015,0.06012653324448157,0.3082529924298181,0.26166666666666666,0.05514993337728981,0.3262088393010827,0.49400000000000005,0.47803283496465776,0.4098963090341606,0,1
0.43,0.07700000000000001,0.38366666666666643,0.04082074635941133,0.3809846229083883,0.3265000000000001,0.07314847913661392,0.3430378517355843,0.2791666666666667,0.07159333810216102,0.34217671017783924,0.49195833333333333,0.47820429317865043,0.4115046043114277,0,2
0.369,-0.061,0.38399999999999973,0.04063249930789463,0.37499231145419415,0.3438333333333335,0.06778618344962528,0.35045560838256024,0.28958333333333336,0.0750229762786122,0.34630337015047935,0.49262500000000004,0.47801326273214007,0.4081042359665135,0,3
0.393,0.02400000000000002,0.3973333333333331,0.03073000705075199,0.3839961557270971,0.3568333333333335,0.06862482543996896,0.36261114884468587,0.3011666666666667,0.07961935960711197,0.35348746705040557,0.4915833333333333,0.47821015179036314,0.4068958970891925,0,4
0.307,-0.08600000000000002,0.35633333333333317,0.04437717130845148,0.3454980778635486,0.37000000000000016,0.04096828041301591,0.3467222491747756,0.3060833333333333,0.07783952995905481,0.34633554904265085,0.48774999999999996,0.479351940236707,0.39890422532205716,1,0
0.351,0.043999999999999984,0.3503333333333331,0.04300387579439446,0.3482490389317743,0.3671666666666668,0.04171530494514188,0.3479444636962683,0.31708333333333333,0.07362738909024648,0.34705315688224303,0.4211666666666667,0.3648674168572166,0.3950718872962926,0,1
0.359,0.008000000000000007,0.3389999999999998,0.028000000000115648,0.35362451946588713,0.3681666666666668,0.041378335716485456,0.35110318835447735,0.33108333333333334,0.06262363529031,0.34889113274651334,0.3695833333333334,0.26534389772137384,0.39218613631258925,0,2
0.401,0.04200000000000004,0.3703333333333331,0.02685764943809341,0.3773122597329436,0.3633333333333335,0.033690750461605815,0.3653594202531981,0.3449166666666667,0.05760280664461878,0.35690788155474207,0.3255,0.1296966360061209,0.39289124540758213,0,3
0.283,-0.11800000000000005,0.3476666666666664,0.05981081284633852,0.3301561298664718,0.34900000000000014,0.04661330282225851,0.34182815732371297,0.34641666666666665,0.055529612629586,0.34553743823862787,0.31283333333333335,0.11729956694633181,0.3840999457749756,1,0
0.357,0.07400000000000001,0.34699999999999975,0.05963220606355601,0.3435780649332359,0.34300000000000014,0.04189510711287885,0.3461629695169378,0.34991666666666665,0.05468664176819392,0.34730090927883894,0.296125,0.0702599598385995,0.38193195011297754,0,1
0.284,-0.07300000000000001,0.3079999999999998,0.04243819034792569,0.31378903246661793,0.33916666666666684,0.04663224921303144,0.328402121083527,0.3545833333333333,0.04484003554729582,0.33756230785132524,0.2975,0.06965879575535909,0.3740973941039394,0,2
0.271,-0.012999999999999956,0.30399999999999977,0.0463573079460705,0.292394516233309,0.3258333333333335,0.053502959419702324,0.3120015150596621,0.3465,0.050577573183130366,0.3273219527972752,0.29804166666666665,0.06938830822869553,0.3658496025756242,0,3
0.208,-0.06300000000000003,0.2543333333333331,0.04064890322432608,0.2501972581166545,0.3006666666666668,0.06826028616015607,0.2822867964711872,0.33441666666666664,0.0643335884749534,0.30896472929000207,0.29804166666666665,0.06938830822869553,0.35322163436957427,0,4
0.246,0.038000000000000006,0.24166666666666645,0.0317227573413906,0.24809862905832725,0.2748333333333335,0.049426376224304305,0.2719191403365623,0.31908333333333333,0.06133878845967764,0.299277847860771,0.29912500000000003,0.06831150676512425,0.3446439036200083,0,5
0.204,-0.04200000000000001,0.21933333333333307,0.023180451534449628,0.2260493145291636,0.26166666666666677,0.05678967042223891,0.25251367166897304,0.30533333333333335,0.06733273327068448,0.2846197174206524,0.2974583333333333,0.07017740201534299,0.33339239133040766,0,6
0.243,0.03900000000000001,0.2309999999999998,0.023430749027880466,0.2345246572645818,0.2426666666666668,0.0323089254953887,0.24979547976355218,0.29283333333333333,0.06338602273997085,0.27821668397132127,0.297,0.07050871053188708,0.3261610000239751,0,7
0.144,-0.099,0.19699999999999976,0.04986983055924545,0.1892623286322909,0.2193333333333335,0.04467512357751966,0.2195681998311087,0.27925,0.07623662326780355,0.25756796336034876,0.2926666666666667,0.07658508576948074,0.31158812002205705,1,0
0.195,0.05100000000000002,0.19399999999999976,0.04950757517802585,0.19213116431614546,0.2066666666666668,0.03725408255032853,0.21254871416507765,0.26625,0.07619010315117149,0.24794212284337203,0.2916666666666667,0.07773682841969759,0.3022610704202925,0,1
0.154,-0.04100000000000001,0.1643333333333331,0.027024680078430195,0.17306558215807272,0.1976666666666668,0.04295423921648154,0.19582051011791263,0.24916666666666665,0.07648509460655782,0.2334894885597763,0.290125,0.08014948669449595,0.2904001847866691,0,2
0.244,0.09,0.19766666666666644,0.045059220292201906,0.20853279107903636,0.19733333333333347,0.042509606757375695,0.20958607865565188,0.23608333333333334,0.05974865283130634,0.23510649031981073,0.2905,0.07990102573211035,0.2866881700037356,1,0
0.192,-0.05199999999999999,0.19666666666666646,0.045181116999706734,0.2002663955395182,0.1953333333333335,0.04241540600615215,0.20456148475403704,0.2285,0.05902310795554365,0.2284747225783014,0.2874583333333333,0.08226837268918973,0.2791131164034367,0,1
0.188,-0.0040000000000000036,0.20799999999999977,0.031240998703750602,0.1941331977697591,0.1861666666666668,0.03541986260090173,0.19982963196716932,0.21441666666666667,0.043764781052926645,0.22224784218163962,0.2821666666666666,0.08447467676465319,0.2718240670911618,0,2
0.145,-0.04300000000000001,0.1749999999999998,0.026057628441745532,0.16956659888487954,0.1863333333333335,0.035183329385758196,0.18416402283369238,0.20283333333333334,0.042034257313331734,0.21036355876907967,0.27870833333333334,0.08839657634854878,0.2616781417238689,0,3
0.264,0.11900000000000002,0.19899999999999976,0.06025777958079634,0.2167832994424398,0.19783333333333344,0.047650463446505115,0.206974302024066,0.20225,0.04103906121561679,0.21861531895845204,0.274375,0.08635458372567534,0.26186389038595936,1,0
0.325,0.061,0.24466666666666645,0.09154416056385428,0.27089164972121993,0.2263333333333335,0.06438840475323666,0.24069593001719,0.212,0.054288790070117464,0.23498219296484402,0.27320833333333333,0.08543035768678862,0.26691477915508266,0,1
0.363,0.03799999999999998,0.3173333333333331,0.04994330118584507,0.31694582486060996,0.24616666666666684,0.08571444841254341,0.2756399500122786,0.22175,0.06936350232326775,0.2546772402010219,0.2704166666666667,0.08106729178343965,0.27460159682267604,0,2
0.197,-0.16599999999999998,0.29499999999999976,0.08697125962067533,0.25697291243030496,0.2470000000000002,0.08510464147154312,0.2531713928659133,0.22116666666666665,0.06955551521607914,0.24580381863163392,0.26325,0.07956198021449735,0.26839346907686196,0,3
0.212,0.014999999999999986,0.25733333333333314,0.09181684667500076,0.23448645621515246,0.25100000000000017,0.08229459277498057,0.2414081377613666,0.21858333333333332,0.06924588380724846,0.2406032311498441,0.2557083333333333,0.07518642289938854,0.263881991550713,0,4
0.218,0.006000000000000005,0.20899999999999977,0.010816653826748887,0.22624322810757624,0.2631666666666668,0.06756749711707923,0.23472009840097613,0.22474999999999998,0.06517546247703512,0.23712581097294502,0.252,0.07474012949227236,0.260211432226656,0,5
0.258,0.04000000000000001,0.22933333333333308,0.025006665778165314,0.24212161405378813,0.2621666666666668,0.06759709066717674,0.2413714988578401,0.22999999999999998,0.06509852672543877,0.240337224669415,0.248125,0.07173460295331305,0.26003451764852353,0,6
0.264,0.006000000000000005,0.24666666666666645,0.025006665778162053,0.25306080702689404,0.25200000000000017,0.06046817344686277,0.2478367848984572,0.23916666666666667,0.06104221092945406,0.24397765164335117,0.24416666666666667,0.06786730445872048,0.26035175623664164,0,7
0.205,-0.059000000000000025,0.24233333333333315,0.03247049943164938,0.229030403513447,0.2256666666666668,0.028317250337323276,0.23559770349889803,0.23591666666666666,0.06179505472028686,0.23798108985206637,0.236,0.05944453022703565,0.25592361573771033,1,0
0.195,-0.009999999999999981,0.22133333333333313,0.03728717384491536,0.2120152017567235,0.2253333333333335,0.028730935708163707,0.22399835964207002,0.23616666666666666,0.0616070145553954,0.23136861449021,0.23233333333333336,0.059132619311735045,0.2510497264786935,0,1
0.216,0.02099999999999999,0.20533333333333312,0.010503967504761682,0.21400760087836174,0.22600000000000012,0.028404225037834907,0.22171311403005,0.23850000000000002,0.06012940590551268,0.22900421226094694,0.22645833333333332,0.052882132403451264,0.24824574836039803,0,2
0.251,0.035,0.22066666666666646,0.028290163190426206,0.23250380043918087,0.23150000000000015,0.029710267585465275,0.23008079573575002,0.24733333333333332,0.05243928668358486,0.23238817960541663,0.22508333333333333,0.05173756239250898,0.2484660884915662,0,3
0.251,0.0,0.2393333333333331,0.020207259421820948,0.24175190021959042,0.23033333333333347,0.028577380332469583,0.23605771123982144,0.24625,0.05219739631267635,0.23525153658919867,0.22425000000000003,0.051123252601156535,0.2486688014122409,0,4
0.187,-0.064,0.22966666666666646,0.036950417228237914,0.2143759501097952,0.21750000000000014,0.027711008642775814,0.22204122231415818,0.23475000000000001,0.04832865703610598,0.2278282232677835,0.223375,0.05159104447057781,0.24373529729926163,1,0
0.212,0.024999999999999994,0.21666666666666645,0.03225419869320864,0.21318797505489762,0.21866666666666681,0.027222539680688475,0.21917230165297014,0.22216666666666665,0.026733816968429504,0.2253931119958168,0.22195833333333334,0.05140925239569215,0.24119647351532073,0,1
0.213,0.0010000000000000009,0.20399999999999976,0.014730919862919821,0.2130939875274488,0.22166666666666682,0.024993332444206966,0.21740878689497867,0.2235,0.02574525552063323,0.22348647938107574,0.2223333333333333,0.051305281249184195,0.2389407556340951,0,2
0.266,0.05300000000000002,0.23033333333333314,0.0308922859843822,0.2395469937637244,0.23000000000000018,0.030463092423454876,0.23129199063927047,0.228,0.028158641496236734,0.2300270210147564,0.22329166666666667,0.05191923423990276,0.2411054951833675,0,3
0.242,-0.02400000000000002,0.24033333333333315,0.02653927906595739,0.2407734968818622,0.22850000000000015,0.02942617882090638,0.2343514218851932,0.23,0.0282360182617382,0.23186901778171695,0.227375,0.049194213604588,0.2411770555686981,0,4
0.212,-0.03,0.23999999999999977,0.027055498517074755,0.2263867484409311,0.22200000000000017,0.0277200288600135,0.22796530134656656,0.22616666666666665,0.027192356323583744,0.22881224581529896,0.22808333333333333,0.048828819596508,0.23884289112320226,0,5
0.187,-0.024999999999999994,0.21366666666666645,0.027537852736569925,0.20669337422046555,0.22200000000000017,0.0277200288600135,0.21626092953326181,0.21975,0.026530000171417992,0.22237959261294526,0.22945833333333332,0.04708547192783124,0.23469545983334608,0,6
1.237,1.05,0.5453333333333331,0.5991313156006269,0.7218466871102328,0.39283333333333353,0.4144545411340864,0.5079006639523298,0.30575,0.2944286068734808,0.3784750399032614,0.2708333333333333,0.21108779683111575,0.3148798230466784,1,0
1.54,0.30299999999999994,0.9879999999999999,0.710037322962674,1.1309233435551165,0.6140000000000002,0.6081161073347743,0.8027861885373784,0.41783333333333333,0.458646790883663,0.5571711876104519,0.327,0.33321177493678344,0.41288943720294413,0,1
1.88,0.33999999999999986,1.5523333333333333,0.3216773746058755,1.5054616717775582,0.8830000000000001,0.7611191759507823,1.1105615632409844,0.5565,0.6164693459900967,0.7606833125934593,0.3975,0.45811020128538826,0.5302582822267087,0,2
0.962,-0.9179999999999999,1.4606666666666666,0.4641134918673768,1.233730835888779,1.0030000000000001,0.6936096885136462,1.0681154023149888,0.61575,0.6186019611702175,0.791655110656004,0.4315416666666667,0.46876275441585163,0.564797619648572,0,3
0.906,-0.05599999999999994,1.2493333333333332,0.546890604539273,1.0698654179443896,1.118666666666667,0.5846242097849383,1.0217967159392778,0.6703333333333333,0.6123577880667994,0.8092466320935419,0.4582916666666667,0.4770312613187548,0.5920938100766863,0,4
0.91,0.0040000000000000036,0.9259999999999998,0.03124099870364476,0.9899327089721948,1.2391666666666667,0.3993356566432093,0.9898547970994842,0.7305833333333333,0.5958241745428758,0.8247471502329969,0.48266666666666663,0.4848068792260763,0.6175263052705514,0,5
1.028,0.118,0.9479999999999998,0.06931089380466057,1.0089663544860974,1.2043333333333335,0.40857100566078264,1.0007534264996316,0.7985833333333333,0.5775426719116,0.8560168194279205,0.510375,0.4965318688051455,0.6503642008489073,0,6
1.234,0.20599999999999996,1.057333333333333,0.1639796735370981,1.1214831772430487,1.1533333333333335,0.3760992776736795,1.0673953046425941,0.8836666666666667,0.558318959561703,0.9141680779774712,0.5535833333333333,0.5129256168352258,0.6970550647809948,0,7
1.224,-0.010000000000000009,1.162,0.11615506876584857,1.1727415886215242,1.0440000000000003,0.14998666607401248,1.1121395033161388,0.9635000000000001,0.5297302057737434,0.9618345275193987,0.59575,0.5250771578912286,0.7392106595985152,0,8
1.396,0.17199999999999993,1.2846666666666664,0.09654705243212357,1.284370794310762,1.1163333333333336,0.19913178216111976,1.1932425023686704,1.0596666666666665,0.490108769622221,1.0286292155933374,0.6448333333333334,0.5429838388712522,0.791753806830634,0,9
2.277,0.8810000000000002,1.6323333333333332,0.5648825836696757,1.780685397155381,1.3448333333333335,0.4874219595654906,1.5028875016919074,1.2317500000000001,0.5265912896769533,1.2206862593482086,0.7289583333333333,0.6298931226918519,0.9105735022841833,0,10
2.072,-0.20500000000000007,1.9149999999999998,0.46100650754625183,1.9263426985776906,1.5385000000000002,0.5104020963906744,1.6654910726370766,1.3888333333333334,0.46404326470185037,1.351657604063869,0.8042916666666667,0.6781360309327878,1.0034876221014488,0,11
1.264,-0.808,1.8709999999999998,0.5355772586658182,1.5951713492888453,1.5778333333333336,0.4707459682957059,1.5507793375979118,1.3910833333333332,0.46330501603024754,1.3381718188232739,0.8484166666666667,0.6718704531359457,1.024328612333333,0,12
1.002,-0.262,1.4459999999999997,0.5577347039587877,1.2985856746444226,1.5391666666666666,0.5123281825809136,1.3939852411413656,1.3462500000000002,0.4735030238935797,1.286453077465847,0.8820416666666667,0.6577936427552906,1.0225423233466664,0,13
0.367,-0.635,0.8776666666666665,0.461244331491819,0.8327928373222113,1.3963333333333336,0.7020879337139063,1.1005608865295469,1.2201666666666668,0.5178218074226161,1.1449987578557168,0.8883333333333333,0.6518413161569885,0.9700989374789332,0,14
0.439,0.07200000000000001,0.6026666666666666,0.3477015003323073,0.6358964186611057,1.2368333333333335,0.803552466654582,0.9115434903782478,1.1765833333333333,0.5616785652008286,1.0363835643394528,0.8961666666666667,0.6449424421009894,0.9276110224806186,0,15
0.332,-0.10699999999999998,0.37933333333333313,0.05455578185068477,0.4839482093305528,0.9126666666666668,0.6833381788446072,0.7459596359844627,1.1287500000000001,0.6092439614353643,0.9280168621333832,0.8995416666666668,0.6416228730585309,0.8799621406821692,0,16
0.27,-0.062,0.3469999999999998,0.0854926897460038,0.3769741046652764,0.6123333333333335,0.41533632957720595,0.6099711685603305,1.0754166666666667,0.6563277255558648,0.8267834987282473,0.903,0.6378277674024272,0.8311651694275957,0,17
0.201,-0.069,0.2676666666666665,0.06553116307025626,0.2889870523326382,0.43516666666666687,0.2893851528096529,0.49312226325737896,1.0065000000000002,0.703484121420598,0.730509114308517,0.9025416666666667,0.6383496369999521,0.780751955873388,0,18
0.163,-0.038000000000000006,0.21133333333333318,0.05424327915365212,0.22599352616631913,0.2953333333333335,0.10408970490239015,0.39880161661241353,0.91725,0.7390373498988102,0.6432000197995144,0.9004583333333334,0.6407748691787265,0.731331799403517,0,19
0.19,0.026999999999999996,0.18466666666666653,0.019553345834952947,0.20799676308315956,0.2658333333333335,0.10479583325050085,0.3391440118660097,0.8310833333333334,0.7600023275482714,0.5734769398303583,0.8972916666666667,0.6442251482724547,0.6880252554512357,0,20
0.17,-0.01999999999999999,0.1743333333333332,0.014011899704942415,0.18899838154157977,0.22100000000000017,0.06640481910223295,0.29081715133286407,0.7289166666666668,0.7595622493292192,0.5114035644718417,0.8942916666666667,0.6475683263709245,0.6465832350151368,0,21
0.235,0.06499999999999997,0.19833333333333317,0.03329164059251431,0.21199919077078988,0.2048333333333335,0.0408774591513099,0.2748693938091886,0.55875,0.5913155018492883,0.46887993916848136,0.89525,0.6465308930377368,0.6136565762139259,0,22
0.205,-0.03,0.20333333333333317,0.032532035493357946,0.20849959538539492,0.19400000000000014,0.026092144411688046,0.25490670986370617,0.4031666666666667,0.3555959999093334,0.42828302545025343,0.8959999999999999,0.64568345993589,0.5809640501168118,0,23
0.245,0.04000000000000001,0.22833333333333317,0.020816659994842474,0.22674979769269746,0.20133333333333348,0.03356585566713625,0.2520762213312187,0.31825,0.23127831521980804,0.4000856369194452,0.8546666666666667,0.6545951730495038,0.5540869261074669,0,24
0.198,-0.046999999999999986,0.21599999999999986,0.025357444666362843,0.21237489884634875,0.2071666666666668,0.02818096284137574,0.23662587237944194,0.25125000000000003,0.08605719556838323,0.3689955389318383,0.79875,0.6508145565032494,0.5255999720188695,0,25
0.243,0.044999999999999984,0.22866666666666655,0.02657693235384535,0.22768744942317437,0.21600000000000016,0.029973321470939788,0.23844705169960137,0.24091666666666667,0.07795856514066922,0.34961160986540163,0.7305416666666668,0.6174974021537792,0.50299197425736,0,26
0.198,-0.044999999999999984,0.21299999999999986,0.025980762113680965,0.2128437247115872,0.22066666666666682,0.02266862736618495,0.22689075121400099,0.22083333333333333,0.04730718441181906,0.326286746809186,0.6987083333333333,0.6246973861601807,0.4785926163167712,0,27
0.232,0.034,0.2243333333333332,0.02345918441337872,0.2224218623557936,0.22016666666666682,0.0223196475480002,0.2283505365814293,0.21250000000000002,0.032405106219469446,0.3117810934539266,0.6706249999999999,0.63009991012468,0.4588652070114295,0,28
0.285,0.052999999999999964,0.23833333333333317,0.04384442191819597,0.2537109311778968,0.23350000000000015,0.03285574531189686,0.24453609755816375,0.21375,0.0350094143183412,0.30766092523024563,0.6445833333333333,0.632686674062471,0.44495599045051515,0,29
0.651,0.36600000000000005,0.38933333333333325,0.22815418763051323,0.4523554655889484,0.3011666666666668,0.1744126333344768,0.36066864111297414,0.25125000000000003,0.13060427739064032,0.36048232134866937,0.628875,0.6274114046239305,0.46143951121447396,1,0
0.615,-0.03600000000000003,0.5169999999999999,0.20172258178004007,0.5336777327944742,0.37066666666666687,0.20540950967924143,0.4333347436521244,0.28891666666666665,0.16379946627360867,0.3996388872950279,0.6030833333333333,0.6140346907539304,0.4737243503173161,0,1
0.337,-0.27799999999999997,0.5343333333333332,0.17184101179095207,0.43533886639723707,0.3863333333333335,0.19714326431979948,0.4058105311800888,0.30116666666666664,0.1612055905489828,0.39000213540348516,0.566125,0.6016054110895059,0.4627864022919308,0,2
0.37,0.032999999999999974,0.44066666666666654,0.15187604594977774,0.40266943319861853,0.4150000000000001,0.17560979471544164,0.39557895084292055,0.31783333333333336,0.15668720045965018,0.386924883802949,0.523375,0.5759785482493925,0.45536349010857635,0,3
0.323,-0.046999999999999986,0.3433333333333332,0.024131583730453956,0.36283471659930927,0.43016666666666686,0.15986796635557154,0.3748421077449432,0.32516666666666666,0.15450203489884065,0.377090286294803,0.4419583333333333,0.43917615354272055,0.4447744108998902,0,4
0.37,0.046999999999999986,0.3543333333333332,0.027135462652031716,0.3664173582996546,0.44433333333333347,0.1477371539818813,0.37345864838924514,0.3389166666666667,0.1501153849140138,0.3759994730186795,0.3710416666666667,0.26894180381744165,0.43879245802789907,0,5
0.286,-0.08400000000000002,0.32633333333333314,0.04209908945975046,0.3262086791498273,0.3835000000000001,0.11771618410396961,0.3484704631351751,0.3423333333333333,0.14823834207319572,0.36215340024657494,0.33029166666666665,0.19037571071931317,0.4265690613856672,0,6
0.307,0.02100000000000002,0.32099999999999984,0.043714985988866445,0.31660433957491363,0.3321666666666668,0.033866896324678715,0.3366217593822679,0.35141666666666665,0.14178951001932,0.35366826174710186,0.30133333333333334,0.1255962013641376,0.4170035364748138,0,7
0.271,-0.035999999999999976,0.28799999999999987,0.018083141320221548,0.2938021697874568,0.3211666666666668,0.04177758569695691,0.3178726852730485,0.35375,0.1400630539825288,0.3409500676321631,0.29733333333333334,0.12494091357140592,0.4053232535568287,0,8
0.359,0.08799999999999997,0.3123333333333332,0.044241760061509795,0.32640108489372843,0.31933333333333347,0.03937850513499193,0.32962334662360604,0.36716666666666664,0.131219339853235,0.34372698030413806,0.294,0.12203028847113072,0.4016173932722824,1,0
0.332,-0.02699999999999997,0.3206666666666665,0.045081407845586674,0.32920054244686425,0.32083333333333347,0.03971607567052137,0.33030239044543286,0.3755,0.12487703042303791,0.3419228294881168,0.294,0.12203028847113072,0.3960480018104998,0,1
0.346,0.013999999999999957,0.3456666666666665,0.01350308606726197,0.3376002712234321,0.31683333333333347,0.034660736672301046,0.3347874217467377,0.38058333333333333,0.12206813174568691,0.342550086489945,0.29716666666666663,0.12236604625206238,0.3920441616656598,0,2
0.34,-0.00599999999999995,0.3393333333333332,0.007023769169039142,0.33880013561171607,0.3258333333333335,0.03195882767979077,0.3362767298190984,0.3546666666666667,0.08757784416096613,0.34215776549149196,0.30295833333333333,0.12089718203162535,0.38788062873240703,0,3
0.335,-0.0050000000000000044,0.34033333333333315,0.005507570547885461,0.336900067805858,0.3305000000000002,0.030677353210469056,0.33591194987078454,0.3313333333333333,0.030820103631924344,0.3410565708004932,0.310125,0.11728386689899918,0.3836501784338145,0,4
0.357,0.021999999999999964,0.34399999999999986,0.011532562594955527,0.346950033902929,0.3448333333333335,0.011267948645005858,0.3419371070505604,0.333,0.0316830898401962,0.34350940606195574,0.31708333333333333,0.11477422702159812,0.38151816415910933,0,5
0.327,-0.02999999999999997,0.33966666666666656,0.015534906930520734,0.3369750169514645,0.33950000000000014,0.010784247771627032,0.3376693621789717,0.32941666666666664,0.02947250901912769,0.34096949743703947,0.323625,0.11041810362750847,0.3771567110263806,1,0
0.368,0.04099999999999998,0.3506666666666665,0.021221058723349298,0.35248750847573224,0.34550000000000014,0.014976648490227035,0.3463352586992655,0.33316666666666667,0.03138277852393808,0.3451280362928796,0.32916666666666666,0.10910651623096355,0.3764241741442702,1,0
0.316,-0.05199999999999999,0.3369999999999999,0.027404379212210443,0.3342437542378661,0.3405000000000002,0.019191143790817648,0.3376680419280468,0.32866666666666666,0.02943199660651996,0.34064679994012886,0.33379166666666665,0.10592038813744949,0.37159024021272863,1,0
0.38,0.064,0.3546666666666665,0.034019602192556606,0.35712187711893306,0.34716666666666685,0.025039302439694287,0.34976288709146197,0.3365,0.029552726377906065,0.34670113841087824,0.3394166666666667,0.10457612856989022,0.37226302099571035,1,0
0.346,-0.03400000000000003,0.3473333333333332,0.032020826556162944,0.3515609385594665,0.34900000000000014,0.024363907732541733,0.34868777649390137,0.33975,0.028123510061611345,0.3465932709630508,0.34558333333333335,0.10014420761501946,0.3701619793160535,0,1
0.42,0.07400000000000001,0.38199999999999984,0.03704051835498814,0.38578046927973325,0.35950000000000015,0.038166739446798034,0.3690626974956438,0.3521666666666667,0.02790188437218608,0.35788661389181226,0.3529583333333333,0.09876915517757705,0.37414902097076924,0,2
0.372,-0.04799999999999999,0.37933333333333313,0.03754108860088599,0.3788902346398666,0.36700000000000016,0.03477355316903555,0.3699019267826027,0.35325,0.02843853020118456,0.3600579040623027,0.3602083333333333,0.09312496474077483,0.37397709929310774,0,3
0.417,0.044999999999999984,0.4029999999999998,0.026888659319609355,0.3979451173199333,0.3751666666666668,0.04036045919791274,0.3833585191304305,0.36033333333333334,0.032900216449560066,0.36881822651425616,0.36791666666666667,0.08964272887735653,0.37741893134965915,0,4
0.401,-0.01599999999999996,0.3966666666666665,0.022810816148033996,0.39947255865996667,0.3893333333333335,0.028661239796392776,0.3883989422360218,0.3649166666666667,0.03451339221849811,0.373769268588986,0.37274999999999997,0.08809147913193258,0.37930541684168645,0,5
0.931,0.53,0.5829999999999999,0.30148300117917815,0.6652362793299833,0.4811666666666668,0.22218138235834706,0.5434278158828727,0.41416666666666674,0.16619420913954439,0.45949707342144974,0.3844166666666667,0.13342247925673556,0.42344098349435155,1,0
1.11,0.17900000000000005,0.8139999999999997,0.3686963520296914,0.8876181396649917,0.6085000000000002,0.3245617044569475,0.7053055827734805,0.47875,0.25790947143241694,0.5595744467412267,0.4050416666666667,0.194771768145864,0.47836570481480345,0,1
1.322,0.21199999999999997,1.1209999999999998,0.19573195957737502,1.104809069832496,0.7588333333333335,0.4158487305098635,0.8815039876953432,0.5591666666666667,0.35036807485670096,0.6768706857041149,0.4460833333333334,0.2693216787907468,0.5458564484296192,0,2
1.415,0.09299999999999997,1.282333333333333,0.15632125042146666,1.2599045349162479,0.9326666666666669,0.4391485701521348,1.033931419782388,0.6498333333333334,0.4188989536073538,0.7904290417496357,0.489625,0.3333489896685499,0.6153879325552497,0,3
1.404,-0.01100000000000012,1.380333333333333,0.050816663933496674,1.331952267458124,1.0971666666666668,0.3893941019926521,1.1396652998445627,0.7361666666666666,0.4602504917450034,0.8848245737881533,0.5346666666666667,0.3796693832529951,0.6784768979508298,0,4
1.014,-0.3899999999999999,1.2776666666666665,0.22840826021256527,1.1729761337290618,1.1993333333333334,0.20870042325463456,1.1037609284604017,0.7943333333333333,0.44621505889859975,0.9046977162822836,0.5615,0.3901386598544715,0.7053187461147634,0,5
0.789,-0.22499999999999998,1.0689999999999997,0.31116715765003145,0.980988066864531,1.1756666666666666,0.2493147943196787,1.0138292346145725,0.8284166666666667,0.4268918232853386,0.8868980676234708,0.5824583333333334,0.3882010885416565,0.7120132464255824,0,6
0.744,-0.04500000000000004,0.8489999999999998,0.14465476141489989,0.8624940334322655,1.114666666666667,0.306753103760441,0.9367351675818375,0.8615833333333334,0.40065887969542086,0.8649137495275523,0.6006666666666667,0.38495416629116647,0.7145721867115359,0,7
0.834,0.08999999999999997,0.7889999999999997,0.04500000000002397,0.8482470167161327,1.0333333333333334,0.30547776787626324,0.9073822625584553,0.8960833333333333,0.37625969231450734,0.860157788061775,0.6241249999999999,0.3811265124315814,0.724126411774613,0,8
0.713,-0.121,0.7636666666666664,0.06285167725157162,0.7806235083580664,0.9163333333333336,0.2613018688541369,0.8518444732560395,0.9245,0.34462773064173796,0.8375181283599635,0.638875,0.3772501548678616,0.723236298832644,0,9
0.271,-0.44199999999999995,0.6059999999999998,0.2963595788902458,0.5258117541790333,0.7275000000000001,0.24741927976614633,0.6858889094685996,0.9123333333333333,0.36608253747266595,0.7503614932276614,0.6363333333333333,0.3796057069560766,0.6870573949260325,0,10
0.245,-0.026000000000000023,0.4096666666666664,0.2630158423618983,0.3854058770895166,0.5993333333333335,0.2676734328742128,0.5599206496204283,0.8993333333333333,0.3880047641069612,0.6726135711926365,0.6321249999999999,0.38350413097939423,0.6516928033319498,0,11
0.265,0.020000000000000018,0.26033333333333314,0.013613718571363275,0.32520293854475835,0.5120000000000001,0.2786711323406128,0.47565760687173453,0.8438333333333333,0.4285745577086365,0.609903791009154,0.629,0.3862835183149012,0.6207573790653939,0,12
0.215,-0.05000000000000002,0.24166666666666645,0.025166114784377247,0.27010146927237916,0.4238333333333335,0.27423815683939085,0.40118400490838185,0.76925,0.45509961447018527,0.5491493616231303,0.624,0.3910022795441161,0.5882967887401623,0,13
0.275,0.060000000000000026,0.2516666666666664,0.03214550253675249,0.2725507346361896,0.33066666666666683,0.18860929634211207,0.3651314320774156,0.682,0.43959402758785476,0.5069725367580333,0.6205833333333334,0.39378518936384377,0.5632330456409493,0,14
0.203,-0.07200000000000001,0.2309999999999998,0.038574603044065334,0.23777536731809482,0.2456666666666668,0.03045433740318388,0.3188081657695826,0.5810000000000001,0.39259185375701133,0.46020753110295126,0.6154166666666666,0.39858880595406027,0.5344144019896735,1,0
0.267,0.064,0.24833333333333316,0.039463062898619394,0.2523876836590474,0.24500000000000013,0.029826163011696633,0.304005832692559,0.48625,0.30285733965321276,0.43048329554865106,0.6112083333333334,0.4018345949102269,0.5130212498304997,1,0
0.205,-0.06200000000000003,0.22499999999999978,0.036386810797420385,0.22869384182952368,0.2383333333333335,0.03400392134250095,0.2757184519232564,0.41883333333333334,0.2619836335392496,0.3957935577719355,0.6065833333333334,0.4059973138341917,0.48837954984405973,0,1
0.251,0.04600000000000001,0.2409999999999998,0.03218695387897283,0.23984692091476184,0.23600000000000013,0.03224282866003436,0.2686560370880403,0.37400000000000005,0.23779555772287048,0.3735176258070223,0.6012083333333333,0.4099620320878784,0.46938918585653494,0,2
0.216,-0.035,0.22399999999999978,0.024020824299080108,0.22792346045738093,0.23616666666666683,0.0321148978928316,0.25361145506288596,0.33,0.2103775826287849,0.34928414491363424,0.5957916666666666,0.41431630210312176,0.44911805098801216,0,3
0.243,0.026999999999999996,0.23666666666666647,0.018339392938167158,0.23546173022869046,0.23083333333333347,0.026551208384309334,0.25057961075920426,0.28075,0.1385943229848918,0.3329327380038444,0.5884166666666667,0.41912890169002126,0.4326286069089712,0,4
0.207,-0.036000000000000004,0.22199999999999978,0.018734993995389894,0.22123086511434523,0.23150000000000015,0.02575072814505154,0.23812829339943162,0.23858333333333334,0.02788762623412057,0.31355847061863756,0.5815416666666667,0.42415624471123337,0.41457831835625353,0,5
0.316,0.10900000000000001,0.25533333333333313,0.05553677460332322,0.26861543255717263,0.23966666666666683,0.04194122872147389,0.2603773524281654,0.24233333333333332,0.034809437940036714,0.31393409052346255,0.5773333333333334,0.42635509457102316,0.4066920528877533,1,0
0.321,0.0050000000000000044,0.28133333333333316,0.06442308075014802,0.2948077162785863,0.2590000000000002,0.048920343416622165,0.277698108877261,0.24866666666666667,0.04159181154846541,0.31502115351985294,0.574,0.4281027913947764,0.399836688656733,0,1
0.382,0.061,0.3396666666666664,0.03674688195397764,0.3384038581392932,0.28083333333333343,0.06952817174834121,0.30749864919804354,0.2584166666666667,0.056728152916674164,0.3253255914398756,0.551125,0.42283271566280445,0.39840975356419434,0,2
0.531,0.14900000000000002,0.41133333333333316,0.10802931700857378,0.4347019290696466,0.3333333333333335,0.11490285752176327,0.37135617799860254,0.28475,0.09510484644951564,0.35696780814143325,0.527,0.4057311167884886,0.40901697327905884,0,3
0.303,-0.22800000000000004,0.40533333333333316,0.11577708466418986,0.3688509645348233,0.3433333333333335,0.10786411204226636,0.3518258414275733,0.28708333333333336,0.09518733522839533,0.3486650684273666,0.48454166666666665,0.37072748448641174,0.4005356154167341,1,0
0.208,-0.095,0.3473333333333331,0.16600100401304657,0.28842548226741166,0.34350000000000014,0.10761180232669612,0.3107327438768381,0.28750000000000003,0.09479595311655897,0.3270242886693102,0.43425,0.3169909133247108,0.38513276618339537,0,1
0.294,0.086,0.26833333333333315,0.052443620520900444,0.2912127411337058,0.3398333333333335,0.10910071799335971,0.30595195991202717,0.28975,0.09458533905231019,0.3219436288740317,0.38800000000000007,0.241285686704983,0.37784214488872375,0,2
0.231,-0.06299999999999997,0.2443333333333331,0.04452340208632337,0.26110637056685293,0.3248333333333335,0.11802951608248956,0.28453711422287653,0.29191666666666666,0.09274741685533586,0.3079523013549499,0.35537500000000005,0.20283422498702366,0.36609477329762585,0,3
0.284,0.052999999999999964,0.26966666666666644,0.03385754470336262,0.2725531852834264,0.30850000000000016,0.11528529828213162,0.2843836530163404,0.2946666666666667,0.09190937565524764,0.3042673319157268,0.33433333333333337,0.18090320896681836,0.35952719143381584,0,4
0.243,-0.04099999999999998,0.2526666666666665,0.02779088579625249,0.2577765926417132,0.2605000000000001,0.03850584371235409,0.2725597521545289,0.29691666666666666,0.09012159294617246,0.29484158854407655,0.31345833333333334,0.15917640724425217,0.3502050161191106,0,5
0.266,0.02300000000000002,0.26433333333333314,0.020550750189232657,0.26188829632085664,0.25433333333333347,0.03289174161802517,0.2706855372532349,0.29883333333333334,0.08910956823775565,0.2904044210757571,0.28979166666666667,0.11432219122198774,0.3434686148295818,0,6
0.196,-0.07,0.2349999999999998,0.03567912554992303,0.22894414816042832,0.25233333333333346,0.03644539294159052,0.24934681232373923,0.29791666666666666,0.09019016105717537,0.2758806639871791,0.26825,0.07197659643788568,0.3316711256432152,0,7
0.201,0.0050000000000000044,0.22099999999999984,0.03905124837962665,0.21497207408021418,0.23683333333333348,0.03492515807647826,0.23553343737409943,0.28833333333333333,0.09411823640637632,0.2643605618353054,0.26533333333333337,0.07326703195171852,0.32121743559175797,0,8
0.23,0.028999999999999998,0.20899999999999982,0.018357559750887337,0.2224860370401071,0.2366666666666668,0.03496093057495746,0.23395245526721387,0.28075,0.09490964602765652,0.2590743215529507,0.2647083333333333,0.0735115957529462,0.3139200407444174,0,9
0.255,0.024999999999999994,0.2286666666666665,0.027024680078412754,0.23874301852005356,0.23183333333333347,0.02851958391468946,0.23996603947658135,0.27016666666666667,0.0895207780181444,0.25844750285249674,0.26429166666666665,0.07353820608107625,0.309206437484864,0,10
0.258,0.0030000000000000027,0.24766666666666648,0.015373136743696553,0.24837150926002677,0.2343333333333335,0.03029631440731701,0.24511859962612953,0.2474166666666667,0.035747748392811945,0.25837865625980494,0.26608333333333334,0.07280522954620096,0.3051099224860749,0,11
0.257,-0.0010000000000000009,0.2566666666666665,0.001527525233937021,0.2526857546300134,0.23283333333333348,0.0285896251578612,0.2485132854472354,0.24358333333333335,0.031454030911957045,0.258166555296758,0.26533333333333337,0.07280209425240378,0.3012611286871889,0,12
0.253,-0.0040000000000000036,0.25599999999999984,0.0026457513123849933,0.2528428773150067,0.2423333333333335,0.02278303462374962,0.24979520389088242,0.24733333333333332,0.0294443491518147,0.25737170063571835,0.2674166666666667,0.07164703135126343,0.2974002383922138,0,13
0.261,0.008000000000000007,0.25699999999999984,0.00400000000087226,0.2569214386575034,0.25233333333333346,0.011272385136559862,0.25299657420777316,0.24458333333333335,0.02603305008972214,0.25792990053791554,0.2671666666666667,0.07165901543248604,0.29448821932083674,0,14
0.206,-0.05500000000000002,0.2399999999999998,0.029715315916327218,0.23146071932875167,0.2483333333333335,0.02091570382910773,0.23956898157698084,0.24250000000000002,0.028134417615258145,0.2499406850705439,0.2672083333333333,0.07162157749113385,0.2874091617751698,1,0
0.199,-0.0069999999999999785,0.22199999999999984,0.03395585369280662,0.21523035966437584,0.23900000000000013,0.02847455004034868,0.22797784398355775,0.23541666666666664,0.027427452516037152,0.24210365659815253,0.2650416666666667,0.07290820861917828,0.2803364288331562,0,1
0.271,0.07200000000000001,0.22533333333333316,0.039703064533365605,0.24311517983218794,0.24116666666666683,0.030622976123606593,0.24026988855968412,0.23775000000000002,0.029260973077784982,0.24654924789074445,0.2673333333333333,0.07216024840086828,0.27958951452650366,1,0
0.289,0.01799999999999996,0.25299999999999984,0.04762352359923627,0.26605758991609396,0.24650000000000016,0.036209114874576696,0.25419277754263153,0.23966666666666667,0.03191275986856271,0.2530801328306299,0.26925000000000004,0.07209670438104883,0.28034235336438335,0,1
0.329,0.040000000000000036,0.29633333333333317,0.029687258771061473,0.29752879495804696,0.2591666666666668,0.0497128420699009,0.2755662696733082,0.25075,0.037902086773981755,0.2647601123951484,0.2743333333333334,0.07181719950629642,0.2842349650952327,0,2
0.371,0.04199999999999998,0.3296666666666665,0.04100406483922873,0.3342643974790235,0.27750000000000014,0.06759215930860746,0.3028330497666487,0.26491666666666663,0.048033053644635657,0.2811047104882025,0.27662499999999995,0.0740474656819036,0.2911761678876141,0,3
0.444,0.07300000000000001,0.38133333333333314,0.05819221024621092,0.38913219873951177,0.3171666666666668,0.08486793662312453,0.34316646411903484,0.28275,0.06902848555622493,0.30616552425924826,0.28175,0.08116662946759635,0.30340207445660494,0,4
0.325,-0.119,0.37999999999999984,0.0600083327547591,0.35706609936975586,0.3381666666666668,0.062393642838566514,0.3379760457993106,0.28858333333333336,0.06942681998577671,0.30906313591167156,0.279375,0.07890820891885872,0.3051299085000766,0,5
0.899,0.5740000000000001,0.5559999999999998,0.3029471901173608,0.6280330496848779,0.44283333333333347,0.22967665677353066,0.49826860414236473,0.342,0.18840333909414153,0.39982265346372214,0.2947083333333333,0.14114238237130944,0.35263951582007047,1,0
1.671,0.772,0.9649999999999999,0.675422830529144,1.149516524842439,0.6731666666666669,0.5348204994824575,0.8333347172445462,0.45983333333333337,0.4245696930333437,0.595388399084688,0.3517083333333333,0.3144575009878694,0.45810835455446486,0,1
2.966,1.2950000000000002,1.8453333333333333,1.0444694027750772,2.0577582624212196,1.112666666666667,1.040176651663872,1.442667655174676,0.6859166666666666,0.8316238724035752,0.9600978761485821,0.466625,0.6175424514540079,0.6587396861901077,0,2
2.592,-0.3740000000000001,2.4096666666666664,0.6664760560840284,2.3248791312106096,1.4828333333333337,1.1158902126404113,1.7710483251247684,0.8801666666666668,0.9819916527448733,1.2111597413564925,0.5623750000000001,0.7529257606742886,0.8134005112948991,0,3
2.218,-0.3740000000000001,2.592,0.37399999999998107,2.271439565605305,1.7785000000000004,1.0161532856808537,1.8987488036605489,1.0478333333333334,1.0271467836446337,1.3660582426862629,0.6451666666666667,0.8210654089639272,0.9257684703913073,0,4
1.355,-0.863,2.0549999999999997,0.6344044451294386,1.8132197828026524,1.9501666666666668,0.7813719771444715,1.7433920026146779,1.1441666666666668,0.9939730957885711,1.364356974580684,0.6897916666666667,0.829642195227225,0.9601069927600028,0,5
2.97,1.6150000000000002,2.1809999999999996,0.8081355084390178,2.3916098914013264,2.2953333333333337,0.6742372480563938,2.093851430439056,1.3690833333333334,1.0800675448855739,1.6113789784913481,0.8034166666666667,0.9445706140503928,1.1208984333392027,1,0
3.088,0.11799999999999988,2.471,0.9682835328559436,2.739804945700663,2.5315,0.6598271743418814,2.3778938788850397,1.6023333333333332,1.1268311427371998,1.838551443338833,0.9209999999999999,1.0450628855636432,1.2782665586720665,0,1
1.29,-1.798,2.449333333333333,1.0057441689283217,2.0149024728503315,2.252166666666667,0.7824613515482151,2.067067056346457,1.6824166666666667,1.0602935664096502,1.7541589135943971,0.9665833333333333,1.035883698217075,1.279205233978301,1,0
0.374,-0.916,1.5839999999999999,1.3806795428338885,1.1944512364251658,1.8825000000000003,1.0633279362454435,1.5833336116760406,1.6826666666666668,1.0599565457073594,1.541826773041413,0.9737916666666667,1.030914662649953,1.206788815260037,0,1
0.243,-0.131,0.6356666666666665,0.5704422261135107,0.718725618212583,1.5533333333333335,1.2311480279262368,1.2003811511971718,1.6659166666666667,1.0826551921787073,1.3420072694965801,0.9743333333333334,1.0305102014838663,1.129685710039234,0,2
0.243,0.0,0.2866666666666665,0.07563288526389111,0.4808628091062915,1.368,1.3453753379633493,0.9268436794265513,1.6590833333333335,1.0921055109144426,1.1729292280355677,0.9738333333333333,1.0308772400523598,1.0587508532360952,0,3
0.218,-0.024999999999999994,0.2346666666666665,0.01443375673002026,0.34943140455314575,0.9093333333333335,1.144029661620128,0.7243169138761081,1.6023333333333334,1.1512833418986537,1.026017039107019,0.9721666666666667,1.032116469104675,0.9914907849772077,0,4
0.256,0.038000000000000006,0.23899999999999985,0.01931320791603589,0.30271570227657285,0.4373333333333335,0.42132441973693635,0.5905120813400773,1.484416666666667,1.2143472963121404,0.9075528792444005,0.9721250000000001,1.0321466154910188,0.9326515221790311,0,5
0.206,-0.05000000000000002,0.2266666666666665,0.026102362600758593,0.2543578511382864,0.2566666666666668,0.06033793720924518,0.4806514866714837,1.2544166666666665,1.16874030542082,0.7996216670529542,0.9701666666666667,1.0336139076777786,0.8745194004047088,0,6
0.257,0.05100000000000002,0.2396666666666665,0.029160475533525833,0.2556789255691432,0.23716666666666678,0.020759736671424476,0.41675106190820266,1.0598333333333334,1.1191251317909277,0.716141410583269,0.9699999999999999,1.0337335456868277,0.8251178483723322,1,0
0.196,-0.061,0.21966666666666654,0.032715949219632105,0.2258394627845716,0.22933333333333347,0.026257697284166322,0.35367932993443046,0.8913333333333333,1.0804461480276932,0.6361196551089199,0.9695833333333334,1.0340568446516925,0.7747884205025456,1,0
0.259,0.063,0.23733333333333317,0.03580968211729029,0.2424197313922858,0.23200000000000018,0.028628656971647116,0.32662809281030747,0.8000000000000002,1.084006038225384,0.5781012466306246,0.9720833333333334,1.0321836673714642,0.7335253468623419,1,0
0.208,-0.05100000000000002,0.22099999999999986,0.03345145736747803,0.22520986569614287,0.23033333333333347,0.029870833042734374,0.2927343520073625,0.5698333333333333,0.8491495032018103,0.5211625933028362,0.9694583333333333,1.0341224374220443,0.6914833191133546,0,1
0.237,0.028999999999999998,0.2346666666666665,0.025579940057424005,0.23110493284807143,0.22716666666666677,0.02752029554105339,0.27681025143383037,0.33225,0.30508840000594084,0.47744527125624603,0.9672916666666667,1.0356634285900224,0.6551246535842862,0,2
0.218,-0.01899999999999999,0.22099999999999986,0.01473091986293456,0.2245524664240357,0.22916666666666682,0.02607233527451877,0.260007322452736,0.24291666666666667,0.046584153242672593,0.43753061413990046,0.9626666666666668,1.0388806545954898,0.6201546812975434,0,3
0.234,0.016000000000000014,0.22966666666666655,0.010214368964427107,0.22927623321201784,0.2253333333333335,0.022624470527880424,0.2525766588948114,0.23124999999999998,0.021604397700549588,0.4062182119645311,0.9569583333333332,1.0426426074566768,0.5892623067937399,0,4
0.291,0.05699999999999997,0.2476666666666665,0.03837099599099927,0.26013811660600894,0.24116666666666683,0.030022769137221027,0.2635547563534367,0.23525,0.02759158303811059,0.3884923332007571,0.9505833333333333,1.0463763940241648,0.5654013222502408,0,5
0.329,0.038000000000000034,0.28466666666666646,0.04781561809012759,0.2945690583030045,0.25283333333333347,0.047088922972041196,0.28225339739531197,0.2424166666666667,0.03871447540732119,0.37933966655448675,0.9507500000000001,1.0462727323383625,0.5464892164702215,0,6
0.672,0.343,0.43066666666666653,0.2098626534982811,0.4832845291515023,0.33016666666666683,0.1725658328484134,0.39360956956808,0.28025000000000005,0.12907230179597953,0.4243643332384119,0.9412916666666667,1.0477858426708433,0.5565300791526039,0,7
1.775,1.1029999999999998,0.9253333333333332,0.7555543218944187,1.1291422645757512,0.5865000000000001,0.6055604841797382,0.7882925496914857,0.4068333333333333,0.4497136125728642,0.6321544358171178,0.945625,1.0511445857813242,0.6540076728203956,0,8
0.358,-1.4169999999999998,0.9349999999999997,0.7442103197349533,0.7435711322878755,0.6098333333333336,0.5910449785478813,0.6653518212082041,0.41950000000000004,0.4456650801177567,0.589976830306792,0.8369583333333334,0.9644281693524819,0.630327058994764,1,0
0.23,-0.12799999999999997,0.7876666666666664,0.8574475688538258,0.48678556614393775,0.6091666666666669,0.5915557172969133,0.5409655865772887,0.41724999999999995,0.446627183352171,0.5345957794903625,0.7385416666666668,0.895606812951865,0.598300894275183,0,1
0.289,0.05899999999999997,0.29233333333333317,0.06406507108667804,0.38789278307196884,0.6088333333333334,0.5917713804051913,0.46897541898377765,0.425,0.4432329574224568,0.4968118134149221,0.6581666666666667,0.8420165580663903,0.5735568227331683,0,2
0.235,-0.05399999999999999,0.2513333333333332,0.032715949219631515,0.3114463915359844,0.5931666666666668,0.6018203774106238,0.4021252992741269,0.423,0.444103386816427,0.4565330728895495,0.6115,0.8327022537967942,0.5464722769145149,0,3
0.285,0.04999999999999999,0.2696666666666665,0.03008875759052424,0.29822319576799217,0.5286666666666667,0.6123282344189803,0.36866092805294776,0.4294166666666667,0.4412617154423827,0.43014336936808034,0.499625,0.6656717961708991,0.5255544947613539,0,4
0.204,-0.08099999999999999,0.24133333333333318,0.04086971168654858,0.25111159788399606,0.2668333333333335,0.055589267549290826,0.3216149486092484,0.4266666666666667,0.44267047734760256,0.3953520817729911,0.3794583333333333,0.3749135528377827,0.49983013518044556,0,5
0.213,0.009000000000000008,0.23399999999999985,0.04439594576094019,0.23205579894199801,0.2426666666666668,0.036147844564603265,0.2905821061494631,0.42625,0.4428870418269027,0.36729791534637707,0.3345833333333334,0.32189492164324324,0.47688372436600995,0,6
0.201,-0.011999999999999983,0.20599999999999985,0.006244997999088259,0.216527899470999,0.23783333333333345,0.039922007297563754,0.2649872186781879,0.42350000000000004,0.44428952476756045,0.34171362067770367,0.327375,0.3229093037963763,0.45481302641672916,0,7
0.237,0.035999999999999976,0.21699999999999986,0.018330302780055478,0.22676394973549951,0.22916666666666682,0.031307613557516045,0.25699087048441993,0.419,0.44602364389020205,0.3256038328811338,0.327125,0.32297978298554675,0.4373879843033908,0,8
0.273,0.03600000000000003,0.23699999999999988,0.036000000000115516,0.24988197486774977,0.23550000000000015,0.0361870142454455,0.2615649074888714,0.4143333333333334,0.4473419138408459,0.3175109355148055,0.32837500000000003,0.32269797597080113,0.4242369455591196,0,9
0.245,-0.028000000000000025,0.2516666666666665,0.018903262505226677,0.24744098743387488,0.22883333333333347,0.02800297603232136,0.25683207677776526,0.37875,0.4419327643226073,0.3063554069740662,0.3295,0.32234332223780277,0.4098979899143901,0,10
0.279,0.03400000000000003,0.26566666666666655,0.018147543451976486,0.26322049371693745,0.24133333333333348,0.031251666622225505,0.2631657691269752,0.2540833333333334,0.04501001572044805,0.3021468828242099,0.33045833333333335,0.3221494359113028,0.3994261507212389,0,11
0.232,-0.047000000000000014,0.25199999999999984,0.02426932219919156,0.24761024685846872,0.24450000000000013,0.028661821295933837,0.25426126366212515,0.24358333333333335,0.031116959226740928,0.29135505469740836,0.3315416666666667,0.32175618357176333,0.3860320586635398,0,12
0.305,0.07299999999999998,0.27199999999999985,0.03700000000010781,0.27630512342923436,0.26183333333333353,0.028540614335831254,0.2687580454729465,0.24983333333333335,0.03538061444903636,0.2934542770516532,0.3335416666666666,0.32142170311272333,0.3795494939704566,1,0
0.22,-0.08499999999999999,0.25233333333333313,0.04600362304581566,0.2481525617146172,0.2590000000000002,0.0321185304769692,0.25482717533781896,0.24408333333333332,0.034017263888028185,0.28215361904370656,0.3345416666666667,0.3210122548340215,0.3667855344528201,1,0
0.289,0.06899999999999998,0.27133333333333315,0.04517004907393081,0.26857628085730856,0.2616666666666668,0.03411549012789728,0.2645908395270135,0.24858333333333335,0.03620762936517539,0.28320690842159785,0.33579166666666665,0.3207636240851376,0.36056269169659444,1,0
0.249,-0.03999999999999998,0.25266666666666654,0.03464582706967028,0.2587881404286543,0.2623333333333335,0.033761911478271706,0.2601363139478668,0.24558333333333335,0.03436027921717585,0.2779443071259674,0.33749999999999997,0.32016205135904907,0.3516376763608669,0,1
0.305,0.055999999999999994,0.28099999999999986,0.028844410203848734,0.2818940702143271,0.26666666666666683,0.03776064971192419,0.272954509962762,0.254,0.035596220432714126,0.2821067214142801,0.3403333333333334,0.31953426252521944,0.34790666225199757,0,2
0.304,-0.0010000000000000009,0.28599999999999987,0.03204684071804653,0.2929470351071636,0.27866666666666684,0.03593698188032212,0.2818246499734014,0.26158333333333333,0.03576046149120621,0.2854749181197755,0.34391666666666665,0.3185835385177526,0.34439412927183777,0,3
0.302,-0.0020000000000000018,0.30366666666666653,0.0015275252341645548,0.29747351755358176,0.2781666666666668,0.0355157242171211,0.2875890356952867,0.27,0.03188045853445398,0.2880172384090408,0.34675000000000006,0.3178650588727448,0.3410025989300908,0,4
0.407,0.10499999999999998,0.3376666666666665,0.06005275458578631,0.35223675877679084,0.30933333333333346,0.05233227175143934,0.3217064540680619,0.2841666666666667,0.049037709670215195,0.30632227865380374,0.35158333333333336,0.31786241440716645,0.3462823910156835,1,0
0.45,0.04300000000000004,0.3863333333333332,0.07613365440684042,0.40111837938839545,0.3361666666666668,0.07582457824918254,0.3583617529057585,0.29891666666666666,0.06823549907003408,0.3284265434762955,0.35662499999999997,0.3184477040541993,0.35457979973442877,0,1
0.412,-0.038000000000000034,0.4229999999999998,0.02351595203274846,0.4065591896941977,0.36333333333333345,0.06703929196125445,0.3736869663612561,0.31283333333333335,0.07309624207894574,0.3412839983260962,0.34579166666666666,0.311601331018905,0.35917341575567446,0,2
0.351,-0.061,0.4043333333333332,0.049943301185845106,0.37877959484709883,0.37100000000000016,0.061429634542292555,0.36720497597232576,0.3188333333333333,0.07302158252978858,0.34277876781438904,0.2864583333333333,0.06791745576139477,0.3585195424952205,0,3
0.413,0.062,0.39199999999999985,0.03551056180922543,0.3958897974235494,0.3891666666666668,0.05322186267565453,0.3802892685516613,0.33391666666666664,0.07214311323946268,0.35358203430448304,0.28875,0.07128098105995127,0.3628779790956029,0,4
0.354,-0.059,0.3726666666666665,0.03496188400730622,0.3749448987117747,0.3978333333333335,0.03834275246596414,0.37277804896547234,0.338,0.07174322901217954,0.35364633671917794,0.29391666666666666,0.07133138626625897,0.36216774076795466,0,5
0.411,0.056999999999999995,0.3926666666666665,0.03350124375810768,0.3929724493558874,0.39850000000000013,0.038568121551347694,0.38369860640390885,0.35391666666666666,0.06394807315790779,0.3624699772239198,0.299,0.0752075389375497,0.3660743215065183,0,6
0.368,-0.04299999999999998,0.37766666666666654,0.029704096238402672,0.3804862246779437,0.3848333333333335,0.03031446299485183,0.3792132902885063,0.3605,0.060638271743207184,0.3633207499587014,0.30454166666666665,0.07518671203521433,0.3662283757859969,0,7
0.395,0.027000000000000024,0.39133333333333314,0.021733231083761125,0.38774311233897185,0.3820000000000001,0.027971413979267903,0.3837237787775045,0.3726666666666667,0.04993510940729118,0.36819448073428585,0.309125,0.07726763904428452,0.3685301057231172,0,8
0.31,-0.08500000000000002,0.3576666666666665,0.04343193909256726,0.34887155616948595,0.3751666666666668,0.03963542186815061,0.3626598419839318,0.37308333333333327,0.049336430083015935,0.3592414836982419,0.31354166666666666,0.07395590881920759,0.3638476972652678,1,0
0.312,0.0020000000000000018,0.3389999999999998,0.04850773134261497,0.330435778084743,0.35833333333333345,0.041745259211871305,0.34818560141709415,0.37375,0.04836250425882433,0.3519735631292816,0.31766666666666665,0.07079773188866503,0.35969988148404636,0,1
0.324,0.01200000000000001,0.3153333333333332,0.007571877794897441,0.3272178890423715,0.3533333333333335,0.044098374875570445,0.34127542958363866,0.3755833333333333,0.04574128497886922,0.34766993803246904,0.32279166666666664,0.06629379875691829,0.35684389096532265,0,2
0.222,-0.10200000000000001,0.28599999999999987,0.05574943945913536,0.2746089445211857,0.32183333333333347,0.05948585265982532,0.30719673541688475,0.3601666666666667,0.06235067008949545,0.3283361014120892,0.32216666666666666,0.06720226876777169,0.3460563796880968,0,3
0.383,0.161,0.30966666666666653,0.08145141701247997,0.32880447226059284,0.32433333333333353,0.062073075215156204,0.32885481101206054,0.3545833333333333,0.056279268479690864,0.33674593196407543,0.32675,0.06745384895712053,0.3490118693130491,1,0
0.775,0.392,0.4599999999999998,0.2844274951547515,0.5519022361302964,0.3876666666666668,0.19662417620085845,0.4563248650086147,0.38483333333333336,0.13393134831177125,0.40416963473883305,0.34883333333333333,0.1117433653965395,0.3830909197680052,0,1
0.408,-0.36700000000000005,0.5219999999999999,0.21946070263262538,0.47995111806514823,0.40400000000000014,0.19291759898982652,0.442517760720439,0.38958333333333334,0.13363277927579226,0.4047589217020895,0.3542083333333333,0.11134005067385944,0.38508364618656477,0,2
0.393,-0.014999999999999958,0.5253333333333332,0.21634771395450175,0.4364755590325741,0.4175000000000002,0.1879624962592258,0.4283698290860279,0.3879166666666667,0.1334387556714856,0.40294985682484497,0.3609166666666667,0.10846995844037921,0.3857169544916396,0,3
0.398,0.0050000000000000044,0.39966666666666656,0.007637626158700916,0.41723777951628704,0.42983333333333346,0.18296165354157162,0.4196927350614485,0.39158333333333334,0.13302594301546755,0.4021883403902535,0.3647916666666667,0.10804587558941657,0.3866995981323084,0,4
0.396,-0.0020000000000000018,0.39566666666666656,0.0025166114797700086,0.40661888975814353,0.4588333333333335,0.155099215557868,0.41292338218674896,0.39033333333333337,0.13289731739090851,0.40123628802252215,0.37212500000000004,0.10367562813682323,0.38744363028172374,0,5
0.381,-0.015000000000000013,0.39166666666666655,0.009291573243544257,0.39380944487907177,0.45850000000000013,0.15529681258802236,0.40380241584767784,0.3914166666666667,0.13275161929048296,0.39812301294213415,0.37595833333333334,0.10215822304754289,0.38692813985918584,0,6
0.404,0.02300000000000002,0.39366666666666655,0.011676186592382341,0.3989047224395359,0.3966666666666668,0.009416297927858816,0.40385886846262703,0.3921666666666667,0.13279911920117907,0.39902716479719047,0.3824166666666666,0.0986213296739925,0.388293888670451,1,0
0.395,-0.009000000000000008,0.39333333333333326,0.011590225767435777,0.39695236121976796,0.39450000000000013,0.007609204951868402,0.4013277631875908,0.39924999999999994,0.130260665241253,0.3984076009822381,0.3861666666666667,0.09725120616963537,0.38883037757681493,0,1
0.387,-0.008000000000000007,0.39533333333333326,0.008504900548513997,0.391976180609884,0.3935000000000002,0.0082158383625496,0.3972341165625648,0.4055,0.12746300711116548,0.39665258544650916,0.38962499999999994,0.09566509176605825,0.38868394737066975,0,2
0.326,-0.061,0.36933333333333324,0.03774034092771755,0.358988090304942,0.3815000000000002,0.02831783890058665,0.3768815118304034,0.4056666666666666,0.1273480080390659,0.385782956916277,0.390625,0.09483111418406384,0.3836692315810162,1,0
0.403,0.07700000000000001,0.3719999999999999,0.040632499307906175,0.38099404515247104,0.3826666666666669,0.02916619047229586,0.38434393702171676,0.42075,0.11359267341931972,0.3884317327753113,0.39045833333333335,0.0948045949935113,0.3852156930545349,1,0
0.465,0.062,0.39799999999999985,0.06963476143426327,0.4229970225762355,0.3966666666666669,0.044392191505558724,0.4073885264440834,0.42758333333333337,0.113581735354164,0.40021146619449416,0.3910833333333333,0.09526252818061239,0.39159843761017216,0,1
0.993,0.528,0.6203333333333333,0.3242242022633999,0.7079985112881177,0.4948333333333335,0.24802936654087132,0.5747060903172024,0.44575000000000004,0.17501850551507386,0.49140970216457197,0.41529166666666667,0.1555530048531376,0.43971056260135843,1,0
0.706,-0.28700000000000003,0.7213333333333333,0.26433375367768897,0.7069992556440589,0.5466666666666669,0.2553810225264707,0.6122186359408588,0.47058333333333335,0.1897009408772121,0.5244235941392532,0.4300833333333333,0.16572001444727638,0.46101371759324977,0,1
0.375,-0.33099999999999996,0.6913333333333331,0.30926094699030043,0.5409996278220295,0.5446666666666667,0.2569238538296235,0.5444418828148991,0.4690833333333333,0.19043990144034578,0.5014353488870604,0.42850000000000005,0.16607148801174293,0.4541326201857898,0,2
0.373,-0.0020000000000000018,0.4846666666666666,0.19168289786347473,0.45699981391101474,0.5525000000000001,0.24953376525031448,0.49545848772492795,0.467,0.1914224267282912,0.4816760644428973,0.4292916666666667,0.16574587126254275,0.4476420105709266,0,3
0.362,-0.01100000000000001,0.3699999999999999,0.0070000000005008,0.40949990695550736,0.5456666666666669,0.25494914525580537,0.4573274912320914,0.46416666666666667,0.1928154243798728,0.4632643622209131,0.42724999999999996,0.1662819109616051,0.4407906497252525,0,4
0.389,0.027000000000000024,0.37466666666666654,0.013576941236534152,0.3992499534777537,0.5330000000000001,0.26156070041196766,0.4378053508800653,0.4648333333333334,0.19251532800053636,0.45183907572538806,0.42812500000000003,0.1660116058017308,0.4366473977472323,0,5
0.32,-0.069,0.35699999999999993,0.03477067730152997,0.35962497673887683,0.42083333333333356,0.14166921566334068,0.4041466792000466,0.4578333333333333,0.19641599330055848,0.4315561409984053,0.42500000000000004,0.16736266271054875,0.42731560592745377,0,6
0.721,0.40099999999999997,0.47666666666666657,0.21439294142610982,0.5403124883694383,0.4233333333333335,0.14771143038595938,0.49467619942860475,0.48500000000000004,0.20907241024887815,0.4760859654601891,0.44212500000000005,0.17589381987314087,0.4508103574532575,1,0
2.262,1.541,1.101,1.025251676419015,1.4011562441847192,0.7378333333333336,0.7607878591740704,0.9996258567347176,0.64125,0.5507004011422033,0.7508419707740062,0.523375,0.4090372378604685,0.5957055288569969,1,0
2.543,0.28100000000000014,1.8419999999999999,0.9809286416452491,1.9720781220923596,1.0995000000000001,1.0232006157152163,1.4405898976676554,0.8260000000000001,0.765367410285592,1.0265585906549282,0.6158333333333333,0.5779323464744374,0.7514890865484372,0,1
1.837,-0.7060000000000002,2.214,0.35543916497762335,1.9045390610461799,1.3453333333333335,0.9871264694387762,1.553849926905468,0.9455,0.804277710970307,1.1512418844003238,0.683125,0.6223937180092608,0.8383299596245622,0,2
0.402,-1.435,1.5939999999999996,1.0909890008611436,1.15326953052309,1.3475000000000001,0.9846186571460023,1.22474994778962,0.9402500000000001,0.8078968346605561,1.0359739021848893,0.6839166666666667,0.6220073337095037,0.8034235628545973,0,3
0.402,0.0,0.8803333333333332,0.8284976362871148,0.777634765261545,1.3611666666666669,0.9679321085007272,0.9896785341354429,0.891,0.8222747826498261,0.9384394556949064,0.668375,0.6242883121916751,0.7713096778262295,0,4
0.493,0.09099999999999997,0.43233333333333324,0.052538874496328096,0.6353173826307725,1.3231666666666668,1.0019679469257803,0.8477703815253164,0.8732500000000001,0.8289035611193646,0.8699103086649208,0.6719166666666667,0.6229866993253002,0.7490449036001312,0,5
0.462,-0.030999999999999972,0.4523333333333332,0.046263736698852156,0.5486586913153862,1.0231666666666668,0.9316543171513049,0.7375502725180831,0.8805000000000001,0.8245183166828103,0.8071548765626253,0.6747916666666667,0.6218016585183992,0.7260813113121207,0,6
0.415,-0.04700000000000004,0.45666666666666655,0.03927255190767056,0.4818293456576931,0.6685000000000002,0.5736098848520643,0.6453930517986308,0.884,0.8222542185966579,0.7468233570914522,0.6755,0.6214822394188297,0.7011948064071511,0,7
0.361,-0.05399999999999999,0.4126666666666665,0.050540412872681455,0.42141467282884654,0.42250000000000015,0.047348706423715865,0.5641378941418791,0.8839166666666668,0.8223119799834141,0.6874659175389211,0.6740416666666667,0.6222072546616789,0.6739792218945792,0,8
0.375,0.014000000000000012,0.38366666666666654,0.02802379940945526,0.3982073364144233,0.41800000000000015,0.050840928394348235,0.5100984958156279,0.88275,0.8230875491928937,0.6393942379175486,0.6737916666666668,0.622331309720129,0.6500608841430129,0,9
0.37,-0.0050000000000000044,0.3686666666666665,0.007094598885175271,0.38410366820721165,0.4126666666666668,0.05440833269514816,0.47007035415401993,0.8869166666666667,0.8201009315192785,0.597948970545618,0.6723750000000001,0.6230104900017126,0.6276560134115718,0,10
0.415,0.044999999999999984,0.3866666666666665,0.02466441431174387,0.39955183410360584,0.39966666666666684,0.03831274809597931,0.45433596725287134,0.8614166666666666,0.8304213014360774,0.5698029750770615,0.6732083333333333,0.6226366083153904,0.6106435323386461,0,11
0.392,-0.022999999999999965,0.3923333333333332,0.022501851775827277,0.39577591705180293,0.3880000000000001,0.02322068043790567,0.4365256908949081,0.7055833333333332,0.710499498858929,0.542448671219052,0.6734166666666668,0.6225375083281026,0.5931520497515543,0,12
0.441,0.04899999999999999,0.41599999999999987,0.024515301344420332,0.4183879585259015,0.3923333333333335,0.03053959178944585,0.4378040649249344,0.5304166666666666,0.4132585495641692,0.5268411833391979,0.6782083333333334,0.6201853144628324,0.58097988577143,0,13
0.489,0.04799999999999999,0.44066666666666654,0.04850085909899772,0.45369397926295074,0.41366666666666685,0.04537693981160388,0.4524314749463817,0.41808333333333336,0.04445520387443731,0.5210194628254752,0.6817916666666667,0.6187729076421205,0.5736214949097157,0,14
0.542,0.05300000000000005,0.49066666666666653,0.05052062285186462,0.4978469896314754,0.44150000000000017,0.06422071316949984,0.4780224821045584,0.42975,0.056570350409531005,0.524247237775402,0.685,0.6177988275355886,0.5710917753169384,0,15
0.505,-0.03700000000000003,0.5119999999999999,0.027184554438261545,0.5014234948157377,0.46400000000000013,0.0574525891496554,0.48573034436039886,0.4383333333333333,0.0597043219592066,0.521286124271494,0.6646666666666666,0.6152464099265726,0.5658044332915834,0,16
0.473,-0.03200000000000003,0.5066666666666665,0.03453018003631305,0.4872117474078688,0.47366666666666685,0.05219833969261606,0.4820931031145706,0.4366666666666666,0.05830224279694617,0.5138574897681872,0.6549583333333334,0.6164030640083163,0.5583800786282567,0,17
0.52,0.04700000000000004,0.4993333333333332,0.024006943440185446,0.5036058737039344,0.49500000000000016,0.035693136595135566,0.49292364508183617,0.4415,0.06282226009655245,0.5148024913423123,0.661,0.6142465869381916,0.5553096723379961,0,18
0.491,-0.029000000000000026,0.49466666666666653,0.023713568549256943,0.4973029368519672,0.5033333333333334,0.02471167065711354,0.4923740322013115,0.4478333333333333,0.06373215733670384,0.5111405695973411,0.6659166666666666,0.6123103018871243,0.5501648985509564,0,19
0.495,0.0040000000000000036,0.5019999999999999,0.015716233645721344,0.49615146842598357,0.5043333333333334,0.024130202375148933,0.4931243087152225,0.459,0.05867320900162098,0.508657405043904,0.6714583333333334,0.6100377735394158,0.5457517066668799,0,20
0.511,0.016000000000000014,0.49899999999999983,0.010583005244585886,0.5035757342129918,0.4991666666666668,0.01659417568503054,0.4982316490823018,0.4703333333333333,0.053914635107642786,0.5090178042679188,0.6765416666666667,0.6080869488147567,0.5429715701335296,0,21
0.47,-0.041000000000000036,0.4919999999999998,0.020663978319941184,0.4867878671064959,0.49333333333333346,0.019946595365266655,0.4901654636302155,0.47866666666666663,0.043770752653811404,0.5030150651497775,0.6827916666666667,0.6050261926896882,0.5371338445228473,1,0
0.441,-0.02899999999999997,0.4739999999999998,0.03517101079023986,0.46389393355324793,0.48800000000000016,0.028788886744697637,0.4761181883072968,0.4808333333333333,0.04088083199061345,0.49347428589596554,0.671125,0.6069539279485502,0.5294431369610195,0,1
0.433,-0.008000000000000007,0.4479999999999998,0.01946792233412216,0.448446966776624,0.4735000000000001,0.03125219992255062,0.4637987059337834,0.48425,0.03389857867766672,0.4841705496042785,0.5949166666666666,0.5047373761081891,0.521727686004138,0,2
0.415,-0.018000000000000016,0.4296666666666665,0.013316656237243615,0.431723483388312,0.46083333333333343,0.037514885934329854,0.449856218524131,0.48208333333333336,0.037548655304202976,0.47352892658823564,0.50625,0.28803188984072087,0.513189471123807,0,3
0.377,-0.03799999999999998,0.40833333333333316,0.02858904218999161,0.404361741694156,0.4411666666666669,0.04599311542683146,0.42904015608866497,0.47275,0.048108069631182915,0.4586783224977378,0.4454166666666666,0.05321320256793403,0.5022943134339024,0,4
0.328,-0.04899999999999999,0.37333333333333324,0.04361574639211683,0.366180870847078,0.4106666666666668,0.050843550885691854,0.4001715400633321,0.45491666666666664,0.058619665228638235,0.43857396519039354,0.4423333333333333,0.057785711086711114,0.4883507683591902,0,5
0.352,0.023999999999999966,0.35233333333333317,0.024501700621419206,0.359090435423539,0.3910000000000002,0.04588245852174153,0.3864082429023801,0.44216666666666665,0.06319642299047003,0.4252548936226407,0.44025000000000003,0.06015577604273835,0.47744270689045504,0,6
0.336,-0.01599999999999996,0.3386666666666665,0.01222020185356144,0.3475452177117695,0.37350000000000017,0.042926681679340016,0.3720058877874144,0.43075,0.06920867654487761,0.4115233715268498,0.4337083333333333,0.06265466370556713,0.4661272903392187,0,7
0.344,0.007999999999999952,0.34399999999999986,0.008000000000525101,0.34577260885588473,0.35866666666666686,0.03232130360406427,0.36400420556243884,0.4160833333333333,0.06719504626404314,0.401135160522719,0.4287916666666667,0.06492670058824104,0.4563571071120812,0,8
0.366,0.02200000000000002,0.3486666666666665,0.015534906930577014,0.35588630442794233,0.3505000000000002,0.018458060569828464,0.3645744325445992,0.4056666666666667,0.0641451951482632,0.39572975121153153,0.42675,0.06613835958576073,0.44912853854311474,0,9
0.315,-0.05099999999999999,0.3416666666666665,0.0255799400574309,0.33544315221397114,0.3401666666666668,0.018004629034394298,0.350410308960428,0.39066666666666666,0.0623776377957075,0.3833097894866805,0.42483333333333334,0.0687419033440452,0.4383982554596656,1,0
0.368,0.05299999999999999,0.3496666666666665,0.030038863715887792,0.35172157610698557,0.3468333333333335,0.01990393595915476,0.3554359349717343,0.37875,0.04966272609955278,0.3809544372579604,0.42454166666666665,0.06897698366384292,0.4327663950228924,1,0
0.318,-0.04999999999999999,0.3336666666666665,0.029771350882044894,0.3348607880534928,0.34116666666666684,0.02277205890265857,0.3447399535512388,0.3660833333333333,0.043242357881531086,0.37126913921827415,0.42237499999999994,0.07153400681098825,0.42358508342106105,1,0
0.369,0.05099999999999999,0.3516666666666665,0.02916047553353101,0.3519303940267464,0.34666666666666685,0.0251369581824479,0.35167139539374204,0.3600833333333333,0.03634796063642594,0.3709200408770012,0.4204583333333333,0.07235178503051033,0.41921827674737616,1,0
0.312,-0.056999999999999995,0.33299999999999985,0.03132091952686748,0.33196519701337324,0.3413333333333335,0.028925190866546605,0.34033671099553003,0.35000000000000003,0.030611940629334245,0.36185541920361636,0.417125,0.07549449303267489,0.41064081460758606,0,1
0.37,0.057999999999999996,0.3503333333333332,0.03320140559286119,0.3509825985066866,0.34200000000000014,0.029644561052568862,0.34881193642537855,0.34625,0.023958771405807124,0.3631084316338292,0.4141666666666666,0.07590822070773505,0.4073895494389792,0,2
0.388,0.018000000000000016,0.3566666666666665,0.03971565602305485,0.36949129925334334,0.3541666666666668,0.03128205023118069,0.3600085260181275,0.3471666666666666,0.025408779203437735,0.3669379036901632,0.40995833333333337,0.0743630805818513,0.4058383854838609,0,3
0.467,0.07900000000000001,0.4083333333333332,0.05159780357089932,0.41824564962667166,0.37066666666666687,0.05621269133092687,0.39057751858437684,0.35874999999999996,0.04208676103655861,0.38233207235321504,0.4068333333333333,0.07002214970475472,0.41073131464515206,0,4
0.46,-0.007000000000000006,0.4383333333333332,0.04373023363007357,0.43912282481333587,0.3943333333333335,0.05940594807480129,0.41041251327455486,0.36775,0.05109549882331016,0.39428098429887426,0.4049583333333333,0.06784796249330168,0.4146728094735399,0,5
0.38,-0.08000000000000002,0.4356666666666665,0.04833563212931889,0.40956141240666794,0.3961666666666668,0.05863247109465865,0.4017232237675392,0.3714166666666667,0.05018050750377287,0.39208390979135516,0.4010833333333333,0.06643395979837773,0.4118989847156567,0,6
0.387,0.007000000000000006,0.4089999999999998,0.04430575583383913,0.398280706203334,0.4086666666666668,0.04301472616053649,0.3975165884053852,0.375,0.049576387341364804,0.3913017698234544,0.3955416666666667,0.06144278297497481,0.4099070659384042,0,7
0.355,-0.03200000000000003,0.37399999999999983,0.016822603841501728,0.376640353101667,0.40616666666666684,0.046040923825070565,0.38536899171813227,0.3740833333333333,0.04985881582182206,0.3857168821583076,0.38987499999999997,0.05845497152212016,0.4055145006633319,0,8
0.395,0.040000000000000036,0.37899999999999984,0.021166010488707143,0.3858201765508335,0.4073333333333335,0.04557484686387817,0.3881207083700945,0.3807500000000001,0.046474088577332366,0.38714505413395256,0.3857083333333333,0.05403258209206677,0.4046733406102654,0,9
0.366,-0.029000000000000026,0.3719999999999999,0.020663978319968503,0.3759100882754167,0.3905000000000001,0.03696890585342407,0.3818005059786389,0.38058333333333333,0.04652752525187034,0.38389196888257526,0.37966666666666665,0.047072254051075284,0.4015794733614442,0,10
0.381,0.015000000000000013,0.3806666666666665,0.014502873278815394,0.37845504413770836,0.3773333333333335,0.014514360704696543,0.38157178998474206,0.3858333333333334,0.04217460100225928,0.3834470505929483,0.37595833333333334,0.04297368169985293,0.39993311549252863,0,11
0.373,-0.008000000000000007,0.37333333333333324,0.007505553500005708,0.3757275220688542,0.3761666666666668,0.014538454755098382,0.3791227071319586,0.3861666666666666,0.042045069613340834,0.381839812040187,0.373125,0.04067935327175678,0.39777846625312635,0,12
0.372,-0.0010000000000000009,0.37533333333333313,0.004932882863136767,0.3738637610344271,0.3736666666666668,0.013559744343683275,0.377087647951399,0.3911666666666667,0.03547811959080897,0.3803259948032352,0.3705833333333333,0.03862969871987222,0.39571618895287625,0,13
0.384,0.01200000000000001,0.3763333333333332,0.006658328119086558,0.37893188051721355,0.3785000000000001,0.010368220676633413,0.37906260567957073,0.39233333333333337,0.034944978396820946,0.38089122637196826,0.36929166666666663,0.0375840844746389,0.39477889383664616,0,14
0.35,-0.03400000000000003,0.3686666666666665,0.017243356208740054,0.3644659402586068,0.37100000000000016,0.01216552506057144,0.3707590040568362,0.38916666666666666,0.03703274554265489,0.3761387300070501,0.3681666666666667,0.03774706054396601,0.39119658232971444,1,0
0.394,0.04400000000000004,0.3759999999999999,0.02306512518951695,0.3792329701293034,0.3756666666666668,0.014922019523712061,0.3773992886120259,0.3830833333333333,0.027972253568487877,0.3788866176982732,0.3709166666666666,0.037092032036266265,0.3914208557433373,1,0
0.341,-0.05299999999999999,0.3616666666666665,0.02836077102868612,0.3601164850646517,0.36900000000000016,0.02009975124222681,0.3669994918657328,0.37316666666666665,0.017272328544125005,0.37305790728315424,0.37045833333333333,0.037402602986217684,0.38738718728387034,1,0
0.392,0.05099999999999999,0.37566666666666654,0.03003886371588355,0.3760582425323259,0.3721666666666668,0.022238854886573074,0.3741424941898091,0.3741666666666667,0.018034478762783284,0.37597207539343824,0.3727916666666667,0.03690290334597012,0.38775621230116075,1,0
0.344,-0.04800000000000004,0.3589999999999998,0.028618176042652592,0.36002912126616293,0.36750000000000016,0.025041964779134313,0.36553035299272074,0.37058333333333326,0.019467727762769317,0.37105329456367847,0.37279166666666663,0.03690290334597012,0.38425571531706787,0,1
0.389,0.04500000000000004,0.37499999999999983,0.026888659319648112,0.3745145606330815,0.36833333333333346,0.025773371270869237,0.372235966423372,0.3734166666666667,0.019467727762768956,0.37381432616926635,0.37375,0.03701732849214469,0.38463525809170246,0,2
0.36,-0.029000000000000026,0.3643333333333332,0.022810816148080656,0.3672572803165407,0.37000000000000016,0.024649543606310356,0.3687399760166943,0.37050000000000005,0.018539883298719764,0.37168904522014845,0.37562500000000004,0.0349966613314402,0.3826644374443663,0,3
0.375,0.015000000000000013,0.37466666666666654,0.014502873278817363,0.37112864015827035,0.3668333333333335,0.02203103871055724,0.3705285542976388,0.37125,0.01852332681692217,0.3721984228785872,0.3759166666666667,0.03495950037781379,0.38205128244881703,0,4
0.373,-0.0020000000000000018,0.36933333333333324,0.008144527815747657,0.37206432007913515,0.3721666666666668,0.018037923014195826,0.37123468164117057,0.3705833333333333,0.018282919666126263,0.3723217424357276,0.3782083333333333,0.03272942987144509,0.38132717985291165,0,5
0.395,0.02200000000000002,0.38099999999999984,0.012165525060926842,0.3835321600395676,0.37266666666666687,0.018726095873567827,0.3780247726008361,0.3724166666666667,0.01960268225315141,0.37581070513792336,0.37929166666666675,0.03284148909225645,0.3824210054646787,0,6
0.439,0.043999999999999984,0.40233333333333315,0.03360555509645933,0.4112660800197838,0.3885000000000001,0.027667670664501872,0.39544626614345435,0.37799999999999995,0.027445814385358737,0.38553213511670437,0.38458333333333333,0.031740683900830714,0.3869473250275044,0,7
0.396,-0.04299999999999998,0.40999999999999986,0.025119713374315303,0.4036330400098919,0.3896666666666668,0.02784001915706957,0.3956044758167531,0.379,0.027899169098137472,0.3871425758679806,0.38566666666666666,0.031664912232096394,0.38767153902530405,0,8
0.527,0.131,0.4539999999999999,0.06677574409924099,0.46531652000494594,0.41750000000000015,0.05866429919464862,0.43314605415482366,0.39375000000000004,0.04955644165084563,0.4086591026575221,0.3914583333333333,0.042847534723525954,0.3988178159032797,1,0
0.492,-0.03500000000000003,0.4716666666666665,0.06782575715272535,0.47865826000247297,0.4370000000000001,0.06110646446980215,0.4499614672534455,0.4019166666666667,0.057101915798697195,0.4214807791717494,0.3925,0.04501304158844616,0.40627239063101733,0,1
0.533,0.041000000000000036,0.5173333333333332,0.02214347157380752,0.5058291300012365,0.46366666666666684,0.06248733204951049,0.4736867623238896,0.4179166666666667,0.06485432393708203,0.4386375823760957,0.3955416666666667,0.05173677454750554,0.416410599380536,0,2
0.47,-0.06300000000000006,0.49833333333333324,0.031973947728427446,0.48791456500061825,0.4761666666666668,0.05274624789182397,0.4726334016599212,0.42441666666666666,0.06592069385853341,0.4434625697028502,0.39929166666666666,0.05378255670565328,0.42069775143009314,0,3
0.507,0.03700000000000003,0.5033333333333332,0.031659648345175304,0.49745728250030913,0.4875000000000002,0.05041725894967957,0.4824524297570866,0.438,0.06462479119011662,0.45323755897933476,0.40429166666666666,0.05800260801232644,0.4276019313156857,0,4
0.495,-0.01200000000000001,0.49066666666666653,0.01887679351320783,0.49622864125015453,0.5040000000000001,0.023494680248920125,0.48603744982649044,0.44683333333333336,0.06456263109056064,0.45966254990559097,0.410125,0.05984059440822884,0.4329937768104309,0,5
0.498,0.0030000000000000027,0.49999999999999983,0.006244997998947499,0.49711432062507727,0.49916666666666676,0.0206244191837171,0.489455321304636,0.4583333333333333,0.05980473276094876,0.46556061915088465,0.41441666666666666,0.062349587123672834,0.4381942746655964,0,6
0.5,0.0020000000000000018,0.4976666666666665,0.002516611479790809,0.4985571603125386,0.5005000000000002,0.020324861623120766,0.49246808664616853,0.46875,0.05463286556645538,0.4708589854353639,0.42,0.06380813632186168,0.4431387326923487,0,7
0.488,-0.01200000000000001,0.4953333333333332,0.006429100507865653,0.4932785801562693,0.4930000000000001,0.012868566353678642,0.491191490461549,0.4783333333333333,0.04565947742572419,0.4734960645991541,0.4244583333333333,0.06469660240166063,0.44672763407696087,0,8
0.438,-0.04999999999999999,0.47533333333333316,0.03288363321381076,0.46563929007813465,0.48766666666666686,0.025113077602430832,0.4759939217582493,0.4819166666666667,0.03984163727318922,0.46803513158389964,0.4271666666666667,0.06380313926218573,0.44602942335080403,0,9
0.42,-0.018000000000000016,0.44866666666666655,0.035232560698034765,0.44281964503906734,0.4731666666666668,0.034919431075917585,0.4599956583987495,0.48033333333333333,0.042020197163974586,0.4606451113402228,0.4291666666666667,0.06274216851643437,0.44394706948273976,0,10
0.448,0.028000000000000025,0.4353333333333332,0.014189197769459608,0.44540982251953365,0.46533333333333343,0.034308405189775036,0.4565683274276782,0.48466666666666663,0.03454991996661174,0.4586997095955731,0.43183333333333335,0.06209576521769207,0.44427130392412056,0,11
0.333,-0.11499999999999999,0.4003333333333332,0.05996943666019541,0.38920491125976686,0.4378333333333335,0.05965372299082319,0.42126309101977016,0.46849999999999997,0.05326178913461853,0.4393612927347157,0.43112500000000004,0.06315771321960728,0.43536959961019095,0,12
0.374,0.04099999999999998,0.38499999999999984,0.05828378848365995,0.38160245562988343,0.41683333333333356,0.05541991218565699,0.4077593507284073,0.4586666666666666,0.059101351058771345,0.4293057092370671,0.4302916666666667,0.06379755969618374,0.4304600316413757,0,13
0.31,-0.064,0.3389999999999999,0.03241913015502544,0.3458012278149417,0.3871666666666668,0.057314628731816995,0.37982810766314806,0.4400833333333333,0.06799392798203947,0.4109509847390568,0.429,0.06596112161885297,0.42082322911006564,0,14
0.375,0.065,0.3529999999999998,0.037242448899184086,0.36040061390747086,0.37666666666666676,0.05162815769196161,0.37844864833082004,0.43216666666666664,0.06970304980069178,0.40542006400997116,0.4282916666666667,0.06646508018544543,0.41715737078126036,0,15
0.325,-0.04999999999999999,0.3366666666666665,0.034034296427895135,0.34270030695373543,0.3608333333333335,0.05022914160789633,0.36317760595058574,0.41700000000000004,0.07171154338422857,0.3930477464699756,0.4275,0.067615923002485,0.4097847811187596,0,16
0.357,0.03199999999999997,0.35233333333333317,0.02532455988446155,0.3498501534768677,0.3456666666666668,0.027023446609678533,0.3614125756789898,0.40549999999999997,0.06908295408751165,0.38750193932074856,0.42616666666666664,0.06871470108300884,0.40556199862925885,0,17
0.338,-0.01899999999999996,0.33999999999999986,0.016093476939694186,0.34392507673843387,0.3465000000000001,0.026628931634586413,0.35472326834213563,0.3921666666666666,0.06492209783949955,0.3798862563483257,0.42524999999999996,0.06977432566308935,0.40015703873891817,0,18
0.348,0.009999999999999953,0.3476666666666665,0.009504384953363707,0.3459625383692169,0.3421666666666668,0.023146634024543526,0.3528023345300969,0.3795,0.05621468588450652,0.37498067844858324,0.42412500000000003,0.0708294414958103,0.3959844756398047,0,19
0.345,-0.0030000000000000027,0.3436666666666665,0.005131601440268543,0.3454812691846084,0.34800000000000014,0.017017637908930634,0.3505730960929263,0.3675833333333334,0.045201484958208284,0.37036826637957043,0.4229583333333333,0.07193020721605524,0.39190571758862036,0,20
0.33,-0.014999999999999958,0.3409999999999998,0.009643650761431543,0.3377406345923042,0.3405000000000002,0.01187855210029803,0.3446950686378045,0.3585833333333333,0.040403551449097914,0.36415776385963655,0.42024999999999996,0.07421604771968224,0.3869532601815307,0,21
0.362,0.03199999999999997,0.3456666666666665,0.016010413278293174,0.3498703172961521,0.34666666666666685,0.011826523862325012,0.34963933474128894,0.35375,0.035568435956147886,0.36382580018892324,0.4170416666666666,0.0750301267994127,0.3849569993670082,1,0
0.32,-0.04199999999999998,0.3373333333333332,0.0219393102293994,0.33493515864807605,0.3405000000000002,0.014666287873879144,0.34117095338663495,0.34308333333333335,0.02090436376083797,0.35708336939062735,0.413875,0.07751931736810577,0.3797604394176476,1,0
0.427,0.10699999999999998,0.36966666666666653,0.05391041952481456,0.380967579324038,0.35533333333333345,0.03802981286656716,0.3656935381333107,0.3509166666666667,0.031638464315535214,0.36783977409976154,0.4097083333333333,0.07377137371440129,0.38353960426423583,1,0
0.427,0.0,0.39133333333333314,0.06177647880335437,0.403983789662019,0.3685000000000001,0.04748368140739945,0.38320967009522194,0.35533333333333333,0.03817741677376953,0.3769413473151828,0.40700000000000003,0.07178530793123562,0.387016435923097,0,1
0.494,0.067,0.44933333333333314,0.038682468035800395,0.4489918948310095,0.3933333333333335,0.06748530704283716,0.4148640500680157,0.37066666666666664,0.05255703972110008,0.3949503708051547,0.40537500000000004,0.06920405397775649,0.39557512104924925,0,2
0.361,-0.133,0.4273333333333332,0.06650062656352147,0.4049959474155047,0.39850000000000013,0.06268253345230491,0.39947432147715406,0.3695,0.05260746576816192,0.3897272368351309,0.4008333333333333,0.068349909619013,0.3928091113653093,1,0
0.385,0.02400000000000002,0.41333333333333316,0.07088253193376401,0.39499797370775236,0.40233333333333343,0.06067509099017471,0.39533880105511005,0.3745,0.05081427859464067,0.38899996962972616,0.39575,0.06454135849609495,0.3921843824560846,0,1
0.38,-0.0050000000000000044,0.37533333333333313,0.012662279942468789,0.3874989868538762,0.4123333333333335,0.04801527534718458,0.3909562864679358,0.3764166666666667,0.05052714541951941,0.3876153589174606,0.3909583333333333,0.06102563906415165,0.39120963185959784,0,2
0.375,-0.0050000000000000044,0.37999999999999984,0.005000000000806854,0.3812494934269381,0.40366666666666684,0.049508248470997,0.38639734747709703,0.3795,0.049077860218627964,0.3856745344686205,0.3858333333333333,0.05665353641570401,0.38991286131083003,0,3
0.386,0.01100000000000001,0.3803333333333332,0.005507570548018299,0.383624746713469,0.3968333333333334,0.04846201261468613,0.3862838196264979,0.38266666666666665,0.04807632820147706,0.3857246060888327,0.3810833333333333,0.051179918502970635,0.3895998324059637,0,4
0.369,-0.017000000000000015,0.37666666666666654,0.00862167810472149,0.3763123733567345,0.3760000000000001,0.009715966241161549,0.38134558544749847,0.38466666666666666,0.04685050370030712,0.3831515897674738,0.37612500000000004,0.04585924827309768,0.3879518458134866,0,5
0.396,0.027000000000000024,0.38366666666666654,0.013650396819923104,0.38615618667836726,0.38183333333333347,0.009410986487400812,0.3855325610339275,0.3901666666666666,0.04361157755656705,0.3851282682647855,0.37437499999999996,0.044165511332985234,0.38859569814840766,1,0
0.351,-0.04500000000000004,0.37199999999999983,0.02264950330599209,0.3685780933391836,0.3761666666666668,0.01543264937287364,0.3756661150242339,0.38924999999999993,0.044366500466445795,0.3798777654548185,0.3715,0.043303780335024404,0.38558804229653504,1,0
0.399,0.04800000000000004,0.38199999999999984,0.026888659319647207,0.3837890466695918,0.3793333333333335,0.01809604008246136,0.3823329393030242,0.3958333333333333,0.03864955211630034,0.38281964769253873,0.3694583333333333,0.04061160593022124,0.38666099891281225,1,0
0.348,-0.051000000000000045,0.3659999999999999,0.028618176042651725,0.3658945233347959,0.3748333333333335,0.022265818347100143,0.37252352807358874,0.38924999999999993,0.03957530221561569,0.37746277881676354,0.3700833333333333,0.040138799040398486,0.38356811899978727,1,0
0.398,0.050000000000000044,0.38166666666666654,0.029160475533526325,0.38194726166739795,0.3768333333333335,0.023945076042185702,0.3798025200525634,0.38683333333333336,0.03791098025961882,0.38062235130649225,0.3710833333333334,0.04053760108157577,0.38472266947980427,1,0
0.357,-0.041000000000000036,0.36766666666666653,0.026652079343674508,0.369473630833699,0.3748333333333335,0.02519854493152455,0.3732875143232595,0.37541666666666673,0.01821816442878803,0.3769881434131857,0.37304166666666666,0.03854469925397537,0.3825048559214199,0,1
0.384,0.027000000000000024,0.37966666666666654,0.020840665376647773,0.3767368154168495,0.3728333333333335,0.02360861424705116,0.3763482245166139,0.3773333333333333,0.017767863397150547,0.3780668905803879,0.3734166666666667,0.038608308034347505,0.38262446744770634,0,2
0.375,-0.009000000000000008,0.3719999999999999,0.01374772708516376,0.3758684077084248,0.3768333333333335,0.021065770023098028,0.3759630175118671,0.3765,0.017609398317198287,0.3775950612603282,0.3755,0.0372056564189495,0.3820145100518898,0,3
0.374,-0.0010000000000000009,0.37766666666666654,0.005507570548020563,0.3749342038542124,0.37266666666666687,0.0180628532260567,0.3754021553656194,0.37600000000000006,0.01758615157661183,0.3770419749125854,0.3762083333333333,0.03699938796986551,0.38137334924773864,0,4
0.383,0.009000000000000008,0.37733333333333313,0.004932882863136582,0.3789671019271062,0.3785000000000001,0.013605146085190853,0.37757296811829955,0.3766666666666667,0.01769608756630547,0.377958594156803,0.3780833333333333,0.036108431710327876,0.38150348130791956,0,5
0.364,-0.019000000000000017,0.37366666666666654,0.009504384953349793,0.3714835509635531,0.3728333333333335,0.010609743949128374,0.3736949772273568,0.37483333333333335,0.01778065002058025,0.3758111181326794,0.37875,0.03567394616218271,0.38010320280328597,0,6
0.405,0.041000000000000036,0.3839999999999999,0.020518284528878855,0.3882417754817766,0.3808333333333335,0.013876839217417085,0.382639269448112,0.3778333333333333,0.01964611149750828,0.3803017153430365,0.38125000000000003,0.03530642262054557,0.3820949465790231,1,0
0.385,-0.020000000000000018,0.38466666666666655,0.02050203241977137,0.3866208877408883,0.38100000000000017,0.01392838827716178,0.38331376389150856,0.37691666666666673,0.018966277889257335,0.3810245283671847,0.38354166666666667,0.03357791609488393,0.38232735085270125,0,1
0.449,0.064,0.4129999999999998,0.03274141108760817,0.4178104438704442,0.3933333333333335,0.030480594919817628,0.4020812599225061,0.3850833333333334,0.026424707217260607,0.3914822932337717,0.38716666666666666,0.03577546726418424,0.3876611627844852,1,0
0.39,-0.059,0.40799999999999986,0.03559494346122492,0.4039052219352221,0.3960000000000002,0.029120439557110717,0.39862947137321864,0.38433333333333336,0.02611977075407097,0.3912542481208837,0.39008333333333334,0.03279039714500635,0.3878482697617264,1,0
0.536,0.14600000000000002,0.4583333333333332,0.07344612538004068,0.4699526109676111,0.42150000000000015,0.06288004452924054,0.4378781938380133,0.4000000000000001,0.048842976605025644,0.41352282533305545,0.394625,0.0438196030184592,0.39970040818078834,1,0
0.5,-0.03600000000000003,0.4753333333333332,0.07606137872363669,0.48497630548380555,0.4441666666666668,0.06251853058626601,0.4556272813128666,0.40850000000000003,0.05670577972789132,0.4268270060510469,0.3976666666666666,0.04845317476623428,0.4077243755263253,0,1
0.517,0.017000000000000015,0.5176666666666665,0.018009256879174276,0.5009881527419028,0.4628333333333335,0.06515033896048301,0.47316234379490474,0.4218333333333333,0.06205398431768566,0.44069977435088586,0.398625,0.05062033660753923,0.4164664254842193,0,2
0.484,-0.03300000000000003,0.5003333333333332,0.01650252505952498,0.4924940763709514,0.47933333333333356,0.05287595546811223,0.4762588169963605,0.43016666666666664,0.06321512093758962,0.44736134752767265,0.40375000000000005,0.05282394878478036,0.4218691114454817,0,3
0.503,0.019000000000000017,0.5013333333333332,0.016563010998614965,0.4977470381854757,0.48833333333333345,0.051251016250078045,0.4838991549974003,0.44083333333333335,0.06385613565358127,0.455921140215723,0.40866666666666673,0.056375038159951076,0.4283595825298432,0,4
0.497,-0.006000000000000005,0.49466666666666653,0.009712534856581138,0.49737351909273786,0.5061666666666669,0.018060084901952062,0.4876422535695717,0.4510833333333333,0.06199773945050058,0.4622409647979195,0.4135416666666667,0.058795133758015185,0.4338508159274558,0,5
0.492,-0.0050000000000000044,0.4973333333333332,0.005507570547916554,0.4946867595463689,0.4988333333333335,0.01112504681633905,0.4888873239782655,0.4601666666666666,0.0590297819030154,0.4668192779059319,0.41841666666666666,0.060291982787145974,0.43850275065325933,0,6
0.518,0.026000000000000023,0.5023333333333332,0.013796134724633214,0.5063433797731844,0.5018333333333335,0.013644290625229599,0.49720523141304684,0.47300000000000003,0.052613513646060234,0.4746932351511731,0.4239166666666667,0.06315881753075946,0.44486253060099856,0,7
0.479,-0.039000000000000035,0.49633333333333324,0.01985782801165042,0.4926716898865922,0.4955000000000001,0.014010710188961778,0.49200373672360487,0.4791666666666667,0.04805836098545578,0.4753558143586849,0.42849999999999994,0.06299137277022919,0.4475935281529187,1,0
0.448,-0.030999999999999972,0.4816666666666665,0.03507610772791684,0.4703358449432961,0.4895000000000001,0.02403955074453539,0.47943124051686065,0.48441666666666666,0.039518599380190436,0.47114722753427185,0.4306666666666667,0.06271860320834248,0.4476260459006852,0,1
0.404,-0.043999999999999984,0.4436666666666665,0.037687309977508215,0.43716792247164804,0.47300000000000014,0.04094874845461253,0.45787945751204334,0.48066666666666663,0.04494710696190282,0.4608168848366916,0.43287499999999995,0.060691889365732554,0.44413596222863044,0,2
0.455,0.05099999999999999,0.4356666666666665,0.027646579053128225,0.44608396123582406,0.46600000000000014,0.03959292866155709,0.45705675536574525,0.48608333333333337,0.03606675208641456,0.4599219794772006,0.43520833333333336,0.06040873761062928,0.44500508525034,0,3
0.323,-0.132,0.3939999999999999,0.06656575696263006,0.384541980617912,0.43783333333333346,0.0676030078226249,0.41875482526124663,0.4683333333333333,0.05611082108137977,0.43885705955763127,0.43416666666666665,0.062167842006216174,0.4352446784303128,0,4
0.375,0.05199999999999999,0.3843333333333332,0.06649310741228265,0.379770990308956,0.41400000000000015,0.05824774673752861,0.4062534466151762,0.4579166666666667,0.061080361869123106,0.4290328965487649,0.43320833333333336,0.06292229795318871,0.43042510415588775,0,5
0.317,-0.057999999999999996,0.3383333333333332,0.03189566323721446,0.34838549515447803,0.3870000000000002,0.059622143537442045,0.380752461867983,0.44125,0.07011176143067294,0.4117970663104934,0.4315416666666667,0.06550537924586528,0.42135109582341673,0,6
0.36,0.04299999999999998,0.3506666666666665,0.030105370506633478,0.354192747577239,0.37233333333333346,0.05194484254154635,0.3748231870485593,0.43091666666666667,0.07234068179404174,0.4038282868781098,0.43054166666666666,0.06643923615943356,0.4164430081575434,0,7
0.339,-0.020999999999999963,0.3386666666666665,0.02150193789735687,0.3465963737886195,0.36150000000000015,0.05078484025769306,0.36458799074897097,0.41725000000000007,0.07297337621603008,0.3938547042814775,0.4290416666666667,0.068132530164866,0.41024756750493996,0,8
0.35,0.010999999999999954,0.3496666666666665,0.010503967504790072,0.34829818689430975,0.34400000000000014,0.022126906697490317,0.3604199933921221,0.405,0.07067081177095907,0.3871078266997118,0.42804166666666665,0.0691441337488855,0.4054277621045448,0,9
0.341,-0.008999999999999952,0.3433333333333332,0.005859465277800231,0.3446490934471549,0.34700000000000014,0.019809088823048746,0.35487142385151577,0.3924166666666667,0.06712601220953222,0.3800143148997561,0.4262916666666667,0.0708442745173085,0.40027354113618124,0,10
0.334,-0.007000000000000006,0.34166666666666656,0.008020806277536105,0.3393245467235775,0.3401666666666668,0.014607075910876796,0.3489081598939398,0.37708333333333327,0.05590976225270811,0.3729351895305629,0.4250416666666667,0.07224203230726393,0.39497165784528676,0,11
0.358,0.023999999999999966,0.34433333333333316,0.012342339054722849,0.34866227336178873,0.34700000000000014,0.010658330075552863,0.3515058284956713,0.367,0.04586739780956691,0.37063746806432246,0.4230833333333333,0.07343611045555373,0.3920139252176638,1,0
0.326,-0.03199999999999997,0.3393333333333332,0.016653327995982813,0.3373311366808944,0.3413333333333335,0.011378341999874779,0.3442184489254795,0.35683333333333334,0.03933731361477517,0.36377016528519596,0.420625,0.07571847887720651,0.3867328112002507,1,0
0.365,0.03899999999999998,0.3496666666666665,0.020792626898535112,0.3511655683404472,0.3456666666666668,0.014760307133190176,0.35015603494677106,0.35358333333333336,0.036602181587613684,0.36395937062593503,0.417125,0.0762891025895098,0.38499418630423066,1,0
0.312,-0.05299999999999999,0.3343333333333332,0.027465129406974095,0.3315827841702236,0.3393333333333335,0.019815818596921976,0.33925431067626505,0.34166666666666673,0.020173489955203766,0.3559656212988681,0.413875,0.07910439579936324,0.3791546513998922,1,0
0.424,0.11199999999999999,0.3669999999999998,0.05602677931139881,0.3777913920851118,0.3531666666666668,0.03995205459880739,0.36346736476876074,0.35008333333333336,0.030236817814018036,0.36643244879134995,0.4092083333333334,0.07477152397203868,0.38274227928790083,1,0
0.444,0.020000000000000018,0.39333333333333315,0.07114304838381094,0.41089569604255594,0.37150000000000016,0.05262603918213282,0.38647668912054345,0.3558333333333334,0.0402939953418496,0.3783659182080653,0.40687500000000004,0.07265900853809414,0.38764289694486875,0,1
0.472,0.02799999999999997,0.4466666666666665,0.024110855093520667,0.44144784802127796,0.3905000000000001,0.06572594617043816,0.4109119208003882,0.36874999999999997,0.050311981222650376,0.3927711615606706,0.40499999999999997,0.07023377114106402,0.3943914651892793,0,2
0.389,-0.08299999999999996,0.43499999999999983,0.04222558466152399,0.415223924010639,0.4010000000000001,0.057930993431835,0.4046513720002773,0.37116666666666664,0.05054940577539246,0.392190982859029,0.4010416666666667,0.068236468106943,0.393960147974137,0,3
0.376,-0.013000000000000012,0.4123333333333332,0.05208006656429197,0.3956119620053195,0.40283333333333354,0.05672536175879333,0.39646526571448376,0.37425,0.0495270816643244,0.3897000624191783,0.39575,0.06482501530038659,0.39252333613620605,0,4
0.389,0.013000000000000012,0.38466666666666655,0.007505553499999276,0.3923059810026598,0.4156666666666668,0.03752687925562079,0.3943323326532027,0.37749999999999995,0.04906859762343015,0.3895923605085355,0.39124999999999993,0.06113438511572652,0.39224146924530956,0,5
0.363,-0.026000000000000023,0.3759999999999999,0.013000000000311611,0.3776529905013299,0.40550000000000014,0.042721189122018825,0.3853802376094305,0.37933333333333336,0.04797979372677023,0.385501228122607,0.385875,0.057451160732964475,0.3899021517056848,0,6
0.398,0.03500000000000003,0.38333333333333314,0.01817507450717505,0.3878264952506649,0.3978333333333335,0.03833231882714616,0.3889858840067361,0.38466666666666666,0.045998682458104956,0.3874241161037444,0.380875,0.05021892290154186,0.39054997956923004,0,7
0.354,-0.04400000000000004,0.37166666666666653,0.023245071162323366,0.37091324762533245,0.3781666666666668,0.017010780895244968,0.37898991714766866,0.38433333333333336,0.04622343627002267,0.382281944395476,0.37566666666666665,0.045895596707104164,0.3876259812036917,1,0
0.398,0.04400000000000004,0.38333333333333314,0.025403411844501633,0.3844566238126662,0.3796666666666668,0.018489636736994802,0.3844213693911919,0.39033333333333325,0.042484934941370116,0.38470010679617206,0.3735833333333333,0.0435439974065844,0.38845590270739633,1,0
0.34,-0.057999999999999996,0.3639999999999999,0.030265491900978856,0.3622283119063331,0.3736666666666668,0.02471167065712154,0.3717295495651371,0.38825000000000004,0.044409509628651735,0.3778231672890687,0.37091666666666673,0.04355997032244689,0.3845794304908046,1,0
0.388,0.04799999999999999,0.37533333333333313,0.031005375878086695,0.37511415595316655,0.37350000000000017,0.024590648629090196,0.3763782496893836,0.39458333333333334,0.03741525778548433,0.3793888338599812,0.36812500000000004,0.03993289207614341,0.3848530760515403,0,1
0.364,-0.02400000000000002,0.3639999999999999,0.024000000000171183,0.36955707797658327,0.3736666666666668,0.02450850192618965,0.3728416069209883,0.38958333333333334,0.037134787251917614,0.3770213209584456,0.3698333333333333,0.038778822847644244,0.38318482996741704,0,2
0.365,0.0010000000000000009,0.3723333333333332,0.013576941236577154,0.36727853898829166,0.3681666666666668,0.02147013429548252,0.3706011478007059,0.383,0.033428349427654075,0.3751718869648386,0.36941666666666667,0.03877461817339345,0.3817300435700237,0,3
0.384,0.019000000000000017,0.37099999999999983,0.01126942766994619,0.37563926949414583,0.3731666666666668,0.02099920633419375,0.3744293912862185,0.37566666666666665,0.018406191316801948,0.37653005820101726,0.3722083333333333,0.03721731617390091,0.38191164008442186,0,4
0.364,-0.020000000000000018,0.37099999999999983,0.01126942766994619,0.3698196347470729,0.36750000000000016,0.017201744097602122,0.3714495652044418,0.3735833333333333,0.018173198714535634,0.3746023569393223,0.37237499999999996,0.037169193064191995,0.3804787088776681,0,5
0.39,0.026000000000000023,0.37933333333333313,0.01361371857140442,0.37990981737353646,0.37583333333333346,0.012750163397621105,0.37674968943174414,0.37474999999999997,0.0187816399710686,0.37697122510250347,0.3745,0.03663213129860125,0.3812404121674547,1,0
0.348,-0.04200000000000004,0.3673333333333331,0.021197484127639277,0.3639549086867682,0.3691666666666668,0.015315569420235497,0.36853549245124584,0.37133333333333335,0.019662300491268086,0.3725141135482722,0.3744166666666667,0.03669251394644207,0.3785811791940583,1,0
0.403,0.05500000000000005,0.3803333333333332,0.028746014216607368,0.3834774543433841,0.3756666666666668,0.02018580359227835,0.37838249460803275,0.37466666666666665,0.021432063207637655,0.3772042499254611,0.377,0.03641905855574328,0.38053468485853365,1,0
0.347,-0.05600000000000005,0.3659999999999998,0.03204684071805205,0.36523872717169203,0.37266666666666676,0.023200574705512036,0.3694160675771663,0.37041666666666667,0.021441074995731033,0.3725574422446209,0.37754166666666666,0.035843839039661346,0.37785191006985097,1,0
0.4,0.05300000000000005,0.38333333333333314,0.03150132272367883,0.38261936358584603,0.37533333333333346,0.025562994086492274,0.3781543339836902,0.37424999999999997,0.02233271143419098,0.37677937420698693,0.37929166666666675,0.0358735450141711,0.3796237572642629,1,0
0.386,-0.014000000000000012,0.37766666666666654,0.027465129406966556,0.384309681792923,0.37900000000000017,0.025187298386277236,0.380395952845493,0.37325,0.02142269399923054,0.3781979320212966,0.3817916666666667,0.0340421467246543,0.3801338566831219,0,1
0.437,0.05099999999999999,0.40766666666666657,0.02635020556544352,0.41065484089646154,0.38683333333333353,0.03477594954370064,0.3965685377467807,0.3813333333333333,0.025624325563980532,0.3872444040180202,0.38479166666666664,0.03563337366627363,0.38468314814847215,0,2
0.416,-0.02100000000000002,0.4129999999999998,0.02563201123610371,0.4133274204482308,0.39816666666666684,0.030393530013244383,0.40212038410484335,0.38366666666666666,0.027493249860312638,0.3916683418614017,0.389125,0.03259009251957543,0.38718849629659435,0,3
0.508,0.09200000000000003,0.4536666666666665,0.04821134029811552,0.4606637102241154,0.41566666666666685,0.054445079361370656,0.432371702932031,0.39566666666666667,0.044373074008596976,0.40956552003657065,0.392625,0.04013543647288852,0.3968534165928668,0,4
0.533,0.025000000000000022,0.48566666666666647,0.06161439225814366,0.49683185511205774,0.4466666666666668,0.06017862300406915,0.4611226449514507,0.4096666666666666,0.05817424193098761,0.4285554400309444,0.39633333333333337,0.048357964738219635,0.4077451432654375,0,5
0.483,-0.050000000000000044,0.5079999999999999,0.025000000000136913,0.48991592755602886,0.4605000000000002,0.05674768717753335,0.46737331782246483,0.4179166666666667,0.061147301038108226,0.4369315261800299,0.3967916666666667,0.04915191992062734,0.4137655318042025,0,6
0.514,0.031000000000000028,0.5099999999999999,0.025238858928383155,0.5019579637780145,0.4818333333333335,0.04622301014284772,0.48069522701604633,0.43041666666666667,0.06437031830580314,0.4487882144600253,0.40199999999999997,0.05461008029260644,0.42178428925986633,0,7
0.462,-0.05199999999999999,0.48633333333333323,0.02615976554444605,0.48197898188900723,0.48600000000000015,0.04233674526931809,0.47535373358289024,0.4364166666666667,0.0636116889392152,0.4508207968507907,0.40558333333333335,0.055641645856524535,0.42500154611907703,0,8
0.525,0.063,0.5003333333333332,0.03365016097049537,0.5034894909445036,0.5041666666666668,0.026843372863069103,0.48953838113063586,0.45116666666666666,0.0617396783178395,0.46223298195066903,0.41125000000000006,0.06058501034299305,0.43300142242955086,1,0
0.464,-0.061,0.4836666666666665,0.0358096821172768,0.48374474547225177,0.49683333333333346,0.03123726407139028,0.48224170080759704,0.45625000000000004,0.05989707080410096,0.4625048308813353,0.4154583333333333,0.060595579668504075,0.4354813086351868,0,1
0.525,0.061,0.5046666666666665,0.035218366420664775,0.5043723727361259,0.4955000000000001,0.029507626132901744,0.49445835771971214,0.47108333333333335,0.05188704223134578,0.4721194722842068,0.42074999999999996,0.06442876079353854,0.44264280394437183,1,0
0.466,-0.059,0.4849999999999998,0.03465544690242885,0.485186186368063,0.4926666666666668,0.03168385498429411,0.48632739837122296,0.4765833333333333,0.0469282979823201,0.47117801500971346,0.4254166666666667,0.06343220733614696,0.4445113796288221,0,1
0.956,0.48999999999999994,0.6489999999999998,0.26750140186549576,0.7205930931840314,0.5663333333333335,0.1932259471879116,0.6205195702651592,0.5240833333333333,0.14103027291610082,0.5457660127005267,0.4486666666666667,0.1251672504280167,0.48543046925851635,1,0
1.416,0.45999999999999996,0.9459999999999997,0.4750789408087908,1.0682965465920158,0.7253333333333334,0.3862753767283973,0.8477996930465423,0.6056666666666667,0.2902736431004189,0.6796481645927535,0.4935,0.23181908238219182,0.5598760317178351,0,1
0.749,-0.6669999999999999,1.040333333333333,0.3414034758659247,0.908648273296008,0.7626666666666667,0.3736595598491563,0.8195712093189588,0.6334166666666666,0.2863845026067833,0.6903176777323299,0.5085416666666667,0.23634370314119318,0.5750059491804083,0,2
0.335,-0.414,0.833333333333333,0.5454120766295306,0.621824136648004,0.7411666666666666,0.3972482431259643,0.6811222923706849,0.619,0.2974140059060641,0.6356534196196637,0.5073333333333333,0.23718744498385808,0.5558054732459756,0,3
0.287,-0.04800000000000004,0.4569999999999998,0.2540157475433506,0.45441206832400194,0.7015000000000002,0.4333888554173938,0.5685159231219178,0.5985,0.31200101981185563,0.5820144319858693,0.5040833333333333,0.2397431445575004,0.5343010353862976,0,4
0.311,0.02400000000000002,0.3109999999999998,0.024000000000178823,0.382706034162001,0.6756666666666669,0.4543468572210722,0.49493994508708417,0.5841666666666666,0.32159286325565645,0.5403199039880433,0.5010416666666667,0.2417872725040076,0.5164369525553938,0,5
0.285,-0.026000000000000023,0.2943333333333331,0.014468356276442522,0.33385301708100046,0.5638333333333335,0.4541252764014195,0.43495710363363155,0.5650833333333334,0.33273643906069206,0.5010399187591136,0.4977500000000001,0.24425917276176257,0.4979219963509623,0,6
0.262,-0.022999999999999965,0.28599999999999975,0.02451530134444238,0.29792650854050023,0.37150000000000016,0.18660734176339183,0.3855407883097368,0.5484166666666667,0.343213280717119,0.46426454664232686,0.49241666666666667,0.24808166899783896,0.4790482366428853,0,7
0.215,-0.047000000000000014,0.2539999999999997,0.035679125549950376,0.25646325427025013,0.28250000000000014,0.04140410607656547,0.33681484879266915,0.5225833333333333,0.3565438793175251,0.4259161548511996,0.48687499999999995,0.2528868646338665,0.4579243777114545,0,8
0.279,0.06400000000000003,0.2519999999999998,0.03315116890863944,0.2677316271351251,0.2731666666666668,0.03257248327447831,0.3202963205661923,0.5071666666666667,0.3632439283940664,0.4033136694894766,0.48170833333333335,0.2559234734747128,0.44361042749453816,0,9
0.198,-0.08100000000000002,0.23066666666666644,0.042712215270841174,0.23286581356756256,0.25833333333333347,0.043458792742852345,0.28535451469013734,0.4799166666666667,0.3738938736966428,0.37172695110648024,0.4755,0.26108852405133404,0.4239615932949751,0,10
0.209,0.010999999999999982,0.22866666666666646,0.043935558871405024,0.22093290678378127,0.24133333333333348,0.03839097116075897,0.2635389390643838,0.45849999999999996,0.38203533867955514,0.34669203555163713,0.4675416666666667,0.2663479220487928,0.40676466583137716,0,11
0.182,-0.026999999999999996,0.1963333333333331,0.013576941236633581,0.20146645339189062,0.22416666666666682,0.03798640107546724,0.2402420993317027,0.39399999999999996,0.3547706045012532,0.32135479931292377,0.4590416666666666,0.27225299601763686,0.388783492564867,0,12
0.166,-0.015999999999999986,0.18566666666666642,0.02173323108382879,0.18373322669594533,0.20816666666666683,0.03906618315968796,0.21903007095121624,0.28983333333333333,0.15426531651279018,0.2974540609570894,0.44775000000000004,0.27874926398810945,0.37096081315967766,0,13
0.262,0.096,0.20333333333333314,0.05143280405872245,0.22286661334797267,0.21600000000000016,0.04497554891271042,0.23130719353658302,0.24925,0.05389573266969942,0.2919995900406141,0.44133333333333336,0.2812729861782373,0.36224394810690347,1,0
0.277,0.015000000000000013,0.2349999999999998,0.060224579699731454,0.24993330667398633,0.2156666666666668,0.044419215061347876,0.2443622810975593,0.2444166666666667,0.04775783292889598,0.28969196080359655,0.4317083333333333,0.2828404803397849,0.35542443225835124,0,1
0.391,0.11399999999999999,0.30999999999999983,0.07054785609789001,0.3204666533369932,0.2478333333333335,0.08256734624938734,0.28625877221254237,0.2530833333333333,0.06314551496828373,0.3052778129876586,0.4257916666666666,0.28211375737714206,0.35827047767768316,0,2
0.536,0.14500000000000002,0.40133333333333315,0.12980883380317795,0.4282333266684966,0.3023333333333335,0.13985516317485788,0.35761340872324454,0.2718333333333333,0.10283688172259899,0.34077353406648037,0.42799999999999994,0.2827876757661428,0.37248883946346856,0,3
0.396,-0.14,0.44099999999999984,0.08231038816581639,0.41211666333424835,0.33800000000000013,0.12996768829212665,0.36858100623088896,0.28108333333333335,0.1089398986375287,0.349269913440868,0.4230833333333333,0.2822527262034418,0.3743697323063911,0,4
1.791,1.395,0.9076666666666665,0.7681850905435071,1.1015583316671242,0.6088333333333334,0.5875336302431253,0.7749864330220635,0.40850000000000003,0.44875697006489035,0.5710745421422729,0.4784583333333334,0.3971868445615404,0.4877001537218798,1,0
1.945,0.15400000000000014,1.3773333333333333,0.8533406900724541,1.523279165833562,0.8893333333333335,0.7640609050767256,1.1092760235871881,0.5526666666666668,0.6244410348948953,0.7824476895050002,0.537625,0.49751476381851323,0.6042841414241295,0,1
1.044,-0.901,1.593333333333333,0.4819277262550165,1.283639582916781,1.0171666666666668,0.7028323887433368,1.0906257311337058,0.6164166666666667,0.6329540351447821,0.8226865065042309,0.5617916666666666,0.5077640653044408,0.6394614101101992,0,2
0.375,-0.669,1.1213333333333333,0.7878517203975216,0.8293197914583905,1.0145000000000002,0.7057078007220824,0.8861612365240755,0.6311666666666667,0.6243205518923375,0.7538116593497338,0.5555416666666666,0.5091578707226672,0.6183044973013833,0,3
0.522,0.14700000000000002,0.6469999999999999,0.35158071619473874,0.6756598957291953,1.0121666666666669,0.7076268555295685,0.7821151689457683,0.65725,0.6114859880948743,0.7181483271420824,0.557875,0.508857912388124,0.6106001375172726,0,4
1.534,1.012,0.8103333333333332,0.631008980390404,1.1048299478645975,1.2018333333333335,0.6603766854354146,0.9969394063898345,0.7699166666666667,0.6398557306616911,0.8436639691202236,0.5819583333333334,0.5411715535413133,0.6844721265158908,0,5
0.336,-1.198,0.7973333333333331,0.6447149240814404,0.7204149739322988,0.9593333333333335,0.6678621614275396,0.8080995759927388,0.7840833333333332,0.6270224670954181,0.7655618200248046,0.5369583333333333,0.5129710119080519,0.6565943563946196,0,6
0.298,-0.038000000000000034,0.7226666666666666,0.7028921206937364,0.5092074869661494,0.6848333333333335,0.49878268481039445,0.6623568399948134,0.7870833333333332,0.6243780117165818,0.6936292323286808,0.5181666666666667,0.5131262804711376,0.6279068078830501,0,7
0.506,0.20800000000000002,0.3799999999999999,0.1107610039680384,0.5076037434830747,0.5951666666666668,0.4687559777396609,0.6176834571391525,0.8061666666666666,0.6107208607023097,0.6647631965858068,0.5252916666666667,0.511657449876861,0.6181542632524061,0,8
1.201,0.6950000000000001,0.6683333333333333,0.47288088704592257,0.8543018717415374,0.7328333333333333,0.5105896264777274,0.7843453265279661,0.8736666666666667,0.6054025457695419,0.7472611663418366,0.563375,0.5269369084006,0.6647819221922137,0,9
1.563,0.3619999999999999,1.0899999999999999,0.5371712948399249,1.2086509358707687,0.9063333333333334,0.5945790667915117,1.0068180903771187,0.95925,0.6255835275964349,0.8727594484430925,0.6155416666666667,0.5616931685357316,0.7366393684168366,0,10
1.189,-0.3739999999999999,1.3176666666666665,0.2125496020540446,1.1988254679353845,0.8488333333333334,0.5354846091781398,1.0588700645550848,1.0253333333333334,0.6021199417411977,0.921411840990309,0.6532083333333333,0.5688290015206804,0.7728282189434897,0,11
0.514,-0.675,1.0886666666666667,0.5316486935311087,0.8564127339676922,0.8785000000000002,0.5054806623403099,0.9031929032536321,0.9189166666666667,0.5662761064956551,0.8587330962225691,0.6637083333333333,0.5635954823751012,0.7521219614280107,0,12
0.966,0.45199999999999996,0.8896666666666665,0.3439132642590809,0.9112063669838462,0.9898333333333335,0.4180571332565261,0.9211377880383087,0.8373333333333334,0.4667931863126099,0.8752356968037123,0.695,0.5584239467893778,0.7692322045137698,0,13
0.367,-0.599,0.6156666666666666,0.3121735628353862,0.6391031834919231,0.9666666666666668,0.4526511533915106,0.762812705741649,0.7809166666666667,0.4802615685669891,0.7970455896031411,0.6986666666666667,0.5558566961606799,0.7370536281526683,0,14
0.358,-0.009000000000000008,0.5636666666666666,0.34845994509174116,0.49855159174596153,0.8261666666666668,0.49428470203584596,0.6471519326726065,0.7795000000000001,0.48159101849069985,0.729500114279581,0.7053333333333334,0.5505247825773911,0.7067293379004549,0,15
0.682,0.32400000000000007,0.4689999999999999,0.18451829177619972,0.5902757958729807,0.6793333333333336,0.33766472523298197,0.6571085233375761,0.7928333333333333,0.47599614844380184,0.7221924043904147,0.7250416666666667,0.5403565231413876,0.7047509908684185,0,16
0.428,-0.25400000000000006,0.48933333333333323,0.17048558101299924,0.5091378979364903,0.5525000000000002,0.2353616366360472,0.5916489452411258,0.7006666666666667,0.4236352061370596,0.676932034484197,0.7352916666666666,0.5318743296458587,0.6826109115989452,0,17
3.067,2.6390000000000002,1.3923333333333332,1.455853815921548,1.7880689489682453,0.9780000000000002,1.0499430460744041,1.2988921037436614,0.9282499999999999,0.787352078459532,1.0446347984097053,0.8561666666666667,0.6999561891051942,0.8733620386710296,1,0
2.576,-0.4910000000000001,2.0236666666666667,1.4035256796130688,2.182034474484123,1.2463333333333335,1.235584504057357,1.6637800741026152,1.1180833333333333,0.8895648025179427,1.2802294448082123,0.9525833333333334,0.7703831297910582,1.0095730755773473,0,1
1.852,-0.724,2.4983333333333335,0.6112121835609319,2.0170172372420616,1.4938333333333336,1.1712739076179681,1.7175571957875824,1.23025,0.8902294009768685,1.368194145606949,1.0182083333333334,0.7773827874274073,1.0769672295311596,0,2
1.592,-0.26,2.0066666666666664,0.5099071810960568,1.8045086186210308,1.6995000000000002,1.0320018895331524,1.6816837112768446,1.2628333333333335,0.89619699877095,1.4026258155135725,1.06825,0.7739002997240945,1.1181698511686669,0,3
1.266,-0.32600000000000007,1.57,0.2936188004879758,1.5352543093105155,1.7968333333333337,0.9403098248272553,1.5629169366263176,1.2380833333333334,0.891241162989041,1.3816064592807151,1.0986666666666667,0.7663808036687008,1.1299962630751736,0,4
1.237,-0.028999999999999915,1.365,0.19712178976460118,1.3861271546552578,1.9316666666666669,0.741827652940131,1.4697978118759412,1.2420833333333334,0.8911085494874879,1.3593593116990665,1.1337083333333333,0.7519463139466612,1.1385565620291598,0,5
1.177,-0.06000000000000005,1.2266666666666666,0.045390894828524674,1.281563577327629,1.616666666666667,0.5360468884963925,1.386141294197101,1.2973333333333334,0.8619385480450783,1.3313040329761332,1.108125,0.7389436827690914,1.1416320370668271,0,6
1.252,0.07499999999999996,1.222,0.03968626966598013,1.2667817886638146,1.3960000000000001,0.2672938457952174,1.3478152101407863,1.3211666666666668,0.8558767788683472,1.3191034125182666,1.07925,0.7180649873701935,1.1504614741014811,0,7
1.382,0.1299999999999999,1.270333333333333,0.10372238588334616,1.3243908943319074,1.317666666666667,0.1501155110795158,1.3575822929577046,1.40575,0.8014299861667701,1.3287798105923794,1.0933333333333333,0.7206534876591953,1.1689845561733627,0,8
1.445,0.06300000000000017,1.3596666666666666,0.09841917157410418,1.3846954471659538,1.2931666666666668,0.10002682973414807,1.3825587806840747,1.4963333333333333,0.7305344660319607,1.3466598397320133,1.1379166666666667,0.7072548225766797,1.1910657916794938,0,9
1.621,0.17599999999999993,1.4826666666666666,0.12387224601714403,1.502847723582977,1.3523333333333334,0.16477823480867906,1.4506848433457675,1.5745833333333337,0.6841991281561914,1.3888660182347805,1.1837083333333334,0.7011948485119595,1.2254605283451343,0,10
1.484,-0.137,1.5166666666666666,0.09243556314174503,1.4934238617914883,1.3935000000000002,0.16101273241578587,1.4602034595326912,1.6625833333333333,0.583877082072667,1.4035020154294298,1.1816250000000001,0.7001823869535705,1.2461436860775235,0,11
1.445,-0.038999999999999924,1.5166666666666666,0.09243556314174503,1.469211930895744,1.4381666666666668,0.12118979605009692,1.4558596139519222,1.5274166666666666,0.38207006933124665,1.409886320747979,1.2278333333333333,0.6781981669270332,1.2620521911913216,0,12
1.073,-0.3720000000000001,1.3339999999999999,0.22687221072665525,1.271105965447872,1.4083333333333334,0.182638075621334,1.3464711528228015,1.4021666666666668,0.21835535396700734,1.3580576560175208,1.2601250000000002,0.6498585339367594,1.2469280158960159,1,0
0.859,-0.21399999999999997,1.1256666666666666,0.2965288069198927,1.0650529827239361,1.3211666666666668,0.2906093024434424,1.2071936805877153,1.3194166666666667,0.2205321903253443,1.2812795550917482,1.2748333333333333,0.6358929132341772,1.2158937746243348,0,1
