timestamp,consumption_kwh
2024-01-01 00:00:00,0.3717
2024-01-01 00:10:00,0.3033
2024-01-01 00:20:00,0.3457
2024-01-01 00:30:00,0.3924
2024-01-01 00:40:00,0.2255
2024-01-01 00:50:00,0.1965
2024-01-01 01:00:00,0.3101
2024-01-01 01:10:00,0.2118
2024-01-01 01:20:00,0.0839
2024-01-01 01:30:00,0.1649
2024-01-01 01:40:00,0.0844
2024-01-01 01:50:00,0.0842
2024-01-01 02:00:00,0.1409
2024-01-01 02:10:00,0.05
2024-01-01 02:20:00,0.05
2024-01-01 02:30:00,0.0765
2024-01-01 02:40:00,0.05
2024-01-01 02:50:00,0.1466
2024-01-01 03:00:00,0.05
2024-01-01 03:10:00,0.05
2024-01-01 03:20:00,0.2387
2024-01-01 03:30:00,0.1034
2024-01-01 03:40:00,0.1269
2024-01-01 03:50:00,0.0899
2024-01-01 04:00:00,0.2579
2024-01-01 04:10:00,0.423
2024-01-01 04:20:00,0.4495
2024-01-01 04:30:00,0.7134
2024-01-01 04:40:00,0.7903
2024-01-01 04:50:00,0.9819
2024-01-01 05:00:00,1.1338
2024-01-01 05:10:00,1.5143
2024-01-01 05:20:00,1.5536
2024-01-01 05:30:00,1.6595
2024-01-01 05:40:00,1.9965
2024-01-01 05:50:00,2.0123
2024-01-01 06:00:00,2.2943
2024-01-01 06:10:00,2.2725
2024-01-01 06:20:00,2.4544
2024-01-01 06:30:00,2.6838
2024-01-01 06:40:00,2.8075
2024-01-01 06:50:00,2.813
2024-01-01 07:00:00,2.8102
2024-01-01 07:10:00,2.7845
2024-01-01 07:20:00,2.649
2024-01-01 07:30:00,2.64
2024-01-01 07:40:00,2.5652
2024-01-01 07:50:00,2.569
2024-01-01 08:00:00,2.3761
2024-01-01 08:10:00,2.0582
2024-01-01 08:20:00,2.0668
2024-01-01 08:30:00,1.8473
2024-01-01 08:40:00,1.6611
2024-01-01 08:50:00,1.605
2024-01-01 09:00:00,1.4862
2024-01-01 09:10:00,1.3355
2024-01-01 09:20:00,1.0625
2024-01-01 09:30:00,0.9861
2024-01-01 09:40:00,0.9318
2024-01-01 09:50:00,0.8912
2024-01-01 10:00:00,0.6955
2024-01-01 10:10:00,0.6518
2024-01-01 10:20:00,0.5222
2024-01-01 10:30:00,0.469
2024-01-01 10:40:00,0.5925
2024-01-01 10:50:00,0.6063
2024-01-01 11:00:00,0.4686
2024-01-01 11:10:00,0.5366
2024-01-01 11:20:00,0.4714
2024-01-01 11:30:00,0.3804
2024-01-01 11:40:00,0.4531
2024-01-01 11:50:00,0.5415
2024-01-01 12:00:00,0.4115
2024-01-01 12:10:00,0.5366
2024-01-01 12:20:00,0.1998
2024-01-01 12:30:00,0.4737
2024-01-01 12:40:00,0.4139
2024-01-01 12:50:00,0.3823
2024-01-01 13:00:00,0.4131
2024-01-01 13:10:00,0.2465
2024-01-01 13:20:00,0.3878
2024-01-01 13:30:00,0.4338
2024-01-01 13:40:00,0.5234
2024-01-01 13:50:00,0.3637
2024-01-01 14:00:00,0.3405
2024-01-01 14:10:00,0.3652
2024-01-01 14:20:00,0.4787
2024-01-01 14:30:00,0.4322
2024-01-01 14:40:00,0.364
2024-01-01 14:50:00,0.4484
2024-01-01 15:00:00,0.4165
2024-01-01 15:10:00,0.4884
2024-01-01 15:20:00,0.3579
2024-01-01 15:30:00,0.3926
2024-01-01 15:40:00,0.3941
2024-01-01 15:50:00,0.3178
2024-01-01 16:00:00,0.4714
2024-01-01 16:10:00,0.4857
2024-01-01 16:20:00,0.4877
2024-01-01 16:30:00,0.4972
2024-01-01 16:40:00,0.4385
2024-01-01 16:50:00,0.5618
2024-01-01 17:00:00,0.6199
2024-01-01 17:10:00,0.6434
2024-01-01 17:20:00,0.7626
2024-01-01 17:30:00,0.8823
2024-01-01 17:40:00,1.0802
2024-01-01 17:50:00,1.0248
2024-01-01 18:00:00,1.1124
2024-01-01 18:10:00,1.1627
2024-01-01 18:20:00,1.0845
2024-01-01 18:30:00,1.294
2024-01-01 18:40:00,1.345
2024-01-01 18:50:00,1.5647
2024-01-01 19:00:00,1.3616
2024-01-01 19:10:00,1.3917
2024-01-01 19:20:00,1.3374
2024-01-01 19:30:00,1.2026
2024-01-01 19:40:00,1.3294
2024-01-01 19:50:00,1.2289
2024-01-01 20:00:00,1.1551
2024-01-01 20:10:00,0.9381
2024-01-01 20:20:00,1.0415
2024-01-01 20:30:00,0.7378
2024-01-01 20:40:00,0.8224
2024-01-01 20:50:00,0.8828
2024-01-01 21:00:00,0.5681
2024-01-01 21:10:00,0.5501
2024-01-01 21:20:00,0.5597
2024-01-01 21:30:00,0.4757
2024-01-01 21:40:00,0.3632
2024-01-01 21:50:00,0.4703
2024-01-01 22:00:00,0.3627
2024-01-01 22:10:00,0.4728
2024-01-01 22:20:00,0.3519
2024-01-01 22:30:00,0.5428
2024-01-01 22:40:00,0.3514
2024-01-01 22:50:00,0.3851
2024-01-01 23:00:00,0.4738
2024-01-01 23:10:00,0.3089
2024-01-01 23:20:00,0.4246
2024-01-01 23:30:00,0.5104
2024-01-01 23:40:00,0.2769
2024-01-01 23:50:00,0.42
2024-01-02 00:00:00,0.3527
2024-01-02 00:10:00,0.3769
2024-01-02 00:20:00,0.1949
2024-01-02 00:30:00,0.1649
2024-01-02 00:40:00,0.286
2024-01-02 00:50:00,0.239
2024-01-02 01:00:00,0.2038
2024-01-02 01:10:00,0.1781
2024-01-02 01:20:00,0.0671
2024-01-02 01:30:00,0.1401
2024-01-02 01:40:00,0.1449
2024-01-02 01:50:00,0.0643
2024-01-02 02:00:00,0.2707
2024-01-02 02:10:00,0.1594
2024-01-02 02:20:00,0.05
2024-01-02 02:30:00,0.174
2024-01-02 02:40:00,0.05
2024-01-02 02:50:00,0.1844
2024-01-02 03:00:00,0.2142
2024-01-02 03:10:00,0.0558
2024-01-02 03:20:00,0.1986
2024-01-02 03:30:00,0.1545
2024-01-02 03:40:00,0.1872
2024-01-02 03:50:00,0.3556
2024-01-02 04:00:00,0.2818
2024-01-02 04:10:00,0.3538
2024-01-02 04:20:00,0.4704
2024-01-02 04:30:00,0.618
2024-01-02 04:40:00,0.8321
2024-01-02 04:50:00,1.0324
2024-01-02 05:00:00,1.204
2024-01-02 05:10:00,1.4321
2024-01-02 05:20:00,1.5555
2024-01-02 05:30:00,1.8602
2024-01-02 05:40:00,1.9093
2024-01-02 05:50:00,2.3273
2024-01-02 06:00:00,2.3274
2024-01-02 06:10:00,2.3604
2024-01-02 06:20:00,2.4747
2024-01-02 06:30:00,2.7064
2024-01-02 06:40:00,2.7302
2024-01-02 06:50:00,2.8561
2024-01-02 07:00:00,2.857
2024-01-02 07:10:00,2.8024
2024-01-02 07:20:00,2.6992
2024-01-02 07:30:00,2.5761
2024-01-02 07:40:00,2.5661
2024-01-02 07:50:00,2.5526
2024-01-02 08:00:00,2.3655
2024-01-02 08:10:00,2.0993
2024-01-02 08:20:00,2.0545
2024-01-02 08:30:00,1.9088
2024-01-02 08:40:00,1.6444
2024-01-02 08:50:00,1.5682
2024-01-02 09:00:00,1.4083
2024-01-02 09:10:00,1.1694
2024-01-02 09:20:00,1.1581
2024-01-02 09:30:00,1.0556
2024-01-02 09:40:00,0.9919
2024-01-02 09:50:00,0.8973
2024-01-02 10:00:00,0.6235
2024-01-02 10:10:00,0.5916
2024-01-02 10:20:00,0.6518
2024-01-02 10:30:00,0.6057
2024-01-02 10:40:00,0.5686
2024-01-02 10:50:00,0.8059
2024-01-02 11:00:00,0.52
2024-01-02 11:10:00,0.5471
2024-01-02 11:20:00,0.5187
2024-01-02 11:30:00,0.484
2024-01-02 11:40:00,0.3989
2024-01-02 11:50:00,0.4792
2024-01-02 12:00:00,0.3525
2024-01-02 12:10:00,0.3924
2024-01-02 12:20:00,0.3705
2024-01-02 12:30:00,0.4144
2024-01-02 12:40:00,0.592
2024-01-02 12:50:00,0.2568
2024-01-02 13:00:00,0.4607
2024-01-02 13:10:00,0.2764
2024-01-02 13:20:00,0.3675
2024-01-02 13:30:00,0.4923
2024-01-02 13:40:00,0.4103
2024-01-02 13:50:00,0.3189
2024-01-02 14:00:00,0.3479
2024-01-02 14:10:00,0.4596
2024-01-02 14:20:00,0.347
2024-01-02 14:30:00,0.4231
2024-01-02 14:40:00,0.41
2024-01-02 14:50:00,0.3552
2024-01-02 15:00:00,0.5802
2024-01-02 15:10:00,0.4616
2024-01-02 15:20:00,0.2521
2024-01-02 15:30:00,0.4337
2024-01-02 15:40:00,0.3725
2024-01-02 15:50:00,0.503
2024-01-02 16:00:00,0.3842
2024-01-02 16:10:00,0.4556
2024-01-02 16:20:00,0.5276
2024-01-02 16:30:00,0.5851
2024-01-02 16:40:00,0.4557
2024-01-02 16:50:00,0.5686
2024-01-02 17:00:00,0.6093
2024-01-02 17:10:00,0.6552
2024-01-02 17:20:00,0.9166
2024-01-02 17:30:00,0.8823
2024-01-02 17:40:00,0.8283
2024-01-02 17:50:00,1.0842
2024-01-02 18:00:00,1.2615
2024-01-02 18:10:00,1.2512
2024-01-02 18:20:00,1.1163
2024-01-02 18:30:00,1.2572
2024-01-02 18:40:00,1.4414
2024-01-02 18:50:00,1.3108
2024-01-02 19:00:00,1.4123
2024-01-02 19:10:00,1.4294
2024-01-02 19:20:00,1.2659
2024-01-02 19:30:00,1.2912
2024-01-02 19:40:00,0.9785
2024-01-02 19:50:00,1.0866
2024-01-02 20:00:00,1.0715
2024-01-02 20:10:00,0.9109
2024-01-02 20:20:00,1.0598
2024-01-02 20:30:00,0.7355
2024-01-02 20:40:00,0.7402
2024-01-02 20:50:00,0.7179
2024-01-02 21:00:00,0.7626
2024-01-02 21:10:00,0.4805
2024-01-02 21:20:00,0.6447
2024-01-02 21:30:00,0.5167
2024-01-02 21:40:00,0.4087
2024-01-02 21:50:00,0.5018
2024-01-02 22:00:00,0.4636
2024-01-02 22:10:00,0.3868
2024-01-02 22:20:00,0.431
2024-01-02 22:30:00,0.3879
2024-01-02 22:40:00,0.4231
2024-01-02 22:50:00,0.4638
2024-01-02 23:00:00,0.5356
2024-01-02 23:10:00,0.3083
2024-01-02 23:20:00,0.577
2024-01-02 23:30:00,0.2496
2024-01-02 23:40:00,0.3933
2024-01-02 23:50:00,0.4523
2024-01-03 00:00:00,0.3543
2024-01-03 00:10:00,0.2644
2024-01-03 00:20:00,0.2772
2024-01-03 00:30:00,0.231
2024-01-03 00:40:00,0.197
2024-01-03 00:50:00,0.2832
2024-01-03 01:00:00,0.2123
2024-01-03 01:10:00,0.0949
2024-01-03 01:20:00,0.1934
2024-01-03 01:30:00,0.146
2024-01-03 01:40:00,0.1865
2024-01-03 01:50:00,0.1718
2024-01-03 02:00:00,0.0551
2024-01-03 02:10:00,0.0766
2024-01-03 02:20:00,0.1812
2024-01-03 02:30:00,0.1703
2024-01-03 02:40:00,0.1198
2024-01-03 02:50:00,0.1308
2024-01-03 03:00:00,0.2237
2024-01-03 03:10:00,0.0741
2024-01-03 03:20:00,0.1652
2024-01-03 03:30:00,0.1053
2024-01-03 03:40:00,0.104
2024-01-03 03:50:00,0.2918
2024-01-03 04:00:00,0.3674
2024-01-03 04:10:00,0.4791
2024-01-03 04:20:00,0.6459
2024-01-03 04:30:00,0.6848
2024-01-03 04:40:00,0.8927
2024-01-03 04:50:00,0.9801
2024-01-03 05:00:00,1.2075
2024-01-03 05:10:00,1.3553
2024-01-03 05:20:00,1.5619
2024-01-03 05:30:00,1.7912
2024-01-03 05:40:00,1.8646
2024-01-03 05:50:00,2.2767
2024-01-03 06:00:00,2.1964
2024-01-03 06:10:00,2.3314
2024-01-03 06:20:00,2.6525
2024-01-03 06:30:00,2.7306
2024-01-03 06:40:00,2.7975
2024-01-03 06:50:00,2.8487
2024-01-03 07:00:00,2.8176
2024-01-03 07:10:00,2.7359
2024-01-03 07:20:00,2.7725
2024-01-03 07:30:00,2.6426
2024-01-03 07:40:00,2.6793
2024-01-03 07:50:00,2.4719
2024-01-03 08:00:00,2.2819
2024-01-03 08:10:00,2.1728
2024-01-03 08:20:00,2.0733
2024-01-03 08:30:00,1.8325
2024-01-03 08:40:00,1.649
2024-01-03 08:50:00,1.5751
2024-01-03 09:00:00,1.4229
2024-01-03 09:10:00,1.22
2024-01-03 09:20:00,1.0916
2024-01-03 09:30:00,1.0291
2024-01-03 09:40:00,0.7892
2024-01-03 09:50:00,0.7003
2024-01-03 10:00:00,0.6761
2024-01-03 10:10:00,0.6494
2024-01-03 10:20:00,0.6354
2024-01-03 10:30:00,0.6826
2024-01-03 10:40:00,0.5959
2024-01-03 10:50:00,0.4848
2024-01-03 11:00:00,0.4727
2024-01-03 11:10:00,0.3759
2024-01-03 11:20:00,0.4408
2024-01-03 11:30:00,0.4088
2024-01-03 11:40:00,0.4499
2024-01-03 11:50:00,0.3522
2024-01-03 12:00:00,0.4558
2024-01-03 12:10:00,0.5339
2024-01-03 12:20:00,0.4005
2024-01-03 12:30:00,0.4399
2024-01-03 12:40:00,0.462
2024-01-03 12:50:00,0.374
2024-01-03 13:00:00,0.4236
2024-01-03 13:10:00,0.4064
2024-01-03 13:20:00,0.413
2024-01-03 13:30:00,0.3432
2024-01-03 13:40:00,0.407
2024-01-03 13:50:00,0.4449
2024-01-03 14:00:00,0.5212
2024-01-03 14:10:00,0.4819
2024-01-03 14:20:00,0.5776
2024-01-03 14:30:00,0.3443
2024-01-03 14:40:00,0.4761
2024-01-03 14:50:00,0.4219
2024-01-03 15:00:00,0.5838
2024-01-03 15:10:00,0.3461
2024-01-03 15:20:00,0.3468
2024-01-03 15:30:00,0.3707
2024-01-03 15:40:00,0.2555
2024-01-03 15:50:00,0.3927
2024-01-03 16:00:00,0.3868
2024-01-03 16:10:00,0.4767
2024-01-03 16:20:00,0.5145
2024-01-03 16:30:00,0.6659
2024-01-03 16:40:00,0.6276
2024-01-03 16:50:00,0.5491
2024-01-03 17:00:00,0.5753
2024-01-03 17:10:00,0.7467
2024-01-03 17:20:00,0.6696
2024-01-03 17:30:00,0.9962
2024-01-03 17:40:00,1.0233
2024-01-03 17:50:00,0.973
2024-01-03 18:00:00,0.9544
2024-01-03 18:10:00,1.2766
2024-01-03 18:20:00,1.2284
2024-01-03 18:30:00,1.3948
2024-01-03 18:40:00,1.2122
2024-01-03 18:50:00,1.3192
2024-01-03 19:00:00,1.3769
2024-01-03 19:10:00,1.371
2024-01-03 19:20:00,1.3037
2024-01-03 19:30:00,1.3456
2024-01-03 19:40:00,1.1522
2024-01-03 19:50:00,1.1569
2024-01-03 20:00:00,1.1011
2024-01-03 20:10:00,1.0517
2024-01-03 20:20:00,0.9859
2024-01-03 20:30:00,0.7597
2024-01-03 20:40:00,0.6525
2024-01-03 20:50:00,0.8095
2024-01-03 21:00:00,0.6737
2024-01-03 21:10:00,0.5354
2024-01-03 21:20:00,0.6757
2024-01-03 21:30:00,0.525
2024-01-03 21:40:00,0.5815
2024-01-03 21:50:00,0.4701
2024-01-03 22:00:00,0.6124
2024-01-03 22:10:00,0.5752
2024-01-03 22:20:00,0.4055
2024-01-03 22:30:00,0.4964
2024-01-03 22:40:00,0.4656
2024-01-03 22:50:00,0.5203
2024-01-03 23:00:00,0.3314
2024-01-03 23:10:00,0.4621
2024-01-03 23:20:00,0.491
2024-01-03 23:30:00,0.265
2024-01-03 23:40:00,0.3107
2024-01-03 23:50:00,0.242
2024-01-04 00:00:00,0.3102
2024-01-04 00:10:00,0.3716
2024-01-04 00:20:00,0.4139
2024-01-04 00:30:00,0.2763
2024-01-04 00:40:00,0.3744
2024-01-04 00:50:00,0.1047
2024-01-04 01:00:00,0.05
2024-01-04 01:10:00,0.1459
2024-01-04 01:20:00,0.1522
2024-01-04 01:30:00,0.1188
2024-01-04 01:40:00,0.05
2024-01-04 01:50:00,0.1143
2024-01-04 02:00:00,0.05
2024-01-04 02:10:00,0.175
2024-01-04 02:20:00,0.1508
2024-01-04 02:30:00,0.05
2024-01-04 02:40:00,0.0803
2024-01-04 02:50:00,0.05
2024-01-04 03:00:00,0.1164
2024-01-04 03:10:00,0.1978
2024-01-04 03:20:00,0.05
2024-01-04 03:30:00,0.1617
2024-01-04 03:40:00,0.079
2024-01-04 03:50:00,0.1404
2024-01-04 04:00:00,0.2927
2024-01-04 04:10:00,0.331
2024-01-04 04:20:00,0.497
2024-01-04 04:30:00,0.5871
2024-01-04 04:40:00,0.9951
2024-01-04 04:50:00,1.0075
2024-01-04 05:00:00,1.1253
2024-01-04 05:10:00,1.3824
2024-01-04 05:20:00,1.5448
2024-01-04 05:30:00,1.7255
2024-01-04 05:40:00,1.9787
2024-01-04 05:50:00,2.1693
2024-01-04 06:00:00,2.2339
2024-01-04 06:10:00,2.3818
2024-01-04 06:20:00,2.5372
2024-01-04 06:30:00,2.4824
2024-01-04 06:40:00,2.6256
2024-01-04 06:50:00,2.9071
2024-01-04 07:00:00,2.9494
2024-01-04 07:10:00,2.787
2024-01-04 07:20:00,2.8118
2024-01-04 07:30:00,2.7209
2024-01-04 07:40:00,2.8469
2024-01-04 07:50:00,2.5725
2024-01-04 08:00:00,2.337
2024-01-04 08:10:00,2.1215
2024-01-04 08:20:00,1.9112
2024-01-04 08:30:00,1.8933
2024-01-04 08:40:00,1.6538
2024-01-04 08:50:00,1.4414
2024-01-04 09:00:00,1.3512
2024-01-04 09:10:00,1.1737
2024-01-04 09:20:00,1.2639
2024-01-04 09:30:00,1.0808
2024-01-04 09:40:00,0.9042
2024-01-04 09:50:00,0.9311
2024-01-04 10:00:00,0.7396
2024-01-04 10:10:00,0.5974
2024-01-04 10:20:00,0.7322
2024-01-04 10:30:00,0.6075
2024-01-04 10:40:00,0.4442
2024-01-04 10:50:00,0.4822
2024-01-04 11:00:00,0.4041
2024-01-04 11:10:00,0.3454
2024-01-04 11:20:00,0.5163
2024-01-04 11:30:00,0.5845
2024-01-04 11:40:00,0.3121
2024-01-04 11:50:00,0.4633
2024-01-04 12:00:00,0.3621
2024-01-04 12:10:00,0.3722
2024-01-04 12:20:00,0.3617
2024-01-04 12:30:00,0.3386
2024-01-04 12:40:00,0.4106
2024-01-04 12:50:00,0.3395
2024-01-04 13:00:00,0.4272
2024-01-04 13:10:00,0.4013
2024-01-04 13:20:00,0.386
2024-01-04 13:30:00,0.3324
2024-01-04 13:40:00,0.3588
2024-01-04 13:50:00,0.4653
2024-01-04 14:00:00,0.445
2024-01-04 14:10:00,0.3269
2024-01-04 14:20:00,0.4132
2024-01-04 14:30:00,0.4657
2024-01-04 14:40:00,0.2726
2024-01-04 14:50:00,0.4506
2024-01-04 15:00:00,0.3555
2024-01-04 15:10:00,0.4563
2024-01-04 15:20:00,0.3528
2024-01-04 15:30:00,0.2742
2024-01-04 15:40:00,0.2951
2024-01-04 15:50:00,0.4385
2024-01-04 16:00:00,0.4682
2024-01-04 16:10:00,0.3922
2024-01-04 16:20:00,0.5381
2024-01-04 16:30:00,0.3827
2024-01-04 16:40:00,0.5462
2024-01-04 16:50:00,0.4982
2024-01-04 17:00:00,0.5948
2024-01-04 17:10:00,0.7109
2024-01-04 17:20:00,0.7062
2024-01-04 17:30:00,0.8187
2024-01-04 17:40:00,1.0092
2024-01-04 17:50:00,0.9641
2024-01-04 18:00:00,1.158
2024-01-04 18:10:00,1.0776
2024-01-04 18:20:00,1.2796
2024-01-04 18:30:00,1.4107
2024-01-04 18:40:00,1.1417
2024-01-04 18:50:00,1.3031
2024-01-04 19:00:00,1.4223
2024-01-04 19:10:00,1.3506
2024-01-04 19:20:00,1.3691
2024-01-04 19:30:00,1.2471
2024-01-04 19:40:00,1.2442
2024-01-04 19:50:00,1.1556
2024-01-04 20:00:00,1.1846
2024-01-04 20:10:00,1.0307
2024-01-04 20:20:00,0.9557
2024-01-04 20:30:00,0.8165
2024-01-04 20:40:00,0.736
2024-01-04 20:50:00,0.6725
2024-01-04 21:00:00,0.6785
2024-01-04 21:10:00,0.5614
2024-01-04 21:20:00,0.5746
2024-01-04 21:30:00,0.6817
2024-01-04 21:40:00,0.5567
2024-01-04 21:50:00,0.4385
2024-01-04 22:00:00,0.5435
2024-01-04 22:10:00,0.402
2024-01-04 22:20:00,0.2622
2024-01-04 22:30:00,0.3379
2024-01-04 22:40:00,0.2642
2024-01-04 22:50:00,0.3825
2024-01-04 23:00:00,0.41
2024-01-04 23:10:00,0.5412
2024-01-04 23:20:00,0.4323
2024-01-04 23:30:00,0.3881
2024-01-04 23:40:00,0.4716
2024-01-04 23:50:00,0.2282
2024-01-05 00:00:00,0.3505
2024-01-05 00:10:00,0.3757
2024-01-05 00:20:00,0.1754
2024-01-05 00:30:00,0.3618
2024-01-05 00:40:00,0.2711
2024-01-05 00:50:00,0.1818
2024-01-05 01:00:00,0.2343
2024-01-05 01:10:00,0.3319
2024-01-05 01:20:00,0.1359
2024-01-05 01:30:00,0.1412
2024-01-05 01:40:00,0.0846
2024-01-05 01:50:00,0.0534
2024-01-05 02:00:00,0.1878
2024-01-05 02:10:00,0.0529
2024-01-05 02:20:00,0.1271
2024-01-05 02:30:00,0.0832
2024-01-05 02:40:00,0.1597
2024-01-05 02:50:00,0.1481
2024-01-05 03:00:00,0.2044
2024-01-05 03:10:00,0.0806
2024-01-05 03:20:00,0.0998
2024-01-05 03:30:00,0.05
2024-01-05 03:40:00,0.0858
2024-01-05 03:50:00,0.2339
2024-01-05 04:00:00,0.3617
2024-01-05 04:10:00,0.3399
2024-01-05 04:20:00,0.6107
2024-01-05 04:30:00,0.7912
2024-01-05 04:40:00,0.8707
2024-01-05 04:50:00,1.1545
2024-01-05 05:00:00,1.119
2024-01-05 05:10:00,1.2653
2024-01-05 05:20:00,1.4109
2024-01-05 05:30:00,1.8622
2024-01-05 05:40:00,1.9812
2024-01-05 05:50:00,2.1036
2024-01-05 06:00:00,2.2979
2024-01-05 06:10:00,2.337
2024-01-05 06:20:00,2.754
2024-01-05 06:30:00,2.676
2024-01-05 06:40:00,2.7546
2024-01-05 06:50:00,2.8548
2024-01-05 07:00:00,2.8553
2024-01-05 07:10:00,2.8239
2024-01-05 07:20:00,2.7015
2024-01-05 07:30:00,2.7328
2024-01-05 07:40:00,2.7503
2024-01-05 07:50:00,2.5897
2024-01-05 08:00:00,2.4739
2024-01-05 08:10:00,2.1563
2024-01-05 08:20:00,1.9598
2024-01-05 08:30:00,1.8664
2024-01-05 08:40:00,1.7181
2024-01-05 08:50:00,1.6422
2024-01-05 09:00:00,1.2671
2024-01-05 09:10:00,1.3822
2024-01-05 09:20:00,1.1159
2024-01-05 09:30:00,0.9758
2024-01-05 09:40:00,0.8235
2024-01-05 09:50:00,0.68
2024-01-05 10:00:00,0.799
2024-01-05 10:10:00,0.6719
2024-01-05 10:20:00,0.5069
2024-01-05 10:30:00,0.4606
2024-01-05 10:40:00,0.5001
2024-01-05 10:50:00,0.6308
2024-01-05 11:00:00,0.4532
2024-01-05 11:10:00,0.3356
2024-01-05 11:20:00,0.4224
2024-01-05 11:30:00,0.4098
2024-01-05 11:40:00,0.2081
2024-01-05 11:50:00,0.4138
2024-01-05 12:00:00,0.3955
2024-01-05 12:10:00,0.4667
2024-01-05 12:20:00,0.5569
2024-01-05 12:30:00,0.4977
2024-01-05 12:40:00,0.385
2024-01-05 12:50:00,0.3174
2024-01-05 13:00:00,0.6113
2024-01-05 13:10:00,0.4099
2024-01-05 13:20:00,0.4061
2024-01-05 13:30:00,0.4029
2024-01-05 13:40:00,0.4206
2024-01-05 13:50:00,0.3932
2024-01-05 14:00:00,0.3589
2024-01-05 14:10:00,0.3612
2024-01-05 14:20:00,0.4025
2024-01-05 14:30:00,0.362
2024-01-05 14:40:00,0.349
2024-01-05 14:50:00,0.4155
2024-01-05 15:00:00,0.388
2024-01-05 15:10:00,0.5308
2024-01-05 15:20:00,0.2017
2024-01-05 15:30:00,0.5057
2024-01-05 15:40:00,0.5248
2024-01-05 15:50:00,0.2686
2024-01-05 16:00:00,0.4199
2024-01-05 16:10:00,0.4347
2024-01-05 16:20:00,0.3742
2024-01-05 16:30:00,0.4532
2024-01-05 16:40:00,0.4624
2024-01-05 16:50:00,0.7351
2024-01-05 17:00:00,0.7216
2024-01-05 17:10:00,0.8086
2024-01-05 17:20:00,0.8325
2024-01-05 17:30:00,0.7589
2024-01-05 17:40:00,0.8865
2024-01-05 17:50:00,1.0491
2024-01-05 18:00:00,0.993
2024-01-05 18:10:00,1.2247
2024-01-05 18:20:00,1.2176
2024-01-05 18:30:00,1.265
2024-01-05 18:40:00,1.3958
2024-01-05 18:50:00,1.4019
2024-01-05 19:00:00,1.3468
2024-01-05 19:10:00,1.4591
2024-01-05 19:20:00,1.2524
2024-01-05 19:30:00,1.3442
2024-01-05 19:40:00,1.2843
2024-01-05 19:50:00,1.1429
2024-01-05 20:00:00,1.1169
2024-01-05 20:10:00,0.9099
2024-01-05 20:20:00,1.0023
2024-01-05 20:30:00,0.8344
2024-01-05 20:40:00,0.7329
2024-01-05 20:50:00,0.7908
2024-01-05 21:00:00,0.5904
2024-01-05 21:10:00,0.4822
2024-01-05 21:20:00,0.4267
2024-01-05 21:30:00,0.564
2024-01-05 21:40:00,0.3844
2024-01-05 21:50:00,0.6048
2024-01-05 22:00:00,0.2807
2024-01-05 22:10:00,0.5702
2024-01-05 22:20:00,0.442
2024-01-05 22:30:00,0.4107
2024-01-05 22:40:00,0.3701
2024-01-05 22:50:00,0.4424
2024-01-05 23:00:00,0.4054
2024-01-05 23:10:00,0.4952
2024-01-05 23:20:00,0.4152
2024-01-05 23:30:00,0.4175
2024-01-05 23:40:00,0.376
2024-01-05 23:50:00,0.4003
2024-01-06 00:00:00,0.4556
2024-01-06 00:10:00,0.2713
2024-01-06 00:20:00,0.2737
2024-01-06 00:30:00,0.4107
2024-01-06 00:40:00,0.3308
2024-01-06 00:50:00,0.2647
2024-01-06 01:00:00,0.2401
2024-01-06 01:10:00,0.2231
2024-01-06 01:20:00,0.1146
2024-01-06 01:30:00,0.0955
2024-01-06 01:40:00,0.1734
2024-01-06 01:50:00,0.0795
2024-01-06 02:00:00,0.1904
2024-01-06 02:10:00,0.05
2024-01-06 02:20:00,0.2401
2024-01-06 02:30:00,0.1955
2024-01-06 02:40:00,0.1782
2024-01-06 02:50:00,0.2363
2024-01-06 03:00:00,0.291
2024-01-06 03:10:00,0.2389
2024-01-06 03:20:00,0.05
2024-01-06 03:30:00,0.0554
2024-01-06 03:40:00,0.1078
2024-01-06 03:50:00,0.2668
2024-01-06 04:00:00,0.4328
2024-01-06 04:10:00,0.4796
2024-01-06 04:20:00,0.7181
2024-01-06 04:30:00,0.8268
2024-01-06 04:40:00,1.0395
2024-01-06 04:50:00,1.1925
2024-01-06 05:00:00,1.4606
2024-01-06 05:10:00,1.6654
2024-01-06 05:20:00,1.9403
2024-01-06 05:30:00,2.3486
2024-01-06 05:40:00,2.4305
2024-01-06 05:50:00,2.9499
2024-01-06 06:00:00,2.9964
2024-01-06 06:10:00,3.1686
2024-01-06 06:20:00,3.2557
2024-01-06 06:30:00,3.5199
2024-01-06 06:40:00,3.5221
2024-01-06 06:50:00,3.644
2024-01-06 07:00:00,3.8652
2024-01-06 07:10:00,3.6385
2024-01-06 07:20:00,3.6846
2024-01-06 07:30:00,3.4459
2024-01-06 07:40:00,3.3754
2024-01-06 07:50:00,3.367
2024-01-06 08:00:00,2.9989
2024-01-06 08:10:00,3.0002
2024-01-06 08:20:00,2.7062
2024-01-06 08:30:00,2.3933
2024-01-06 08:40:00,2.2774
2024-01-06 08:50:00,2.098
2024-01-06 09:00:00,1.8722
2024-01-06 09:10:00,1.5115
2024-01-06 09:20:00,1.4083
2024-01-06 09:30:00,1.2925
2024-01-06 09:40:00,1.1694
2024-01-06 09:50:00,1.1053
2024-01-06 10:00:00,0.9669
2024-01-06 10:10:00,0.7587
2024-01-06 10:20:00,0.8232
2024-01-06 10:30:00,0.782
2024-01-06 10:40:00,0.7296
2024-01-06 10:50:00,0.7327
2024-01-06 11:00:00,0.6826
2024-01-06 11:10:00,0.6291
2024-01-06 11:20:00,0.5688
2024-01-06 11:30:00,0.4279
2024-01-06 11:40:00,0.5851
2024-01-06 11:50:00,0.5599
2024-01-06 12:00:00,0.5597
2024-01-06 12:10:00,0.432
2024-01-06 12:20:00,0.445
2024-01-06 12:30:00,0.6138
2024-01-06 12:40:00,0.5251
2024-01-06 12:50:00,0.5819
2024-01-06 13:00:00,0.5291
2024-01-06 13:10:00,0.5288
2024-01-06 13:20:00,0.6013
2024-01-06 13:30:00,0.4848
2024-01-06 13:40:00,0.5337
2024-01-06 13:50:00,0.489
2024-01-06 14:00:00,0.4913
2024-01-06 14:10:00,0.5015
2024-01-06 14:20:00,0.5442
2024-01-06 14:30:00,0.4886
2024-01-06 14:40:00,0.6281
2024-01-06 14:50:00,0.4572
2024-01-06 15:00:00,0.5157
2024-01-06 15:10:00,0.4983
2024-01-06 15:20:00,0.6534
2024-01-06 15:30:00,0.5594
2024-01-06 15:40:00,0.635
2024-01-06 15:50:00,0.4457
2024-01-06 16:00:00,0.6026
2024-01-06 16:10:00,0.6746
2024-01-06 16:20:00,0.6392
2024-01-06 16:30:00,0.7551
2024-01-06 16:40:00,0.6749
2024-01-06 16:50:00,0.8858
2024-01-06 17:00:00,1.0243
2024-01-06 17:10:00,0.8895
2024-01-06 17:20:00,0.9711
2024-01-06 17:30:00,1.2198
2024-01-06 17:40:00,1.3328
2024-01-06 17:50:00,1.2706
2024-01-06 18:00:00,1.3838
2024-01-06 18:10:00,1.4947
2024-01-06 18:20:00,1.4996
2024-01-06 18:30:00,1.6092
2024-01-06 18:40:00,1.6595
2024-01-06 18:50:00,1.7141
2024-01-06 19:00:00,1.7849
2024-01-06 19:10:00,1.7943
2024-01-06 19:20:00,1.8639
2024-01-06 19:30:00,1.6028
2024-01-06 19:40:00,1.6859
2024-01-06 19:50:00,1.5001
2024-01-06 20:00:00,1.4135
2024-01-06 20:10:00,1.3664
2024-01-06 20:20:00,1.1166
2024-01-06 20:30:00,1.1341
2024-01-06 20:40:00,1.0201
2024-01-06 20:50:00,0.958
2024-01-06 21:00:00,0.8636
2024-01-06 21:10:00,0.9694
2024-01-06 21:20:00,0.6653
2024-01-06 21:30:00,0.6273
2024-01-06 21:40:00,0.5827
2024-01-06 21:50:00,0.559
2024-01-06 22:00:00,0.5302
2024-01-06 22:10:00,0.6597
2024-01-06 22:20:00,0.6661
2024-01-06 22:30:00,0.498
2024-01-06 22:40:00,0.471
2024-01-06 22:50:00,0.5712
2024-01-06 23:00:00,0.4865
2024-01-06 23:10:00,0.5794
2024-01-06 23:20:00,0.5439
2024-01-06 23:30:00,0.4056
2024-01-06 23:40:00,0.6502
2024-01-06 23:50:00,0.6698
2024-01-07 00:00:00,0.3817
2024-01-07 00:10:00,0.3769
2024-01-07 00:20:00,0.4043
2024-01-07 00:30:00,0.3778
2024-01-07 00:40:00,0.3697
2024-01-07 00:50:00,0.4401
2024-01-07 01:00:00,0.2244
2024-01-07 01:10:00,0.1313
2024-01-07 01:20:00,0.05
2024-01-07 01:30:00,0.0992
2024-01-07 01:40:00,0.155
2024-01-07 01:50:00,0.3012
2024-01-07 02:00:00,0.1162
2024-01-07 02:10:00,0.1756
2024-01-07 02:20:00,0.1563
2024-01-07 02:30:00,0.2527
2024-01-07 02:40:00,0.3598
2024-01-07 02:50:00,0.1152
2024-01-07 03:00:00,0.1185
2024-01-07 03:10:00,0.2412
2024-01-07 03:20:00,0.2122
2024-01-07 03:30:00,0.3054
2024-01-07 03:40:00,0.2044
2024-01-07 03:50:00,0.2359
2024-01-07 04:00:00,0.4384
2024-01-07 04:10:00,0.626
2024-01-07 04:20:00,0.7684
2024-01-07 04:30:00,0.9273
2024-01-07 04:40:00,1.1732
2024-01-07 04:50:00,1.3979
2024-01-07 05:00:00,1.6443
2024-01-07 05:10:00,1.8245
2024-01-07 05:20:00,2.004
2024-01-07 05:30:00,2.275
2024-01-07 05:40:00,2.6018
2024-01-07 05:50:00,2.6725
2024-01-07 06:00:00,2.985
2024-01-07 06:10:00,3.1207
2024-01-07 06:20:00,3.325
2024-01-07 06:30:00,3.5644
2024-01-07 06:40:00,3.5816
2024-01-07 06:50:00,3.6361
2024-01-07 07:00:00,3.5498
2024-01-07 07:10:00,3.7041
2024-01-07 07:20:00,3.6425
2024-01-07 07:30:00,3.6735
2024-01-07 07:40:00,3.3519
2024-01-07 07:50:00,3.2413
2024-01-07 08:00:00,3.0675
2024-01-07 08:10:00,2.9799
2024-01-07 08:20:00,2.6406
2024-01-07 08:30:00,2.4594
2024-01-07 08:40:00,2.2744
2024-01-07 08:50:00,2.0341
2024-01-07 09:00:00,1.7858
2024-01-07 09:10:00,1.6518
2024-01-07 09:20:00,1.5517
2024-01-07 09:30:00,1.2296
2024-01-07 09:40:00,1.1854
2024-01-07 09:50:00,0.9991
2024-01-07 10:00:00,1.0478
2024-01-07 10:10:00,0.7432
2024-01-07 10:20:00,0.7477
2024-01-07 10:30:00,0.7629
2024-01-07 10:40:00,0.8097
2024-01-07 10:50:00,0.6406
2024-01-07 11:00:00,0.5712
2024-01-07 11:10:00,0.7426
2024-01-07 11:20:00,0.4583
2024-01-07 11:30:00,0.3846
2024-01-07 11:40:00,0.5857
2024-01-07 11:50:00,0.5029
2024-01-07 12:00:00,0.456
2024-01-07 12:10:00,0.5905
2024-01-07 12:20:00,0.5507
2024-01-07 12:30:00,0.4842
2024-01-07 12:40:00,0.4256
2024-01-07 12:50:00,0.5969
2024-01-07 13:00:00,0.5786
2024-01-07 13:10:00,0.5183
2024-01-07 13:20:00,0.6737
2024-01-07 13:30:00,0.4402
2024-01-07 13:40:00,0.4037
2024-01-07 13:50:00,0.4704
2024-01-07 14:00:00,0.5221
2024-01-07 14:10:00,0.5454
2024-01-07 14:20:00,0.5069
2024-01-07 14:30:00,0.5548
2024-01-07 14:40:00,0.4273
2024-01-07 14:50:00,0.6441
2024-01-07 15:00:00,0.5238
2024-01-07 15:10:00,0.6226
2024-01-07 15:20:00,0.5648
2024-01-07 15:30:00,0.58
2024-01-07 15:40:00,0.5977
2024-01-07 15:50:00,0.6001
2024-01-07 16:00:00,0.6323
2024-01-07 16:10:00,0.7095
2024-01-07 16:20:00,0.648
2024-01-07 16:30:00,0.7262
2024-01-07 16:40:00,0.7088
2024-01-07 16:50:00,0.8878
2024-01-07 17:00:00,0.7859
2024-01-07 17:10:00,1.0622
2024-01-07 17:20:00,1.003
2024-01-07 17:30:00,0.9885
2024-01-07 17:40:00,1.2161
2024-01-07 17:50:00,1.2572
2024-01-07 18:00:00,1.484
2024-01-07 18:10:00,1.4643
2024-01-07 18:20:00,1.5707
2024-01-07 18:30:00,1.5307
2024-01-07 18:40:00,1.7028
2024-01-07 18:50:00,1.5807
2024-01-07 19:00:00,1.66
2024-01-07 19:10:00,1.8355
2024-01-07 19:20:00,1.8019
2024-01-07 19:30:00,1.7159
2024-01-07 19:40:00,1.529
2024-01-07 19:50:00,1.5127
2024-01-07 20:00:00,1.4165
2024-01-07 20:10:00,1.2191
2024-01-07 20:20:00,1.3261
2024-01-07 20:30:00,1.1731
2024-01-07 20:40:00,0.9886
2024-01-07 20:50:00,0.9203
2024-01-07 21:00:00,0.8567
2024-01-07 21:10:00,0.6093
2024-01-07 21:20:00,0.6962
2024-01-07 21:30:00,0.6149
2024-01-07 21:40:00,0.5522
2024-01-07 21:50:00,0.5807
2024-01-07 22:00:00,0.7247
2024-01-07 22:10:00,0.6156
2024-01-07 22:20:00,0.5064
2024-01-07 22:30:00,0.5892
2024-01-07 22:40:00,0.6493
2024-01-07 22:50:00,0.6072
2024-01-07 23:00:00,0.5352
2024-01-07 23:10:00,0.4768
2024-01-07 23:20:00,0.5832
2024-01-07 23:30:00,0.5581
2024-01-07 23:40:00,0.5978
2024-01-07 23:50:00,0.5767
2024-01-08 00:00:00,0.4151
2024-01-08 00:10:00,0.2708
2024-01-08 00:20:00,0.3986
2024-01-08 00:30:00,0.2857
2024-01-08 00:40:00,0.4097
2024-01-08 00:50:00,0.1596
2024-01-08 01:00:00,0.3222
2024-01-08 01:10:00,0.1659
2024-01-08 01:20:00,0.0691
2024-01-08 01:30:00,0.0825
2024-01-08 01:40:00,0.0956
2024-01-08 01:50:00,0.1551
2024-01-08 02:00:00,0.163
2024-01-08 02:10:00,0.0753
2024-01-08 02:20:00,0.1193
2024-01-08 02:30:00,0.2926
2024-01-08 02:40:00,0.2594
2024-01-08 02:50:00,0.1561
2024-01-08 03:00:00,0.1242
2024-01-08 03:10:00,0.1308
2024-01-08 03:20:00,0.1703
2024-01-08 03:30:00,0.05
2024-01-08 03:40:00,0.1006
2024-01-08 03:50:00,0.0699
2024-01-08 04:00:00,0.3327
2024-01-08 04:10:00,0.4649
2024-01-08 04:20:00,0.5016
2024-01-08 04:30:00,0.8076
2024-01-08 04:40:00,0.7383
2024-01-08 04:50:00,0.8857
2024-01-08 05:00:00,1.1971
2024-01-08 05:10:00,1.4466
2024-01-08 05:20:00,1.6856
2024-01-08 05:30:00,1.7032
2024-01-08 05:40:00,2.0123
2024-01-08 05:50:00,2.1018
2024-01-08 06:00:00,2.2583
2024-01-08 06:10:00,2.4941
2024-01-08 06:20:00,2.6067
2024-01-08 06:30:00,2.5355
2024-01-08 06:40:00,2.8599
2024-01-08 06:50:00,2.903
2024-01-08 07:00:00,2.7626
2024-01-08 07:10:00,2.8334
2024-01-08 07:20:00,2.8001
2024-01-08 07:30:00,2.7119
2024-01-08 07:40:00,2.5518
2024-01-08 07:50:00,2.4247
2024-01-08 08:00:00,2.3409
2024-01-08 08:10:00,2.2877
2024-01-08 08:20:00,2.0794
2024-01-08 08:30:00,1.844
2024-01-08 08:40:00,1.7729
2024-01-08 08:50:00,1.3244
2024-01-08 09:00:00,1.4923
2024-01-08 09:10:00,1.1188
2024-01-08 09:20:00,1.0979
2024-01-08 09:30:00,0.9188
2024-01-08 09:40:00,0.7996
2024-01-08 09:50:00,0.904
2024-01-08 10:00:00,0.6946
2024-01-08 10:10:00,0.6928
2024-01-08 10:20:00,0.6055
2024-01-08 10:30:00,0.6015
2024-01-08 10:40:00,0.5323
2024-01-08 10:50:00,0.3939
2024-01-08 11:00:00,0.553
2024-01-08 11:10:00,0.4157
2024-01-08 11:20:00,0.3168
2024-01-08 11:30:00,0.3967
2024-01-08 11:40:00,0.5432
2024-01-08 11:50:00,0.4855
2024-01-08 12:00:00,0.3855
2024-01-08 12:10:00,0.3825
2024-01-08 12:20:00,0.3826
2024-01-08 12:30:00,0.5731
2024-01-08 12:40:00,0.4365
2024-01-08 12:50:00,0.4397
2024-01-08 13:00:00,0.4872
2024-01-08 13:10:00,0.4236
2024-01-08 13:20:00,0.3836
2024-01-08 13:30:00,0.3885
2024-01-08 13:40:00,0.3985
2024-01-08 13:50:00,0.4012
2024-01-08 14:00:00,0.4624
2024-01-08 14:10:00,0.4085
2024-01-08 14:20:00,0.4631
2024-01-08 14:30:00,0.3984
2024-01-08 14:40:00,0.4117
2024-01-08 14:50:00,0.2465
2024-01-08 15:00:00,0.4811
2024-01-08 15:10:00,0.4376
2024-01-08 15:20:00,0.493
2024-01-08 15:30:00,0.1861
2024-01-08 15:40:00,0.5915
2024-01-08 15:50:00,0.4227
2024-01-08 16:00:00,0.5353
2024-01-08 16:10:00,0.3805
2024-01-08 16:20:00,0.5351
2024-01-08 16:30:00,0.4304
2024-01-08 16:40:00,0.5005
2024-01-08 16:50:00,0.7471
2024-01-08 17:00:00,0.6305
2024-01-08 17:10:00,0.7232
2024-01-08 17:20:00,0.8432
2024-01-08 17:30:00,0.8876
2024-01-08 17:40:00,0.9391
2024-01-08 17:50:00,1.0376
2024-01-08 18:00:00,1.2815
2024-01-08 18:10:00,1.1613
2024-01-08 18:20:00,1.2511
2024-01-08 18:30:00,1.3771
2024-01-08 18:40:00,1.4254
2024-01-08 18:50:00,1.4593
2024-01-08 19:00:00,1.4247
2024-01-08 19:10:00,1.2729
2024-01-08 19:20:00,1.4676
2024-01-08 19:30:00,1.2013
2024-01-08 19:40:00,1.2592
2024-01-08 19:50:00,1.1055
2024-01-08 20:00:00,1.0841
2024-01-08 20:10:00,1.0347
2024-01-08 20:20:00,0.9527
2024-01-08 20:30:00,0.8817
2024-01-08 20:40:00,0.9027
2024-01-08 20:50:00,0.7421
2024-01-08 21:00:00,0.6262
2024-01-08 21:10:00,0.6711
2024-01-08 21:20:00,0.6456
2024-01-08 21:30:00,0.4165
2024-01-08 21:40:00,0.5339
2024-01-08 21:50:00,0.5198
2024-01-08 22:00:00,0.4228
2024-01-08 22:10:00,0.5439
2024-01-08 22:20:00,0.4125
2024-01-08 22:30:00,0.4278
2024-01-08 22:40:00,0.3993
2024-01-08 22:50:00,0.4112
2024-01-08 23:00:00,0.3201
2024-01-08 23:10:00,0.2911
2024-01-08 23:20:00,0.533
2024-01-08 23:30:00,0.3371
2024-01-08 23:40:00,0.3252
2024-01-08 23:50:00,0.232
2024-01-09 00:00:00,0.2798
2024-01-09 00:10:00,0.2075
2024-01-09 00:20:00,0.4244
2024-01-09 00:30:00,0.3505
2024-01-09 00:40:00,0.1885
2024-01-09 00:50:00,0.3948
2024-01-09 01:00:00,0.2618
2024-01-09 01:10:00,0.1239
2024-01-09 01:20:00,0.05
2024-01-09 01:30:00,0.3044
2024-01-09 01:40:00,0.05
2024-01-09 01:50:00,0.05
2024-01-09 02:00:00,0.2029
2024-01-09 02:10:00,0.3163
2024-01-09 02:20:00,0.2319
2024-01-09 02:30:00,0.1662
2024-01-09 02:40:00,0.1687
2024-01-09 02:50:00,0.1894
2024-01-09 03:00:00,0.1818
2024-01-09 03:10:00,0.1436
2024-01-09 03:20:00,0.1295
2024-01-09 03:30:00,0.1161
2024-01-09 03:40:00,0.0608
2024-01-09 03:50:00,0.1808
2024-01-09 04:00:00,0.1651
2024-01-09 04:10:00,0.405
2024-01-09 04:20:00,0.4609
2024-01-09 04:30:00,0.593
2024-01-09 04:40:00,0.8502
2024-01-09 04:50:00,1.1135
2024-01-09 05:00:00,1.2518
2024-01-09 05:10:00,1.2363
2024-01-09 05:20:00,1.4707
2024-01-09 05:30:00,1.8141
2024-01-09 05:40:00,1.8461
2024-01-09 05:50:00,2.0855
2024-01-09 06:00:00,2.3146
2024-01-09 06:10:00,2.3443
2024-01-09 06:20:00,2.5612
2024-01-09 06:30:00,2.5532
2024-01-09 06:40:00,2.6919
2024-01-09 06:50:00,2.8163
2024-01-09 07:00:00,2.6834
2024-01-09 07:10:00,2.8352
2024-01-09 07:20:00,2.7572
2024-01-09 07:30:00,2.7335
2024-01-09 07:40:00,2.612
2024-01-09 07:50:00,2.5859
2024-01-09 08:00:00,2.3514
2024-01-09 08:10:00,2.1581
2024-01-09 08:20:00,2.0444
2024-01-09 08:30:00,1.9159
2024-01-09 08:40:00,1.7139
2024-01-09 08:50:00,1.5545
2024-01-09 09:00:00,1.3433
2024-01-09 09:10:00,1.2041
2024-01-09 09:20:00,1.0139
2024-01-09 09:30:00,1.1477
2024-01-09 09:40:00,0.803
2024-01-09 09:50:00,0.7552
2024-01-09 10:00:00,0.6741
2024-01-09 10:10:00,0.7362
2024-01-09 10:20:00,0.5852
2024-01-09 10:30:00,0.6628
2024-01-09 10:40:00,0.472
2024-01-09 10:50:00,0.5186
2024-01-09 11:00:00,0.4061
2024-01-09 11:10:00,0.6265
2024-01-09 11:20:00,0.3461
2024-01-09 11:30:00,0.4554
2024-01-09 11:40:00,0.4736
2024-01-09 11:50:00,0.4503
2024-01-09 12:00:00,0.3983
2024-01-09 12:10:00,0.3998
2024-01-09 12:20:00,0.4116
2024-01-09 12:30:00,0.3949
2024-01-09 12:40:00,0.4828
2024-01-09 12:50:00,0.5818
2024-01-09 13:00:00,0.36
2024-01-09 13:10:00,0.2947
2024-01-09 13:20:00,0.397
2024-01-09 13:30:00,0.6103
2024-01-09 13:40:00,0.3396
2024-01-09 13:50:00,0.535
2024-01-09 14:00:00,0.5382
2024-01-09 14:10:00,0.3598
2024-01-09 14:20:00,0.4498
2024-01-09 14:30:00,0.5349
2024-01-09 14:40:00,0.3748
2024-01-09 14:50:00,0.3898
2024-01-09 15:00:00,0.361
2024-01-09 15:10:00,0.3285
2024-01-09 15:20:00,0.3609
2024-01-09 15:30:00,0.3196
2024-01-09 15:40:00,0.4269
2024-01-09 15:50:00,0.3719
2024-01-09 16:00:00,0.465
2024-01-09 16:10:00,0.3389
2024-01-09 16:20:00,0.5122
2024-01-09 16:30:00,0.581
2024-01-09 16:40:00,0.3906
2024-01-09 16:50:00,0.6235
2024-01-09 17:00:00,0.7436
2024-01-09 17:10:00,0.6086
2024-01-09 17:20:00,0.9069
2024-01-09 17:30:00,0.8809
2024-01-09 17:40:00,0.87
2024-01-09 17:50:00,1.0033
2024-01-09 18:00:00,1.1331
2024-01-09 18:10:00,1.1712
2024-01-09 18:20:00,1.2773
2024-01-09 18:30:00,1.2185
2024-01-09 18:40:00,1.3496
2024-01-09 18:50:00,1.2503
2024-01-09 19:00:00,1.3638
2024-01-09 19:10:00,1.2911
2024-01-09 19:20:00,1.2772
2024-01-09 19:30:00,1.391
2024-01-09 19:40:00,1.3215
2024-01-09 19:50:00,1.2138
2024-01-09 20:00:00,1.0011
2024-01-09 20:10:00,0.9825
2024-01-09 20:20:00,1.0235
2024-01-09 20:30:00,0.8587
2024-01-09 20:40:00,0.9586
2024-01-09 20:50:00,0.7368
2024-01-09 21:00:00,0.6607
2024-01-09 21:10:00,0.5689
2024-01-09 21:20:00,0.5607
2024-01-09 21:30:00,0.5022
2024-01-09 21:40:00,0.5424
2024-01-09 21:50:00,0.5399
2024-01-09 22:00:00,0.3834
2024-01-09 22:10:00,0.327
2024-01-09 22:20:00,0.2773
2024-01-09 22:30:00,0.4582
2024-01-09 22:40:00,0.3246
2024-01-09 22:50:00,0.2374
2024-01-09 23:00:00,0.4386
2024-01-09 23:10:00,0.6055
2024-01-09 23:20:00,0.4047
2024-01-09 23:30:00,0.4717
2024-01-09 23:40:00,0.4108
2024-01-09 23:50:00,0.3961
2024-01-10 00:00:00,0.4042
2024-01-10 00:10:00,0.2899
2024-01-10 00:20:00,0.3142
2024-01-10 00:30:00,0.2953
2024-01-10 00:40:00,0.1899
2024-01-10 00:50:00,0.2938
2024-01-10 01:00:00,0.1691
2024-01-10 01:10:00,0.0894
2024-01-10 01:20:00,0.164
2024-01-10 01:30:00,0.05
2024-01-10 01:40:00,0.1233
2024-01-10 01:50:00,0.1203
2024-01-10 02:00:00,0.2079
2024-01-10 02:10:00,0.159
2024-01-10 02:20:00,0.119
2024-01-10 02:30:00,0.1865
2024-01-10 02:40:00,0.2323
2024-01-10 02:50:00,0.1657
2024-01-10 03:00:00,0.1219
2024-01-10 03:10:00,0.05
2024-01-10 03:20:00,0.05
2024-01-10 03:30:00,0.0966
2024-01-10 03:40:00,0.0723
2024-01-10 03:50:00,0.1882
2024-01-10 04:00:00,0.3048
2024-01-10 04:10:00,0.4549
2024-01-10 04:20:00,0.5339
2024-01-10 04:30:00,0.7197
2024-01-10 04:40:00,0.8404
2024-01-10 04:50:00,0.8434
2024-01-10 05:00:00,1.1023
2024-01-10 05:10:00,1.3494
2024-01-10 05:20:00,1.452
2024-01-10 05:30:00,1.7855
2024-01-10 05:40:00,2.0458
2024-01-10 05:50:00,2.1995
2024-01-10 06:00:00,2.2519
2024-01-10 06:10:00,2.5393
2024-01-10 06:20:00,2.5628
2024-01-10 06:30:00,2.631
2024-01-10 06:40:00,2.6889
2024-01-10 06:50:00,2.7645
2024-01-10 07:00:00,2.7777
2024-01-10 07:10:00,2.8115
2024-01-10 07:20:00,2.7697
2024-01-10 07:30:00,2.6876
2024-01-10 07:40:00,2.6272
2024-01-10 07:50:00,2.5702
2024-01-10 08:00:00,2.4157
2024-01-10 08:10:00,2.0721
2024-01-10 08:20:00,1.8288
2024-01-10 08:30:00,1.9458
2024-01-10 08:40:00,1.5994
2024-01-10 08:50:00,1.5322
2024-01-10 09:00:00,1.3048
2024-01-10 09:10:00,1.112
2024-01-10 09:20:00,1.1686
2024-01-10 09:30:00,1.0677
2024-01-10 09:40:00,0.8558
2024-01-10 09:50:00,0.6028
2024-01-10 10:00:00,0.6873
2024-01-10 10:10:00,0.6955
2024-01-10 10:20:00,0.4901
2024-01-10 10:30:00,0.5772
2024-01-10 10:40:00,0.5242
2024-01-10 10:50:00,0.5422
2024-01-10 11:00:00,0.4822
2024-01-10 11:10:00,0.3767
2024-01-10 11:20:00,0.5365
2024-01-10 11:30:00,0.4177
2024-01-10 11:40:00,0.4204
2024-01-10 11:50:00,0.3423
2024-01-10 12:00:00,0.3773
2024-01-10 12:10:00,0.3391
2024-01-10 12:20:00,0.394
2024-01-10 12:30:00,0.5433
2024-01-10 12:40:00,0.2956
2024-01-10 12:50:00,0.2756
2024-01-10 13:00:00,0.522
2024-01-10 13:10:00,0.3872
2024-01-10 13:20:00,0.3503
2024-01-10 13:30:00,0.4869
2024-01-10 13:40:00,0.3552
2024-01-10 13:50:00,0.5497
2024-01-10 14:00:00,0.4579
2024-01-10 14:10:00,0.3647
2024-01-10 14:20:00,0.5766
2024-01-10 14:30:00,0.3559
2024-01-10 14:40:00,0.4642
2024-01-10 14:50:00,0.4297
2024-01-10 15:00:00,0.5113
2024-01-10 15:10:00,0.5343
2024-01-10 15:20:00,0.4151
2024-01-10 15:30:00,0.3569
2024-01-10 15:40:00,0.4607
2024-01-10 15:50:00,0.379
2024-01-10 16:00:00,0.6071
2024-01-10 16:10:00,0.474
2024-01-10 16:20:00,0.4562
2024-01-10 16:30:00,0.5288
2024-01-10 16:40:00,0.4419
2024-01-10 16:50:00,0.5154
2024-01-10 17:00:00,0.7409
2024-01-10 17:10:00,0.6523
2024-01-10 17:20:00,0.6888
2024-01-10 17:30:00,0.8897
2024-01-10 17:40:00,1.0206
2024-01-10 17:50:00,1.0646
2024-01-10 18:00:00,1.1674
2024-01-10 18:10:00,1.1037
2024-01-10 18:20:00,1.1195
2024-01-10 18:30:00,1.4113
2024-01-10 18:40:00,1.3093
2024-01-10 18:50:00,1.3424
2024-01-10 19:00:00,1.478
2024-01-10 19:10:00,1.4069
2024-01-10 19:20:00,1.3715
2024-01-10 19:30:00,1.4644
2024-01-10 19:40:00,1.1818
2024-01-10 19:50:00,1.2385
2024-01-10 20:00:00,1.0922
2024-01-10 20:10:00,1.0285
2024-01-10 20:20:00,1.048
2024-01-10 20:30:00,0.8874
2024-01-10 20:40:00,0.8156
2024-01-10 20:50:00,0.7907
2024-01-10 21:00:00,0.6157
2024-01-10 21:10:00,0.526
2024-01-10 21:20:00,0.4661
2024-01-10 21:30:00,0.3567
2024-01-10 21:40:00,0.6499
2024-01-10 21:50:00,0.3748
2024-01-10 22:00:00,0.4283
2024-01-10 22:10:00,0.4111
2024-01-10 22:20:00,0.4485
2024-01-10 22:30:00,0.4825
2024-01-10 22:40:00,0.4814
2024-01-10 22:50:00,0.3627
2024-01-10 23:00:00,0.3938
2024-01-10 23:10:00,0.4284
2024-01-10 23:20:00,0.385
2024-01-10 23:30:00,0.5329
2024-01-10 23:40:00,0.4432
2024-01-10 23:50:00,0.4625
2024-01-11 00:00:00,0.3835
2024-01-11 00:10:00,0.4068
2024-01-11 00:20:00,0.307
2024-01-11 00:30:00,0.1656
2024-01-11 00:40:00,0.2751
2024-01-11 00:50:00,0.1622
2024-01-11 01:00:00,0.1407
2024-01-11 01:10:00,0.1966
2024-01-11 01:20:00,0.22
2024-01-11 01:30:00,0.1226
2024-01-11 01:40:00,0.1456
2024-01-11 01:50:00,0.2571
2024-01-11 02:00:00,0.1402
2024-01-11 02:10:00,0.3291
2024-01-11 02:20:00,0.1662
2024-01-11 02:30:00,0.05
2024-01-11 02:40:00,0.1812
2024-01-11 02:50:00,0.1514
2024-01-11 03:00:00,0.2241
2024-01-11 03:10:00,0.1748
2024-01-11 03:20:00,0.1099
2024-01-11 03:30:00,0.05
2024-01-11 03:40:00,0.1042
2024-01-11 03:50:00,0.1349
2024-01-11 04:00:00,0.2536
2024-01-11 04:10:00,0.4593
2024-01-11 04:20:00,0.6727
2024-01-11 04:30:00,0.7118
2024-01-11 04:40:00,0.7389
2024-01-11 04:50:00,1.0362
2024-01-11 05:00:00,1.2723
2024-01-11 05:10:00,1.311
2024-01-11 05:20:00,1.5368
2024-01-11 05:30:00,1.7373
2024-01-11 05:40:00,1.859
2024-01-11 05:50:00,2.1521
2024-01-11 06:00:00,2.2575
2024-01-11 06:10:00,2.4516
2024-01-11 06:20:00,2.4779
2024-01-11 06:30:00,2.6208
2024-01-11 06:40:00,2.7936
2024-01-11 06:50:00,2.7566
2024-01-11 07:00:00,2.9447
2024-01-11 07:10:00,2.7637
2024-01-11 07:20:00,2.7726
2024-01-11 07:30:00,2.7598
2024-01-11 07:40:00,2.4767
2024-01-11 07:50:00,2.3321
2024-01-11 08:00:00,2.2158
2024-01-11 08:10:00,2.2901
2024-01-11 08:20:00,1.9874
2024-01-11 08:30:00,2.0742
2024-01-11 08:40:00,1.6622
2024-01-11 08:50:00,1.5637
2024-01-11 09:00:00,1.5207
2024-01-11 09:10:00,1.4157
2024-01-11 09:20:00,1.2893
2024-01-11 09:30:00,1.1029
2024-01-11 09:40:00,0.9831
2024-01-11 09:50:00,0.8568
2024-01-11 10:00:00,0.7927
2024-01-11 10:10:00,0.6195
2024-01-11 10:20:00,0.5424
2024-01-11 10:30:00,0.5618
2024-01-11 10:40:00,0.5114
2024-01-11 10:50:00,0.4592
2024-01-11 11:00:00,0.5279
2024-01-11 11:10:00,0.5306
2024-01-11 11:20:00,0.4475
2024-01-11 11:30:00,0.5482
2024-01-11 11:40:00,0.3309
2024-01-11 11:50:00,0.4011
2024-01-11 12:00:00,0.3551
2024-01-11 12:10:00,0.2602
2024-01-11 12:20:00,0.4009
2024-01-11 12:30:00,0.3963
2024-01-11 12:40:00,0.5261
2024-01-11 12:50:00,0.4548
2024-01-11 13:00:00,0.322
2024-01-11 13:10:00,0.552
2024-01-11 13:20:00,0.5011
2024-01-11 13:30:00,0.4499
2024-01-11 13:40:00,0.3852
2024-01-11 13:50:00,0.3265
2024-01-11 14:00:00,0.3736
2024-01-11 14:10:00,0.4905
2024-01-11 14:20:00,0.5544
2024-01-11 14:30:00,0.5274
2024-01-11 14:40:00,0.3654
2024-01-11 14:50:00,0.3159
2024-01-11 15:00:00,0.4181
2024-01-11 15:10:00,0.2675
2024-01-11 15:20:00,0.4381
2024-01-11 15:30:00,0.4051
2024-01-11 15:40:00,0.3863
2024-01-11 15:50:00,0.3053
2024-01-11 16:00:00,0.4867
2024-01-11 16:10:00,0.4201
2024-01-11 16:20:00,0.3914
2024-01-11 16:30:00,0.2838
2024-01-11 16:40:00,0.547
2024-01-11 16:50:00,0.7345
2024-01-11 17:00:00,0.7773
2024-01-11 17:10:00,0.6677
2024-01-11 17:20:00,0.7237
2024-01-11 17:30:00,0.8836
2024-01-11 17:40:00,0.8451
2024-01-11 17:50:00,1.0304
2024-01-11 18:00:00,1.1481
2024-01-11 18:10:00,1.2615
2024-01-11 18:20:00,1.2243
2024-01-11 18:30:00,1.2739
2024-01-11 18:40:00,1.2638
2024-01-11 18:50:00,1.2952
2024-01-11 19:00:00,1.3525
2024-01-11 19:10:00,1.3907
2024-01-11 19:20:00,1.4071
2024-01-11 19:30:00,1.2259
2024-01-11 19:40:00,1.3517
2024-01-11 19:50:00,1.1416
2024-01-11 20:00:00,1.0851
2024-01-11 20:10:00,0.9465
2024-01-11 20:20:00,0.7311
2024-01-11 20:30:00,0.9168
2024-01-11 20:40:00,0.8309
2024-01-11 20:50:00,0.6818
2024-01-11 21:00:00,0.6497
2024-01-11 21:10:00,0.634
2024-01-11 21:20:00,0.4242
2024-01-11 21:30:00,0.4712
2024-01-11 21:40:00,0.5486
2024-01-11 21:50:00,0.3624
2024-01-11 22:00:00,0.4691
2024-01-11 22:10:00,0.3243
2024-01-11 22:20:00,0.4609
2024-01-11 22:30:00,0.414
2024-01-11 22:40:00,0.283
2024-01-11 22:50:00,0.5022
2024-01-11 23:00:00,0.3481
2024-01-11 23:10:00,0.3406
2024-01-11 23:20:00,0.4206
2024-01-11 23:30:00,0.4959
2024-01-11 23:40:00,0.3224
2024-01-11 23:50:00,0.4083
2024-01-12 00:00:00,0.3644
2024-01-12 00:10:00,0.3681
2024-01-12 00:20:00,0.3064
2024-01-12 00:30:00,0.2397
2024-01-12 00:40:00,0.1767
2024-01-12 00:50:00,0.221
2024-01-12 01:00:00,0.097
2024-01-12 01:10:00,0.05
2024-01-12 01:20:00,0.1558
2024-01-12 01:30:00,0.1931
2024-01-12 01:40:00,0.05
2024-01-12 01:50:00,0.05
2024-01-12 02:00:00,0.1704
2024-01-12 02:10:00,0.2854
2024-01-12 02:20:00,0.1225
2024-01-12 02:30:00,0.0626
2024-01-12 02:40:00,0.1062
2024-01-12 02:50:00,0.2308
2024-01-12 03:00:00,0.0692
2024-01-12 03:10:00,0.0569
2024-01-12 03:20:00,0.0822
2024-01-12 03:30:00,0.05
2024-01-12 03:40:00,0.1306
2024-01-12 03:50:00,0.3328
2024-01-12 04:00:00,0.3257
2024-01-12 04:10:00,0.3916
2024-01-12 04:20:00,0.5153
2024-01-12 04:30:00,0.5546
2024-01-12 04:40:00,0.9045
2024-01-12 04:50:00,0.9935
2024-01-12 05:00:00,1.161
2024-01-12 05:10:00,1.6141
2024-01-12 05:20:00,1.57
2024-01-12 05:30:00,1.6745
2024-01-12 05:40:00,1.886
2024-01-12 05:50:00,2.1903
2024-01-12 06:00:00,2.2742
2024-01-12 06:10:00,2.3009
2024-01-12 06:20:00,2.6202
2024-01-12 06:30:00,2.6
2024-01-12 06:40:00,2.8832
2024-01-12 06:50:00,2.8704
2024-01-12 07:00:00,2.7682
2024-01-12 07:10:00,2.8956
2024-01-12 07:20:00,2.7576
2024-01-12 07:30:00,2.751
2024-01-12 07:40:00,2.6266
2024-01-12 07:50:00,2.4031
2024-01-12 08:00:00,2.2843
2024-01-12 08:10:00,2.2696
2024-01-12 08:20:00,2.0029
2024-01-12 08:30:00,1.8356
2024-01-12 08:40:00,1.6295
2024-01-12 08:50:00,1.5814
2024-01-12 09:00:00,1.5611
2024-01-12 09:10:00,1.1687
2024-01-12 09:20:00,1.1253
2024-01-12 09:30:00,1.1183
2024-01-12 09:40:00,0.894
2024-01-12 09:50:00,0.8449
2024-01-12 10:00:00,0.6448
2024-01-12 10:10:00,0.6973
2024-01-12 10:20:00,0.5924
2024-01-12 10:30:00,0.6405
2024-01-12 10:40:00,0.6196
2024-01-12 10:50:00,0.7022
2024-01-12 11:00:00,0.5182
2024-01-12 11:10:00,0.4798
2024-01-12 11:20:00,0.4556
2024-01-12 11:30:00,0.4014
2024-01-12 11:40:00,0.449
2024-01-12 11:50:00,0.3926
2024-01-12 12:00:00,0.4256
2024-01-12 12:10:00,0.5146
2024-01-12 12:20:00,0.3266
2024-01-12 12:30:00,0.4969
2024-01-12 12:40:00,0.5101
2024-01-12 12:50:00,0.3946
2024-01-12 13:00:00,0.2338
2024-01-12 13:10:00,0.3547
2024-01-12 13:20:00,0.5069
2024-01-12 13:30:00,0.4012
2024-01-12 13:40:00,0.323
2024-01-12 13:50:00,0.3626
2024-01-12 14:00:00,0.4702
2024-01-12 14:10:00,0.4468
2024-01-12 14:20:00,0.3842
2024-01-12 14:30:00,0.3743
2024-01-12 14:40:00,0.3729
2024-01-12 14:50:00,0.3313
2024-01-12 15:00:00,0.5357
2024-01-12 15:10:00,0.3829
2024-01-12 15:20:00,0.5092
2024-01-12 15:30:00,0.5382
2024-01-12 15:40:00,0.503
2024-01-12 15:50:00,0.398
2024-01-12 16:00:00,0.4775
2024-01-12 16:10:00,0.4604
2024-01-12 16:20:00,0.4123
2024-01-12 16:30:00,0.5391
2024-01-12 16:40:00,0.4544
2024-01-12 16:50:00,0.6872
2024-01-12 17:00:00,0.6066
2024-01-12 17:10:00,0.7198
2024-01-12 17:20:00,0.7939
2024-01-12 17:30:00,0.8246
2024-01-12 17:40:00,0.9711
2024-01-12 17:50:00,0.9674
2024-01-12 18:00:00,1.1555
2024-01-12 18:10:00,1.0546
2024-01-12 18:20:00,1.2413
2024-01-12 18:30:00,1.4442
2024-01-12 18:40:00,1.2528
2024-01-12 18:50:00,1.3059
2024-01-12 19:00:00,1.4105
2024-01-12 19:10:00,1.3745
2024-01-12 19:20:00,1.3609
2024-01-12 19:30:00,1.3282
2024-01-12 19:40:00,1.282
2024-01-12 19:50:00,1.2511
2024-01-12 20:00:00,1.1186
2024-01-12 20:10:00,0.986
2024-01-12 20:20:00,0.978
2024-01-12 20:30:00,0.9973
2024-01-12 20:40:00,0.7606
2024-01-12 20:50:00,0.6257
2024-01-12 21:00:00,0.7324
2024-01-12 21:10:00,0.5825
2024-01-12 21:20:00,0.3749
2024-01-12 21:30:00,0.5809
2024-01-12 21:40:00,0.4418
2024-01-12 21:50:00,0.4551
2024-01-12 22:00:00,0.4718
2024-01-12 22:10:00,0.4477
2024-01-12 22:20:00,0.4799
2024-01-12 22:30:00,0.3817
2024-01-12 22:40:00,0.4529
2024-01-12 22:50:00,0.3879
2024-01-12 23:00:00,0.4656
2024-01-12 23:10:00,0.4543
2024-01-12 23:20:00,0.3294
2024-01-12 23:30:00,0.4905
2024-01-12 23:40:00,0.3604
2024-01-12 23:50:00,0.4677
2024-01-13 00:00:00,0.4581
2024-01-13 00:10:00,0.5531
2024-01-13 00:20:00,0.3618
2024-01-13 00:30:00,0.3215
2024-01-13 00:40:00,0.314
2024-01-13 00:50:00,0.2538
2024-01-13 01:00:00,0.3014
2024-01-13 01:10:00,0.0649
2024-01-13 01:20:00,0.0726
2024-01-13 01:30:00,0.0715
2024-01-13 01:40:00,0.233
2024-01-13 01:50:00,0.2938
2024-01-13 02:00:00,0.1486
2024-01-13 02:10:00,0.1434
2024-01-13 02:20:00,0.1625
2024-01-13 02:30:00,0.2499
2024-01-13 02:40:00,0.0827
2024-01-13 02:50:00,0.176
2024-01-13 03:00:00,0.2349
2024-01-13 03:10:00,0.197
2024-01-13 03:20:00,0.1721
2024-01-13 03:30:00,0.237
2024-01-13 03:40:00,0.05
2024-01-13 03:50:00,0.3176
2024-01-13 04:00:00,0.337
2024-01-13 04:10:00,0.3884
2024-01-13 04:20:00,0.7405
2024-01-13 04:30:00,0.9926
2024-01-13 04:40:00,1.0719
2024-01-13 04:50:00,1.3746
2024-01-13 05:00:00,1.6557
2024-01-13 05:10:00,1.8697
2024-01-13 05:20:00,2.1393
2024-01-13 05:30:00,2.3122
2024-01-13 05:40:00,2.4998
2024-01-13 05:50:00,2.5972
2024-01-13 06:00:00,2.9222
2024-01-13 06:10:00,3.0703
2024-01-13 06:20:00,3.4811
2024-01-13 06:30:00,3.4321
2024-01-13 06:40:00,3.5598
2024-01-13 06:50:00,3.6598
2024-01-13 07:00:00,3.6452
2024-01-13 07:10:00,3.7632
2024-01-13 07:20:00,3.5246
2024-01-13 07:30:00,3.4999
2024-01-13 07:40:00,3.3016
2024-01-13 07:50:00,3.1034
2024-01-13 08:00:00,2.9846
2024-01-13 08:10:00,2.8377
2024-01-13 08:20:00,2.6018
2024-01-13 08:30:00,2.3705
2024-01-13 08:40:00,2.103
2024-01-13 08:50:00,2.0032
2024-01-13 09:00:00,1.6928
2024-01-13 09:10:00,1.6895
2024-01-13 09:20:00,1.4656
2024-01-13 09:30:00,1.189
2024-01-13 09:40:00,1.1446
2024-01-13 09:50:00,0.9901
2024-01-13 10:00:00,0.9734
2024-01-13 10:10:00,0.9684
2024-01-13 10:20:00,0.6388
2024-01-13 10:30:00,0.7386
2024-01-13 10:40:00,0.6685
2024-01-13 10:50:00,0.6966
2024-01-13 11:00:00,0.6298
2024-01-13 11:10:00,0.5292
2024-01-13 11:20:00,0.5459
2024-01-13 11:30:00,0.4943
2024-01-13 11:40:00,0.634
2024-01-13 11:50:00,0.5423
2024-01-13 12:00:00,0.6873
2024-01-13 12:10:00,0.5266
2024-01-13 12:20:00,0.4721
2024-01-13 12:30:00,0.4058
2024-01-13 12:40:00,0.3813
2024-01-13 12:50:00,0.398
2024-01-13 13:00:00,0.5455
2024-01-13 13:10:00,0.5645
2024-01-13 13:20:00,0.397
2024-01-13 13:30:00,0.595
2024-01-13 13:40:00,0.4847
2024-01-13 13:50:00,0.5351
2024-01-13 14:00:00,0.6523
2024-01-13 14:10:00,0.5953
2024-01-13 14:20:00,0.5023
2024-01-13 14:30:00,0.4529
2024-01-13 14:40:00,0.3528
2024-01-13 14:50:00,0.4686
2024-01-13 15:00:00,0.5111
2024-01-13 15:10:00,0.4518
2024-01-13 15:20:00,0.5244
2024-01-13 15:30:00,0.5471
2024-01-13 15:40:00,0.5316
2024-01-13 15:50:00,0.5097
2024-01-13 16:00:00,0.5917
2024-01-13 16:10:00,0.6358
2024-01-13 16:20:00,0.5421
2024-01-13 16:30:00,0.7793
2024-01-13 16:40:00,0.7048
2024-01-13 16:50:00,0.7706
2024-01-13 17:00:00,0.8928
2024-01-13 17:10:00,0.9325
2024-01-13 17:20:00,1.0779
2024-01-13 17:30:00,1.1208
2024-01-13 17:40:00,1.1513
2024-01-13 17:50:00,1.3346
2024-01-13 18:00:00,1.3187
2024-01-13 18:10:00,1.5182
2024-01-13 18:20:00,1.5963
2024-01-13 18:30:00,1.6575
2024-01-13 18:40:00,1.7207
2024-01-13 18:50:00,1.6159
2024-01-13 19:00:00,1.7346
2024-01-13 19:10:00,1.7739
2024-01-13 19:20:00,1.7438
2024-01-13 19:30:00,1.5919
2024-01-13 19:40:00,1.7003
2024-01-13 19:50:00,1.4402
2024-01-13 20:00:00,1.4878
2024-01-13 20:10:00,1.3399
2024-01-13 20:20:00,1.1486
2024-01-13 20:30:00,1.2399
2024-01-13 20:40:00,0.9061
2024-01-13 20:50:00,0.9874
2024-01-13 21:00:00,0.9162
2024-01-13 21:10:00,0.7154
2024-01-13 21:20:00,0.8241
2024-01-13 21:30:00,0.6464
2024-01-13 21:40:00,0.6525
2024-01-13 21:50:00,0.6212
2024-01-13 22:00:00,0.5675
2024-01-13 22:10:00,0.6266
2024-01-13 22:20:00,0.6131
2024-01-13 22:30:00,0.4011
2024-01-13 22:40:00,0.6392
2024-01-13 22:50:00,0.3977
2024-01-13 23:00:00,0.6106
2024-01-13 23:10:00,0.6163
2024-01-13 23:20:00,0.4377
2024-01-13 23:30:00,0.4913
2024-01-13 23:40:00,0.4353
2024-01-13 23:50:00,0.5063
2024-01-14 00:00:00,0.4037
2024-01-14 00:10:00,0.468
2024-01-14 00:20:00,0.4841
2024-01-14 00:30:00,0.4607
2024-01-14 00:40:00,0.2702
2024-01-14 00:50:00,0.261
2024-01-14 01:00:00,0.1025
2024-01-14 01:10:00,0.1296
2024-01-14 01:20:00,0.234
2024-01-14 01:30:00,0.286
2024-01-14 01:40:00,0.058
2024-01-14 01:50:00,0.1094
2024-01-14 02:00:00,0.1547
2024-01-14 02:10:00,0.1792
2024-01-14 02:20:00,0.092
2024-01-14 02:30:00,0.1907
2024-01-14 02:40:00,0.1189
2024-01-14 02:50:00,0.1556
2024-01-14 03:00:00,0.2005
2024-01-14 03:10:00,0.1573
2024-01-14 03:20:00,0.1219
2024-01-14 03:30:00,0.148
2024-01-14 03:40:00,0.1497
2024-01-14 03:50:00,0.2335
2024-01-14 04:00:00,0.3683
2024-01-14 04:10:00,0.6622
2024-01-14 04:20:00,0.7437
2024-01-14 04:30:00,0.8581
2024-01-14 04:40:00,1.1375
2024-01-14 04:50:00,1.2704
2024-01-14 05:00:00,1.6189
2024-01-14 05:10:00,1.7923
2024-01-14 05:20:00,1.9974
2024-01-14 05:30:00,2.2863
2024-01-14 05:40:00,2.3655
2024-01-14 05:50:00,2.6324
2024-01-14 06:00:00,2.8433
2024-01-14 06:10:00,3.1459
2024-01-14 06:20:00,3.4426
2024-01-14 06:30:00,3.6212
2024-01-14 06:40:00,3.5973
2024-01-14 06:50:00,3.6521
2024-01-14 07:00:00,3.4939
2024-01-14 07:10:00,3.5805
2024-01-14 07:20:00,3.5077
2024-01-14 07:30:00,3.431
2024-01-14 07:40:00,3.3441
2024-01-14 07:50:00,3.1679
2024-01-14 08:00:00,2.8721
2024-01-14 08:10:00,2.8975
2024-01-14 08:20:00,2.5476
2024-01-14 08:30:00,2.4425
2024-01-14 08:40:00,2.3791
2024-01-14 08:50:00,1.9342
2024-01-14 09:00:00,1.6089
2024-01-14 09:10:00,1.6042
2024-01-14 09:20:00,1.5456
2024-01-14 09:30:00,1.461
2024-01-14 09:40:00,1.0698
2024-01-14 09:50:00,1.0889
2024-01-14 10:00:00,0.9096
2024-01-14 10:10:00,0.8518
2024-01-14 10:20:00,0.9995
2024-01-14 10:30:00,0.6084
2024-01-14 10:40:00,0.7009
2024-01-14 10:50:00,0.6797
2024-01-14 11:00:00,0.699
2024-01-14 11:10:00,0.5966
2024-01-14 11:20:00,0.5955
2024-01-14 11:30:00,0.5261
2024-01-14 11:40:00,0.5689
2024-01-14 11:50:00,0.5125
2024-01-14 12:00:00,0.5844
2024-01-14 12:10:00,0.5013
2024-01-14 12:20:00,0.5584
2024-01-14 12:30:00,0.524
2024-01-14 12:40:00,0.6151
2024-01-14 12:50:00,0.5201
2024-01-14 13:00:00,0.3818
2024-01-14 13:10:00,0.6242
2024-01-14 13:20:00,0.4505
2024-01-14 13:30:00,0.4706
2024-01-14 13:40:00,0.4751
2024-01-14 13:50:00,0.6327
2024-01-14 14:00:00,0.352
2024-01-14 14:10:00,0.774
2024-01-14 14:20:00,0.6077
2024-01-14 14:30:00,0.5415
2024-01-14 14:40:00,0.52
2024-01-14 14:50:00,0.5484
2024-01-14 15:00:00,0.5691
2024-01-14 15:10:00,0.5818
2024-01-14 15:20:00,0.5788
2024-01-14 15:30:00,0.5475
2024-01-14 15:40:00,0.5332
2024-01-14 15:50:00,0.549
2024-01-14 16:00:00,0.5621
2024-01-14 16:10:00,0.6905
2024-01-14 16:20:00,0.6762
2024-01-14 16:30:00,0.4305
2024-01-14 16:40:00,0.7644
2024-01-14 16:50:00,0.7839
2024-01-14 17:00:00,0.8338
2024-01-14 17:10:00,0.8819
2024-01-14 17:20:00,1.0905
2024-01-14 17:30:00,1.1725
2024-01-14 17:40:00,1.1372
2024-01-14 17:50:00,1.3369
2024-01-14 18:00:00,1.3311
2024-01-14 18:10:00,1.3976
2024-01-14 18:20:00,1.5472
2024-01-14 18:30:00,1.7414
2024-01-14 18:40:00,1.8055
2024-01-14 18:50:00,1.8057
2024-01-14 19:00:00,1.8347
2024-01-14 19:10:00,1.8059
2024-01-14 19:20:00,1.6779
2024-01-14 19:30:00,1.707
2024-01-14 19:40:00,1.6614
2024-01-14 19:50:00,1.5683
2024-01-14 20:00:00,1.5039
2024-01-14 20:10:00,1.361
2024-01-14 20:20:00,1.2272
2024-01-14 20:30:00,1.1824
2024-01-14 20:40:00,0.9985
2024-01-14 20:50:00,0.8424
2024-01-14 21:00:00,0.8222
2024-01-14 21:10:00,0.7087
2024-01-14 21:20:00,0.6579
2024-01-14 21:30:00,0.6542
2024-01-14 21:40:00,0.5653
2024-01-14 21:50:00,0.5751
2024-01-14 22:00:00,0.4262
2024-01-14 22:10:00,0.5782
2024-01-14 22:20:00,0.5491
2024-01-14 22:30:00,0.475
2024-01-14 22:40:00,0.5871
2024-01-14 22:50:00,0.6052
2024-01-14 23:00:00,0.3988
2024-01-14 23:10:00,0.4646
2024-01-14 23:20:00,0.4629
2024-01-14 23:30:00,0.4485
2024-01-14 23:40:00,0.5896
2024-01-14 23:50:00,0.5074
2024-01-15 00:00:00,0.3079
2024-01-15 00:10:00,0.1514
2024-01-15 00:20:00,0.3422
2024-01-15 00:30:00,0.1691
2024-01-15 00:40:00,0.247
2024-01-15 00:50:00,0.2356
2024-01-15 01:00:00,0.2911
2024-01-15 01:10:00,0.05
2024-01-15 01:20:00,0.05
2024-01-15 01:30:00,0.1352
2024-01-15 01:40:00,0.2645
2024-01-15 01:50:00,0.2196
2024-01-15 02:00:00,0.1372
2024-01-15 02:10:00,0.0811
2024-01-15 02:20:00,0.185
2024-01-15 02:30:00,0.05
2024-01-15 02:40:00,0.1586
2024-01-15 02:50:00,0.1609
2024-01-15 03:00:00,0.2053
2024-01-15 03:10:00,0.3412
2024-01-15 03:20:00,0.1518
2024-01-15 03:30:00,0.0797
2024-01-15 03:40:00,0.1184
2024-01-15 03:50:00,0.0607
2024-01-15 04:00:00,0.2433
2024-01-15 04:10:00,0.3778
2024-01-15 04:20:00,0.495
2024-01-15 04:30:00,0.6897
2024-01-15 04:40:00,0.7654
2024-01-15 04:50:00,1.0863
2024-01-15 05:00:00,1.1719
2024-01-15 05:10:00,1.3537
2024-01-15 05:20:00,1.5151
2024-01-15 05:30:00,1.7416
2024-01-15 05:40:00,1.9802
2024-01-15 05:50:00,2.0225
2024-01-15 06:00:00,2.2055
2024-01-15 06:10:00,2.3842
2024-01-15 06:20:00,2.4311
2024-01-15 06:30:00,2.5797
2024-01-15 06:40:00,2.6868
2024-01-15 06:50:00,2.8453
2024-01-15 07:00:00,2.8163
2024-01-15 07:10:00,2.8
2024-01-15 07:20:00,2.8117
2024-01-15 07:30:00,2.6635
2024-01-15 07:40:00,2.6111
2024-01-15 07:50:00,2.4549
2024-01-15 08:00:00,2.3497
2024-01-15 08:10:00,2.1338
2024-01-15 08:20:00,1.8283
2024-01-15 08:30:00,1.8513
2024-01-15 08:40:00,1.8144
2024-01-15 08:50:00,1.6168
2024-01-15 09:00:00,1.469
2024-01-15 09:10:00,1.3491
2024-01-15 09:20:00,1.127
2024-01-15 09:30:00,1.018
2024-01-15 09:40:00,0.8482
2024-01-15 09:50:00,0.7809
2024-01-15 10:00:00,0.7768
2024-01-15 10:10:00,0.7573
2024-01-15 10:20:00,0.5943
2024-01-15 10:30:00,0.5238
2024-01-15 10:40:00,0.523
2024-01-15 10:50:00,0.5416
2024-01-15 11:00:00,0.3548
2024-01-15 11:10:00,0.2687
2024-01-15 11:20:00,0.3946
2024-01-15 11:30:00,0.3306
2024-01-15 11:40:00,0.3799
2024-01-15 11:50:00,0.4031
2024-01-15 12:00:00,0.3746
2024-01-15 12:10:00,0.5241
2024-01-15 12:20:00,0.432
2024-01-15 12:30:00,0.4285
2024-01-15 12:40:00,0.4532
2024-01-15 12:50:00,0.3117
2024-01-15 13:00:00,0.4855
2024-01-15 13:10:00,0.396
2024-01-15 13:20:00,0.4555
2024-01-15 13:30:00,0.316
2024-01-15 13:40:00,0.2774
2024-01-15 13:50:00,0.4671
2024-01-15 14:00:00,0.4318
2024-01-15 14:10:00,0.3297
2024-01-15 14:20:00,0.3325
2024-01-15 14:30:00,0.4924
2024-01-15 14:40:00,0.3078
2024-01-15 14:50:00,0.5353
2024-01-15 15:00:00,0.3332
2024-01-15 15:10:00,0.4585
2024-01-15 15:20:00,0.3843
2024-01-15 15:30:00,0.4635
2024-01-15 15:40:00,0.3783
2024-01-15 15:50:00,0.4181
2024-01-15 16:00:00,0.4471
2024-01-15 16:10:00,0.3807
2024-01-15 16:20:00,0.5424
2024-01-15 16:30:00,0.4705
2024-01-15 16:40:00,0.5287
2024-01-15 16:50:00,0.5108
2024-01-15 17:00:00,0.4368
2024-01-15 17:10:00,0.6862
2024-01-15 17:20:00,0.9618
2024-01-15 17:30:00,0.9055
2024-01-15 17:40:00,0.9198
2024-01-15 17:50:00,0.9812
2024-01-15 18:00:00,1.0843
2024-01-15 18:10:00,1.2025
2024-01-15 18:20:00,1.1329
2024-01-15 18:30:00,1.3742
2024-01-15 18:40:00,1.3859
2024-01-15 18:50:00,1.4134
2024-01-15 19:00:00,1.4002
2024-01-15 19:10:00,1.3575
2024-01-15 19:20:00,1.3825
2024-01-15 19:30:00,1.3324
2024-01-15 19:40:00,1.199
2024-01-15 19:50:00,1.1128
2024-01-15 20:00:00,1.0906
2024-01-15 20:10:00,1.1262
2024-01-15 20:20:00,0.8222
2024-01-15 20:30:00,0.7253
2024-01-15 20:40:00,0.782
2024-01-15 20:50:00,0.7056
2024-01-15 21:00:00,0.6557
2024-01-15 21:10:00,0.6098
2024-01-15 21:20:00,0.5292
2024-01-15 21:30:00,0.6307
2024-01-15 21:40:00,0.355
2024-01-15 21:50:00,0.3946
2024-01-15 22:00:00,0.4356
2024-01-15 22:10:00,0.2997
2024-01-15 22:20:00,0.4078
2024-01-15 22:30:00,0.5481
2024-01-15 22:40:00,0.4122
2024-01-15 22:50:00,0.4258
2024-01-15 23:00:00,0.3044
2024-01-15 23:10:00,0.3545
2024-01-15 23:20:00,0.3729
2024-01-15 23:30:00,0.377
2024-01-15 23:40:00,0.5046
2024-01-15 23:50:00,0.4464
2024-01-16 00:00:00,0.2398
2024-01-16 00:10:00,0.331
2024-01-16 00:20:00,0.3309
2024-01-16 00:30:00,0.3591
2024-01-16 00:40:00,0.3683
2024-01-16 00:50:00,0.132
2024-01-16 01:00:00,0.1171
2024-01-16 01:10:00,0.05
2024-01-16 01:20:00,0.1016
2024-01-16 01:30:00,0.1576
2024-01-16 01:40:00,0.1993
2024-01-16 01:50:00,0.1142
2024-01-16 02:00:00,0.0947
2024-01-16 02:10:00,0.1325
2024-01-16 02:20:00,0.0535
2024-01-16 02:30:00,0.2875
2024-01-16 02:40:00,0.05
2024-01-16 02:50:00,0.1351
2024-01-16 03:00:00,0.2822
2024-01-16 03:10:00,0.1209
2024-01-16 03:20:00,0.1051
2024-01-16 03:30:00,0.0917
2024-01-16 03:40:00,0.1059
2024-01-16 03:50:00,0.3118
2024-01-16 04:00:00,0.1216
2024-01-16 04:10:00,0.5327
2024-01-16 04:20:00,0.4224
2024-01-16 04:30:00,0.6554
2024-01-16 04:40:00,0.7959
2024-01-16 04:50:00,1.0425
2024-01-16 05:00:00,1.0426
2024-01-16 05:10:00,1.3898
2024-01-16 05:20:00,1.7015
2024-01-16 05:30:00,1.6181
2024-01-16 05:40:00,1.9271
2024-01-16 05:50:00,2.0365
2024-01-16 06:00:00,2.2895
2024-01-16 06:10:00,2.4071
2024-01-16 06:20:00,2.4844
2024-01-16 06:30:00,2.6811
2024-01-16 06:40:00,2.866
2024-01-16 06:50:00,2.7568
2024-01-16 07:00:00,2.8496
2024-01-16 07:10:00,2.6777
2024-01-16 07:20:00,2.6639
2024-01-16 07:30:00,2.7091
2024-01-16 07:40:00,2.6955
2024-01-16 07:50:00,2.4887
2024-01-16 08:00:00,2.3007
2024-01-16 08:10:00,2.1778
2024-01-16 08:20:00,1.921
2024-01-16 08:30:00,1.9082
2024-01-16 08:40:00,1.7692
2024-01-16 08:50:00,1.5047
2024-01-16 09:00:00,1.3525
2024-01-16 09:10:00,1.27
2024-01-16 09:20:00,1.0837
2024-01-16 09:30:00,0.9957
2024-01-16 09:40:00,1.0645
2024-01-16 09:50:00,0.7855
2024-01-16 10:00:00,0.698
2024-01-16 10:10:00,0.6084
2024-01-16 10:20:00,0.6643
2024-01-16 10:30:00,0.5447
2024-01-16 10:40:00,0.4704
2024-01-16 10:50:00,0.5986
2024-01-16 11:00:00,0.5833
2024-01-16 11:10:00,0.4038
2024-01-16 11:20:00,0.2888
2024-01-16 11:30:00,0.5084
2024-01-16 11:40:00,0.3653
2024-01-16 11:50:00,0.4777
2024-01-16 12:00:00,0.2527
2024-01-16 12:10:00,0.4788
2024-01-16 12:20:00,0.3085
2024-01-16 12:30:00,0.4624
2024-01-16 12:40:00,0.4041
2024-01-16 12:50:00,0.326
2024-01-16 13:00:00,0.3693
2024-01-16 13:10:00,0.4565
2024-01-16 13:20:00,0.4099
2024-01-16 13:30:00,0.448
2024-01-16 13:40:00,0.5593
2024-01-16 13:50:00,0.2761
2024-01-16 14:00:00,0.5306
2024-01-16 14:10:00,0.4097
2024-01-16 14:20:00,0.3297
2024-01-16 14:30:00,0.2955
2024-01-16 14:40:00,0.3873
2024-01-16 14:50:00,0.4771
2024-01-16 15:00:00,0.3946
2024-01-16 15:10:00,0.5278
2024-01-16 15:20:00,0.294
2024-01-16 15:30:00,0.4138
2024-01-16 15:40:00,0.3212
2024-01-16 15:50:00,0.4597
2024-01-16 16:00:00,0.5143
2024-01-16 16:10:00,0.4267
2024-01-16 16:20:00,0.2742
2024-01-16 16:30:00,0.5268
2024-01-16 16:40:00,0.5813
2024-01-16 16:50:00,0.622
2024-01-16 17:00:00,0.7399
2024-01-16 17:10:00,0.615
2024-01-16 17:20:00,0.8223
2024-01-16 17:30:00,0.9371
2024-01-16 17:40:00,0.7779
2024-01-16 17:50:00,1.0266
2024-01-16 18:00:00,1.0409
2024-01-16 18:10:00,1.1508
2024-01-16 18:20:00,1.2537
2024-01-16 18:30:00,1.2445
2024-01-16 18:40:00,1.2731
2024-01-16 18:50:00,1.357
2024-01-16 19:00:00,1.2766
2024-01-16 19:10:00,1.2674
2024-01-16 19:20:00,1.3815
2024-01-16 19:30:00,1.1916
2024-01-16 19:40:00,1.2792
2024-01-16 19:50:00,1.1943
2024-01-16 20:00:00,0.9431
2024-01-16 20:10:00,0.9468
2024-01-16 20:20:00,1.0158
2024-01-16 20:30:00,0.7632
2024-01-16 20:40:00,0.7308
2024-01-16 20:50:00,0.7376
2024-01-16 21:00:00,0.7037
2024-01-16 21:10:00,0.5695
2024-01-16 21:20:00,0.4986
2024-01-16 21:30:00,0.6247
2024-01-16 21:40:00,0.6216
2024-01-16 21:50:00,0.5386
2024-01-16 22:00:00,0.4502
2024-01-16 22:10:00,0.366
2024-01-16 22:20:00,0.3549
2024-01-16 22:30:00,0.4565
2024-01-16 22:40:00,0.4436
2024-01-16 22:50:00,0.519
2024-01-16 23:00:00,0.4568
2024-01-16 23:10:00,0.2831
2024-01-16 23:20:00,0.4866
2024-01-16 23:30:00,0.322
2024-01-16 23:40:00,0.3708
2024-01-16 23:50:00,0.4213
2024-01-17 00:00:00,0.488
2024-01-17 00:10:00,0.5597
2024-01-17 00:20:00,0.3392
2024-01-17 00:30:00,0.2529
2024-01-17 00:40:00,0.2843
2024-01-17 00:50:00,0.2839
2024-01-17 01:00:00,0.1561
2024-01-17 01:10:00,0.2924
2024-01-17 01:20:00,0.1386
2024-01-17 01:30:00,0.16
2024-01-17 01:40:00,0.1734
2024-01-17 01:50:00,0.1539
2024-01-17 02:00:00,0.1873
2024-01-17 02:10:00,0.0708
2024-01-17 02:20:00,0.0755
2024-01-17 02:30:00,0.05
2024-01-17 02:40:00,0.1553
2024-01-17 02:50:00,0.1825
2024-01-17 03:00:00,0.1568
2024-01-17 03:10:00,0.2541
2024-01-17 03:20:00,0.1197
2024-01-17 03:30:00,0.1737
2024-01-17 03:40:00,0.05
2024-01-17 03:50:00,0.1707
2024-01-17 04:00:00,0.3538
2024-01-17 04:10:00,0.4775
2024-01-17 04:20:00,0.5121
2024-01-17 04:30:00,0.6701
2024-01-17 04:40:00,0.7078
2024-01-17 04:50:00,0.9656
2024-01-17 05:00:00,1.2402
2024-01-17 05:10:00,1.3971
2024-01-17 05:20:00,1.5776
2024-01-17 05:30:00,1.729
2024-01-17 05:40:00,1.91
2024-01-17 05:50:00,2.034
2024-01-17 06:00:00,2.3085
2024-01-17 06:10:00,2.4362
2024-01-17 06:20:00,2.5719
2024-01-17 06:30:00,2.5967
2024-01-17 06:40:00,2.546
2024-01-17 06:50:00,2.8563
2024-01-17 07:00:00,2.7502
2024-01-17 07:10:00,2.7087
2024-01-17 07:20:00,2.7924
2024-01-17 07:30:00,2.6366
2024-01-17 07:40:00,2.6583
2024-01-17 07:50:00,2.5065
2024-01-17 08:00:00,2.3775
2024-01-17 08:10:00,2.0658
2024-01-17 08:20:00,2.1154
2024-01-17 08:30:00,1.8784
2024-01-17 08:40:00,1.6669
2024-01-17 08:50:00,1.5504
2024-01-17 09:00:00,1.2462
2024-01-17 09:10:00,1.2798
2024-01-17 09:20:00,1.0348
2024-01-17 09:30:00,0.8915
2024-01-17 09:40:00,0.7736
2024-01-17 09:50:00,0.8932
2024-01-17 10:00:00,0.6754
2024-01-17 10:10:00,0.7821
2024-01-17 10:20:00,0.5611
2024-01-17 10:30:00,0.4219
2024-01-17 10:40:00,0.4323
2024-01-17 10:50:00,0.5912
2024-01-17 11:00:00,0.4567
2024-01-17 11:10:00,0.4074
2024-01-17 11:20:00,0.4504
2024-01-17 11:30:00,0.4674
2024-01-17 11:40:00,0.5089
2024-01-17 11:50:00,0.5298
2024-01-17 12:00:00,0.381
2024-01-17 12:10:00,0.3008
2024-01-17 12:20:00,0.3718
2024-01-17 12:30:00,0.4243
2024-01-17 12:40:00,0.3253
2024-01-17 12:50:00,0.3252
2024-01-17 13:00:00,0.4288
2024-01-17 13:10:00,0.3972
2024-01-17 13:20:00,0.4035
2024-01-17 13:30:00,0.3401
2024-01-17 13:40:00,0.3823
2024-01-17 13:50:00,0.3268
2024-01-17 14:00:00,0.472
2024-01-17 14:10:00,0.4837
2024-01-17 14:20:00,0.2534
2024-01-17 14:30:00,0.327
2024-01-17 14:40:00,0.2822
2024-01-17 14:50:00,0.3509
2024-01-17 15:00:00,0.3976
2024-01-17 15:10:00,0.2904
2024-01-17 15:20:00,0.3358
2024-01-17 15:30:00,0.3339
2024-01-17 15:40:00,0.4374
2024-01-17 15:50:00,0.4356
2024-01-17 16:00:00,0.385
2024-01-17 16:10:00,0.4739
2024-01-17 16:20:00,0.4382
2024-01-17 16:30:00,0.4885
2024-01-17 16:40:00,0.6796
2024-01-17 16:50:00,0.6961
2024-01-17 17:00:00,0.5363
2024-01-17 17:10:00,0.7661
2024-01-17 17:20:00,0.8319
2024-01-17 17:30:00,0.7488
2024-01-17 17:40:00,0.9846
2024-01-17 17:50:00,1.1228
2024-01-17 18:00:00,0.99
2024-01-17 18:10:00,1.0825
2024-01-17 18:20:00,1.3058
2024-01-17 18:30:00,1.3036
2024-01-17 18:40:00,1.3696
2024-01-17 18:50:00,1.3798
2024-01-17 19:00:00,1.3931
2024-01-17 19:10:00,1.2465
2024-01-17 19:20:00,1.4092
2024-01-17 19:30:00,1.3755
2024-01-17 19:40:00,1.206
2024-01-17 19:50:00,1.1524
2024-01-17 20:00:00,0.9573
2024-01-17 20:10:00,1.0409
2024-01-17 20:20:00,0.9648
2024-01-17 20:30:00,0.8357
2024-01-17 20:40:00,0.8569
2024-01-17 20:50:00,0.673
2024-01-17 21:00:00,0.6854
2024-01-17 21:10:00,0.5073
2024-01-17 21:20:00,0.5438
2024-01-17 21:30:00,0.4963
2024-01-17 21:40:00,0.4999
2024-01-17 21:50:00,0.4302
2024-01-17 22:00:00,0.4323
2024-01-17 22:10:00,0.4962
2024-01-17 22:20:00,0.3859
2024-01-17 22:30:00,0.2857
2024-01-17 22:40:00,0.5495
2024-01-17 22:50:00,0.5169
2024-01-17 23:00:00,0.3009
2024-01-17 23:10:00,0.458
2024-01-17 23:20:00,0.3617
2024-01-17 23:30:00,0.4225
2024-01-17 23:40:00,0.4246
2024-01-17 23:50:00,0.3821
2024-01-18 00:00:00,0.2652
2024-01-18 00:10:00,0.2552
2024-01-18 00:20:00,0.217
2024-01-18 00:30:00,0.2007
2024-01-18 00:40:00,0.2359
2024-01-18 00:50:00,0.1553
2024-01-18 01:00:00,0.2361
2024-01-18 01:10:00,0.2675
2024-01-18 01:20:00,0.0736
2024-01-18 01:30:00,0.1392
2024-01-18 01:40:00,0.16
2024-01-18 01:50:00,0.1578
2024-01-18 02:00:00,0.1261
2024-01-18 02:10:00,0.1794
2024-01-18 02:20:00,0.1586
2024-01-18 02:30:00,0.05
2024-01-18 02:40:00,0.1895
2024-01-18 02:50:00,0.191
2024-01-18 03:00:00,0.0589
2024-01-18 03:10:00,0.123
2024-01-18 03:20:00,0.1747
2024-01-18 03:30:00,0.1033
2024-01-18 03:40:00,0.2058
2024-01-18 03:50:00,0.3905
2024-01-18 04:00:00,0.2349
2024-01-18 04:10:00,0.2985
2024-01-18 04:20:00,0.5592
2024-01-18 04:30:00,0.7327
2024-01-18 04:40:00,0.8096
2024-01-18 04:50:00,1.1091
2024-01-18 05:00:00,1.0603
2024-01-18 05:10:00,1.4047
2024-01-18 05:20:00,1.487
2024-01-18 05:30:00,1.8602
2024-01-18 05:40:00,2.0663
2024-01-18 05:50:00,2.0227
2024-01-18 06:00:00,2.2056
2024-01-18 06:10:00,2.4681
2024-01-18 06:20:00,2.4982
2024-01-18 06:30:00,2.6316
2024-01-18 06:40:00,2.7166
2024-01-18 06:50:00,2.6113
2024-01-18 07:00:00,2.7837
2024-01-18 07:10:00,2.7188
2024-01-18 07:20:00,2.6938
2024-01-18 07:30:00,2.7799
2024-01-18 07:40:00,2.4696
2024-01-18 07:50:00,2.5189
2024-01-18 08:00:00,2.2974
2024-01-18 08:10:00,2.1498
2024-01-18 08:20:00,2.079
2024-01-18 08:30:00,1.8822
2024-01-18 08:40:00,1.7398
2024-01-18 08:50:00,1.6144
2024-01-18 09:00:00,1.36
2024-01-18 09:10:00,1.1965
2024-01-18 09:20:00,1.0289
2024-01-18 09:30:00,0.9324
2024-01-18 09:40:00,1.1301
2024-01-18 09:50:00,0.9027
2024-01-18 10:00:00,0.6167
2024-01-18 10:10:00,0.5527
2024-01-18 10:20:00,0.6417
2024-01-18 10:30:00,0.6015
2024-01-18 10:40:00,0.5649
2024-01-18 10:50:00,0.4712
2024-01-18 11:00:00,0.4585
2024-01-18 11:10:00,0.4769
2024-01-18 11:20:00,0.4439
2024-01-18 11:30:00,0.2491
2024-01-18 11:40:00,0.4006
2024-01-18 11:50:00,0.3452
2024-01-18 12:00:00,0.4233
2024-01-18 12:10:00,0.6452
2024-01-18 12:20:00,0.4337
2024-01-18 12:30:00,0.3778
2024-01-18 12:40:00,0.4757
2024-01-18 12:50:00,0.4399
2024-01-18 13:00:00,0.4344
2024-01-18 13:10:00,0.4491
2024-01-18 13:20:00,0.5649
2024-01-18 13:30:00,0.3098
2024-01-18 13:40:00,0.4381
2024-01-18 13:50:00,0.3261
2024-01-18 14:00:00,0.4446
2024-01-18 14:10:00,0.3268
2024-01-18 14:20:00,0.3671
2024-01-18 14:30:00,0.3772
2024-01-18 14:40:00,0.4795
2024-01-18 14:50:00,0.4758
2024-01-18 15:00:00,0.3041
2024-01-18 15:10:00,0.4102
2024-01-18 15:20:00,0.3522
2024-01-18 15:30:00,0.313
2024-01-18 15:40:00,0.4029
2024-01-18 15:50:00,0.4048
2024-01-18 16:00:00,0.6363
2024-01-18 16:10:00,0.4938
2024-01-18 16:20:00,0.3711
2024-01-18 16:30:00,0.4644
2024-01-18 16:40:00,0.6267
2024-01-18 16:50:00,0.7552
2024-01-18 17:00:00,0.5125
2024-01-18 17:10:00,0.5484
2024-01-18 17:20:00,0.9156
2024-01-18 17:30:00,0.8707
2024-01-18 17:40:00,0.8484
2024-01-18 17:50:00,1.0412
2024-01-18 18:00:00,0.8675
2024-01-18 18:10:00,1.1546
2024-01-18 18:20:00,1.2489
2024-01-18 18:30:00,1.3541
2024-01-18 18:40:00,1.2426
2024-01-18 18:50:00,1.3576
2024-01-18 19:00:00,1.286
2024-01-18 19:10:00,1.3712
2024-01-18 19:20:00,1.252
2024-01-18 19:30:00,1.2475
2024-01-18 19:40:00,1.1431
2024-01-18 19:50:00,1.2064
2024-01-18 20:00:00,1.1471
2024-01-18 20:10:00,0.9797
2024-01-18 20:20:00,0.9209
2024-01-18 20:30:00,0.7236
2024-01-18 20:40:00,0.7419
2024-01-18 20:50:00,0.6948
2024-01-18 21:00:00,0.849
2024-01-18 21:10:00,0.4991
2024-01-18 21:20:00,0.6621
2024-01-18 21:30:00,0.5893
2024-01-18 21:40:00,0.5037
2024-01-18 21:50:00,0.5998
2024-01-18 22:00:00,0.4719
2024-01-18 22:10:00,0.4607
2024-01-18 22:20:00,0.416
2024-01-18 22:30:00,0.5115
2024-01-18 22:40:00,0.4967
2024-01-18 22:50:00,0.3558
2024-01-18 23:00:00,0.2982
2024-01-18 23:10:00,0.3861
2024-01-18 23:20:00,0.3374
2024-01-18 23:30:00,0.3958
2024-01-18 23:40:00,0.4995
2024-01-18 23:50:00,0.3637
2024-01-19 00:00:00,0.324
2024-01-19 00:10:00,0.3147
2024-01-19 00:20:00,0.3578
2024-01-19 00:30:00,0.0871
2024-01-19 00:40:00,0.1924
2024-01-19 00:50:00,0.2292
2024-01-19 01:00:00,0.2773
2024-01-19 01:10:00,0.109
2024-01-19 01:20:00,0.05
2024-01-19 01:30:00,0.1694
2024-01-19 01:40:00,0.069
2024-01-19 01:50:00,0.05
2024-01-19 02:00:00,0.0699
2024-01-19 02:10:00,0.1051
2024-01-19 02:20:00,0.0715
2024-01-19 02:30:00,0.05
2024-01-19 02:40:00,0.1916
2024-01-19 02:50:00,0.2218
2024-01-19 03:00:00,0.172
2024-01-19 03:10:00,0.05
2024-01-19 03:20:00,0.1037
2024-01-19 03:30:00,0.1193
2024-01-19 03:40:00,0.1677
2024-01-19 03:50:00,0.2546
2024-01-19 04:00:00,0.2386
2024-01-19 04:10:00,0.415
2024-01-19 04:20:00,0.5708
2024-01-19 04:30:00,0.7905
2024-01-19 04:40:00,0.8833
2024-01-19 04:50:00,1.0546
2024-01-19 05:00:00,1.1725
2024-01-19 05:10:00,1.4602
2024-01-19 05:20:00,1.5661
2024-01-19 05:30:00,1.6514
2024-01-19 05:40:00,2.0165
2024-01-19 05:50:00,2.1369
2024-01-19 06:00:00,2.211
2024-01-19 06:10:00,2.3576
2024-01-19 06:20:00,2.5493
2024-01-19 06:30:00,2.6686
2024-01-19 06:40:00,2.7265
2024-01-19 06:50:00,2.7859
2024-01-19 07:00:00,2.9168
2024-01-19 07:10:00,2.8558
2024-01-19 07:20:00,2.7446
2024-01-19 07:30:00,2.7359
2024-01-19 07:40:00,2.4838
2024-01-19 07:50:00,2.4822
2024-01-19 08:00:00,2.4612
2024-01-19 08:10:00,2.1516
2024-01-19 08:20:00,1.9451
2024-01-19 08:30:00,1.8002
2024-01-19 08:40:00,1.6046
2024-01-19 08:50:00,1.472
2024-01-19 09:00:00,1.3549
2024-01-19 09:10:00,1.1313
2024-01-19 09:20:00,1.1154
2024-01-19 09:30:00,1.0692
2024-01-19 09:40:00,0.8203
2024-01-19 09:50:00,0.9235
2024-01-19 10:00:00,0.7646
2024-01-19 10:10:00,0.74
2024-01-19 10:20:00,0.5497
2024-01-19 10:30:00,0.6253
2024-01-19 10:40:00,0.4329
2024-01-19 10:50:00,0.5622
2024-01-19 11:00:00,0.4816
2024-01-19 11:10:00,0.4943
2024-01-19 11:20:00,0.3423
2024-01-19 11:30:00,0.3545
2024-01-19 11:40:00,0.4662
2024-01-19 11:50:00,0.3369
2024-01-19 12:00:00,0.4458
2024-01-19 12:10:00,0.2964
2024-01-19 12:20:00,0.4716
2024-01-19 12:30:00,0.3037
2024-01-19 12:40:00,0.4455
2024-01-19 12:50:00,0.4507
2024-01-19 13:00:00,0.3445
2024-01-19 13:10:00,0.4465
2024-01-19 13:20:00,0.4206
2024-01-19 13:30:00,0.3566
2024-01-19 13:40:00,0.3189
2024-01-19 13:50:00,0.2426
2024-01-19 14:00:00,0.4276
2024-01-19 14:10:00,0.2746
2024-01-19 14:20:00,0.4076
2024-01-19 14:30:00,0.3792
2024-01-19 14:40:00,0.4552
2024-01-19 14:50:00,0.3776
2024-01-19 15:00:00,0.3768
2024-01-19 15:10:00,0.4638
2024-01-19 15:20:00,0.4352
2024-01-19 15:30:00,0.4384
2024-01-19 15:40:00,0.4572
2024-01-19 15:50:00,0.3061
2024-01-19 16:00:00,0.5021
2024-01-19 16:10:00,0.5075
2024-01-19 16:20:00,0.3993
2024-01-19 16:30:00,0.4893
2024-01-19 16:40:00,0.5411
2024-01-19 16:50:00,0.5765
2024-01-19 17:00:00,0.6652
2024-01-19 17:10:00,0.8124
2024-01-19 17:20:00,0.8514
2024-01-19 17:30:00,0.7334
2024-01-19 17:40:00,0.9663
2024-01-19 17:50:00,1.1033
2024-01-19 18:00:00,1.1078
2024-01-19 18:10:00,1.24
2024-01-19 18:20:00,1.382
2024-01-19 18:30:00,1.3603
2024-01-19 18:40:00,1.3417
2024-01-19 18:50:00,1.4325
2024-01-19 19:00:00,1.3697
2024-01-19 19:10:00,1.3508
2024-01-19 19:20:00,1.2937
2024-01-19 19:30:00,1.4034
2024-01-19 19:40:00,1.1555
2024-01-19 19:50:00,1.2753
2024-01-19 20:00:00,1.1168
2024-01-19 20:10:00,0.8851
2024-01-19 20:20:00,0.9459
2024-01-19 20:30:00,0.6703
2024-01-19 20:40:00,0.8149
2024-01-19 20:50:00,0.7687
2024-01-19 21:00:00,0.5911
2024-01-19 21:10:00,0.5971
2024-01-19 21:20:00,0.7005
2024-01-19 21:30:00,0.4684
2024-01-19 21:40:00,0.3959
2024-01-19 21:50:00,0.577
2024-01-19 22:00:00,0.5986
2024-01-19 22:10:00,0.4292
2024-01-19 22:20:00,0.5006
2024-01-19 22:30:00,0.5204
2024-01-19 22:40:00,0.349
2024-01-19 22:50:00,0.3664
2024-01-19 23:00:00,0.5016
2024-01-19 23:10:00,0.5365
2024-01-19 23:20:00,0.4459
2024-01-19 23:30:00,0.3299
2024-01-19 23:40:00,0.5589
2024-01-19 23:50:00,0.3572
2024-01-20 00:00:00,0.3982
2024-01-20 00:10:00,0.4299
2024-01-20 00:20:00,0.5006
2024-01-20 00:30:00,0.4147
2024-01-20 00:40:00,0.3459
2024-01-20 00:50:00,0.3127
2024-01-20 01:00:00,0.2388
2024-01-20 01:10:00,0.2372
2024-01-20 01:20:00,0.05
2024-01-20 01:30:00,0.1318
2024-01-20 01:40:00,0.1749
2024-01-20 01:50:00,0.0635
2024-01-20 02:00:00,0.1865
2024-01-20 02:10:00,0.1392
2024-01-20 02:20:00,0.296
2024-01-20 02:30:00,0.2814
2024-01-20 02:40:00,0.1183
2024-01-20 02:50:00,0.1435
2024-01-20 03:00:00,0.1496
2024-01-20 03:10:00,0.1194
2024-01-20 03:20:00,0.1711
2024-01-20 03:30:00,0.0949
2024-01-20 03:40:00,0.0651
2024-01-20 03:50:00,0.3109
2024-01-20 04:00:00,0.4363
2024-01-20 04:10:00,0.4658
2024-01-20 04:20:00,0.765
2024-01-20 04:30:00,0.8244
2024-01-20 04:40:00,1.0936
2024-01-20 04:50:00,1.3526
2024-01-20 05:00:00,1.5105
2024-01-20 05:10:00,1.7853
2024-01-20 05:20:00,1.9491
2024-01-20 05:30:00,2.2173
2024-01-20 05:40:00,2.4553
2024-01-20 05:50:00,2.6416
2024-01-20 06:00:00,2.9018
2024-01-20 06:10:00,2.9862
2024-01-20 06:20:00,3.239
2024-01-20 06:30:00,3.3931
2024-01-20 06:40:00,3.4982
2024-01-20 06:50:00,3.5646
2024-01-20 07:00:00,3.6047
2024-01-20 07:10:00,3.634
2024-01-20 07:20:00,3.6129
2024-01-20 07:30:00,3.4017
2024-01-20 07:40:00,3.2351
2024-01-20 07:50:00,3.0973
2024-01-20 08:00:00,2.9679
2024-01-20 08:10:00,2.7875
2024-01-20 08:20:00,2.5513
2024-01-20 08:30:00,2.3008
2024-01-20 08:40:00,2.1595
2024-01-20 08:50:00,2.0067
2024-01-20 09:00:00,1.8448
2024-01-20 09:10:00,1.5698
2024-01-20 09:20:00,1.4131
2024-01-20 09:30:00,1.22
2024-01-20 09:40:00,1.1566
2024-01-20 09:50:00,0.9731
2024-01-20 10:00:00,0.9853
2024-01-20 10:10:00,0.7107
2024-01-20 10:20:00,0.7531
2024-01-20 10:30:00,0.7471
2024-01-20 10:40:00,0.69
2024-01-20 10:50:00,0.8527
2024-01-20 11:00:00,0.6353
2024-01-20 11:10:00,0.5038
2024-01-20 11:20:00,0.5588
2024-01-20 11:30:00,0.4109
2024-01-20 11:40:00,0.5367
2024-01-20 11:50:00,0.4692
2024-01-20 12:00:00,0.6037
2024-01-20 12:10:00,0.4828
2024-01-20 12:20:00,0.5147
2024-01-20 12:30:00,0.4714
2024-01-20 12:40:00,0.6601
2024-01-20 12:50:00,0.4944
2024-01-20 13:00:00,0.6661
2024-01-20 13:10:00,0.5843
2024-01-20 13:20:00,0.5575
2024-01-20 13:30:00,0.5483
2024-01-20 13:40:00,0.5502
2024-01-20 13:50:00,0.3645
2024-01-20 14:00:00,0.4964
2024-01-20 14:10:00,0.5865
2024-01-20 14:20:00,0.5152
2024-01-20 14:30:00,0.4072
2024-01-20 14:40:00,0.5161
2024-01-20 14:50:00,0.6578
2024-01-20 15:00:00,0.6231
2024-01-20 15:10:00,0.5211
2024-01-20 15:20:00,0.6063
2024-01-20 15:30:00,0.5069
2024-01-20 15:40:00,0.4084
2024-01-20 15:50:00,0.4828
2024-01-20 16:00:00,0.6982
2024-01-20 16:10:00,0.5732
2024-01-20 16:20:00,0.6044
2024-01-20 16:30:00,0.6366
2024-01-20 16:40:00,0.8587
2024-01-20 16:50:00,0.8924
2024-01-20 17:00:00,1.0063
2024-01-20 17:10:00,0.8931
2024-01-20 17:20:00,1.0165
2024-01-20 17:30:00,0.9669
2024-01-20 17:40:00,1.3079
2024-01-20 17:50:00,1.2008
2024-01-20 18:00:00,1.4152
2024-01-20 18:10:00,1.4085
2024-01-20 18:20:00,1.5378
2024-01-20 18:30:00,1.5924
2024-01-20 18:40:00,1.6671
2024-01-20 18:50:00,1.7078
2024-01-20 19:00:00,1.719
2024-01-20 19:10:00,1.8176
2024-01-20 19:20:00,1.6274
2024-01-20 19:30:00,1.677
2024-01-20 19:40:00,1.6824
2024-01-20 19:50:00,1.4552
2024-01-20 20:00:00,1.3404
2024-01-20 20:10:00,1.2758
2024-01-20 20:20:00,1.2841
2024-01-20 20:30:00,1.1037
2024-01-20 20:40:00,0.9503
2024-01-20 20:50:00,0.9446
2024-01-20 21:00:00,0.7406
2024-01-20 21:10:00,0.8168
2024-01-20 21:20:00,0.7391
2024-01-20 21:30:00,0.6359
2024-01-20 21:40:00,0.5567
2024-01-20 21:50:00,0.5242
2024-01-20 22:00:00,0.6159
2024-01-20 22:10:00,0.6551
2024-01-20 22:20:00,0.4938
2024-01-20 22:30:00,0.5728
2024-01-20 22:40:00,0.3632
2024-01-20 22:50:00,0.4793
2024-01-20 23:00:00,0.5208
2024-01-20 23:10:00,0.4487
2024-01-20 23:20:00,0.4454
2024-01-20 23:30:00,0.4662
2024-01-20 23:40:00,0.5425
2024-01-20 23:50:00,0.5039
2024-01-21 00:00:00,0.2453
2024-01-21 00:10:00,0.2322
2024-01-21 00:20:00,0.3272
2024-01-21 00:30:00,0.3824
2024-01-21 00:40:00,0.0924
2024-01-21 00:50:00,0.2352
2024-01-21 01:00:00,0.1929
2024-01-21 01:10:00,0.3033
2024-01-21 01:20:00,0.1245
2024-01-21 01:30:00,0.1859
2024-01-21 01:40:00,0.1666
2024-01-21 01:50:00,0.05
2024-01-21 02:00:00,0.2168
2024-01-21 02:10:00,0.1725
2024-01-21 02:20:00,0.196
2024-01-21 02:30:00,0.4694
2024-01-21 02:40:00,0.05
2024-01-21 02:50:00,0.2933
2024-01-21 03:00:00,0.1323
2024-01-21 03:10:00,0.1783
2024-01-21 03:20:00,0.1517
2024-01-21 03:30:00,0.1214
2024-01-21 03:40:00,0.1097
2024-01-21 03:50:00,0.287
2024-01-21 04:00:00,0.264
2024-01-21 04:10:00,0.5894
2024-01-21 04:20:00,0.659
2024-01-21 04:30:00,0.7831
2024-01-21 04:40:00,1.0357
2024-01-21 04:50:00,1.3855
2024-01-21 05:00:00,1.468
2024-01-21 05:10:00,1.7749
2024-01-21 05:20:00,1.9288
2024-01-21 05:30:00,2.2901
2024-01-21 05:40:00,2.5227
2024-01-21 05:50:00,2.845
2024-01-21 06:00:00,2.8974
2024-01-21 06:10:00,3.1587
2024-01-21 06:20:00,3.281
2024-01-21 06:30:00,3.5142
2024-01-21 06:40:00,3.4557
2024-01-21 06:50:00,3.6379
2024-01-21 07:00:00,3.5885
2024-01-21 07:10:00,3.5849
2024-01-21 07:20:00,3.5447
2024-01-21 07:30:00,3.4684
2024-01-21 07:40:00,3.3169
2024-01-21 07:50:00,3.1929
2024-01-21 08:00:00,3.1284
2024-01-21 08:10:00,2.89
2024-01-21 08:20:00,2.6783
2024-01-21 08:30:00,2.3643
2024-01-21 08:40:00,2.1214
2024-01-21 08:50:00,2.0655
2024-01-21 09:00:00,1.8645
2024-01-21 09:10:00,1.7297
2024-01-21 09:20:00,1.3956
2024-01-21 09:30:00,1.2738
2024-01-21 09:40:00,1.0261
2024-01-21 09:50:00,1.008
2024-01-21 10:00:00,1.0178
2024-01-21 10:10:00,0.8149
2024-01-21 10:20:00,0.8319
2024-01-21 10:30:00,0.7066
2024-01-21 10:40:00,0.7002
2024-01-21 10:50:00,0.5445
2024-01-21 11:00:00,0.6132
2024-01-21 11:10:00,0.344
2024-01-21 11:20:00,0.5506
2024-01-21 11:30:00,0.4217
2024-01-21 11:40:00,0.6387
2024-01-21 11:50:00,0.5972
2024-01-21 12:00:00,0.567
2024-01-21 12:10:00,0.6476
2024-01-21 12:20:00,0.4473
2024-01-21 12:30:00,0.6612
2024-01-21 12:40:00,0.5947
2024-01-21 12:50:00,0.5004
2024-01-21 13:00:00,0.6096
2024-01-21 13:10:00,0.4298
2024-01-21 13:20:00,0.4522
2024-01-21 13:30:00,0.4693
2024-01-21 13:40:00,0.4756
2024-01-21 13:50:00,0.4334
2024-01-21 14:00:00,0.6158
2024-01-21 14:10:00,0.4974
2024-01-21 14:20:00,0.5465
2024-01-21 14:30:00,0.4732
2024-01-21 14:40:00,0.3739
2024-01-21 14:50:00,0.5423
2024-01-21 15:00:00,0.3695
2024-01-21 15:10:00,0.5197
2024-01-21 15:20:00,0.4199
2024-01-21 15:30:00,0.6943
2024-01-21 15:40:00,0.6168
2024-01-21 15:50:00,0.5643
2024-01-21 16:00:00,0.6734
2024-01-21 16:10:00,0.5265
2024-01-21 16:20:00,0.6663
2024-01-21 16:30:00,0.6755
2024-01-21 16:40:00,0.7264
2024-01-21 16:50:00,0.8629
2024-01-21 17:00:00,0.8861
2024-01-21 17:10:00,0.9275
2024-01-21 17:20:00,0.8589
2024-01-21 17:30:00,1.0097
2024-01-21 17:40:00,1.178
2024-01-21 17:50:00,1.2996
2024-01-21 18:00:00,1.3052
2024-01-21 18:10:00,1.6868
2024-01-21 18:20:00,1.7037
2024-01-21 18:30:00,1.705
2024-01-21 18:40:00,1.7188
2024-01-21 18:50:00,1.7312
2024-01-21 19:00:00,1.684
2024-01-21 19:10:00,1.7544
2024-01-21 19:20:00,1.7337
2024-01-21 19:30:00,1.5575
2024-01-21 19:40:00,1.6092
2024-01-21 19:50:00,1.4815
2024-01-21 20:00:00,1.243
2024-01-21 20:10:00,1.2233
2024-01-21 20:20:00,1.1548
2024-01-21 20:30:00,1.2375
2024-01-21 20:40:00,1.0358
2024-01-21 20:50:00,0.7976
2024-01-21 21:00:00,0.8664
2024-01-21 21:10:00,0.6373
2024-01-21 21:20:00,0.7919
2024-01-21 21:30:00,0.6218
2024-01-21 21:40:00,0.6154
2024-01-21 21:50:00,0.7002
2024-01-21 22:00:00,0.4693
2024-01-21 22:10:00,0.4441
2024-01-21 22:20:00,0.4972
2024-01-21 22:30:00,0.6184
2024-01-21 22:40:00,0.4078
2024-01-21 22:50:00,0.2987
2024-01-21 23:00:00,0.4864
2024-01-21 23:10:00,0.5648
2024-01-21 23:20:00,0.6155
2024-01-21 23:30:00,0.4817
2024-01-21 23:40:00,0.4854
2024-01-21 23:50:00,0.6104
2024-01-22 00:00:00,0.1763
2024-01-22 00:10:00,0.2775
2024-01-22 00:20:00,0.3038
2024-01-22 00:30:00,0.3015
2024-01-22 00:40:00,0.199
2024-01-22 00:50:00,0.2141
2024-01-22 01:00:00,0.05
2024-01-22 01:10:00,0.095
2024-01-22 01:20:00,0.1555
2024-01-22 01:30:00,0.05
2024-01-22 01:40:00,0.124
2024-01-22 01:50:00,0.155
2024-01-22 02:00:00,0.0919
2024-01-22 02:10:00,0.1329
2024-01-22 02:20:00,0.05
2024-01-22 02:30:00,0.1027
2024-01-22 02:40:00,0.1681
2024-01-22 02:50:00,0.1318
2024-01-22 03:00:00,0.0723
2024-01-22 03:10:00,0.1372
2024-01-22 03:20:00,0.1764
2024-01-22 03:30:00,0.05
2024-01-22 03:40:00,0.212
2024-01-22 03:50:00,0.1733
2024-01-22 04:00:00,0.33
2024-01-22 04:10:00,0.5023
2024-01-22 04:20:00,0.4219
2024-01-22 04:30:00,0.6141
2024-01-22 04:40:00,0.7999
2024-01-22 04:50:00,0.9241
2024-01-22 05:00:00,1.2991
2024-01-22 05:10:00,1.2725
2024-01-22 05:20:00,1.4817
2024-01-22 05:30:00,1.7285
2024-01-22 05:40:00,1.7991
2024-01-22 05:50:00,2.0396
2024-01-22 06:00:00,2.2613
2024-01-22 06:10:00,2.3581
2024-01-22 06:20:00,2.5062
2024-01-22 06:30:00,2.5768
2024-01-22 06:40:00,2.5769
2024-01-22 06:50:00,2.7737
2024-01-22 07:00:00,2.9082
2024-01-22 07:10:00,2.7585
2024-01-22 07:20:00,2.7346
2024-01-22 07:30:00,2.7035
2024-01-22 07:40:00,2.4528
2024-01-22 07:50:00,2.5751
2024-01-22 08:00:00,2.3217
2024-01-22 08:10:00,2.2895
2024-01-22 08:20:00,1.9448
2024-01-22 08:30:00,1.9892
2024-01-22 08:40:00,1.7458
2024-01-22 08:50:00,1.5718
2024-01-22 09:00:00,1.3968
2024-01-22 09:10:00,1.218
2024-01-22 09:20:00,1.2049
2024-01-22 09:30:00,1.0035
2024-01-22 09:40:00,0.7314
2024-01-22 09:50:00,0.7088
2024-01-22 10:00:00,0.7055
2024-01-22 10:10:00,0.6793
2024-01-22 10:20:00,0.595
2024-01-22 10:30:00,0.6519
2024-01-22 10:40:00,0.3617
2024-01-22 10:50:00,0.5001
2024-01-22 11:00:00,0.3203
2024-01-22 11:10:00,0.5087
2024-01-22 11:20:00,0.4268
2024-01-22 11:30:00,0.4576
2024-01-22 11:40:00,0.3473
2024-01-22 11:50:00,0.5132
2024-01-22 12:00:00,0.4901
2024-01-22 12:10:00,0.4506
2024-01-22 12:20:00,0.3915
2024-01-22 12:30:00,0.4468
2024-01-22 12:40:00,0.3429
2024-01-22 12:50:00,0.4672
2024-01-22 13:00:00,0.5303
2024-01-22 13:10:00,0.4837
2024-01-22 13:20:00,0.3395
2024-01-22 13:30:00,0.4267
2024-01-22 13:40:00,0.2943
2024-01-22 13:50:00,0.4435
2024-01-22 14:00:00,0.4338
2024-01-22 14:10:00,0.2483
2024-01-22 14:20:00,0.3051
2024-01-22 14:30:00,0.3758
2024-01-22 14:40:00,0.3749
2024-01-22 14:50:00,0.3031
2024-01-22 15:00:00,0.4324
2024-01-22 15:10:00,0.4235
2024-01-22 15:20:00,0.391
2024-01-22 15:30:00,0.3507
2024-01-22 15:40:00,0.5016
2024-01-22 15:50:00,0.5593
2024-01-22 16:00:00,0.4008
2024-01-22 16:10:00,0.4073
2024-01-22 16:20:00,0.5176
2024-01-22 16:30:00,0.4778
2024-01-22 16:40:00,0.5305
2024-01-22 16:50:00,0.6437
2024-01-22 17:00:00,0.4827
2024-01-22 17:10:00,0.8
2024-01-22 17:20:00,0.7671
2024-01-22 17:30:00,0.8015
2024-01-22 17:40:00,0.9051
2024-01-22 17:50:00,0.9893
2024-01-22 18:00:00,0.9333
2024-01-22 18:10:00,1.2669
2024-01-22 18:20:00,1.2186
2024-01-22 18:30:00,1.3078
2024-01-22 18:40:00,1.3917
2024-01-22 18:50:00,1.2609
2024-01-22 19:00:00,1.3896
2024-01-22 19:10:00,1.3211
2024-01-22 19:20:00,1.3833
2024-01-22 19:30:00,1.1022
2024-01-22 19:40:00,1.2073
2024-01-22 19:50:00,1.099
2024-01-22 20:00:00,1.1064
2024-01-22 20:10:00,1.03
2024-01-22 20:20:00,0.8556
2024-01-22 20:30:00,0.7774
2024-01-22 20:40:00,0.7524
2024-01-22 20:50:00,0.6228
2024-01-22 21:00:00,0.7028
2024-01-22 21:10:00,0.555
2024-01-22 21:20:00,0.3091
2024-01-22 21:30:00,0.4765
2024-01-22 21:40:00,0.3953
2024-01-22 21:50:00,0.3258
2024-01-22 22:00:00,0.3405
2024-01-22 22:10:00,0.4357
2024-01-22 22:20:00,0.524
2024-01-22 22:30:00,0.4362
2024-01-22 22:40:00,0.358
2024-01-22 22:50:00,0.4398
2024-01-22 23:00:00,0.3645
2024-01-22 23:10:00,0.3443
2024-01-22 23:20:00,0.3066
2024-01-22 23:30:00,0.2583
2024-01-22 23:40:00,0.3669
2024-01-22 23:50:00,0.4105
2024-01-23 00:00:00,0.3176
2024-01-23 00:10:00,0.2748
2024-01-23 00:20:00,0.2124
2024-01-23 00:30:00,0.3138
2024-01-23 00:40:00,0.134
2024-01-23 00:50:00,0.273
2024-01-23 01:00:00,0.1
2024-01-23 01:10:00,0.0872
2024-01-23 01:20:00,0.05
2024-01-23 01:30:00,0.079
2024-01-23 01:40:00,0.1971
2024-01-23 01:50:00,0.1603
2024-01-23 02:00:00,0.1973
2024-01-23 02:10:00,0.1608
2024-01-23 02:20:00,0.05
2024-01-23 02:30:00,0.0926
2024-01-23 02:40:00,0.0566
2024-01-23 02:50:00,0.2255
2024-01-23 03:00:00,0.05
2024-01-23 03:10:00,0.1906
2024-01-23 03:20:00,0.1905
2024-01-23 03:30:00,0.2654
2024-01-23 03:40:00,0.0863
2024-01-23 03:50:00,0.2568
2024-01-23 04:00:00,0.478
2024-01-23 04:10:00,0.3564
2024-01-23 04:20:00,0.408
2024-01-23 04:30:00,0.5193
2024-01-23 04:40:00,0.8786
2024-01-23 04:50:00,0.8345
2024-01-23 05:00:00,1.1285
2024-01-23 05:10:00,1.3737
2024-01-23 05:20:00,1.5383
2024-01-23 05:30:00,1.7433
2024-01-23 05:40:00,1.9098
2024-01-23 05:50:00,2.17
2024-01-23 06:00:00,2.1558
2024-01-23 06:10:00,2.3265
2024-01-23 06:20:00,2.4476
2024-01-23 06:30:00,2.6811
2024-01-23 06:40:00,2.7654
2024-01-23 06:50:00,2.7794
2024-01-23 07:00:00,2.8577
2024-01-23 07:10:00,2.6581
2024-01-23 07:20:00,2.8453
2024-01-23 07:30:00,2.7654
2024-01-23 07:40:00,2.6089
2024-01-23 07:50:00,2.5772
2024-01-23 08:00:00,2.1691
2024-01-23 08:10:00,2.1133
2024-01-23 08:20:00,1.9412
2024-01-23 08:30:00,1.8983
2024-01-23 08:40:00,1.5969
2024-01-23 08:50:00,1.5855
2024-01-23 09:00:00,1.4853
2024-01-23 09:10:00,1.2914
2024-01-23 09:20:00,1.1297
2024-01-23 09:30:00,0.9116
2024-01-23 09:40:00,0.8195
2024-01-23 09:50:00,0.8968
2024-01-23 10:00:00,0.7815
2024-01-23 10:10:00,0.6502
2024-01-23 10:20:00,0.565
2024-01-23 10:30:00,0.3913
2024-01-23 10:40:00,0.4312
2024-01-23 10:50:00,0.6407
2024-01-23 11:00:00,0.3625
2024-01-23 11:10:00,0.4623
2024-01-23 11:20:00,0.5142
2024-01-23 11:30:00,0.3229
2024-01-23 11:40:00,0.4305
2024-01-23 11:50:00,0.4852
2024-01-23 12:00:00,0.4071
2024-01-23 12:10:00,0.6327
2024-01-23 12:20:00,0.2677
2024-01-23 12:30:00,0.4844
2024-01-23 12:40:00,0.3849
2024-01-23 12:50:00,0.4599
2024-01-23 13:00:00,0.433
2024-01-23 13:10:00,0.3387
2024-01-23 13:20:00,0.4155
2024-01-23 13:30:00,0.2485
2024-01-23 13:40:00,0.4453
2024-01-23 13:50:00,0.4209
2024-01-23 14:00:00,0.4482
2024-01-23 14:10:00,0.4818
2024-01-23 14:20:00,0.4268
2024-01-23 14:30:00,0.4096
2024-01-23 14:40:00,0.3278
2024-01-23 14:50:00,0.3422
2024-01-23 15:00:00,0.4955
2024-01-23 15:10:00,0.5176
2024-01-23 15:20:00,0.3868
2024-01-23 15:30:00,0.4141
2024-01-23 15:40:00,0.3446
2024-01-23 15:50:00,0.52
2024-01-23 16:00:00,0.492
2024-01-23 16:10:00,0.6108
2024-01-23 16:20:00,0.4072
2024-01-23 16:30:00,0.4754
2024-01-23 16:40:00,0.5592
2024-01-23 16:50:00,0.6352
2024-01-23 17:00:00,0.6171
2024-01-23 17:10:00,0.6235
2024-01-23 17:20:00,0.8305
2024-01-23 17:30:00,0.8907
2024-01-23 17:40:00,0.8374
2024-01-23 17:50:00,1.0991
2024-01-23 18:00:00,1.1636
2024-01-23 18:10:00,1.156
2024-01-23 18:20:00,1.2195
2024-01-23 18:30:00,1.3145
2024-01-23 18:40:00,1.2444
2024-01-23 18:50:00,1.3426
2024-01-23 19:00:00,1.1772
2024-01-23 19:10:00,1.4104
2024-01-23 19:20:00,1.1884
2024-01-23 19:30:00,1.3905
2024-01-23 19:40:00,1.1868
2024-01-23 19:50:00,1.1284
2024-01-23 20:00:00,1.0197
2024-01-23 20:10:00,0.9676
2024-01-23 20:20:00,1.0241
2024-01-23 20:30:00,0.6339
2024-01-23 20:40:00,0.8621
2024-01-23 20:50:00,0.7204
2024-01-23 21:00:00,0.5378
2024-01-23 21:10:00,0.4975
2024-01-23 21:20:00,0.6748
2024-01-23 21:30:00,0.43
2024-01-23 21:40:00,0.3852
2024-01-23 21:50:00,0.5465
2024-01-23 22:00:00,0.4658
2024-01-23 22:10:00,0.3511
2024-01-23 22:20:00,0.4343
2024-01-23 22:30:00,0.3284
2024-01-23 22:40:00,0.4939
2024-01-23 22:50:00,0.4876
2024-01-23 23:00:00,0.4431
2024-01-23 23:10:00,0.4281
2024-01-23 23:20:00,0.5392
2024-01-23 23:30:00,0.3977
2024-01-23 23:40:00,0.3028
2024-01-23 23:50:00,0.4331
2024-01-24 00:00:00,0.4916
2024-01-24 00:10:00,0.2263
2024-01-24 00:20:00,0.2586
2024-01-24 00:30:00,0.298
2024-01-24 00:40:00,0.2346
2024-01-24 00:50:00,0.132
2024-01-24 01:00:00,0.2696
2024-01-24 01:10:00,0.3327
2024-01-24 01:20:00,0.1345
2024-01-24 01:30:00,0.05
2024-01-24 01:40:00,0.05
2024-01-24 01:50:00,0.1395
2024-01-24 02:00:00,0.2072
2024-01-24 02:10:00,0.1569
2024-01-24 02:20:00,0.1187
2024-01-24 02:30:00,0.0717
2024-01-24 02:40:00,0.05
2024-01-24 02:50:00,0.1856
2024-01-24 03:00:00,0.192
2024-01-24 03:10:00,0.05
2024-01-24 03:20:00,0.246
2024-01-24 03:30:00,0.1648
2024-01-24 03:40:00,0.2308
2024-01-24 03:50:00,0.0921
2024-01-24 04:00:00,0.1856
2024-01-24 04:10:00,0.3932
2024-01-24 04:20:00,0.57
2024-01-24 04:30:00,0.8122
2024-01-24 04:40:00,0.8766
2024-01-24 04:50:00,0.9639
2024-01-24 05:00:00,1.0741
2024-01-24 05:10:00,1.4347
2024-01-24 05:20:00,1.4436
2024-01-24 05:30:00,1.8365
2024-01-24 05:40:00,1.8659
2024-01-24 05:50:00,2.1913
2024-01-24 06:00:00,2.2823
2024-01-24 06:10:00,2.3654
2024-01-24 06:20:00,2.4633
2024-01-24 06:30:00,2.5827
2024-01-24 06:40:00,2.7228
2024-01-24 06:50:00,2.7445
2024-01-24 07:00:00,2.7106
2024-01-24 07:10:00,2.7341
2024-01-24 07:20:00,2.7133
2024-01-24 07:30:00,2.4685
2024-01-24 07:40:00,2.5821
2024-01-24 07:50:00,2.3519
2024-01-24 08:00:00,2.2052
2024-01-24 08:10:00,2.0164
2024-01-24 08:20:00,1.8529
2024-01-24 08:30:00,1.7288
2024-01-24 08:40:00,1.6212
2024-01-24 08:50:00,1.6784
2024-01-24 09:00:00,1.3311
2024-01-24 09:10:00,1.2477
2024-01-24 09:20:00,1.137
2024-01-24 09:30:00,0.9993
2024-01-24 09:40:00,0.8794
2024-01-24 09:50:00,0.6998
2024-01-24 10:00:00,0.8339
2024-01-24 10:10:00,0.7967
2024-01-24 10:20:00,0.4628
2024-01-24 10:30:00,0.4705
2024-01-24 10:40:00,0.4936
2024-01-24 10:50:00,0.4098
2024-01-24 11:00:00,0.5045
2024-01-24 11:10:00,0.3881
2024-01-24 11:20:00,0.606
2024-01-24 11:30:00,0.5178
2024-01-24 11:40:00,0.432
2024-01-24 11:50:00,0.4916
2024-01-24 12:00:00,0.4938
2024-01-24 12:10:00,0.3574
2024-01-24 12:20:00,0.3351
2024-01-24 12:30:00,0.4053
2024-01-24 12:40:00,0.467
2024-01-24 12:50:00,0.4085
2024-01-24 13:00:00,0.2708
2024-01-24 13:10:00,0.3325
2024-01-24 13:20:00,0.3906
2024-01-24 13:30:00,0.3903
2024-01-24 13:40:00,0.5541
2024-01-24 13:50:00,0.2855
2024-01-24 14:00:00,0.4368
2024-01-24 14:10:00,0.5156
2024-01-24 14:20:00,0.5784
2024-01-24 14:30:00,0.3647
2024-01-24 14:40:00,0.4369
2024-01-24 14:50:00,0.444
2024-01-24 15:00:00,0.4155
2024-01-24 15:10:00,0.394
2024-01-24 15:20:00,0.44
2024-01-24 15:30:00,0.2071
2024-01-24 15:40:00,0.4708
2024-01-24 15:50:00,0.4355
2024-01-24 16:00:00,0.4201
2024-01-24 16:10:00,0.6185
2024-01-24 16:20:00,0.4227
2024-01-24 16:30:00,0.4725
2024-01-24 16:40:00,0.6991
2024-01-24 16:50:00,0.5159
2024-01-24 17:00:00,0.5892
2024-01-24 17:10:00,0.6804
2024-01-24 17:20:00,0.8258
2024-01-24 17:30:00,0.8481
2024-01-24 17:40:00,0.8056
2024-01-24 17:50:00,0.9463
2024-01-24 18:00:00,1.0195
2024-01-24 18:10:00,1.1371
2024-01-24 18:20:00,1.2451
2024-01-24 18:30:00,1.3014
2024-01-24 18:40:00,1.1689
2024-01-24 18:50:00,1.423
2024-01-24 19:00:00,1.3672
2024-01-24 19:10:00,1.4486
2024-01-24 19:20:00,1.3465
2024-01-24 19:30:00,1.356
2024-01-24 19:40:00,1.2483
2024-01-24 19:50:00,1.2509
2024-01-24 20:00:00,1.1098
2024-01-24 20:10:00,0.981
2024-01-24 20:20:00,1.0908
2024-01-24 20:30:00,0.9026
2024-01-24 20:40:00,0.8045
2024-01-24 20:50:00,0.59
2024-01-24 21:00:00,0.5302
2024-01-24 21:10:00,0.6059
2024-01-24 21:20:00,0.5514
2024-01-24 21:30:00,0.4556
2024-01-24 21:40:00,0.4879
2024-01-24 21:50:00,0.5818
2024-01-24 22:00:00,0.4936
2024-01-24 22:10:00,0.3341
2024-01-24 22:20:00,0.4073
2024-01-24 22:30:00,0.3453
2024-01-24 22:40:00,0.3741
2024-01-24 22:50:00,0.3689
2024-01-24 23:00:00,0.3616
2024-01-24 23:10:00,0.298
2024-01-24 23:20:00,0.3874
2024-01-24 23:30:00,0.3522
2024-01-24 23:40:00,0.1623
2024-01-24 23:50:00,0.5607
2024-01-25 00:00:00,0.4112
2024-01-25 00:10:00,0.2768
2024-01-25 00:20:00,0.2885
2024-01-25 00:30:00,0.1704
2024-01-25 00:40:00,0.3742
2024-01-25 00:50:00,0.362
2024-01-25 01:00:00,0.192
2024-01-25 01:10:00,0.2287
2024-01-25 01:20:00,0.1327
2024-01-25 01:30:00,0.05
2024-01-25 01:40:00,0.0857
2024-01-25 01:50:00,0.1292
2024-01-25 02:00:00,0.0823
2024-01-25 02:10:00,0.1011
2024-01-25 02:20:00,0.1113
2024-01-25 02:30:00,0.1122
2024-01-25 02:40:00,0.1228
2024-01-25 02:50:00,0.05
2024-01-25 03:00:00,0.0613
2024-01-25 03:10:00,0.05
2024-01-25 03:20:00,0.1969
2024-01-25 03:30:00,0.05
2024-01-25 03:40:00,0.2109
2024-01-25 03:50:00,0.31
2024-01-25 04:00:00,0.2702
2024-01-25 04:10:00,0.1961
2024-01-25 04:20:00,0.4999
2024-01-25 04:30:00,0.6621
2024-01-25 04:40:00,0.7378
2024-01-25 04:50:00,0.9403
2024-01-25 05:00:00,1.2765
2024-01-25 05:10:00,1.387
2024-01-25 05:20:00,1.444
2024-01-25 05:30:00,1.5752
2024-01-25 05:40:00,1.8589
2024-01-25 05:50:00,2.0431
2024-01-25 06:00:00,2.2636
2024-01-25 06:10:00,2.3291
2024-01-25 06:20:00,2.5411
2024-01-25 06:30:00,2.7599
2024-01-25 06:40:00,2.7488
2024-01-25 06:50:00,2.7294
2024-01-25 07:00:00,2.7383
2024-01-25 07:10:00,2.7137
2024-01-25 07:20:00,2.7964
2024-01-25 07:30:00,2.5837
2024-01-25 07:40:00,2.5443
2024-01-25 07:50:00,2.4299
2024-01-25 08:00:00,2.253
2024-01-25 08:10:00,2.0375
2024-01-25 08:20:00,2.0186
2024-01-25 08:30:00,1.8289
2024-01-25 08:40:00,1.7148
2024-01-25 08:50:00,1.4766
2024-01-25 09:00:00,1.4683
2024-01-25 09:10:00,1.1611
2024-01-25 09:20:00,1.2399
2024-01-25 09:30:00,0.8472
2024-01-25 09:40:00,0.9187
2024-01-25 09:50:00,0.832
2024-01-25 10:00:00,0.6529
2024-01-25 10:10:00,0.6849
2024-01-25 10:20:00,0.6986
2024-01-25 10:30:00,0.374
2024-01-25 10:40:00,0.5552
2024-01-25 10:50:00,0.2865
2024-01-25 11:00:00,0.3859
2024-01-25 11:10:00,0.5758
2024-01-25 11:20:00,0.3854
2024-01-25 11:30:00,0.3279
2024-01-25 11:40:00,0.3984
2024-01-25 11:50:00,0.5741
2024-01-25 12:00:00,0.2581
2024-01-25 12:10:00,0.3176
2024-01-25 12:20:00,0.5195
2024-01-25 12:30:00,0.5469
2024-01-25 12:40:00,0.389
2024-01-25 12:50:00,0.2975
2024-01-25 13:00:00,0.5639
2024-01-25 13:10:00,0.5235
2024-01-25 13:20:00,0.4501
2024-01-25 13:30:00,0.3307
2024-01-25 13:40:00,0.3917
2024-01-25 13:50:00,0.3828
2024-01-25 14:00:00,0.4221
2024-01-25 14:10:00,0.5118
2024-01-25 14:20:00,0.4663
2024-01-25 14:30:00,0.3101
2024-01-25 14:40:00,0.5069
2024-01-25 14:50:00,0.4228
2024-01-25 15:00:00,0.4541
2024-01-25 15:10:00,0.5185
2024-01-25 15:20:00,0.3154
2024-01-25 15:30:00,0.4061
2024-01-25 15:40:00,0.3729
2024-01-25 15:50:00,0.2992
2024-01-25 16:00:00,0.4649
2024-01-25 16:10:00,0.6548
2024-01-25 16:20:00,0.3286
2024-01-25 16:30:00,0.5012
2024-01-25 16:40:00,0.59
2024-01-25 16:50:00,0.5912
2024-01-25 17:00:00,0.623
2024-01-25 17:10:00,0.5869
2024-01-25 17:20:00,0.7758
2024-01-25 17:30:00,0.7694
2024-01-25 17:40:00,0.7321
2024-01-25 17:50:00,1.0826
2024-01-25 18:00:00,1.1427
2024-01-25 18:10:00,1.1452
2024-01-25 18:20:00,1.2271
2024-01-25 18:30:00,1.3515
2024-01-25 18:40:00,1.3265
2024-01-25 18:50:00,1.4077
2024-01-25 19:00:00,1.3206
2024-01-25 19:10:00,1.4403
2024-01-25 19:20:00,1.3342
2024-01-25 19:30:00,1.2811
2024-01-25 19:40:00,1.1071
2024-01-25 19:50:00,1.1641
2024-01-25 20:00:00,0.9995
2024-01-25 20:10:00,0.936
2024-01-25 20:20:00,0.8421
2024-01-25 20:30:00,0.7446
2024-01-25 20:40:00,0.9271
2024-01-25 20:50:00,0.7973
2024-01-25 21:00:00,0.7857
2024-01-25 21:10:00,0.4835
2024-01-25 21:20:00,0.5444
2024-01-25 21:30:00,0.4003
2024-01-25 21:40:00,0.4201
2024-01-25 21:50:00,0.3804
2024-01-25 22:00:00,0.5363
2024-01-25 22:10:00,0.3929
2024-01-25 22:20:00,0.5009
2024-01-25 22:30:00,0.4572
2024-01-25 22:40:00,0.5886
2024-01-25 22:50:00,0.2828
2024-01-25 23:00:00,0.4998
2024-01-25 23:10:00,0.4894
2024-01-25 23:20:00,0.319
2024-01-25 23:30:00,0.4768
2024-01-25 23:40:00,0.4228
2024-01-25 23:50:00,0.3775
2024-01-26 00:00:00,0.2576
2024-01-26 00:10:00,0.2488
2024-01-26 00:20:00,0.4504
2024-01-26 00:30:00,0.2637
2024-01-26 00:40:00,0.3006
2024-01-26 00:50:00,0.1465
2024-01-26 01:00:00,0.1167
2024-01-26 01:10:00,0.2331
2024-01-26 01:20:00,0.05
2024-01-26 01:30:00,0.0852
2024-01-26 01:40:00,0.1211
2024-01-26 01:50:00,0.1273
2024-01-26 02:00:00,0.1041
2024-01-26 02:10:00,0.1501
2024-01-26 02:20:00,0.1738
2024-01-26 02:30:00,0.1772
2024-01-26 02:40:00,0.05
2024-01-26 02:50:00,0.0957
2024-01-26 03:00:00,0.214
2024-01-26 03:10:00,0.19
2024-01-26 03:20:00,0.05
2024-01-26 03:30:00,0.1465
2024-01-26 03:40:00,0.05
2024-01-26 03:50:00,0.2025
2024-01-26 04:00:00,0.4456
2024-01-26 04:10:00,0.3277
2024-01-26 04:20:00,0.4611
2024-01-26 04:30:00,0.7271
2024-01-26 04:40:00,0.6936
2024-01-26 04:50:00,0.929
2024-01-26 05:00:00,1.1995
2024-01-26 05:10:00,1.2805
2024-01-26 05:20:00,1.4961
2024-01-26 05:30:00,1.7592
2024-01-26 05:40:00,1.9152
2024-01-26 05:50:00,2.0775
2024-01-26 06:00:00,2.1924
2024-01-26 06:10:00,2.3969
2024-01-26 06:20:00,2.4855
2024-01-26 06:30:00,2.6367
2024-01-26 06:40:00,2.6386
2024-01-26 06:50:00,2.7133
2024-01-26 07:00:00,2.6684
2024-01-26 07:10:00,2.7341
2024-01-26 07:20:00,2.6319
2024-01-26 07:30:00,2.5397
2024-01-26 07:40:00,2.5564
2024-01-26 07:50:00,2.4381
2024-01-26 08:00:00,2.3514
2024-01-26 08:10:00,2.1087
2024-01-26 08:20:00,2.0215
2024-01-26 08:30:00,1.8743
2024-01-26 08:40:00,1.7071
2024-01-26 08:50:00,1.4503
2024-01-26 09:00:00,1.3799
2024-01-26 09:10:00,1.258
2024-01-26 09:20:00,1.1014
2024-01-26 09:30:00,0.8181
2024-01-26 09:40:00,0.8951
2024-01-26 09:50:00,0.9694
2024-01-26 10:00:00,0.6863
2024-01-26 10:10:00,0.5914
2024-01-26 10:20:00,0.625
2024-01-26 10:30:00,0.5753
2024-01-26 10:40:00,0.6094
2024-01-26 10:50:00,0.3844
2024-01-26 11:00:00,0.5208
2024-01-26 11:10:00,0.4919
2024-01-26 11:20:00,0.4198
2024-01-26 11:30:00,0.4481
2024-01-26 11:40:00,0.4957
2024-01-26 11:50:00,0.4776
2024-01-26 12:00:00,0.3124
2024-01-26 12:10:00,0.4666
2024-01-26 12:20:00,0.3937
2024-01-26 12:30:00,0.4033
2024-01-26 12:40:00,0.4024
2024-01-26 12:50:00,0.3839
2024-01-26 13:00:00,0.4908
2024-01-26 13:10:00,0.3885
2024-01-26 13:20:00,0.3054
2024-01-26 13:30:00,0.3634
2024-01-26 13:40:00,0.4091
2024-01-26 13:50:00,0.4932
2024-01-26 14:00:00,0.4431
2024-01-26 14:10:00,0.3269
2024-01-26 14:20:00,0.594
2024-01-26 14:30:00,0.4167
2024-01-26 14:40:00,0.4981
2024-01-26 14:50:00,0.3848
2024-01-26 15:00:00,0.441
2024-01-26 15:10:00,0.4676
2024-01-26 15:20:00,0.501
2024-01-26 15:30:00,0.4927
2024-01-26 15:40:00,0.4844
2024-01-26 15:50:00,0.3986
2024-01-26 16:00:00,0.3905
2024-01-26 16:10:00,0.4796
2024-01-26 16:20:00,0.5495
2024-01-26 16:30:00,0.485
2024-01-26 16:40:00,0.6229
2024-01-26 16:50:00,0.6964
2024-01-26 17:00:00,0.5575
2024-01-26 17:10:00,0.6225
2024-01-26 17:20:00,0.7445
2024-01-26 17:30:00,0.8529
2024-01-26 17:40:00,0.8636
2024-01-26 17:50:00,1.0933
2024-01-26 18:00:00,1.0979
2024-01-26 18:10:00,1.1421
2024-01-26 18:20:00,1.0915
2024-01-26 18:30:00,1.1578
2024-01-26 18:40:00,1.3285
2024-01-26 18:50:00,1.1621
2024-01-26 19:00:00,1.4228
2024-01-26 19:10:00,1.3201
2024-01-26 19:20:00,1.5654
2024-01-26 19:30:00,1.4477
2024-01-26 19:40:00,1.1919
2024-01-26 19:50:00,1.1304
2024-01-26 20:00:00,1.1436
2024-01-26 20:10:00,1.1214
2024-01-26 20:20:00,0.7745
2024-01-26 20:30:00,0.6854
2024-01-26 20:40:00,0.7059
2024-01-26 20:50:00,0.7361
2024-01-26 21:00:00,0.6706
2024-01-26 21:10:00,0.6658
2024-01-26 21:20:00,0.4417
2024-01-26 21:30:00,0.3175
2024-01-26 21:40:00,0.5435
2024-01-26 21:50:00,0.3867
2024-01-26 22:00:00,0.2748
2024-01-26 22:10:00,0.4354
2024-01-26 22:20:00,0.4781
2024-01-26 22:30:00,0.3984
2024-01-26 22:40:00,0.3669
2024-01-26 22:50:00,0.3877
2024-01-26 23:00:00,0.3687
2024-01-26 23:10:00,0.2891
2024-01-26 23:20:00,0.3389
2024-01-26 23:30:00,0.4372
2024-01-26 23:40:00,0.4209
2024-01-26 23:50:00,0.4084
2024-01-27 00:00:00,0.3401
2024-01-27 00:10:00,0.3829
2024-01-27 00:20:00,0.1974
2024-01-27 00:30:00,0.3563
2024-01-27 00:40:00,0.4231
2024-01-27 00:50:00,0.1542
2024-01-27 01:00:00,0.1855
2024-01-27 01:10:00,0.2165
2024-01-27 01:20:00,0.2538
2024-01-27 01:30:00,0.1177
2024-01-27 01:40:00,0.0982
2024-01-27 01:50:00,0.05
2024-01-27 02:00:00,0.1619
2024-01-27 02:10:00,0.317
2024-01-27 02:20:00,0.1758
2024-01-27 02:30:00,0.1518
2024-01-27 02:40:00,0.1794
2024-01-27 02:50:00,0.1527
2024-01-27 03:00:00,0.0886
2024-01-27 03:10:00,0.2195
2024-01-27 03:20:00,0.1717
2024-01-27 03:30:00,0.155
2024-01-27 03:40:00,0.0756
2024-01-27 03:50:00,0.3621
2024-01-27 04:00:00,0.4343
2024-01-27 04:10:00,0.4793
2024-01-27 04:20:00,0.7649
2024-01-27 04:30:00,0.8242
2024-01-27 04:40:00,0.9974
2024-01-27 04:50:00,1.2101
2024-01-27 05:00:00,1.3527
2024-01-27 05:10:00,1.7649
2024-01-27 05:20:00,1.8191
2024-01-27 05:30:00,2.1068
2024-01-27 05:40:00,2.2749
2024-01-27 05:50:00,2.6607
2024-01-27 06:00:00,2.8676
2024-01-27 06:10:00,3.0452
2024-01-27 06:20:00,3.154
2024-01-27 06:30:00,3.2795
2024-01-27 06:40:00,3.512
2024-01-27 06:50:00,3.4951
2024-01-27 07:00:00,3.5899
2024-01-27 07:10:00,3.48
2024-01-27 07:20:00,3.5132
2024-01-27 07:30:00,3.5148
2024-01-27 07:40:00,3.3367
2024-01-27 07:50:00,3.108
2024-01-27 08:00:00,2.9899
2024-01-27 08:10:00,2.7612
2024-01-27 08:20:00,2.5809
2024-01-27 08:30:00,2.3485
2024-01-27 08:40:00,2.1555
2024-01-27 08:50:00,1.9843
2024-01-27 09:00:00,1.6953
2024-01-27 09:10:00,1.513
2024-01-27 09:20:00,1.3171
2024-01-27 09:30:00,1.15
2024-01-27 09:40:00,1.0472
2024-01-27 09:50:00,1.0408
2024-01-27 10:00:00,0.8564
2024-01-27 10:10:00,0.884
2024-01-27 10:20:00,0.7749
2024-01-27 10:30:00,0.5565
2024-01-27 10:40:00,0.7193
2024-01-27 10:50:00,0.6942
2024-01-27 11:00:00,0.5203
2024-01-27 11:10:00,0.6105
2024-01-27 11:20:00,0.4908
2024-01-27 11:30:00,0.554
2024-01-27 11:40:00,0.4352
2024-01-27 11:50:00,0.3857
2024-01-27 12:00:00,0.4933
2024-01-27 12:10:00,0.5103
2024-01-27 12:20:00,0.4857
2024-01-27 12:30:00,0.421
2024-01-27 12:40:00,0.4825
2024-01-27 12:50:00,0.5352
2024-01-27 13:00:00,0.5095
2024-01-27 13:10:00,0.5273
2024-01-27 13:20:00,0.4588
2024-01-27 13:30:00,0.606
2024-01-27 13:40:00,0.4181
2024-01-27 13:50:00,0.5512
2024-01-27 14:00:00,0.6068
2024-01-27 14:10:00,0.5509
2024-01-27 14:20:00,0.4965
2024-01-27 14:30:00,0.4709
2024-01-27 14:40:00,0.5967
2024-01-27 14:50:00,0.4011
2024-01-27 15:00:00,0.4392
2024-01-27 15:10:00,0.4877
2024-01-27 15:20:00,0.6226
2024-01-27 15:30:00,0.5599
2024-01-27 15:40:00,0.4605
2024-01-27 15:50:00,0.525
2024-01-27 16:00:00,0.5169
2024-01-27 16:10:00,0.5309
2024-01-27 16:20:00,0.6944
2024-01-27 16:30:00,0.5426
2024-01-27 16:40:00,0.8263
2024-01-27 16:50:00,0.819
2024-01-27 17:00:00,0.9057
2024-01-27 17:10:00,0.8575
2024-01-27 17:20:00,0.9684
2024-01-27 17:30:00,0.96
2024-01-27 17:40:00,1.1329
2024-01-27 17:50:00,1.3175
2024-01-27 18:00:00,1.4841
2024-01-27 18:10:00,1.389
2024-01-27 18:20:00,1.5359
2024-01-27 18:30:00,1.6266
2024-01-27 18:40:00,1.5827
2024-01-27 18:50:00,1.7764
2024-01-27 19:00:00,1.6829
2024-01-27 19:10:00,1.7134
2024-01-27 19:20:00,1.6582
2024-01-27 19:30:00,1.5755
2024-01-27 19:40:00,1.5646
2024-01-27 19:50:00,1.4603
2024-01-27 20:00:00,1.3506
2024-01-27 20:10:00,1.2198
2024-01-27 20:20:00,1.2004
2024-01-27 20:30:00,1.2069
2024-01-27 20:40:00,0.9916
2024-01-27 20:50:00,0.9742
2024-01-27 21:00:00,0.7072
2024-01-27 21:10:00,0.7654
2024-01-27 21:20:00,0.6098
2024-01-27 21:30:00,0.5342
2024-01-27 21:40:00,0.5569
2024-01-27 21:50:00,0.683
2024-01-27 22:00:00,0.642
2024-01-27 22:10:00,0.5692
2024-01-27 22:20:00,0.4153
2024-01-27 22:30:00,0.5138
2024-01-27 22:40:00,0.5477
2024-01-27 22:50:00,0.5335
2024-01-27 23:00:00,0.3693
2024-01-27 23:10:00,0.4438
2024-01-27 23:20:00,0.5087
2024-01-27 23:30:00,0.556
2024-01-27 23:40:00,0.337
2024-01-27 23:50:00,0.4994
2024-01-28 00:00:00,0.4303
2024-01-28 00:10:00,0.4646
2024-01-28 00:20:00,0.4262
2024-01-28 00:30:00,0.3879
2024-01-28 00:40:00,0.2442
2024-01-28 00:50:00,0.1189
2024-01-28 01:00:00,0.2005
2024-01-28 01:10:00,0.2699
2024-01-28 01:20:00,0.2648
2024-01-28 01:30:00,0.2101
2024-01-28 01:40:00,0.1876
2024-01-28 01:50:00,0.1837
2024-01-28 02:00:00,0.1088
2024-01-28 02:10:00,0.1429
2024-01-28 02:20:00,0.2868
2024-01-28 02:30:00,0.0779
2024-01-28 02:40:00,0.2825
2024-01-28 02:50:00,0.1275
2024-01-28 03:00:00,0.2593
2024-01-28 03:10:00,0.05
2024-01-28 03:20:00,0.2002
2024-01-28 03:30:00,0.0943
2024-01-28 03:40:00,0.05
2024-01-28 03:50:00,0.2748
2024-01-28 04:00:00,0.4611
2024-01-28 04:10:00,0.4549
2024-01-28 04:20:00,0.5634
2024-01-28 04:30:00,0.8548
2024-01-28 04:40:00,1.0508
2024-01-28 04:50:00,1.3121
2024-01-28 05:00:00,1.5672
2024-01-28 05:10:00,1.7188
2024-01-28 05:20:00,2.1099
2024-01-28 05:30:00,2.2184
2024-01-28 05:40:00,2.4081
2024-01-28 05:50:00,2.5331
2024-01-28 06:00:00,2.8526
2024-01-28 06:10:00,3.038
2024-01-28 06:20:00,3.3075
2024-01-28 06:30:00,3.4032
2024-01-28 06:40:00,3.3732
2024-01-28 06:50:00,3.5455
2024-01-28 07:00:00,3.6109
2024-01-28 07:10:00,3.6656
2024-01-28 07:20:00,3.5624
2024-01-28 07:30:00,3.4643
2024-01-28 07:40:00,3.2877
2024-01-28 07:50:00,3.1655
2024-01-28 08:00:00,3.0631
2024-01-28 08:10:00,2.668
2024-01-28 08:20:00,2.5469
2024-01-28 08:30:00,2.3078
2024-01-28 08:40:00,2.1944
2024-01-28 08:50:00,2.0616
2024-01-28 09:00:00,1.7233
2024-01-28 09:10:00,1.3997
2024-01-28 09:20:00,1.3922
2024-01-28 09:30:00,1.3484
2024-01-28 09:40:00,1.1852
2024-01-28 09:50:00,1.0601
2024-01-28 10:00:00,0.9034
2024-01-28 10:10:00,0.7388
2024-01-28 10:20:00,0.8117
2024-01-28 10:30:00,0.6457
2024-01-28 10:40:00,0.8402
2024-01-28 10:50:00,0.6736
2024-01-28 11:00:00,0.5521
2024-01-28 11:10:00,0.5268
2024-01-28 11:20:00,0.5508
2024-01-28 11:30:00,0.5258
2024-01-28 11:40:00,0.6245
2024-01-28 11:50:00,0.5429
2024-01-28 12:00:00,0.4643
2024-01-28 12:10:00,0.6703
2024-01-28 12:20:00,0.5204
2024-01-28 12:30:00,0.5761
2024-01-28 12:40:00,0.4647
2024-01-28 12:50:00,0.5416
2024-01-28 13:00:00,0.5369
2024-01-28 13:10:00,0.3604
2024-01-28 13:20:00,0.6726
2024-01-28 13:30:00,0.6145
2024-01-28 13:40:00,0.4794
2024-01-28 13:50:00,0.423
2024-01-28 14:00:00,0.539
2024-01-28 14:10:00,0.5183
2024-01-28 14:20:00,0.5401
2024-01-28 14:30:00,0.5274
2024-01-28 14:40:00,0.5533
2024-01-28 14:50:00,0.6297
2024-01-28 15:00:00,0.5611
2024-01-28 15:10:00,0.4344
2024-01-28 15:20:00,0.6315
2024-01-28 15:30:00,0.6596
2024-01-28 15:40:00,0.789
2024-01-28 15:50:00,0.4588
2024-01-28 16:00:00,0.5843
2024-01-28 16:10:00,0.4199
2024-01-28 16:20:00,0.659
2024-01-28 16:30:00,0.6071
2024-01-28 16:40:00,0.85
2024-01-28 16:50:00,0.6892
2024-01-28 17:00:00,0.6816
2024-01-28 17:10:00,0.855
2024-01-28 17:20:00,0.8203
2024-01-28 17:30:00,1.1325
2024-01-28 17:40:00,1.0072
2024-01-28 17:50:00,1.2777
2024-01-28 18:00:00,1.2113
2024-01-28 18:10:00,1.4489
2024-01-28 18:20:00,1.6933
2024-01-28 18:30:00,1.6641
2024-01-28 18:40:00,1.6217
2024-01-28 18:50:00,1.723
2024-01-28 19:00:00,1.7387
2024-01-28 19:10:00,1.7633
2024-01-28 19:20:00,1.5815
2024-01-28 19:30:00,1.6827
2024-01-28 19:40:00,1.3455
2024-01-28 19:50:00,1.4241
2024-01-28 20:00:00,1.3384
2024-01-28 20:10:00,1.326
2024-01-28 20:20:00,1.1742
2024-01-28 20:30:00,0.9599
2024-01-28 20:40:00,0.8996
2024-01-28 20:50:00,0.9086
2024-01-28 21:00:00,0.8104
2024-01-28 21:10:00,0.7049
2024-01-28 21:20:00,0.6577
2024-01-28 21:30:00,0.7066
2024-01-28 21:40:00,0.5733
2024-01-28 21:50:00,0.5794
2024-01-28 22:00:00,0.7384
2024-01-28 22:10:00,0.4348
2024-01-28 22:20:00,0.3887
2024-01-28 22:30:00,0.5911
2024-01-28 22:40:00,0.4682
2024-01-28 22:50:00,0.4929
2024-01-28 23:00:00,0.4532
2024-01-28 23:10:00,0.4931
2024-01-28 23:20:00,0.6406
2024-01-28 23:30:00,0.5762
2024-01-28 23:40:00,0.5806
2024-01-28 23:50:00,0.398
2024-01-29 00:00:00,0.2294
2024-01-29 00:10:00,0.0773
2024-01-29 00:20:00,0.2199
2024-01-29 00:30:00,0.3385
2024-01-29 00:40:00,0.2779
2024-01-29 00:50:00,0.1907
2024-01-29 01:00:00,0.1762
2024-01-29 01:10:00,0.0905
2024-01-29 01:20:00,0.134
2024-01-29 01:30:00,0.1789
2024-01-29 01:40:00,0.05
2024-01-29 01:50:00,0.1416
2024-01-29 02:00:00,0.1923
2024-01-29 02:10:00,0.0844
2024-01-29 02:20:00,0.1737
2024-01-29 02:30:00,0.3428
2024-01-29 02:40:00,0.1093
2024-01-29 02:50:00,0.1491
2024-01-29 03:00:00,0.0586
2024-01-29 03:10:00,0.1322
2024-01-29 03:20:00,0.1545
2024-01-29 03:30:00,0.1332
2024-01-29 03:40:00,0.05
2024-01-29 03:50:00,0.214
2024-01-29 04:00:00,0.4089
2024-01-29 04:10:00,0.4369
2024-01-29 04:20:00,0.6015
2024-01-29 04:30:00,0.6428
2024-01-29 04:40:00,0.8719
2024-01-29 04:50:00,0.9958
2024-01-29 05:00:00,1.0685
2024-01-29 05:10:00,1.3484
2024-01-29 05:20:00,1.4262
2024-01-29 05:30:00,1.6384
2024-01-29 05:40:00,1.8848
2024-01-29 05:50:00,2.0671
2024-01-29 06:00:00,2.1105
2024-01-29 06:10:00,2.4368
2024-01-29 06:20:00,2.5255
2024-01-29 06:30:00,2.5274
2024-01-29 06:40:00,2.5385
2024-01-29 06:50:00,2.6993
2024-01-29 07:00:00,2.6947
2024-01-29 07:10:00,2.7288
2024-01-29 07:20:00,2.6508
2024-01-29 07:30:00,2.4517
2024-01-29 07:40:00,2.4888
2024-01-29 07:50:00,2.3814
2024-01-29 08:00:00,2.3251
2024-01-29 08:10:00,2.0739
2024-01-29 08:20:00,2.1107
2024-01-29 08:30:00,1.6659
2024-01-29 08:40:00,1.766
2024-01-29 08:50:00,1.4889
2024-01-29 09:00:00,1.4282
2024-01-29 09:10:00,1.2275
2024-01-29 09:20:00,1.1851
2024-01-29 09:30:00,0.9479
2024-01-29 09:40:00,0.7888
2024-01-29 09:50:00,0.9011
2024-01-29 10:00:00,0.7016
2024-01-29 10:10:00,0.6633
2024-01-29 10:20:00,0.6902
2024-01-29 10:30:00,0.4643
2024-01-29 10:40:00,0.5584
2024-01-29 10:50:00,0.4348
2024-01-29 11:00:00,0.4488
2024-01-29 11:10:00,0.4476
2024-01-29 11:20:00,0.3084
2024-01-29 11:30:00,0.356
2024-01-29 11:40:00,0.5189
2024-01-29 11:50:00,0.4762
2024-01-29 12:00:00,0.3963
2024-01-29 12:10:00,0.4179
2024-01-29 12:20:00,0.3729
2024-01-29 12:30:00,0.5035
2024-01-29 12:40:00,0.378
2024-01-29 12:50:00,0.412
2024-01-29 13:00:00,0.4847
2024-01-29 13:10:00,0.3305
2024-01-29 13:20:00,0.5172
2024-01-29 13:30:00,0.27
2024-01-29 13:40:00,0.5227
2024-01-29 13:50:00,0.3625
2024-01-29 14:00:00,0.373
2024-01-29 14:10:00,0.2413
2024-01-29 14:20:00,0.3563
2024-01-29 14:30:00,0.3098
2024-01-29 14:40:00,0.345
2024-01-29 14:50:00,0.3835
2024-01-29 15:00:00,0.4724
2024-01-29 15:10:00,0.4145
2024-01-29 15:20:00,0.4256
2024-01-29 15:30:00,0.3179
2024-01-29 15:40:00,0.3416
2024-01-29 15:50:00,0.565
2024-01-29 16:00:00,0.3747
2024-01-29 16:10:00,0.5826
2024-01-29 16:20:00,0.4524
2024-01-29 16:30:00,0.4998
2024-01-29 16:40:00,0.6199
2024-01-29 16:50:00,0.6784
2024-01-29 17:00:00,0.618
2024-01-29 17:10:00,0.6541
2024-01-29 17:20:00,0.7465
2024-01-29 17:30:00,0.8502
2024-01-29 17:40:00,0.9712
2024-01-29 17:50:00,0.9793
2024-01-29 18:00:00,1.1068
2024-01-29 18:10:00,1.2628
2024-01-29 18:20:00,1.2293
2024-01-29 18:30:00,1.2801
2024-01-29 18:40:00,1.1763
2024-01-29 18:50:00,1.1139
2024-01-29 19:00:00,1.3645
2024-01-29 19:10:00,1.3168
2024-01-29 19:20:00,1.2566
2024-01-29 19:30:00,1.2747
2024-01-29 19:40:00,1.194
2024-01-29 19:50:00,1.222
2024-01-29 20:00:00,1.0642
2024-01-29 20:10:00,0.9192
2024-01-29 20:20:00,0.9791
2024-01-29 20:30:00,0.8057
2024-01-29 20:40:00,0.7931
2024-01-29 20:50:00,0.647
2024-01-29 21:00:00,0.5749
2024-01-29 21:10:00,0.5833
2024-01-29 21:20:00,0.5353
2024-01-29 21:30:00,0.538
2024-01-29 21:40:00,0.4504
2024-01-29 21:50:00,0.3032
2024-01-29 22:00:00,0.3989
2024-01-29 22:10:00,0.4846
2024-01-29 22:20:00,0.3883
2024-01-29 22:30:00,0.3859
2024-01-29 22:40:00,0.4799
2024-01-29 22:50:00,0.341
2024-01-29 23:00:00,0.2724
2024-01-29 23:10:00,0.3816
2024-01-29 23:20:00,0.3548
2024-01-29 23:30:00,0.3157
2024-01-29 23:40:00,0.3786
2024-01-29 23:50:00,0.4318
2024-01-30 00:00:00,0.32
2024-01-30 00:10:00,0.3283
2024-01-30 00:20:00,0.4291
2024-01-30 00:30:00,0.234
2024-01-30 00:40:00,0.2583
2024-01-30 00:50:00,0.1673
2024-01-30 01:00:00,0.1099
2024-01-30 01:10:00,0.0985
2024-01-30 01:20:00,0.0791
2024-01-30 01:30:00,0.1462
2024-01-30 01:40:00,0.3053
2024-01-30 01:50:00,0.0601
2024-01-30 02:00:00,0.0841
2024-01-30 02:10:00,0.1123
2024-01-30 02:20:00,0.1491
2024-01-30 02:30:00,0.1385
2024-01-30 02:40:00,0.2201
2024-01-30 02:50:00,0.05
2024-01-30 03:00:00,0.05
2024-01-30 03:10:00,0.0777
2024-01-30 03:20:00,0.2052
2024-01-30 03:30:00,0.05
2024-01-30 03:40:00,0.05
2024-01-30 03:50:00,0.2427
2024-01-30 04:00:00,0.3108
2024-01-30 04:10:00,0.3129
2024-01-30 04:20:00,0.4445
2024-01-30 04:30:00,0.5827
2024-01-30 04:40:00,0.8189
2024-01-30 04:50:00,0.9212
2024-01-30 05:00:00,1.1816
2024-01-30 05:10:00,1.0916
2024-01-30 05:20:00,1.4336
2024-01-30 05:30:00,1.5952
2024-01-30 05:40:00,1.845
2024-01-30 05:50:00,1.9957
2024-01-30 06:00:00,2.2645
2024-01-30 06:10:00,2.1985
2024-01-30 06:20:00,2.4778
2024-01-30 06:30:00,2.6226
2024-01-30 06:40:00,2.8041
2024-01-30 06:50:00,2.6662
2024-01-30 07:00:00,2.7502
2024-01-30 07:10:00,2.5694
2024-01-30 07:20:00,2.4825
2024-01-30 07:30:00,2.6741
2024-01-30 07:40:00,2.5138
2024-01-30 07:50:00,2.4948
2024-01-30 08:00:00,2.1594
2024-01-30 08:10:00,2.1665
2024-01-30 08:20:00,2.1215
2024-01-30 08:30:00,1.8483
2024-01-30 08:40:00,1.6795
2024-01-30 08:50:00,1.5042
2024-01-30 09:00:00,1.2307
2024-01-30 09:10:00,1.3268
2024-01-30 09:20:00,1.0426
2024-01-30 09:30:00,1.0171
2024-01-30 09:40:00,0.7497
2024-01-30 09:50:00,0.6913
2024-01-30 10:00:00,0.8238
2024-01-30 10:10:00,0.6164
2024-01-30 10:20:00,0.7063
2024-01-30 10:30:00,0.5394
2024-01-30 10:40:00,0.3623
2024-01-30 10:50:00,0.5523
2024-01-30 11:00:00,0.4112
2024-01-30 11:10:00,0.4968
2024-01-30 11:20:00,0.4295
2024-01-30 11:30:00,0.2939
2024-01-30 11:40:00,0.423
2024-01-30 11:50:00,0.5801
2024-01-30 12:00:00,0.4398
2024-01-30 12:10:00,0.3929
2024-01-30 12:20:00,0.4816
2024-01-30 12:30:00,0.411
2024-01-30 12:40:00,0.4099
2024-01-30 12:50:00,0.3052
2024-01-30 13:00:00,0.4108
2024-01-30 13:10:00,0.4747
2024-01-30 13:20:00,0.3248
2024-01-30 13:30:00,0.5055
2024-01-30 13:40:00,0.3841
2024-01-30 13:50:00,0.3204
2024-01-30 14:00:00,0.4713
2024-01-30 14:10:00,0.3687
2024-01-30 14:20:00,0.4526
2024-01-30 14:30:00,0.3688
2024-01-30 14:40:00,0.3879
2024-01-30 14:50:00,0.4331
2024-01-30 15:00:00,0.4182
2024-01-30 15:10:00,0.2374
2024-01-30 15:20:00,0.3104
2024-01-30 15:30:00,0.479
2024-01-30 15:40:00,0.4006
2024-01-30 15:50:00,0.3783
2024-01-30 16:00:00,0.3239
2024-01-30 16:10:00,0.3628
2024-01-30 16:20:00,0.3091
2024-01-30 16:30:00,0.4904
2024-01-30 16:40:00,0.4852
2024-01-30 16:50:00,0.498
2024-01-30 17:00:00,0.62
2024-01-30 17:10:00,0.7128
2024-01-30 17:20:00,0.9167
2024-01-30 17:30:00,0.7003
2024-01-30 17:40:00,0.9906
2024-01-30 17:50:00,1.0546
2024-01-30 18:00:00,0.9926
2024-01-30 18:10:00,1.1455
2024-01-30 18:20:00,1.1595
2024-01-30 18:30:00,1.2672
2024-01-30 18:40:00,1.4156
2024-01-30 18:50:00,1.3699
2024-01-30 19:00:00,1.3711
2024-01-30 19:10:00,1.287
2024-01-30 19:20:00,1.1762
2024-01-30 19:30:00,1.2357
2024-01-30 19:40:00,1.2927
2024-01-30 19:50:00,1.0071
2024-01-30 20:00:00,0.9705
2024-01-30 20:10:00,0.9868
2024-01-30 20:20:00,0.8191
2024-01-30 20:30:00,0.7579
2024-01-30 20:40:00,0.7154
2024-01-30 20:50:00,0.5744
2024-01-30 21:00:00,0.5476
2024-01-30 21:10:00,0.6316
2024-01-30 21:20:00,0.4285
2024-01-30 21:30:00,0.3707
2024-01-30 21:40:00,0.4204
2024-01-30 21:50:00,0.5077
2024-01-30 22:00:00,0.4168
2024-01-30 22:10:00,0.383
2024-01-30 22:20:00,0.4147
2024-01-30 22:30:00,0.265
2024-01-30 22:40:00,0.4397
2024-01-30 22:50:00,0.4277
2024-01-30 23:00:00,0.3622
2024-01-30 23:10:00,0.474
2024-01-30 23:20:00,0.3025
2024-01-30 23:30:00,0.4824
2024-01-30 23:40:00,0.4042
2024-01-30 23:50:00,0.3647
2024-01-31 00:00:00,0.3184
2024-01-31 00:10:00,0.2945
2024-01-31 00:20:00,0.381
2024-01-31 00:30:00,0.1747
2024-01-31 00:40:00,0.1745
2024-01-31 00:50:00,0.2904
2024-01-31 01:00:00,0.1295
2024-01-31 01:10:00,0.217
2024-01-31 01:20:00,0.2531
2024-01-31 01:30:00,0.085
2024-01-31 01:40:00,0.1716
2024-01-31 01:50:00,0.05
2024-01-31 02:00:00,0.1775
2024-01-31 02:10:00,0.1331
2024-01-31 02:20:00,0.155
2024-01-31 02:30:00,0.0655
2024-01-31 02:40:00,0.05
2024-01-31 02:50:00,0.1574
2024-01-31 03:00:00,0.05
2024-01-31 03:10:00,0.0917
2024-01-31 03:20:00,0.1924
2024-01-31 03:30:00,0.1325
2024-01-31 03:40:00,0.273
2024-01-31 03:50:00,0.2786
2024-01-31 04:00:00,0.2383
2024-01-31 04:10:00,0.4014
2024-01-31 04:20:00,0.5183
2024-01-31 04:30:00,0.5322
2024-01-31 04:40:00,0.733
2024-01-31 04:50:00,0.9242
2024-01-31 05:00:00,0.9765
2024-01-31 05:10:00,1.3207
2024-01-31 05:20:00,1.4787
2024-01-31 05:30:00,1.5475
2024-01-31 05:40:00,1.8935
2024-01-31 05:50:00,2.0913
2024-01-31 06:00:00,2.2138
2024-01-31 06:10:00,2.3158
2024-01-31 06:20:00,2.5158
2024-01-31 06:30:00,2.6264
2024-01-31 06:40:00,2.674
2024-01-31 06:50:00,2.6325
2024-01-31 07:00:00,2.7401
2024-01-31 07:10:00,2.803
2024-01-31 07:20:00,2.6199
2024-01-31 07:30:00,2.7683
2024-01-31 07:40:00,2.4663
2024-01-31 07:50:00,2.3975
2024-01-31 08:00:00,2.2102
2024-01-31 08:10:00,2.1379
2024-01-31 08:20:00,1.828
2024-01-31 08:30:00,1.7668
2024-01-31 08:40:00,1.5661
2024-01-31 08:50:00,1.5109
2024-01-31 09:00:00,1.4328
2024-01-31 09:10:00,1.2673
2024-01-31 09:20:00,0.8992
2024-01-31 09:30:00,1.1378
2024-01-31 09:40:00,0.8964
2024-01-31 09:50:00,0.7217
2024-01-31 10:00:00,0.72
2024-01-31 10:10:00,0.6568
2024-01-31 10:20:00,0.5354
2024-01-31 10:30:00,0.5602
2024-01-31 10:40:00,0.4599
2024-01-31 10:50:00,0.4475
2024-01-31 11:00:00,0.4024
2024-01-31 11:10:00,0.3252
2024-01-31 11:20:00,0.4382
2024-01-31 11:30:00,0.4632
2024-01-31 11:40:00,0.4501
2024-01-31 11:50:00,0.469
2024-01-31 12:00:00,0.4254
2024-01-31 12:10:00,0.354
2024-01-31 12:20:00,0.4618
2024-01-31 12:30:00,0.2846
2024-01-31 12:40:00,0.3202
2024-01-31 12:50:00,0.3145
2024-01-31 13:00:00,0.4776
2024-01-31 13:10:00,0.4663
2024-01-31 13:20:00,0.4297
2024-01-31 13:30:00,0.4764
2024-01-31 13:40:00,0.3202
2024-01-31 13:50:00,0.4184
2024-01-31 14:00:00,0.3806
2024-01-31 14:10:00,0.4585
2024-01-31 14:20:00,0.3817
2024-01-31 14:30:00,0.3604
2024-01-31 14:40:00,0.4351
2024-01-31 14:50:00,0.4628
2024-01-31 15:00:00,0.3406
2024-01-31 15:10:00,0.3912
2024-01-31 15:20:00,0.3145
2024-01-31 15:30:00,0.2039
2024-01-31 15:40:00,0.4262
2024-01-31 15:50:00,0.4679
2024-01-31 16:00:00,0.4525
2024-01-31 16:10:00,0.2921
2024-01-31 16:20:00,0.4417
2024-01-31 16:30:00,0.3199
2024-01-31 16:40:00,0.6415
2024-01-31 16:50:00,0.4871
2024-01-31 17:00:00,0.7245
2024-01-31 17:10:00,0.7577
2024-01-31 17:20:00,0.6755
2024-01-31 17:30:00,0.7288
2024-01-31 17:40:00,0.9238
2024-01-31 17:50:00,0.9069
2024-01-31 18:00:00,1.0607
2024-01-31 18:10:00,1.088
2024-01-31 18:20:00,1.0509
2024-01-31 18:30:00,1.071
2024-01-31 18:40:00,1.31
2024-01-31 18:50:00,1.2734
2024-01-31 19:00:00,1.2831
2024-01-31 19:10:00,1.374
2024-01-31 19:20:00,1.3858
2024-01-31 19:30:00,1.2277
2024-01-31 19:40:00,1.1661
2024-01-31 19:50:00,1.1666
2024-01-31 20:00:00,0.9439
2024-01-31 20:10:00,0.9923
2024-01-31 20:20:00,0.94
2024-01-31 20:30:00,0.8738
2024-01-31 20:40:00,0.5926
2024-01-31 20:50:00,0.6212
2024-01-31 21:00:00,0.5538
2024-01-31 21:10:00,0.582
2024-01-31 21:20:00,0.5703
2024-01-31 21:30:00,0.6171
2024-01-31 21:40:00,0.4301
2024-01-31 21:50:00,0.4083
2024-01-31 22:00:00,0.5235
2024-01-31 22:10:00,0.4429
2024-01-31 22:20:00,0.5116
2024-01-31 22:30:00,0.4268
2024-01-31 22:40:00,0.3066
2024-01-31 22:50:00,0.2895
2024-01-31 23:00:00,0.2699
2024-01-31 23:10:00,0.4456
2024-01-31 23:20:00,0.4869
2024-01-31 23:30:00,0.5392
2024-01-31 23:40:00,0.4583
2024-01-31 23:50:00,0.4837
2024-02-01 00:00:00,0.2728
2024-02-01 00:10:00,0.2098
2024-02-01 00:20:00,0.3507
2024-02-01 00:30:00,0.2936
2024-02-01 00:40:00,0.2435
2024-02-01 00:50:00,0.238
2024-02-01 01:00:00,0.2026
2024-02-01 01:10:00,0.2473
2024-02-01 01:20:00,0.2204
2024-02-01 01:30:00,0.1604
2024-02-01 01:40:00,0.1845
2024-02-01 01:50:00,0.158
2024-02-01 02:00:00,0.0799
2024-02-01 02:10:00,0.1774
2024-02-01 02:20:00,0.05
2024-02-01 02:30:00,0.2012
2024-02-01 02:40:00,0.05
2024-02-01 02:50:00,0.1397
2024-02-01 03:00:00,0.05
2024-02-01 03:10:00,0.1611
2024-02-01 03:20:00,0.1141
2024-02-01 03:30:00,0.05
2024-02-01 03:40:00,0.1505
2024-02-01 03:50:00,0.1499
2024-02-01 04:00:00,0.3604
2024-02-01 04:10:00,0.3983
2024-02-01 04:20:00,0.5525
2024-02-01 04:30:00,0.5806
2024-02-01 04:40:00,0.7591
2024-02-01 04:50:00,0.93
2024-02-01 05:00:00,1.2052
2024-02-01 05:10:00,1.4479
2024-02-01 05:20:00,1.4307
2024-02-01 05:30:00,1.7635
2024-02-01 05:40:00,1.6831
2024-02-01 05:50:00,1.9336
2024-02-01 06:00:00,2.1137
2024-02-01 06:10:00,2.228
2024-02-01 06:20:00,2.3359
2024-02-01 06:30:00,2.5989
2024-02-01 06:40:00,2.626
2024-02-01 06:50:00,2.7224
2024-02-01 07:00:00,2.7667
2024-02-01 07:10:00,2.7222
2024-02-01 07:20:00,2.7139
2024-02-01 07:30:00,2.5887
2024-02-01 07:40:00,2.4074
2024-02-01 07:50:00,2.4738
2024-02-01 08:00:00,2.2115
2024-02-01 08:10:00,2.0401
2024-02-01 08:20:00,1.9485
2024-02-01 08:30:00,1.7332
2024-02-01 08:40:00,1.6162
2024-02-01 08:50:00,1.524
2024-02-01 09:00:00,1.3779
2024-02-01 09:10:00,1.1408
2024-02-01 09:20:00,1.0473
2024-02-01 09:30:00,1.0581
2024-02-01 09:40:00,0.9104
2024-02-01 09:50:00,0.948
2024-02-01 10:00:00,0.8001
2024-02-01 10:10:00,0.7327
2024-02-01 10:20:00,0.4763
2024-02-01 10:30:00,0.6042
2024-02-01 10:40:00,0.503
2024-02-01 10:50:00,0.4346
2024-02-01 11:00:00,0.4697
2024-02-01 11:10:00,0.5144
2024-02-01 11:20:00,0.4655
2024-02-01 11:30:00,0.3451
2024-02-01 11:40:00,0.4674
2024-02-01 11:50:00,0.3515
2024-02-01 12:00:00,0.4158
2024-02-01 12:10:00,0.3714
2024-02-01 12:20:00,0.3762
2024-02-01 12:30:00,0.4536
2024-02-01 12:40:00,0.3081
2024-02-01 12:50:00,0.5463
2024-02-01 13:00:00,0.2446
2024-02-01 13:10:00,0.3422
2024-02-01 13:20:00,0.4194
2024-02-01 13:30:00,0.4364
2024-02-01 13:40:00,0.3816
2024-02-01 13:50:00,0.385
2024-02-01 14:00:00,0.4225
2024-02-01 14:10:00,0.3713
2024-02-01 14:20:00,0.5014
2024-02-01 14:30:00,0.4575
2024-02-01 14:40:00,0.4607
2024-02-01 14:50:00,0.3144
2024-02-01 15:00:00,0.3867
2024-02-01 15:10:00,0.3711
2024-02-01 15:20:00,0.3178
2024-02-01 15:30:00,0.4316
2024-02-01 15:40:00,0.3662
2024-02-01 15:50:00,0.4706
2024-02-01 16:00:00,0.3449
2024-02-01 16:10:00,0.5846
2024-02-01 16:20:00,0.3969
2024-02-01 16:30:00,0.5137
2024-02-01 16:40:00,0.594
2024-02-01 16:50:00,0.527
2024-02-01 17:00:00,0.6907
2024-02-01 17:10:00,0.5821
2024-02-01 17:20:00,0.8619
2024-02-01 17:30:00,0.8185
2024-02-01 17:40:00,0.846
2024-02-01 17:50:00,0.9482
2024-02-01 18:00:00,1.1147
2024-02-01 18:10:00,1.0772
2024-02-01 18:20:00,1.1306
2024-02-01 18:30:00,1.2288
2024-02-01 18:40:00,1.1947
2024-02-01 18:50:00,1.4609
2024-02-01 19:00:00,1.2789
2024-02-01 19:10:00,1.3817
2024-02-01 19:20:00,1.3056
2024-02-01 19:30:00,1.1677
2024-02-01 19:40:00,1.19
2024-02-01 19:50:00,1.1866
2024-02-01 20:00:00,1.0349
2024-02-01 20:10:00,1.0676
2024-02-01 20:20:00,0.9754
2024-02-01 20:30:00,0.8909
2024-02-01 20:40:00,0.709
2024-02-01 20:50:00,0.594
2024-02-01 21:00:00,0.5735
2024-02-01 21:10:00,0.5883
2024-02-01 21:20:00,0.5743
2024-02-01 21:30:00,0.3225
2024-02-01 21:40:00,0.468
2024-02-01 21:50:00,0.4597
2024-02-01 22:00:00,0.4083
2024-02-01 22:10:00,0.5215
2024-02-01 22:20:00,0.4429
2024-02-01 22:30:00,0.5076
2024-02-01 22:40:00,0.381
2024-02-01 22:50:00,0.4702
2024-02-01 23:00:00,0.5239
2024-02-01 23:10:00,0.4967
2024-02-01 23:20:00,0.3035
2024-02-01 23:30:00,0.37
2024-02-01 23:40:00,0.3623
2024-02-01 23:50:00,0.4289
2024-02-02 00:00:00,0.3734
2024-02-02 00:10:00,0.2345
2024-02-02 00:20:00,0.2874
2024-02-02 00:30:00,0.0979
2024-02-02 00:40:00,0.3497
2024-02-02 00:50:00,0.1655
2024-02-02 01:00:00,0.1808
2024-02-02 01:10:00,0.1195
2024-02-02 01:20:00,0.2082
2024-02-02 01:30:00,0.05
2024-02-02 01:40:00,0.1152
2024-02-02 01:50:00,0.1081
2024-02-02 02:00:00,0.0803
2024-02-02 02:10:00,0.2547
2024-02-02 02:20:00,0.05
2024-02-02 02:30:00,0.1783
2024-02-02 02:40:00,0.1451
2024-02-02 02:50:00,0.2175
2024-02-02 03:00:00,0.0632
2024-02-02 03:10:00,0.0579
2024-02-02 03:20:00,0.2042
2024-02-02 03:30:00,0.1506
2024-02-02 03:40:00,0.05
2024-02-02 03:50:00,0.1525
2024-02-02 04:00:00,0.3201
2024-02-02 04:10:00,0.4643
2024-02-02 04:20:00,0.4652
2024-02-02 04:30:00,0.4224
2024-02-02 04:40:00,0.8461
2024-02-02 04:50:00,0.8667
2024-02-02 05:00:00,0.9725
2024-02-02 05:10:00,1.0839
2024-02-02 05:20:00,1.5565
2024-02-02 05:30:00,1.6835
2024-02-02 05:40:00,1.8341
2024-02-02 05:50:00,2.1352
2024-02-02 06:00:00,2.236
2024-02-02 06:10:00,2.4597
2024-02-02 06:20:00,2.3451
2024-02-02 06:30:00,2.5568
2024-02-02 06:40:00,2.5073
2024-02-02 06:50:00,2.6671
2024-02-02 07:00:00,2.6849
2024-02-02 07:10:00,2.7444
2024-02-02 07:20:00,2.6584
2024-02-02 07:30:00,2.6377
2024-02-02 07:40:00,2.5525
2024-02-02 07:50:00,2.5557
2024-02-02 08:00:00,2.2278
2024-02-02 08:10:00,2.0345
2024-02-02 08:20:00,1.9776
2024-02-02 08:30:00,1.7376
2024-02-02 08:40:00,1.764
2024-02-02 08:50:00,1.4701
2024-02-02 09:00:00,1.3014
2024-02-02 09:10:00,1.172
2024-02-02 09:20:00,1.1411
2024-02-02 09:30:00,0.9571
2024-02-02 09:40:00,0.8172
2024-02-02 09:50:00,0.9133
2024-02-02 10:00:00,0.6355
2024-02-02 10:10:00,0.6424
2024-02-02 10:20:00,0.638
2024-02-02 10:30:00,0.4112
2024-02-02 10:40:00,0.5444
2024-02-02 10:50:00,0.3931
2024-02-02 11:00:00,0.5209
2024-02-02 11:10:00,0.3607
2024-02-02 11:20:00,0.4798
2024-02-02 11:30:00,0.5029
2024-02-02 11:40:00,0.4759
2024-02-02 11:50:00,0.4216
2024-02-02 12:00:00,0.379
2024-02-02 12:10:00,0.3486
2024-02-02 12:20:00,0.5104
2024-02-02 12:30:00,0.3354
2024-02-02 12:40:00,0.3074
2024-02-02 12:50:00,0.443
2024-02-02 13:00:00,0.3256
2024-02-02 13:10:00,0.313
2024-02-02 13:20:00,0.2733
2024-02-02 13:30:00,0.3501
2024-02-02 13:40:00,0.3821
2024-02-02 13:50:00,0.4081
2024-02-02 14:00:00,0.4648
2024-02-02 14:10:00,0.431
2024-02-02 14:20:00,0.3737
2024-02-02 14:30:00,0.3735
2024-02-02 14:40:00,0.4307
2024-02-02 14:50:00,0.4926
2024-02-02 15:00:00,0.4022
2024-02-02 15:10:00,0.3567
2024-02-02 15:20:00,0.3178
2024-02-02 15:30:00,0.2861
2024-02-02 15:40:00,0.4615
2024-02-02 15:50:00,0.4634
2024-02-02 16:00:00,0.4757
2024-02-02 16:10:00,0.4356
2024-02-02 16:20:00,0.58
2024-02-02 16:30:00,0.4562
2024-02-02 16:40:00,0.6057
2024-02-02 16:50:00,0.5681
2024-02-02 17:00:00,0.5723
2024-02-02 17:10:00,0.7262
2024-02-02 17:20:00,0.7767
2024-02-02 17:30:00,0.844
2024-02-02 17:40:00,0.898
2024-02-02 17:50:00,0.9667
2024-02-02 18:00:00,1.2385
2024-02-02 18:10:00,1.2159
2024-02-02 18:20:00,1.2454
2024-02-02 18:30:00,1.2523
2024-02-02 18:40:00,1.3662
2024-02-02 18:50:00,1.3534
2024-02-02 19:00:00,1.323
2024-02-02 19:10:00,1.2877
2024-02-02 19:20:00,1.2792
2024-02-02 19:30:00,0.9898
2024-02-02 19:40:00,1.2044
2024-02-02 19:50:00,1.0821
2024-02-02 20:00:00,1.1748
2024-02-02 20:10:00,0.9713
2024-02-02 20:20:00,0.7963
2024-02-02 20:30:00,0.8114
2024-02-02 20:40:00,0.6602
2024-02-02 20:50:00,0.7166
2024-02-02 21:00:00,0.6443
2024-02-02 21:10:00,0.6478
2024-02-02 21:20:00,0.466
2024-02-02 21:30:00,0.4977
2024-02-02 21:40:00,0.3582
2024-02-02 21:50:00,0.502
2024-02-02 22:00:00,0.471
2024-02-02 22:10:00,0.4568
2024-02-02 22:20:00,0.4083
2024-02-02 22:30:00,0.4349
2024-02-02 22:40:00,0.5256
2024-02-02 22:50:00,0.3714
2024-02-02 23:00:00,0.4032
2024-02-02 23:10:00,0.3039
2024-02-02 23:20:00,0.3204
2024-02-02 23:30:00,0.3972
2024-02-02 23:40:00,0.4773
2024-02-02 23:50:00,0.3683
2024-02-03 00:00:00,0.3941
2024-02-03 00:10:00,0.3585
2024-02-03 00:20:00,0.3228
2024-02-03 00:30:00,0.3601
2024-02-03 00:40:00,0.1841
2024-02-03 00:50:00,0.3702
2024-02-03 01:00:00,0.1754
2024-02-03 01:10:00,0.2448
2024-02-03 01:20:00,0.05
2024-02-03 01:30:00,0.2046
2024-02-03 01:40:00,0.2049
2024-02-03 01:50:00,0.1819
2024-02-03 02:00:00,0.0716
2024-02-03 02:10:00,0.1711
2024-02-03 02:20:00,0.0565
2024-02-03 02:30:00,0.1309
2024-02-03 02:40:00,0.2335
2024-02-03 02:50:00,0.2149
2024-02-03 03:00:00,0.1523
2024-02-03 03:10:00,0.0731
2024-02-03 03:20:00,0.2028
2024-02-03 03:30:00,0.1527
2024-02-03 03:40:00,0.05
2024-02-03 03:50:00,0.3163
2024-02-03 04:00:00,0.3731
2024-02-03 04:10:00,0.6113
2024-02-03 04:20:00,0.5861
2024-02-03 04:30:00,0.5959
2024-02-03 04:40:00,1.0653
2024-02-03 04:50:00,1.2738
2024-02-03 05:00:00,1.335
2024-02-03 05:10:00,1.6211
2024-02-03 05:20:00,2.1543
2024-02-03 05:30:00,2.1452
2024-02-03 05:40:00,2.4601
2024-02-03 05:50:00,2.5726
2024-02-03 06:00:00,2.666
2024-02-03 06:10:00,3.0082
2024-02-03 06:20:00,3.1641
2024-02-03 06:30:00,3.287
2024-02-03 06:40:00,3.4097
2024-02-03 06:50:00,3.5034
2024-02-03 07:00:00,3.4953
2024-02-03 07:10:00,3.3926
2024-02-03 07:20:00,3.4813
2024-02-03 07:30:00,3.1997
2024-02-03 07:40:00,3.0729
2024-02-03 07:50:00,3.1496
2024-02-03 08:00:00,2.9621
2024-02-03 08:10:00,2.7311
2024-02-03 08:20:00,2.4271
2024-02-03 08:30:00,2.2797
2024-02-03 08:40:00,2.1127
2024-02-03 08:50:00,1.808
2024-02-03 09:00:00,1.6871
2024-02-03 09:10:00,1.6208
2024-02-03 09:20:00,1.5193
2024-02-03 09:30:00,1.2239
2024-02-03 09:40:00,1.1867
2024-02-03 09:50:00,0.8584
2024-02-03 10:00:00,0.9656
2024-02-03 10:10:00,0.765
2024-02-03 10:20:00,0.7843
2024-02-03 10:30:00,0.6826
2024-02-03 10:40:00,0.7618
2024-02-03 10:50:00,0.5492
2024-02-03 11:00:00,0.6403
2024-02-03 11:10:00,0.5452
2024-02-03 11:20:00,0.5377
2024-02-03 11:30:00,0.5227
2024-02-03 11:40:00,0.46
2024-02-03 11:50:00,0.5195
2024-02-03 12:00:00,0.5105
2024-02-03 12:10:00,0.5311
2024-02-03 12:20:00,0.516
2024-02-03 12:30:00,0.5713
2024-02-03 12:40:00,0.5801
2024-02-03 12:50:00,0.4213
2024-02-03 13:00:00,0.5743
2024-02-03 13:10:00,0.4095
2024-02-03 13:20:00,0.5512
2024-02-03 13:30:00,0.5536
2024-02-03 13:40:00,0.3511
2024-02-03 13:50:00,0.5114
2024-02-03 14:00:00,0.4666
2024-02-03 14:10:00,0.4435
2024-02-03 14:20:00,0.6125
2024-02-03 14:30:00,0.4526
2024-02-03 14:40:00,0.4411
2024-02-03 14:50:00,0.5128
2024-02-03 15:00:00,0.5633
2024-02-03 15:10:00,0.4998
2024-02-03 15:20:00,0.6084
2024-02-03 15:30:00,0.5634
2024-02-03 15:40:00,0.355
2024-02-03 15:50:00,0.4986
2024-02-03 16:00:00,0.512
2024-02-03 16:10:00,0.6166
2024-02-03 16:20:00,0.3962
2024-02-03 16:30:00,0.8457
2024-02-03 16:40:00,0.7288
2024-02-03 16:50:00,0.7526
2024-02-03 17:00:00,0.8998
2024-02-03 17:10:00,1.0676
2024-02-03 17:20:00,1.0343
2024-02-03 17:30:00,1.1332
2024-02-03 17:40:00,1.1664
2024-02-03 17:50:00,1.2462
2024-02-03 18:00:00,1.3201
2024-02-03 18:10:00,1.3877
2024-02-03 18:20:00,1.485
2024-02-03 18:30:00,1.5043
2024-02-03 18:40:00,1.661
2024-02-03 18:50:00,1.5665
2024-02-03 19:00:00,1.7281
2024-02-03 19:10:00,1.6983
2024-02-03 19:20:00,1.6789
2024-02-03 19:30:00,1.5706
2024-02-03 19:40:00,1.7861
2024-02-03 19:50:00,1.5626
2024-02-03 20:00:00,1.2586
2024-02-03 20:10:00,1.2761
2024-02-03 20:20:00,1.1073
2024-02-03 20:30:00,0.9762
2024-02-03 20:40:00,0.8574
2024-02-03 20:50:00,0.9147
2024-02-03 21:00:00,0.7508
2024-02-03 21:10:00,0.8181
2024-02-03 21:20:00,0.7659
2024-02-03 21:30:00,0.7517
2024-02-03 21:40:00,0.5379
2024-02-03 21:50:00,0.6163
2024-02-03 22:00:00,0.6075
2024-02-03 22:10:00,0.503
2024-02-03 22:20:00,0.4676
2024-02-03 22:30:00,0.6497
2024-02-03 22:40:00,0.5333
2024-02-03 22:50:00,0.562
2024-02-03 23:00:00,0.4427
2024-02-03 23:10:00,0.4092
2024-02-03 23:20:00,0.46
2024-02-03 23:30:00,0.4949
2024-02-03 23:40:00,0.4193
2024-02-03 23:50:00,0.5034
2024-02-04 00:00:00,0.2768
2024-02-04 00:10:00,0.3004
2024-02-04 00:20:00,0.4183
2024-02-04 00:30:00,0.384
2024-02-04 00:40:00,0.2717
2024-02-04 00:50:00,0.1856
2024-02-04 01:00:00,0.1459
2024-02-04 01:10:00,0.1567
2024-02-04 01:20:00,0.2023
2024-02-04 01:30:00,0.225
2024-02-04 01:40:00,0.111
2024-02-04 01:50:00,0.0585
2024-02-04 02:00:00,0.1722
2024-02-04 02:10:00,0.0849
2024-02-04 02:20:00,0.1093
2024-02-04 02:30:00,0.2568
2024-02-04 02:40:00,0.2169
2024-02-04 02:50:00,0.1634
2024-02-04 03:00:00,0.05
2024-02-04 03:10:00,0.1677
2024-02-04 03:20:00,0.2358
2024-02-04 03:30:00,0.1207
2024-02-04 03:40:00,0.2588
2024-02-04 03:50:00,0.3564
2024-02-04 04:00:00,0.5071
2024-02-04 04:10:00,0.5382
2024-02-04 04:20:00,0.719
2024-02-04 04:30:00,0.961
2024-02-04 04:40:00,1.076
2024-02-04 04:50:00,1.2071
2024-02-04 05:00:00,1.4306
2024-02-04 05:10:00,1.714
2024-02-04 05:20:00,1.8256
2024-02-04 05:30:00,2.1525
2024-02-04 05:40:00,2.4831
2024-02-04 05:50:00,2.4425
2024-02-04 06:00:00,2.9486
2024-02-04 06:10:00,3.1038
2024-02-04 06:20:00,3.1402
2024-02-04 06:30:00,3.3538
2024-02-04 06:40:00,3.4102
2024-02-04 06:50:00,3.5715
2024-02-04 07:00:00,3.5767
2024-02-04 07:10:00,3.3726
2024-02-04 07:20:00,3.4804
2024-02-04 07:30:00,3.3304
2024-02-04 07:40:00,3.2351
2024-02-04 07:50:00,3.0242
2024-02-04 08:00:00,3.0538
2024-02-04 08:10:00,2.8118
2024-02-04 08:20:00,2.473
2024-02-04 08:30:00,2.2235
2024-02-04 08:40:00,2.0973
2024-02-04 08:50:00,1.9654
2024-02-04 09:00:00,1.7609
2024-02-04 09:10:00,1.6648
2024-02-04 09:20:00,1.4647
2024-02-04 09:30:00,1.3317
2024-02-04 09:40:00,1.1494
2024-02-04 09:50:00,0.8977
2024-02-04 10:00:00,0.8948
2024-02-04 10:10:00,0.912
2024-02-04 10:20:00,0.7536
2024-02-04 10:30:00,0.7409
2024-02-04 10:40:00,0.6289
2024-02-04 10:50:00,0.5352
2024-02-04 11:00:00,0.5787
2024-02-04 11:10:00,0.5908
2024-02-04 11:20:00,0.4965
2024-02-04 11:30:00,0.5171
2024-02-04 11:40:00,0.4512
2024-02-04 11:50:00,0.6088
2024-02-04 12:00:00,0.4906
2024-02-04 12:10:00,0.6267
2024-02-04 12:20:00,0.6302
2024-02-04 12:30:00,0.4996
2024-02-04 12:40:00,0.4242
2024-02-04 12:50:00,0.3372
2024-02-04 13:00:00,0.3857
2024-02-04 13:10:00,0.3932
2024-02-04 13:20:00,0.6132
2024-02-04 13:30:00,0.512
2024-02-04 13:40:00,0.5339
2024-02-04 13:50:00,0.325
2024-02-04 14:00:00,0.4069
2024-02-04 14:10:00,0.5738
2024-02-04 14:20:00,0.5261
2024-02-04 14:30:00,0.4918
2024-02-04 14:40:00,0.5494
2024-02-04 14:50:00,0.6362
2024-02-04 15:00:00,0.4894
2024-02-04 15:10:00,0.5154
2024-02-04 15:20:00,0.5292
2024-02-04 15:30:00,0.711
2024-02-04 15:40:00,0.36
2024-02-04 15:50:00,0.5942
2024-02-04 16:00:00,0.5463
2024-02-04 16:10:00,0.6221
2024-02-04 16:20:00,0.552
2024-02-04 16:30:00,0.6362
2024-02-04 16:40:00,0.7415
2024-02-04 16:50:00,0.9878
2024-02-04 17:00:00,0.8678
2024-02-04 17:10:00,0.81
2024-02-04 17:20:00,0.9282
2024-02-04 17:30:00,1.0183
2024-02-04 17:40:00,1.0093
2024-02-04 17:50:00,1.2278
2024-02-04 18:00:00,1.4133
2024-02-04 18:10:00,1.3481
2024-02-04 18:20:00,1.6198
2024-02-04 18:30:00,1.6471
2024-02-04 18:40:00,1.604
2024-02-04 18:50:00,1.6855
2024-02-04 19:00:00,1.8362
2024-02-04 19:10:00,1.7555
2024-02-04 19:20:00,1.6634
2024-02-04 19:30:00,1.5891
2024-02-04 19:40:00,1.5421
2024-02-04 19:50:00,1.4091
2024-02-04 20:00:00,1.1862
2024-02-04 20:10:00,1.4176
2024-02-04 20:20:00,1.1654
2024-02-04 20:30:00,1.0864
2024-02-04 20:40:00,0.9575
2024-02-04 20:50:00,0.819
2024-02-04 21:00:00,0.7883
2024-02-04 21:10:00,0.6108
2024-02-04 21:20:00,0.8667
2024-02-04 21:30:00,0.5414
2024-02-04 21:40:00,0.522
2024-02-04 21:50:00,0.5415
2024-02-04 22:00:00,0.6585
2024-02-04 22:10:00,0.5407
2024-02-04 22:20:00,0.429
2024-02-04 22:30:00,0.62
2024-02-04 22:40:00,0.5723
2024-02-04 22:50:00,0.5529
2024-02-04 23:00:00,0.5644
2024-02-04 23:10:00,0.6969
2024-02-04 23:20:00,0.6791
2024-02-04 23:30:00,0.4486
2024-02-04 23:40:00,0.633
2024-02-04 23:50:00,0.5335
2024-02-05 00:00:00,0.3559
2024-02-05 00:10:00,0.1638
2024-02-05 00:20:00,0.2661
2024-02-05 00:30:00,0.1925
2024-02-05 00:40:00,0.2987
2024-02-05 00:50:00,0.2906
2024-02-05 01:00:00,0.05
2024-02-05 01:10:00,0.1414
2024-02-05 01:20:00,0.2054
2024-02-05 01:30:00,0.1007
2024-02-05 01:40:00,0.174
2024-02-05 01:50:00,0.1437
2024-02-05 02:00:00,0.143
2024-02-05 02:10:00,0.0939
2024-02-05 02:20:00,0.05
2024-02-05 02:30:00,0.05
2024-02-05 02:40:00,0.1724
2024-02-05 02:50:00,0.1172
2024-02-05 03:00:00,0.1046
2024-02-05 03:10:00,0.0817
2024-02-05 03:20:00,0.0912
2024-02-05 03:30:00,0.1994
2024-02-05 03:40:00,0.0888
2024-02-05 03:50:00,0.0868
2024-02-05 04:00:00,0.3464
2024-02-05 04:10:00,0.3778
2024-02-05 04:20:00,0.518
2024-02-05 04:30:00,0.7791
2024-02-05 04:40:00,0.7964
2024-02-05 04:50:00,0.9799
2024-02-05 05:00:00,1.0307
2024-02-05 05:10:00,1.2827
2024-02-05 05:20:00,1.5285
2024-02-05 05:30:00,1.5357
2024-02-05 05:40:00,1.8537
2024-02-05 05:50:00,2.0164
2024-02-05 06:00:00,2.1712
2024-02-05 06:10:00,2.3952
2024-02-05 06:20:00,2.4641
2024-02-05 06:30:00,2.6578
2024-02-05 06:40:00,2.5365
2024-02-05 06:50:00,2.6753
2024-02-05 07:00:00,2.6904
2024-02-05 07:10:00,2.5877
2024-02-05 07:20:00,2.7105
2024-02-05 07:30:00,2.7536
2024-02-05 07:40:00,2.4754
2024-02-05 07:50:00,2.4051
2024-02-05 08:00:00,2.2422
2024-02-05 08:10:00,2.0362
2024-02-05 08:20:00,1.7969
2024-02-05 08:30:00,1.7312
2024-02-05 08:40:00,1.5213
2024-02-05 08:50:00,1.6174
2024-02-05 09:00:00,1.3269
2024-02-05 09:10:00,1.1726
2024-02-05 09:20:00,1.1463
2024-02-05 09:30:00,0.8724
2024-02-05 09:40:00,0.8004
2024-02-05 09:50:00,0.7794
2024-02-05 10:00:00,0.7808
2024-02-05 10:10:00,0.6747
2024-02-05 10:20:00,0.6011
2024-02-05 10:30:00,0.5437
2024-02-05 10:40:00,0.5341
2024-02-05 10:50:00,0.4899
2024-02-05 11:00:00,0.3691
2024-02-05 11:10:00,0.438
2024-02-05 11:20:00,0.3352
2024-02-05 11:30:00,0.4177
2024-02-05 11:40:00,0.3653
2024-02-05 11:50:00,0.6015
2024-02-05 12:00:00,0.3912
2024-02-05 12:10:00,0.2793
2024-02-05 12:20:00,0.3789
2024-02-05 12:30:00,0.4298
2024-02-05 12:40:00,0.5212
2024-02-05 12:50:00,0.3395
2024-02-05 13:00:00,0.2597
2024-02-05 13:10:00,0.4513
2024-02-05 13:20:00,0.2754
2024-02-05 13:30:00,0.3508
2024-02-05 13:40:00,0.365
2024-02-05 13:50:00,0.3801
2024-02-05 14:00:00,0.4408
2024-02-05 14:10:00,0.3311
2024-02-05 14:20:00,0.3641
2024-02-05 14:30:00,0.3852
2024-02-05 14:40:00,0.3988
2024-02-05 14:50:00,0.3955
2024-02-05 15:00:00,0.4239
2024-02-05 15:10:00,0.4586
2024-02-05 15:20:00,0.4256
2024-02-05 15:30:00,0.4349
2024-02-05 15:40:00,0.2784
2024-02-05 15:50:00,0.4179
2024-02-05 16:00:00,0.4645
2024-02-05 16:10:00,0.5008
2024-02-05 16:20:00,0.4084
2024-02-05 16:30:00,0.4384
2024-02-05 16:40:00,0.4792
2024-02-05 16:50:00,0.6096
2024-02-05 17:00:00,0.6989
2024-02-05 17:10:00,0.6409
2024-02-05 17:20:00,0.8107
2024-02-05 17:30:00,0.8189
2024-02-05 17:40:00,0.8746
2024-02-05 17:50:00,0.9453
2024-02-05 18:00:00,1.099
2024-02-05 18:10:00,1.1384
2024-02-05 18:20:00,1.3604
2024-02-05 18:30:00,1.1655
2024-02-05 18:40:00,1.3171
2024-02-05 18:50:00,1.2594
2024-02-05 19:00:00,1.2411
2024-02-05 19:10:00,1.3009
2024-02-05 19:20:00,1.2866
2024-02-05 19:30:00,1.4671
2024-02-05 19:40:00,1.1636
2024-02-05 19:50:00,1.022
2024-02-05 20:00:00,1.0611
2024-02-05 20:10:00,0.7962
2024-02-05 20:20:00,0.8771
2024-02-05 20:30:00,0.8103
2024-02-05 20:40:00,0.8017
2024-02-05 20:50:00,0.7513
2024-02-05 21:00:00,0.5759
2024-02-05 21:10:00,0.5547
2024-02-05 21:20:00,0.4639
2024-02-05 21:30:00,0.4008
2024-02-05 21:40:00,0.4886
2024-02-05 21:50:00,0.3406
2024-02-05 22:00:00,0.393
2024-02-05 22:10:00,0.3343
2024-02-05 22:20:00,0.449
2024-02-05 22:30:00,0.5427
2024-02-05 22:40:00,0.29
2024-02-05 22:50:00,0.2429
2024-02-05 23:00:00,0.3791
2024-02-05 23:10:00,0.389
2024-02-05 23:20:00,0.4043
2024-02-05 23:30:00,0.3506
2024-02-05 23:40:00,0.3699
2024-02-05 23:50:00,0.4152
2024-02-06 00:00:00,0.3983
2024-02-06 00:10:00,0.142
2024-02-06 00:20:00,0.2495
2024-02-06 00:30:00,0.2739
2024-02-06 00:40:00,0.1584
2024-02-06 00:50:00,0.3428
2024-02-06 01:00:00,0.1236
2024-02-06 01:10:00,0.1394
2024-02-06 01:20:00,0.1598
2024-02-06 01:30:00,0.068
2024-02-06 01:40:00,0.05
2024-02-06 01:50:00,0.081
2024-02-06 02:00:00,0.1977
2024-02-06 02:10:00,0.0884
2024-02-06 02:20:00,0.05
2024-02-06 02:30:00,0.1894
2024-02-06 02:40:00,0.0889
2024-02-06 02:50:00,0.0745
2024-02-06 03:00:00,0.1273
2024-02-06 03:10:00,0.177
2024-02-06 03:20:00,0.3059
2024-02-06 03:30:00,0.1815
2024-02-06 03:40:00,0.2081
2024-02-06 03:50:00,0.1531
2024-02-06 04:00:00,0.2041
2024-02-06 04:10:00,0.3981
2024-02-06 04:20:00,0.5227
2024-02-06 04:30:00,0.5624
2024-02-06 04:40:00,0.7818
2024-02-06 04:50:00,0.9861
2024-02-06 05:00:00,1.1507
2024-02-06 05:10:00,1.337
2024-02-06 05:20:00,1.499
2024-02-06 05:30:00,1.615
2024-02-06 05:40:00,1.7915
2024-02-06 05:50:00,1.9069
2024-02-06 06:00:00,2.3047
2024-02-06 06:10:00,2.3069
2024-02-06 06:20:00,2.4126
2024-02-06 06:30:00,2.4583
2024-02-06 06:40:00,2.8437
2024-02-06 06:50:00,2.5713
2024-02-06 07:00:00,2.6419
2024-02-06 07:10:00,2.6991
2024-02-06 07:20:00,2.6748
2024-02-06 07:30:00,2.6372
2024-02-06 07:40:00,2.6145
2024-02-06 07:50:00,2.3987
2024-02-06 08:00:00,2.1448
2024-02-06 08:10:00,2.067
2024-02-06 08:20:00,1.9618
2024-02-06 08:30:00,1.9482
2024-02-06 08:40:00,1.5163
2024-02-06 08:50:00,1.5732
2024-02-06 09:00:00,1.3469
2024-02-06 09:10:00,1.264
2024-02-06 09:20:00,1.0641
2024-02-06 09:30:00,0.8921
2024-02-06 09:40:00,0.9194
2024-02-06 09:50:00,0.8242
2024-02-06 10:00:00,0.7743
2024-02-06 10:10:00,0.6318
2024-02-06 10:20:00,0.5317
2024-02-06 10:30:00,0.4113
2024-02-06 10:40:00,0.5662
2024-02-06 10:50:00,0.5064
2024-02-06 11:00:00,0.373
2024-02-06 11:10:00,0.39
2024-02-06 11:20:00,0.3826
2024-02-06 11:30:00,0.2914
2024-02-06 11:40:00,0.3372
2024-02-06 11:50:00,0.3065
2024-02-06 12:00:00,0.3603
2024-02-06 12:10:00,0.3314
2024-02-06 12:20:00,0.2584
2024-02-06 12:30:00,0.549
2024-02-06 12:40:00,0.4865
2024-02-06 12:50:00,0.3233
2024-02-06 13:00:00,0.407
2024-02-06 13:10:00,0.4183
2024-02-06 13:20:00,0.48
2024-02-06 13:30:00,0.3191
2024-02-06 13:40:00,0.4719
2024-02-06 13:50:00,0.3407
2024-02-06 14:00:00,0.2777
2024-02-06 14:10:00,0.4426
2024-02-06 14:20:00,0.4882
2024-02-06 14:30:00,0.5923
2024-02-06 14:40:00,0.2898
2024-02-06 14:50:00,0.4426
2024-02-06 15:00:00,0.3552
2024-02-06 15:10:00,0.4527
2024-02-06 15:20:00,0.2754
2024-02-06 15:30:00,0.2965
2024-02-06 15:40:00,0.3418
2024-02-06 15:50:00,0.4191
2024-02-06 16:00:00,0.3737
2024-02-06 16:10:00,0.4939
2024-02-06 16:20:00,0.5447
2024-02-06 16:30:00,0.5377
2024-02-06 16:40:00,0.6532
2024-02-06 16:50:00,0.5984
2024-02-06 17:00:00,0.5171
2024-02-06 17:10:00,0.7807
2024-02-06 17:20:00,0.6877
2024-02-06 17:30:00,0.8796
2024-02-06 17:40:00,1.008
2024-02-06 17:50:00,0.9961
2024-02-06 18:00:00,0.9167
2024-02-06 18:10:00,1.0359
2024-02-06 18:20:00,1.2809
2024-02-06 18:30:00,1.2168
2024-02-06 18:40:00,1.2785
2024-02-06 18:50:00,1.3589
2024-02-06 19:00:00,1.3627
2024-02-06 19:10:00,1.3205
2024-02-06 19:20:00,1.2554
2024-02-06 19:30:00,1.2053
2024-02-06 19:40:00,1.2437
2024-02-06 19:50:00,1.1536
2024-02-06 20:00:00,1.0158
2024-02-06 20:10:00,1.0461
2024-02-06 20:20:00,0.8717
2024-02-06 20:30:00,0.7387
2024-02-06 20:40:00,0.6754
2024-02-06 20:50:00,0.5933
2024-02-06 21:00:00,0.5927
2024-02-06 21:10:00,0.6639
2024-02-06 21:20:00,0.4593
2024-02-06 21:30:00,0.5048
2024-02-06 21:40:00,0.41
2024-02-06 21:50:00,0.4204
2024-02-06 22:00:00,0.3041
2024-02-06 22:10:00,0.3951
2024-02-06 22:20:00,0.3884
2024-02-06 22:30:00,0.4407
2024-02-06 22:40:00,0.4109
2024-02-06 22:50:00,0.2942
2024-02-06 23:00:00,0.4747
2024-02-06 23:10:00,0.4035
2024-02-06 23:20:00,0.4016
2024-02-06 23:30:00,0.3845
2024-02-06 23:40:00,0.3435
2024-02-06 23:50:00,0.4021
2024-02-07 00:00:00,0.3522
2024-02-07 00:10:00,0.1578
2024-02-07 00:20:00,0.2351
2024-02-07 00:30:00,0.2357
2024-02-07 00:40:00,0.2517
2024-02-07 00:50:00,0.2992
2024-02-07 01:00:00,0.1122
2024-02-07 01:10:00,0.1025
2024-02-07 01:20:00,0.074
2024-02-07 01:30:00,0.0509
2024-02-07 01:40:00,0.0872
2024-02-07 01:50:00,0.1767
2024-02-07 02:00:00,0.05
2024-02-07 02:10:00,0.1492
2024-02-07 02:20:00,0.05
2024-02-07 02:30:00,0.0701
2024-02-07 02:40:00,0.0886
2024-02-07 02:50:00,0.249
2024-02-07 03:00:00,0.093
2024-02-07 03:10:00,0.05
2024-02-07 03:20:00,0.05
2024-02-07 03:30:00,0.1177
2024-02-07 03:40:00,0.1641
2024-02-07 03:50:00,0.2231
2024-02-07 04:00:00,0.2987
2024-02-07 04:10:00,0.4849
2024-02-07 04:20:00,0.4695
2024-02-07 04:30:00,0.7184
2024-02-07 04:40:00,0.663
2024-02-07 04:50:00,0.8791
2024-02-07 05:00:00,0.9742
2024-02-07 05:10:00,1.271
2024-02-07 05:20:00,1.4678
2024-02-07 05:30:00,1.66
2024-02-07 05:40:00,1.8324
2024-02-07 05:50:00,1.9229
2024-02-07 06:00:00,2.1406
2024-02-07 06:10:00,2.1795
2024-02-07 06:20:00,2.5328
2024-02-07 06:30:00,2.5011
2024-02-07 06:40:00,2.5623
2024-02-07 06:50:00,2.7767
2024-02-07 07:00:00,2.5693
2024-02-07 07:10:00,2.5683
2024-02-07 07:20:00,2.5316
2024-02-07 07:30:00,2.5479
2024-02-07 07:40:00,2.4975
2024-02-07 07:50:00,2.4107
2024-02-07 08:00:00,2.4288
2024-02-07 08:10:00,1.9017
2024-02-07 08:20:00,1.9804
2024-02-07 08:30:00,1.7331
2024-02-07 08:40:00,1.5766
2024-02-07 08:50:00,1.4233
2024-02-07 09:00:00,1.256
2024-02-07 09:10:00,1.3283
2024-02-07 09:20:00,1.1366
2024-02-07 09:30:00,0.9586
2024-02-07 09:40:00,0.965
2024-02-07 09:50:00,0.6486
2024-02-07 10:00:00,0.5881
2024-02-07 10:10:00,0.4568
2024-02-07 10:20:00,0.5221
2024-02-07 10:30:00,0.5474
2024-02-07 10:40:00,0.5075
2024-02-07 10:50:00,0.4831
2024-02-07 11:00:00,0.3361
2024-02-07 11:10:00,0.4961
2024-02-07 11:20:00,0.4379
2024-02-07 11:30:00,0.4675
2024-02-07 11:40:00,0.2501
2024-02-07 11:50:00,0.421
2024-02-07 12:00:00,0.2972
2024-02-07 12:10:00,0.3576
2024-02-07 12:20:00,0.4302
2024-02-07 12:30:00,0.3934
2024-02-07 12:40:00,0.317
2024-02-07 12:50:00,0.385
2024-02-07 13:00:00,0.2616
2024-02-07 13:10:00,0.4758
2024-02-07 13:20:00,0.3672
2024-02-07 13:30:00,0.473
2024-02-07 13:40:00,0.3414
2024-02-07 13:50:00,0.3416
2024-02-07 14:00:00,0.3224
2024-02-07 14:10:00,0.4537
2024-02-07 14:20:00,0.3271
2024-02-07 14:30:00,0.4357
2024-02-07 14:40:00,0.3541
2024-02-07 14:50:00,0.2275
2024-02-07 15:00:00,0.3413
2024-02-07 15:10:00,0.2946
2024-02-07 15:20:00,0.3947
2024-02-07 15:30:00,0.3012
2024-02-07 15:40:00,0.4768
2024-02-07 15:50:00,0.4043
2024-02-07 16:00:00,0.4095
2024-02-07 16:10:00,0.4924
2024-02-07 16:20:00,0.5383
2024-02-07 16:30:00,0.4867
2024-02-07 16:40:00,0.4606
2024-02-07 16:50:00,0.4217
2024-02-07 17:00:00,0.5578
2024-02-07 17:10:00,0.6203
2024-02-07 17:20:00,0.7426
2024-02-07 17:30:00,0.7769
2024-02-07 17:40:00,0.9346
2024-02-07 17:50:00,0.9078
2024-02-07 18:00:00,1.0289
2024-02-07 18:10:00,1.2009
2024-02-07 18:20:00,1.1991
2024-02-07 18:30:00,1.222
2024-02-07 18:40:00,1.2203
2024-02-07 18:50:00,1.2438
2024-02-07 19:00:00,1.2353
2024-02-07 19:10:00,1.2512
2024-02-07 19:20:00,1.3289
2024-02-07 19:30:00,1.2091
2024-02-07 19:40:00,1.0638
2024-02-07 19:50:00,1.2476
2024-02-07 20:00:00,1.059
2024-02-07 20:10:00,0.8443
2024-02-07 20:20:00,0.8442
2024-02-07 20:30:00,0.8134
2024-02-07 20:40:00,0.8704
2024-02-07 20:50:00,0.5811
2024-02-07 21:00:00,0.6908
2024-02-07 21:10:00,0.6755
2024-02-07 21:20:00,0.472
2024-02-07 21:30:00,0.4662
2024-02-07 21:40:00,0.3783
2024-02-07 21:50:00,0.4237
2024-02-07 22:00:00,0.4208
2024-02-07 22:10:00,0.4644
2024-02-07 22:20:00,0.49
2024-02-07 22:30:00,0.3366
2024-02-07 22:40:00,0.2346
2024-02-07 22:50:00,0.3872
2024-02-07 23:00:00,0.4104
2024-02-07 23:10:00,0.4055
2024-02-07 23:20:00,0.3585
2024-02-07 23:30:00,0.3941
2024-02-07 23:40:00,0.505
2024-02-07 23:50:00,0.4141
2024-02-08 00:00:00,0.2834
2024-02-08 00:10:00,0.2567
2024-02-08 00:20:00,0.2638
2024-02-08 00:30:00,0.3863
2024-02-08 00:40:00,0.2159
2024-02-08 00:50:00,0.2016
2024-02-08 01:00:00,0.1349
2024-02-08 01:10:00,0.2299
2024-02-08 01:20:00,0.2715
2024-02-08 01:30:00,0.1507
2024-02-08 01:40:00,0.1213
2024-02-08 01:50:00,0.1176
2024-02-08 02:00:00,0.05
2024-02-08 02:10:00,0.1743
2024-02-08 02:20:00,0.1254
2024-02-08 02:30:00,0.1489
2024-02-08 02:40:00,0.0577
2024-02-08 02:50:00,0.0839
2024-02-08 03:00:00,0.0818
2024-02-08 03:10:00,0.1964
2024-02-08 03:20:00,0.0844
2024-02-08 03:30:00,0.2813
2024-02-08 03:40:00,0.1491
2024-02-08 03:50:00,0.0904
2024-02-08 04:00:00,0.2742
2024-02-08 04:10:00,0.3387
2024-02-08 04:20:00,0.3356
2024-02-08 04:30:00,0.7729
2024-02-08 04:40:00,0.8475
2024-02-08 04:50:00,0.9914
2024-02-08 05:00:00,1.1287
2024-02-08 05:10:00,1.1787
2024-02-08 05:20:00,1.4285
2024-02-08 05:30:00,1.7134
2024-02-08 05:40:00,1.738
2024-02-08 05:50:00,1.7888
2024-02-08 06:00:00,2.1314
2024-02-08 06:10:00,2.2813
2024-02-08 06:20:00,2.4275
2024-02-08 06:30:00,2.5763
2024-02-08 06:40:00,2.6449
2024-02-08 06:50:00,2.6626
2024-02-08 07:00:00,2.7566
2024-02-08 07:10:00,2.5291
2024-02-08 07:20:00,2.6521
2024-02-08 07:30:00,2.596
2024-02-08 07:40:00,2.3566
2024-02-08 07:50:00,2.2245
2024-02-08 08:00:00,2.1569
2024-02-08 08:10:00,2.0226
2024-02-08 08:20:00,1.9864
2024-02-08 08:30:00,1.7234
2024-02-08 08:40:00,1.5503
2024-02-08 08:50:00,1.4196
2024-02-08 09:00:00,1.4143
2024-02-08 09:10:00,1.1911
2024-02-08 09:20:00,1.0517
2024-02-08 09:30:00,0.9452
2024-02-08 09:40:00,0.9578
2024-02-08 09:50:00,0.7075
2024-02-08 10:00:00,0.7978
2024-02-08 10:10:00,0.646
2024-02-08 10:20:00,0.5635
2024-02-08 10:30:00,0.733
2024-02-08 10:40:00,0.4134
2024-02-08 10:50:00,0.4415
2024-02-08 11:00:00,0.3491
2024-02-08 11:10:00,0.5068
2024-02-08 11:20:00,0.5527
2024-02-08 11:30:00,0.5413
2024-02-08 11:40:00,0.4983
2024-02-08 11:50:00,0.3792
2024-02-08 12:00:00,0.3619
2024-02-08 12:10:00,0.2546
2024-02-08 12:20:00,0.5492
2024-02-08 12:30:00,0.4225
2024-02-08 12:40:00,0.3447
2024-02-08 12:50:00,0.4897
2024-02-08 13:00:00,0.3052
2024-02-08 13:10:00,0.4152
2024-02-08 13:20:00,0.3687
2024-02-08 13:30:00,0.4335
2024-02-08 13:40:00,0.3773
2024-02-08 13:50:00,0.2663
2024-02-08 14:00:00,0.3885
2024-02-08 14:10:00,0.4664
2024-02-08 14:20:00,0.3804
2024-02-08 14:30:00,0.445
2024-02-08 14:40:00,0.2999
2024-02-08 14:50:00,0.3823
2024-02-08 15:00:00,0.3358
2024-02-08 15:10:00,0.4476
2024-02-08 15:20:00,0.3933
2024-02-08 15:30:00,0.4505
2024-02-08 15:40:00,0.4886
2024-02-08 15:50:00,0.4657
2024-02-08 16:00:00,0.4444
2024-02-08 16:10:00,0.3588
2024-02-08 16:20:00,0.4596
2024-02-08 16:30:00,0.4443
2024-02-08 16:40:00,0.4932
2024-02-08 16:50:00,0.532
2024-02-08 17:00:00,0.5326
2024-02-08 17:10:00,0.5112
2024-02-08 17:20:00,0.6784
2024-02-08 17:30:00,0.8177
2024-02-08 17:40:00,0.7692
2024-02-08 17:50:00,0.9553
2024-02-08 18:00:00,1.1825
2024-02-08 18:10:00,1.1848
2024-02-08 18:20:00,1.2998
2024-02-08 18:30:00,1.2545
2024-02-08 18:40:00,1.3582
2024-02-08 18:50:00,1.2328
2024-02-08 19:00:00,1.248
2024-02-08 19:10:00,1.0716
2024-02-08 19:20:00,1.3597
2024-02-08 19:30:00,1.3465
2024-02-08 19:40:00,1.1241
2024-02-08 19:50:00,1.0827
2024-02-08 20:00:00,0.9701
2024-02-08 20:10:00,0.9847
2024-02-08 20:20:00,0.967
2024-02-08 20:30:00,0.6628
2024-02-08 20:40:00,0.7646
2024-02-08 20:50:00,0.6456
2024-02-08 21:00:00,0.62
2024-02-08 21:10:00,0.5987
2024-02-08 21:20:00,0.5057
2024-02-08 21:30:00,0.4786
2024-02-08 21:40:00,0.4428
2024-02-08 21:50:00,0.5163
2024-02-08 22:00:00,0.456
2024-02-08 22:10:00,0.4281
2024-02-08 22:20:00,0.2999
2024-02-08 22:30:00,0.365
2024-02-08 22:40:00,0.4627
2024-02-08 22:50:00,0.3908
2024-02-08 23:00:00,0.4385
2024-02-08 23:10:00,0.5257
2024-02-08 23:20:00,0.4667
2024-02-08 23:30:00,0.3905
2024-02-08 23:40:00,0.3418
2024-02-08 23:50:00,0.1782
2024-02-09 00:00:00,0.2989
2024-02-09 00:10:00,0.2697
2024-02-09 00:20:00,0.3078
2024-02-09 00:30:00,0.2423
2024-02-09 00:40:00,0.2042
2024-02-09 00:50:00,0.0602
2024-02-09 01:00:00,0.0978
2024-02-09 01:10:00,0.1796
2024-02-09 01:20:00,0.2516
2024-02-09 01:30:00,0.1065
2024-02-09 01:40:00,0.1405
2024-02-09 01:50:00,0.1905
2024-02-09 02:00:00,0.05
2024-02-09 02:10:00,0.1437
2024-02-09 02:20:00,0.0551
2024-02-09 02:30:00,0.1835
2024-02-09 02:40:00,0.1264
2024-02-09 02:50:00,0.1382
2024-02-09 03:00:00,0.0517
2024-02-09 03:10:00,0.1709
2024-02-09 03:20:00,0.2811
2024-02-09 03:30:00,0.05
2024-02-09 03:40:00,0.0871
2024-02-09 03:50:00,0.2104
2024-02-09 04:00:00,0.3466
2024-02-09 04:10:00,0.3449
2024-02-09 04:20:00,0.283
2024-02-09 04:30:00,0.7518
2024-02-09 04:40:00,0.8497
2024-02-09 04:50:00,0.8065
2024-02-09 05:00:00,1.0636
2024-02-09 05:10:00,1.4109
2024-02-09 05:20:00,1.5787
2024-02-09 05:30:00,1.7163
2024-02-09 05:40:00,1.8026
2024-02-09 05:50:00,1.992
2024-02-09 06:00:00,2.1327
2024-02-09 06:10:00,2.3761
2024-02-09 06:20:00,2.3394
2024-02-09 06:30:00,2.4461
2024-02-09 06:40:00,2.667
2024-02-09 06:50:00,2.6305
2024-02-09 07:00:00,2.7633
2024-02-09 07:10:00,2.589
2024-02-09 07:20:00,2.5996
2024-02-09 07:30:00,2.4645
2024-02-09 07:40:00,2.4491
2024-02-09 07:50:00,2.2195
2024-02-09 08:00:00,2.171
2024-02-09 08:10:00,1.9545
2024-02-09 08:20:00,1.9759
2024-02-09 08:30:00,1.8246
2024-02-09 08:40:00,1.4756
2024-02-09 08:50:00,1.5709
2024-02-09 09:00:00,1.5207
2024-02-09 09:10:00,1.1902
2024-02-09 09:20:00,1.0116
2024-02-09 09:30:00,1.1771
2024-02-09 09:40:00,0.7464
2024-02-09 09:50:00,0.7667
2024-02-09 10:00:00,0.7049
2024-02-09 10:10:00,0.7349
2024-02-09 10:20:00,0.6034
2024-02-09 10:30:00,0.4915
2024-02-09 10:40:00,0.4202
2024-02-09 10:50:00,0.441
2024-02-09 11:00:00,0.3658
2024-02-09 11:10:00,0.4332
2024-02-09 11:20:00,0.3712
2024-02-09 11:30:00,0.287
2024-02-09 11:40:00,0.4996
2024-02-09 11:50:00,0.354
2024-02-09 12:00:00,0.2885
2024-02-09 12:10:00,0.3737
2024-02-09 12:20:00,0.3907
2024-02-09 12:30:00,0.2441
2024-02-09 12:40:00,0.4094
2024-02-09 12:50:00,0.2985
2024-02-09 13:00:00,0.5187
2024-02-09 13:10:00,0.4235
2024-02-09 13:20:00,0.3494
2024-02-09 13:30:00,0.3217
2024-02-09 13:40:00,0.3728
2024-02-09 13:50:00,0.4303
2024-02-09 14:00:00,0.3792
2024-02-09 14:10:00,0.364
2024-02-09 14:20:00,0.3862
2024-02-09 14:30:00,0.3336
2024-02-09 14:40:00,0.355
2024-02-09 14:50:00,0.2164
2024-02-09 15:00:00,0.4625
2024-02-09 15:10:00,0.4105
2024-02-09 15:20:00,0.3278
2024-02-09 15:30:00,0.546
2024-02-09 15:40:00,0.4073
2024-02-09 15:50:00,0.3263
2024-02-09 16:00:00,0.4898
2024-02-09 16:10:00,0.4692
2024-02-09 16:20:00,0.4901
2024-02-09 16:30:00,0.4514
2024-02-09 16:40:00,0.5552
2024-02-09 16:50:00,0.5393
2024-02-09 17:00:00,0.6536
2024-02-09 17:10:00,0.5134
2024-02-09 17:20:00,0.695
2024-02-09 17:30:00,0.9376
2024-02-09 17:40:00,0.813
2024-02-09 17:50:00,0.9029
2024-02-09 18:00:00,0.9915
2024-02-09 18:10:00,1.0025
2024-02-09 18:20:00,0.9882
2024-02-09 18:30:00,1.2012
2024-02-09 18:40:00,1.2719
2024-02-09 18:50:00,1.2827
2024-02-09 19:00:00,1.2841
2024-02-09 19:10:00,1.2903
2024-02-09 19:20:00,1.3429
2024-02-09 19:30:00,1.2044
2024-02-09 19:40:00,1.1189
2024-02-09 19:50:00,1.0772
2024-02-09 20:00:00,1.0737
2024-02-09 20:10:00,1.0642
2024-02-09 20:20:00,0.8242
2024-02-09 20:30:00,0.8077
2024-02-09 20:40:00,0.7568
2024-02-09 20:50:00,0.5864
2024-02-09 21:00:00,0.6108
2024-02-09 21:10:00,0.443
2024-02-09 21:20:00,0.3777
2024-02-09 21:30:00,0.5148
2024-02-09 21:40:00,0.4278
2024-02-09 21:50:00,0.4536
2024-02-09 22:00:00,0.4198
2024-02-09 22:10:00,0.3311
2024-02-09 22:20:00,0.3968
2024-02-09 22:30:00,0.2954
2024-02-09 22:40:00,0.5009
2024-02-09 22:50:00,0.2782
2024-02-09 23:00:00,0.3689
2024-02-09 23:10:00,0.2999
2024-02-09 23:20:00,0.4281
2024-02-09 23:30:00,0.3554
2024-02-09 23:40:00,0.3401
2024-02-09 23:50:00,0.4496
2024-02-10 00:00:00,0.4072
2024-02-10 00:10:00,0.4247
2024-02-10 00:20:00,0.2799
2024-02-10 00:30:00,0.2175
2024-02-10 00:40:00,0.3065
2024-02-10 00:50:00,0.237
2024-02-10 01:00:00,0.2743
2024-02-10 01:10:00,0.177
2024-02-10 01:20:00,0.1646
2024-02-10 01:30:00,0.05
2024-02-10 01:40:00,0.2992
2024-02-10 01:50:00,0.135
2024-02-10 02:00:00,0.204
2024-02-10 02:10:00,0.0813
2024-02-10 02:20:00,0.1728
2024-02-10 02:30:00,0.05
2024-02-10 02:40:00,0.1843
2024-02-10 02:50:00,0.1197
2024-02-10 03:00:00,0.1505
2024-02-10 03:10:00,0.204
2024-02-10 03:20:00,0.05
2024-02-10 03:30:00,0.0934
2024-02-10 03:40:00,0.1848
2024-02-10 03:50:00,0.4166
2024-02-10 04:00:00,0.3566
2024-02-10 04:10:00,0.5523
2024-02-10 04:20:00,0.652
2024-02-10 04:30:00,0.9888
2024-02-10 04:40:00,0.8827
2024-02-10 04:50:00,1.2335
2024-02-10 05:00:00,1.3114
2024-02-10 05:10:00,1.4655
2024-02-10 05:20:00,1.9197
2024-02-10 05:30:00,2.1382
2024-02-10 05:40:00,2.3317
2024-02-10 05:50:00,2.5647
2024-02-10 06:00:00,3.0255
2024-02-10 06:10:00,2.9419
2024-02-10 06:20:00,3.1636
2024-02-10 06:30:00,3.2019
2024-02-10 06:40:00,3.3754
2024-02-10 06:50:00,3.3948
2024-02-10 07:00:00,3.4056
2024-02-10 07:10:00,3.5706
2024-02-10 07:20:00,3.469
2024-02-10 07:30:00,3.3007
2024-02-10 07:40:00,2.989
2024-02-10 07:50:00,3.0009
2024-02-10 08:00:00,3.0804
2024-02-10 08:10:00,2.6636
2024-02-10 08:20:00,2.5772
2024-02-10 08:30:00,2.4058
2024-02-10 08:40:00,2.1093
2024-02-10 08:50:00,1.8303
2024-02-10 09:00:00,1.5171
2024-02-10 09:10:00,1.5925
2024-02-10 09:20:00,1.3124
2024-02-10 09:30:00,1.2468
2024-02-10 09:40:00,1.0041
2024-02-10 09:50:00,0.9704
2024-02-10 10:00:00,0.8976
2024-02-10 10:10:00,0.8345
2024-02-10 10:20:00,0.6556
2024-02-10 10:30:00,0.7844
2024-02-10 10:40:00,0.5955
2024-02-10 10:50:00,0.4731
2024-02-10 11:00:00,0.5698
2024-02-10 11:10:00,0.5592
2024-02-10 11:20:00,0.5524
2024-02-10 11:30:00,0.6358
2024-02-10 11:40:00,0.4984
2024-02-10 11:50:00,0.5008
2024-02-10 12:00:00,0.4171
2024-02-10 12:10:00,0.5674
2024-02-10 12:20:00,0.514
2024-02-10 12:30:00,0.4639
2024-02-10 12:40:00,0.3439
2024-02-10 12:50:00,0.611
2024-02-10 13:00:00,0.3967
2024-02-10 13:10:00,0.4472
2024-02-10 13:20:00,0.523
2024-02-10 13:30:00,0.3984
2024-02-10 13:40:00,0.3746
2024-02-10 13:50:00,0.3242
2024-02-10 14:00:00,0.5518
2024-02-10 14:10:00,0.4507
2024-02-10 14:20:00,0.7287
2024-02-10 14:30:00,0.4154
2024-02-10 14:40:00,0.4219
2024-02-10 14:50:00,0.4515
2024-02-10 15:00:00,0.5179
2024-02-10 15:10:00,0.4635
2024-02-10 15:20:00,0.554
2024-02-10 15:30:00,0.4325
2024-02-10 15:40:00,0.4084
2024-02-10 15:50:00,0.3865
2024-02-10 16:00:00,0.3681
2024-02-10 16:10:00,0.5254
2024-02-10 16:20:00,0.5702
2024-02-10 16:30:00,0.5787
2024-02-10 16:40:00,0.7724
2024-02-10 16:50:00,0.8244
2024-02-10 17:00:00,0.7627
2024-02-10 17:10:00,0.7194
2024-02-10 17:20:00,0.9004
2024-02-10 17:30:00,0.9886
2024-02-10 17:40:00,1.0807
2024-02-10 17:50:00,1.177
2024-02-10 18:00:00,1.2792
2024-02-10 18:10:00,1.3943
2024-02-10 18:20:00,1.4589
2024-02-10 18:30:00,1.5973
2024-02-10 18:40:00,1.6632
2024-02-10 18:50:00,1.595
2024-02-10 19:00:00,1.7809
2024-02-10 19:10:00,1.5894
2024-02-10 19:20:00,1.5049
2024-02-10 19:30:00,1.6111
2024-02-10 19:40:00,1.4443
2024-02-10 19:50:00,1.451
2024-02-10 20:00:00,1.1392
2024-02-10 20:10:00,1.3442
2024-02-10 20:20:00,1.1871
2024-02-10 20:30:00,0.9165
2024-02-10 20:40:00,0.8274
2024-02-10 20:50:00,0.9966
2024-02-10 21:00:00,0.7305
2024-02-10 21:10:00,0.6594
2024-02-10 21:20:00,0.4916
2024-02-10 21:30:00,0.6011
2024-02-10 21:40:00,0.576
2024-02-10 21:50:00,0.6241
2024-02-10 22:00:00,0.434
2024-02-10 22:10:00,0.4087
2024-02-10 22:20:00,0.555
2024-02-10 22:30:00,0.5913
2024-02-10 22:40:00,0.3793
2024-02-10 22:50:00,0.5876
2024-02-10 23:00:00,0.5015
2024-02-10 23:10:00,0.5841
2024-02-10 23:20:00,0.49
2024-02-10 23:30:00,0.2932
2024-02-10 23:40:00,0.4823
2024-02-10 23:50:00,0.5791
2024-02-11 00:00:00,0.3321
2024-02-11 00:10:00,0.3511
2024-02-11 00:20:00,0.3432
2024-02-11 00:30:00,0.0969
2024-02-11 00:40:00,0.4307
2024-02-11 00:50:00,0.1896
2024-02-11 01:00:00,0.2639
2024-02-11 01:10:00,0.1759
2024-02-11 01:20:00,0.2483
2024-02-11 01:30:00,0.1802
2024-02-11 01:40:00,0.1289
2024-02-11 01:50:00,0.0762
2024-02-11 02:00:00,0.2115
2024-02-11 02:10:00,0.05
2024-02-11 02:20:00,0.1994
2024-02-11 02:30:00,0.0598
2024-02-11 02:40:00,0.2479
2024-02-11 02:50:00,0.1606
2024-02-11 03:00:00,0.1992
2024-02-11 03:10:00,0.1543
2024-02-11 03:20:00,0.05
2024-02-11 03:30:00,0.0788
2024-02-11 03:40:00,0.2015
2024-02-11 03:50:00,0.2613
2024-02-11 04:00:00,0.461
2024-02-11 04:10:00,0.5357
2024-02-11 04:20:00,0.5811
2024-02-11 04:30:00,0.7671
2024-02-11 04:40:00,1.0275
2024-02-11 04:50:00,1.037
2024-02-11 05:00:00,1.5708
2024-02-11 05:10:00,1.6961
2024-02-11 05:20:00,1.9882
2024-02-11 05:30:00,1.994
2024-02-11 05:40:00,2.4467
2024-02-11 05:50:00,2.7437
2024-02-11 06:00:00,2.6633
2024-02-11 06:10:00,3.015
2024-02-11 06:20:00,3.1132
2024-02-11 06:30:00,3.1201
2024-02-11 06:40:00,3.3808
2024-02-11 06:50:00,3.4699
2024-02-11 07:00:00,3.3796
2024-02-11 07:10:00,3.5077
2024-02-11 07:20:00,3.231
2024-02-11 07:30:00,3.1599
2024-02-11 07:40:00,3.1744
2024-02-11 07:50:00,3.0224
2024-02-11 08:00:00,2.798
2024-02-11 08:10:00,2.7384
2024-02-11 08:20:00,2.5236
2024-02-11 08:30:00,2.352
2024-02-11 08:40:00,2.0754
2024-02-11 08:50:00,1.94
2024-02-11 09:00:00,1.6709
2024-02-11 09:10:00,1.6973
2024-02-11 09:20:00,1.3083
2024-02-11 09:30:00,1.3973
2024-02-11 09:40:00,1.1034
2024-02-11 09:50:00,0.8785
2024-02-11 10:00:00,1.0016
2024-02-11 10:10:00,0.8206
2024-02-11 10:20:00,0.8105
2024-02-11 10:30:00,0.7844
2024-02-11 10:40:00,0.6683
2024-02-11 10:50:00,0.5578
2024-02-11 11:00:00,0.6548
2024-02-11 11:10:00,0.5548
2024-02-11 11:20:00,0.5927
2024-02-11 11:30:00,0.3529
2024-02-11 11:40:00,0.5515
2024-02-11 11:50:00,0.4577
2024-02-11 12:00:00,0.636
2024-02-11 12:10:00,0.55
2024-02-11 12:20:00,0.5169
2024-02-11 12:30:00,0.5348
2024-02-11 12:40:00,0.4148
2024-02-11 12:50:00,0.6238
2024-02-11 13:00:00,0.6527
2024-02-11 13:10:00,0.5244
2024-02-11 13:20:00,0.62
2024-02-11 13:30:00,0.4471
2024-02-11 13:40:00,0.4288
2024-02-11 13:50:00,0.4958
2024-02-11 14:00:00,0.5274
2024-02-11 14:10:00,0.4612
2024-02-11 14:20:00,0.536
2024-02-11 14:30:00,0.5179
2024-02-11 14:40:00,0.4142
2024-02-11 14:50:00,0.5367
2024-02-11 15:00:00,0.566
2024-02-11 15:10:00,0.5133
2024-02-11 15:20:00,0.5957
2024-02-11 15:30:00,0.4118
2024-02-11 15:40:00,0.5547
2024-02-11 15:50:00,0.4351
2024-02-11 16:00:00,0.4551
2024-02-11 16:10:00,0.5146
2024-02-11 16:20:00,0.517
2024-02-11 16:30:00,0.5834
2024-02-11 16:40:00,0.6537
2024-02-11 16:50:00,0.7908
2024-02-11 17:00:00,0.7613
2024-02-11 17:10:00,0.7333
2024-02-11 17:20:00,1.034
2024-02-11 17:30:00,0.9664
2024-02-11 17:40:00,1.125
2024-02-11 17:50:00,1.2647
2024-02-11 18:00:00,1.3433
2024-02-11 18:10:00,1.5084
2024-02-11 18:20:00,1.5433
2024-02-11 18:30:00,1.5068
2024-02-11 18:40:00,1.8036
2024-02-11 18:50:00,1.6782
2024-02-11 19:00:00,1.6622
2024-02-11 19:10:00,1.7398
2024-02-11 19:20:00,1.6492
2024-02-11 19:30:00,1.6077
2024-02-11 19:40:00,1.7044
2024-02-11 19:50:00,1.3988
2024-02-11 20:00:00,1.3019
2024-02-11 20:10:00,1.2383
2024-02-11 20:20:00,1.2155
2024-02-11 20:30:00,0.9128
2024-02-11 20:40:00,0.7855
2024-02-11 20:50:00,0.8132
2024-02-11 21:00:00,0.6563
2024-02-11 21:10:00,0.6899
2024-02-11 21:20:00,0.711
2024-02-11 21:30:00,0.556
2024-02-11 21:40:00,0.4782
2024-02-11 21:50:00,0.5707
2024-02-11 22:00:00,0.6133
2024-02-11 22:10:00,0.3931
2024-02-11 22:20:00,0.5829
2024-02-11 22:30:00,0.5745
2024-02-11 22:40:00,0.5798
2024-02-11 22:50:00,0.597
2024-02-11 23:00:00,0.6731
2024-02-11 23:10:00,0.4667
2024-02-11 23:20:00,0.5029
2024-02-11 23:30:00,0.4601
2024-02-11 23:40:00,0.4931
2024-02-11 23:50:00,0.6153
2024-02-12 00:00:00,0.2018
2024-02-12 00:10:00,0.2242
2024-02-12 00:20:00,0.3842
2024-02-12 00:30:00,0.3338
2024-02-12 00:40:00,0.1987
2024-02-12 00:50:00,0.269
2024-02-12 01:00:00,0.1986
2024-02-12 01:10:00,0.2602
2024-02-12 01:20:00,0.1192
2024-02-12 01:30:00,0.1953
2024-02-12 01:40:00,0.3246
2024-02-12 01:50:00,0.1611
2024-02-12 02:00:00,0.1172
2024-02-12 02:10:00,0.1711
2024-02-12 02:20:00,0.084
2024-02-12 02:30:00,0.3043
2024-02-12 02:40:00,0.1277
2024-02-12 02:50:00,0.0914
2024-02-12 03:00:00,0.05
2024-02-12 03:10:00,0.201
2024-02-12 03:20:00,0.1826
2024-02-12 03:30:00,0.0735
2024-02-12 03:40:00,0.1594
2024-02-12 03:50:00,0.0694
2024-02-12 04:00:00,0.2958
2024-02-12 04:10:00,0.4222
2024-02-12 04:20:00,0.6415
2024-02-12 04:30:00,0.5754
2024-02-12 04:40:00,0.6793
2024-02-12 04:50:00,0.8654
2024-02-12 05:00:00,0.9949
2024-02-12 05:10:00,1.3804
2024-02-12 05:20:00,1.5731
2024-02-12 05:30:00,1.6515
2024-02-12 05:40:00,1.8975
2024-02-12 05:50:00,1.9776
2024-02-12 06:00:00,2.1156
2024-02-12 06:10:00,2.2379
2024-02-12 06:20:00,2.3622
2024-02-12 06:30:00,2.3634
2024-02-12 06:40:00,2.5832
2024-02-12 06:50:00,2.6063
2024-02-12 07:00:00,2.6879
2024-02-12 07:10:00,2.6256
2024-02-12 07:20:00,2.5667
2024-02-12 07:30:00,2.445
2024-02-12 07:40:00,2.4314
2024-02-12 07:50:00,2.375
2024-02-12 08:00:00,2.0979
2024-02-12 08:10:00,2.0571
2024-02-12 08:20:00,1.9212
2024-02-12 08:30:00,1.6934
2024-02-12 08:40:00,1.5519
2024-02-12 08:50:00,1.469
2024-02-12 09:00:00,1.2179
2024-02-12 09:10:00,1.2035
2024-02-12 09:20:00,0.9814
2024-02-12 09:30:00,1.0273
2024-02-12 09:40:00,1.031
2024-02-12 09:50:00,0.6891
2024-02-12 10:00:00,0.7268
2024-02-12 10:10:00,0.5633
2024-02-12 10:20:00,0.6526
2024-02-12 10:30:00,0.4252
2024-02-12 10:40:00,0.5301
2024-02-12 10:50:00,0.3942
2024-02-12 11:00:00,0.4257
2024-02-12 11:10:00,0.3429
2024-02-12 11:20:00,0.4782
2024-02-12 11:30:00,0.3357
2024-02-12 11:40:00,0.4396
2024-02-12 11:50:00,0.3626
2024-02-12 12:00:00,0.3771
2024-02-12 12:10:00,0.3954
2024-02-12 12:20:00,0.3207
2024-02-12 12:30:00,0.3971
2024-02-12 12:40:00,0.5018
2024-02-12 12:50:00,0.3165
2024-02-12 13:00:00,0.472
2024-02-12 13:10:00,0.4979
2024-02-12 13:20:00,0.3125
2024-02-12 13:30:00,0.2613
2024-02-12 13:40:00,0.4018
2024-02-12 13:50:00,0.3339
2024-02-12 14:00:00,0.5272
2024-02-12 14:10:00,0.3806
2024-02-12 14:20:00,0.3138
2024-02-12 14:30:00,0.2866
2024-02-12 14:40:00,0.4661
2024-02-12 14:50:00,0.334
2024-02-12 15:00:00,0.3845
2024-02-12 15:10:00,0.4595
2024-02-12 15:20:00,0.3473
2024-02-12 15:30:00,0.3867
2024-02-12 15:40:00,0.3953
2024-02-12 15:50:00,0.4601
2024-02-12 16:00:00,0.4646
2024-02-12 16:10:00,0.4157
2024-02-12 16:20:00,0.4593
2024-02-12 16:30:00,0.4512
2024-02-12 16:40:00,0.3961
2024-02-12 16:50:00,0.5757
2024-02-12 17:00:00,0.7548
2024-02-12 17:10:00,0.5889
2024-02-12 17:20:00,0.661
2024-02-12 17:30:00,0.7227
2024-02-12 17:40:00,0.9242
2024-02-12 17:50:00,0.9782
2024-02-12 18:00:00,1.0051
2024-02-12 18:10:00,1.016
2024-02-12 18:20:00,1.1614
2024-02-12 18:30:00,1.0831
2024-02-12 18:40:00,1.2608
2024-02-12 18:50:00,1.3446
2024-02-12 19:00:00,1.1835
2024-02-12 19:10:00,1.1523
2024-02-12 19:20:00,1.3756
2024-02-12 19:30:00,1.1593
2024-02-12 19:40:00,1.2449
2024-02-12 19:50:00,1.0771
2024-02-12 20:00:00,1.0048
2024-02-12 20:10:00,0.9774
2024-02-12 20:20:00,0.7955
2024-02-12 20:30:00,0.8029
2024-02-12 20:40:00,0.6924
2024-02-12 20:50:00,0.5539
2024-02-12 21:00:00,0.6305
2024-02-12 21:10:00,0.534
2024-02-12 21:20:00,0.5018
2024-02-12 21:30:00,0.3841
2024-02-12 21:40:00,0.5815
2024-02-12 21:50:00,0.5035
2024-02-12 22:00:00,0.4945
2024-02-12 22:10:00,0.3809
2024-02-12 22:20:00,0.2583
2024-02-12 22:30:00,0.5466
2024-02-12 22:40:00,0.3811
2024-02-12 22:50:00,0.3231
2024-02-12 23:00:00,0.4144
2024-02-12 23:10:00,0.4731
2024-02-12 23:20:00,0.377
2024-02-12 23:30:00,0.4806
2024-02-12 23:40:00,0.4646
2024-02-12 23:50:00,0.2917
2024-02-13 00:00:00,0.2545
2024-02-13 00:10:00,0.3687
2024-02-13 00:20:00,0.0561
2024-02-13 00:30:00,0.2394
2024-02-13 00:40:00,0.1125
2024-02-13 00:50:00,0.1619
2024-02-13 01:00:00,0.1469
2024-02-13 01:10:00,0.1111
2024-02-13 01:20:00,0.0687
2024-02-13 01:30:00,0.05
2024-02-13 01:40:00,0.2962
2024-02-13 01:50:00,0.2623
2024-02-13 02:00:00,0.05
2024-02-13 02:10:00,0.2395
2024-02-13 02:20:00,0.0809
2024-02-13 02:30:00,0.1232
2024-02-13 02:40:00,0.1078
2024-02-13 02:50:00,0.0601
2024-02-13 03:00:00,0.1916
2024-02-13 03:10:00,0.123
2024-02-13 03:20:00,0.0748
2024-02-13 03:30:00,0.05
2024-02-13 03:40:00,0.05
2024-02-13 03:50:00,0.0582
2024-02-13 04:00:00,0.2811
2024-02-13 04:10:00,0.289
2024-02-13 04:20:00,0.482
2024-02-13 04:30:00,0.7446
2024-02-13 04:40:00,0.8749
2024-02-13 04:50:00,0.9314
2024-02-13 05:00:00,1.0913
2024-02-13 05:10:00,1.4197
2024-02-13 05:20:00,1.4862
2024-02-13 05:30:00,1.5944
2024-02-13 05:40:00,1.6798
2024-02-13 05:50:00,1.992
2024-02-13 06:00:00,2.1826
2024-02-13 06:10:00,2.2066
2024-02-13 06:20:00,2.4025
2024-02-13 06:30:00,2.45
2024-02-13 06:40:00,2.539
2024-02-13 06:50:00,2.402
2024-02-13 07:00:00,2.602
2024-02-13 07:10:00,2.6871
2024-02-13 07:20:00,2.5207
2024-02-13 07:30:00,2.5107
2024-02-13 07:40:00,2.3573
2024-02-13 07:50:00,2.3372
2024-02-13 08:00:00,2.1649
2024-02-13 08:10:00,1.9683
2024-02-13 08:20:00,2.0029
2024-02-13 08:30:00,1.8194
2024-02-13 08:40:00,1.5454
2024-02-13 08:50:00,1.4856
2024-02-13 09:00:00,1.3473
2024-02-13 09:10:00,1.223
2024-02-13 09:20:00,0.914
2024-02-13 09:30:00,1.0198
2024-02-13 09:40:00,0.7956
2024-02-13 09:50:00,0.7269
2024-02-13 10:00:00,0.8929
2024-02-13 10:10:00,0.6436
2024-02-13 10:20:00,0.5365
2024-02-13 10:30:00,0.3483
2024-02-13 10:40:00,0.6013
2024-02-13 10:50:00,0.3549
2024-02-13 11:00:00,0.3605
2024-02-13 11:10:00,0.3974
2024-02-13 11:20:00,0.5244
2024-02-13 11:30:00,0.4632
2024-02-13 11:40:00,0.3815
2024-02-13 11:50:00,0.4135
2024-02-13 12:00:00,0.337
2024-02-13 12:10:00,0.3935
2024-02-13 12:20:00,0.3862
2024-02-13 12:30:00,0.4565
2024-02-13 12:40:00,0.4555
2024-02-13 12:50:00,0.417
2024-02-13 13:00:00,0.3481
2024-02-13 13:10:00,0.4361
2024-02-13 13:20:00,0.3693
2024-02-13 13:30:00,0.29
2024-02-13 13:40:00,0.3442
2024-02-13 13:50:00,0.3832
2024-02-13 14:00:00,0.4493
2024-02-13 14:10:00,0.3619
2024-02-13 14:20:00,0.28
2024-02-13 14:30:00,0.3816
2024-02-13 14:40:00,0.3867
2024-02-13 14:50:00,0.3933
2024-02-13 15:00:00,0.4534
2024-02-13 15:10:00,0.4633
2024-02-13 15:20:00,0.3372
2024-02-13 15:30:00,0.3398
2024-02-13 15:40:00,0.3121
2024-02-13 15:50:00,0.46
2024-02-13 16:00:00,0.5319
2024-02-13 16:10:00,0.4067
2024-02-13 16:20:00,0.4334
2024-02-13 16:30:00,0.5967
2024-02-13 16:40:00,0.5531
2024-02-13 16:50:00,0.5881
2024-02-13 17:00:00,0.5062
2024-02-13 17:10:00,0.7117
2024-02-13 17:20:00,0.6462
2024-02-13 17:30:00,0.699
2024-02-13 17:40:00,0.8357
2024-02-13 17:50:00,0.8924
2024-02-13 18:00:00,0.9967
2024-02-13 18:10:00,0.9706
2024-02-13 18:20:00,1.227
2024-02-13 18:30:00,1.2945
2024-02-13 18:40:00,1.0894
2024-02-13 18:50:00,1.349
2024-02-13 19:00:00,1.2146
2024-02-13 19:10:00,1.3393
2024-02-13 19:20:00,1.2397
2024-02-13 19:30:00,1.2066
2024-02-13 19:40:00,1.1354
2024-02-13 19:50:00,1.1829
2024-02-13 20:00:00,0.9153
2024-02-13 20:10:00,0.9879
2024-02-13 20:20:00,0.9515
2024-02-13 20:30:00,0.8471
2024-02-13 20:40:00,0.9065
2024-02-13 20:50:00,0.6151
2024-02-13 21:00:00,0.6781
2024-02-13 21:10:00,0.5447
2024-02-13 21:20:00,0.6113
2024-02-13 21:30:00,0.4788
2024-02-13 21:40:00,0.4217
2024-02-13 21:50:00,0.5364
2024-02-13 22:00:00,0.3766
2024-02-13 22:10:00,0.291
2024-02-13 22:20:00,0.354
2024-02-13 22:30:00,0.4387
2024-02-13 22:40:00,0.4961
2024-02-13 22:50:00,0.3907
2024-02-13 23:00:00,0.4852
2024-02-13 23:10:00,0.2698
2024-02-13 23:20:00,0.3422
2024-02-13 23:30:00,0.354
2024-02-13 23:40:00,0.3676
2024-02-13 23:50:00,0.3833
2024-02-14 00:00:00,0.3627
2024-02-14 00:10:00,0.2555
2024-02-14 00:20:00,0.2833
2024-02-14 00:30:00,0.2469
2024-02-14 00:40:00,0.1521
2024-02-14 00:50:00,0.1902
2024-02-14 01:00:00,0.1587
2024-02-14 01:10:00,0.1261
2024-02-14 01:20:00,0.1151
2024-02-14 01:30:00,0.1186
2024-02-14 01:40:00,0.0779
2024-02-14 01:50:00,0.2143
2024-02-14 02:00:00,0.05
2024-02-14 02:10:00,0.0548
2024-02-14 02:20:00,0.3349
2024-02-14 02:30:00,0.05
2024-02-14 02:40:00,0.05
2024-02-14 02:50:00,0.1713
2024-02-14 03:00:00,0.05
2024-02-14 03:10:00,0.0937
2024-02-14 03:20:00,0.2842
2024-02-14 03:30:00,0.05
2024-02-14 03:40:00,0.05
2024-02-14 03:50:00,0.0689
2024-02-14 04:00:00,0.351
2024-02-14 04:10:00,0.4735
2024-02-14 04:20:00,0.4606
2024-02-14 04:30:00,0.6875
2024-02-14 04:40:00,0.8876
2024-02-14 04:50:00,1.0739
2024-02-14 05:00:00,1.0749
2024-02-14 05:10:00,1.081
2024-02-14 05:20:00,1.374
2024-02-14 05:30:00,1.581
2024-02-14 05:40:00,1.7672
2024-02-14 05:50:00,1.9389
2024-02-14 06:00:00,2.1987
2024-02-14 06:10:00,2.3516
2024-02-14 06:20:00,2.3576
2024-02-14 06:30:00,2.5587
2024-02-14 06:40:00,2.5738
2024-02-14 06:50:00,2.5975
2024-02-14 07:00:00,2.6835
2024-02-14 07:10:00,2.6067
2024-02-14 07:20:00,2.7273
2024-02-14 07:30:00,2.3831
2024-02-14 07:40:00,2.3685
2024-02-14 07:50:00,2.2906
2024-02-14 08:00:00,2.2101
2024-02-14 08:10:00,2.1381
2024-02-14 08:20:00,1.888
2024-02-14 08:30:00,1.6255
2024-02-14 08:40:00,1.6558
2024-02-14 08:50:00,1.5014
2024-02-14 09:00:00,1.1446
2024-02-14 09:10:00,1.1674
2024-02-14 09:20:00,0.9189
2024-02-14 09:30:00,0.8829
2024-02-14 09:40:00,0.7662
2024-02-14 09:50:00,0.8177
2024-02-14 10:00:00,0.6889
2024-02-14 10:10:00,0.5145
2024-02-14 10:20:00,0.6359
2024-02-14 10:30:00,0.4082
2024-02-14 10:40:00,0.5149
2024-02-14 10:50:00,0.3958
2024-02-14 11:00:00,0.4101
2024-02-14 11:10:00,0.4629
2024-02-14 11:20:00,0.4514
2024-02-14 11:30:00,0.507
2024-02-14 11:40:00,0.3863
2024-02-14 11:50:00,0.4121
2024-02-14 12:00:00,0.3487
2024-02-14 12:10:00,0.3956
2024-02-14 12:20:00,0.4142
2024-02-14 12:30:00,0.3699
2024-02-14 12:40:00,0.2325
2024-02-14 12:50:00,0.4027
2024-02-14 13:00:00,0.405
2024-02-14 13:10:00,0.3211
2024-02-14 13:20:00,0.2726
2024-02-14 13:30:00,0.4933
2024-02-14 13:40:00,0.4145
2024-02-14 13:50:00,0.3569
2024-02-14 14:00:00,0.2843
2024-02-14 14:10:00,0.3096
2024-02-14 14:20:00,0.4797
2024-02-14 14:30:00,0.3869
2024-02-14 14:40:00,0.3323
2024-02-14 14:50:00,0.418
2024-02-14 15:00:00,0.3134
2024-02-14 15:10:00,0.5006
2024-02-14 15:20:00,0.4917
2024-02-14 15:30:00,0.3505
2024-02-14 15:40:00,0.3437
2024-02-14 15:50:00,0.1933
2024-02-14 16:00:00,0.2961
2024-02-14 16:10:00,0.3233
2024-02-14 16:20:00,0.4621
2024-02-14 16:30:00,0.4517
2024-02-14 16:40:00,0.4033
2024-02-14 16:50:00,0.5289
2024-02-14 17:00:00,0.6399
2024-02-14 17:10:00,0.6975
2024-02-14 17:20:00,0.5662
2024-02-14 17:30:00,0.7769
2024-02-14 17:40:00,0.7499
2024-02-14 17:50:00,1.0083
2024-02-14 18:00:00,1.0738
2024-02-14 18:10:00,1.0104
2024-02-14 18:20:00,1.0851
2024-02-14 18:30:00,1.1634
2024-02-14 18:40:00,1.0609
2024-02-14 18:50:00,1.2934
2024-02-14 19:00:00,1.2533
2024-02-14 19:10:00,1.3441
2024-02-14 19:20:00,1.1532
2024-02-14 19:30:00,1.1508
2024-02-14 19:40:00,1.0259
2024-02-14 19:50:00,1.0019
2024-02-14 20:00:00,0.9165
2024-02-14 20:10:00,1.0158
2024-02-14 20:20:00,0.8047
2024-02-14 20:30:00,0.7971
2024-02-14 20:40:00,0.6877
2024-02-14 20:50:00,0.5537
2024-02-14 21:00:00,0.586
2024-02-14 21:10:00,0.5993
2024-02-14 21:20:00,0.4143
2024-02-14 21:30:00,0.5425
2024-02-14 21:40:00,0.3833
2024-02-14 21:50:00,0.3918
2024-02-14 22:00:00,0.457
2024-02-14 22:10:00,0.3496
2024-02-14 22:20:00,0.397
2024-02-14 22:30:00,0.3627
2024-02-14 22:40:00,0.3938
2024-02-14 22:50:00,0.1901
2024-02-14 23:00:00,0.2321
2024-02-14 23:10:00,0.4265
2024-02-14 23:20:00,0.4593
2024-02-14 23:30:00,0.303
2024-02-14 23:40:00,0.356
2024-02-14 23:50:00,0.3989
2024-02-15 00:00:00,0.3618
2024-02-15 00:10:00,0.1279
2024-02-15 00:20:00,0.2004
2024-02-15 00:30:00,0.2231
2024-02-15 00:40:00,0.2817
2024-02-15 00:50:00,0.3985
2024-02-15 01:00:00,0.1514
2024-02-15 01:10:00,0.05
2024-02-15 01:20:00,0.1443
2024-02-15 01:30:00,0.2178
2024-02-15 01:40:00,0.1208
2024-02-15 01:50:00,0.05
2024-02-15 02:00:00,0.1888
2024-02-15 02:10:00,0.1652
2024-02-15 02:20:00,0.05
2024-02-15 02:30:00,0.1426
2024-02-15 02:40:00,0.1919
2024-02-15 02:50:00,0.2067
2024-02-15 03:00:00,0.1068
2024-02-15 03:10:00,0.0835
2024-02-15 03:20:00,0.2103
2024-02-15 03:30:00,0.05
2024-02-15 03:40:00,0.1472
2024-02-15 03:50:00,0.0786
2024-02-15 04:00:00,0.3634
2024-02-15 04:10:00,0.3615
2024-02-15 04:20:00,0.6013
2024-02-15 04:30:00,0.67
2024-02-15 04:40:00,0.6759
2024-02-15 04:50:00,1.0417
2024-02-15 05:00:00,1.2149
2024-02-15 05:10:00,1.3314
2024-02-15 05:20:00,1.3739
2024-02-15 05:30:00,1.5852
2024-02-15 05:40:00,1.7935
2024-02-15 05:50:00,1.891
2024-02-15 06:00:00,2.2374
2024-02-15 06:10:00,2.2535
2024-02-15 06:20:00,2.147
2024-02-15 06:30:00,2.4896
2024-02-15 06:40:00,2.5087
2024-02-15 06:50:00,2.5775
2024-02-15 07:00:00,2.5726
2024-02-15 07:10:00,2.6566
2024-02-15 07:20:00,2.6436
2024-02-15 07:30:00,2.5123
2024-02-15 07:40:00,2.3744
2024-02-15 07:50:00,2.2896
2024-02-15 08:00:00,2.1691
2024-02-15 08:10:00,1.9655
2024-02-15 08:20:00,1.9299
2024-02-15 08:30:00,1.7702
2024-02-15 08:40:00,1.7063
2024-02-15 08:50:00,1.5365
2024-02-15 09:00:00,1.2407
2024-02-15 09:10:00,1.2294
2024-02-15 09:20:00,0.9664
2024-02-15 09:30:00,0.9886
2024-02-15 09:40:00,0.7942
2024-02-15 09:50:00,0.6686
2024-02-15 10:00:00,0.6997
2024-02-15 10:10:00,0.4013
2024-02-15 10:20:00,0.4235
2024-02-15 10:30:00,0.507
2024-02-15 10:40:00,0.4934
2024-02-15 10:50:00,0.4298
2024-02-15 11:00:00,0.3115
2024-02-15 11:10:00,0.3557
2024-02-15 11:20:00,0.4396
2024-02-15 11:30:00,0.4452
2024-02-15 11:40:00,0.3902
2024-02-15 11:50:00,0.4788
2024-02-15 12:00:00,0.4142
2024-02-15 12:10:00,0.3199
2024-02-15 12:20:00,0.3554
2024-02-15 12:30:00,0.2642
2024-02-15 12:40:00,0.3669
2024-02-15 12:50:00,0.4639
2024-02-15 13:00:00,0.4293
2024-02-15 13:10:00,0.4864
2024-02-15 13:20:00,0.3498
2024-02-15 13:30:00,0.4817
2024-02-15 13:40:00,0.3585
2024-02-15 13:50:00,0.4916
2024-02-15 14:00:00,0.3722
2024-02-15 14:10:00,0.4306
2024-02-15 14:20:00,0.4923
2024-02-15 14:30:00,0.3591
2024-02-15 14:40:00,0.3926
2024-02-15 14:50:00,0.479
2024-02-15 15:00:00,0.3666
2024-02-15 15:10:00,0.2736
2024-02-15 15:20:00,0.5536
2024-02-15 15:30:00,0.3489
2024-02-15 15:40:00,0.4054
2024-02-15 15:50:00,0.4938
2024-02-15 16:00:00,0.3645
2024-02-15 16:10:00,0.3484
2024-02-15 16:20:00,0.47
2024-02-15 16:30:00,0.3327
2024-02-15 16:40:00,0.4862
2024-02-15 16:50:00,0.5691
2024-02-15 17:00:00,0.5758
2024-02-15 17:10:00,0.5295
2024-02-15 17:20:00,0.8432
2024-02-15 17:30:00,0.7927
2024-02-15 17:40:00,0.9721
2024-02-15 17:50:00,0.9122
2024-02-15 18:00:00,0.9373
2024-02-15 18:10:00,1.1001
2024-02-15 18:20:00,1.1253
2024-02-15 18:30:00,1.102
2024-02-15 18:40:00,1.3544
2024-02-15 18:50:00,1.2124
2024-02-15 19:00:00,1.1236
2024-02-15 19:10:00,1.3684
2024-02-15 19:20:00,1.1965
2024-02-15 19:30:00,1.1476
2024-02-15 19:40:00,1.0013
2024-02-15 19:50:00,1.2179
2024-02-15 20:00:00,0.9045
2024-02-15 20:10:00,0.9376
2024-02-15 20:20:00,0.9306
2024-02-15 20:30:00,0.8182
2024-02-15 20:40:00,0.7109
2024-02-15 20:50:00,0.5169
2024-02-15 21:00:00,0.5327
2024-02-15 21:10:00,0.5645
2024-02-15 21:20:00,0.4462
2024-02-15 21:30:00,0.4924
2024-02-15 21:40:00,0.5042
2024-02-15 21:50:00,0.506
2024-02-15 22:00:00,0.3151
2024-02-15 22:10:00,0.5771
2024-02-15 22:20:00,0.4541
2024-02-15 22:30:00,0.3864
2024-02-15 22:40:00,0.4694
2024-02-15 22:50:00,0.5685
2024-02-15 23:00:00,0.2621
2024-02-15 23:10:00,0.3579
2024-02-15 23:20:00,0.1848
2024-02-15 23:30:00,0.39
2024-02-15 23:40:00,0.4035
2024-02-15 23:50:00,0.3709
2024-02-16 00:00:00,0.2529
2024-02-16 00:10:00,0.1252
2024-02-16 00:20:00,0.3002
2024-02-16 00:30:00,0.3653
2024-02-16 00:40:00,0.1774
2024-02-16 00:50:00,0.2332
2024-02-16 01:00:00,0.05
2024-02-16 01:10:00,0.1749
2024-02-16 01:20:00,0.0803
2024-02-16 01:30:00,0.0507
2024-02-16 01:40:00,0.0509
2024-02-16 01:50:00,0.0803
2024-02-16 02:00:00,0.1423
2024-02-16 02:10:00,0.05
2024-02-16 02:20:00,0.08
2024-02-16 02:30:00,0.1084
2024-02-16 02:40:00,0.05
2024-02-16 02:50:00,0.2555
2024-02-16 03:00:00,0.05
2024-02-16 03:10:00,0.0582
2024-02-16 03:20:00,0.05
2024-02-16 03:30:00,0.2556
2024-02-16 03:40:00,0.156
2024-02-16 03:50:00,0.1126
2024-02-16 04:00:00,0.3657
2024-02-16 04:10:00,0.3969
2024-02-16 04:20:00,0.5187
2024-02-16 04:30:00,0.6009
2024-02-16 04:40:00,0.7111
2024-02-16 04:50:00,0.9515
2024-02-16 05:00:00,1.0435
2024-02-16 05:10:00,1.4017
2024-02-16 05:20:00,1.3283
2024-02-16 05:30:00,1.727
2024-02-16 05:40:00,1.7667
2024-02-16 05:50:00,1.9645
2024-02-16 06:00:00,2.1614
2024-02-16 06:10:00,2.1838
2024-02-16 06:20:00,2.4242
2024-02-16 06:30:00,2.2373
2024-02-16 06:40:00,2.4701
2024-02-16 06:50:00,2.5006
2024-02-16 07:00:00,2.4928
2024-02-16 07:10:00,2.5658
2024-02-16 07:20:00,2.576
2024-02-16 07:30:00,2.5372
2024-02-16 07:40:00,2.4124
2024-02-16 07:50:00,2.2317
2024-02-16 08:00:00,2.1896
2024-02-16 08:10:00,2.0326
2024-02-16 08:20:00,1.9519
2024-02-16 08:30:00,1.7895
2024-02-16 08:40:00,1.58
2024-02-16 08:50:00,1.3593
2024-02-16 09:00:00,1.2388
2024-02-16 09:10:00,1.1158
2024-02-16 09:20:00,1.0137
2024-02-16 09:30:00,0.9511
2024-02-16 09:40:00,0.8899
2024-02-16 09:50:00,0.7438
2024-02-16 10:00:00,0.6762
2024-02-16 10:10:00,0.6246
2024-02-16 10:20:00,0.5204
2024-02-16 10:30:00,0.4453
2024-02-16 10:40:00,0.3447
2024-02-16 10:50:00,0.4022
2024-02-16 11:00:00,0.4742
2024-02-16 11:10:00,0.3634
2024-02-16 11:20:00,0.3879
2024-02-16 11:30:00,0.4346
2024-02-16 11:40:00,0.4318
2024-02-16 11:50:00,0.2985
2024-02-16 12:00:00,0.4609
2024-02-16 12:10:00,0.4686
2024-02-16 12:20:00,0.2861
2024-02-16 12:30:00,0.3093
2024-02-16 12:40:00,0.4695
2024-02-16 12:50:00,0.3619
2024-02-16 13:00:00,0.1956
2024-02-16 13:10:00,0.261
2024-02-16 13:20:00,0.3528
2024-02-16 13:30:00,0.2796
2024-02-16 13:40:00,0.3396
2024-02-16 13:50:00,0.3752
2024-02-16 14:00:00,0.4896
2024-02-16 14:10:00,0.3495
2024-02-16 14:20:00,0.4588
2024-02-16 14:30:00,0.4876
2024-02-16 14:40:00,0.4885
2024-02-16 14:50:00,0.3974
2024-02-16 15:00:00,0.2189
2024-02-16 15:10:00,0.4148
2024-02-16 15:20:00,0.4647
2024-02-16 15:30:00,0.3787
2024-02-16 15:40:00,0.5309
2024-02-16 15:50:00,0.4687
2024-02-16 16:00:00,0.4572
2024-02-16 16:10:00,0.5144
2024-02-16 16:20:00,0.4748
2024-02-16 16:30:00,0.2751
2024-02-16 16:40:00,0.4675
2024-02-16 16:50:00,0.6434
2024-02-16 17:00:00,0.5308
2024-02-16 17:10:00,0.6329
2024-02-16 17:20:00,0.6296
2024-02-16 17:30:00,0.9245
2024-02-16 17:40:00,0.9892
2024-02-16 17:50:00,0.859
2024-02-16 18:00:00,1.0159
2024-02-16 18:10:00,1.0204
2024-02-16 18:20:00,1.1878
2024-02-16 18:30:00,1.2328
2024-02-16 18:40:00,1.2975
2024-02-16 18:50:00,1.2844
2024-02-16 19:00:00,1.5012
2024-02-16 19:10:00,1.1756
2024-02-16 19:20:00,1.0957
2024-02-16 19:30:00,1.1606
2024-02-16 19:40:00,1.0131
2024-02-16 19:50:00,0.9555
2024-02-16 20:00:00,0.9241
2024-02-16 20:10:00,0.8559
2024-02-16 20:20:00,0.7783
2024-02-16 20:30:00,0.8232
2024-02-16 20:40:00,0.6727
2024-02-16 20:50:00,0.6364
2024-02-16 21:00:00,0.6669
2024-02-16 21:10:00,0.4863
2024-02-16 21:20:00,0.4863
2024-02-16 21:30:00,0.5038
2024-02-16 21:40:00,0.2928
2024-02-16 21:50:00,0.2367
2024-02-16 22:00:00,0.4394
2024-02-16 22:10:00,0.4393
2024-02-16 22:20:00,0.5565
2024-02-16 22:30:00,0.3978
2024-02-16 22:40:00,0.4464
2024-02-16 22:50:00,0.3623
2024-02-16 23:00:00,0.3997
2024-02-16 23:10:00,0.508
2024-02-16 23:20:00,0.2039
2024-02-16 23:30:00,0.4063
2024-02-16 23:40:00,0.5438
2024-02-16 23:50:00,0.3953
2024-02-17 00:00:00,0.5275
2024-02-17 00:10:00,0.3242
2024-02-17 00:20:00,0.3476
2024-02-17 00:30:00,0.325
2024-02-17 00:40:00,0.1136
2024-02-17 00:50:00,0.163
2024-02-17 01:00:00,0.1312
2024-02-17 01:10:00,0.2449
2024-02-17 01:20:00,0.2145
2024-02-17 01:30:00,0.1707
2024-02-17 01:40:00,0.2107
2024-02-17 01:50:00,0.1316
2024-02-17 02:00:00,0.2409
2024-02-17 02:10:00,0.1455
2024-02-17 02:20:00,0.1494
2024-02-17 02:30:00,0.1235
2024-02-17 02:40:00,0.1995
2024-02-17 02:50:00,0.1111
2024-02-17 03:00:00,0.2229
2024-02-17 03:10:00,0.0542
2024-02-17 03:20:00,0.0568
2024-02-17 03:30:00,0.1997
2024-02-17 03:40:00,0.1377
2024-02-17 03:50:00,0.2066
2024-02-17 04:00:00,0.4304
2024-02-17 04:10:00,0.4448
2024-02-17 04:20:00,0.6293
2024-02-17 04:30:00,0.9261
2024-02-17 04:40:00,1.122
2024-02-17 04:50:00,1.3234
2024-02-17 05:00:00,1.3856
2024-02-17 05:10:00,1.726
2024-02-17 05:20:00,1.7763
2024-02-17 05:30:00,2.0054
2024-02-17 05:40:00,2.1121
2024-02-17 05:50:00,2.6476
2024-02-17 06:00:00,2.6444
2024-02-17 06:10:00,2.8841
2024-02-17 06:20:00,2.9779
2024-02-17 06:30:00,3.2343
2024-02-17 06:40:00,3.2444
2024-02-17 06:50:00,3.2307
2024-02-17 07:00:00,3.3944
2024-02-17 07:10:00,3.2314
2024-02-17 07:20:00,3.23
2024-02-17 07:30:00,3.0453
2024-02-17 07:40:00,2.9862
2024-02-17 07:50:00,2.9742
2024-02-17 08:00:00,2.641
2024-02-17 08:10:00,2.5017
2024-02-17 08:20:00,2.4313
2024-02-17 08:30:00,2.1941
2024-02-17 08:40:00,2.2029
2024-02-17 08:50:00,2.0006
2024-02-17 09:00:00,1.603
2024-02-17 09:10:00,1.5469
2024-02-17 09:20:00,1.4057
2024-02-17 09:30:00,1.1565
2024-02-17 09:40:00,0.959
2024-02-17 09:50:00,0.9678
2024-02-17 10:00:00,0.8604
2024-02-17 10:10:00,0.7594
2024-02-17 10:20:00,0.763
2024-02-17 10:30:00,0.6127
2024-02-17 10:40:00,0.5363
2024-02-17 10:50:00,0.6018
2024-02-17 11:00:00,0.5961
2024-02-17 11:10:00,0.4495
2024-02-17 11:20:00,0.6013
2024-02-17 11:30:00,0.373
2024-02-17 11:40:00,0.4591
2024-02-17 11:50:00,0.478
2024-02-17 12:00:00,0.4428
2024-02-17 12:10:00,0.445
2024-02-17 12:20:00,0.6374
2024-02-17 12:30:00,0.4179
2024-02-17 12:40:00,0.6801
2024-02-17 12:50:00,0.519
2024-02-17 13:00:00,0.4908
2024-02-17 13:10:00,0.5212
2024-02-17 13:20:00,0.6853
2024-02-17 13:30:00,0.4033
2024-02-17 13:40:00,0.3931
2024-02-17 13:50:00,0.4223
2024-02-17 14:00:00,0.4853
2024-02-17 14:10:00,0.3448
2024-02-17 14:20:00,0.4849
2024-02-17 14:30:00,0.619
2024-02-17 14:40:00,0.4963
2024-02-17 14:50:00,0.4619
2024-02-17 15:00:00,0.4375
2024-02-17 15:10:00,0.5614
2024-02-17 15:20:00,0.4273
2024-02-17 15:30:00,0.6467
2024-02-17 15:40:00,0.6616
2024-02-17 15:50:00,0.5386
2024-02-17 16:00:00,0.5325
2024-02-17 16:10:00,0.6363
2024-02-17 16:20:00,0.6681
2024-02-17 16:30:00,0.5502
2024-02-17 16:40:00,0.6152
2024-02-17 16:50:00,0.6036
2024-02-17 17:00:00,0.804
2024-02-17 17:10:00,0.8963
2024-02-17 17:20:00,0.8159
2024-02-17 17:30:00,0.9762
2024-02-17 17:40:00,0.9993
2024-02-17 17:50:00,1.1324
2024-02-17 18:00:00,1.3449
2024-02-17 18:10:00,1.3337
2024-02-17 18:20:00,1.4508
2024-02-17 18:30:00,1.414
2024-02-17 18:40:00,1.6116
2024-02-17 18:50:00,1.6258
2024-02-17 19:00:00,1.5822
2024-02-17 19:10:00,1.6142
2024-02-17 19:20:00,1.6111
2024-02-17 19:30:00,1.479
2024-02-17 19:40:00,1.3568
2024-02-17 19:50:00,1.5368
2024-02-17 20:00:00,1.2501
2024-02-17 20:10:00,1.1966
2024-02-17 20:20:00,1.188
2024-02-17 20:30:00,1.295
2024-02-17 20:40:00,0.8243
2024-02-17 20:50:00,0.8789
2024-02-17 21:00:00,0.7146
2024-02-17 21:10:00,0.6663
2024-02-17 21:20:00,0.5997
2024-02-17 21:30:00,0.5246
2024-02-17 21:40:00,0.5772
2024-02-17 21:50:00,0.4358
2024-02-17 22:00:00,0.6091
2024-02-17 22:10:00,0.5225
2024-02-17 22:20:00,0.5407
2024-02-17 22:30:00,0.4617
2024-02-17 22:40:00,0.464
2024-02-17 22:50:00,0.5125
2024-02-17 23:00:00,0.3938
2024-02-17 23:10:00,0.4566
2024-02-17 23:20:00,0.4154
2024-02-17 23:30:00,0.4123
2024-02-17 23:40:00,0.3143
2024-02-17 23:50:00,0.59
2024-02-18 00:00:00,0.3391
2024-02-18 00:10:00,0.4662
2024-02-18 00:20:00,0.4344
2024-02-18 00:30:00,0.2183
2024-02-18 00:40:00,0.2029
2024-02-18 00:50:00,0.4604
2024-02-18 01:00:00,0.3583
2024-02-18 01:10:00,0.176
2024-02-18 01:20:00,0.1648
2024-02-18 01:30:00,0.0938
2024-02-18 01:40:00,0.1788
2024-02-18 01:50:00,0.0869
2024-02-18 02:00:00,0.05
2024-02-18 02:10:00,0.05
2024-02-18 02:20:00,0.1459
2024-02-18 02:30:00,0.0537
2024-02-18 02:40:00,0.1388
2024-02-18 02:50:00,0.0583
2024-02-18 03:00:00,0.0816
2024-02-18 03:10:00,0.2125
2024-02-18 03:20:00,0.164
2024-02-18 03:30:00,0.1435
2024-02-18 03:40:00,0.2145
2024-02-18 03:50:00,0.2805
2024-02-18 04:00:00,0.4736
2024-02-18 04:10:00,0.4548
2024-02-18 04:20:00,0.6086
2024-02-18 04:30:00,0.7071
2024-02-18 04:40:00,0.9609
2024-02-18 04:50:00,1.2705
2024-02-18 05:00:00,1.5071
2024-02-18 05:10:00,1.6985
2024-02-18 05:20:00,1.702
2024-02-18 05:30:00,2.1571
2024-02-18 05:40:00,2.1448
2024-02-18 05:50:00,2.5766
2024-02-18 06:00:00,2.6743
2024-02-18 06:10:00,2.9399
2024-02-18 06:20:00,2.9331
2024-02-18 06:30:00,3.2609
2024-02-18 06:40:00,3.1454
2024-02-18 06:50:00,3.2696
2024-02-18 07:00:00,3.2671
2024-02-18 07:10:00,3.1936
2024-02-18 07:20:00,3.2926
2024-02-18 07:30:00,3.3468
2024-02-18 07:40:00,3.3023
2024-02-18 07:50:00,2.957
2024-02-18 08:00:00,2.8773
2024-02-18 08:10:00,2.6293
2024-02-18 08:20:00,2.4626
2024-02-18 08:30:00,2.2022
2024-02-18 08:40:00,2.0518
2024-02-18 08:50:00,1.8902
2024-02-18 09:00:00,1.6201
2024-02-18 09:10:00,1.4907
2024-02-18 09:20:00,1.3363
2024-02-18 09:30:00,1.2661
2024-02-18 09:40:00,0.9894
2024-02-18 09:50:00,0.9611
2024-02-18 10:00:00,1.0241
2024-02-18 10:10:00,0.8845
2024-02-18 10:20:00,0.8329
2024-02-18 10:30:00,0.6723
2024-02-18 10:40:00,0.6518
2024-02-18 10:50:00,0.6711
2024-02-18 11:00:00,0.688
2024-02-18 11:10:00,0.3855
2024-02-18 11:20:00,0.42
2024-02-18 11:30:00,0.6176
2024-02-18 11:40:00,0.4814
2024-02-18 11:50:00,0.4431
2024-02-18 12:00:00,0.3916
2024-02-18 12:10:00,0.444
2024-02-18 12:20:00,0.3738
2024-02-18 12:30:00,0.6515
2024-02-18 12:40:00,0.4813
2024-02-18 12:50:00,0.4776
2024-02-18 13:00:00,0.5288
2024-02-18 13:10:00,0.5584
2024-02-18 13:20:00,0.5568
2024-02-18 13:30:00,0.5669
2024-02-18 13:40:00,0.4305
2024-02-18 13:50:00,0.4571
2024-02-18 14:00:00,0.5425
2024-02-18 14:10:00,0.4389
2024-02-18 14:20:00,0.481
2024-02-18 14:30:00,0.5137
2024-02-18 14:40:00,0.5453
2024-02-18 14:50:00,0.3413
2024-02-18 15:00:00,0.5424
2024-02-18 15:10:00,0.4691
2024-02-18 15:20:00,0.5482
2024-02-18 15:30:00,0.5593
2024-02-18 15:40:00,0.6337
2024-02-18 15:50:00,0.6245
2024-02-18 16:00:00,0.6392
2024-02-18 16:10:00,0.6673
2024-02-18 16:20:00,0.6017
2024-02-18 16:30:00,0.615
2024-02-18 16:40:00,0.7248
2024-02-18 16:50:00,0.7654
2024-02-18 17:00:00,0.7437
2024-02-18 17:10:00,0.8723
2024-02-18 17:20:00,0.9177
2024-02-18 17:30:00,0.9407
2024-02-18 17:40:00,1.2064
2024-02-18 17:50:00,1.2044
2024-02-18 18:00:00,1.46
2024-02-18 18:10:00,1.2573
2024-02-18 18:20:00,1.425
2024-02-18 18:30:00,1.5412
2024-02-18 18:40:00,1.6819
2024-02-18 18:50:00,1.6554
2024-02-18 19:00:00,1.6594
2024-02-18 19:10:00,1.5333
2024-02-18 19:20:00,1.4983
2024-02-18 19:30:00,1.5644
2024-02-18 19:40:00,1.3604
2024-02-18 19:50:00,1.3448
2024-02-18 20:00:00,1.3362
2024-02-18 20:10:00,1.1214
2024-02-18 20:20:00,1.2316
2024-02-18 20:30:00,1.1069
2024-02-18 20:40:00,0.7948
2024-02-18 20:50:00,0.7653
2024-02-18 21:00:00,0.5856
2024-02-18 21:10:00,0.6442
2024-02-18 21:20:00,0.7163
2024-02-18 21:30:00,0.5794
2024-02-18 21:40:00,0.6153
2024-02-18 21:50:00,0.43
2024-02-18 22:00:00,0.5953
2024-02-18 22:10:00,0.4718
2024-02-18 22:20:00,0.5061
2024-02-18 22:30:00,0.4897
2024-02-18 22:40:00,0.3899
2024-02-18 22:50:00,0.3955
2024-02-18 23:00:00,0.5626
2024-02-18 23:10:00,0.5155
2024-02-18 23:20:00,0.5665
2024-02-18 23:30:00,0.5077
2024-02-18 23:40:00,0.4928
2024-02-18 23:50:00,0.343
2024-02-19 00:00:00,0.2804
2024-02-19 00:10:00,0.2838
2024-02-19 00:20:00,0.4236
2024-02-19 00:30:00,0.3011
2024-02-19 00:40:00,0.3451
2024-02-19 00:50:00,0.2436
2024-02-19 01:00:00,0.1103
2024-02-19 01:10:00,0.1462
2024-02-19 01:20:00,0.1294
2024-02-19 01:30:00,0.05
2024-02-19 01:40:00,0.0798
2024-02-19 01:50:00,0.0941
2024-02-19 02:00:00,0.239
2024-02-19 02:10:00,0.05
2024-02-19 02:20:00,0.207
2024-02-19 02:30:00,0.05
2024-02-19 02:40:00,0.05
2024-02-19 02:50:00,0.2049
2024-02-19 03:00:00,0.1691
2024-02-19 03:10:00,0.2109
2024-02-19 03:20:00,0.1746
2024-02-19 03:30:00,0.2753
2024-02-19 03:40:00,0.1552
2024-02-19 03:50:00,0.173
2024-02-19 04:00:00,0.3017
2024-02-19 04:10:00,0.4762
2024-02-19 04:20:00,0.4304
2024-02-19 04:30:00,0.5696
2024-02-19 04:40:00,0.738
2024-02-19 04:50:00,0.7462
2024-02-19 05:00:00,1.0864
2024-02-19 05:10:00,1.092
2024-02-19 05:20:00,1.4186
2024-02-19 05:30:00,1.656
2024-02-19 05:40:00,1.7183
2024-02-19 05:50:00,2.0538
2024-02-19 06:00:00,1.9553
2024-02-19 06:10:00,2.3054
2024-02-19 06:20:00,2.3837
2024-02-19 06:30:00,2.2901
2024-02-19 06:40:00,2.7173
2024-02-19 06:50:00,2.5417
2024-02-19 07:00:00,2.4949
2024-02-19 07:10:00,2.4426
2024-02-19 07:20:00,2.5001
2024-02-19 07:30:00,2.444
2024-02-19 07:40:00,2.3756
2024-02-19 07:50:00,2.2365
2024-02-19 08:00:00,2.1874
2024-02-19 08:10:00,1.9698
2024-02-19 08:20:00,1.702
2024-02-19 08:30:00,1.6968
2024-02-19 08:40:00,1.3711
2024-02-19 08:50:00,1.444
2024-02-19 09:00:00,1.1988
2024-02-19 09:10:00,1.1603
2024-02-19 09:20:00,1.1328
2024-02-19 09:30:00,0.8438
2024-02-19 09:40:00,0.9086
2024-02-19 09:50:00,0.7051
2024-02-19 10:00:00,0.8079
2024-02-19 10:10:00,0.5773
2024-02-19 10:20:00,0.4884
2024-02-19 10:30:00,0.5687
2024-02-19 10:40:00,0.445
2024-02-19 10:50:00,0.3855
2024-02-19 11:00:00,0.3934
2024-02-19 11:10:00,0.4115
2024-02-19 11:20:00,0.5099
2024-02-19 11:30:00,0.2383
2024-02-19 11:40:00,0.3878
2024-02-19 11:50:00,0.4307
2024-02-19 12:00:00,0.3925
2024-02-19 12:10:00,0.4791
2024-02-19 12:20:00,0.3665
2024-02-19 12:30:00,0.3563
2024-02-19 12:40:00,0.4176
2024-02-19 12:50:00,0.3775
2024-02-19 13:00:00,0.338
2024-02-19 13:10:00,0.4102
2024-02-19 13:20:00,0.3166
2024-02-19 13:30:00,0.3198
2024-02-19 13:40:00,0.3264
2024-02-19 13:50:00,0.4768
2024-02-19 14:00:00,0.111
2024-02-19 14:10:00,0.4004
2024-02-19 14:20:00,0.3717
2024-02-19 14:30:00,0.2348
2024-02-19 14:40:00,0.3945
2024-02-19 14:50:00,0.4086
2024-02-19 15:00:00,0.419
2024-02-19 15:10:00,0.1617
2024-02-19 15:20:00,0.4861
2024-02-19 15:30:00,0.322
2024-02-19 15:40:00,0.442
2024-02-19 15:50:00,0.4549
2024-02-19 16:00:00,0.3372
2024-02-19 16:10:00,0.4757
2024-02-19 16:20:00,0.4125
2024-02-19 16:30:00,0.3037
2024-02-19 16:40:00,0.5954
2024-02-19 16:50:00,0.4797
2024-02-19 17:00:00,0.5206
2024-02-19 17:10:00,0.6115
2024-02-19 17:20:00,0.7273
2024-02-19 17:30:00,0.7687
2024-02-19 17:40:00,0.8893
2024-02-19 17:50:00,0.8125
2024-02-19 18:00:00,0.9339
2024-02-19 18:10:00,1.054
2024-02-19 18:20:00,1.2781
2024-02-19 18:30:00,1.1701
2024-02-19 18:40:00,1.3061
2024-02-19 18:50:00,1.2473
2024-02-19 19:00:00,1.214
2024-02-19 19:10:00,1.2245
2024-02-19 19:20:00,1.2058
2024-02-19 19:30:00,1.2275
2024-02-19 19:40:00,1.2362
2024-02-19 19:50:00,1.092
2024-02-19 20:00:00,1.0883
2024-02-19 20:10:00,0.8425
2024-02-19 20:20:00,0.8123
2024-02-19 20:30:00,0.7154
2024-02-19 20:40:00,0.7307
2024-02-19 20:50:00,0.615
2024-02-19 21:00:00,0.6473
2024-02-19 21:10:00,0.4672
2024-02-19 21:20:00,0.5054
2024-02-19 21:30:00,0.5243
2024-02-19 21:40:00,0.2781
2024-02-19 21:50:00,0.5926
2024-02-19 22:00:00,0.3846
2024-02-19 22:10:00,0.2336
2024-02-19 22:20:00,0.3998
2024-02-19 22:30:00,0.3837
2024-02-19 22:40:00,0.3702
2024-02-19 22:50:00,0.4531
2024-02-19 23:00:00,0.4317
2024-02-19 23:10:00,0.3944
2024-02-19 23:20:00,0.4058
2024-02-19 23:30:00,0.3609
2024-02-19 23:40:00,0.5109
2024-02-19 23:50:00,0.2504
2024-02-20 00:00:00,0.312
2024-02-20 00:10:00,0.2901
2024-02-20 00:20:00,0.3315
2024-02-20 00:30:00,0.1777
2024-02-20 00:40:00,0.0819
2024-02-20 00:50:00,0.2077
2024-02-20 01:00:00,0.1891
2024-02-20 01:10:00,0.2555
2024-02-20 01:20:00,0.05
2024-02-20 01:30:00,0.2025
2024-02-20 01:40:00,0.2995
2024-02-20 01:50:00,0.0799
2024-02-20 02:00:00,0.05
2024-02-20 02:10:00,0.0776
2024-02-20 02:20:00,0.1112
2024-02-20 02:30:00,0.1552
2024-02-20 02:40:00,0.0628
2024-02-20 02:50:00,0.2345
2024-02-20 03:00:00,0.05
2024-02-20 03:10:00,0.05
2024-02-20 03:20:00,0.1987
2024-02-20 03:30:00,0.05
2024-02-20 03:40:00,0.0938
2024-02-20 03:50:00,0.4342
2024-02-20 04:00:00,0.2723
2024-02-20 04:10:00,0.2857
2024-02-20 04:20:00,0.4863
2024-02-20 04:30:00,0.6153
2024-02-20 04:40:00,0.7728
2024-02-20 04:50:00,0.9641
2024-02-20 05:00:00,0.9882
2024-02-20 05:10:00,1.3732
2024-02-20 05:20:00,1.4287
2024-02-20 05:30:00,1.639
2024-02-20 05:40:00,1.6997
2024-02-20 05:50:00,2.0153
2024-02-20 06:00:00,2.0438
2024-02-20 06:10:00,2.224
2024-02-20 06:20:00,2.2463
2024-02-20 06:30:00,2.3385
2024-02-20 06:40:00,2.5462
2024-02-20 06:50:00,2.5018
2024-02-20 07:00:00,2.4872
2024-02-20 07:10:00,2.4941
2024-02-20 07:20:00,2.5641
2024-02-20 07:30:00,2.3947
2024-02-20 07:40:00,2.3491
2024-02-20 07:50:00,2.253
2024-02-20 08:00:00,1.9753
2024-02-20 08:10:00,1.8756
2024-02-20 08:20:00,1.8767
2024-02-20 08:30:00,1.6433
2024-02-20 08:40:00,1.6392
2024-02-20 08:50:00,1.4877
2024-02-20 09:00:00,1.3299
2024-02-20 09:10:00,1.2885
2024-02-20 09:20:00,1.0172
2024-02-20 09:30:00,0.9681
2024-02-20 09:40:00,0.7738
2024-02-20 09:50:00,0.9332
2024-02-20 10:00:00,0.8238
2024-02-20 10:10:00,0.6052
2024-02-20 10:20:00,0.5844
2024-02-20 10:30:00,0.6206
2024-02-20 10:40:00,0.4663
2024-02-20 10:50:00,0.3986
2024-02-20 11:00:00,0.4999
2024-02-20 11:10:00,0.4198
2024-02-20 11:20:00,0.4156
2024-02-20 11:30:00,0.3248
2024-02-20 11:40:00,0.2471
2024-02-20 11:50:00,0.3982
2024-02-20 12:00:00,0.448
2024-02-20 12:10:00,0.3548
2024-02-20 12:20:00,0.4859
2024-02-20 12:30:00,0.3134
2024-02-20 12:40:00,0.2844
2024-02-20 12:50:00,0.3628
2024-02-20 13:00:00,0.3612
2024-02-20 13:10:00,0.4291
2024-02-20 13:20:00,0.3054
2024-02-20 13:30:00,0.4767
2024-02-20 13:40:00,0.5246
2024-02-20 13:50:00,0.3641
2024-02-20 14:00:00,0.4672
2024-02-20 14:10:00,0.2828
2024-02-20 14:20:00,0.4536
2024-02-20 14:30:00,0.4516
2024-02-20 14:40:00,0.4374
2024-02-20 14:50:00,0.3679
2024-02-20 15:00:00,0.1341
2024-02-20 15:10:00,0.3211
2024-02-20 15:20:00,0.3253
2024-02-20 15:30:00,0.3013
2024-02-20 15:40:00,0.3954
2024-02-20 15:50:00,0.3606
2024-02-20 16:00:00,0.3398
2024-02-20 16:10:00,0.3366
2024-02-20 16:20:00,0.3844
2024-02-20 16:30:00,0.5574
2024-02-20 16:40:00,0.4472
2024-02-20 16:50:00,0.4985
2024-02-20 17:00:00,0.5502
2024-02-20 17:10:00,0.6684
2024-02-20 17:20:00,0.7394
2024-02-20 17:30:00,0.5268
2024-02-20 17:40:00,0.924
2024-02-20 17:50:00,1.0311
2024-02-20 18:00:00,0.9056
2024-02-20 18:10:00,0.9815
2024-02-20 18:20:00,1.086
2024-02-20 18:30:00,1.1143
2024-02-20 18:40:00,1.2326
2024-02-20 18:50:00,1.0839
2024-02-20 19:00:00,1.1586
2024-02-20 19:10:00,1.3627
2024-02-20 19:20:00,1.1404
2024-02-20 19:30:00,1.2743
2024-02-20 19:40:00,1.1505
2024-02-20 19:50:00,0.9145
2024-02-20 20:00:00,1.0404
2024-02-20 20:10:00,0.9068
2024-02-20 20:20:00,0.8058
2024-02-20 20:30:00,0.79
2024-02-20 20:40:00,0.7408
2024-02-20 20:50:00,0.6979
2024-02-20 21:00:00,0.681
2024-02-20 21:10:00,0.5723
2024-02-20 21:20:00,0.39
2024-02-20 21:30:00,0.4297
2024-02-20 21:40:00,0.6771
2024-02-20 21:50:00,0.4793
2024-02-20 22:00:00,0.5953
2024-02-20 22:10:00,0.5058
2024-02-20 22:20:00,0.405
2024-02-20 22:30:00,0.4037
2024-02-20 22:40:00,0.3724
2024-02-20 22:50:00,0.2334
2024-02-20 23:00:00,0.3719
2024-02-20 23:10:00,0.466
2024-02-20 23:20:00,0.3204
2024-02-20 23:30:00,0.4008
2024-02-20 23:40:00,0.4357
2024-02-20 23:50:00,0.2946
2024-02-21 00:00:00,0.2636
2024-02-21 00:10:00,0.2024
2024-02-21 00:20:00,0.1996
2024-02-21 00:30:00,0.1413
2024-02-21 00:40:00,0.1485
2024-02-21 00:50:00,0.3079
2024-02-21 01:00:00,0.0927
2024-02-21 01:10:00,0.1459
2024-02-21 01:20:00,0.0695
2024-02-21 01:30:00,0.204
2024-02-21 01:40:00,0.2146
2024-02-21 01:50:00,0.1788
2024-02-21 02:00:00,0.1342
2024-02-21 02:10:00,0.0912
2024-02-21 02:20:00,0.05
2024-02-21 02:30:00,0.2652
2024-02-21 02:40:00,0.05
2024-02-21 02:50:00,0.1628
2024-02-21 03:00:00,0.1945
2024-02-21 03:10:00,0.0653
2024-02-21 03:20:00,0.1927
2024-02-21 03:30:00,0.1708
2024-02-21 03:40:00,0.2479
2024-02-21 03:50:00,0.1466
2024-02-21 04:00:00,0.1693
2024-02-21 04:10:00,0.3335
2024-02-21 04:20:00,0.5057
2024-02-21 04:30:00,0.6217
2024-02-21 04:40:00,0.7255
2024-02-21 04:50:00,0.7549
2024-02-21 05:00:00,1.1048
2024-02-21 05:10:00,1.3913
2024-02-21 05:20:00,1.4409
2024-02-21 05:30:00,1.6236
2024-02-21 05:40:00,1.789
2024-02-21 05:50:00,1.9369
2024-02-21 06:00:00,2.131
2024-02-21 06:10:00,2.225
2024-02-21 06:20:00,2.2871
2024-02-21 06:30:00,2.3454
2024-02-21 06:40:00,2.4617
2024-02-21 06:50:00,2.5527
2024-02-21 07:00:00,2.5205
2024-02-21 07:10:00,2.561
2024-02-21 07:20:00,2.5338
2024-02-21 07:30:00,2.5023
2024-02-21 07:40:00,2.4521
2024-02-21 07:50:00,2.2495
2024-02-21 08:00:00,2.016
2024-02-21 08:10:00,1.9581
2024-02-21 08:20:00,1.8463
2024-02-21 08:30:00,1.549
2024-02-21 08:40:00,1.6598
2024-02-21 08:50:00,1.4164
2024-02-21 09:00:00,1.298
2024-02-21 09:10:00,1.2478
2024-02-21 09:20:00,0.9695
2024-02-21 09:30:00,0.9586
2024-02-21 09:40:00,0.8087
2024-02-21 09:50:00,0.7195
2024-02-21 10:00:00,0.6008
2024-02-21 10:10:00,0.7352
2024-02-21 10:20:00,0.5214
2024-02-21 10:30:00,0.5658
2024-02-21 10:40:00,0.3263
2024-02-21 10:50:00,0.5438
2024-02-21 11:00:00,0.5125
2024-02-21 11:10:00,0.4198
2024-02-21 11:20:00,0.3813
2024-02-21 11:30:00,0.422
2024-02-21 11:40:00,0.5661
2024-02-21 11:50:00,0.2368
2024-02-21 12:00:00,0.4367
2024-02-21 12:10:00,0.2986
2024-02-21 12:20:00,0.368
2024-02-21 12:30:00,0.3485
2024-02-21 12:40:00,0.3332
2024-02-21 12:50:00,0.366
2024-02-21 13:00:00,0.2757
2024-02-21 13:10:00,0.4485
2024-02-21 13:20:00,0.2224
2024-02-21 13:30:00,0.4091
2024-02-21 13:40:00,0.3397
2024-02-21 13:50:00,0.2721
2024-02-21 14:00:00,0.382
2024-02-21 14:10:00,0.2414
2024-02-21 14:20:00,0.3693
2024-02-21 14:30:00,0.2526
2024-02-21 14:40:00,0.4039
2024-02-21 14:50:00,0.2938
2024-02-21 15:00:00,0.333
2024-02-21 15:10:00,0.3945
2024-02-21 15:20:00,0.3121
2024-02-21 15:30:00,0.3735
2024-02-21 15:40:00,0.2631
2024-02-21 15:50:00,0.4431
2024-02-21 16:00:00,0.5454
2024-02-21 16:10:00,0.6431
2024-02-21 16:20:00,0.4473
2024-02-21 16:30:00,0.5289
2024-02-21 16:40:00,0.3557
2024-02-21 16:50:00,0.6578
2024-02-21 17:00:00,0.6466
2024-02-21 17:10:00,0.6001
2024-02-21 17:20:00,0.7992
2024-02-21 17:30:00,0.7471
2024-02-21 17:40:00,0.8024
2024-02-21 17:50:00,0.9508
2024-02-21 18:00:00,0.9008
2024-02-21 18:10:00,1.137
2024-02-21 18:20:00,1.0333
2024-02-21 18:30:00,1.0863
2024-02-21 18:40:00,1.1373
2024-02-21 18:50:00,1.2956
2024-02-21 19:00:00,1.1939
2024-02-21 19:10:00,1.127
2024-02-21 19:20:00,1.1616
2024-02-21 19:30:00,1.1677
2024-02-21 19:40:00,1.0233
2024-02-21 19:50:00,0.9631
2024-02-21 20:00:00,1.1547
2024-02-21 20:10:00,0.8439
2024-02-21 20:20:00,0.8132
2024-02-21 20:30:00,0.7381
2024-02-21 20:40:00,0.6665
2024-02-21 20:50:00,0.6886
2024-02-21 21:00:00,0.6604
2024-02-21 21:10:00,0.5131
2024-02-21 21:20:00,0.3993
2024-02-21 21:30:00,0.5678
2024-02-21 21:40:00,0.4323
2024-02-21 21:50:00,0.5581
2024-02-21 22:00:00,0.2246
2024-02-21 22:10:00,0.4083
2024-02-21 22:20:00,0.5377
2024-02-21 22:30:00,0.3499
2024-02-21 22:40:00,0.3559
2024-02-21 22:50:00,0.3946
2024-02-21 23:00:00,0.3244
2024-02-21 23:10:00,0.3428
2024-02-21 23:20:00,0.3399
2024-02-21 23:30:00,0.3163
2024-02-21 23:40:00,0.4644
2024-02-21 23:50:00,0.4028
2024-02-22 00:00:00,0.3186
2024-02-22 00:10:00,0.3474
2024-02-22 00:20:00,0.2432
2024-02-22 00:30:00,0.1814
2024-02-22 00:40:00,0.1715
2024-02-22 00:50:00,0.1937
2024-02-22 01:00:00,0.0806
2024-02-22 01:10:00,0.0952
2024-02-22 01:20:00,0.068
2024-02-22 01:30:00,0.2792
2024-02-22 01:40:00,0.05
2024-02-22 01:50:00,0.0949
2024-02-22 02:00:00,0.2473
2024-02-22 02:10:00,0.119
2024-02-22 02:20:00,0.1695
2024-02-22 02:30:00,0.1173
2024-02-22 02:40:00,0.0559
2024-02-22 02:50:00,0.05
2024-02-22 03:00:00,0.1257
2024-02-22 03:10:00,0.05
2024-02-22 03:20:00,0.05
2024-02-22 03:30:00,0.0694
2024-02-22 03:40:00,0.2489
2024-02-22 03:50:00,0.3758
2024-02-22 04:00:00,0.2885
2024-02-22 04:10:00,0.3353
2024-02-22 04:20:00,0.393
2024-02-22 04:30:00,0.6521
2024-02-22 04:40:00,0.8967
2024-02-22 04:50:00,0.8843
2024-02-22 05:00:00,0.8727
2024-02-22 05:10:00,1.2823
2024-02-22 05:20:00,1.4771
2024-02-22 05:30:00,1.4418
2024-02-22 05:40:00,1.7506
2024-02-22 05:50:00,1.9338
2024-02-22 06:00:00,2.0427
2024-02-22 06:10:00,2.1216
2024-02-22 06:20:00,2.3844
2024-02-22 06:30:00,2.3674
2024-02-22 06:40:00,2.3531
2024-02-22 06:50:00,2.3538
2024-02-22 07:00:00,2.6367
2024-02-22 07:10:00,2.5754
2024-02-22 07:20:00,2.496
2024-02-22 07:30:00,2.391
2024-02-22 07:40:00,2.298
2024-02-22 07:50:00,2.1484
2024-02-22 08:00:00,2.0779
2024-02-22 08:10:00,1.8084
2024-02-22 08:20:00,1.7767
2024-02-22 08:30:00,1.6644
2024-02-22 08:40:00,1.5915
2024-02-22 08:50:00,1.3963
2024-02-22 09:00:00,1.3262
2024-02-22 09:10:00,1.2421
2024-02-22 09:20:00,1.1006
2024-02-22 09:30:00,0.9468
2024-02-22 09:40:00,0.8152
2024-02-22 09:50:00,0.6529
2024-02-22 10:00:00,0.7192
2024-02-22 10:10:00,0.734
2024-02-22 10:20:00,0.5766
2024-02-22 10:30:00,0.6613
2024-02-22 10:40:00,0.3524
2024-02-22 10:50:00,0.3554
2024-02-22 11:00:00,0.4951
2024-02-22 11:10:00,0.4315
2024-02-22 11:20:00,0.503
2024-02-22 11:30:00,0.3873
2024-02-22 11:40:00,0.3121
2024-02-22 11:50:00,0.3593
2024-02-22 12:00:00,0.2501
2024-02-22 12:10:00,0.2798
2024-02-22 12:20:00,0.446
2024-02-22 12:30:00,0.4367
2024-02-22 12:40:00,0.395
2024-02-22 12:50:00,0.2277
2024-02-22 13:00:00,0.3363
2024-02-22 13:10:00,0.2667
2024-02-22 13:20:00,0.4587
2024-02-22 13:30:00,0.3178
2024-02-22 13:40:00,0.2775
2024-02-22 13:50:00,0.3668
2024-02-22 14:00:00,0.3132
2024-02-22 14:10:00,0.4832
2024-02-22 14:20:00,0.3059
2024-02-22 14:30:00,0.2531
2024-02-22 14:40:00,0.1933
2024-02-22 14:50:00,0.3639
2024-02-22 15:00:00,0.3227
2024-02-22 15:10:00,0.2553
2024-02-22 15:20:00,0.4676
2024-02-22 15:30:00,0.4301
2024-02-22 15:40:00,0.3804
2024-02-22 15:50:00,0.5003
2024-02-22 16:00:00,0.4557
2024-02-22 16:10:00,0.3523
2024-02-22 16:20:00,0.3551
2024-02-22 16:30:00,0.5295
2024-02-22 16:40:00,0.528
2024-02-22 16:50:00,0.5491
2024-02-22 17:00:00,0.5145
2024-02-22 17:10:00,0.685
2024-02-22 17:20:00,0.637
2024-02-22 17:30:00,0.7563
2024-02-22 17:40:00,0.9516
2024-02-22 17:50:00,0.8563
2024-02-22 18:00:00,0.8562
2024-02-22 18:10:00,0.9669
2024-02-22 18:20:00,1.193
2024-02-22 18:30:00,1.1861
2024-02-22 18:40:00,1.195
2024-02-22 18:50:00,1.1893
2024-02-22 19:00:00,1.2773
2024-02-22 19:10:00,1.1621
2024-02-22 19:20:00,1.2298
2024-02-22 19:30:00,1.1073
2024-02-22 19:40:00,1.0416
2024-02-22 19:50:00,1.0001
2024-02-22 20:00:00,0.952
2024-02-22 20:10:00,0.9053
2024-02-22 20:20:00,0.8546
2024-02-22 20:30:00,0.4694
2024-02-22 20:40:00,0.6329
2024-02-22 20:50:00,0.605
2024-02-22 21:00:00,0.7026
2024-02-22 21:10:00,0.4491
2024-02-22 21:20:00,0.5093
2024-02-22 21:30:00,0.5837
2024-02-22 21:40:00,0.3332
2024-02-22 21:50:00,0.4496
2024-02-22 22:00:00,0.3385
2024-02-22 22:10:00,0.3508
2024-02-22 22:20:00,0.3185
2024-02-22 22:30:00,0.3181
2024-02-22 22:40:00,0.5902
2024-02-22 22:50:00,0.4371
2024-02-22 23:00:00,0.4558
2024-02-22 23:10:00,0.4057
2024-02-22 23:20:00,0.237
2024-02-22 23:30:00,0.3966
2024-02-22 23:40:00,0.4505
2024-02-22 23:50:00,0.2962
2024-02-23 00:00:00,0.3746
2024-02-23 00:10:00,0.338
2024-02-23 00:20:00,0.4115
2024-02-23 00:30:00,0.2089
2024-02-23 00:40:00,0.131
2024-02-23 00:50:00,0.1639
2024-02-23 01:00:00,0.2795
2024-02-23 01:10:00,0.05
2024-02-23 01:20:00,0.05
2024-02-23 01:30:00,0.116
2024-02-23 01:40:00,0.0734
2024-02-23 01:50:00,0.1095
2024-02-23 02:00:00,0.1845
2024-02-23 02:10:00,0.0646
2024-02-23 02:20:00,0.05
2024-02-23 02:30:00,0.2724
2024-02-23 02:40:00,0.05
2024-02-23 02:50:00,0.05
2024-02-23 03:00:00,0.1971
2024-02-23 03:10:00,0.0781
2024-02-23 03:20:00,0.1038
2024-02-23 03:30:00,0.1475
2024-02-23 03:40:00,0.1955
2024-02-23 03:50:00,0.156
2024-02-23 04:00:00,0.3917
2024-02-23 04:10:00,0.2001
2024-02-23 04:20:00,0.546
2024-02-23 04:30:00,0.545
2024-02-23 04:40:00,0.8609
2024-02-23 04:50:00,0.9119
2024-02-23 05:00:00,1.005
2024-02-23 05:10:00,1.2769
2024-02-23 05:20:00,1.4642
2024-02-23 05:30:00,1.6139
2024-02-23 05:40:00,1.6472
2024-02-23 05:50:00,1.8515
2024-02-23 06:00:00,2.0401
2024-02-23 06:10:00,2.173
2024-02-23 06:20:00,2.354
2024-02-23 06:30:00,2.229
2024-02-23 06:40:00,2.4889
2024-02-23 06:50:00,2.4846
2024-02-23 07:00:00,2.4588
2024-02-23 07:10:00,2.4567
2024-02-23 07:20:00,2.462
2024-02-23 07:30:00,2.1286
2024-02-23 07:40:00,2.275
2024-02-23 07:50:00,2.1556
2024-02-23 08:00:00,2.1466
2024-02-23 08:10:00,1.9058
2024-02-23 08:20:00,1.8111
2024-02-23 08:30:00,1.8059
2024-02-23 08:40:00,1.6162
2024-02-23 08:50:00,1.4662
2024-02-23 09:00:00,1.2176
2024-02-23 09:10:00,1.1731
2024-02-23 09:20:00,0.9932
2024-02-23 09:30:00,0.8899
2024-02-23 09:40:00,0.8438
2024-02-23 09:50:00,0.6807
2024-02-23 10:00:00,0.7768
2024-02-23 10:10:00,0.5844
2024-02-23 10:20:00,0.5966
2024-02-23 10:30:00,0.6223
2024-02-23 10:40:00,0.5551
2024-02-23 10:50:00,0.3332
2024-02-23 11:00:00,0.4606
2024-02-23 11:10:00,0.4768
2024-02-23 11:20:00,0.4677
2024-02-23 11:30:00,0.2979
2024-02-23 11:40:00,0.3275
2024-02-23 11:50:00,0.4545
2024-02-23 12:00:00,0.3103
2024-02-23 12:10:00,0.3446
2024-02-23 12:20:00,0.4928
2024-02-23 12:30:00,0.3616
2024-02-23 12:40:00,0.3064
2024-02-23 12:50:00,0.2937
2024-02-23 13:00:00,0.3902
2024-02-23 13:10:00,0.2566
2024-02-23 13:20:00,0.3433
2024-02-23 13:30:00,0.3897
2024-02-23 13:40:00,0.4669
2024-02-23 13:50:00,0.4164
2024-02-23 14:00:00,0.3059
2024-02-23 14:10:00,0.4574
2024-02-23 14:20:00,0.3393
2024-02-23 14:30:00,0.2647
2024-02-23 14:40:00,0.3503
2024-02-23 14:50:00,0.48
2024-02-23 15:00:00,0.3794
2024-02-23 15:10:00,0.3691
2024-02-23 15:20:00,0.502
2024-02-23 15:30:00,0.2607
2024-02-23 15:40:00,0.2783
2024-02-23 15:50:00,0.2603
2024-02-23 16:00:00,0.4309
2024-02-23 16:10:00,0.4297
2024-02-23 16:20:00,0.5599
2024-02-23 16:30:00,0.4817
2024-02-23 16:40:00,0.462
2024-02-23 16:50:00,0.5336
2024-02-23 17:00:00,0.5893
2024-02-23 17:10:00,0.5001
2024-02-23 17:20:00,0.9115
2024-02-23 17:30:00,0.8031
2024-02-23 17:40:00,0.8493
2024-02-23 17:50:00,0.9548
2024-02-23 18:00:00,1.0349
2024-02-23 18:10:00,1.0357
2024-02-23 18:20:00,1.0585
2024-02-23 18:30:00,1.2091
2024-02-23 18:40:00,1.2315
2024-02-23 18:50:00,1.1604
2024-02-23 19:00:00,1.3471
2024-02-23 19:10:00,1.2487
2024-02-23 19:20:00,1.259
2024-02-23 19:30:00,1.2725
2024-02-23 19:40:00,1.1108
2024-02-23 19:50:00,1.0723
2024-02-23 20:00:00,1.0429
2024-02-23 20:10:00,0.8476
2024-02-23 20:20:00,0.8368
2024-02-23 20:30:00,0.7715
2024-02-23 20:40:00,0.6182
2024-02-23 20:50:00,0.8193
2024-02-23 21:00:00,0.4673
2024-02-23 21:10:00,0.4296
2024-02-23 21:20:00,0.5994
2024-02-23 21:30:00,0.5193
2024-02-23 21:40:00,0.3544
2024-02-23 21:50:00,0.465
2024-02-23 22:00:00,0.5185
2024-02-23 22:10:00,0.3872
2024-02-23 22:20:00,0.5891
2024-02-23 22:30:00,0.2373
2024-02-23 22:40:00,0.4265
2024-02-23 22:50:00,0.4614
2024-02-23 23:00:00,0.4375
2024-02-23 23:10:00,0.3486
2024-02-23 23:20:00,0.3409
2024-02-23 23:30:00,0.3991
2024-02-23 23:40:00,0.4285
2024-02-23 23:50:00,0.4113
2024-02-24 00:00:00,0.4682
2024-02-24 00:10:00,0.2831
2024-02-24 00:20:00,0.3227
2024-02-24 00:30:00,0.2386
2024-02-24 00:40:00,0.2525
2024-02-24 00:50:00,0.3309
2024-02-24 01:00:00,0.2218
2024-02-24 01:10:00,0.383
2024-02-24 01:20:00,0.1564
2024-02-24 01:30:00,0.1457
2024-02-24 01:40:00,0.1494
2024-02-24 01:50:00,0.0899
2024-02-24 02:00:00,0.1363
2024-02-24 02:10:00,0.2312
2024-02-24 02:20:00,0.15
2024-02-24 02:30:00,0.0775
2024-02-24 02:40:00,0.0669
2024-02-24 02:50:00,0.1049
2024-02-24 03:00:00,0.1468
2024-02-24 03:10:00,0.2364
2024-02-24 03:20:00,0.05
2024-02-24 03:30:00,0.1153
2024-02-24 03:40:00,0.1525
2024-02-24 03:50:00,0.0898
2024-02-24 04:00:00,0.283
2024-02-24 04:10:00,0.4259
2024-02-24 04:20:00,0.5646
2024-02-24 04:30:00,0.808
2024-02-24 04:40:00,0.9596
2024-02-24 04:50:00,1.1216
2024-02-24 05:00:00,1.4052
2024-02-24 05:10:00,1.7224
2024-02-24 05:20:00,1.9344
2024-02-24 05:30:00,1.8693
2024-02-24 05:40:00,2.2856
2024-02-24 05:50:00,2.4332
2024-02-24 06:00:00,2.6543
2024-02-24 06:10:00,2.7859
2024-02-24 06:20:00,2.9796
2024-02-24 06:30:00,3.1069
2024-02-24 06:40:00,3.1417
2024-02-24 06:50:00,3.1753
2024-02-24 07:00:00,3.2345
2024-02-24 07:10:00,3.2765
2024-02-24 07:20:00,3.2578
2024-02-24 07:30:00,3.1973
2024-02-24 07:40:00,2.9787
2024-02-24 07:50:00,2.9045
2024-02-24 08:00:00,2.8012
2024-02-24 08:10:00,2.6442
2024-02-24 08:20:00,2.3626
2024-02-24 08:30:00,2.1609
2024-02-24 08:40:00,2.0049
2024-02-24 08:50:00,1.713
2024-02-24 09:00:00,1.6128
2024-02-24 09:10:00,1.5222
2024-02-24 09:20:00,1.3616
2024-02-24 09:30:00,1.1509
2024-02-24 09:40:00,1.0675
2024-02-24 09:50:00,0.8772
2024-02-24 10:00:00,0.9075
2024-02-24 10:10:00,0.7671
2024-02-24 10:20:00,0.6863
2024-02-24 10:30:00,0.6261
2024-02-24 10:40:00,0.6068
2024-02-24 10:50:00,0.5415
2024-02-24 11:00:00,0.6029
2024-02-24 11:10:00,0.4976
2024-02-24 11:20:00,0.6406
2024-02-24 11:30:00,0.6183
2024-02-24 11:40:00,0.4207
2024-02-24 11:50:00,0.491
2024-02-24 12:00:00,0.4286
2024-02-24 12:10:00,0.4511
2024-02-24 12:20:00,0.635
2024-02-24 12:30:00,0.4485
2024-02-24 12:40:00,0.5008
2024-02-24 12:50:00,0.5145
2024-02-24 13:00:00,0.3907
2024-02-24 13:10:00,0.402
2024-02-24 13:20:00,0.3737
2024-02-24 13:30:00,0.3991
2024-02-24 13:40:00,0.242
2024-02-24 13:50:00,0.5135
2024-02-24 14:00:00,0.6343
2024-02-24 14:10:00,0.482
2024-02-24 14:20:00,0.3571
2024-02-24 14:30:00,0.4193
2024-02-24 14:40:00,0.4347
2024-02-24 14:50:00,0.3911
2024-02-24 15:00:00,0.5429
2024-02-24 15:10:00,0.5414
2024-02-24 15:20:00,0.3879
2024-02-24 15:30:00,0.5438
2024-02-24 15:40:00,0.6157
2024-02-24 15:50:00,0.6566
2024-02-24 16:00:00,0.7485
2024-02-24 16:10:00,0.467
2024-02-24 16:20:00,0.7911
2024-02-24 16:30:00,0.5701
2024-02-24 16:40:00,0.5926
2024-02-24 16:50:00,0.7168
2024-02-24 17:00:00,0.7043
2024-02-24 17:10:00,0.8526
2024-02-24 17:20:00,0.7939
2024-02-24 17:30:00,0.9668
2024-02-24 17:40:00,1.1807
2024-02-24 17:50:00,1.168
2024-02-24 18:00:00,1.2778
2024-02-24 18:10:00,1.3936
2024-02-24 18:20:00,1.5296
2024-02-24 18:30:00,1.371
2024-02-24 18:40:00,1.6013
2024-02-24 18:50:00,1.5649
2024-02-24 19:00:00,1.6105
2024-02-24 19:10:00,1.6711
2024-02-24 19:20:00,1.459
2024-02-24 19:30:00,1.4224
2024-02-24 19:40:00,1.2811
2024-02-24 19:50:00,1.3117
2024-02-24 20:00:00,1.3729
2024-02-24 20:10:00,1.1629
2024-02-24 20:20:00,0.9707
2024-02-24 20:30:00,0.9471
2024-02-24 20:40:00,0.7805
2024-02-24 20:50:00,0.7307
2024-02-24 21:00:00,0.782
2024-02-24 21:10:00,0.5967
2024-02-24 21:20:00,0.729
2024-02-24 21:30:00,0.5928
2024-02-24 21:40:00,0.572
2024-02-24 21:50:00,0.5169
2024-02-24 22:00:00,0.5811
2024-02-24 22:10:00,0.5671
2024-02-24 22:20:00,0.5204
2024-02-24 22:30:00,0.531
2024-02-24 22:40:00,0.4634
2024-02-24 22:50:00,0.52
2024-02-24 23:00:00,0.4471
2024-02-24 23:10:00,0.4727
2024-02-24 23:20:00,0.4494
2024-02-24 23:30:00,0.4342
2024-02-24 23:40:00,0.4152
2024-02-24 23:50:00,0.5075
2024-02-25 00:00:00,0.4883
2024-02-25 00:10:00,0.4568
2024-02-25 00:20:00,0.239
2024-02-25 00:30:00,0.4157
2024-02-25 00:40:00,0.2567
2024-02-25 00:50:00,0.2967
2024-02-25 01:00:00,0.1398
2024-02-25 01:10:00,0.1851
2024-02-25 01:20:00,0.1654
2024-02-25 01:30:00,0.05
2024-02-25 01:40:00,0.189
2024-02-25 01:50:00,0.248
2024-02-25 02:00:00,0.1264
2024-02-25 02:10:00,0.2492
2024-02-25 02:20:00,0.1252
2024-02-25 02:30:00,0.2083
2024-02-25 02:40:00,0.05
2024-02-25 02:50:00,0.3339
2024-02-25 03:00:00,0.26
2024-02-25 03:10:00,0.1176
2024-02-25 03:20:00,0.05
2024-02-25 03:30:00,0.1634
2024-02-25 03:40:00,0.05
2024-02-25 03:50:00,0.2712
2024-02-25 04:00:00,0.3812
2024-02-25 04:10:00,0.4031
2024-02-25 04:20:00,0.7153
2024-02-25 04:30:00,0.8539
2024-02-25 04:40:00,1.0466
2024-02-25 04:50:00,1.162
2024-02-25 05:00:00,1.2522
2024-02-25 05:10:00,1.6563
2024-02-25 05:20:00,1.7743
2024-02-25 05:30:00,1.9037
2024-02-25 05:40:00,2.3385
2024-02-25 05:50:00,2.6054
2024-02-25 06:00:00,2.6278
2024-02-25 06:10:00,2.979
2024-02-25 06:20:00,2.9654
2024-02-25 06:30:00,3.0517
2024-02-25 06:40:00,3.1245
2024-02-25 06:50:00,3.3647
2024-02-25 07:00:00,3.1946
2024-02-25 07:10:00,3.3032
2024-02-25 07:20:00,3.1521
2024-02-25 07:30:00,3.0794
2024-02-25 07:40:00,3.0884
2024-02-25 07:50:00,2.8396
2024-02-25 08:00:00,2.6807
2024-02-25 08:10:00,2.6312
2024-02-25 08:20:00,2.4854
2024-02-25 08:30:00,2.2212
2024-02-25 08:40:00,1.9291
2024-02-25 08:50:00,1.7567
2024-02-25 09:00:00,1.628
2024-02-25 09:10:00,1.4824
2024-02-25 09:20:00,1.2259
2024-02-25 09:30:00,1.2256
2024-02-25 09:40:00,1.0527
2024-02-25 09:50:00,0.8021
2024-02-25 10:00:00,0.7734
2024-02-25 10:10:00,0.7298
2024-02-25 10:20:00,0.6996
2024-02-25 10:30:00,0.8035
2024-02-25 10:40:00,0.6284
2024-02-25 10:50:00,0.5077
2024-02-25 11:00:00,0.5657
2024-02-25 11:10:00,0.4989
2024-02-25 11:20:00,0.5371
2024-02-25 11:30:00,0.5455
2024-02-25 11:40:00,0.5868
2024-02-25 11:50:00,0.4815
2024-02-25 12:00:00,0.6098
2024-02-25 12:10:00,0.5479
2024-02-25 12:20:00,0.4163
2024-02-25 12:30:00,0.648
2024-02-25 12:40:00,0.4962
2024-02-25 12:50:00,0.4025
2024-02-25 13:00:00,0.601
2024-02-25 13:10:00,0.6347
2024-02-25 13:20:00,0.4656
2024-02-25 13:30:00,0.4278
2024-02-25 13:40:00,0.4542
2024-02-25 13:50:00,0.5252
2024-02-25 14:00:00,0.5703
2024-02-25 14:10:00,0.5138
2024-02-25 14:20:00,0.4766
2024-02-25 14:30:00,0.5887
2024-02-25 14:40:00,0.4445
2024-02-25 14:50:00,0.553
2024-02-25 15:00:00,0.4491
2024-02-25 15:10:00,0.5092
2024-02-25 15:20:00,0.4693
2024-02-25 15:30:00,0.4793
2024-02-25 15:40:00,0.4613
2024-02-25 15:50:00,0.61
2024-02-25 16:00:00,0.4585
2024-02-25 16:10:00,0.4778
2024-02-25 16:20:00,0.7326
2024-02-25 16:30:00,0.6742
2024-02-25 16:40:00,0.4466
2024-02-25 16:50:00,0.6426
2024-02-25 17:00:00,0.6029
2024-02-25 17:10:00,0.7413
2024-02-25 17:20:00,0.6447
2024-02-25 17:30:00,0.9709
2024-02-25 17:40:00,0.9821
2024-02-25 17:50:00,1.1726
2024-02-25 18:00:00,1.1313
2024-02-25 18:10:00,1.3567
2024-02-25 18:20:00,1.3969
2024-02-25 18:30:00,1.6174
2024-02-25 18:40:00,1.6611
2024-02-25 18:50:00,1.6427
2024-02-25 19:00:00,1.5645
2024-02-25 19:10:00,1.7387
2024-02-25 19:20:00,1.4239
2024-02-25 19:30:00,1.385
2024-02-25 19:40:00,1.4234
2024-02-25 19:50:00,1.5304
2024-02-25 20:00:00,1.2451
2024-02-25 20:10:00,1.1531
2024-02-25 20:20:00,0.9581
2024-02-25 20:30:00,1.0576
2024-02-25 20:40:00,0.9721
2024-02-25 20:50:00,0.8805
2024-02-25 21:00:00,0.6975
2024-02-25 21:10:00,0.6313
2024-02-25 21:20:00,0.5339
2024-02-25 21:30:00,0.6027
2024-02-25 21:40:00,0.4765
2024-02-25 21:50:00,0.4428
2024-02-25 22:00:00,0.4833
2024-02-25 22:10:00,0.4632
2024-02-25 22:20:00,0.4485
2024-02-25 22:30:00,0.5211
2024-02-25 22:40:00,0.4847
2024-02-25 22:50:00,0.4516
2024-02-25 23:00:00,0.4868
2024-02-25 23:10:00,0.3912
2024-02-25 23:20:00,0.4779
2024-02-25 23:30:00,0.4809
2024-02-25 23:40:00,0.3482
2024-02-25 23:50:00,0.5478
2024-02-26 00:00:00,0.2232
2024-02-26 00:10:00,0.2854
2024-02-26 00:20:00,0.3532
2024-02-26 00:30:00,0.3135
2024-02-26 00:40:00,0.2189
2024-02-26 00:50:00,0.1615
2024-02-26 01:00:00,0.2385
2024-02-26 01:10:00,0.1871
2024-02-26 01:20:00,0.058
2024-02-26 01:30:00,0.05
2024-02-26 01:40:00,0.05
2024-02-26 01:50:00,0.1198
2024-02-26 02:00:00,0.1009
2024-02-26 02:10:00,0.1984
2024-02-26 02:20:00,0.1362
2024-02-26 02:30:00,0.2143
2024-02-26 02:40:00,0.0517
2024-02-26 02:50:00,0.1986
2024-02-26 03:00:00,0.0652
2024-02-26 03:10:00,0.1697
2024-02-26 03:20:00,0.05
2024-02-26 03:30:00,0.1263
2024-02-26 03:40:00,0.05
2024-02-26 03:50:00,0.1591
2024-02-26 04:00:00,0.302
2024-02-26 04:10:00,0.3248
2024-02-26 04:20:00,0.3953
2024-02-26 04:30:00,0.6724
2024-02-26 04:40:00,0.7336
2024-02-26 04:50:00,0.8504
2024-02-26 05:00:00,1.0493
2024-02-26 05:10:00,1.4198
2024-02-26 05:20:00,1.468
2024-02-26 05:30:00,1.6365
2024-02-26 05:40:00,1.7433
2024-02-26 05:50:00,1.8805
2024-02-26 06:00:00,1.8238
2024-02-26 06:10:00,2.0954
2024-02-26 06:20:00,2.2275
2024-02-26 06:30:00,2.2111
2024-02-26 06:40:00,2.3396
2024-02-26 06:50:00,2.3187
2024-02-26 07:00:00,2.492
2024-02-26 07:10:00,2.5509
2024-02-26 07:20:00,2.5374
2024-02-26 07:30:00,2.4203
2024-02-26 07:40:00,2.2256
2024-02-26 07:50:00,2.044
2024-02-26 08:00:00,1.9378
2024-02-26 08:10:00,1.8446
2024-02-26 08:20:00,1.7349
2024-02-26 08:30:00,1.6492
2024-02-26 08:40:00,1.4368
2024-02-26 08:50:00,1.4041
2024-02-26 09:00:00,1.2237
2024-02-26 09:10:00,1.1167
2024-02-26 09:20:00,1.0908
2024-02-26 09:30:00,0.8001
2024-02-26 09:40:00,0.8347
2024-02-26 09:50:00,0.7184
2024-02-26 10:00:00,0.6227
2024-02-26 10:10:00,0.6608
2024-02-26 10:20:00,0.6107
2024-02-26 10:30:00,0.424
2024-02-26 10:40:00,0.4522
2024-02-26 10:50:00,0.463
2024-02-26 11:00:00,0.398
2024-02-26 11:10:00,0.4506
2024-02-26 11:20:00,0.414
2024-02-26 11:30:00,0.5289
2024-02-26 11:40:00,0.253
2024-02-26 11:50:00,0.3606
2024-02-26 12:00:00,0.294
2024-02-26 12:10:00,0.4124
2024-02-26 12:20:00,0.2329
2024-02-26 12:30:00,0.3887
2024-02-26 12:40:00,0.3097
2024-02-26 12:50:00,0.3008
2024-02-26 13:00:00,0.2434
2024-02-26 13:10:00,0.3216
2024-02-26 13:20:00,0.4454
2024-02-26 13:30:00,0.3566
2024-02-26 13:40:00,0.4088
2024-02-26 13:50:00,0.4917
2024-02-26 14:00:00,0.3797
2024-02-26 14:10:00,0.314
2024-02-26 14:20:00,0.3962
2024-02-26 14:30:00,0.3156
2024-02-26 14:40:00,0.3193
2024-02-26 14:50:00,0.2389
2024-02-26 15:00:00,0.4358
2024-02-26 15:10:00,0.3327
2024-02-26 15:20:00,0.381
2024-02-26 15:30:00,0.2877
2024-02-26 15:40:00,0.4114
2024-02-26 15:50:00,0.3239
2024-02-26 16:00:00,0.3848
2024-02-26 16:10:00,0.4816
2024-02-26 16:20:00,0.4945
2024-02-26 16:30:00,0.4548
2024-02-26 16:40:00,0.3468
2024-02-26 16:50:00,0.7663
2024-02-26 17:00:00,0.7125
2024-02-26 17:10:00,0.6839
2024-02-26 17:20:00,0.626
2024-02-26 17:30:00,0.7431
2024-02-26 17:40:00,0.7789
2024-02-26 17:50:00,0.9957
2024-02-26 18:00:00,0.9872
2024-02-26 18:10:00,0.9715
2024-02-26 18:20:00,1.0578
2024-02-26 18:30:00,1.2367
2024-02-26 18:40:00,1.314
2024-02-26 18:50:00,1.3325
2024-02-26 19:00:00,1.2791
2024-02-26 19:10:00,1.19
2024-02-26 19:20:00,0.9266
2024-02-26 19:30:00,1.1708
2024-02-26 19:40:00,1.0954
2024-02-26 19:50:00,1.0454
2024-02-26 20:00:00,0.9705
2024-02-26 20:10:00,0.7885
2024-02-26 20:20:00,0.8669
2024-02-26 20:30:00,0.8027
2024-02-26 20:40:00,0.7408
2024-02-26 20:50:00,0.7018
2024-02-26 21:00:00,0.6212
2024-02-26 21:10:00,0.4941
2024-02-26 21:20:00,0.4826
2024-02-26 21:30:00,0.4639
2024-02-26 21:40:00,0.4398
2024-02-26 21:50:00,0.4912
2024-02-26 22:00:00,0.4477
2024-02-26 22:10:00,0.551
2024-02-26 22:20:00,0.5531
2024-02-26 22:30:00,0.377
2024-02-26 22:40:00,0.0595
2024-02-26 22:50:00,0.4626
2024-02-26 23:00:00,0.3185
2024-02-26 23:10:00,0.2963
2024-02-26 23:20:00,0.3278
2024-02-26 23:30:00,0.3234
2024-02-26 23:40:00,0.4078
2024-02-26 23:50:00,0.2339
2024-02-27 00:00:00,0.2063
2024-02-27 00:10:00,0.3045
2024-02-27 00:20:00,0.3088
2024-02-27 00:30:00,0.2897
2024-02-27 00:40:00,0.1523
2024-02-27 00:50:00,0.1114
2024-02-27 01:00:00,0.1214
2024-02-27 01:10:00,0.1517
2024-02-27 01:20:00,0.2259
2024-02-27 01:30:00,0.05
2024-02-27 01:40:00,0.0894
2024-02-27 01:50:00,0.05
2024-02-27 02:00:00,0.05
2024-02-27 02:10:00,0.1844
2024-02-27 02:20:00,0.1506
2024-02-27 02:30:00,0.143
2024-02-27 02:40:00,0.1807
2024-02-27 02:50:00,0.0687
2024-02-27 03:00:00,0.0725
2024-02-27 03:10:00,0.2819
2024-02-27 03:20:00,0.0873
2024-02-27 03:30:00,0.1659
2024-02-27 03:40:00,0.1076
2024-02-27 03:50:00,0.05
2024-02-27 04:00:00,0.1021
2024-02-27 04:10:00,0.3186
2024-02-27 04:20:00,0.5618
2024-02-27 04:30:00,0.6652
2024-02-27 04:40:00,0.8119
2024-02-27 04:50:00,0.8068
2024-02-27 05:00:00,1.1708
2024-02-27 05:10:00,1.1266
2024-02-27 05:20:00,1.387
2024-02-27 05:30:00,1.5361
2024-02-27 05:40:00,1.6874
2024-02-27 05:50:00,1.9664
2024-02-27 06:00:00,1.9506
2024-02-27 06:10:00,2.0327
2024-02-27 06:20:00,2.258
2024-02-27 06:30:00,2.3191
2024-02-27 06:40:00,2.6921
2024-02-27 06:50:00,2.5209
2024-02-27 07:00:00,2.4518
2024-02-27 07:10:00,2.3904
2024-02-27 07:20:00,2.2881
2024-02-27 07:30:00,2.2951
2024-02-27 07:40:00,2.3022
2024-02-27 07:50:00,2.3034
2024-02-27 08:00:00,2.1593
2024-02-27 08:10:00,1.9563
2024-02-27 08:20:00,1.7726
2024-02-27 08:30:00,1.6765
2024-02-27 08:40:00,1.47
2024-02-27 08:50:00,1.5087
2024-02-27 09:00:00,1.2219
2024-02-27 09:10:00,1.1043
2024-02-27 09:20:00,0.8181
2024-02-27 09:30:00,0.8751
2024-02-27 09:40:00,0.8647
2024-02-27 09:50:00,0.6311
2024-02-27 10:00:00,0.5866
2024-02-27 10:10:00,0.6509
2024-02-27 10:20:00,0.42
2024-02-27 10:30:00,0.5822
2024-02-27 10:40:00,0.4222
2024-02-27 10:50:00,0.4075
2024-02-27 11:00:00,0.3281
2024-02-27 11:10:00,0.4323
2024-02-27 11:20:00,0.5867
2024-02-27 11:30:00,0.4432
2024-02-27 11:40:00,0.3047
2024-02-27 11:50:00,0.4596
2024-02-27 12:00:00,0.3398
2024-02-27 12:10:00,0.4725
2024-02-27 12:20:00,0.4253
2024-02-27 12:30:00,0.124
2024-02-27 12:40:00,0.2782
2024-02-27 12:50:00,0.4335
2024-02-27 13:00:00,0.3697
2024-02-27 13:10:00,0.2754
2024-02-27 13:20:00,0.3065
2024-02-27 13:30:00,0.2046
2024-02-27 13:40:00,0.35
2024-02-27 13:50:00,0.5339
2024-02-27 14:00:00,0.4215
2024-02-27 14:10:00,0.5324
2024-02-27 14:20:00,0.4279
2024-02-27 14:30:00,0.4398
2024-02-27 14:40:00,0.5161
2024-02-27 14:50:00,0.3891
2024-02-27 15:00:00,0.3452
2024-02-27 15:10:00,0.4447
2024-02-27 15:20:00,0.4812
2024-02-27 15:30:00,0.3306
2024-02-27 15:40:00,0.3172
2024-02-27 15:50:00,0.3943
2024-02-27 16:00:00,0.461
2024-02-27 16:10:00,0.4735
2024-02-27 16:20:00,0.3154
2024-02-27 16:30:00,0.6076
2024-02-27 16:40:00,0.4349
2024-02-27 16:50:00,0.5035
2024-02-27 17:00:00,0.4982
2024-02-27 17:10:00,0.8393
2024-02-27 17:20:00,0.7027
2024-02-27 17:30:00,0.6809
2024-02-27 17:40:00,0.888
2024-02-27 17:50:00,0.9523
2024-02-27 18:00:00,0.9471
2024-02-27 18:10:00,1.0971
2024-02-27 18:20:00,1.0249
2024-02-27 18:30:00,1.1027
2024-02-27 18:40:00,1.0201
2024-02-27 18:50:00,1.0992
2024-02-27 19:00:00,1.358
2024-02-27 19:10:00,1.3365
2024-02-27 19:20:00,1.1862
2024-02-27 19:30:00,1.2752
2024-02-27 19:40:00,1.0781
2024-02-27 19:50:00,1.0104
2024-02-27 20:00:00,0.9666
2024-02-27 20:10:00,0.8808
2024-02-27 20:20:00,0.8017
2024-02-27 20:30:00,0.8405
2024-02-27 20:40:00,0.6954
2024-02-27 20:50:00,0.6805
2024-02-27 21:00:00,0.6529
2024-02-27 21:10:00,0.5557
2024-02-27 21:20:00,0.4086
2024-02-27 21:30:00,0.3464
2024-02-27 21:40:00,0.4413
2024-02-27 21:50:00,0.3959
2024-02-27 22:00:00,0.4015
2024-02-27 22:10:00,0.3819
2024-02-27 22:20:00,0.5816
2024-02-27 22:30:00,0.2626
2024-02-27 22:40:00,0.2057
2024-02-27 22:50:00,0.3887
2024-02-27 23:00:00,0.3301
2024-02-27 23:10:00,0.3842
2024-02-27 23:20:00,0.4048
2024-02-27 23:30:00,0.4604
2024-02-27 23:40:00,0.2367
2024-02-27 23:50:00,0.3126
2024-02-28 00:00:00,0.3256
2024-02-28 00:10:00,0.3375
2024-02-28 00:20:00,0.4334
2024-02-28 00:30:00,0.3138
2024-02-28 00:40:00,0.2098
2024-02-28 00:50:00,0.1176
2024-02-28 01:00:00,0.1161
2024-02-28 01:10:00,0.0845
2024-02-28 01:20:00,0.159
2024-02-28 01:30:00,0.1272
2024-02-28 01:40:00,0.05
2024-02-28 01:50:00,0.0717
2024-02-28 02:00:00,0.1768
2024-02-28 02:10:00,0.1347
2024-02-28 02:20:00,0.1521
2024-02-28 02:30:00,0.1372
2024-02-28 02:40:00,0.2367
2024-02-28 02:50:00,0.1255
2024-02-28 03:00:00,0.0757
2024-02-28 03:10:00,0.05
2024-02-28 03:20:00,0.1266
2024-02-28 03:30:00,0.05
2024-02-28 03:40:00,0.0919
2024-02-28 03:50:00,0.1625
2024-02-28 04:00:00,0.1553
2024-02-28 04:10:00,0.2891
2024-02-28 04:20:00,0.54
2024-02-28 04:30:00,0.6181
2024-02-28 04:40:00,0.7438
2024-02-28 04:50:00,0.9065
2024-02-28 05:00:00,1.0445
2024-02-28 05:10:00,1.2981
2024-02-28 05:20:00,1.374
2024-02-28 05:30:00,1.4137
2024-02-28 05:40:00,1.8244
2024-02-28 05:50:00,1.881
2024-02-28 06:00:00,1.9513
2024-02-28 06:10:00,2.0312
2024-02-28 06:20:00,2.2785
2024-02-28 06:30:00,2.3317
2024-02-28 06:40:00,2.5375
2024-02-28 06:50:00,2.4285
2024-02-28 07:00:00,2.4069
2024-02-28 07:10:00,2.5359
2024-02-28 07:20:00,2.5021
2024-02-28 07:30:00,2.3804
2024-02-28 07:40:00,2.3373
2024-02-28 07:50:00,2.1769
2024-02-28 08:00:00,2.0794
2024-02-28 08:10:00,2.0229
2024-02-28 08:20:00,1.8408
2024-02-28 08:30:00,1.6344
2024-02-28 08:40:00,1.6132
2024-02-28 08:50:00,1.1761
2024-02-28 09:00:00,1.3959
2024-02-28 09:10:00,0.9699
2024-02-28 09:20:00,0.941
2024-02-28 09:30:00,0.8837
2024-02-28 09:40:00,0.7826
2024-02-28 09:50:00,0.794
2024-02-28 10:00:00,0.5593
2024-02-28 10:10:00,0.6058
2024-02-28 10:20:00,0.4896
2024-02-28 10:30:00,0.5191
2024-02-28 10:40:00,0.4576
2024-02-28 10:50:00,0.4442
2024-02-28 11:00:00,0.3723
2024-02-28 11:10:00,0.3595
2024-02-28 11:20:00,0.4112
2024-02-28 11:30:00,0.4545
2024-02-28 11:40:00,0.3243
2024-02-28 11:50:00,0.2977
2024-02-28 12:00:00,0.4127
2024-02-28 12:10:00,0.3584
2024-02-28 12:20:00,0.4256
2024-02-28 12:30:00,0.2854
2024-02-28 12:40:00,0.2147
2024-02-28 12:50:00,0.3138
2024-02-28 13:00:00,0.2948
2024-02-28 13:10:00,0.3495
2024-02-28 13:20:00,0.3047
2024-02-28 13:30:00,0.4148
2024-02-28 13:40:00,0.3324
2024-02-28 13:50:00,0.3675
2024-02-28 14:00:00,0.3681
2024-02-28 14:10:00,0.3712
2024-02-28 14:20:00,0.3539
2024-02-28 14:30:00,0.397
2024-02-28 14:40:00,0.293
2024-02-28 14:50:00,0.4694
2024-02-28 15:00:00,0.3397
2024-02-28 15:10:00,0.2556
2024-02-28 15:20:00,0.3784
2024-02-28 15:30:00,0.2994
2024-02-28 15:40:00,0.4266
2024-02-28 15:50:00,0.5583
2024-02-28 16:00:00,0.3299
2024-02-28 16:10:00,0.4344
2024-02-28 16:20:00,0.2871
2024-02-28 16:30:00,0.489
2024-02-28 16:40:00,0.4133
2024-02-28 16:50:00,0.4724
2024-02-28 17:00:00,0.4799
2024-02-28 17:10:00,0.6794
2024-02-28 17:20:00,0.761
2024-02-28 17:30:00,0.7477
2024-02-28 17:40:00,0.7462
2024-02-28 17:50:00,1.0141
2024-02-28 18:00:00,0.898
2024-02-28 18:10:00,0.8525
2024-02-28 18:20:00,1.1229
2024-02-28 18:30:00,1.0489
2024-02-28 18:40:00,1.255
2024-02-28 18:50:00,1.1695
2024-02-28 19:00:00,1.2565
2024-02-28 19:10:00,1.3121
2024-02-28 19:20:00,1.0792
2024-02-28 19:30:00,1.092
2024-02-28 19:40:00,1.0802
2024-02-28 19:50:00,1.1484
2024-02-28 20:00:00,0.9053
2024-02-28 20:10:00,0.8394
2024-02-28 20:20:00,0.8536
2024-02-28 20:30:00,0.6996
2024-02-28 20:40:00,0.6926
2024-02-28 20:50:00,0.4967
2024-02-28 21:00:00,0.7451
2024-02-28 21:10:00,0.4146
2024-02-28 21:20:00,0.4584
2024-02-28 21:30:00,0.4501
2024-02-28 21:40:00,0.5806
2024-02-28 21:50:00,0.3019
2024-02-28 22:00:00,0.5515
2024-02-28 22:10:00,0.4421
2024-02-28 22:20:00,0.4067
2024-02-28 22:30:00,0.2887
2024-02-28 22:40:00,0.409
2024-02-28 22:50:00,0.3027
2024-02-28 23:00:00,0.46
2024-02-28 23:10:00,0.2797
2024-02-28 23:20:00,0.3475
2024-02-28 23:30:00,0.3117
2024-02-28 23:40:00,0.2768
2024-02-28 23:50:00,0.4149
2024-02-29 00:00:00,0.3328
2024-02-29 00:10:00,0.3713
2024-02-29 00:20:00,0.1144
2024-02-29 00:30:00,0.3215
2024-02-29 00:40:00,0.4138
2024-02-29 00:50:00,0.1519
2024-02-29 01:00:00,0.3122
2024-02-29 01:10:00,0.1103
2024-02-29 01:20:00,0.05
2024-02-29 01:30:00,0.0817
2024-02-29 01:40:00,0.19
2024-02-29 01:50:00,0.05
2024-02-29 02:00:00,0.0581
2024-02-29 02:10:00,0.1536
2024-02-29 02:20:00,0.1064
2024-02-29 02:30:00,0.1529
2024-02-29 02:40:00,0.1252
2024-02-29 02:50:00,0.1445
2024-02-29 03:00:00,0.0716
2024-02-29 03:10:00,0.1247
2024-02-29 03:20:00,0.05
2024-02-29 03:30:00,0.2092
2024-02-29 03:40:00,0.0554
2024-02-29 03:50:00,0.2685
2024-02-29 04:00:00,0.2447
2024-02-29 04:10:00,0.3779
2024-02-29 04:20:00,0.4336
2024-02-29 04:30:00,0.5157
2024-02-29 04:40:00,0.5929
2024-02-29 04:50:00,0.7938
2024-02-29 05:00:00,1.0067
2024-02-29 05:10:00,1.2104
2024-02-29 05:20:00,1.439
2024-02-29 05:30:00,1.4881
2024-02-29 05:40:00,1.6161
2024-02-29 05:50:00,1.7279
2024-02-29 06:00:00,2.0282
2024-02-29 06:10:00,2.2329
2024-02-29 06:20:00,2.3383
2024-02-29 06:30:00,2.3877
2024-02-29 06:40:00,2.4521
2024-02-29 06:50:00,2.5813
2024-02-29 07:00:00,2.4897
2024-02-29 07:10:00,2.5053
2024-02-29 07:20:00,2.3919
2024-02-29 07:30:00,2.2477
2024-02-29 07:40:00,2.2185
2024-02-29 07:50:00,2.1697
2024-02-29 08:00:00,2.0566
2024-02-29 08:10:00,2.0754
2024-02-29 08:20:00,1.7894
2024-02-29 08:30:00,1.7351
2024-02-29 08:40:00,1.4637
2024-02-29 08:50:00,1.3345
2024-02-29 09:00:00,1.12
2024-02-29 09:10:00,1.0422
2024-02-29 09:20:00,1.029
2024-02-29 09:30:00,0.8837
2024-02-29 09:40:00,0.8663
2024-02-29 09:50:00,0.7249
2024-02-29 10:00:00,0.6129
2024-02-29 10:10:00,0.7543
2024-02-29 10:20:00,0.526
2024-02-29 10:30:00,0.5864
2024-02-29 10:40:00,0.4287
2024-02-29 10:50:00,0.4916
2024-02-29 11:00:00,0.4887
2024-02-29 11:10:00,0.4153
2024-02-29 11:20:00,0.1981
2024-02-29 11:30:00,0.3788
2024-02-29 11:40:00,0.469
2024-02-29 11:50:00,0.4078
2024-02-29 12:00:00,0.3977
2024-02-29 12:10:00,0.2217
2024-02-29 12:20:00,0.3
2024-02-29 12:30:00,0.3893
2024-02-29 12:40:00,0.3883
2024-02-29 12:50:00,0.4521
2024-02-29 13:00:00,0.3429
2024-02-29 13:10:00,0.3867
2024-02-29 13:20:00,0.3554
2024-02-29 13:30:00,0.275
2024-02-29 13:40:00,0.1735
2024-02-29 13:50:00,0.3884
2024-02-29 14:00:00,0.3679
2024-02-29 14:10:00,0.3046
2024-02-29 14:20:00,0.2247
2024-02-29 14:30:00,0.4049
2024-02-29 14:40:00,0.3338
2024-02-29 14:50:00,0.4004
2024-02-29 15:00:00,0.5062
2024-02-29 15:10:00,0.1877
2024-02-29 15:20:00,0.3058
2024-02-29 15:30:00,0.3491
2024-02-29 15:40:00,0.4881
2024-02-29 15:50:00,0.249
2024-02-29 16:00:00,0.546
2024-02-29 16:10:00,0.417
2024-02-29 16:20:00,0.418
2024-02-29 16:30:00,0.4349
2024-02-29 16:40:00,0.4471
2024-02-29 16:50:00,0.604
2024-02-29 17:00:00,0.48
2024-02-29 17:10:00,0.6457
2024-02-29 17:20:00,0.6467
2024-02-29 17:30:00,0.6816
2024-02-29 17:40:00,1.0187
2024-02-29 17:50:00,0.9166
2024-02-29 18:00:00,1.0029
2024-02-29 18:10:00,1.112
2024-02-29 18:20:00,0.9678
2024-02-29 18:30:00,1.2725
2024-02-29 18:40:00,0.9701
2024-02-29 18:50:00,1.1333
2024-02-29 19:00:00,1.1662
2024-02-29 19:10:00,1.2413
2024-02-29 19:20:00,1.1883
2024-02-29 19:30:00,1.119
2024-02-29 19:40:00,1.0805
2024-02-29 19:50:00,0.9427
2024-02-29 20:00:00,0.834
2024-02-29 20:10:00,0.9412
2024-02-29 20:20:00,0.8673
2024-02-29 20:30:00,0.8693
2024-02-29 20:40:00,0.6143
2024-02-29 20:50:00,0.6735
2024-02-29 21:00:00,0.5428
2024-02-29 21:10:00,0.6154
2024-02-29 21:20:00,0.5638
2024-02-29 21:30:00,0.4676
2024-02-29 21:40:00,0.3985
2024-02-29 21:50:00,0.483
2024-02-29 22:00:00,0.4429
2024-02-29 22:10:00,0.3252
2024-02-29 22:20:00,0.2655
2024-02-29 22:30:00,0.3428
2024-02-29 22:40:00,0.483
2024-02-29 22:50:00,0.4507
2024-02-29 23:00:00,0.2681
2024-02-29 23:10:00,0.2624
2024-02-29 23:20:00,0.457
2024-02-29 23:30:00,0.2637
2024-02-29 23:40:00,0.395
2024-02-29 23:50:00,0.3048
2024-03-01 00:00:00,0.4181
2024-03-01 00:10:00,0.2118
2024-03-01 00:20:00,0.3471
2024-03-01 00:30:00,0.2501
2024-03-01 00:40:00,0.2326
2024-03-01 00:50:00,0.05
2024-03-01 01:00:00,0.05
2024-03-01 01:10:00,0.1132
2024-03-01 01:20:00,0.1254
2024-03-01 01:30:00,0.05
2024-03-01 01:40:00,0.05
2024-03-01 01:50:00,0.1506
2024-03-01 02:00:00,0.1507
2024-03-01 02:10:00,0.0947
2024-03-01 02:20:00,0.1681
2024-03-01 02:30:00,0.05
2024-03-01 02:40:00,0.0772
2024-03-01 02:50:00,0.2375
2024-03-01 03:00:00,0.1111
2024-03-01 03:10:00,0.1158
2024-03-01 03:20:00,0.2901
2024-03-01 03:30:00,0.05
2024-03-01 03:40:00,0.1694
2024-03-01 03:50:00,0.3105
2024-03-01 04:00:00,0.2362
2024-03-01 04:10:00,0.4289
2024-03-01 04:20:00,0.3925
2024-03-01 04:30:00,0.5394
2024-03-01 04:40:00,0.76
2024-03-01 04:50:00,0.9382
2024-03-01 05:00:00,1.1177
2024-03-01 05:10:00,1.3137
2024-03-01 05:20:00,1.3468
2024-03-01 05:30:00,1.6125
2024-03-01 05:40:00,1.6518
2024-03-01 05:50:00,1.9073
2024-03-01 06:00:00,1.9976
2024-03-01 06:10:00,2.1485
2024-03-01 06:20:00,2.261
2024-03-01 06:30:00,2.1922
2024-03-01 06:40:00,2.3005
2024-03-01 06:50:00,2.4429
2024-03-01 07:00:00,2.3173
2024-03-01 07:10:00,2.5092
2024-03-01 07:20:00,2.4766
2024-03-01 07:30:00,2.3724
2024-03-01 07:40:00,2.1735
2024-03-01 07:50:00,2.2712
2024-03-01 08:00:00,2.2057
2024-03-01 08:10:00,1.9246
2024-03-01 08:20:00,1.8159
2024-03-01 08:30:00,1.6497
2024-03-01 08:40:00,1.5343
2024-03-01 08:50:00,1.3438
2024-03-01 09:00:00,1.2182
2024-03-01 09:10:00,1.1692
2024-03-01 09:20:00,1.1701
2024-03-01 09:30:00,0.7672
2024-03-01 09:40:00,0.7791
2024-03-01 09:50:00,0.6128
2024-03-01 10:00:00,0.7656
2024-03-01 10:10:00,0.5328
2024-03-01 10:20:00,0.4157
2024-03-01 10:30:00,0.5422
2024-03-01 10:40:00,0.5983
2024-03-01 10:50:00,0.486
2024-03-01 11:00:00,0.429
2024-03-01 11:10:00,0.4296
2024-03-01 11:20:00,0.498
2024-03-01 11:30:00,0.3058
2024-03-01 11:40:00,0.36
2024-03-01 11:50:00,0.3278
2024-03-01 12:00:00,0.267
2024-03-01 12:10:00,0.3316
2024-03-01 12:20:00,0.4447
2024-03-01 12:30:00,0.4001
2024-03-01 12:40:00,0.4055
2024-03-01 12:50:00,0.3651
2024-03-01 13:00:00,0.3948
2024-03-01 13:10:00,0.2886
2024-03-01 13:20:00,0.3278
2024-03-01 13:30:00,0.3678
2024-03-01 13:40:00,0.3746
2024-03-01 13:50:00,0.378
2024-03-01 14:00:00,0.3414
2024-03-01 14:10:00,0.3223
2024-03-01 14:20:00,0.6053
2024-03-01 14:30:00,0.4255
2024-03-01 14:40:00,0.3865
2024-03-01 14:50:00,0.3356
2024-03-01 15:00:00,0.3194
2024-03-01 15:10:00,0.3469
2024-03-01 15:20:00,0.3836
2024-03-01 15:30:00,0.2138
2024-03-01 15:40:00,0.2445
2024-03-01 15:50:00,0.3273
2024-03-01 16:00:00,0.406
2024-03-01 16:10:00,0.3852
2024-03-01 16:20:00,0.5421
2024-03-01 16:30:00,0.3302
2024-03-01 16:40:00,0.4198
2024-03-01 16:50:00,0.6395
2024-03-01 17:00:00,0.5735
2024-03-01 17:10:00,0.6862
2024-03-01 17:20:00,0.8386
2024-03-01 17:30:00,0.6838
2024-03-01 17:40:00,0.8003
2024-03-01 17:50:00,0.8574
2024-03-01 18:00:00,0.7933
2024-03-01 18:10:00,0.9917
2024-03-01 18:20:00,1.1472
2024-03-01 18:30:00,1.1706
2024-03-01 18:40:00,1.2151
2024-03-01 18:50:00,1.1595
2024-03-01 19:00:00,1.1451
2024-03-01 19:10:00,1.291
2024-03-01 19:20:00,1.1258
2024-03-01 19:30:00,1.1509
2024-03-01 19:40:00,1.0898
2024-03-01 19:50:00,1.1334
2024-03-01 20:00:00,1.0273
2024-03-01 20:10:00,0.7756
2024-03-01 20:20:00,0.7132
2024-03-01 20:30:00,0.7856
2024-03-01 20:40:00,0.6693
2024-03-01 20:50:00,0.579
2024-03-01 21:00:00,0.6443
2024-03-01 21:10:00,0.5329
2024-03-01 21:20:00,0.4841
2024-03-01 21:30:00,0.5111
2024-03-01 21:40:00,0.3938
2024-03-01 21:50:00,0.5298
2024-03-01 22:00:00,0.3263
2024-03-01 22:10:00,0.4308
2024-03-01 22:20:00,0.4848
2024-03-01 22:30:00,0.2541
2024-03-01 22:40:00,0.3327
2024-03-01 22:50:00,0.4488
2024-03-01 23:00:00,0.4481
2024-03-01 23:10:00,0.3406
2024-03-01 23:20:00,0.2947
2024-03-01 23:30:00,0.4295
2024-03-01 23:40:00,0.4474
2024-03-01 23:50:00,0.2593
2024-03-02 00:00:00,0.2773
2024-03-02 00:10:00,0.3719
2024-03-02 00:20:00,0.3812
2024-03-02 00:30:00,0.2806
2024-03-02 00:40:00,0.3293
2024-03-02 00:50:00,0.1855
2024-03-02 01:00:00,0.05
2024-03-02 01:10:00,0.1354
2024-03-02 01:20:00,0.1418
2024-03-02 01:30:00,0.1147
2024-03-02 01:40:00,0.05
2024-03-02 01:50:00,0.05
2024-03-02 02:00:00,0.0956
2024-03-02 02:10:00,0.2086
2024-03-02 02:20:00,0.2373
2024-03-02 02:30:00,0.2318
2024-03-02 02:40:00,0.0715
2024-03-02 02:50:00,0.05
2024-03-02 03:00:00,0.1765
2024-03-02 03:10:00,0.1876
2024-03-02 03:20:00,0.1688
2024-03-02 03:30:00,0.05
2024-03-02 03:40:00,0.0674
2024-03-02 03:50:00,0.2272
2024-03-02 04:00:00,0.3783
2024-03-02 04:10:00,0.5275
2024-03-02 04:20:00,0.6212
2024-03-02 04:30:00,0.7957
2024-03-02 04:40:00,0.9505
2024-03-02 04:50:00,1.1864
2024-03-02 05:00:00,1.3555
2024-03-02 05:10:00,1.543
2024-03-02 05:20:00,1.7285
2024-03-02 05:30:00,1.9698
2024-03-02 05:40:00,2.212
2024-03-02 05:50:00,2.3964
2024-03-02 06:00:00,2.5942
2024-03-02 06:10:00,2.8419
2024-03-02 06:20:00,2.9036
2024-03-02 06:30:00,2.9514
2024-03-02 06:40:00,3.1644
2024-03-02 06:50:00,3.0417
2024-03-02 07:00:00,3.0872
2024-03-02 07:10:00,3.1882
2024-03-02 07:20:00,3.1563
2024-03-02 07:30:00,2.9369
2024-03-02 07:40:00,2.8984
2024-03-02 07:50:00,2.748
2024-03-02 08:00:00,2.6047
2024-03-02 08:10:00,2.551
2024-03-02 08:20:00,2.3538
2024-03-02 08:30:00,2.1126
2024-03-02 08:40:00,1.8871
2024-03-02 08:50:00,1.6436
2024-03-02 09:00:00,1.6937
2024-03-02 09:10:00,1.4668
2024-03-02 09:20:00,1.215
2024-03-02 09:30:00,1.1954
2024-03-02 09:40:00,1.0135
2024-03-02 09:50:00,0.8923
2024-03-02 10:00:00,0.8608
2024-03-02 10:10:00,0.6911
2024-03-02 10:20:00,0.6599
2024-03-02 10:30:00,0.6454
2024-03-02 10:40:00,0.5538
2024-03-02 10:50:00,0.6138
2024-03-02 11:00:00,0.6835
2024-03-02 11:10:00,0.4533
2024-03-02 11:20:00,0.3648
2024-03-02 11:30:00,0.3261
2024-03-02 11:40:00,0.4655
2024-03-02 11:50:00,0.418
2024-03-02 12:00:00,0.4831
2024-03-02 12:10:00,0.4737
2024-03-02 12:20:00,0.3325
2024-03-02 12:30:00,0.314
2024-03-02 12:40:00,0.4817
2024-03-02 12:50:00,0.4681
2024-03-02 13:00:00,0.4227
2024-03-02 13:10:00,0.3239
2024-03-02 13:20:00,0.494
2024-03-02 13:30:00,0.5579
2024-03-02 13:40:00,0.4783
2024-03-02 13:50:00,0.3883
2024-03-02 14:00:00,0.4597
2024-03-02 14:10:00,0.3469
2024-03-02 14:20:00,0.5411
2024-03-02 14:30:00,0.4634
2024-03-02 14:40:00,0.316
2024-03-02 14:50:00,0.4344
2024-03-02 15:00:00,0.4972
2024-03-02 15:10:00,0.4359
2024-03-02 15:20:00,0.4441
2024-03-02 15:30:00,0.3735
2024-03-02 15:40:00,0.5243
2024-03-02 15:50:00,0.4376
2024-03-02 16:00:00,0.3314
2024-03-02 16:10:00,0.4935
2024-03-02 16:20:00,0.627
2024-03-02 16:30:00,0.5498
2024-03-02 16:40:00,0.7601
2024-03-02 16:50:00,0.7045
2024-03-02 17:00:00,0.7558
2024-03-02 17:10:00,0.7862
2024-03-02 17:20:00,0.8674
2024-03-02 17:30:00,0.9357
2024-03-02 17:40:00,1.0218
2024-03-02 17:50:00,1.1803
2024-03-02 18:00:00,1.1541
2024-03-02 18:10:00,1.2294
2024-03-02 18:20:00,1.3036
2024-03-02 18:30:00,1.6226
2024-03-02 18:40:00,1.551
2024-03-02 18:50:00,1.5638
2024-03-02 19:00:00,1.4653
2024-03-02 19:10:00,1.5893
2024-03-02 19:20:00,1.4992
2024-03-02 19:30:00,1.4761
2024-03-02 19:40:00,1.3153
2024-03-02 19:50:00,1.3283
2024-03-02 20:00:00,1.1951
2024-03-02 20:10:00,1.0766
2024-03-02 20:20:00,1.1047
2024-03-02 20:30:00,0.8337
2024-03-02 20:40:00,0.9181
2024-03-02 20:50:00,0.8512
2024-03-02 21:00:00,0.6583
2024-03-02 21:10:00,0.6046
2024-03-02 21:20:00,0.6032
2024-03-02 21:30:00,0.6033
2024-03-02 21:40:00,0.5363
2024-03-02 21:50:00,0.5579
2024-03-02 22:00:00,0.645
2024-03-02 22:10:00,0.4489
2024-03-02 22:20:00,0.3417
2024-03-02 22:30:00,0.5375
2024-03-02 22:40:00,0.6008
2024-03-02 22:50:00,0.4939
2024-03-02 23:00:00,0.3731
2024-03-02 23:10:00,0.4486
2024-03-02 23:20:00,0.368
2024-03-02 23:30:00,0.5083
2024-03-02 23:40:00,0.3483
2024-03-02 23:50:00,0.4322
2024-03-03 00:00:00,0.2916
2024-03-03 00:10:00,0.3624
2024-03-03 00:20:00,0.3
2024-03-03 00:30:00,0.3173
2024-03-03 00:40:00,0.2755
2024-03-03 00:50:00,0.1623
2024-03-03 01:00:00,0.2561
2024-03-03 01:10:00,0.1646
2024-03-03 01:20:00,0.0571
2024-03-03 01:30:00,0.3154
2024-03-03 01:40:00,0.1743
2024-03-03 01:50:00,0.1239
2024-03-03 02:00:00,0.2494
2024-03-03 02:10:00,0.2835
2024-03-03 02:20:00,0.1245
2024-03-03 02:30:00,0.1639
2024-03-03 02:40:00,0.0571
2024-03-03 02:50:00,0.1244
2024-03-03 03:00:00,0.1202
2024-03-03 03:10:00,0.1509
2024-03-03 03:20:00,0.1628
2024-03-03 03:30:00,0.1809
2024-03-03 03:40:00,0.1552
2024-03-03 03:50:00,0.1316
2024-03-03 04:00:00,0.2627
2024-03-03 04:10:00,0.4203
2024-03-03 04:20:00,0.5843
2024-03-03 04:30:00,0.8498
2024-03-03 04:40:00,0.8464
2024-03-03 04:50:00,1.0978
2024-03-03 05:00:00,1.4007
2024-03-03 05:10:00,1.5067
2024-03-03 05:20:00,1.7789
2024-03-03 05:30:00,1.9432
2024-03-03 05:40:00,2.1839
2024-03-03 05:50:00,2.346
2024-03-03 06:00:00,2.6055
2024-03-03 06:10:00,2.5984
2024-03-03 06:20:00,2.8402
2024-03-03 06:30:00,3.0134
2024-03-03 06:40:00,3.1224
2024-03-03 06:50:00,3.2561
2024-03-03 07:00:00,3.128
2024-03-03 07:10:00,3.2654
2024-03-03 07:20:00,3.0481
2024-03-03 07:30:00,3.129
2024-03-03 07:40:00,2.9811
2024-03-03 07:50:00,2.7108
2024-03-03 08:00:00,2.6562
2024-03-03 08:10:00,2.4602
2024-03-03 08:20:00,2.3369
2024-03-03 08:30:00,2.0866
2024-03-03 08:40:00,1.8974
2024-03-03 08:50:00,1.8531
2024-03-03 09:00:00,1.5651
2024-03-03 09:10:00,1.4791
2024-03-03 09:20:00,1.2477
2024-03-03 09:30:00,1.266
2024-03-03 09:40:00,0.9602
2024-03-03 09:50:00,0.862
2024-03-03 10:00:00,0.9442
2024-03-03 10:10:00,0.7114
2024-03-03 10:20:00,0.8124
2024-03-03 10:30:00,0.7041
2024-03-03 10:40:00,0.5787
2024-03-03 10:50:00,0.4127
2024-03-03 11:00:00,0.53
2024-03-03 11:10:00,0.5194
2024-03-03 11:20:00,0.5891
2024-03-03 11:30:00,0.6111
2024-03-03 11:40:00,0.4205
2024-03-03 11:50:00,0.533
2024-03-03 12:00:00,0.5256
2024-03-03 12:10:00,0.5469
2024-03-03 12:20:00,0.4986
2024-03-03 12:30:00,0.3017
2024-03-03 12:40:00,0.4435
2024-03-03 12:50:00,0.3628
2024-03-03 13:00:00,0.4385
2024-03-03 13:10:00,0.5328
2024-03-03 13:20:00,0.4786
2024-03-03 13:30:00,0.5459
2024-03-03 13:40:00,0.4813
2024-03-03 13:50:00,0.3501
2024-03-03 14:00:00,0.2524
2024-03-03 14:10:00,0.4661
2024-03-03 14:20:00,0.4373
2024-03-03 14:30:00,0.3766
2024-03-03 14:40:00,0.3194
2024-03-03 14:50:00,0.3976
2024-03-03 15:00:00,0.4424
2024-03-03 15:10:00,0.5137
2024-03-03 15:20:00,0.4791
2024-03-03 15:30:00,0.5979
2024-03-03 15:40:00,0.3939
2024-03-03 15:50:00,0.5578
2024-03-03 16:00:00,0.5054
2024-03-03 16:10:00,0.5764
2024-03-03 16:20:00,0.5111
2024-03-03 16:30:00,0.6639
2024-03-03 16:40:00,0.6419
2024-03-03 16:50:00,0.6128
2024-03-03 17:00:00,0.7244
2024-03-03 17:10:00,0.7737
2024-03-03 17:20:00,0.9081
2024-03-03 17:30:00,0.858
2024-03-03 17:40:00,1.0389
2024-03-03 17:50:00,1.1643
2024-03-03 18:00:00,1.2261
2024-03-03 18:10:00,1.4173
2024-03-03 18:20:00,1.4491
2024-03-03 18:30:00,1.4517
2024-03-03 18:40:00,1.519
2024-03-03 18:50:00,1.5561
2024-03-03 19:00:00,1.5752
2024-03-03 19:10:00,1.3864
2024-03-03 19:20:00,1.4776
2024-03-03 19:30:00,1.3336
2024-03-03 19:40:00,1.4894
2024-03-03 19:50:00,1.3047
2024-03-03 20:00:00,1.2079
2024-03-03 20:10:00,1.2045
2024-03-03 20:20:00,1.0751
2024-03-03 20:30:00,0.8621
2024-03-03 20:40:00,0.8633
2024-03-03 20:50:00,0.766
2024-03-03 21:00:00,0.5858
2024-03-03 21:10:00,0.612
2024-03-03 21:20:00,0.6036
2024-03-03 21:30:00,0.5689
2024-03-03 21:40:00,0.4274
2024-03-03 21:50:00,0.613
2024-03-03 22:00:00,0.4935
2024-03-03 22:10:00,0.4903
2024-03-03 22:20:00,0.5088
2024-03-03 22:30:00,0.4062
2024-03-03 22:40:00,0.5005
2024-03-03 22:50:00,0.4311
2024-03-03 23:00:00,0.3863
2024-03-03 23:10:00,0.5023
2024-03-03 23:20:00,0.5747
2024-03-03 23:30:00,0.5127
2024-03-03 23:40:00,0.5282
2024-03-03 23:50:00,0.4125
2024-03-04 00:00:00,0.157
2024-03-04 00:10:00,0.3889
2024-03-04 00:20:00,0.4165
2024-03-04 00:30:00,0.3555
2024-03-04 00:40:00,0.1827
2024-03-04 00:50:00,0.0923
2024-03-04 01:00:00,0.0724
2024-03-04 01:10:00,0.05
2024-03-04 01:20:00,0.0956
2024-03-04 01:30:00,0.2327
2024-03-04 01:40:00,0.0929
2024-03-04 01:50:00,0.1284
2024-03-04 02:00:00,0.2143
2024-03-04 02:10:00,0.0719
2024-03-04 02:20:00,0.2671
2024-03-04 02:30:00,0.2636
2024-03-04 02:40:00,0.0938
2024-03-04 02:50:00,0.058
2024-03-04 03:00:00,0.16
2024-03-04 03:10:00,0.0764
2024-03-04 03:20:00,0.05
2024-03-04 03:30:00,0.2067
2024-03-04 03:40:00,0.2016
2024-03-04 03:50:00,0.1874
2024-03-04 04:00:00,0.1576
2024-03-04 04:10:00,0.2569
2024-03-04 04:20:00,0.4733
2024-03-04 04:30:00,0.5463
2024-03-04 04:40:00,0.692
2024-03-04 04:50:00,0.9442
2024-03-04 05:00:00,1.0727
2024-03-04 05:10:00,1.2823
2024-03-04 05:20:00,1.2546
2024-03-04 05:30:00,1.469
2024-03-04 05:40:00,1.7172
2024-03-04 05:50:00,1.8461
2024-03-04 06:00:00,2.0767
2024-03-04 06:10:00,2.1179
2024-03-04 06:20:00,2.3448
2024-03-04 06:30:00,2.3324
2024-03-04 06:40:00,2.443
2024-03-04 06:50:00,2.3759
2024-03-04 07:00:00,2.4202
2024-03-04 07:10:00,2.4825
2024-03-04 07:20:00,2.5033
2024-03-04 07:30:00,2.3728
2024-03-04 07:40:00,2.2259
2024-03-04 07:50:00,2.2417
2024-03-04 08:00:00,1.8397
2024-03-04 08:10:00,1.7731
2024-03-04 08:20:00,1.8056
2024-03-04 08:30:00,1.6125
2024-03-04 08:40:00,1.5201
2024-03-04 08:50:00,1.3402
2024-03-04 09:00:00,1.2501
2024-03-04 09:10:00,1.0167
2024-03-04 09:20:00,1.0148
2024-03-04 09:30:00,0.9468
2024-03-04 09:40:00,0.8744
2024-03-04 09:50:00,0.8587
2024-03-04 10:00:00,0.6491
2024-03-04 10:10:00,0.5939
2024-03-04 10:20:00,0.4021
2024-03-04 10:30:00,0.442
2024-03-04 10:40:00,0.4371
2024-03-04 10:50:00,0.5111
2024-03-04 11:00:00,0.3581
2024-03-04 11:10:00,0.4552
2024-03-04 11:20:00,0.3795
2024-03-04 11:30:00,0.3565
2024-03-04 11:40:00,0.3839
2024-03-04 11:50:00,0.3278
2024-03-04 12:00:00,0.3212
2024-03-04 12:10:00,0.2166
2024-03-04 12:20:00,0.3314
2024-03-04 12:30:00,0.3116
2024-03-04 12:40:00,0.3078
2024-03-04 12:50:00,0.3819
2024-03-04 13:00:00,0.4009
2024-03-04 13:10:00,0.3665
2024-03-04 13:20:00,0.4274
2024-03-04 13:30:00,0.3937
2024-03-04 13:40:00,0.324
2024-03-04 13:50:00,0.3106
2024-03-04 14:00:00,0.3727
2024-03-04 14:10:00,0.3936
2024-03-04 14:20:00,0.4597
2024-03-04 14:30:00,0.4435
2024-03-04 14:40:00,0.3054
2024-03-04 14:50:00,0.3413
2024-03-04 15:00:00,0.4044
2024-03-04 15:10:00,0.438
2024-03-04 15:20:00,0.4304
2024-03-04 15:30:00,0.3542
2024-03-04 15:40:00,0.2647
2024-03-04 15:50:00,0.2932
2024-03-04 16:00:00,0.4059
2024-03-04 16:10:00,0.4262
2024-03-04 16:20:00,0.3302
2024-03-04 16:30:00,0.4462
2024-03-04 16:40:00,0.5239
2024-03-04 16:50:00,0.4188
2024-03-04 17:00:00,0.6438
2024-03-04 17:10:00,0.5769
2024-03-04 17:20:00,0.7659
2024-03-04 17:30:00,0.6866
2024-03-04 17:40:00,0.7152
2024-03-04 17:50:00,0.8307
2024-03-04 18:00:00,0.9291
2024-03-04 18:10:00,0.9716
2024-03-04 18:20:00,1.0449
2024-03-04 18:30:00,1.1388
2024-03-04 18:40:00,1.1361
2024-03-04 18:50:00,1.1681
2024-03-04 19:00:00,1.0447
2024-03-04 19:10:00,1.2047
2024-03-04 19:20:00,1.1427
2024-03-04 19:30:00,1.2409
2024-03-04 19:40:00,0.987
2024-03-04 19:50:00,0.8581
2024-03-04 20:00:00,0.9862
2024-03-04 20:10:00,0.895
2024-03-04 20:20:00,0.7166
2024-03-04 20:30:00,0.6069
2024-03-04 20:40:00,0.7883
2024-03-04 20:50:00,0.7202
2024-03-04 21:00:00,0.3564
2024-03-04 21:10:00,0.4742
2024-03-04 21:20:00,0.6065
2024-03-04 21:30:00,0.4046
2024-03-04 21:40:00,0.3788
2024-03-04 21:50:00,0.3762
2024-03-04 22:00:00,0.2944
2024-03-04 22:10:00,0.2367
2024-03-04 22:20:00,0.4493
2024-03-04 22:30:00,0.2119
2024-03-04 22:40:00,0.3751
2024-03-04 22:50:00,0.4235
2024-03-04 23:00:00,0.2346
2024-03-04 23:10:00,0.2755
2024-03-04 23:20:00,0.4458
2024-03-04 23:30:00,0.3908
2024-03-04 23:40:00,0.2985
2024-03-04 23:50:00,0.4439
2024-03-05 00:00:00,0.38
2024-03-05 00:10:00,0.29
2024-03-05 00:20:00,0.179
2024-03-05 00:30:00,0.198
2024-03-05 00:40:00,0.2315
2024-03-05 00:50:00,0.1687
2024-03-05 01:00:00,0.2321
2024-03-05 01:10:00,0.05
2024-03-05 01:20:00,0.05
2024-03-05 01:30:00,0.1182
2024-03-05 01:40:00,0.0644
2024-03-05 01:50:00,0.0536
2024-03-05 02:00:00,0.05
2024-03-05 02:10:00,0.1053
2024-03-05 02:20:00,0.0995
2024-03-05 02:30:00,0.156
2024-03-05 02:40:00,0.1093
2024-03-05 02:50:00,0.0931
2024-03-05 03:00:00,0.1979
2024-03-05 03:10:00,0.05
2024-03-05 03:20:00,0.1467
2024-03-05 03:30:00,0.05
2024-03-05 03:40:00,0.05
2024-03-05 03:50:00,0.0771
2024-03-05 04:00:00,0.32
2024-03-05 04:10:00,0.3484
2024-03-05 04:20:00,0.4614
2024-03-05 04:30:00,0.495
2024-03-05 04:40:00,0.692
2024-03-05 04:50:00,0.7974
2024-03-05 05:00:00,1.04
2024-03-05 05:10:00,1.0873
2024-03-05 05:20:00,1.434
2024-03-05 05:30:00,1.3554
2024-03-05 05:40:00,1.5842
2024-03-05 05:50:00,1.936
2024-03-05 06:00:00,1.9102
2024-03-05 06:10:00,1.9693
2024-03-05 06:20:00,2.2043
2024-03-05 06:30:00,2.2405
2024-03-05 06:40:00,2.2802
2024-03-05 06:50:00,2.3029
2024-03-05 07:00:00,2.6292
2024-03-05 07:10:00,2.3783
2024-03-05 07:20:00,2.2092
2024-03-05 07:30:00,2.4232
2024-03-05 07:40:00,2.271
2024-03-05 07:50:00,2.0603
2024-03-05 08:00:00,1.931
2024-03-05 08:10:00,1.932
2024-03-05 08:20:00,1.7231
2024-03-05 08:30:00,1.4498
2024-03-05 08:40:00,1.6078
2024-03-05 08:50:00,1.2941
2024-03-05 09:00:00,1.3184
2024-03-05 09:10:00,1.1791
2024-03-05 09:20:00,0.8846
2024-03-05 09:30:00,0.9459
2024-03-05 09:40:00,0.721
2024-03-05 09:50:00,0.5451
2024-03-05 10:00:00,0.5927
2024-03-05 10:10:00,0.6011
2024-03-05 10:20:00,0.4845
2024-03-05 10:30:00,0.4577
2024-03-05 10:40:00,0.5419
2024-03-05 10:50:00,0.4336
2024-03-05 11:00:00,0.3377
2024-03-05 11:10:00,0.4458
2024-03-05 11:20:00,0.3936
2024-03-05 11:30:00,0.1672
2024-03-05 11:40:00,0.3965
2024-03-05 11:50:00,0.3887
2024-03-05 12:00:00,0.3555
2024-03-05 12:10:00,0.4227
2024-03-05 12:20:00,0.2958
2024-03-05 12:30:00,0.3753
2024-03-05 12:40:00,0.2221
2024-03-05 12:50:00,0.3795
2024-03-05 13:00:00,0.5028
2024-03-05 13:10:00,0.2667
2024-03-05 13:20:00,0.2854
2024-03-05 13:30:00,0.2892
2024-03-05 13:40:00,0.3564
2024-03-05 13:50:00,0.2609
2024-03-05 14:00:00,0.3797
2024-03-05 14:10:00,0.4139
2024-03-05 14:20:00,0.389
2024-03-05 14:30:00,0.2051
2024-03-05 14:40:00,0.4267
2024-03-05 14:50:00,0.4228
2024-03-05 15:00:00,0.4155
2024-03-05 15:10:00,0.3807
2024-03-05 15:20:00,0.3713
2024-03-05 15:30:00,0.4402
2024-03-05 15:40:00,0.5173
2024-03-05 15:50:00,0.2951
2024-03-05 16:00:00,0.4686
2024-03-05 16:10:00,0.3901
2024-03-05 16:20:00,0.4057
2024-03-05 16:30:00,0.3177
2024-03-05 16:40:00,0.4484
2024-03-05 16:50:00,0.4287
2024-03-05 17:00:00,0.5157
2024-03-05 17:10:00,0.5164
2024-03-05 17:20:00,0.6263
2024-03-05 17:30:00,0.6934
2024-03-05 17:40:00,0.8013
2024-03-05 17:50:00,0.7341
2024-03-05 18:00:00,0.8168
2024-03-05 18:10:00,1.027
2024-03-05 18:20:00,0.9934
2024-03-05 18:30:00,1.1928
2024-03-05 18:40:00,1.1625
2024-03-05 18:50:00,1.2165
2024-03-05 19:00:00,1.2887
2024-03-05 19:10:00,1.1431
2024-03-05 19:20:00,1.0985
2024-03-05 19:30:00,1.1766
2024-03-05 19:40:00,1.0979
2024-03-05 19:50:00,0.9831
2024-03-05 20:00:00,1.0437
2024-03-05 20:10:00,0.8463
2024-03-05 20:20:00,0.7962
2024-03-05 20:30:00,0.7276
2024-03-05 20:40:00,0.5875
2024-03-05 20:50:00,0.6104
2024-03-05 21:00:00,0.6646
2024-03-05 21:10:00,0.5441
2024-03-05 21:20:00,0.4737
2024-03-05 21:30:00,0.4277
2024-03-05 21:40:00,0.4426
2024-03-05 21:50:00,0.4569
2024-03-05 22:00:00,0.4311
2024-03-05 22:10:00,0.3448
2024-03-05 22:20:00,0.3894
2024-03-05 22:30:00,0.396
2024-03-05 22:40:00,0.2731
2024-03-05 22:50:00,0.3644
2024-03-05 23:00:00,0.1762
2024-03-05 23:10:00,0.3865
2024-03-05 23:20:00,0.3999
2024-03-05 23:30:00,0.4064
2024-03-05 23:40:00,0.3147
2024-03-05 23:50:00,0.3708
2024-03-06 00:00:00,0.3961
2024-03-06 00:10:00,0.3803
2024-03-06 00:20:00,0.2475
2024-03-06 00:30:00,0.2411
2024-03-06 00:40:00,0.2965
2024-03-06 00:50:00,0.0629
2024-03-06 01:00:00,0.1304
2024-03-06 01:10:00,0.2347
2024-03-06 01:20:00,0.1813
2024-03-06 01:30:00,0.1328
2024-03-06 01:40:00,0.05
2024-03-06 01:50:00,0.0993
2024-03-06 02:00:00,0.0561
2024-03-06 02:10:00,0.1297
2024-03-06 02:20:00,0.05
2024-03-06 02:30:00,0.05
2024-03-06 02:40:00,0.05
2024-03-06 02:50:00,0.201
2024-03-06 03:00:00,0.0713
2024-03-06 03:10:00,0.1158
2024-03-06 03:20:00,0.1031
2024-03-06 03:30:00,0.05
2024-03-06 03:40:00,0.05
2024-03-06 03:50:00,0.0929
2024-03-06 04:00:00,0.1984
2024-03-06 04:10:00,0.3813
2024-03-06 04:20:00,0.3967
2024-03-06 04:30:00,0.7206
2024-03-06 04:40:00,0.7948
2024-03-06 04:50:00,0.9191
2024-03-06 05:00:00,0.995
2024-03-06 05:10:00,1.2822
2024-03-06 05:20:00,1.3039
2024-03-06 05:30:00,1.4799
2024-03-06 05:40:00,1.6546
2024-03-06 05:50:00,1.8495
2024-03-06 06:00:00,1.9868
2024-03-06 06:10:00,2.0267
2024-03-06 06:20:00,2.1338
2024-03-06 06:30:00,2.3189
2024-03-06 06:40:00,2.3932
2024-03-06 06:50:00,2.3478
2024-03-06 07:00:00,2.2694
2024-03-06 07:10:00,2.3705
2024-03-06 07:20:00,2.4019
2024-03-06 07:30:00,2.4372
2024-03-06 07:40:00,2.1158
2024-03-06 07:50:00,2.0775
2024-03-06 08:00:00,1.965
2024-03-06 08:10:00,1.9777
2024-03-06 08:20:00,1.7319
2024-03-06 08:30:00,1.5237
2024-03-06 08:40:00,1.5026
2024-03-06 08:50:00,1.2902
2024-03-06 09:00:00,1.0952
2024-03-06 09:10:00,1.0003
2024-03-06 09:20:00,1.0988
2024-03-06 09:30:00,0.8899
2024-03-06 09:40:00,0.7781
2024-03-06 09:50:00,0.6711
2024-03-06 10:00:00,0.6471
2024-03-06 10:10:00,0.5891
2024-03-06 10:20:00,0.5424
2024-03-06 10:30:00,0.4892
2024-03-06 10:40:00,0.5178
2024-03-06 10:50:00,0.4249
2024-03-06 11:00:00,0.325
2024-03-06 11:10:00,0.3388
2024-03-06 11:20:00,0.2177
2024-03-06 11:30:00,0.5293
2024-03-06 11:40:00,0.4296
2024-03-06 11:50:00,0.2893
2024-03-06 12:00:00,0.3297
2024-03-06 12:10:00,0.2987
2024-03-06 12:20:00,0.4713
2024-03-06 12:30:00,0.2331
2024-03-06 12:40:00,0.355
2024-03-06 12:50:00,0.3366
2024-03-06 13:00:00,0.4111
2024-03-06 13:10:00,0.3363
2024-03-06 13:20:00,0.2038
2024-03-06 13:30:00,0.3243
2024-03-06 13:40:00,0.2666
2024-03-06 13:50:00,0.3507
2024-03-06 14:00:00,0.4591
2024-03-06 14:10:00,0.2053
2024-03-06 14:20:00,0.2806
2024-03-06 14:30:00,0.3007
2024-03-06 14:40:00,0.3149
2024-03-06 14:50:00,0.4054
2024-03-06 15:00:00,0.3335
2024-03-06 15:10:00,0.3825
2024-03-06 15:20:00,0.3019
2024-03-06 15:30:00,0.3744
2024-03-06 15:40:00,0.4239
2024-03-06 15:50:00,0.311
2024-03-06 16:00:00,0.443
2024-03-06 16:10:00,0.3993
2024-03-06 16:20:00,0.4978
2024-03-06 16:30:00,0.4224
2024-03-06 16:40:00,0.4995
2024-03-06 16:50:00,0.5028
2024-03-06 17:00:00,0.5425
2024-03-06 17:10:00,0.6221
2024-03-06 17:20:00,0.7021
2024-03-06 17:30:00,0.6225
2024-03-06 17:40:00,0.9045
2024-03-06 17:50:00,0.7104
2024-03-06 18:00:00,0.8732
2024-03-06 18:10:00,0.9858
2024-03-06 18:20:00,1.0852
2024-03-06 18:30:00,1.2277
2024-03-06 18:40:00,0.9904
2024-03-06 18:50:00,1.1218
2024-03-06 19:00:00,1.0002
2024-03-06 19:10:00,1.1649
2024-03-06 19:20:00,1.1608
2024-03-06 19:30:00,1.2289
2024-03-06 19:40:00,1.0618
2024-03-06 19:50:00,1.0769
2024-03-06 20:00:00,0.9747
2024-03-06 20:10:00,0.8244
2024-03-06 20:20:00,0.6771
2024-03-06 20:30:00,0.7444
2024-03-06 20:40:00,0.5397
2024-03-06 20:50:00,0.705
2024-03-06 21:00:00,0.5372
2024-03-06 21:10:00,0.6017
2024-03-06 21:20:00,0.4305
2024-03-06 21:30:00,0.46
2024-03-06 21:40:00,0.4309
2024-03-06 21:50:00,0.3915
2024-03-06 22:00:00,0.3459
2024-03-06 22:10:00,0.401
2024-03-06 22:20:00,0.2876
2024-03-06 22:30:00,0.2592
2024-03-06 22:40:00,0.4514
2024-03-06 22:50:00,0.4074
2024-03-06 23:00:00,0.3527
2024-03-06 23:10:00,0.4794
2024-03-06 23:20:00,0.324
2024-03-06 23:30:00,0.4508
2024-03-06 23:40:00,0.3587
2024-03-06 23:50:00,0.2625
2024-03-07 00:00:00,0.4286
2024-03-07 00:10:00,0.3452
2024-03-07 00:20:00,0.2389
2024-03-07 00:30:00,0.287
2024-03-07 00:40:00,0.1743
2024-03-07 00:50:00,0.2484
2024-03-07 01:00:00,0.05
2024-03-07 01:10:00,0.05
2024-03-07 01:20:00,0.1811
2024-03-07 01:30:00,0.0828
2024-03-07 01:40:00,0.1194
2024-03-07 01:50:00,0.05
2024-03-07 02:00:00,0.2506
2024-03-07 02:10:00,0.198
2024-03-07 02:20:00,0.0867
2024-03-07 02:30:00,0.0704
2024-03-07 02:40:00,0.1851
2024-03-07 02:50:00,0.2614
2024-03-07 03:00:00,0.1791
2024-03-07 03:10:00,0.2765
2024-03-07 03:20:00,0.05
2024-03-07 03:30:00,0.05
2024-03-07 03:40:00,0.05
2024-03-07 03:50:00,0.2078
2024-03-07 04:00:00,0.269
2024-03-07 04:10:00,0.3381
2024-03-07 04:20:00,0.5229
2024-03-07 04:30:00,0.6766
2024-03-07 04:40:00,0.5871
2024-03-07 04:50:00,0.8026
2024-03-07 05:00:00,1.0654
2024-03-07 05:10:00,1.1181
2024-03-07 05:20:00,1.2512
2024-03-07 05:30:00,1.5568
2024-03-07 05:40:00,1.53
2024-03-07 05:50:00,1.7607
2024-03-07 06:00:00,1.9529
2024-03-07 06:10:00,2.009
2024-03-07 06:20:00,2.2287
2024-03-07 06:30:00,2.2114
2024-03-07 06:40:00,2.4375
2024-03-07 06:50:00,2.3578
2024-03-07 07:00:00,2.4386
2024-03-07 07:10:00,2.4354
2024-03-07 07:20:00,2.2906
2024-03-07 07:30:00,2.1176
2024-03-07 07:40:00,2.2299
2024-03-07 07:50:00,2.1073
2024-03-07 08:00:00,2.0311
2024-03-07 08:10:00,1.8422
2024-03-07 08:20:00,1.6919
2024-03-07 08:30:00,1.7494
2024-03-07 08:40:00,1.3331
2024-03-07 08:50:00,1.375
2024-03-07 09:00:00,1.1415
2024-03-07 09:10:00,1.0398
2024-03-07 09:20:00,0.9301
2024-03-07 09:30:00,0.7908
2024-03-07 09:40:00,0.8115
2024-03-07 09:50:00,0.7991
2024-03-07 10:00:00,0.6583
2024-03-07 10:10:00,0.5722
2024-03-07 10:20:00,0.4377
2024-03-07 10:30:00,0.519
2024-03-07 10:40:00,0.6187
2024-03-07 10:50:00,0.3906
2024-03-07 11:00:00,0.3712
2024-03-07 11:10:00,0.3411
2024-03-07 11:20:00,0.3351
2024-03-07 11:30:00,0.1458
2024-03-07 11:40:00,0.3912
2024-03-07 11:50:00,0.2864
2024-03-07 12:00:00,0.2217
2024-03-07 12:10:00,0.4083
2024-03-07 12:20:00,0.2597
2024-03-07 12:30:00,0.318
2024-03-07 12:40:00,0.4615
2024-03-07 12:50:00,0.2309
2024-03-07 13:00:00,0.2207
2024-03-07 13:10:00,0.3646
2024-03-07 13:20:00,0.4348
2024-03-07 13:30:00,0.2168
2024-03-07 13:40:00,0.3753
2024-03-07 13:50:00,0.3892
2024-03-07 14:00:00,0.178
2024-03-07 14:10:00,0.4067
2024-03-07 14:20:00,0.4131
2024-03-07 14:30:00,0.3184
2024-03-07 14:40:00,0.444
2024-03-07 14:50:00,0.4355
2024-03-07 15:00:00,0.354
2024-03-07 15:10:00,0.3115
2024-03-07 15:20:00,0.2725
2024-03-07 15:30:00,0.3513
2024-03-07 15:40:00,0.4055
2024-03-07 15:50:00,0.3419
2024-03-07 16:00:00,0.2029
2024-03-07 16:10:00,0.4947
2024-03-07 16:20:00,0.4274
2024-03-07 16:30:00,0.4061
2024-03-07 16:40:00,0.5353
2024-03-07 16:50:00,0.6256
2024-03-07 17:00:00,0.3234
2024-03-07 17:10:00,0.6332
2024-03-07 17:20:00,0.5418
2024-03-07 17:30:00,0.7589
2024-03-07 17:40:00,0.7963
2024-03-07 17:50:00,0.9059
2024-03-07 18:00:00,0.8836
2024-03-07 18:10:00,0.8387
2024-03-07 18:20:00,1.0111
2024-03-07 18:30:00,1.1289
2024-03-07 18:40:00,1.2149
2024-03-07 18:50:00,1.0631
2024-03-07 19:00:00,1.2469
2024-03-07 19:10:00,1.105
2024-03-07 19:20:00,1.1626
2024-03-07 19:30:00,1.0556
2024-03-07 19:40:00,1.0617
2024-03-07 19:50:00,1.0599
2024-03-07 20:00:00,0.8254
2024-03-07 20:10:00,0.8007
2024-03-07 20:20:00,0.8008
2024-03-07 20:30:00,0.9111
2024-03-07 20:40:00,0.5869
2024-03-07 20:50:00,0.7617
2024-03-07 21:00:00,0.7079
2024-03-07 21:10:00,0.4959
2024-03-07 21:20:00,0.4429
2024-03-07 21:30:00,0.3811
2024-03-07 21:40:00,0.4067
2024-03-07 21:50:00,0.2807
2024-03-07 22:00:00,0.3726
2024-03-07 22:10:00,0.4876
2024-03-07 22:20:00,0.311
2024-03-07 22:30:00,0.335
2024-03-07 22:40:00,0.2142
2024-03-07 22:50:00,0.3775
2024-03-07 23:00:00,0.3669
2024-03-07 23:10:00,0.3496
2024-03-07 23:20:00,0.3264
2024-03-07 23:30:00,0.3199
2024-03-07 23:40:00,0.3831
2024-03-07 23:50:00,0.3405
2024-03-08 00:00:00,0.3046
2024-03-08 00:10:00,0.2818
2024-03-08 00:20:00,0.3373
2024-03-08 00:30:00,0.2819
2024-03-08 00:40:00,0.2211
2024-03-08 00:50:00,0.3027
2024-03-08 01:00:00,0.1883
2024-03-08 01:10:00,0.231
2024-03-08 01:20:00,0.1508
2024-03-08 01:30:00,0.05
2024-03-08 01:40:00,0.2067
2024-03-08 01:50:00,0.1131
2024-03-08 02:00:00,0.0981
2024-03-08 02:10:00,0.1248
2024-03-08 02:20:00,0.0747
2024-03-08 02:30:00,0.1204
2024-03-08 02:40:00,0.0549
2024-03-08 02:50:00,0.2042
2024-03-08 03:00:00,0.0932
2024-03-08 03:10:00,0.0717
2024-03-08 03:20:00,0.05
2024-03-08 03:30:00,0.1238
2024-03-08 03:40:00,0.1172
2024-03-08 03:50:00,0.2027
2024-03-08 04:00:00,0.1716
2024-03-08 04:10:00,0.2205
2024-03-08 04:20:00,0.506
2024-03-08 04:30:00,0.694
2024-03-08 04:40:00,0.6236
2024-03-08 04:50:00,0.9734
2024-03-08 05:00:00,1.0177
2024-03-08 05:10:00,1.1494
2024-03-08 05:20:00,1.2769
2024-03-08 05:30:00,1.3574
2024-03-08 05:40:00,1.7042
2024-03-08 05:50:00,1.7141
2024-03-08 06:00:00,1.8549
2024-03-08 06:10:00,2.1243
2024-03-08 06:20:00,2.0049
2024-03-08 06:30:00,2.1241
2024-03-08 06:40:00,2.3121
2024-03-08 06:50:00,2.3799
2024-03-08 07:00:00,2.4122
2024-03-08 07:10:00,2.3401
2024-03-08 07:20:00,2.5319
2024-03-08 07:30:00,2.2526
2024-03-08 07:40:00,2.172
2024-03-08 07:50:00,2.0276
2024-03-08 08:00:00,1.9869
2024-03-08 08:10:00,1.9005
2024-03-08 08:20:00,1.8143
2024-03-08 08:30:00,1.4619
2024-03-08 08:40:00,1.4242
2024-03-08 08:50:00,1.3456
2024-03-08 09:00:00,1.2286
2024-03-08 09:10:00,1.062
2024-03-08 09:20:00,0.9943
2024-03-08 09:30:00,0.7862
2024-03-08 09:40:00,0.8867
2024-03-08 09:50:00,0.7639
2024-03-08 10:00:00,0.5101
2024-03-08 10:10:00,0.4752
2024-03-08 10:20:00,0.4303
2024-03-08 10:30:00,0.5296
2024-03-08 10:40:00,0.3412
2024-03-08 10:50:00,0.3925
2024-03-08 11:00:00,0.4357
2024-03-08 11:10:00,0.3788
2024-03-08 11:20:00,0.3931
2024-03-08 11:30:00,0.2784
2024-03-08 11:40:00,0.4047
2024-03-08 11:50:00,0.3032
2024-03-08 12:00:00,0.3228
2024-03-08 12:10:00,0.3654
2024-03-08 12:20:00,0.3528
2024-03-08 12:30:00,0.3453
2024-03-08 12:40:00,0.2825
2024-03-08 12:50:00,0.318
2024-03-08 13:00:00,0.3418
2024-03-08 13:10:00,0.2313
2024-03-08 13:20:00,0.3042
2024-03-08 13:30:00,0.3721
2024-03-08 13:40:00,0.2389
2024-03-08 13:50:00,0.4336
2024-03-08 14:00:00,0.4427
2024-03-08 14:10:00,0.2416
2024-03-08 14:20:00,0.45
2024-03-08 14:30:00,0.3302
2024-03-08 14:40:00,0.3756
2024-03-08 14:50:00,0.3032
2024-03-08 15:00:00,0.4179
2024-03-08 15:10:00,0.3784
2024-03-08 15:20:00,0.2835
2024-03-08 15:30:00,0.2593
2024-03-08 15:40:00,0.2414
2024-03-08 15:50:00,0.3811
2024-03-08 16:00:00,0.4227
2024-03-08 16:10:00,0.4434
2024-03-08 16:20:00,0.4007
2024-03-08 16:30:00,0.3418
2024-03-08 16:40:00,0.4099
2024-03-08 16:50:00,0.5934
2024-03-08 17:00:00,0.5062
2024-03-08 17:10:00,0.6071
2024-03-08 17:20:00,0.5667
2024-03-08 17:30:00,0.7424
2024-03-08 17:40:00,0.7456
2024-03-08 17:50:00,0.9347
2024-03-08 18:00:00,0.981
2024-03-08 18:10:00,0.9441
2024-03-08 18:20:00,1.032
2024-03-08 18:30:00,1.047
2024-03-08 18:40:00,1.0146
2024-03-08 18:50:00,1.0826
2024-03-08 19:00:00,1.175
2024-03-08 19:10:00,1.1773
2024-03-08 19:20:00,1.14
2024-03-08 19:30:00,1.0669
2024-03-08 19:40:00,1.1167
2024-03-08 19:50:00,0.9889
2024-03-08 20:00:00,0.9753
2024-03-08 20:10:00,0.709
2024-03-08 20:20:00,0.4685
2024-03-08 20:30:00,0.7382
2024-03-08 20:40:00,0.5388
2024-03-08 20:50:00,0.5786
2024-03-08 21:00:00,0.5208
2024-03-08 21:10:00,0.6282
2024-03-08 21:20:00,0.4965
2024-03-08 21:30:00,0.4476
2024-03-08 21:40:00,0.4771
2024-03-08 21:50:00,0.4208
2024-03-08 22:00:00,0.3402
2024-03-08 22:10:00,0.4518
2024-03-08 22:20:00,0.2694
2024-03-08 22:30:00,0.3784
2024-03-08 22:40:00,0.2248
2024-03-08 22:50:00,0.3622
2024-03-08 23:00:00,0.3595
2024-03-08 23:10:00,0.477
2024-03-08 23:20:00,0.2169
2024-03-08 23:30:00,0.2936
2024-03-08 23:40:00,0.4072
2024-03-08 23:50:00,0.368
2024-03-09 00:00:00,0.3759
2024-03-09 00:10:00,0.2658
2024-03-09 00:20:00,0.2728
2024-03-09 00:30:00,0.3942
2024-03-09 00:40:00,0.2619
2024-03-09 00:50:00,0.2644
2024-03-09 01:00:00,0.1909
2024-03-09 01:10:00,0.0691
2024-03-09 01:20:00,0.207
2024-03-09 01:30:00,0.1726
2024-03-09 01:40:00,0.3168
2024-03-09 01:50:00,0.0511
2024-03-09 02:00:00,0.1981
2024-03-09 02:10:00,0.05
2024-03-09 02:20:00,0.1449
2024-03-09 02:30:00,0.2104
2024-03-09 02:40:00,0.05
2024-03-09 02:50:00,0.1159
2024-03-09 03:00:00,0.0872
2024-03-09 03:10:00,0.0761
2024-03-09 03:20:00,0.1631
2024-03-09 03:30:00,0.222
2024-03-09 03:40:00,0.1216
2024-03-09 03:50:00,0.2385
2024-03-09 04:00:00,0.3374
2024-03-09 04:10:00,0.4511
2024-03-09 04:20:00,0.5026
2024-03-09 04:30:00,0.8328
2024-03-09 04:40:00,0.9366
2024-03-09 04:50:00,1.1263
2024-03-09 05:00:00,1.2226
2024-03-09 05:10:00,1.4509
2024-03-09 05:20:00,1.6789
2024-03-09 05:30:00,1.7766
2024-03-09 05:40:00,1.9674
2024-03-09 05:50:00,2.2496
2024-03-09 06:00:00,2.522
2024-03-09 06:10:00,2.5931
2024-03-09 06:20:00,2.707
2024-03-09 06:30:00,2.8403
2024-03-09 06:40:00,2.9565
2024-03-09 06:50:00,3.02
2024-03-09 07:00:00,3.2435
2024-03-09 07:10:00,3.1428
2024-03-09 07:20:00,3.0955
2024-03-09 07:30:00,3.031
2024-03-09 07:40:00,2.7537
2024-03-09 07:50:00,2.6076
2024-03-09 08:00:00,2.469
2024-03-09 08:10:00,2.5016
2024-03-09 08:20:00,2.1787
2024-03-09 08:30:00,1.9451
2024-03-09 08:40:00,1.8334
2024-03-09 08:50:00,1.6754
2024-03-09 09:00:00,1.5501
2024-03-09 09:10:00,1.3932
2024-03-09 09:20:00,1.1638
2024-03-09 09:30:00,1.1556
2024-03-09 09:40:00,0.9347
2024-03-09 09:50:00,0.873
2024-03-09 10:00:00,0.8541
2024-03-09 10:10:00,0.6746
2024-03-09 10:20:00,0.6195
2024-03-09 10:30:00,0.6623
2024-03-09 10:40:00,0.5058
2024-03-09 10:50:00,0.5113
2024-03-09 11:00:00,0.5611
2024-03-09 11:10:00,0.6612
2024-03-09 11:20:00,0.5302
2024-03-09 11:30:00,0.5082
2024-03-09 11:40:00,0.5044
2024-03-09 11:50:00,0.3699
2024-03-09 12:00:00,0.4605
2024-03-09 12:10:00,0.4457
2024-03-09 12:20:00,0.4715
2024-03-09 12:30:00,0.4535
2024-03-09 12:40:00,0.4735
2024-03-09 12:50:00,0.4175
2024-03-09 13:00:00,0.4466
2024-03-09 13:10:00,0.3434
2024-03-09 13:20:00,0.4158
2024-03-09 13:30:00,0.5525
2024-03-09 13:40:00,0.4667
2024-03-09 13:50:00,0.4395
2024-03-09 14:00:00,0.5929
2024-03-09 14:10:00,0.3325
2024-03-09 14:20:00,0.3528
2024-03-09 14:30:00,0.579
2024-03-09 14:40:00,0.4463
2024-03-09 14:50:00,0.4242
2024-03-09 15:00:00,0.3492
2024-03-09 15:10:00,0.4833
2024-03-09 15:20:00,0.4945
2024-03-09 15:30:00,0.3685
2024-03-09 15:40:00,0.4521
2024-03-09 15:50:00,0.4467
2024-03-09 16:00:00,0.508
2024-03-09 16:10:00,0.4167
2024-03-09 16:20:00,0.6308
2024-03-09 16:30:00,0.6351
2024-03-09 16:40:00,0.5718
2024-03-09 16:50:00,0.6311
2024-03-09 17:00:00,0.694
2024-03-09 17:10:00,0.7082
2024-03-09 17:20:00,0.809
2024-03-09 17:30:00,0.904
2024-03-09 17:40:00,1.141
2024-03-09 17:50:00,1.1765
2024-03-09 18:00:00,1.2637
2024-03-09 18:10:00,1.3023
2024-03-09 18:20:00,1.2587
2024-03-09 18:30:00,1.4081
2024-03-09 18:40:00,1.537
2024-03-09 18:50:00,1.3886
2024-03-09 19:00:00,1.5504
2024-03-09 19:10:00,1.6751
2024-03-09 19:20:00,1.5443
2024-03-09 19:30:00,1.5246
2024-03-09 19:40:00,1.3656
2024-03-09 19:50:00,1.3501
2024-03-09 20:00:00,1.1315
2024-03-09 20:10:00,1.1645
2024-03-09 20:20:00,1.0643
2024-03-09 20:30:00,0.9488
2024-03-09 20:40:00,0.9497
2024-03-09 20:50:00,0.7274
2024-03-09 21:00:00,0.69
2024-03-09 21:10:00,0.656
2024-03-09 21:20:00,0.5185
2024-03-09 21:30:00,0.58
2024-03-09 21:40:00,0.3931
2024-03-09 21:50:00,0.5899
2024-03-09 22:00:00,0.4912
2024-03-09 22:10:00,0.4319
2024-03-09 22:20:00,0.3966
2024-03-09 22:30:00,0.4373
2024-03-09 22:40:00,0.506
2024-03-09 22:50:00,0.4913
2024-03-09 23:00:00,0.3887
2024-03-09 23:10:00,0.3759
2024-03-09 23:20:00,0.4951
2024-03-09 23:30:00,0.3842
2024-03-09 23:40:00,0.4464
2024-03-09 23:50:00,0.4512
2024-03-10 00:00:00,0.3847
2024-03-10 00:10:00,0.4093
2024-03-10 00:20:00,0.2174
2024-03-10 00:30:00,0.1403
2024-03-10 00:40:00,0.2193
2024-03-10 00:50:00,0.3774
2024-03-10 01:00:00,0.3609
2024-03-10 01:10:00,0.3095
2024-03-10 01:20:00,0.1162
2024-03-10 01:30:00,0.05
2024-03-10 01:40:00,0.05
2024-03-10 01:50:00,0.0825
2024-03-10 02:00:00,0.1158
2024-03-10 02:10:00,0.2357
2024-03-10 02:20:00,0.2011
2024-03-10 02:30:00,0.1498
2024-03-10 02:40:00,0.0605
2024-03-10 02:50:00,0.0548
2024-03-10 03:00:00,0.152
2024-03-10 03:10:00,0.1874
2024-03-10 03:20:00,0.163
2024-03-10 03:30:00,0.05
2024-03-10 03:40:00,0.1837
2024-03-10 03:50:00,0.255
2024-03-10 04:00:00,0.241
2024-03-10 04:10:00,0.386
2024-03-10 04:20:00,0.6419
2024-03-10 04:30:00,0.7217
2024-03-10 04:40:00,1.0356
2024-03-10 04:50:00,1.1293
2024-03-10 05:00:00,1.2418
2024-03-10 05:10:00,1.4794
2024-03-10 05:20:00,1.6896
2024-03-10 05:30:00,1.8316
2024-03-10 05:40:00,2.019
2024-03-10 05:50:00,2.3424
2024-03-10 06:00:00,2.5356
2024-03-10 06:10:00,2.6805
2024-03-10 06:20:00,2.8959
2024-03-10 06:30:00,2.8477
2024-03-10 06:40:00,3.112
2024-03-10 06:50:00,2.9612
2024-03-10 07:00:00,2.9741
2024-03-10 07:10:00,2.9024
2024-03-10 07:20:00,2.9629
2024-03-10 07:30:00,2.8827
2024-03-10 07:40:00,2.8616
2024-03-10 07:50:00,2.7115
2024-03-10 08:00:00,2.4494
2024-03-10 08:10:00,2.3516
2024-03-10 08:20:00,2.1817
2024-03-10 08:30:00,1.893
2024-03-10 08:40:00,1.7801
2024-03-10 08:50:00,1.6244
2024-03-10 09:00:00,1.6358
2024-03-10 09:10:00,1.3817
2024-03-10 09:20:00,1.277
2024-03-10 09:30:00,0.9754
2024-03-10 09:40:00,1.0765
2024-03-10 09:50:00,0.9852
2024-03-10 10:00:00,0.6353
2024-03-10 10:10:00,0.666
2024-03-10 10:20:00,0.7014
2024-03-10 10:30:00,0.6634
2024-03-10 10:40:00,0.5173
2024-03-10 10:50:00,0.5149
2024-03-10 11:00:00,0.4662
2024-03-10 11:10:00,0.5032
2024-03-10 11:20:00,0.5752
2024-03-10 11:30:00,0.4064
2024-03-10 11:40:00,0.5397
2024-03-10 11:50:00,0.3909
2024-03-10 12:00:00,0.3812
2024-03-10 12:10:00,0.5113
2024-03-10 12:20:00,0.5173
2024-03-10 12:30:00,0.5101
2024-03-10 12:40:00,0.3357
2024-03-10 12:50:00,0.4029
2024-03-10 13:00:00,0.5056
2024-03-10 13:10:00,0.4427
2024-03-10 13:20:00,0.3533
2024-03-10 13:30:00,0.4757
2024-03-10 13:40:00,0.3818
2024-03-10 13:50:00,0.5826
2024-03-10 14:00:00,0.5626
2024-03-10 14:10:00,0.4875
2024-03-10 14:20:00,0.5483
2024-03-10 14:30:00,0.4449
2024-03-10 14:40:00,0.5016
2024-03-10 14:50:00,0.5596
2024-03-10 15:00:00,0.4625
2024-03-10 15:10:00,0.4248
2024-03-10 15:20:00,0.3123
2024-03-10 15:30:00,0.4471
2024-03-10 15:40:00,0.5269
2024-03-10 15:50:00,0.5469
2024-03-10 16:00:00,0.5254
2024-03-10 16:10:00,0.4604
2024-03-10 16:20:00,0.3698
2024-03-10 16:30:00,0.5194
2024-03-10 16:40:00,0.5735
2024-03-10 16:50:00,0.6201
2024-03-10 17:00:00,0.7509
2024-03-10 17:10:00,0.9255
2024-03-10 17:20:00,0.8502
2024-03-10 17:30:00,0.9037
2024-03-10 17:40:00,0.9862
2024-03-10 17:50:00,1.1053
2024-03-10 18:00:00,1.1168
2024-03-10 18:10:00,1.276
2024-03-10 18:20:00,1.3775
2024-03-10 18:30:00,1.4212
2024-03-10 18:40:00,1.4888
2024-03-10 18:50:00,1.5166
2024-03-10 19:00:00,1.3503
2024-03-10 19:10:00,1.5328
2024-03-10 19:20:00,1.3985
2024-03-10 19:30:00,1.3168
2024-03-10 19:40:00,1.253
2024-03-10 19:50:00,1.301
2024-03-10 20:00:00,1.1652
2024-03-10 20:10:00,0.9608
2024-03-10 20:20:00,1.0452
2024-03-10 20:30:00,0.8058
2024-03-10 20:40:00,0.8515
2024-03-10 20:50:00,0.7857
2024-03-10 21:00:00,0.7723
2024-03-10 21:10:00,0.7877
2024-03-10 21:20:00,0.4887
2024-03-10 21:30:00,0.5549
2024-03-10 21:40:00,0.5059
2024-03-10 21:50:00,0.5384
2024-03-10 22:00:00,0.5024
2024-03-10 22:10:00,0.443
2024-03-10 22:20:00,0.4258
2024-03-10 22:30:00,0.3645
2024-03-10 22:40:00,0.5277
2024-03-10 22:50:00,0.482
2024-03-10 23:00:00,0.5163
2024-03-10 23:10:00,0.4165
2024-03-10 23:20:00,0.3878
2024-03-10 23:30:00,0.3535
2024-03-10 23:40:00,0.4681
2024-03-10 23:50:00,0.356
2024-03-11 00:00:00,0.4232
2024-03-11 00:10:00,0.1561
2024-03-11 00:20:00,0.2656
2024-03-11 00:30:00,0.3497
2024-03-11 00:40:00,0.2505
2024-03-11 00:50:00,0.1926
2024-03-11 01:00:00,0.075
2024-03-11 01:10:00,0.05
2024-03-11 01:20:00,0.1624
2024-03-11 01:30:00,0.2213
2024-03-11 01:40:00,0.0657
2024-03-11 01:50:00,0.05
2024-03-11 02:00:00,0.05
2024-03-11 02:10:00,0.05
2024-03-11 02:20:00,0.0917
2024-03-11 02:30:00,0.2287
2024-03-11 02:40:00,0.1546
2024-03-11 02:50:00,0.1252
2024-03-11 03:00:00,0.0687
2024-03-11 03:10:00,0.0541
2024-03-11 03:20:00,0.2132
2024-03-11 03:30:00,0.1168
2024-03-11 03:40:00,0.05
2024-03-11 03:50:00,0.1152
2024-03-11 04:00:00,0.1813
2024-03-11 04:10:00,0.2997
2024-03-11 04:20:00,0.4942
2024-03-11 04:30:00,0.5581
2024-03-11 04:40:00,0.6892
2024-03-11 04:50:00,0.9387
2024-03-11 05:00:00,0.9245
2024-03-11 05:10:00,1.2821
2024-03-11 05:20:00,1.2356
2024-03-11 05:30:00,1.4536
2024-03-11 05:40:00,1.5787
2024-03-11 05:50:00,1.7597
2024-03-11 06:00:00,1.9245
2024-03-11 06:10:00,2.0494
2024-03-11 06:20:00,2.0634
2024-03-11 06:30:00,2.1229
2024-03-11 06:40:00,2.4796
2024-03-11 06:50:00,2.2828
2024-03-11 07:00:00,2.3942
2024-03-11 07:10:00,2.2006
2024-03-11 07:20:00,2.2726
2024-03-11 07:30:00,2.227
2024-03-11 07:40:00,2.1958
2024-03-11 07:50:00,1.8426
2024-03-11 08:00:00,1.9611
2024-03-11 08:10:00,1.7319
2024-03-11 08:20:00,1.7185
2024-03-11 08:30:00,1.4747
2024-03-11 08:40:00,1.3541
2024-03-11 08:50:00,1.2686
2024-03-11 09:00:00,1.08
2024-03-11 09:10:00,1.0077
2024-03-11 09:20:00,0.8413
2024-03-11 09:30:00,0.6917
2024-03-11 09:40:00,0.8323
2024-03-11 09:50:00,0.5707
2024-03-11 10:00:00,0.5943
2024-03-11 10:10:00,0.6131
2024-03-11 10:20:00,0.4573
2024-03-11 10:30:00,0.4023
2024-03-11 10:40:00,0.4555
2024-03-11 10:50:00,0.5022
2024-03-11 11:00:00,0.2999
2024-03-11 11:10:00,0.3664
2024-03-11 11:20:00,0.2283
2024-03-11 11:30:00,0.3268
2024-03-11 11:40:00,0.3545
2024-03-11 11:50:00,0.2787
2024-03-11 12:00:00,0.3071
2024-03-11 12:10:00,0.2286
2024-03-11 12:20:00,0.3457
2024-03-11 12:30:00,0.4227
2024-03-11 12:40:00,0.2497
2024-03-11 12:50:00,0.2871
2024-03-11 13:00:00,0.3767
2024-03-11 13:10:00,0.4333
2024-03-11 13:20:00,0.2167
2024-03-11 13:30:00,0.3226
2024-03-11 13:40:00,0.3587
2024-03-11 13:50:00,0.3278
2024-03-11 14:00:00,0.1379
2024-03-11 14:10:00,0.3762
2024-03-11 14:20:00,0.4578
2024-03-11 14:30:00,0.3459
2024-03-11 14:40:00,0.2546
2024-03-11 14:50:00,0.2968
2024-03-11 15:00:00,0.4806
2024-03-11 15:10:00,0.4136
2024-03-11 15:20:00,0.3946
2024-03-11 15:30:00,0.3758
2024-03-11 15:40:00,0.3
2024-03-11 15:50:00,0.3446
2024-03-11 16:00:00,0.365
2024-03-11 16:10:00,0.4295
2024-03-11 16:20:00,0.5248
2024-03-11 16:30:00,0.5174
2024-03-11 16:40:00,0.344
2024-03-11 16:50:00,0.5117
2024-03-11 17:00:00,0.5958
2024-03-11 17:10:00,0.6363
2024-03-11 17:20:00,0.5928
2024-03-11 17:30:00,0.938
2024-03-11 17:40:00,0.6685
2024-03-11 17:50:00,0.7517
2024-03-11 18:00:00,0.9242
2024-03-11 18:10:00,1.1386
2024-03-11 18:20:00,0.9598
2024-03-11 18:30:00,1.0537
2024-03-11 18:40:00,1.1976
2024-03-11 18:50:00,1.1328
2024-03-11 19:00:00,1.1152
2024-03-11 19:10:00,1.1795
2024-03-11 19:20:00,1.1332
2024-03-11 19:30:00,1.1574
2024-03-11 19:40:00,1.13
2024-03-11 19:50:00,0.9938
2024-03-11 20:00:00,0.9288
2024-03-11 20:10:00,0.8555
2024-03-11 20:20:00,0.8098
2024-03-11 20:30:00,0.7093
2024-03-11 20:40:00,0.6431
2024-03-11 20:50:00,0.6825
2024-03-11 21:00:00,0.6582
2024-03-11 21:10:00,0.3732
2024-03-11 21:20:00,0.4584
2024-03-11 21:30:00,0.3728
2024-03-11 21:40:00,0.3792
2024-03-11 21:50:00,0.4177
2024-03-11 22:00:00,0.4248
2024-03-11 22:10:00,0.3517
2024-03-11 22:20:00,0.1998
2024-03-11 22:30:00,0.2701
2024-03-11 22:40:00,0.4152
2024-03-11 22:50:00,0.1215
2024-03-11 23:00:00,0.434
2024-03-11 23:10:00,0.3795
2024-03-11 23:20:00,0.4423
2024-03-11 23:30:00,0.3207
2024-03-11 23:40:00,0.1714
2024-03-11 23:50:00,0.3705
2024-03-12 00:00:00,0.3759
2024-03-12 00:10:00,0.3334
2024-03-12 00:20:00,0.1895
2024-03-12 00:30:00,0.2302
2024-03-12 00:40:00,0.1589
2024-03-12 00:50:00,0.1121
2024-03-12 01:00:00,0.2281
2024-03-12 01:10:00,0.05
2024-03-12 01:20:00,0.05
2024-03-12 01:30:00,0.05
2024-03-12 01:40:00,0.05
2024-03-12 01:50:00,0.112
2024-03-12 02:00:00,0.1932
2024-03-12 02:10:00,0.0855
2024-03-12 02:20:00,0.05
2024-03-12 02:30:00,0.1674
2024-03-12 02:40:00,0.2351
2024-03-12 02:50:00,0.05
2024-03-12 03:00:00,0.062
2024-03-12 03:10:00,0.1415
2024-03-12 03:20:00,0.23
2024-03-12 03:30:00,0.0587
2024-03-12 03:40:00,0.05
2024-03-12 03:50:00,0.2188
2024-03-12 04:00:00,0.3127
2024-03-12 04:10:00,0.3422
2024-03-12 04:20:00,0.4022
2024-03-12 04:30:00,0.6434
2024-03-12 04:40:00,0.734
2024-03-12 04:50:00,0.768
2024-03-12 05:00:00,0.9792
2024-03-12 05:10:00,1.0191
2024-03-12 05:20:00,1.3376
2024-03-12 05:30:00,1.4182
2024-03-12 05:40:00,1.5582
2024-03-12 05:50:00,1.7383
2024-03-12 06:00:00,1.8825
2024-03-12 06:10:00,2.076
2024-03-12 06:20:00,2.1601
2024-03-12 06:30:00,2.189
2024-03-12 06:40:00,2.3289
2024-03-12 06:50:00,2.3418
2024-03-12 07:00:00,2.2923
2024-03-12 07:10:00,2.3074
2024-03-12 07:20:00,2.2715
2024-03-12 07:30:00,2.2662
2024-03-12 07:40:00,2.1177
2024-03-12 07:50:00,2.0187
2024-03-12 08:00:00,2.0954
2024-03-12 08:10:00,1.8898
2024-03-12 08:20:00,1.6231
2024-03-12 08:30:00,1.5954
2024-03-12 08:40:00,1.4248
2024-03-12 08:50:00,1.3153
2024-03-12 09:00:00,1.1693
2024-03-12 09:10:00,1.1356
2024-03-12 09:20:00,0.9597
2024-03-12 09:30:00,0.8291
2024-03-12 09:40:00,0.8304
2024-03-12 09:50:00,0.6896
2024-03-12 10:00:00,0.6152
2024-03-12 10:10:00,0.5752
2024-03-12 10:20:00,0.4964
2024-03-12 10:30:00,0.4667
2024-03-12 10:40:00,0.3883
2024-03-12 10:50:00,0.3506
2024-03-12 11:00:00,0.3115
2024-03-12 11:10:00,0.2651
2024-03-12 11:20:00,0.2947
2024-03-12 11:30:00,0.3425
2024-03-12 11:40:00,0.3583
2024-03-12 11:50:00,0.3236
2024-03-12 12:00:00,0.1535
2024-03-12 12:10:00,0.4654
2024-03-12 12:20:00,0.4247
2024-03-12 12:30:00,0.3722
2024-03-12 12:40:00,0.4884
2024-03-12 12:50:00,0.257
2024-03-12 13:00:00,0.4858
2024-03-12 13:10:00,0.2574
2024-03-12 13:20:00,0.3535
2024-03-12 13:30:00,0.2324
2024-03-12 13:40:00,0.3355
2024-03-12 13:50:00,0.3652
2024-03-12 14:00:00,0.322
2024-03-12 14:10:00,0.3915
2024-03-12 14:20:00,0.3425
2024-03-12 14:30:00,0.2931
2024-03-12 14:40:00,0.29
2024-03-12 14:50:00,0.401
2024-03-12 15:00:00,0.285
2024-03-12 15:10:00,0.4123
2024-03-12 15:20:00,0.4395
2024-03-12 15:30:00,0.2121
2024-03-12 15:40:00,0.4417
2024-03-12 15:50:00,0.5237
2024-03-12 16:00:00,0.3896
2024-03-12 16:10:00,0.4315
2024-03-12 16:20:00,0.485
2024-03-12 16:30:00,0.4037
2024-03-12 16:40:00,0.4698
2024-03-12 16:50:00,0.3862
2024-03-12 17:00:00,0.5452
2024-03-12 17:10:00,0.6237
2024-03-12 17:20:00,0.6811
2024-03-12 17:30:00,0.7866
2024-03-12 17:40:00,0.7048
2024-03-12 17:50:00,0.7915
2024-03-12 18:00:00,1.0525
2024-03-12 18:10:00,0.9523
2024-03-12 18:20:00,1.0375
2024-03-12 18:30:00,1.0641
2024-03-12 18:40:00,1.0401
2024-03-12 18:50:00,1.2583
2024-03-12 19:00:00,1.0939
2024-03-12 19:10:00,1.0383
2024-03-12 19:20:00,1.0697
2024-03-12 19:30:00,0.9093
2024-03-12 19:40:00,0.9694
2024-03-12 19:50:00,0.8869
2024-03-12 20:00:00,0.9503
2024-03-12 20:10:00,0.7802
2024-03-12 20:20:00,0.8378
2024-03-12 20:30:00,0.8132
2024-03-12 20:40:00,0.7023
2024-03-12 20:50:00,0.5666
2024-03-12 21:00:00,0.5454
2024-03-12 21:10:00,0.3693
2024-03-12 21:20:00,0.4446
2024-03-12 21:30:00,0.3569
2024-03-12 21:40:00,0.4576
2024-03-12 21:50:00,0.5894
2024-03-12 22:00:00,0.4094
2024-03-12 22:10:00,0.1995
2024-03-12 22:20:00,0.3222
2024-03-12 22:30:00,0.3554
2024-03-12 22:40:00,0.3487
2024-03-12 22:50:00,0.2806
2024-03-12 23:00:00,0.3569
2024-03-12 23:10:00,0.2367
2024-03-12 23:20:00,0.2598
2024-03-12 23:30:00,0.3865
2024-03-12 23:40:00,0.2533
2024-03-12 23:50:00,0.3775
2024-03-13 00:00:00,0.1629
2024-03-13 00:10:00,0.3992
2024-03-13 00:20:00,0.1793
2024-03-13 00:30:00,0.2042
2024-03-13 00:40:00,0.227
2024-03-13 00:50:00,0.1315
2024-03-13 01:00:00,0.1624
2024-03-13 01:10:00,0.1695
2024-03-13 01:20:00,0.1766
2024-03-13 01:30:00,0.1631
2024-03-13 01:40:00,0.086
2024-03-13 01:50:00,0.088
2024-03-13 02:00:00,0.2877
2024-03-13 02:10:00,0.1757
2024-03-13 02:20:00,0.05
2024-03-13 02:30:00,0.1077
2024-03-13 02:40:00,0.0729
2024-03-13 02:50:00,0.0889
2024-03-13 03:00:00,0.05
2024-03-13 03:10:00,0.0668
2024-03-13 03:20:00,0.2447
2024-03-13 03:30:00,0.1461
2024-03-13 03:40:00,0.05
2024-03-13 03:50:00,0.2647
2024-03-13 04:00:00,0.3346
2024-03-13 04:10:00,0.3112
2024-03-13 04:20:00,0.502
2024-03-13 04:30:00,0.4922
2024-03-13 04:40:00,0.6506
2024-03-13 04:50:00,0.9451
2024-03-13 05:00:00,0.9485
2024-03-13 05:10:00,0.9718
2024-03-13 05:20:00,1.2711
2024-03-13 05:30:00,1.4255
2024-03-13 05:40:00,1.6807
2024-03-13 05:50:00,1.7332
2024-03-13 06:00:00,1.8359
2024-03-13 06:10:00,2.0777
2024-03-13 06:20:00,2.1117
2024-03-13 06:30:00,2.1302
2024-03-13 06:40:00,2.3485
2024-03-13 06:50:00,2.3134
2024-03-13 07:00:00,2.3147
2024-03-13 07:10:00,2.3197
2024-03-13 07:20:00,2.186
2024-03-13 07:30:00,2.1722
2024-03-13 07:40:00,2.1363
2024-03-13 07:50:00,2.0238
2024-03-13 08:00:00,2.0297
2024-03-13 08:10:00,1.8227
2024-03-13 08:20:00,1.7437
2024-03-13 08:30:00,1.5425
2024-03-13 08:40:00,1.4925
2024-03-13 08:50:00,1.3092
2024-03-13 09:00:00,1.1534
2024-03-13 09:10:00,1.0341
2024-03-13 09:20:00,0.8509
2024-03-13 09:30:00,0.8703
2024-03-13 09:40:00,0.74
2024-03-13 09:50:00,0.6273
2024-03-13 10:00:00,0.6909
2024-03-13 10:10:00,0.4473
2024-03-13 10:20:00,0.4675
2024-03-13 10:30:00,0.5458
2024-03-13 10:40:00,0.4582
2024-03-13 10:50:00,0.4048
2024-03-13 11:00:00,0.4095
2024-03-13 11:10:00,0.3889
2024-03-13 11:20:00,0.2418
2024-03-13 11:30:00,0.3267
2024-03-13 11:40:00,0.4775
2024-03-13 11:50:00,0.2908
2024-03-13 12:00:00,0.3147
2024-03-13 12:10:00,0.2944
2024-03-13 12:20:00,0.3291
2024-03-13 12:30:00,0.2882
2024-03-13 12:40:00,0.373
2024-03-13 12:50:00,0.3493
2024-03-13 13:00:00,0.395
2024-03-13 13:10:00,0.2488
2024-03-13 13:20:00,0.3055
2024-03-13 13:30:00,0.3146
2024-03-13 13:40:00,0.369
2024-03-13 13:50:00,0.2691
2024-03-13 14:00:00,0.4059
2024-03-13 14:10:00,0.4276
2024-03-13 14:20:00,0.2538
2024-03-13 14:30:00,0.2939
2024-03-13 14:40:00,0.2911
2024-03-13 14:50:00,0.545
2024-03-13 15:00:00,0.3011
2024-03-13 15:10:00,0.4715
2024-03-13 15:20:00,0.2386
2024-03-13 15:30:00,0.2646
2024-03-13 15:40:00,0.2944
2024-03-13 15:50:00,0.2893
2024-03-13 16:00:00,0.3461
2024-03-13 16:10:00,0.3249
2024-03-13 16:20:00,0.3344
2024-03-13 16:30:00,0.5162
2024-03-13 16:40:00,0.5508
2024-03-13 16:50:00,0.5647
2024-03-13 17:00:00,0.5733
2024-03-13 17:10:00,0.5882
2024-03-13 17:20:00,0.5968
2024-03-13 17:30:00,0.6215
2024-03-13 17:40:00,0.7919
2024-03-13 17:50:00,0.7359
2024-03-13 18:00:00,0.8167
2024-03-13 18:10:00,1.0516
2024-03-13 18:20:00,1.1683
2024-03-13 18:30:00,1.0954
2024-03-13 18:40:00,1.1886
2024-03-13 18:50:00,1.103
2024-03-13 19:00:00,1.0233
2024-03-13 19:10:00,1.1716
2024-03-13 19:20:00,1.1457
2024-03-13 19:30:00,1.0697
2024-03-13 19:40:00,0.9968
2024-03-13 19:50:00,1.0363
2024-03-13 20:00:00,0.8174
2024-03-13 20:10:00,0.7679
2024-03-13 20:20:00,0.6822
2024-03-13 20:30:00,0.7045
2024-03-13 20:40:00,0.5495
2024-03-13 20:50:00,0.5261
2024-03-13 21:00:00,0.4749
2024-03-13 21:10:00,0.4679
2024-03-13 21:20:00,0.3339
2024-03-13 21:30:00,0.4305
2024-03-13 21:40:00,0.4998
2024-03-13 21:50:00,0.3924
2024-03-13 22:00:00,0.4908
2024-03-13 22:10:00,0.4637
2024-03-13 22:20:00,0.4115
2024-03-13 22:30:00,0.3498
2024-03-13 22:40:00,0.3417
2024-03-13 22:50:00,0.3984
2024-03-13 23:00:00,0.3042
2024-03-13 23:10:00,0.1838
2024-03-13 23:20:00,0.373
2024-03-13 23:30:00,0.2427
2024-03-13 23:40:00,0.2559
2024-03-13 23:50:00,0.3327
2024-03-14 00:00:00,0.2635
2024-03-14 00:10:00,0.1437
2024-03-14 00:20:00,0.2533
2024-03-14 00:30:00,0.2982
2024-03-14 00:40:00,0.1092
2024-03-14 00:50:00,0.2776
2024-03-14 01:00:00,0.05
2024-03-14 01:10:00,0.2922
2024-03-14 01:20:00,0.0663
2024-03-14 01:30:00,0.1109
2024-03-14 01:40:00,0.05
2024-03-14 01:50:00,0.0942
2024-03-14 02:00:00,0.1175
2024-03-14 02:10:00,0.0923
2024-03-14 02:20:00,0.0542
2024-03-14 02:30:00,0.05
2024-03-14 02:40:00,0.1897
2024-03-14 02:50:00,0.1017
2024-03-14 03:00:00,0.2225
2024-03-14 03:10:00,0.0571
2024-03-14 03:20:00,0.0644
2024-03-14 03:30:00,0.1645
2024-03-14 03:40:00,0.05
2024-03-14 03:50:00,0.0695
2024-03-14 04:00:00,0.334
2024-03-14 04:10:00,0.2444
2024-03-14 04:20:00,0.2968
2024-03-14 04:30:00,0.7075
2024-03-14 04:40:00,0.5732
2024-03-14 04:50:00,0.8356
2024-03-14 05:00:00,0.9707
2024-03-14 05:10:00,0.8907
2024-03-14 05:20:00,1.2482
2024-03-14 05:30:00,1.4602
2024-03-14 05:40:00,1.605
2024-03-14 05:50:00,1.7953
2024-03-14 06:00:00,1.829
2024-03-14 06:10:00,2.0408
2024-03-14 06:20:00,2.036
2024-03-14 06:30:00,2.066
2024-03-14 06:40:00,2.1406
2024-03-14 06:50:00,2.169
2024-03-14 07:00:00,2.3832
2024-03-14 07:10:00,2.1724
2024-03-14 07:20:00,2.2818
2024-03-14 07:30:00,2.1817
2024-03-14 07:40:00,2.1167
2024-03-14 07:50:00,2.1379
2024-03-14 08:00:00,1.8829
2024-03-14 08:10:00,1.8449
2024-03-14 08:20:00,1.6697
2024-03-14 08:30:00,1.5216
2024-03-14 08:40:00,1.5847
2024-03-14 08:50:00,1.1554
2024-03-14 09:00:00,1.2495
2024-03-14 09:10:00,1.0823
2024-03-14 09:20:00,0.8841
2024-03-14 09:30:00,0.9558
2024-03-14 09:40:00,0.5915
2024-03-14 09:50:00,0.6223
2024-03-14 10:00:00,0.5026
2024-03-14 10:10:00,0.5774
2024-03-14 10:20:00,0.4097
2024-03-14 10:30:00,0.4958
2024-03-14 10:40:00,0.4158
2024-03-14 10:50:00,0.3681
2024-03-14 11:00:00,0.4185
2024-03-14 11:10:00,0.3511
2024-03-14 11:20:00,0.2742
2024-03-14 11:30:00,0.5769
2024-03-14 11:40:00,0.3074
2024-03-14 11:50:00,0.1644
2024-03-14 12:00:00,0.271
2024-03-14 12:10:00,0.2346
2024-03-14 12:20:00,0.4004
2024-03-14 12:30:00,0.3588
2024-03-14 12:40:00,0.3642
2024-03-14 12:50:00,0.3022
2024-03-14 13:00:00,0.309
2024-03-14 13:10:00,0.3015
2024-03-14 13:20:00,0.3245
2024-03-14 13:30:00,0.3977
2024-03-14 13:40:00,0.3578
2024-03-14 13:50:00,0.3709
2024-03-14 14:00:00,0.3709
2024-03-14 14:10:00,0.4017
2024-03-14 14:20:00,0.3542
2024-03-14 14:30:00,0.3601
2024-03-14 14:40:00,0.427
2024-03-14 14:50:00,0.2794
2024-03-14 15:00:00,0.2653
2024-03-14 15:10:00,0.2407
2024-03-14 15:20:00,0.3528
2024-03-14 15:30:00,0.1937
2024-03-14 15:40:00,0.3845
2024-03-14 15:50:00,0.3464
2024-03-14 16:00:00,0.4564
2024-03-14 16:10:00,0.3258
2024-03-14 16:20:00,0.3817
2024-03-14 16:30:00,0.5111
2024-03-14 16:40:00,0.5612
2024-03-14 16:50:00,0.4318
2024-03-14 17:00:00,0.5432
2024-03-14 17:10:00,0.6014
2024-03-14 17:20:00,0.6632
2024-03-14 17:30:00,0.6731
2024-03-14 17:40:00,0.8614
2024-03-14 17:50:00,0.6743
2024-03-14 18:00:00,0.8579
2024-03-14 18:10:00,0.9902
2024-03-14 18:20:00,1.0475
2024-03-14 18:30:00,1.1667
2024-03-14 18:40:00,1.1903
2024-03-14 18:50:00,1.094
2024-03-14 19:00:00,1.2284
2024-03-14 19:10:00,1.0597
2024-03-14 19:20:00,1.1689
2024-03-14 19:30:00,1.2033
2024-03-14 19:40:00,1.1081
2024-03-14 19:50:00,0.9629
2024-03-14 20:00:00,0.8651
2024-03-14 20:10:00,0.7032
2024-03-14 20:20:00,0.7837
2024-03-14 20:30:00,0.6049
2024-03-14 20:40:00,0.5698
2024-03-14 20:50:00,0.4825
2024-03-14 21:00:00,0.4918
2024-03-14 21:10:00,0.484
2024-03-14 21:20:00,0.4725
2024-03-14 21:30:00,0.3733
2024-03-14 21:40:00,0.4835
2024-03-14 21:50:00,0.3629
2024-03-14 22:00:00,0.3026
2024-03-14 22:10:00,0.3732
2024-03-14 22:20:00,0.5046
2024-03-14 22:30:00,0.3688
2024-03-14 22:40:00,0.3091
2024-03-14 22:50:00,0.2134
2024-03-14 23:00:00,0.3162
2024-03-14 23:10:00,0.3514
2024-03-14 23:20:00,0.3009
2024-03-14 23:30:00,0.1982
2024-03-14 23:40:00,0.2631
2024-03-14 23:50:00,0.4473
2024-03-15 00:00:00,0.3844
2024-03-15 00:10:00,0.1844
2024-03-15 00:20:00,0.2926
2024-03-15 00:30:00,0.1255
2024-03-15 00:40:00,0.3108
2024-03-15 00:50:00,0.1945
2024-03-15 01:00:00,0.2253
2024-03-15 01:10:00,0.05
2024-03-15 01:20:00,0.1529
2024-03-15 01:30:00,0.0981
2024-03-15 01:40:00,0.1669
2024-03-15 01:50:00,0.1719
2024-03-15 02:00:00,0.104
2024-03-15 02:10:00,0.0506
2024-03-15 02:20:00,0.1611
2024-03-15 02:30:00,0.0939
2024-03-15 02:40:00,0.05
2024-03-15 02:50:00,0.05
2024-03-15 03:00:00,0.05
2024-03-15 03:10:00,0.0579
2024-03-15 03:20:00,0.1869
2024-03-15 03:30:00,0.1129
2024-03-15 03:40:00,0.0563
2024-03-15 03:50:00,0.23
2024-03-15 04:00:00,0.1783
2024-03-15 04:10:00,0.344
2024-03-15 04:20:00,0.4256
2024-03-15 04:30:00,0.6175
2024-03-15 04:40:00,0.5549
2024-03-15 04:50:00,0.7486
2024-03-15 05:00:00,0.8291
2024-03-15 05:10:00,1.089
2024-03-15 05:20:00,1.3598
2024-03-15 05:30:00,1.3764
2024-03-15 05:40:00,1.5275
2024-03-15 05:50:00,1.7838
2024-03-15 06:00:00,1.9357
2024-03-15 06:10:00,1.9663
2024-03-15 06:20:00,2.1349
2024-03-15 06:30:00,2.0813
2024-03-15 06:40:00,2.3429
2024-03-15 06:50:00,2.4459
2024-03-15 07:00:00,2.3321
2024-03-15 07:10:00,2.1148
2024-03-15 07:20:00,2.2034
2024-03-15 07:30:00,2.2404
2024-03-15 07:40:00,2.0801
2024-03-15 07:50:00,2.12
2024-03-15 08:00:00,1.955
2024-03-15 08:10:00,1.73
2024-03-15 08:20:00,1.6605
2024-03-15 08:30:00,1.4542
2024-03-15 08:40:00,1.3788
2024-03-15 08:50:00,1.2197
2024-03-15 09:00:00,1.2343
2024-03-15 09:10:00,1.1936
2024-03-15 09:20:00,0.8031
2024-03-15 09:30:00,0.6673
2024-03-15 09:40:00,0.7158
2024-03-15 09:50:00,0.5391
2024-03-15 10:00:00,0.5998
2024-03-15 10:10:00,0.6015
2024-03-15 10:20:00,0.6156
2024-03-15 10:30:00,0.4748
2024-03-15 10:40:00,0.413
2024-03-15 10:50:00,0.2461
2024-03-15 11:00:00,0.3875
2024-03-15 11:10:00,0.3764
2024-03-15 11:20:00,0.4105
2024-03-15 11:30:00,0.2942
2024-03-15 11:40:00,0.3098
2024-03-15 11:50:00,0.2217
2024-03-15 12:00:00,0.1533
2024-03-15 12:10:00,0.2455
2024-03-15 12:20:00,0.2069
2024-03-15 12:30:00,0.3583
2024-03-15 12:40:00,0.2891
2024-03-15 12:50:00,0.287
2024-03-15 13:00:00,0.2509
2024-03-15 13:10:00,0.0708
2024-03-15 13:20:00,0.4499
2024-03-15 13:30:00,0.2492
2024-03-15 13:40:00,0.2961
2024-03-15 13:50:00,0.2127
2024-03-15 14:00:00,0.4069
2024-03-15 14:10:00,0.3407
2024-03-15 14:20:00,0.2633
2024-03-15 14:30:00,0.2983
2024-03-15 14:40:00,0.4644
2024-03-15 14:50:00,0.3251
2024-03-15 15:00:00,0.3175
2024-03-15 15:10:00,0.2585
2024-03-15 15:20:00,0.1848
2024-03-15 15:30:00,0.3274
2024-03-15 15:40:00,0.3717
2024-03-15 15:50:00,0.4412
2024-03-15 16:00:00,0.1838
2024-03-15 16:10:00,0.2876
2024-03-15 16:20:00,0.3494
2024-03-15 16:30:00,0.4189
2024-03-15 16:40:00,0.4366
2024-03-15 16:50:00,0.474
2024-03-15 17:00:00,0.5585
2024-03-15 17:10:00,0.5025
2024-03-15 17:20:00,0.7047
2024-03-15 17:30:00,0.7252
2024-03-15 17:40:00,0.7293
2024-03-15 17:50:00,0.9493
2024-03-15 18:00:00,1.0115
2024-03-15 18:10:00,1.024
2024-03-15 18:20:00,0.7642
2024-03-15 18:30:00,1.1792
2024-03-15 18:40:00,1.1523
2024-03-15 18:50:00,1.2715
2024-03-15 19:00:00,1.2176
2024-03-15 19:10:00,1.2373
2024-03-15 19:20:00,1.159
2024-03-15 19:30:00,1.1608
2024-03-15 19:40:00,1.1652
2024-03-15 19:50:00,0.9667
2024-03-15 20:00:00,0.7612
2024-03-15 20:10:00,0.7966
2024-03-15 20:20:00,0.7861
2024-03-15 20:30:00,0.6965
2024-03-15 20:40:00,0.5302
2024-03-15 20:50:00,0.4443
2024-03-15 21:00:00,0.4666
2024-03-15 21:10:00,0.5483
2024-03-15 21:20:00,0.5746
2024-03-15 21:30:00,0.4925
2024-03-15 21:40:00,0.4804
2024-03-15 21:50:00,0.3711
2024-03-15 22:00:00,0.2243
2024-03-15 22:10:00,0.3169
2024-03-15 22:20:00,0.325
2024-03-15 22:30:00,0.3004
2024-03-15 22:40:00,0.3408
2024-03-15 22:50:00,0.3691
2024-03-15 23:00:00,0.4003
2024-03-15 23:10:00,0.3086
2024-03-15 23:20:00,0.1779
2024-03-15 23:30:00,0.2911
2024-03-15 23:40:00,0.3329
2024-03-15 23:50:00,0.4271
2024-03-16 00:00:00,0.3033
2024-03-16 00:10:00,0.3712
2024-03-16 00:20:00,0.332
2024-03-16 00:30:00,0.2877
2024-03-16 00:40:00,0.331
2024-03-16 00:50:00,0.1733
2024-03-16 01:00:00,0.1471
2024-03-16 01:10:00,0.157
2024-03-16 01:20:00,0.0764
2024-03-16 01:30:00,0.1683
2024-03-16 01:40:00,0.0706
2024-03-16 01:50:00,0.1457
2024-03-16 02:00:00,0.1196
2024-03-16 02:10:00,0.1448
2024-03-16 02:20:00,0.0908
2024-03-16 02:30:00,0.1005
2024-03-16 02:40:00,0.1353
2024-03-16 02:50:00,0.1438
2024-03-16 03:00:00,0.1273
2024-03-16 03:10:00,0.2641
2024-03-16 03:20:00,0.05
2024-03-16 03:30:00,0.1225
2024-03-16 03:40:00,0.05
2024-03-16 03:50:00,0.244
2024-03-16 04:00:00,0.2274
2024-03-16 04:10:00,0.4127
2024-03-16 04:20:00,0.5392
2024-03-16 04:30:00,0.7403
2024-03-16 04:40:00,0.8365
2024-03-16 04:50:00,1.0083
2024-03-16 05:00:00,1.3565
2024-03-16 05:10:00,1.4578
2024-03-16 05:20:00,1.5882
2024-03-16 05:30:00,1.8121
2024-03-16 05:40:00,2.1597
2024-03-16 05:50:00,2.1976
2024-03-16 06:00:00,2.3374
2024-03-16 06:10:00,2.4971
2024-03-16 06:20:00,2.646
2024-03-16 06:30:00,2.7552
2024-03-16 06:40:00,2.7847
2024-03-16 06:50:00,2.8507
2024-03-16 07:00:00,2.8954
2024-03-16 07:10:00,2.9976
2024-03-16 07:20:00,2.8765
2024-03-16 07:30:00,2.8171
2024-03-16 07:40:00,2.835
2024-03-16 07:50:00,2.7134
2024-03-16 08:00:00,2.4446
2024-03-16 08:10:00,2.2598
2024-03-16 08:20:00,2.0747
2024-03-16 08:30:00,2.0284
2024-03-16 08:40:00,1.7855
2024-03-16 08:50:00,1.6037
2024-03-16 09:00:00,1.4095
2024-03-16 09:10:00,1.263
2024-03-16 09:20:00,1.2122
2024-03-16 09:30:00,0.9566
2024-03-16 09:40:00,1.0306
2024-03-16 09:50:00,0.8115
2024-03-16 10:00:00,0.7589
2024-03-16 10:10:00,0.5934
2024-03-16 10:20:00,0.6405
2024-03-16 10:30:00,0.5669
2024-03-16 10:40:00,0.5501
2024-03-16 10:50:00,0.6406
2024-03-16 11:00:00,0.5126
2024-03-16 11:10:00,0.4157
2024-03-16 11:20:00,0.4078
2024-03-16 11:30:00,0.5014
2024-03-16 11:40:00,0.5495
2024-03-16 11:50:00,0.4622
2024-03-16 12:00:00,0.4904
2024-03-16 12:10:00,0.481
2024-03-16 12:20:00,0.5435
2024-03-16 12:30:00,0.2725
2024-03-16 12:40:00,0.4808
2024-03-16 12:50:00,0.5055
2024-03-16 13:00:00,0.3192
2024-03-16 13:10:00,0.3551
2024-03-16 13:20:00,0.3577
2024-03-16 13:30:00,0.3674
2024-03-16 13:40:00,0.3871
2024-03-16 13:50:00,0.445
2024-03-16 14:00:00,0.4949
2024-03-16 14:10:00,0.5123
2024-03-16 14:20:00,0.3589
2024-03-16 14:30:00,0.3588
2024-03-16 14:40:00,0.5322
2024-03-16 14:50:00,0.4796
2024-03-16 15:00:00,0.436
2024-03-16 15:10:00,0.4695
2024-03-16 15:20:00,0.4326
2024-03-16 15:30:00,0.4819
2024-03-16 15:40:00,0.4201
2024-03-16 15:50:00,0.4783
2024-03-16 16:00:00,0.3494
2024-03-16 16:10:00,0.4333
2024-03-16 16:20:00,0.4577
2024-03-16 16:30:00,0.512
2024-03-16 16:40:00,0.5055
2024-03-16 16:50:00,0.5828
2024-03-16 17:00:00,0.5589
2024-03-16 17:10:00,0.7871
2024-03-16 17:20:00,0.808
2024-03-16 17:30:00,0.7565
2024-03-16 17:40:00,0.9094
2024-03-16 17:50:00,1.0888
2024-03-16 18:00:00,1.1035
2024-03-16 18:10:00,1.1719
2024-03-16 18:20:00,1.2945
2024-03-16 18:30:00,1.389
2024-03-16 18:40:00,1.2929
2024-03-16 18:50:00,1.4806
2024-03-16 19:00:00,1.3824
2024-03-16 19:10:00,1.4352
2024-03-16 19:20:00,1.405
2024-03-16 19:30:00,1.3194
2024-03-16 19:40:00,1.2185
2024-03-16 19:50:00,1.2048
2024-03-16 20:00:00,1.2769
2024-03-16 20:10:00,0.953
2024-03-16 20:20:00,1.1116
2024-03-16 20:30:00,0.8721
2024-03-16 20:40:00,0.8174
2024-03-16 20:50:00,0.6563
2024-03-16 21:00:00,0.6183
2024-03-16 21:10:00,0.5852
2024-03-16 21:20:00,0.4959
2024-03-16 21:30:00,0.5253
2024-03-16 21:40:00,0.4793
2024-03-16 21:50:00,0.6364
2024-03-16 22:00:00,0.377
2024-03-16 22:10:00,0.465
2024-03-16 22:20:00,0.4668
2024-03-16 22:30:00,0.3543
2024-03-16 22:40:00,0.49
2024-03-16 22:50:00,0.3998
2024-03-16 23:00:00,0.23
2024-03-16 23:10:00,0.4807
2024-03-16 23:20:00,0.3376
2024-03-16 23:30:00,0.3425
2024-03-16 23:40:00,0.481
2024-03-16 23:50:00,0.398
2024-03-17 00:00:00,0.4203
2024-03-17 00:10:00,0.4253
2024-03-17 00:20:00,0.2555
2024-03-17 00:30:00,0.3461
2024-03-17 00:40:00,0.1948
2024-03-17 00:50:00,0.4036
2024-03-17 01:00:00,0.1366
2024-03-17 01:10:00,0.2392
2024-03-17 01:20:00,0.1944
2024-03-17 01:30:00,0.1522
2024-03-17 01:40:00,0.0733
2024-03-17 01:50:00,0.1148
2024-03-17 02:00:00,0.05
2024-03-17 02:10:00,0.1449
2024-03-17 02:20:00,0.1549
2024-03-17 02:30:00,0.1376
2024-03-17 02:40:00,0.05
2024-03-17 02:50:00,0.05
2024-03-17 03:00:00,0.0671
2024-03-17 03:10:00,0.1503
2024-03-17 03:20:00,0.1501
2024-03-17 03:30:00,0.1133
2024-03-17 03:40:00,0.1778
2024-03-17 03:50:00,0.131
2024-03-17 04:00:00,0.3638
2024-03-17 04:10:00,0.4707
2024-03-17 04:20:00,0.5961
2024-03-17 04:30:00,0.6995
2024-03-17 04:40:00,1.0225
2024-03-17 04:50:00,1.0898
2024-03-17 05:00:00,1.1575
2024-03-17 05:10:00,1.4472
2024-03-17 05:20:00,1.6846
2024-03-17 05:30:00,1.7753
2024-03-17 05:40:00,2.1044
2024-03-17 05:50:00,2.2352
2024-03-17 06:00:00,2.1924
2024-03-17 06:10:00,2.5622
2024-03-17 06:20:00,2.643
2024-03-17 06:30:00,2.8307
2024-03-17 06:40:00,2.9472
2024-03-17 06:50:00,2.9405
2024-03-17 07:00:00,3.0791
2024-03-17 07:10:00,2.9202
2024-03-17 07:20:00,2.9414
2024-03-17 07:30:00,2.883
2024-03-17 07:40:00,2.711
2024-03-17 07:50:00,2.6581
2024-03-17 08:00:00,2.4064
2024-03-17 08:10:00,2.2641
2024-03-17 08:20:00,2.0274
2024-03-17 08:30:00,1.9817
2024-03-17 08:40:00,1.8182
2024-03-17 08:50:00,1.7202
2024-03-17 09:00:00,1.53
2024-03-17 09:10:00,1.2948
2024-03-17 09:20:00,1.086
2024-03-17 09:30:00,1.0908
2024-03-17 09:40:00,1.0348
2024-03-17 09:50:00,0.91
2024-03-17 10:00:00,0.8535
2024-03-17 10:10:00,0.6796
2024-03-17 10:20:00,0.6008
2024-03-17 10:30:00,0.5311
2024-03-17 10:40:00,0.5467
2024-03-17 10:50:00,0.5138
2024-03-17 11:00:00,0.5122
2024-03-17 11:10:00,0.4664
2024-03-17 11:20:00,0.4516
2024-03-17 11:30:00,0.3892
2024-03-17 11:40:00,0.5186
2024-03-17 11:50:00,0.4434
2024-03-17 12:00:00,0.419
2024-03-17 12:10:00,0.3701
2024-03-17 12:20:00,0.3212
2024-03-17 12:30:00,0.5308
2024-03-17 12:40:00,0.4695
2024-03-17 12:50:00,0.2946
2024-03-17 13:00:00,0.4851
2024-03-17 13:10:00,0.4975
2024-03-17 13:20:00,0.4335
2024-03-17 13:30:00,0.5512
2024-03-17 13:40:00,0.4407
2024-03-17 13:50:00,0.31
2024-03-17 14:00:00,0.4526
2024-03-17 14:10:00,0.4431
2024-03-17 14:20:00,0.3754
2024-03-17 14:30:00,0.4699
2024-03-17 14:40:00,0.2912
2024-03-17 14:50:00,0.5048
2024-03-17 15:00:00,0.3568
2024-03-17 15:10:00,0.3505
2024-03-17 15:20:00,0.4236
2024-03-17 15:30:00,0.4722
2024-03-17 15:40:00,0.4577
2024-03-17 15:50:00,0.395
2024-03-17 16:00:00,0.4273
2024-03-17 16:10:00,0.395
2024-03-17 16:20:00,0.4911
2024-03-17 16:30:00,0.6251
2024-03-17 16:40:00,0.5762
2024-03-17 16:50:00,0.6909
2024-03-17 17:00:00,0.7928
2024-03-17 17:10:00,0.6922
2024-03-17 17:20:00,0.7953
2024-03-17 17:30:00,1.0618
2024-03-17 17:40:00,1.0865
2024-03-17 17:50:00,0.9224
2024-03-17 18:00:00,1.1718
2024-03-17 18:10:00,1.2212
2024-03-17 18:20:00,1.3596
2024-03-17 18:30:00,1.2947
2024-03-17 18:40:00,1.3331
2024-03-17 18:50:00,1.3749
2024-03-17 19:00:00,1.393
2024-03-17 19:10:00,1.4942
2024-03-17 19:20:00,1.3058
2024-03-17 19:30:00,1.3045
2024-03-17 19:40:00,1.1504
2024-03-17 19:50:00,1.3017
2024-03-17 20:00:00,1.2425
2024-03-17 20:10:00,1.0301
2024-03-17 20:20:00,0.9471
2024-03-17 20:30:00,0.9244
2024-03-17 20:40:00,0.9282
2024-03-17 20:50:00,0.772
2024-03-17 21:00:00,0.6206
2024-03-17 21:10:00,0.4926
2024-03-17 21:20:00,0.4873
2024-03-17 21:30:00,0.5449
2024-03-17 21:40:00,0.4567
2024-03-17 21:50:00,0.5013
2024-03-17 22:00:00,0.4235
2024-03-17 22:10:00,0.3697
2024-03-17 22:20:00,0.3504
2024-03-17 22:30:00,0.5626
2024-03-17 22:40:00,0.5038
2024-03-17 22:50:00,0.5678
2024-03-17 23:00:00,0.4703
2024-03-17 23:10:00,0.3912
2024-03-17 23:20:00,0.5305
2024-03-17 23:30:00,0.4214
2024-03-17 23:40:00,0.4413
2024-03-17 23:50:00,0.42
2024-03-18 00:00:00,0.05
2024-03-18 00:10:00,0.3797
2024-03-18 00:20:00,0.2742
2024-03-18 00:30:00,0.2427
2024-03-18 00:40:00,0.1903
2024-03-18 00:50:00,0.1851
2024-03-18 01:00:00,0.0992
2024-03-18 01:10:00,0.1695
2024-03-18 01:20:00,0.05
2024-03-18 01:30:00,0.112
2024-03-18 01:40:00,0.142
2024-03-18 01:50:00,0.0812
2024-03-18 02:00:00,0.1268
2024-03-18 02:10:00,0.05
2024-03-18 02:20:00,0.05
2024-03-18 02:30:00,0.1161
2024-03-18 02:40:00,0.1514
2024-03-18 02:50:00,0.05
2024-03-18 03:00:00,0.1389
2024-03-18 03:10:00,0.0537
2024-03-18 03:20:00,0.0817
2024-03-18 03:30:00,0.05
2024-03-18 03:40:00,0.05
2024-03-18 03:50:00,0.2403
2024-03-18 04:00:00,0.2436
2024-03-18 04:10:00,0.3004
2024-03-18 04:20:00,0.4236
2024-03-18 04:30:00,0.5854
2024-03-18 04:40:00,0.7054
2024-03-18 04:50:00,0.7976
2024-03-18 05:00:00,1.0323
2024-03-18 05:10:00,1.1697
2024-03-18 05:20:00,1.2759
2024-03-18 05:30:00,1.3986
2024-03-18 05:40:00,1.596
2024-03-18 05:50:00,1.7118
2024-03-18 06:00:00,1.9056
2024-03-18 06:10:00,2.0139
2024-03-18 06:20:00,1.9655
2024-03-18 06:30:00,2.046
2024-03-18 06:40:00,2.141
2024-03-18 06:50:00,2.3159
2024-03-18 07:00:00,2.1278
2024-03-18 07:10:00,2.2767
2024-03-18 07:20:00,2.2412
2024-03-18 07:30:00,2.2494
2024-03-18 07:40:00,2.0945
2024-03-18 07:50:00,1.8786
2024-03-18 08:00:00,1.8007
2024-03-18 08:10:00,1.6635
2024-03-18 08:20:00,1.5884
2024-03-18 08:30:00,1.4867
2024-03-18 08:40:00,1.2779
2024-03-18 08:50:00,1.3616
2024-03-18 09:00:00,1.0161
2024-03-18 09:10:00,1.1157
2024-03-18 09:20:00,0.9978
2024-03-18 09:30:00,0.8799
2024-03-18 09:40:00,0.6682
2024-03-18 09:50:00,0.6774
2024-03-18 10:00:00,0.4844
2024-03-18 10:10:00,0.6058
2024-03-18 10:20:00,0.4823
2024-03-18 10:30:00,0.4187
2024-03-18 10:40:00,0.3238
2024-03-18 10:50:00,0.1997
2024-03-18 11:00:00,0.2961
2024-03-18 11:10:00,0.4538
2024-03-18 11:20:00,0.3214
2024-03-18 11:30:00,0.3318
2024-03-18 11:40:00,0.3916
2024-03-18 11:50:00,0.479
2024-03-18 12:00:00,0.4373
2024-03-18 12:10:00,0.2511
2024-03-18 12:20:00,0.1718
2024-03-18 12:30:00,0.5149
2024-03-18 12:40:00,0.5068
2024-03-18 12:50:00,0.3398
2024-03-18 13:00:00,0.2228
2024-03-18 13:10:00,0.4012
2024-03-18 13:20:00,0.3154
2024-03-18 13:30:00,0.3149
2024-03-18 13:40:00,0.3954
2024-03-18 13:50:00,0.3506
2024-03-18 14:00:00,0.229
2024-03-18 14:10:00,0.298
2024-03-18 14:20:00,0.3771
2024-03-18 14:30:00,0.3653
2024-03-18 14:40:00,0.3459
2024-03-18 14:50:00,0.4003
2024-03-18 15:00:00,0.2978
2024-03-18 15:10:00,0.3428
2024-03-18 15:20:00,0.061
2024-03-18 15:30:00,0.2988
2024-03-18 15:40:00,0.4013
2024-03-18 15:50:00,0.3164
2024-03-18 16:00:00,0.3206
2024-03-18 16:10:00,0.2883
2024-03-18 16:20:00,0.4698
2024-03-18 16:30:00,0.4563
2024-03-18 16:40:00,0.5071
2024-03-18 16:50:00,0.3379
2024-03-18 17:00:00,0.5046
2024-03-18 17:10:00,0.5432
2024-03-18 17:20:00,0.5975
2024-03-18 17:30:00,0.6302
2024-03-18 17:40:00,0.7152
2024-03-18 17:50:00,0.8761
2024-03-18 18:00:00,0.7198
2024-03-18 18:10:00,1.0764
2024-03-18 18:20:00,1.0283
2024-03-18 18:30:00,1.0327
2024-03-18 18:40:00,1.1439
2024-03-18 18:50:00,0.9771
2024-03-18 19:00:00,1.0475
2024-03-18 19:10:00,1.0836
2024-03-18 19:20:00,1.1806
2024-03-18 19:30:00,1.0324
2024-03-18 19:40:00,1.0256
2024-03-18 19:50:00,0.8871
2024-03-18 20:00:00,0.9117
2024-03-18 20:10:00,0.9423
2024-03-18 20:20:00,0.8225
2024-03-18 20:30:00,0.673
2024-03-18 20:40:00,0.6739
2024-03-18 20:50:00,0.6118
2024-03-18 21:00:00,0.558
2024-03-18 21:10:00,0.5649
2024-03-18 21:20:00,0.5294
2024-03-18 21:30:00,0.4023
2024-03-18 21:40:00,0.4409
2024-03-18 21:50:00,0.3409
2024-03-18 22:00:00,0.284
2024-03-18 22:10:00,0.3261
2024-03-18 22:20:00,0.334
2024-03-18 22:30:00,0.2019
2024-03-18 22:40:00,0.3999
2024-03-18 22:50:00,0.1071
2024-03-18 23:00:00,0.5439
2024-03-18 23:10:00,0.4458
2024-03-18 23:20:00,0.304
2024-03-18 23:30:00,0.3252
2024-03-18 23:40:00,0.3484
2024-03-18 23:50:00,0.2768
2024-03-19 00:00:00,0.2793
2024-03-19 00:10:00,0.2384
2024-03-19 00:20:00,0.2261
2024-03-19 00:30:00,0.2296
2024-03-19 00:40:00,0.0891
2024-03-19 00:50:00,0.1743
2024-03-19 01:00:00,0.1592
2024-03-19 01:10:00,0.1299
2024-03-19 01:20:00,0.0793
2024-03-19 01:30:00,0.1876
2024-03-19 01:40:00,0.0683
2024-03-19 01:50:00,0.1148
2024-03-19 02:00:00,0.2004
2024-03-19 02:10:00,0.0902
2024-03-19 02:20:00,0.1138
2024-03-19 02:30:00,0.0889
2024-03-19 02:40:00,0.1956
2024-03-19 02:50:00,0.076
2024-03-19 03:00:00,0.1993
2024-03-19 03:10:00,0.0883
2024-03-19 03:20:00,0.05
2024-03-19 03:30:00,0.1509
2024-03-19 03:40:00,0.0722
2024-03-19 03:50:00,0.2118
2024-03-19 04:00:00,0.05
2024-03-19 04:10:00,0.3296
2024-03-19 04:20:00,0.3938
2024-03-19 04:30:00,0.4582
2024-03-19 04:40:00,0.6223
2024-03-19 04:50:00,0.7533
2024-03-19 05:00:00,0.9359
2024-03-19 05:10:00,0.9767
2024-03-19 05:20:00,1.2613
2024-03-19 05:30:00,1.496
2024-03-19 05:40:00,1.5574
2024-03-19 05:50:00,1.7422
2024-03-19 06:00:00,1.8984
2024-03-19 06:10:00,2.0303
2024-03-19 06:20:00,2.1854
2024-03-19 06:30:00,2.0813
2024-03-19 06:40:00,2.1276
2024-03-19 06:50:00,2.2882
2024-03-19 07:00:00,2.2982
2024-03-19 07:10:00,2.2949
2024-03-19 07:20:00,2.3513
2024-03-19 07:30:00,2.1456
2024-03-19 07:40:00,2.1029
2024-03-19 07:50:00,1.8968
2024-03-19 08:00:00,2.0381
2024-03-19 08:10:00,1.7215
2024-03-19 08:20:00,1.5979
2024-03-19 08:30:00,1.4655
2024-03-19 08:40:00,1.3121
2024-03-19 08:50:00,1.1788
2024-03-19 09:00:00,1.0742
2024-03-19 09:10:00,0.8933
2024-03-19 09:20:00,0.8352
2024-03-19 09:30:00,0.9596
2024-03-19 09:40:00,0.7786
2024-03-19 09:50:00,0.7205
2024-03-19 10:00:00,0.6776
2024-03-19 10:10:00,0.6768
2024-03-19 10:20:00,0.3438
2024-03-19 10:30:00,0.3506
2024-03-19 10:40:00,0.3551
2024-03-19 10:50:00,0.3582
2024-03-19 11:00:00,0.3531
2024-03-19 11:10:00,0.327
2024-03-19 11:20:00,0.3693
2024-03-19 11:30:00,0.3463
2024-03-19 11:40:00,0.2794
2024-03-19 11:50:00,0.1587
2024-03-19 12:00:00,0.25
2024-03-19 12:10:00,0.2832
2024-03-19 12:20:00,0.3057
2024-03-19 12:30:00,0.2339
2024-03-19 12:40:00,0.2843
2024-03-19 12:50:00,0.2325
2024-03-19 13:00:00,0.3126
2024-03-19 13:10:00,0.2365
2024-03-19 13:20:00,0.2543
2024-03-19 13:30:00,0.2175
2024-03-19 13:40:00,0.3098
2024-03-19 13:50:00,0.2528
2024-03-19 14:00:00,0.3947
2024-03-19 14:10:00,0.3547
2024-03-19 14:20:00,0.3168
2024-03-19 14:30:00,0.2589
2024-03-19 14:40:00,0.3536
2024-03-19 14:50:00,0.3791
2024-03-19 15:00:00,0.3364
2024-03-19 15:10:00,0.455
2024-03-19 15:20:00,0.366
2024-03-19 15:30:00,0.4061
2024-03-19 15:40:00,0.349
2024-03-19 15:50:00,0.3998
2024-03-19 16:00:00,0.2922
2024-03-19 16:10:00,0.3329
2024-03-19 16:20:00,0.4153
2024-03-19 16:30:00,0.4376
2024-03-19 16:40:00,0.4793
2024-03-19 16:50:00,0.5614
2024-03-19 17:00:00,0.4007
2024-03-19 17:10:00,0.4846
2024-03-19 17:20:00,0.6349
2024-03-19 17:30:00,0.6178
2024-03-19 17:40:00,1.009
2024-03-19 17:50:00,0.8449
2024-03-19 18:00:00,0.8618
2024-03-19 18:10:00,0.8879
2024-03-19 18:20:00,0.9458
2024-03-19 18:30:00,1.0329
2024-03-19 18:40:00,1.0744
2024-03-19 18:50:00,1.0508
2024-03-19 19:00:00,1.0729
2024-03-19 19:10:00,1.1949
2024-03-19 19:20:00,1.1762
2024-03-19 19:30:00,1.0506
2024-03-19 19:40:00,0.8769
2024-03-19 19:50:00,0.9722
2024-03-19 20:00:00,0.9924
2024-03-19 20:10:00,0.9133
2024-03-19 20:20:00,0.7976
2024-03-19 20:30:00,0.7896
2024-03-19 20:40:00,0.6208
2024-03-19 20:50:00,0.6128
2024-03-19 21:00:00,0.4602
2024-03-19 21:10:00,0.4968
2024-03-19 21:20:00,0.545
2024-03-19 21:30:00,0.363
2024-03-19 21:40:00,0.3185
2024-03-19 21:50:00,0.3774
2024-03-19 22:00:00,0.3378
2024-03-19 22:10:00,0.3977
2024-03-19 22:20:00,0.302
2024-03-19 22:30:00,0.4704
2024-03-19 22:40:00,0.2261
2024-03-19 22:50:00,0.427
2024-03-19 23:00:00,0.2638
2024-03-19 23:10:00,0.1802
2024-03-19 23:20:00,0.3421
2024-03-19 23:30:00,0.3023
2024-03-19 23:40:00,0.2336
2024-03-19 23:50:00,0.1877
2024-03-20 00:00:00,0.2618
2024-03-20 00:10:00,0.3266
2024-03-20 00:20:00,0.2792
2024-03-20 00:30:00,0.2184
2024-03-20 00:40:00,0.2314
2024-03-20 00:50:00,0.168
2024-03-20 01:00:00,0.05
2024-03-20 01:10:00,0.05
2024-03-20 01:20:00,0.0798
2024-03-20 01:30:00,0.0832
2024-03-20 01:40:00,0.1641
2024-03-20 01:50:00,0.1566
2024-03-20 02:00:00,0.1445
2024-03-20 02:10:00,0.0736
2024-03-20 02:20:00,0.05
2024-03-20 02:30:00,0.129
2024-03-20 02:40:00,0.1381
2024-03-20 02:50:00,0.05
2024-03-20 03:00:00,0.05
2024-03-20 03:10:00,0.05
2024-03-20 03:20:00,0.1055
2024-03-20 03:30:00,0.05
2024-03-20 03:40:00,0.093
2024-03-20 03:50:00,0.1444
2024-03-20 04:00:00,0.2256
2024-03-20 04:10:00,0.2701
2024-03-20 04:20:00,0.3771
2024-03-20 04:30:00,0.4539
2024-03-20 04:40:00,0.6933
2024-03-20 04:50:00,0.8405
2024-03-20 05:00:00,0.8729
2024-03-20 05:10:00,1.2018
2024-03-20 05:20:00,1.204
2024-03-20 05:30:00,1.5015
2024-03-20 05:40:00,1.4751
2024-03-20 05:50:00,1.5061
2024-03-20 06:00:00,1.833
2024-03-20 06:10:00,1.9406
2024-03-20 06:20:00,2.0274
2024-03-20 06:30:00,2.0582
2024-03-20 06:40:00,2.1703
2024-03-20 06:50:00,2.1724
2024-03-20 07:00:00,2.2051
2024-03-20 07:10:00,2.2879
2024-03-20 07:20:00,2.2028
2024-03-20 07:30:00,2.1817
2024-03-20 07:40:00,2.0388
2024-03-20 07:50:00,1.937
2024-03-20 08:00:00,1.7647
2024-03-20 08:10:00,1.7093
2024-03-20 08:20:00,1.348
2024-03-20 08:30:00,1.4378
2024-03-20 08:40:00,1.3497
2024-03-20 08:50:00,1.2754
2024-03-20 09:00:00,1.0884
2024-03-20 09:10:00,1.0248
2024-03-20 09:20:00,0.7187
2024-03-20 09:30:00,0.7947
2024-03-20 09:40:00,0.5815
2024-03-20 09:50:00,0.5462
2024-03-20 10:00:00,0.5652
2024-03-20 10:10:00,0.6292
2024-03-20 10:20:00,0.5125
2024-03-20 10:30:00,0.4479
2024-03-20 10:40:00,0.4155
2024-03-20 10:50:00,0.3365
2024-03-20 11:00:00,0.3316
2024-03-20 11:10:00,0.395
2024-03-20 11:20:00,0.239
2024-03-20 11:30:00,0.389
2024-03-20 11:40:00,0.3043
2024-03-20 11:50:00,0.3969
2024-03-20 12:00:00,0.4045
2024-03-20 12:10:00,0.1915
2024-03-20 12:20:00,0.2771
2024-03-20 12:30:00,0.2541
2024-03-20 12:40:00,0.1767
2024-03-20 12:50:00,0.2386
2024-03-20 13:00:00,0.5162
2024-03-20 13:10:00,0.3694
2024-03-20 13:20:00,0.4739
2024-03-20 13:30:00,0.3867
2024-03-20 13:40:00,0.261
2024-03-20 13:50:00,0.2898
2024-03-20 14:00:00,0.3674
2024-03-20 14:10:00,0.3555
2024-03-20 14:20:00,0.2744
2024-03-20 14:30:00,0.2001
2024-03-20 14:40:00,0.5844
2024-03-20 14:50:00,0.3108
2024-03-20 15:00:00,0.2971
2024-03-20 15:10:00,0.3339
2024-03-20 15:20:00,0.308
2024-03-20 15:30:00,0.3409
2024-03-20 15:40:00,0.4394
2024-03-20 15:50:00,0.3339
2024-03-20 16:00:00,0.261
2024-03-20 16:10:00,0.3546
2024-03-20 16:20:00,0.3481
2024-03-20 16:30:00,0.5219
2024-03-20 16:40:00,0.5299
2024-03-20 16:50:00,0.4794
2024-03-20 17:00:00,0.4095
2024-03-20 17:10:00,0.4614
2024-03-20 17:20:00,0.6143
2024-03-20 17:30:00,0.699
2024-03-20 17:40:00,0.7048
2024-03-20 17:50:00,0.7609
2024-03-20 18:00:00,0.8158
2024-03-20 18:10:00,0.9222
2024-03-20 18:20:00,0.7882
2024-03-20 18:30:00,0.9367
2024-03-20 18:40:00,1.0095
2024-03-20 18:50:00,1.1779
2024-03-20 19:00:00,1.0236
2024-03-20 19:10:00,1.0958
2024-03-20 19:20:00,1.0777
2024-03-20 19:30:00,1.1286
2024-03-20 19:40:00,1.0798
2024-03-20 19:50:00,0.9194
2024-03-20 20:00:00,0.8252
2024-03-20 20:10:00,0.7462
2024-03-20 20:20:00,0.7155
2024-03-20 20:30:00,0.6373
2024-03-20 20:40:00,0.6574
2024-03-20 20:50:00,0.5931
2024-03-20 21:00:00,0.5592
2024-03-20 21:10:00,0.5715
2024-03-20 21:20:00,0.5853
2024-03-20 21:30:00,0.4179
2024-03-20 21:40:00,0.4732
2024-03-20 21:50:00,0.3394
2024-03-20 22:00:00,0.4488
2024-03-20 22:10:00,0.4288
2024-03-20 22:20:00,0.4171
2024-03-20 22:30:00,0.3387
2024-03-20 22:40:00,0.274
2024-03-20 22:50:00,0.2133
2024-03-20 23:00:00,0.32
2024-03-20 23:10:00,0.4447
2024-03-20 23:20:00,0.2966
2024-03-20 23:30:00,0.3837
2024-03-20 23:40:00,0.3881
2024-03-20 23:50:00,0.2977
2024-03-21 00:00:00,0.3663
2024-03-21 00:10:00,0.05
2024-03-21 00:20:00,0.1333
2024-03-21 00:30:00,0.1395
2024-03-21 00:40:00,0.1265
2024-03-21 00:50:00,0.1962
2024-03-21 01:00:00,0.1677
2024-03-21 01:10:00,0.1498
2024-03-21 01:20:00,0.1432
2024-03-21 01:30:00,0.05
2024-03-21 01:40:00,0.05
2024-03-21 01:50:00,0.1272
2024-03-21 02:00:00,0.05
2024-03-21 02:10:00,0.05
2024-03-21 02:20:00,0.1732
2024-03-21 02:30:00,0.2071
2024-03-21 02:40:00,0.2201
2024-03-21 02:50:00,0.1105
2024-03-21 03:00:00,0.1456
2024-03-21 03:10:00,0.2051
2024-03-21 03:20:00,0.05
2024-03-21 03:30:00,0.1844
2024-03-21 03:40:00,0.1176
2024-03-21 03:50:00,0.2334
2024-03-21 04:00:00,0.2519
2024-03-21 04:10:00,0.4293
2024-03-21 04:20:00,0.4437
2024-03-21 04:30:00,0.4186
2024-03-21 04:40:00,0.7754
2024-03-21 04:50:00,0.7146
2024-03-21 05:00:00,1.0296
2024-03-21 05:10:00,1.0669
2024-03-21 05:20:00,1.3165
2024-03-21 05:30:00,1.4622
2024-03-21 05:40:00,1.5525
2024-03-21 05:50:00,1.6997
2024-03-21 06:00:00,1.8247
2024-03-21 06:10:00,1.749
2024-03-21 06:20:00,2.0229
2024-03-21 06:30:00,2.0086
2024-03-21 06:40:00,2.1747
2024-03-21 06:50:00,2.1096
2024-03-21 07:00:00,2.1221
2024-03-21 07:10:00,2.3367
2024-03-21 07:20:00,2.2614
2024-03-21 07:30:00,2.1207
2024-03-21 07:40:00,2.0608
2024-03-21 07:50:00,1.9336
2024-03-21 08:00:00,1.8923
2024-03-21 08:10:00,1.6751
2024-03-21 08:20:00,1.6842
2024-03-21 08:30:00,1.4565
2024-03-21 08:40:00,1.3151
2024-03-21 08:50:00,1.2252
2024-03-21 09:00:00,1.0565
2024-03-21 09:10:00,1.0178
2024-03-21 09:20:00,0.8452
2024-03-21 09:30:00,0.8323
2024-03-21 09:40:00,0.8091
2024-03-21 09:50:00,0.5818
2024-03-21 10:00:00,0.5665
2024-03-21 10:10:00,0.5611
2024-03-21 10:20:00,0.4453
2024-03-21 10:30:00,0.4812
2024-03-21 10:40:00,0.4592
2024-03-21 10:50:00,0.478
2024-03-21 11:00:00,0.3245
2024-03-21 11:10:00,0.2833
2024-03-21 11:20:00,0.3233
2024-03-21 11:30:00,0.2622
2024-03-21 11:40:00,0.3787
2024-03-21 11:50:00,0.2361
2024-03-21 12:00:00,0.5125
2024-03-21 12:10:00,0.4272
2024-03-21 12:20:00,0.3229
2024-03-21 12:30:00,0.3901
2024-03-21 12:40:00,0.189
2024-03-21 12:50:00,0.5213
2024-03-21 13:00:00,0.2719
2024-03-21 13:10:00,0.3092
2024-03-21 13:20:00,0.1702
2024-03-21 13:30:00,0.3575
2024-03-21 13:40:00,0.2301
2024-03-21 13:50:00,0.3267
2024-03-21 14:00:00,0.2751
2024-03-21 14:10:00,0.2325
2024-03-21 14:20:00,0.2545
2024-03-21 14:30:00,0.3372
2024-03-21 14:40:00,0.217
2024-03-21 14:50:00,0.2604
2024-03-21 15:00:00,0.3744
2024-03-21 15:10:00,0.5313
2024-03-21 15:20:00,0.3638
2024-03-21 15:30:00,0.2559
2024-03-21 15:40:00,0.3052
2024-03-21 15:50:00,0.3445
2024-03-21 16:00:00,0.3241
2024-03-21 16:10:00,0.4377
2024-03-21 16:20:00,0.4005
2024-03-21 16:30:00,0.4783
2024-03-21 16:40:00,0.4087
2024-03-21 16:50:00,0.5742
2024-03-21 17:00:00,0.4957
2024-03-21 17:10:00,0.4786
2024-03-21 17:20:00,0.7839
2024-03-21 17:30:00,0.5223
2024-03-21 17:40:00,0.6716
2024-03-21 17:50:00,0.7447
2024-03-21 18:00:00,1.0591
2024-03-21 18:10:00,1.0635
2024-03-21 18:20:00,1.0929
2024-03-21 18:30:00,0.9927
2024-03-21 18:40:00,1.2478
2024-03-21 18:50:00,1.1048
2024-03-21 19:00:00,1.1608
2024-03-21 19:10:00,1.0897
2024-03-21 19:20:00,1.0498
2024-03-21 19:30:00,0.999
2024-03-21 19:40:00,0.9566
2024-03-21 19:50:00,0.9676
2024-03-21 20:00:00,0.8879
2024-03-21 20:10:00,0.7923
2024-03-21 20:20:00,0.8514
2024-03-21 20:30:00,0.431
2024-03-21 20:40:00,0.6505
2024-03-21 20:50:00,0.6137
2024-03-21 21:00:00,0.6008
2024-03-21 21:10:00,0.463
2024-03-21 21:20:00,0.4505
2024-03-21 21:30:00,0.4846
2024-03-21 21:40:00,0.5024
2024-03-21 21:50:00,0.3414
2024-03-21 22:00:00,0.3734
2024-03-21 22:10:00,0.4762
2024-03-21 22:20:00,0.1646
2024-03-21 22:30:00,0.2741
2024-03-21 22:40:00,0.4429
2024-03-21 22:50:00,0.4105
2024-03-21 23:00:00,0.3632
2024-03-21 23:10:00,0.2844
2024-03-21 23:20:00,0.249
2024-03-21 23:30:00,0.2718
2024-03-21 23:40:00,0.4427
2024-03-21 23:50:00,0.2684
2024-03-22 00:00:00,0.2677
2024-03-22 00:10:00,0.1855
2024-03-22 00:20:00,0.2972
2024-03-22 00:30:00,0.1684
2024-03-22 00:40:00,0.1832
2024-03-22 00:50:00,0.05
2024-03-22 01:00:00,0.05
2024-03-22 01:10:00,0.1182
2024-03-22 01:20:00,0.05
2024-03-22 01:30:00,0.2634
2024-03-22 01:40:00,0.05
2024-03-22 01:50:00,0.05
2024-03-22 02:00:00,0.0963
2024-03-22 02:10:00,0.0658
2024-03-22 02:20:00,0.05
2024-03-22 02:30:00,0.05
2024-03-22 02:40:00,0.05
2024-03-22 02:50:00,0.0721
2024-03-22 03:00:00,0.2511
2024-03-22 03:10:00,0.1012
2024-03-22 03:20:00,0.1896
2024-03-22 03:30:00,0.1356
2024-03-22 03:40:00,0.1841
2024-03-22 03:50:00,0.05
2024-03-22 04:00:00,0.2113
2024-03-22 04:10:00,0.4283
2024-03-22 04:20:00,0.3777
2024-03-22 04:30:00,0.6753
2024-03-22 04:40:00,0.7742
2024-03-22 04:50:00,0.7484
2024-03-22 05:00:00,0.8839
2024-03-22 05:10:00,0.987
2024-03-22 05:20:00,1.1652
2024-03-22 05:30:00,1.2651
2024-03-22 05:40:00,1.5439
2024-03-22 05:50:00,1.5333
2024-03-22 06:00:00,1.8291
2024-03-22 06:10:00,1.9496
2024-03-22 06:20:00,1.8692
2024-03-22 06:30:00,2.2101
2024-03-22 06:40:00,2.19
2024-03-22 06:50:00,2.2487
2024-03-22 07:00:00,2.1438
2024-03-22 07:10:00,2.2457
2024-03-22 07:20:00,2.2538
2024-03-22 07:30:00,2.1013
2024-03-22 07:40:00,2.1947
2024-03-22 07:50:00,1.946
2024-03-22 08:00:00,1.9276
2024-03-22 08:10:00,1.743
2024-03-22 08:20:00,1.6426
2024-03-22 08:30:00,1.3348
2024-03-22 08:40:00,1.3708
2024-03-22 08:50:00,1.1579
2024-03-22 09:00:00,1.0299
2024-03-22 09:10:00,1.1255
2024-03-22 09:20:00,0.8661
2024-03-22 09:30:00,0.7101
2024-03-22 09:40:00,0.6791
2024-03-22 09:50:00,0.5317
2024-03-22 10:00:00,0.6885
2024-03-22 10:10:00,0.4656
2024-03-22 10:20:00,0.5198
2024-03-22 10:30:00,0.55
2024-03-22 10:40:00,0.3724
2024-03-22 10:50:00,0.4317
2024-03-22 11:00:00,0.2885
2024-03-22 11:10:00,0.5524
2024-03-22 11:20:00,0.4208
2024-03-22 11:30:00,0.3223
2024-03-22 11:40:00,0.2699
2024-03-22 11:50:00,0.3181
2024-03-22 12:00:00,0.2968
2024-03-22 12:10:00,0.4779
2024-03-22 12:20:00,0.222
2024-03-22 12:30:00,0.3297
2024-03-22 12:40:00,0.3167
2024-03-22 12:50:00,0.3082
2024-03-22 13:00:00,0.3086
2024-03-22 13:10:00,0.3078
2024-03-22 13:20:00,0.3868
2024-03-22 13:30:00,0.3655
2024-03-22 13:40:00,0.3503
2024-03-22 13:50:00,0.0741
2024-03-22 14:00:00,0.3408
2024-03-22 14:10:00,0.1844
2024-03-22 14:20:00,0.3688
2024-03-22 14:30:00,0.4353
2024-03-22 14:40:00,0.2437
2024-03-22 14:50:00,0.2975
2024-03-22 15:00:00,0.2716
2024-03-22 15:10:00,0.4201
2024-03-22 15:20:00,0.3314
2024-03-22 15:30:00,0.4657
2024-03-22 15:40:00,0.3658
2024-03-22 15:50:00,0.3594
2024-03-22 16:00:00,0.3555
2024-03-22 16:10:00,0.4289
2024-03-22 16:20:00,0.242
2024-03-22 16:30:00,0.4102
2024-03-22 16:40:00,0.4258
2024-03-22 16:50:00,0.5236
2024-03-22 17:00:00,0.4911
2024-03-22 17:10:00,0.4701
2024-03-22 17:20:00,0.6069
2024-03-22 17:30:00,0.578
2024-03-22 17:40:00,0.5726
2024-03-22 17:50:00,0.8486
2024-03-22 18:00:00,0.9
2024-03-22 18:10:00,0.9511
2024-03-22 18:20:00,1.0722
2024-03-22 18:30:00,0.9602
2024-03-22 18:40:00,0.9334
2024-03-22 18:50:00,1.0637
2024-03-22 19:00:00,1.0488
2024-03-22 19:10:00,1.0019
2024-03-22 19:20:00,1.0415
2024-03-22 19:30:00,0.9645
2024-03-22 19:40:00,0.821
2024-03-22 19:50:00,0.8785
2024-03-22 20:00:00,0.7628
2024-03-22 20:10:00,0.8089
2024-03-22 20:20:00,0.6741
2024-03-22 20:30:00,0.7535
2024-03-22 20:40:00,0.7346
2024-03-22 20:50:00,0.6076
2024-03-22 21:00:00,0.3821
2024-03-22 21:10:00,0.586
2024-03-22 21:20:00,0.5575
2024-03-22 21:30:00,0.4049
2024-03-22 21:40:00,0.4868
2024-03-22 21:50:00,0.3193
2024-03-22 22:00:00,0.2007
2024-03-22 22:10:00,0.2792
2024-03-22 22:20:00,0.471
2024-03-22 22:30:00,0.2082
2024-03-22 22:40:00,0.3237
2024-03-22 22:50:00,0.324
2024-03-22 23:00:00,0.2785
2024-03-22 23:10:00,0.283
2024-03-22 23:20:00,0.3235
2024-03-22 23:30:00,0.2723
2024-03-22 23:40:00,0.2033
2024-03-22 23:50:00,0.3341
2024-03-23 00:00:00,0.4214
2024-03-23 00:10:00,0.3873
2024-03-23 00:20:00,0.2323
2024-03-23 00:30:00,0.1733
2024-03-23 00:40:00,0.2242
2024-03-23 00:50:00,0.343
2024-03-23 01:00:00,0.2374
2024-03-23 01:10:00,0.2083
2024-03-23 01:20:00,0.194
2024-03-23 01:30:00,0.1565
2024-03-23 01:40:00,0.1324
2024-03-23 01:50:00,0.1758
2024-03-23 02:00:00,0.0791
2024-03-23 02:10:00,0.05
2024-03-23 02:20:00,0.1806
2024-03-23 02:30:00,0.2218
2024-03-23 02:40:00,0.05
2024-03-23 02:50:00,0.1885
2024-03-23 03:00:00,0.2573
2024-03-23 03:10:00,0.1226
2024-03-23 03:20:00,0.0574
2024-03-23 03:30:00,0.1326
2024-03-23 03:40:00,0.0788
2024-03-23 03:50:00,0.1568
2024-03-23 04:00:00,0.3393
2024-03-23 04:10:00,0.2902
2024-03-23 04:20:00,0.4319
2024-03-23 04:30:00,0.6922
2024-03-23 04:40:00,0.8456
2024-03-23 04:50:00,1.0435
2024-03-23 05:00:00,1.3446
2024-03-23 05:10:00,1.3891
2024-03-23 05:20:00,1.6192
2024-03-23 05:30:00,1.6848
2024-03-23 05:40:00,2.0128
2024-03-23 05:50:00,2.0904
2024-03-23 06:00:00,2.3077
2024-03-23 06:10:00,2.4466
2024-03-23 06:20:00,2.6707
2024-03-23 06:30:00,2.5919
2024-03-23 06:40:00,2.5952
2024-03-23 06:50:00,2.8122
2024-03-23 07:00:00,2.8871
2024-03-23 07:10:00,2.8508
2024-03-23 07:20:00,2.8955
2024-03-23 07:30:00,2.7614
2024-03-23 07:40:00,2.5848
2024-03-23 07:50:00,2.325
2024-03-23 08:00:00,2.3548
2024-03-23 08:10:00,2.305
2024-03-23 08:20:00,2.0314
2024-03-23 08:30:00,1.9005
2024-03-23 08:40:00,1.7673
2024-03-23 08:50:00,1.4915
2024-03-23 09:00:00,1.4687
2024-03-23 09:10:00,1.4054
2024-03-23 09:20:00,1.1279
2024-03-23 09:30:00,0.9313
2024-03-23 09:40:00,0.9097
2024-03-23 09:50:00,0.6439
2024-03-23 10:00:00,0.7686
2024-03-23 10:10:00,0.71
2024-03-23 10:20:00,0.7513
2024-03-23 10:30:00,0.5552
2024-03-23 10:40:00,0.5658
2024-03-23 10:50:00,0.4342
2024-03-23 11:00:00,0.451
2024-03-23 11:10:00,0.3391
2024-03-23 11:20:00,0.4316
2024-03-23 11:30:00,0.4122
2024-03-23 11:40:00,0.4527
2024-03-23 11:50:00,0.3731
2024-03-23 12:00:00,0.4255
2024-03-23 12:10:00,0.3892
2024-03-23 12:20:00,0.3872
2024-03-23 12:30:00,0.4187
2024-03-23 12:40:00,0.4145
2024-03-23 12:50:00,0.4715
2024-03-23 13:00:00,0.4005
2024-03-23 13:10:00,0.3819
2024-03-23 13:20:00,0.3952
2024-03-23 13:30:00,0.3524
2024-03-23 13:40:00,0.3807
2024-03-23 13:50:00,0.572
2024-03-23 14:00:00,0.3365
2024-03-23 14:10:00,0.3873
2024-03-23 14:20:00,0.3788
2024-03-23 14:30:00,0.3904
2024-03-23 14:40:00,0.3843
2024-03-23 14:50:00,0.434
2024-03-23 15:00:00,0.2763
2024-03-23 15:10:00,0.4983
2024-03-23 15:20:00,0.4692
2024-03-23 15:30:00,0.3239
2024-03-23 15:40:00,0.2485
2024-03-23 15:50:00,0.3614
2024-03-23 16:00:00,0.4331
2024-03-23 16:10:00,0.6762
2024-03-23 16:20:00,0.5359
2024-03-23 16:30:00,0.3769
2024-03-23 16:40:00,0.5025
2024-03-23 16:50:00,0.5975
2024-03-23 17:00:00,0.6746
2024-03-23 17:10:00,0.6099
2024-03-23 17:20:00,0.773
2024-03-23 17:30:00,0.8017
2024-03-23 17:40:00,0.8509
2024-03-23 17:50:00,1.0425
2024-03-23 18:00:00,1.1654
2024-03-23 18:10:00,1.2485
2024-03-23 18:20:00,1.2972
2024-03-23 18:30:00,1.2702
2024-03-23 18:40:00,1.4117
2024-03-23 18:50:00,1.407
2024-03-23 19:00:00,1.4024
2024-03-23 19:10:00,1.3333
2024-03-23 19:20:00,1.3148
2024-03-23 19:30:00,1.3159
2024-03-23 19:40:00,1.4464
2024-03-23 19:50:00,1.2053
2024-03-23 20:00:00,1.0546
2024-03-23 20:10:00,0.9551
2024-03-23 20:20:00,0.8999
2024-03-23 20:30:00,1.0333
2024-03-23 20:40:00,0.7518
2024-03-23 20:50:00,0.7877
2024-03-23 21:00:00,0.6242
2024-03-23 21:10:00,0.6227
2024-03-23 21:20:00,0.621
2024-03-23 21:30:00,0.4757
2024-03-23 21:40:00,0.4412
2024-03-23 21:50:00,0.6025
2024-03-23 22:00:00,0.5312
2024-03-23 22:10:00,0.5028
2024-03-23 22:20:00,0.493
2024-03-23 22:30:00,0.4601
2024-03-23 22:40:00,0.58
2024-03-23 22:50:00,0.4188
2024-03-23 23:00:00,0.4593
2024-03-23 23:10:00,0.2956
2024-03-23 23:20:00,0.3448
2024-03-23 23:30:00,0.3141
2024-03-23 23:40:00,0.5118
2024-03-23 23:50:00,0.2054
2024-03-24 00:00:00,0.3014
2024-03-24 00:10:00,0.0764
2024-03-24 00:20:00,0.2289
2024-03-24 00:30:00,0.2326
2024-03-24 00:40:00,0.3563
2024-03-24 00:50:00,0.2481
2024-03-24 01:00:00,0.1181
2024-03-24 01:10:00,0.2364
2024-03-24 01:20:00,0.1235
2024-03-24 01:30:00,0.1251
2024-03-24 01:40:00,0.05
2024-03-24 01:50:00,0.05
2024-03-24 02:00:00,0.0561
2024-03-24 02:10:00,0.1258
2024-03-24 02:20:00,0.1283
2024-03-24 02:30:00,0.2456
2024-03-24 02:40:00,0.1529
2024-03-24 02:50:00,0.05
2024-03-24 03:00:00,0.1431
2024-03-24 03:10:00,0.05
2024-03-24 03:20:00,0.05
2024-03-24 03:30:00,0.0571
2024-03-24 03:40:00,0.069
2024-03-24 03:50:00,0.0949
2024-03-24 04:00:00,0.3192
2024-03-24 04:10:00,0.3033
2024-03-24 04:20:00,0.5728
2024-03-24 04:30:00,0.8657
2024-03-24 04:40:00,0.7362
2024-03-24 04:50:00,0.9875
2024-03-24 05:00:00,0.9859
2024-03-24 05:10:00,1.3488
2024-03-24 05:20:00,1.6138
2024-03-24 05:30:00,1.8104
2024-03-24 05:40:00,1.9464
2024-03-24 05:50:00,2.1916
2024-03-24 06:00:00,2.4926
2024-03-24 06:10:00,2.5783
2024-03-24 06:20:00,2.5315
2024-03-24 06:30:00,2.5652
2024-03-24 06:40:00,2.7295
2024-03-24 06:50:00,2.7374
2024-03-24 07:00:00,2.8695
2024-03-24 07:10:00,2.728
2024-03-24 07:20:00,2.7752
2024-03-24 07:30:00,2.778
2024-03-24 07:40:00,2.6069
2024-03-24 07:50:00,2.421
2024-03-24 08:00:00,2.4542
2024-03-24 08:10:00,2.0598
2024-03-24 08:20:00,2.0248
2024-03-24 08:30:00,1.8841
2024-03-24 08:40:00,1.725
2024-03-24 08:50:00,1.5782
2024-03-24 09:00:00,1.4596
2024-03-24 09:10:00,1.2644
2024-03-24 09:20:00,1.1057
2024-03-24 09:30:00,0.9832
2024-03-24 09:40:00,0.8609
2024-03-24 09:50:00,0.8802
2024-03-24 10:00:00,0.6857
2024-03-24 10:10:00,0.7377
2024-03-24 10:20:00,0.6152
2024-03-24 10:30:00,0.5258
2024-03-24 10:40:00,0.5796
2024-03-24 10:50:00,0.442
2024-03-24 11:00:00,0.5278
2024-03-24 11:10:00,0.4756
2024-03-24 11:20:00,0.3969
2024-03-24 11:30:00,0.4764
2024-03-24 11:40:00,0.47
2024-03-24 11:50:00,0.5132
2024-03-24 12:00:00,0.4937
2024-03-24 12:10:00,0.4528
2024-03-24 12:20:00,0.3212
2024-03-24 12:30:00,0.6058
2024-03-24 12:40:00,0.2966
2024-03-24 12:50:00,0.4842
2024-03-24 13:00:00,0.4423
2024-03-24 13:10:00,0.3136
2024-03-24 13:20:00,0.3974
2024-03-24 13:30:00,0.4009
2024-03-24 13:40:00,0.5116
2024-03-24 13:50:00,0.3501
2024-03-24 14:00:00,0.3862
2024-03-24 14:10:00,0.2204
2024-03-24 14:20:00,0.5463
2024-03-24 14:30:00,0.3222
2024-03-24 14:40:00,0.4346
2024-03-24 14:50:00,0.4012
2024-03-24 15:00:00,0.4029
2024-03-24 15:10:00,0.4777
2024-03-24 15:20:00,0.5499
2024-03-24 15:30:00,0.441
2024-03-24 15:40:00,0.48
2024-03-24 15:50:00,0.4633
2024-03-24 16:00:00,0.5313
2024-03-24 16:10:00,0.4301
2024-03-24 16:20:00,0.5757
2024-03-24 16:30:00,0.6073
2024-03-24 16:40:00,0.6411
2024-03-24 16:50:00,0.5456
2024-03-24 17:00:00,0.6371
2024-03-24 17:10:00,0.7302
2024-03-24 17:20:00,0.6696
2024-03-24 17:30:00,0.9818
2024-03-24 17:40:00,0.9329
2024-03-24 17:50:00,1.0386
2024-03-24 18:00:00,1.0511
2024-03-24 18:10:00,1.0683
2024-03-24 18:20:00,1.1958
2024-03-24 18:30:00,1.3201
2024-03-24 18:40:00,1.4007
2024-03-24 18:50:00,1.3873
2024-03-24 19:00:00,1.4115
2024-03-24 19:10:00,1.3474
2024-03-24 19:20:00,1.3865
2024-03-24 19:30:00,1.4212
2024-03-24 19:40:00,1.3005
2024-03-24 19:50:00,1.2393
2024-03-24 20:00:00,1.1208
2024-03-24 20:10:00,0.8956
2024-03-24 20:20:00,0.8503
2024-03-24 20:30:00,0.8906
2024-03-24 20:40:00,0.7784
2024-03-24 20:50:00,0.7462
2024-03-24 21:00:00,0.7847
2024-03-24 21:10:00,0.6565
2024-03-24 21:20:00,0.6552
2024-03-24 21:30:00,0.5261
2024-03-24 21:40:00,0.4251
2024-03-24 21:50:00,0.4625
2024-03-24 22:00:00,0.3855
2024-03-24 22:10:00,0.5617
2024-03-24 22:20:00,0.4908
2024-03-24 22:30:00,0.4625
2024-03-24 22:40:00,0.515
2024-03-24 22:50:00,0.2513
2024-03-24 23:00:00,0.4578
2024-03-24 23:10:00,0.3045
2024-03-24 23:20:00,0.4079
2024-03-24 23:30:00,0.3829
2024-03-24 23:40:00,0.4604
2024-03-24 23:50:00,0.4255
2024-03-25 00:00:00,0.3628
2024-03-25 00:10:00,0.1935
2024-03-25 00:20:00,0.2826
2024-03-25 00:30:00,0.2209
2024-03-25 00:40:00,0.0569
2024-03-25 00:50:00,0.092
2024-03-25 01:00:00,0.1293
2024-03-25 01:10:00,0.2046
2024-03-25 01:20:00,0.1305
2024-03-25 01:30:00,0.05
2024-03-25 01:40:00,0.0822
2024-03-25 01:50:00,0.2548
2024-03-25 02:00:00,0.1023
2024-03-25 02:10:00,0.0672
2024-03-25 02:20:00,0.1327
2024-03-25 02:30:00,0.1545
2024-03-25 02:40:00,0.0569
2024-03-25 02:50:00,0.1336
2024-03-25 03:00:00,0.0671
2024-03-25 03:10:00,0.1509
2024-03-25 03:20:00,0.107
2024-03-25 03:30:00,0.1319
2024-03-25 03:40:00,0.05
2024-03-25 03:50:00,0.091
2024-03-25 04:00:00,0.3073
2024-03-25 04:10:00,0.3119
2024-03-25 04:20:00,0.4391
2024-03-25 04:30:00,0.5007
2024-03-25 04:40:00,0.7163
2024-03-25 04:50:00,0.724
2024-03-25 05:00:00,0.8976
2024-03-25 05:10:00,1.1129
2024-03-25 05:20:00,1.2888
2024-03-25 05:30:00,1.2987
2024-03-25 05:40:00,1.6407
2024-03-25 05:50:00,1.6468
2024-03-25 06:00:00,1.6672
2024-03-25 06:10:00,1.8967
2024-03-25 06:20:00,1.9375
2024-03-25 06:30:00,2.0854
2024-03-25 06:40:00,2.109
2024-03-25 06:50:00,2.1575
2024-03-25 07:00:00,2.0941
2024-03-25 07:10:00,2.2379
2024-03-25 07:20:00,2.0345
2024-03-25 07:30:00,1.9847
2024-03-25 07:40:00,2.0294
2024-03-25 07:50:00,2.0378
2024-03-25 08:00:00,1.777
2024-03-25 08:10:00,1.7464
2024-03-25 08:20:00,1.6545
2024-03-25 08:30:00,1.5087
2024-03-25 08:40:00,1.2935
2024-03-25 08:50:00,1.1087
2024-03-25 09:00:00,0.9023
2024-03-25 09:10:00,0.9482
2024-03-25 09:20:00,0.9625
2024-03-25 09:30:00,0.687
2024-03-25 09:40:00,0.7519
2024-03-25 09:50:00,0.549
2024-03-25 10:00:00,0.5725
2024-03-25 10:10:00,0.569
2024-03-25 10:20:00,0.4166
2024-03-25 10:30:00,0.4477
2024-03-25 10:40:00,0.3722
2024-03-25 10:50:00,0.439
2024-03-25 11:00:00,0.3835
2024-03-25 11:10:00,0.3552
2024-03-25 11:20:00,0.4647
2024-03-25 11:30:00,0.385
2024-03-25 11:40:00,0.2708
2024-03-25 11:50:00,0.3148
2024-03-25 12:00:00,0.3124
2024-03-25 12:10:00,0.3227
2024-03-25 12:20:00,0.5166
2024-03-25 12:30:00,0.3432
2024-03-25 12:40:00,0.1499
2024-03-25 12:50:00,0.2688
2024-03-25 13:00:00,0.1573
2024-03-25 13:10:00,0.2853
2024-03-25 13:20:00,0.1526
2024-03-25 13:30:00,0.2417
2024-03-25 13:40:00,0.1898
2024-03-25 13:50:00,0.3421
2024-03-25 14:00:00,0.3115
2024-03-25 14:10:00,0.3358
2024-03-25 14:20:00,0.3033
2024-03-25 14:30:00,0.2004
2024-03-25 14:40:00,0.3535
2024-03-25 14:50:00,0.4669
2024-03-25 15:00:00,0.3469
2024-03-25 15:10:00,0.2817
2024-03-25 15:20:00,0.204
2024-03-25 15:30:00,0.2492
2024-03-25 15:40:00,0.3633
2024-03-25 15:50:00,0.4201
2024-03-25 16:00:00,0.365
2024-03-25 16:10:00,0.4213
2024-03-25 16:20:00,0.4311
2024-03-25 16:30:00,0.4371
2024-03-25 16:40:00,0.3714
2024-03-25 16:50:00,0.4716
2024-03-25 17:00:00,0.4297
2024-03-25 17:10:00,0.5452
2024-03-25 17:20:00,0.6225
2024-03-25 17:30:00,0.7876
2024-03-25 17:40:00,0.6095
2024-03-25 17:50:00,0.8155
2024-03-25 18:00:00,0.9577
2024-03-25 18:10:00,0.959
2024-03-25 18:20:00,1.0181
2024-03-25 18:30:00,1.0432
2024-03-25 18:40:00,1.1339
2024-03-25 18:50:00,0.9642
2024-03-25 19:00:00,0.9475
2024-03-25 19:10:00,1.0507
2024-03-25 19:20:00,0.8572
2024-03-25 19:30:00,1.0947
2024-03-25 19:40:00,1.0492
2024-03-25 19:50:00,0.8636
2024-03-25 20:00:00,0.8095
2024-03-25 20:10:00,0.7712
2024-03-25 20:20:00,0.7184
2024-03-25 20:30:00,0.6635
2024-03-25 20:40:00,0.6407
2024-03-25 20:50:00,0.53
2024-03-25 21:00:00,0.573
2024-03-25 21:10:00,0.4933
2024-03-25 21:20:00,0.3755
2024-03-25 21:30:00,0.5034
2024-03-25 21:40:00,0.2659
2024-03-25 21:50:00,0.3499
2024-03-25 22:00:00,0.4215
2024-03-25 22:10:00,0.2764
2024-03-25 22:20:00,0.3518
2024-03-25 22:30:00,0.3654
2024-03-25 22:40:00,0.2494
2024-03-25 22:50:00,0.31
2024-03-25 23:00:00,0.3016
2024-03-25 23:10:00,0.2689
2024-03-25 23:20:00,0.4965
2024-03-25 23:30:00,0.2509
2024-03-25 23:40:00,0.3921
2024-03-25 23:50:00,0.2801
2024-03-26 00:00:00,0.1667
2024-03-26 00:10:00,0.2484
2024-03-26 00:20:00,0.2765
2024-03-26 00:30:00,0.2804
2024-03-26 00:40:00,0.3116
2024-03-26 00:50:00,0.4001
2024-03-26 01:00:00,0.1605
2024-03-26 01:10:00,0.0619
2024-03-26 01:20:00,0.1291
2024-03-26 01:30:00,0.0715
2024-03-26 01:40:00,0.1669
2024-03-26 01:50:00,0.05
2024-03-26 02:00:00,0.2823
2024-03-26 02:10:00,0.1613
2024-03-26 02:20:00,0.05
2024-03-26 02:30:00,0.05
2024-03-26 02:40:00,0.1581
2024-03-26 02:50:00,0.187
2024-03-26 03:00:00,0.05
2024-03-26 03:10:00,0.1499
2024-03-26 03:20:00,0.05
2024-03-26 03:30:00,0.0857
2024-03-26 03:40:00,0.1818
2024-03-26 03:50:00,0.1117
2024-03-26 04:00:00,0.1098
2024-03-26 04:10:00,0.3281
2024-03-26 04:20:00,0.3655
2024-03-26 04:30:00,0.5726
2024-03-26 04:40:00,0.5699
2024-03-26 04:50:00,0.7064
2024-03-26 05:00:00,0.7415
2024-03-26 05:10:00,1.0575
2024-03-26 05:20:00,1.1751
2024-03-26 05:30:00,1.2378
2024-03-26 05:40:00,1.4909
2024-03-26 05:50:00,1.6945
2024-03-26 06:00:00,1.7232
2024-03-26 06:10:00,1.8778
2024-03-26 06:20:00,1.9786
2024-03-26 06:30:00,1.9425
2024-03-26 06:40:00,2.2648
2024-03-26 06:50:00,2.1015
2024-03-26 07:00:00,2.207
2024-03-26 07:10:00,2.2077
2024-03-26 07:20:00,2.1035
2024-03-26 07:30:00,2.1099
2024-03-26 07:40:00,2.0081
2024-03-26 07:50:00,1.7851
2024-03-26 08:00:00,1.7682
2024-03-26 08:10:00,1.6316
2024-03-26 08:20:00,1.5226
2024-03-26 08:30:00,1.3309
2024-03-26 08:40:00,1.4009
2024-03-26 08:50:00,1.3173
2024-03-26 09:00:00,1.151
2024-03-26 09:10:00,1.0652
2024-03-26 09:20:00,0.8356
2024-03-26 09:30:00,0.7216
2024-03-26 09:40:00,0.6295
2024-03-26 09:50:00,0.6729
2024-03-26 10:00:00,0.5789
2024-03-26 10:10:00,0.5033
2024-03-26 10:20:00,0.5703
2024-03-26 10:30:00,0.4639
2024-03-26 10:40:00,0.336
2024-03-26 10:50:00,0.3259
2024-03-26 11:00:00,0.4171
2024-03-26 11:10:00,0.432
2024-03-26 11:20:00,0.3822
2024-03-26 11:30:00,0.4819
2024-03-26 11:40:00,0.455
2024-03-26 11:50:00,0.3551
2024-03-26 12:00:00,0.2496
2024-03-26 12:10:00,0.2096
2024-03-26 12:20:00,0.2818
2024-03-26 12:30:00,0.372
2024-03-26 12:40:00,0.4571
2024-03-26 12:50:00,0.3438
2024-03-26 13:00:00,0.4036
2024-03-26 13:10:00,0.2903
2024-03-26 13:20:00,0.3596
2024-03-26 13:30:00,0.3755
2024-03-26 13:40:00,0.1512
2024-03-26 13:50:00,0.2765
2024-03-26 14:00:00,0.3856
2024-03-26 14:10:00,0.3317
2024-03-26 14:20:00,0.2142
2024-03-26 14:30:00,0.1157
2024-03-26 14:40:00,0.2813
2024-03-26 14:50:00,0.3055
2024-03-26 15:00:00,0.2416
2024-03-26 15:10:00,0.3254
2024-03-26 15:20:00,0.357
2024-03-26 15:30:00,0.3737
2024-03-26 15:40:00,0.1367
2024-03-26 15:50:00,0.2272
2024-03-26 16:00:00,0.3177
2024-03-26 16:10:00,0.401
2024-03-26 16:20:00,0.4115
2024-03-26 16:30:00,0.432
2024-03-26 16:40:00,0.391
2024-03-26 16:50:00,0.4288
2024-03-26 17:00:00,0.4364
2024-03-26 17:10:00,0.6021
2024-03-26 17:20:00,0.5189
2024-03-26 17:30:00,0.7175
2024-03-26 17:40:00,0.7267
2024-03-26 17:50:00,0.7689
2024-03-26 18:00:00,0.7818
2024-03-26 18:10:00,0.7846
2024-03-26 18:20:00,0.8942
2024-03-26 18:30:00,0.9641
2024-03-26 18:40:00,0.8346
2024-03-26 18:50:00,1.0293
2024-03-26 19:00:00,1.1262
2024-03-26 19:10:00,1.0905
2024-03-26 19:20:00,0.9844
2024-03-26 19:30:00,0.9942
2024-03-26 19:40:00,0.9015
2024-03-26 19:50:00,0.905
2024-03-26 20:00:00,0.9575
2024-03-26 20:10:00,0.85
2024-03-26 20:20:00,0.7518
2024-03-26 20:30:00,0.6101
2024-03-26 20:40:00,0.6526
2024-03-26 20:50:00,0.4057
2024-03-26 21:00:00,0.4745
2024-03-26 21:10:00,0.5017
2024-03-26 21:20:00,0.4809
2024-03-26 21:30:00,0.4479
2024-03-26 21:40:00,0.3959
2024-03-26 21:50:00,0.3396
2024-03-26 22:00:00,0.3851
2024-03-26 22:10:00,0.2561
2024-03-26 22:20:00,0.2576
2024-03-26 22:30:00,0.325
2024-03-26 22:40:00,0.3303
2024-03-26 22:50:00,0.1679
2024-03-26 23:00:00,0.3488
2024-03-26 23:10:00,0.3731
2024-03-26 23:20:00,0.3044
2024-03-26 23:30:00,0.5001
2024-03-26 23:40:00,0.2552
2024-03-26 23:50:00,0.2808
2024-03-27 00:00:00,0.2206
2024-03-27 00:10:00,0.2327
2024-03-27 00:20:00,0.197
2024-03-27 00:30:00,0.093
2024-03-27 00:40:00,0.1419
2024-03-27 00:50:00,0.1557
2024-03-27 01:00:00,0.2379
2024-03-27 01:10:00,0.2904
2024-03-27 01:20:00,0.1991
2024-03-27 01:30:00,0.05
2024-03-27 01:40:00,0.05
2024-03-27 01:50:00,0.0796
2024-03-27 02:00:00,0.2351
2024-03-27 02:10:00,0.0791
2024-03-27 02:20:00,0.05
2024-03-27 02:30:00,0.0522
2024-03-27 02:40:00,0.1529
2024-03-27 02:50:00,0.1475
2024-03-27 03:00:00,0.0763
2024-03-27 03:10:00,0.147
2024-03-27 03:20:00,0.05
2024-03-27 03:30:00,0.1006
2024-03-27 03:40:00,0.1612
2024-03-27 03:50:00,0.0883
2024-03-27 04:00:00,0.1621
2024-03-27 04:10:00,0.1653
2024-03-27 04:20:00,0.5387
2024-03-27 04:30:00,0.4616
2024-03-27 04:40:00,0.6562
2024-03-27 04:50:00,0.812
2024-03-27 05:00:00,1.0189
2024-03-27 05:10:00,1.0255
2024-03-27 05:20:00,1.1379
2024-03-27 05:30:00,1.3389
2024-03-27 05:40:00,1.5695
2024-03-27 05:50:00,1.5894
2024-03-27 06:00:00,1.654
2024-03-27 06:10:00,1.7223
2024-03-27 06:20:00,1.8477
2024-03-27 06:30:00,2.0962
2024-03-27 06:40:00,2.0624
2024-03-27 06:50:00,2.0781
2024-03-27 07:00:00,2.0847
2024-03-27 07:10:00,2.1405
2024-03-27 07:20:00,2.0832
2024-03-27 07:30:00,2.0276
2024-03-27 07:40:00,2.0848
2024-03-27 07:50:00,2.0105
2024-03-27 08:00:00,1.6555
2024-03-27 08:10:00,1.697
2024-03-27 08:20:00,1.4884
2024-03-27 08:30:00,1.407
2024-03-27 08:40:00,1.3279
2024-03-27 08:50:00,1.1652
2024-03-27 09:00:00,1.0849
2024-03-27 09:10:00,1.0118
2024-03-27 09:20:00,0.8817
2024-03-27 09:30:00,0.7162
2024-03-27 09:40:00,0.6375
2024-03-27 09:50:00,0.5026
2024-03-27 10:00:00,0.4892
2024-03-27 10:10:00,0.6635
2024-03-27 10:20:00,0.4006
2024-03-27 10:30:00,0.3335
2024-03-27 10:40:00,0.4263
2024-03-27 10:50:00,0.3693
2024-03-27 11:00:00,0.3448
2024-03-27 11:10:00,0.4594
2024-03-27 11:20:00,0.38
2024-03-27 11:30:00,0.2858
2024-03-27 11:40:00,0.2883
2024-03-27 11:50:00,0.2777
2024-03-27 12:00:00,0.3848
2024-03-27 12:10:00,0.2879
2024-03-27 12:20:00,0.1675
2024-03-27 12:30:00,0.306
2024-03-27 12:40:00,0.1862
2024-03-27 12:50:00,0.4834
2024-03-27 13:00:00,0.231
2024-03-27 13:10:00,0.2951
2024-03-27 13:20:00,0.3286
2024-03-27 13:30:00,0.2848
2024-03-27 13:40:00,0.2846
2024-03-27 13:50:00,0.3415
2024-03-27 14:00:00,0.4299
2024-03-27 14:10:00,0.3693
2024-03-27 14:20:00,0.4264
2024-03-27 14:30:00,0.2246
2024-03-27 14:40:00,0.3342
2024-03-27 14:50:00,0.3219
2024-03-27 15:00:00,0.3386
2024-03-27 15:10:00,0.4223
2024-03-27 15:20:00,0.2969
2024-03-27 15:30:00,0.2857
2024-03-27 15:40:00,0.366
2024-03-27 15:50:00,0.1881
2024-03-27 16:00:00,0.3212
2024-03-27 16:10:00,0.3424
2024-03-27 16:20:00,0.2966
2024-03-27 16:30:00,0.4765
2024-03-27 16:40:00,0.3342
2024-03-27 16:50:00,0.4415
2024-03-27 17:00:00,0.5153
2024-03-27 17:10:00,0.6458
2024-03-27 17:20:00,0.5883
2024-03-27 17:30:00,0.7206
2024-03-27 17:40:00,0.762
2024-03-27 17:50:00,0.7779
2024-03-27 18:00:00,0.7423
2024-03-27 18:10:00,0.7731
2024-03-27 18:20:00,0.949
2024-03-27 18:30:00,0.9413
2024-03-27 18:40:00,1.0917
2024-03-27 18:50:00,1.0987
2024-03-27 19:00:00,1.0313
2024-03-27 19:10:00,0.9464
2024-03-27 19:20:00,1.059
2024-03-27 19:30:00,0.9033
2024-03-27 19:40:00,0.8798
2024-03-27 19:50:00,0.8095
2024-03-27 20:00:00,0.8184
2024-03-27 20:10:00,0.8616
2024-03-27 20:20:00,0.7056
2024-03-27 20:30:00,0.6103
2024-03-27 20:40:00,0.4671
2024-03-27 20:50:00,0.5817
2024-03-27 21:00:00,0.4294
2024-03-27 21:10:00,0.4618
2024-03-27 21:20:00,0.3908
2024-03-27 21:30:00,0.459
2024-03-27 21:40:00,0.3576
2024-03-27 21:50:00,0.3484
2024-03-27 22:00:00,0.379
2024-03-27 22:10:00,0.4989
2024-03-27 22:20:00,0.3943
2024-03-27 22:30:00,0.3111
2024-03-27 22:40:00,0.3149
2024-03-27 22:50:00,0.2702
2024-03-27 23:00:00,0.2345
2024-03-27 23:10:00,0.2652
2024-03-27 23:20:00,0.247
2024-03-27 23:30:00,0.3606
2024-03-27 23:40:00,0.2224
2024-03-27 23:50:00,0.4146
2024-03-28 00:00:00,0.3109
2024-03-28 00:10:00,0.2391
2024-03-28 00:20:00,0.222
2024-03-28 00:30:00,0.1597
2024-03-28 00:40:00,0.2061
2024-03-28 00:50:00,0.2496
2024-03-28 01:00:00,0.0826
2024-03-28 01:10:00,0.05
2024-03-28 01:20:00,0.148
2024-03-28 01:30:00,0.1177
2024-03-28 01:40:00,0.05
2024-03-28 01:50:00,0.05
2024-03-28 02:00:00,0.05
2024-03-28 02:10:00,0.05
2024-03-28 02:20:00,0.0659
2024-03-28 02:30:00,0.0704
2024-03-28 02:40:00,0.05
2024-03-28 02:50:00,0.05
2024-03-28 03:00:00,0.0735
2024-03-28 03:10:00,0.1052
2024-03-28 03:20:00,0.0665
2024-03-28 03:30:00,0.1845
2024-03-28 03:40:00,0.1324
2024-03-28 03:50:00,0.05
2024-03-28 04:00:00,0.2696
2024-03-28 04:10:00,0.3612
2024-03-28 04:20:00,0.3743
2024-03-28 04:30:00,0.3965
2024-03-28 04:40:00,0.6339
2024-03-28 04:50:00,0.7586
2024-03-28 05:00:00,0.803
2024-03-28 05:10:00,0.9157
2024-03-28 05:20:00,1.1672
2024-03-28 05:30:00,1.2987
2024-03-28 05:40:00,1.4248
2024-03-28 05:50:00,1.5869
2024-03-28 06:00:00,1.632
2024-03-28 06:10:00,1.7999
2024-03-28 06:20:00,1.9766
2024-03-28 06:30:00,1.9871
2024-03-28 06:40:00,1.942
2024-03-28 06:50:00,2.0764
2024-03-28 07:00:00,2.0438
2024-03-28 07:10:00,2.1426
2024-03-28 07:20:00,2.1156
2024-03-28 07:30:00,1.9047
2024-03-28 07:40:00,2.026
2024-03-28 07:50:00,1.7874
2024-03-28 08:00:00,1.8986
2024-03-28 08:10:00,1.6571
2024-03-28 08:20:00,1.4417
2024-03-28 08:30:00,1.3271
2024-03-28 08:40:00,1.3233
2024-03-28 08:50:00,1.1439
2024-03-28 09:00:00,1.0525
2024-03-28 09:10:00,1.0814
2024-03-28 09:20:00,0.7972
2024-03-28 09:30:00,0.7683
2024-03-28 09:40:00,0.7974
2024-03-28 09:50:00,0.6358
2024-03-28 10:00:00,0.4257
2024-03-28 10:10:00,0.544
2024-03-28 10:20:00,0.3682
2024-03-28 10:30:00,0.539
2024-03-28 10:40:00,0.3325
2024-03-28 10:50:00,0.6135
2024-03-28 11:00:00,0.4757
2024-03-28 11:10:00,0.2809
2024-03-28 11:20:00,0.3358
2024-03-28 11:30:00,0.3866
2024-03-28 11:40:00,0.3831
2024-03-28 11:50:00,0.3515
2024-03-28 12:00:00,0.4131
2024-03-28 12:10:00,0.3009
2024-03-28 12:20:00,0.2798
2024-03-28 12:30:00,0.2803
2024-03-28 12:40:00,0.376
2024-03-28 12:50:00,0.336
2024-03-28 13:00:00,0.3298
2024-03-28 13:10:00,0.3699
2024-03-28 13:20:00,0.142
2024-03-28 13:30:00,0.3309
2024-03-28 13:40:00,0.3235
2024-03-28 13:50:00,0.4395
2024-03-28 14:00:00,0.1837
2024-03-28 14:10:00,0.4307
2024-03-28 14:20:00,0.3123
2024-03-28 14:30:00,0.3456
2024-03-28 14:40:00,0.441
2024-03-28 14:50:00,0.3525
2024-03-28 15:00:00,0.3407
2024-03-28 15:10:00,0.3297
2024-03-28 15:20:00,0.2741
2024-03-28 15:30:00,0.314
2024-03-28 15:40:00,0.2641
2024-03-28 15:50:00,0.3249
2024-03-28 16:00:00,0.1513
2024-03-28 16:10:00,0.3854
2024-03-28 16:20:00,0.3583
2024-03-28 16:30:00,0.3628
2024-03-28 16:40:00,0.4343
2024-03-28 16:50:00,0.335
2024-03-28 17:00:00,0.6433
2024-03-28 17:10:00,0.5262
2024-03-28 17:20:00,0.574
2024-03-28 17:30:00,0.5647
2024-03-28 17:40:00,0.7038
2024-03-28 17:50:00,0.8744
2024-03-28 18:00:00,0.9075
2024-03-28 18:10:00,0.951
2024-03-28 18:20:00,0.9787
2024-03-28 18:30:00,0.9502
2024-03-28 18:40:00,0.8962
2024-03-28 18:50:00,1.0168
2024-03-28 19:00:00,1.0211
2024-03-28 19:10:00,1.1168
2024-03-28 19:20:00,1.0369
2024-03-28 19:30:00,1.1079
2024-03-28 19:40:00,1.0308
2024-03-28 19:50:00,0.8462
2024-03-28 20:00:00,0.681
2024-03-28 20:10:00,0.8743
2024-03-28 20:20:00,0.8106
2024-03-28 20:30:00,0.5327
2024-03-28 20:40:00,0.7064
2024-03-28 20:50:00,0.565
2024-03-28 21:00:00,0.5018
2024-03-28 21:10:00,0.5789
2024-03-28 21:20:00,0.5243
2024-03-28 21:30:00,0.4418
2024-03-28 21:40:00,0.4059
2024-03-28 21:50:00,0.4004
2024-03-28 22:00:00,0.3061
2024-03-28 22:10:00,0.324
2024-03-28 22:20:00,0.2492
2024-03-28 22:30:00,0.2897
2024-03-28 22:40:00,0.2834
2024-03-28 22:50:00,0.2595
2024-03-28 23:00:00,0.3196
2024-03-28 23:10:00,0.2817
2024-03-28 23:20:00,0.3471
2024-03-28 23:30:00,0.1767
2024-03-28 23:40:00,0.2972
2024-03-28 23:50:00,0.3166
2024-03-29 00:00:00,0.2244
2024-03-29 00:10:00,0.2222
2024-03-29 00:20:00,0.0939
2024-03-29 00:30:00,0.2316
2024-03-29 00:40:00,0.2352
2024-03-29 00:50:00,0.2011
2024-03-29 01:00:00,0.2211
2024-03-29 01:10:00,0.129
2024-03-29 01:20:00,0.1295
2024-03-29 01:30:00,0.1037
2024-03-29 01:40:00,0.1462
2024-03-29 01:50:00,0.05
2024-03-29 02:00:00,0.05
2024-03-29 02:10:00,0.2182
2024-03-29 02:20:00,0.05
2024-03-29 02:30:00,0.08
2024-03-29 02:40:00,0.185
2024-03-29 02:50:00,0.0838
2024-03-29 03:00:00,0.0588
2024-03-29 03:10:00,0.1016
2024-03-29 03:20:00,0.063
2024-03-29 03:30:00,0.0937
2024-03-29 03:40:00,0.05
2024-03-29 03:50:00,0.2418
2024-03-29 04:00:00,0.3402
2024-03-29 04:10:00,0.3002
2024-03-29 04:20:00,0.2957
2024-03-29 04:30:00,0.4712
2024-03-29 04:40:00,0.6148
2024-03-29 04:50:00,0.7952
2024-03-29 05:00:00,0.8068
2024-03-29 05:10:00,0.9641
2024-03-29 05:20:00,1.2081
2024-03-29 05:30:00,1.3846
2024-03-29 05:40:00,1.3998
2024-03-29 05:50:00,1.4775
2024-03-29 06:00:00,1.9728
2024-03-29 06:10:00,1.8866
2024-03-29 06:20:00,1.9012
2024-03-29 06:30:00,2.0727
2024-03-29 06:40:00,2.0536
2024-03-29 06:50:00,2.1711
2024-03-29 07:00:00,2.1296
2024-03-29 07:10:00,2.116
2024-03-29 07:20:00,2.0686
2024-03-29 07:30:00,1.9096
2024-03-29 07:40:00,2.1087
2024-03-29 07:50:00,1.79
2024-03-29 08:00:00,1.6546
2024-03-29 08:10:00,1.6342
2024-03-29 08:20:00,1.4554
2024-03-29 08:30:00,1.406
2024-03-29 08:40:00,1.3429
2024-03-29 08:50:00,1.2479
2024-03-29 09:00:00,1.1191
2024-03-29 09:10:00,0.9223
2024-03-29 09:20:00,0.8521
2024-03-29 09:30:00,0.7916
2024-03-29 09:40:00,0.5391
2024-03-29 09:50:00,0.6561
2024-03-29 10:00:00,0.4344
2024-03-29 10:10:00,0.6638
2024-03-29 10:20:00,0.4262
2024-03-29 10:30:00,0.4092
2024-03-29 10:40:00,0.3344
2024-03-29 10:50:00,0.3233
2024-03-29 11:00:00,0.5381
2024-03-29 11:10:00,0.4178
2024-03-29 11:20:00,0.2082
2024-03-29 11:30:00,0.4447
2024-03-29 11:40:00,0.414
2024-03-29 11:50:00,0.2917
2024-03-29 12:00:00,0.3357
2024-03-29 12:10:00,0.3077
2024-03-29 12:20:00,0.4652
2024-03-29 12:30:00,0.2426
2024-03-29 12:40:00,0.3172
2024-03-29 12:50:00,0.2708
2024-03-29 13:00:00,0.19
2024-03-29 13:10:00,0.4798
2024-03-29 13:20:00,0.2098
2024-03-29 13:30:00,0.3218
2024-03-29 13:40:00,0.1649
2024-03-29 13:50:00,0.2723
2024-03-29 14:00:00,0.338
2024-03-29 14:10:00,0.2383
2024-03-29 14:20:00,0.3514
2024-03-29 14:30:00,0.2832
2024-03-29 14:40:00,0.398
2024-03-29 14:50:00,0.4148
2024-03-29 15:00:00,0.2599
2024-03-29 15:10:00,0.3146
2024-03-29 15:20:00,0.3256
2024-03-29 15:30:00,0.364
2024-03-29 15:40:00,0.3206
2024-03-29 15:50:00,0.3417
2024-03-29 16:00:00,0.3167
2024-03-29 16:10:00,0.3582
2024-03-29 16:20:00,0.4697
2024-03-29 16:30:00,0.4391
2024-03-29 16:40:00,0.4704
2024-03-29 16:50:00,0.5049
2024-03-29 17:00:00,0.4737
2024-03-29 17:10:00,0.5567
2024-03-29 17:20:00,0.4954
2024-03-29 17:30:00,0.7397
2024-03-29 17:40:00,0.4751
2024-03-29 17:50:00,0.752
2024-03-29 18:00:00,0.911
2024-03-29 18:10:00,0.7684
2024-03-29 18:20:00,0.9614
2024-03-29 18:30:00,0.9187
2024-03-29 18:40:00,0.9767
2024-03-29 18:50:00,1.1025
2024-03-29 19:00:00,1.0497
2024-03-29 19:10:00,0.8641
2024-03-29 19:20:00,0.9281
2024-03-29 19:30:00,1.0512
2024-03-29 19:40:00,0.9654
2024-03-29 19:50:00,1.0173
2024-03-29 20:00:00,0.9544
2024-03-29 20:10:00,0.7316
2024-03-29 20:20:00,0.898
2024-03-29 20:30:00,0.6401
2024-03-29 20:40:00,0.5052
2024-03-29 20:50:00,0.4805
2024-03-29 21:00:00,0.3055
2024-03-29 21:10:00,0.5756
2024-03-29 21:20:00,0.5418
2024-03-29 21:30:00,0.3061
2024-03-29 21:40:00,0.3476
2024-03-29 21:50:00,0.3567
2024-03-29 22:00:00,0.2593
2024-03-29 22:10:00,0.1861
2024-03-29 22:20:00,0.3026
2024-03-29 22:30:00,0.2888
2024-03-29 22:40:00,0.2798
2024-03-29 22:50:00,0.3263
2024-03-29 23:00:00,0.4212
2024-03-29 23:10:00,0.2816
2024-03-29 23:20:00,0.3188
2024-03-29 23:30:00,0.3629
2024-03-29 23:40:00,0.3488
2024-03-29 23:50:00,0.2551
2024-03-30 00:00:00,0.3298
2024-03-30 00:10:00,0.3488
2024-03-30 00:20:00,0.1949
2024-03-30 00:30:00,0.3636
2024-03-30 00:40:00,0.3515
2024-03-30 00:50:00,0.151
2024-03-30 01:00:00,0.1938
2024-03-30 01:10:00,0.1973
2024-03-30 01:20:00,0.0742
2024-03-30 01:30:00,0.1564
2024-03-30 01:40:00,0.1309
2024-03-30 01:50:00,0.05
2024-03-30 02:00:00,0.1546
2024-03-30 02:10:00,0.05
2024-03-30 02:20:00,0.193
2024-03-30 02:30:00,0.0642
2024-03-30 02:40:00,0.105
2024-03-30 02:50:00,0.2277
2024-03-30 03:00:00,0.1576
2024-03-30 03:10:00,0.05
2024-03-30 03:20:00,0.05
2024-03-30 03:30:00,0.0699
2024-03-30 03:40:00,0.1495
2024-03-30 03:50:00,0.2265
2024-03-30 04:00:00,0.225
2024-03-30 04:10:00,0.3084
2024-03-30 04:20:00,0.548
2024-03-30 04:30:00,0.6485
2024-03-30 04:40:00,0.986
2024-03-30 04:50:00,0.9783
2024-03-30 05:00:00,1.2919
2024-03-30 05:10:00,1.2318
2024-03-30 05:20:00,1.3825
2024-03-30 05:30:00,1.6027
2024-03-30 05:40:00,1.9684
2024-03-30 05:50:00,2.1877
2024-03-30 06:00:00,2.1473
2024-03-30 06:10:00,2.3201
2024-03-30 06:20:00,2.391
2024-03-30 06:30:00,2.4438
2024-03-30 06:40:00,2.7241
2024-03-30 06:50:00,2.7339
2024-03-30 07:00:00,2.7364
2024-03-30 07:10:00,2.613
2024-03-30 07:20:00,2.8162
2024-03-30 07:30:00,2.5771
2024-03-30 07:40:00,2.5674
2024-03-30 07:50:00,2.2941
2024-03-30 08:00:00,2.2635
2024-03-30 08:10:00,2.1571
2024-03-30 08:20:00,2.0063
2024-03-30 08:30:00,1.8346
2024-03-30 08:40:00,1.7038
2024-03-30 08:50:00,1.4193
2024-03-30 09:00:00,1.3778
2024-03-30 09:10:00,1.2326
2024-03-30 09:20:00,1.1145
2024-03-30 09:30:00,0.9866
2024-03-30 09:40:00,0.7765
2024-03-30 09:50:00,0.6835
2024-03-30 10:00:00,0.5349
2024-03-30 10:10:00,0.7123
2024-03-30 10:20:00,0.6587
2024-03-30 10:30:00,0.6154
2024-03-30 10:40:00,0.5363
2024-03-30 10:50:00,0.3123
2024-03-30 11:00:00,0.3781
2024-03-30 11:10:00,0.4563
2024-03-30 11:20:00,0.4401
2024-03-30 11:30:00,0.4013
2024-03-30 11:40:00,0.4411
2024-03-30 11:50:00,0.407
2024-03-30 12:00:00,0.4117
2024-03-30 12:10:00,0.3481
2024-03-30 12:20:00,0.4757
2024-03-30 12:30:00,0.3613
2024-03-30 12:40:00,0.2884
2024-03-30 12:50:00,0.3325
2024-03-30 13:00:00,0.3659
2024-03-30 13:10:00,0.473
2024-03-30 13:20:00,0.3899
2024-03-30 13:30:00,0.3783
2024-03-30 13:40:00,0.2932
2024-03-30 13:50:00,0.4559
2024-03-30 14:00:00,0.341
2024-03-30 14:10:00,0.3852
2024-03-30 14:20:00,0.5119
2024-03-30 14:30:00,0.4345
2024-03-30 14:40:00,0.2641
2024-03-30 14:50:00,0.2537
2024-03-30 15:00:00,0.3914
2024-03-30 15:10:00,0.3017
2024-03-30 15:20:00,0.4537
2024-03-30 15:30:00,0.4097
2024-03-30 15:40:00,0.4261
2024-03-30 15:50:00,0.3654
2024-03-30 16:00:00,0.5737
2024-03-30 16:10:00,0.6784
2024-03-30 16:20:00,0.4505
2024-03-30 16:30:00,0.5288
2024-03-30 16:40:00,0.5431
2024-03-30 16:50:00,0.5569
2024-03-30 17:00:00,0.5615
2024-03-30 17:10:00,0.5997
2024-03-30 17:20:00,0.6616
2024-03-30 17:30:00,0.8571
2024-03-30 17:40:00,0.8601
2024-03-30 17:50:00,0.7745
2024-03-30 18:00:00,1.0949
2024-03-30 18:10:00,1.1309
2024-03-30 18:20:00,1.3089
2024-03-30 18:30:00,1.2874
2024-03-30 18:40:00,1.182
2024-03-30 18:50:00,1.1486
2024-03-30 19:00:00,1.2784
2024-03-30 19:10:00,1.2769
2024-03-30 19:20:00,1.3757
2024-03-30 19:30:00,1.2569
2024-03-30 19:40:00,1.2918
2024-03-30 19:50:00,1.0279
2024-03-30 20:00:00,1.1366
2024-03-30 20:10:00,1.0385
2024-03-30 20:20:00,0.7402
2024-03-30 20:30:00,0.9305
2024-03-30 20:40:00,0.7599
2024-03-30 20:50:00,0.7179
2024-03-30 21:00:00,0.5589
2024-03-30 21:10:00,0.6797
2024-03-30 21:20:00,0.4405
2024-03-30 21:30:00,0.5672
2024-03-30 21:40:00,0.5384
2024-03-30 21:50:00,0.3731
2024-03-30 22:00:00,0.593
2024-03-30 22:10:00,0.4405
2024-03-30 22:20:00,0.4652
2024-03-30 22:30:00,0.2842
2024-03-30 22:40:00,0.5712
2024-03-30 22:50:00,0.3007
2024-03-30 23:00:00,0.4786
2024-03-30 23:10:00,0.3156
2024-03-30 23:20:00,0.3448
2024-03-30 23:30:00,0.4569
2024-03-30 23:40:00,0.4756
2024-03-30 23:50:00,0.2915
