value,value_diff,value_rolling_mean_3,value_volatility_3,value_ewm_3,value_rolling_mean_6,value_volatility_6,value_ewm_6,value_rolling_mean_12,value_volatility_12,value_ewm_12,value_rolling_mean_24,value_volatility_24,value_ewm_24,drift_flag,time_since_last_spike
0.767,0.0,0.7736666666666667,0.0,0.767,0.7745000000000001,0.0,0.767,0.7688333333333334,0.0,0.767,0.873125,0.0,0.767,0,1
0.784,0.017000000000000015,0.7736666666666667,0.0,0.7755000000000001,0.7745000000000001,0.0,0.7718571428571429,0.7688333333333334,0.0,0.7696153846153846,0.873125,0.0,0.76836,1,0
0.77,-0.014000000000000012,0.7736666666666667,0.00907377172587746,0.77275,0.7745000000000001,0.0,0.7713265306122449,0.7688333333333334,0.0,0.7696745562130177,0.873125,0.0,0.7684912,1,0
0.781,0.01100000000000001,0.7783333333333333,0.0073711147958319245,0.776875,0.7745000000000001,0.0,0.7740903790087463,0.7688333333333334,0.0,0.7714169321802458,0.873125,0.0,0.769491904,1,0
0.755,-0.026000000000000023,0.7686666666666667,0.013051181300301277,0.7659374999999999,0.7745000000000001,0.0,0.7686359850062474,0.7688333333333334,0.0,0.7688912503063619,0.873125,0.0,0.76833255168,1,0
0.79,0.03500000000000003,0.7753333333333333,0.018175074506954145,0.77796875,0.7745000000000001,0.012880217389469796,0.7747399892901767,0.7688333333333334,0.0,0.7721387502592293,0.873125,0.0,0.7700659475456001,1,0
0.768,-0.02200000000000002,0.771,0.017691806012954153,0.7729843750000001,0.7746666666666667,0.012769755936064985,0.7728142780644119,0.7688333333333334,0.0,0.7715020194501171,0.873125,0.0,0.7699006717419522,0,1
0.726,-0.04200000000000004,0.7613333333333334,0.032516662395352544,0.7494921875,0.765,0.022521101216414874,0.7594387700460086,0.7688333333333334,0.0,0.7645017087654837,0.873125,0.0,0.7663886180025961,0,2
0.768,0.04200000000000004,0.754,0.024248711305964277,0.75874609375,0.7646666666666667,0.02244697455486307,0.7618848357471489,0.7688333333333334,0.0,0.7650399074169478,0.873125,0.0,0.7665175285623884,0,3
0.771,0.0030000000000000027,0.7549999999999999,0.02515949125081825,0.764873046875,0.763,0.021335416564951432,0.7644891683908207,0.7688333333333334,0.0,0.7659568447374174,0.873125,0.0,0.7668761262773973,0,4
0.767,-0.0040000000000000036,0.7686666666666667,0.002081665999466983,0.7659365234375,0.765,0.02099523755521722,0.7652065488505861,0.7688333333333334,0.0,0.7661173301624301,0.873125,0.0,0.7668860361752056,0,5
0.779,0.01200000000000001,0.7723333333333334,0.0061101009266081325,0.7724682617187499,0.7631666666666667,0.01873410437321919,0.7691475348932758,0.7688333333333334,0.016430754607433536,0.7680992793682101,0.873125,0.0,0.7678551532811891,0,6
0.767,-0.01200000000000001,0.771,0.006928203230275783,0.769734130859375,0.763,0.018686893802877025,0.7685339534951969,0.7688333333333334,0.016430754607433536,0.7679301594654085,0.873125,0.0,0.767786741018694,0,7
0.758,-0.009000000000000008,0.7680000000000001,0.010535653752852885,0.7638670654296875,0.7683333333333334,0.006801960501698641,0.7655242524965692,0.7666666666666666,0.01595637993424767,0.7664024426245764,0.873125,0.0,0.7670038017371986,0,8
0.751,-0.007000000000000006,0.7586666666666666,0.008020806277010649,0.7574335327148438,0.7655,0.009833615815151766,0.761374466068978,0.7650833333333334,0.016527983616407754,0.7640328360669493,0.873125,0.0,0.7657234975982228,0,9
0.891,0.14,0.8000000000000002,0.07888599368709256,0.8242167663574219,0.7855,0.052542363860031985,0.7984103329064128,0.77425,0.039998011314200506,0.7835662459028032,0.873125,0.0,0.775745617790365,1,0
1.37,0.4790000000000001,1.0040000000000002,0.3246028342451743,1.097108383178711,0.8860000000000001,0.24269322199023188,0.9617216663617235,0.8255,0.17597184692186116,0.8737868234562182,0.873125,0.0,0.8232859683671359,0,1
1.371,0.0009999999999998899,1.2106666666666666,0.276839905601294,1.2340541915893555,0.9846666666666667,0.3032706162269378,1.0786583331155168,0.8739166666666667,0.23525748305491448,0.9502811583091078,0.873125,0.0,0.867103090897765,0,2
1.165,-0.20599999999999996,1.3019999999999998,0.11864653387267586,1.1995270957946778,1.051,0.289346159469933,1.1033273807967978,0.907,0.24664733749000645,0.9833148262615528,0.873125,0.0,0.8909348436259439,0,3
0.976,-0.18900000000000006,1.1706666666666665,0.1975609610559065,1.0877635478973389,1.0873333333333333,0.25708416261346506,1.0669481291405698,0.9278333333333334,0.24044951590088456,0.9821894683751601,0.873125,0.0,0.8977400561358685,0,4
1.038,0.062000000000000055,1.0596666666666668,0.09634486666830475,1.0628817739486696,1.1351666666666667,0.20300090311785934,1.058677235100407,0.9503333333333334,0.23673742006832402,0.9907757040097508,0.873125,0.0,0.9089608516449991,0,5
0.967,-0.07100000000000006,0.9936666666666668,0.0386566078870538,1.0149408869743348,1.1478333333333333,0.18641182008302618,1.0324837393574335,0.9666666666666668,0.22990248262067892,0.9871179033928661,0.873125,0.0,0.9136039835133991,0,6
0.875,-0.09199999999999997,0.96,0.08172514912803826,0.9449704434871674,1.0653333333333332,0.1777578877762293,0.9874883852553097,0.9756666666666667,0.22339745800349722,0.969868995178579,0.873125,0.0,0.9105156648323272,0,7
0.8,-0.07499999999999996,0.8806666666666666,0.08364408725865448,0.8724852217435837,0.9701666666666666,0.12697939465388297,0.9339202751823641,0.9774166666666666,0.22179329374783902,0.9437353036126438,0.873125,0.1870975826534983,0.9016744116457409,0,8
0.788,-0.01200000000000001,0.8210000000000001,0.0471487009365058,0.8302426108717919,0.9073333333333333,0.10213259355693749,0.892228767987403,0.9791666666666666,0.2200581878972153,0.9197760261337755,0.8740000000000001,0.18662820514735107,0.8925804587140816,0,9
0.821,0.03299999999999992,0.8029999999999999,0.016703293088491843,0.8256213054358958,0.8815,0.10088557875137526,0.8718776914195736,0.9844166666666667,0.21499533116847555,0.904579714420887,0.8755416666666668,0.18600420265627635,0.8868540220169551,0,10
0.803,-0.017999999999999905,0.8039999999999999,0.016522711641860116,0.814310652717948,0.8423333333333334,0.0683452022212724,0.8521983510139811,0.98875,0.21033658091907675,0.8889520660484429,0.8769166666666667,0.18531076523004525,0.8801457002555987,0,11
0.743,-0.06000000000000005,0.789,0.040841155713324966,0.7786553263589739,0.805,0.04316943363075277,0.8209988221528437,0.9764166666666667,0.22067436244934363,0.8664979020409902,0.8753333333333333,0.18632549048854566,0.8691740442351509,0,12
0.719,-0.02400000000000002,0.755,0.04326661530556847,0.748827663179487,0.779,0.03939035414920736,0.7918563015377454,0.9221666666666667,0.1934630964731251,0.843805917111607,0.8738333333333334,0.18747768949389962,0.8571601206963388,0,13
0.715,-0.0040000000000000036,0.7256666666666667,0.015143755588802085,0.7319138315897435,0.7648333333333333,0.045185912258873875,0.7698973582412467,0.8675,0.14055506847042998,0.8239896221713597,0.8707083333333334,0.18954946106071055,0.8457873110406318,0,14
1.301,0.586,0.9116666666666666,0.337178488835414,1.0164569157948717,0.8503333333333334,0.2250712479786492,0.921640970172319,0.8788333333333335,0.1692732236427966,0.8973758341449967,0.8929166666666667,0.2073782338724534,0.8822043261573812,1,0
0.816,-0.485,0.944,0.31326825565320227,0.9162284578974358,0.8495,0.22521079015002796,0.8914578358373707,0.8654999999999999,0.16721271156551135,0.8848564750457664,0.8966666666666666,0.2050290894878868,0.8769079800647908,1,0
0.812,-0.0039999999999998925,0.9763333333333333,0.28117669415037483,0.8641142289487179,0.851,0.22486885066633824,0.8687555970266934,0.8466666666666667,0.15851890241937205,0.8736477865771869,0.8985,0.20402280349957477,0.8717153416596075,0,1
0.916,0.10399999999999998,0.848,0.05892367945062546,0.890057114474359,0.8798333333333334,0.2192728133323112,0.8822539978762096,0.8424166666666665,0.15565723318376248,0.8801635117191582,0.9045416666666667,0.20222200008614444,0.875258114326839,0,2
0.93,0.014000000000000012,0.8860000000000001,0.06446704584514536,0.9100285572371796,0.9149999999999999,0.20475937096992633,0.8958957127687213,0.847,0.157502669530046,0.8878306637623646,0.9113333333333333,0.20012814735143794,0.879637465180692,0,3
0.93,0.0,0.9253333333333332,0.008082903768660379,0.9200142786185899,0.9508333333333333,0.18008488739110384,0.905639794834801,0.8578333333333333,0.15844404422860184,0.8943182539527701,0.917625,0.19815075782365046,0.8836664679662367,0,4
1.361,0.43099999999999994,1.0736666666666668,0.248837966020729,1.140507139309295,0.9608333333333333,0.20355482471969696,1.0357427105962864,0.9055833333333334,0.21257916528943174,0.966115445652344,0.9423750000000001,0.21490722214582458,0.9218531505289378,1,0
1.497,0.13600000000000012,1.2626666666666668,0.2960140762418801,1.3187535696546475,1.0743333333333334,0.28155899322640454,1.167530507568776,0.9619166666666668,0.2699540224601669,1.0477899924750602,0.9731666666666666,0.2389394441506352,0.9678648984866228,0,1
1.064,-0.43300000000000005,1.3073333333333335,0.22143245772319284,1.1913767848273238,1.1163333333333334,0.25182586576177296,1.1379503625491258,0.9836666666666667,0.26647815306438566,1.0502838397865895,0.9862083333333334,0.23479204104107085,0.975555706607693,0,2
2.563,1.499,1.7080000000000002,0.7714538223380584,1.8771883924136619,1.3908333333333334,0.6193045831145337,1.5451074018208042,1.1353333333333333,0.5171123200187283,1.283009402896345,1.0558750000000001,0.39719957884517276,1.1025512500790777,1,0
1.267,-1.2960000000000003,1.6313333333333333,0.8132062059117195,1.5720941962068309,1.447,0.5833918065931332,1.4656481441577172,1.181,0.5009476474189152,1.280546417835369,1.0515833333333333,0.39420309449590185,1.1157071500727513,1,0
0.796,-0.47099999999999986,1.542,0.9150360648630198,1.1840470981034155,1.4246666666666667,0.6091386268056447,1.274320102969798,1.18775,0.4946032615780416,1.2060008150914658,1.027625,0.39140936121084063,1.0901305780669313,0,1
0.773,-0.02300000000000002,0.9453333333333331,0.27880877556729405,0.9785235490517077,1.3266666666666669,0.6660692656673677,1.13108578783557,1.14375,0.5069441649369648,1.139385305077394,1.0112916666666667,0.3936003799006945,1.064760131821577,0,2
0.872,0.09899999999999998,0.8136666666666666,0.05181055233573322,0.9252617745258538,1.2225000000000001,0.6827657724285833,1.057061277025407,1.1484166666666666,0.5039014078050179,1.0982491042962566,1.0069583333333334,0.39457709657927126,1.0493393212758508,0,3
0.779,-0.09299999999999997,0.8079999999999998,0.05550675634551545,0.852130887262927,1.175,0.705532139593938,0.9776151978752907,1.1456666666666666,0.5059899987034121,1.049133857481448,0.9961666666666668,0.39722413634213327,1.0277121755737828,0,4
0.757,-0.02200000000000002,0.8026666666666665,0.06104370019366254,0.8045654436314635,0.874,0.1966987544444553,0.9145822841966362,1.1324166666666668,0.51456008719423,1.0041901870996868,0.9874166666666667,0.4001963557910115,1.0060552015278803,0,5
0.729,-0.028000000000000025,0.7549999999999999,0.025059928172292027,0.7667827218157317,0.7843333333333334,0.04855375028426599,0.8615587744261688,1.1156666666666666,0.5249154621691408,0.9618532352381965,0.9813333333333333,0.403078767430912,0.98389078540565,0,6
0.627,-0.10199999999999998,0.7043333333333331,0.06842026990105912,0.6968913609078659,0.7561666666666667,0.07955480291388367,0.7945419817329777,1.0904166666666668,0.5416784450933856,0.9103373528938586,0.9741249999999999,0.40797967900161514,0.955339522573198,0,7
0.615,-0.01200000000000001,0.6569999999999999,0.06264183905346689,0.655945680453933,0.7298333333333334,0.09708638764866519,0.7432442726664127,1.02825,0.5505369486403087,0.8649008370640343,0.9669166666666666,0.4129097086969885,0.9281123607673422,0,8
0.596,-0.019000000000000017,0.6126666666666665,0.015631165450272287,0.6259728402269664,0.6838333333333333,0.08016586971190988,0.701174480476009,0.9531666666666666,0.542172705347883,0.8235314775157214,0.9575416666666667,0.4188778984866351,0.9015433719059549,0,9
0.578,-0.018000000000000016,0.596333333333333,0.018502252115182857,0.6019864201134832,0.6503333333333333,0.07422039252568612,0.6659817717685779,0.9126666666666666,0.5512173854847159,0.7857574040517642,0.9481666666666667,0.4249608336599123,0.8756599021534784,0,10
0.592,0.014000000000000012,0.5886666666666666,0.009451631252529367,0.5969932100567417,0.6228333333333332,0.054828520558801594,0.6448441226918413,0.7484166666666665,0.19015231135895014,0.755948572659185,0.941875,0.4292268390348234,0.8529671099812002,0,11
0.633,0.041000000000000036,0.6009999999999999,0.028583211855920915,0.6149966050283708,0.6068333333333333,0.021572358857272298,0.6414600876370296,0.6955833333333333,0.09937665569422853,0.737033407634695,0.9382916666666666,0.4315212201106652,0.8353697411827042,0,12
0.612,-0.02100000000000002,0.6123333333333333,0.020502032419586844,0.6134983025141854,0.6043333333333333,0.01954140902460555,0.6330429197407353,0.68025,0.09663156363688119,0.7177974987678188,0.934,0.43434148056469407,0.8175001618880879,0,13
0.626,0.014000000000000012,0.6236666666666665,0.01069267662158487,0.6197491512570927,0.6061666666666666,0.021188833537194418,0.6310306569576681,0.668,0.09305619025864995,0.7036748066496928,0.9058750000000001,0.43138798359632646,0.8021801489370409,0,14
0.62,-0.006000000000000005,0.6193333333333332,0.007023769168600845,0.6198745756285464,0.6101666666666666,0.021151044103470025,0.6278790406840487,0.6469999999999999,0.06785680109277877,0.6908017594728171,0.8977083333333332,0.435003496154533,0.7876057370220777,0,15
0.614,-0.006000000000000005,0.6199999999999998,0.006000000000037888,0.6169372878142731,0.6161666666666666,0.01414802695314552,0.6239136004886061,0.63325,0.0539749521032203,0.6789861041693068,0.8894583333333334,0.4385626700708922,0.7737172780603114,0,16
0.606,-0.008000000000000007,0.6133333333333332,0.007023769168600845,0.6114686439071366,0.6184999999999999,0.009874208829079151,0.6187954289204329,0.6206666666666667,0.03762816482208833,0.6677574727586443,0.8765416666666668,0.4422961804400804,0.7602998958154865,0,17
0.624,0.018000000000000016,0.6146666666666665,0.009018499505671016,0.6177343219535683,0.617,0.007668115805089595,0.6202824492288807,0.6119166666666667,0.016323203414048908,0.661025553872699,0.8637916666666667,0.4450898276866649,0.7493959041502476,1,0
0.605,-0.019000000000000017,0.6116666666666665,0.010692676621584876,0.6113671609767841,0.6158333333333333,0.00899814795760392,0.6159160351634861,0.6100833333333333,0.0156986295483528,0.6524062378922838,0.8502500000000001,0.44792286311858204,0.7378442318182278,1,0
0.569,-0.03600000000000003,0.5993333333333332,0.02793444707406581,0.590183580488392,0.6063333333333333,0.019765289440504864,0.6025114536882044,0.6062500000000001,0.019536097125795935,0.6395745089857786,0.81725,0.43771653026766694,0.7243366932727696,0,1
0.592,0.02300000000000002,0.5886666666666666,0.0182300118851793,0.591091790244196,0.6016666666666667,0.019190275315037395,0.5995081812058602,0.6059166666666667,0.019759731012754463,0.6322553537571972,0.7795416666666667,0.41500413608904513,0.7137497578109481,0,2
0.608,0.016000000000000014,0.5896666666666665,0.019604421270054854,0.599545895122098,0.6006666666666667,0.018565200420866283,0.601934415147043,0.6084166666666666,0.017696729709855627,0.6285237608714745,0.7605416666666667,0.4118410393181656,0.7052897771860722,0,3
0.631,0.02300000000000002,0.6103333333333332,0.019604421270055204,0.615272947561049,0.6048333333333333,0.022409075542443372,0.6102388679621735,0.6116666666666667,0.017986526944204686,0.6289047207374016,0.6800416666666665,0.14941901373877045,0.6993465950111865,0,4
0.991,0.36,0.7433333333333332,0.21479369947308485,0.8031364737805244,0.666,0.1605116818178673,0.7190277628301239,0.6415,0.11132140200991919,0.6846116867778014,0.6685416666666666,0.10683183826307066,0.7226788674102916,1,0
1.464,0.473,1.0286666666666664,0.41777545803138566,1.1335682368902622,0.8091666666666667,0.3574696723732895,0.9318769734500885,0.7125,0.26137068765191707,0.8045175811196781,0.6963750000000001,0.19341503302484067,0.7819845580174684,0,1
1.295,-0.16900000000000004,1.2499999999999998,0.2396893823263787,1.2142841184451312,0.9301666666666666,0.38195047672004145,1.035626409607206,0.7682500000000001,0.30836640690757905,0.8799764147935737,0.718125,0.22856286595957,0.823025793376071,0,2
0.86,-0.43499999999999994,1.2063333333333333,0.31160926387598664,1.0371420592225655,0.9748333333333333,0.3487196103844275,0.9854474354337186,0.78825,0.30564808195046755,0.876903120209947,0.717625,0.2282244914076074,0.8259837299059852,0,3
1.586,0.7260000000000001,1.2469999999999999,0.3653724127517033,1.3115710296112828,1.1378333333333333,0.3708290261922157,1.157033882452656,0.8692500000000001,0.37597609329221,0.9859949478699551,0.7512500000000001,0.28901335157965374,0.8867850315135064,0,4
0.889,-0.6970000000000001,1.1116666666666666,0.411040549500088,1.1002855148056414,1.1808333333333334,0.3103271929217081,1.0804527731804687,0.8928333333333334,0.3667242792203659,0.9710726481976543,0.7567499999999999,0.290380297870404,0.8869622289924259,1,0
0.848,-0.041000000000000036,1.1076666666666666,0.414755751416824,0.9741427574028207,1.157,0.3325200745819722,1.0140376951289063,0.9115000000000001,0.3573782055724464,0.9521383946287845,0.7617083333333333,0.2909013696840531,0.8838452506730319,0,1
1.695,0.8470000000000001,1.144,0.47762014195383445,1.3345713787014104,1.1955,0.38448654072672084,1.2085983536635045,1.0023333333333333,0.40741230698002723,1.0664247954551254,0.8062083333333333,0.3458891477572432,0.9487376306191893,1,0
2.291,0.5959999999999999,1.6113333333333333,0.7251291838930042,1.8127856893507053,1.3615000000000002,0.593975336188297,1.5178559669025031,1.1458333333333333,0.5267058577669902,1.2548209807697215,0.8760416666666666,0.4569610847446581,1.0561186201696542,0,1
1.637,-0.6539999999999999,1.8743333333333332,0.3620073664075557,1.7248928446753526,1.4909999999999999,0.5454924380777433,1.5518971192160738,1.2329166666666667,0.5130232066934799,1.313617752958995,0.9194166666666667,0.47813904805544005,1.102589130556082,0,2
0.932,-0.705,1.6199999999999999,0.6796594735601063,1.3284464223376764,1.382,0.5865117219629975,1.37478365658291,1.2599166666666666,0.484899513176481,1.254907329426842,0.9341666666666666,0.4725767171827115,1.0889420001115955,0,3
1.745,0.8130000000000001,1.438,0.4415234988083883,1.5367232111688383,1.5246666666666666,0.5452664180624616,1.4805597547020786,1.3527500000000001,0.4595211193089058,1.3303062018227125,0.9822083333333333,0.4943833206668923,1.1414266401026678,0,4
1.586,-0.15900000000000003,1.421,0.43088397510234805,1.5613616055844193,1.6476666666666668,0.43397864770823363,1.5106855390729133,1.4023333333333332,0.4489175533402212,1.369643709234603,1.0219166666666666,0.5033072289036455,1.1769925088944546,0,5
1.159,-0.42700000000000005,1.4966666666666668,0.3030418012970064,1.3601808027922098,1.5583333333333336,0.4754701532868989,1.4102039564806523,1.3769166666666666,0.4537172644506782,1.3372369847369716,1.0447083333333333,0.4962735465154419,1.1755531081828983,0,6
0.595,-0.5640000000000001,1.1133333333333333,0.4970757822840841,0.9775904013961049,1.2756666666666667,0.45654514198123614,1.177288540343323,1.3185833333333332,0.5070684835105584,1.223046679392822,1.0434166666666667,0.49744966244502237,1.1291088595282666,0,7
0.38,-0.21499999999999997,0.7113333333333332,0.40231869622642946,0.6787952006980524,1.0661666666666665,0.5386061331498806,0.949491814530945,1.2785833333333334,0.5624413437430749,1.093347190255465,1.0334166666666667,0.5086184113908945,1.0691801507660053,0,8
0.384,0.0040000000000000036,0.45299999999999985,0.12299186964999198,0.5313976003490262,0.9748333333333333,0.6079116437992177,0.7879227246649607,1.1784166666666667,0.6079112462632467,0.9842168532930857,1.0238333333333334,0.518926958642348,1.014365738704725,0,9
0.447,0.063,0.40366666666666656,0.037581023580178646,0.4891988001745131,0.7585000000000001,0.5004864633534059,0.6905162319035434,1.1415833333333334,0.6396053411473693,0.901568106632611,1.0172083333333333,0.5254669955437707,0.968976479608347,0,10
1.159,0.712,0.6633333333333332,0.43041414165119385,0.8240994000872566,0.6873333333333332,0.3735476765644069,0.8243687370739596,1.1675,0.6328935714061829,0.9411730133045171,1.0395,0.5193735356804555,0.9841783612396793,0,11
1.212,0.052999999999999936,0.9393333333333332,0.4271958957355911,1.0180497000436284,0.6961666666666666,0.3873052628956476,0.9351205264813998,1.12725,0.6112862928433633,0.9828387035653606,1.0647916666666666,0.5120223313036486,1.0024040923405049,0,12
1.582,0.3700000000000001,1.3176666666666665,0.23044811418914715,1.3000248500218143,0.8606666666666668,0.5219446969427574,1.1199432332009998,1.0681666666666667,0.5153087041823191,1.0750173645553052,1.107,0.5111273133327768,1.0487717649532646,0,13
0.855,-0.7270000000000001,1.2163333333333333,0.3635193713316172,1.0775124250109072,0.9398333333333334,0.46765774522257925,1.0442451665721426,1.003,0.4854128514611417,1.0411685392391044,1.1179583333333334,0.5023498243400636,1.0332700237570034,0,14
1.598,0.7430000000000001,1.345,0.42442785017008594,1.3377562125054536,1.1421666666666666,0.4409351048245841,1.2024608332658162,1.0585,0.513800721893403,1.1268349178177037,1.1592083333333334,0.49929158329069356,1.0784484218564432,0,15
1.077,-0.5210000000000001,1.1766666666666665,0.3813952455568032,1.207378106252727,1.2471666666666668,0.292218696641175,1.1666148809041543,1.0028333333333335,0.46668830036435427,1.1191680073842107,1.1777916666666668,0.48692397220730976,1.0783325481079278,0,16
0.795,-0.2819999999999999,1.1566666666666665,0.407384748528138,1.0011890531263634,1.1865,0.346859481634855,1.0604392006458245,0.9369166666666667,0.43135609805975067,1.0692960062481782,1.1696250000000001,0.4918121603691358,1.0556659442592937,0,17
0.816,0.020999999999999908,0.8959999999999999,0.15710187777363105,0.9085945265631816,1.1205,0.37737024260002305,0.9905994290327318,0.9083333333333333,0.4266406478809096,1.0303273899023047,1.142625,0.4927350299934121,1.0364926687185503,0,18
1.359,0.543,0.9899999999999999,0.3197358284584336,1.1337972632815907,1.0833333333333333,0.33095417608283306,1.0958567350233799,0.9720000000000001,0.43259533894013147,1.0808924068404115,1.1452916666666668,0.49376763406411667,1.0622932552210662,0,19
0.847,-0.512,1.0073333333333332,0.304946443385284,0.9903986316407953,1.082,0.3320722812882765,1.0247548107309856,1.0109166666666667,0.39375960786738756,1.0449089596341943,1.14475,0.49410122620686797,1.045069794803381,0,20
0.776,-0.07099999999999995,0.9939999999999999,0.3180864662320622,0.8831993158203977,0.945,0.23070587335393106,0.9536820076649897,1.0435833333333333,0.35095569736813165,1.0035383504597029,1.111,0.49030008557315546,1.0235442112191104,0,21
0.843,0.06699999999999995,0.8219999999999997,0.03988734135036976,0.8630996579101988,0.906,0.22359785329917647,0.9220585769035641,1.0765833333333334,0.3054241338125585,0.9788401426966716,1.1090833333333334,0.4912945558213629,1.0091006743215816,0,22
0.58,-0.263,0.7329999999999998,0.1366711381382366,0.7215498289550994,0.8701666666666665,0.259318658539386,0.8243275549311172,1.0283333333333333,0.33547641383922105,0.9174801207433375,1.0979166666666667,0.5004471840843658,0.9747726203758551,0,23
0.444,-0.13599999999999995,0.6223333333333332,0.2028406599608035,0.5827749144775497,0.8081666666666666,0.3136401866257999,0.7156625392365124,0.9643333333333333,0.36884939851906867,0.8446370252443625,1.0457916666666667,0.5007029822652103,0.9323108107457867,0,24
0.486,0.04199999999999998,0.5033333333333332,0.06963715483371176,0.5343874572387748,0.6626666666666666,0.1817709180993111,0.650044670883223,0.8729999999999999,0.3362545031803896,0.7894620982836913,0.9705833333333334,0.4370479942470421,0.8966059458861239,0,25
0.482,-0.0040000000000000036,0.4706666666666665,0.023180451534307034,0.5081937286193874,0.6018333333333333,0.1683216167539583,0.6020319077737307,0.8419166666666666,0.35479839559269594,0.7421602370092772,0.9224583333333333,0.42386779923920187,0.863437470215234,0,26
0.479,-0.0030000000000000027,0.4823333333333332,0.003511884584429755,0.4935968643096937,0.5523333333333333,0.1494746355294649,0.5668799341240933,0.7486666666666667,0.27640560885419824,0.7016740467001576,0.9035833333333333,0.43340330817407496,0.8326824725980153,0,27
0.493,0.014000000000000012,0.4846666666666665,0.007371114795901282,0.4932984321548468,0.494,0.04545327270945041,0.5457713815172095,0.7000000000000001,0.2644964340711666,0.6695703472078257,0.8514166666666667,0.40192838607920217,0.8055078747901742,0,28
0.452,-0.04099999999999998,0.4746666666666665,0.02084066537647866,0.4726492160774234,0.4726666666666666,0.01983599421925514,0.5189795582265783,0.6714166666666667,0.27173130389255995,0.6360979860989294,0.8041666666666666,0.37774544760778545,0.7772272448069603,1,0
0.443,-0.009000000000000008,0.4626666666666665,0.026652079343540157,0.4578246080387117,0.4725,0.020127096164118067,0.49727111301898447,0.6403333333333333,0.27500292009468785,0.606390603622171,0.7743333333333333,0.3767758723313038,0.7504890652224036,0,1
0.445,0.0020000000000000018,0.44666666666666655,0.004725815626361838,0.45141230401935584,0.4656666666666667,0.021537564083858655,0.48233650929927463,0.5641666666666667,0.1606661322762365,0.5815612799879909,0.7680833333333333,0.38109931567217165,0.7260499400046113,0,2
0.488,0.04299999999999998,0.4586666666666665,0.025423086620911337,0.4697061520096779,0.4666666666666666,0.02256250577099802,0.48395464949948186,0.53425,0.13450794163779092,0.5671672369129154,0.7725833333333334,0.37693246040921624,0.7070059448042424,0,3
0.481,-0.007000000000000006,0.47133333333333316,0.023072349974251803,0.47535307600483895,0.4669999999999999,0.022794736234483002,0.48311046392820134,0.5096666666666666,0.11125591574328865,0.553910738926313,0.7766250000000001,0.3730851182167188,0.6889254692199029,0,4
0.485,0.0040000000000000036,0.4846666666666665,0.0035118845844294626,0.48017653800241944,0.4656666666666667,0.02114395106564329,0.4836503313772867,0.47983333333333333,0.036895018962474144,0.5433090867838033,0.7782083333333333,0.3717034791998533,0.6726114316823106,0,5
0.487,0.0020000000000000018,0.4843333333333331,0.003055050463470843,0.4835882690012097,0.4715,0.021445279200785757,0.4846073795552048,0.47208333333333335,0.019704444968433918,0.5346461503555259,0.7502083333333333,0.3670531272015078,0.6577625171477258,0,6
0.48,-0.007000000000000006,0.4839999999999998,0.0036055512756054523,0.4817941345006048,0.47766666666666663,0.016317679573588997,0.48329098539657483,0.4750833333333333,0.017676169542518654,0.5262390503008296,0.7197083333333333,0.3572953326173537,0.6435415157759078,0,7
0.497,0.017000000000000015,0.4879999999999998,0.008544003745377202,0.4893970672503024,0.48633333333333334,0.006121002096579288,0.48720784671183914,0.476,0.01855703738107278,0.5217407348699328,0.6745,0.308797105190307,0.6318181945138353,1,0
0.488,-0.009000000000000008,0.4883333333333331,0.008504900548175324,0.4886985336251512,0.48633333333333334,0.006121002096579288,0.4874341762227422,0.4765,0.018812471685240827,0.5165498525822508,0.6592083333333333,0.3085569469202632,0.6203127389527284,0,1
0.514,0.026000000000000023,0.49966666666666654,0.013203534880264147,0.5013492668125756,0.49183333333333334,0.01218879266647567,0.495024411587673,0.47941666666666666,0.021723294297836534,0.5161575675695969,0.6140416666666667,0.23595918570558153,0.6118077198365103,1,0
0.622,0.10799999999999998,0.5413333333333332,0.0710586612126512,0.5616746334062879,0.5146666666666667,0.053872689432274884,0.5313031511340522,0.4901666666666667,0.046660930383366175,0.5324410187127359,0.5950833333333333,0.21444284059874444,0.6126231022495895,1,0
0.637,0.015000000000000013,0.5909999999999999,0.06710439627923785,0.5993373167031439,0.5396666666666666,0.07065597403380942,0.5615022508100374,0.5055833333333333,0.06120079965806678,0.5485270158338534,0.5885,0.2104262754299113,0.6145732540696224,0,1
1.161,0.524,0.8066666666666665,0.3069533080670972,0.880168658351572,0.6531666666666668,0.2569680265454564,0.7327873220071695,0.5654166666666667,0.19630563291752628,0.6427536287824913,0.6028749999999999,0.23677751665076838,0.6582873937440525,1,0
1.922,0.7609999999999999,1.24,0.6461323393856716,1.401084329175786,0.8906666666666666,0.5616538673121253,1.0725623728622637,0.6885,0.43358117620998676,0.8395607628159542,0.6263333333333333,0.326018226573257,0.7593844022445284,0,1
1.968,0.04600000000000004,1.6836666666666664,0.45322658056796933,1.684542164587893,1.1373333333333333,0.6649383931362863,1.328401694901617,0.8118333333333334,0.562648418130045,1.0131667993058073,0.6730416666666666,0.4244503841713292,0.8560736500649662,0,2
1.067,-0.901,1.652333333333333,0.5074350533155293,1.3757710822939466,1.2295,0.5960116609597498,1.253715496358298,0.8606666666666666,0.5567232596890375,1.021448830181837,0.6851666666666666,0.4316153346458508,0.8729477580597689,0,3
1.461,0.39400000000000013,1.4986666666666666,0.4516794586134443,1.4183855411469732,1.3693333333333335,0.5183368274265938,1.312939640255927,0.9420000000000001,0.5680302488744444,1.089072087076939,0.7109166666666668,0.4590066700914119,0.9199919374149874,0,4
1.043,-0.41800000000000015,1.1903333333333332,0.2347111700225072,1.2306927705734867,1.437,0.42096888246044956,1.2358140287542336,0.9883333333333334,0.5499302986136817,1.0819840736804869,0.7302083333333335,0.4629776949427404,0.9298325824217885,0,5
1.094,0.051000000000000156,1.1993333333333334,0.22804020113421727,1.1623463852867433,1.4258333333333333,0.4305342804779504,1.1952957348244526,1.0395,0.5263945115768036,1.0838326777296428,0.7572916666666666,0.4645164366602506,0.9429659758280454,0,6
0.981,-0.1130000000000001,1.0393333333333332,0.05658916268451351,1.0716731926433716,1.269,0.3823385933959581,1.1340683820174662,1.0798333333333334,0.4988712410547586,1.068012265771236,0.7779166666666666,0.4629336431617547,0.9460086977618019,0,7
1.301,0.31999999999999995,1.125333333333333,0.16228472920559814,1.1863365963216856,1.1578333333333335,0.18395044622578777,1.1817631300124758,1.1475833333333334,0.46526286965412145,1.1038565325756613,0.8120416666666666,0.47029939392639725,0.9744080019408577,0,8
0.949,-0.352,1.0769999999999997,0.19464840096954558,1.0676682981608427,1.1381666666666668,0.20111132903609988,1.11525937858034,1.1838333333333333,0.42676411055828756,1.0800324506409442,0.831625,0.465590397751351,0.9723753617855891,0,9
0.915,-0.03399999999999992,1.0549999999999997,0.21371944226017664,0.9913341490804214,1.0471666666666668,0.14008913828939915,1.0580424132716715,1.20825,0.39918829573842185,1.0546428428500298,0.8492083333333333,0.4601831373785187,0.967785332842742,0,10
0.968,0.052999999999999936,0.9439999999999998,0.02685144316421342,0.9796670745402107,1.0346666666666666,0.14383138276004437,1.0323160094797652,1.2358333333333333,0.3662001026099194,1.041313174719256,0.8707083333333333,0.45281337735334776,0.9678025062153227,0,11
0.919,-0.04899999999999993,0.9339999999999998,0.029512709126764076,0.9493335372701054,1.0055,0.1470996261042145,0.9999400067712608,1.2156666666666667,0.37719426712440296,1.022495763223986,0.8905416666666667,0.4435957794881625,0.963898305718097,0,12
0.906,-0.013000000000000012,0.9309999999999999,0.03269556544855868,0.9276667686350527,0.993,0.15267874770248704,0.973100004836615,1.131,0.3127584022561476,1.0045733381126034,0.9097500000000002,0.433326491027363,0.9592664412606493,0,13
0.895,-0.01100000000000001,0.9066666666666666,0.012013880860667892,0.9113333843175264,0.9253333333333332,0.027645373332012297,0.9507857177404393,1.0415833333333333,0.17455890296991558,0.9877159014798952,0.9267083333333334,0.4239665162298295,0.9541251259597974,0,14
0.89,-0.0050000000000000044,0.8969999999999999,0.008185352771932906,0.9006666921587632,0.9154999999999999,0.028033908040080054,0.9334183698145995,1.0268333333333335,0.17962072837121504,0.9726826858676036,0.94375,0.4133593288926827,0.9489951158830137,0,15
0.883,-0.007000000000000006,0.8893333333333332,0.0060277137734238645,0.8918333460793816,0.9101666666666666,0.031031704217885443,0.9190131212961425,0.9786666666666667,0.1203202796579583,0.95888534958028,0.9603333333333334,0.40198179351662294,0.9437155066123727,0,16
1.682,0.7989999999999999,1.1516666666666666,0.4592954749758964,1.2869166730396908,1.0291666666666666,0.3200721272880011,1.1370093723543875,1.0319166666666666,0.23659687938206853,1.0701337573371599,1.010125,0.41461415405064345,1.0027782660833828,1,0
2.064,0.3820000000000001,1.543,0.6026450032979623,1.6754583365198454,1.22,0.5200903767615778,1.401863837395991,1.11275,0.38122914249950657,1.223036256208366,1.076125,0.4510320833570396,1.0876760047967122,0,1
1.703,-0.361,1.8163333333333334,0.2147424814361016,1.6892291682599228,1.352833333333333,0.5256034309882942,1.4879027409971366,1.1729166666666668,0.4141024156003691,1.2968768321763098,1.126375,0.45088674105685317,1.1369019244129752,0,2
1.828,0.125,1.865,0.1833221208692533,1.7586145841299614,1.5083333333333335,0.5004768392909573,1.585073386426526,1.2168333333333334,0.4548599851169658,1.37858808876457,1.1822083333333333,0.45136565521774596,1.1921897704599371,0,3
1.431,-0.397,1.654,0.20298522113691167,1.5948072920649807,1.5984999999999998,0.40675533186425483,1.5410524188760901,1.257,0.45031766565392534,1.386651459723867,1.2204166666666667,0.43068044409693873,1.2112945888231421,0,4
0.702,-0.7290000000000001,1.3203333333333331,0.5710992324748247,1.1484036460324902,1.5683333333333334,0.4719240051816253,1.3013231563400645,1.23925,0.4688405670083677,1.2813204659201953,1.2237500000000001,0.42613309310997943,1.1705510217172908,0,5
0.998,0.29600000000000004,1.0436666666666665,0.36663924139859,1.073201823016245,1.4543333333333335,0.5192196709165271,1.2146593973857605,1.24175,0.46734027412387885,1.237732701932473,1.2387916666666665,0.41061004235656257,1.1567469399799075,0,6
0.794,-0.20399999999999996,0.8313333333333333,0.15149037373157828,0.9336009115081225,1.2426666666666668,0.4782207300678909,1.0944709981326861,1.2313333333333334,0.4764915974329902,1.1694661324044002,1.2235,0.4203513023547144,1.127727184781515,0,7
0.838,0.04399999999999993,0.8766666666666665,0.10735610524480341,0.8858004557540613,1.0985,0.4405949386908568,1.0211935700947758,1.2256666666666667,0.4810944593194554,1.1184713428037232,1.1783333333333335,0.39976826620764544,1.1045490099989936,0,8
0.854,0.016000000000000014,0.8286666666666666,0.03106981386061475,0.8699002278770307,0.9361666666666665,0.26081289589793377,0.9734239786391257,1.22225,0.4837943073437121,1.0777834439108427,1.1319166666666667,0.36746178939675744,1.0845050891990742,0,9
0.776,-0.07799999999999996,0.8226666666666665,0.04119870548127987,0.8229501139385154,0.8270000000000001,0.09940422526230813,0.9170171275993755,1.21275,0.4919619580636479,1.031355221770713,1.1197916666666667,0.3744318570577434,1.0598246820631483,0,10
0.932,0.15600000000000003,0.8539999999999998,0.07799999999999972,0.8774750569692578,0.8653333333333332,0.08484024202385557,0.9212979482852681,1.2168333333333334,0.48917162508457,1.016069803036757,1.09775,0.3690036231706184,1.0495987074980966,0,11
0.713,-0.21900000000000008,0.8069999999999998,0.11274307074051111,0.7952375284846289,0.8178333333333333,0.0749090559723346,0.8617842487751914,1.1360833333333333,0.48536761294607395,0.9694436794926404,1.0839999999999999,0.3771899532988193,1.022670810898249,1,0
0.727,0.014000000000000012,0.7906666666666665,0.12259825991152241,0.7611187642423145,0.8066666666666666,0.08365564336412908,0.8232744634108511,1.0246666666666668,0.39872007344714516,0.932144651878388,1.0687083333333331,0.38414212487235705,0.999017146026389,0,1
0.866,0.139,0.7686666666666665,0.08458329228241926,0.8135593821211573,0.8113333333333332,0.08648622240950496,0.8354817595791794,0.9549166666666666,0.33782902031900197,0.9219685515894053,1.0639166666666666,0.385996498820196,0.9883757743442779,0,2
0.762,-0.10399999999999998,0.7849999999999998,0.07229799443967899,0.7877796910605787,0.7959999999999999,0.08555933613580508,0.8144869711279852,0.8660833333333334,0.19901094457492913,0.8973580051910353,1.0414583333333332,0.38728070700009454,0.9702657123967358,0,3
0.79,0.028000000000000025,0.8059999999999999,0.0538144961882937,0.7888898455302893,0.7983333333333333,0.08509445732047621,0.8074906936628465,0.8126666666666665,0.0894816724082033,0.8808413890077991,1.0348333333333335,0.39027946137481384,0.955844455404997,0,4
0.788,-0.0020000000000000018,0.7799999999999999,0.015620499351808401,0.7884449227651447,0.7743333333333333,0.05475277770731204,0.8019219240448905,0.8198333333333334,0.08302336290393277,0.8665580983912146,1.0295416666666668,0.39282754033961986,0.9424168989725973,0,5
0.589,-0.19900000000000007,0.7223333333333333,0.1154743838837563,0.6887224613825723,0.7536666666666667,0.09275056154367106,0.7410870886034931,0.7857500000000001,0.08708525081258109,0.8238568524848738,1.0137500000000002,0.4028978994625123,0.9141435470547896,1,0
0.43,-0.15899999999999997,0.6023333333333332,0.179372052821316,0.5593612306912862,0.7041666666666666,0.16270269409775082,0.6522050632882095,0.7554166666666666,0.1344588198759137,0.763263490564124,0.993375,0.41990359271374833,0.8754120632904064,0,1
0.432,0.0020000000000000018,0.4836666666666665,0.09122682354073734,0.4956806153456431,0.6318333333333334,0.17254149259429233,0.5892893309201497,0.7215833333333334,0.16037255395049724,0.7122998766311819,0.9736250000000001,0.4350653936354061,0.8399390982271739,0,2
0.42,-0.01200000000000001,0.4273333333333332,0.006429100507284382,0.4578403076728216,0.5748333333333333,0.17736337464839294,0.5409209506572498,0.6854166666666667,0.17597389183074744,0.6673306648417693,0.9538333333333333,0.44936676863518027,0.8063439703690001,0,3
0.432,0.01200000000000001,0.4279999999999999,0.0069282032302344955,0.4449201538364108,0.5151666666666667,0.14834610431914336,0.5098006790408927,0.6567500000000001,0.1875168477279231,0.6311259471738048,0.9347500000000001,0.4617498146229712,0.7763964527394801,0,4
0.411,-0.02100000000000002,0.4209999999999998,0.010535653752825377,0.42796007691820537,0.4523333333333333,0.06746455859683752,0.48157191360063756,0.6133333333333333,0.17807012578467085,0.5972604168393733,0.9150833333333334,0.4739404582550586,0.7471647365203218,0,5
0.375,-0.035999999999999976,0.40599999999999986,0.02882707061078886,0.4014800384591027,0.4166666666666667,0.0220333081189844,0.45112279542902683,0.5851666666666666,0.18736150440614013,0.5630665065563928,0.8606250000000001,0.4567656436958346,0.7173915575986961,0,6
0.385,0.010000000000000009,0.3903333333333332,0.018583146486338728,0.3932400192295513,0.4091666666666666,0.024144702662615234,0.43223056816359057,0.5566666666666668,0.1898206490028876,0.5356716593938708,0.7906666666666666,0.3878171539882382,0.6908002329908005,0,7
0.398,0.013000000000000012,0.38599999999999984,0.011532562594644196,0.39562000961477567,0.40349999999999997,0.021566177222665794,0.42245040583113613,0.5176666666666666,0.16721968856095507,0.514491404102506,0.7362916666666668,0.3432659609217566,0.6673762143515365,0,8
0.46,0.062,0.41433333333333316,0.04007908847931493,0.42781000480738784,0.4101666666666666,0.03155577073478161,0.43317886130795435,0.4925,0.14881745987495842,0.506108111163659,0.6792916666666667,0.2567911482909418,0.6507861172034135,0,9
0.46,0.0,0.4393333333333332,0.03579571668974915,0.4439050024036939,0.41483333333333333,0.03702656703862919,0.440842043791396,0.465,0.11563579187965459,0.49901455560001906,0.6388333333333333,0.20434384208265793,0.6355232278271405,0,10
0.449,-0.01100000000000001,0.45633333333333326,0.006350852961044574,0.446452501201847,0.4211666666666667,0.039412772887302716,0.44317288842242575,0.43674999999999997,0.05513475228101838,0.49132000858463154,0.6282916666666666,0.20744585027689097,0.6206013696009692,0,11
0.461,0.01200000000000001,0.45666666666666655,0.006658328118440034,0.45372625060092353,0.4355,0.034610691989606944,0.4482663488731612,0.4260833333333333,0.02935815926024385,0.4866553918793036,0.6059166666666667,0.19438462917106347,0.6078332600328917,0,12
0.591,0.12999999999999995,0.5003333333333332,0.07874854496009985,0.5223631253004617,0.4698333333333333,0.06410434202662185,0.489047392052258,0.4395,0.05600568152995481,0.5027084085132569,0.5974583333333333,0.19021657660281244,0.6064865992302604,1,0
0.553,-0.03799999999999992,0.5349999999999998,0.06684309986827053,0.5376815626502309,0.4956666666666667,0.060496831872967755,0.5073195657516129,0.4495833333333334,0.06474349154137488,0.5104455764342943,0.5855833333333333,0.1833179506062994,0.6022076712918396,0,1
0.609,0.05599999999999994,0.5843333333333333,0.02858904218984962,0.5733407813251155,0.5205000000000001,0.0723484623195232,0.5363711183940092,0.4653333333333334,0.07843391350606707,0.525607795444403,0.575375,0.17432174463380867,0.6027510575884925,0,2
0.556,-0.052999999999999936,0.5726666666666665,0.03150132272354582,0.5646703906625578,0.5365000000000001,0.06668658035916578,0.5419793702814352,0.4756666666666667,0.08174164770602203,0.5302835192221871,0.5662083333333333,0.16901684484269788,0.599010972981413,0,3
0.645,0.08899999999999997,0.6033333333333332,0.04476978147515381,0.6048351953312789,0.5691666666666667,0.06316459979027932,0.5714138359153108,0.4951666666666667,0.09215977562050993,0.5479322085726198,0.55425,0.15122780110180756,0.6026900951429,0,4
1.151,0.506,0.7839999999999999,0.32093145685644453,0.8779175976656395,0.6841666666666667,0.23126990004465825,0.7370098827966506,0.5598333333333333,0.2042555588798797,0.6407118687922168,0.5725,0.19211884908543966,0.6465548875314681,1,0
2.195,1.0439999999999998,1.3303333333333331,0.7904083332894042,1.5364587988328196,0.9514999999999999,0.6500097691573562,1.1535784877118933,0.7106666666666666,0.5071416035592081,0.8798331197472604,0.6336666666666666,0.3826546480968782,0.7704304965289506,0,1
2.3,0.10499999999999998,1.8819999999999997,0.635237750767381,1.9182293994164097,1.2426666666666666,0.8079041197237865,1.481127491222781,0.8691666666666666,0.6712181373285344,1.0983203320938357,0.6934166666666667,0.5109569808035552,0.8927960568066347,0,2
1.37,-0.9299999999999997,1.955,0.5093378053904906,1.6441146997082048,1.3694999999999997,0.7458827655871931,1.4493767794448436,0.945,0.672193154058888,1.1401172040793994,0.71875,0.5292501052555816,0.9309723722621039,0,3
0.87,-0.5000000000000001,1.513333333333333,0.7256950691119058,1.2570573498541024,1.421833333333333,0.6860015792012919,1.2838405567463167,0.9791666666666666,0.655513099977738,1.0985607111441071,0.7220833333333333,0.5299698036243422,0.9260945824811356,0,4
1.886,1.016,1.375333333333333,0.5080209969413997,1.5715286749270512,1.6286666666666667,0.5845154118298905,1.4558861119616546,1.0989166666666665,0.6806321204096478,1.2197052171219367,0.7678333333333334,0.5808572126170733,1.0028870158826448,0,5
3.068,1.1820000000000002,1.9413333333333334,1.100044241534555,2.3197643374635257,1.9481666666666666,0.7667235268769745,1.9164900799726106,1.3161666666666667,0.8527944261856629,1.5040582606416386,0.871125,0.7449193894235341,1.1680960546120334,0,6
2.651,-0.41700000000000026,2.5349999999999997,0.5994772722964589,2.4853821687317628,2.0241666666666664,0.8170332714563506,2.126350057123293,1.4878333333333333,0.8996020163821271,1.6805108359275405,0.9636666666666667,0.8217330925320697,1.2867283702430707,0,7
1.24,-1.4109999999999998,2.3196666666666665,0.95798347236961,1.8626910843658813,1.8475,0.8589858555296472,1.8731071836594952,1.5450833333333334,0.8554796058706527,1.6127399380925342,0.9973333333333333,0.815532083801824,1.282990100623625,0,8
1.316,0.07600000000000007,1.7356666666666662,0.7936122058873172,1.5893455421829406,1.8384999999999998,0.8652495015889925,1.7139337026139252,1.604,0.808189446737696,1.567087639924452,1.0346666666666666,0.808431474693658,1.2856308925737352,0,9
0.921,-0.395,1.1589999999999998,0.2095876904782304,1.2551727710914702,1.8470000000000002,0.8540098360089303,1.4873812161528037,1.6344166666666666,0.7711829706641775,1.4676895414745363,1.0550416666666667,0.798685413346678,1.2564604211678363,0,10
0.864,-0.05700000000000005,1.0336666666666665,0.2461632249815789,1.059586385545735,1.6766666666666665,0.9420564031238611,1.3092722972520028,1.6526666666666667,0.7478791022051311,1.3748142274015307,1.0739166666666666,0.7880857333998669,1.2250635874744096,0,11
1.155,0.29100000000000004,0.9799999999999999,0.15421089455676568,1.1072931927728675,1.3578333333333334,0.6578374925972723,1.2651944980371448,1.6530000000000002,0.7476360320126618,1.3409966539551412,1.1064166666666668,0.7739666275620095,1.2194585004764569,0,12
1.157,0.0020000000000000018,1.0586666666666664,0.16858924441770143,1.1321465963864337,1.1088333333333333,0.1787729472450076,1.2342817843122462,1.5665000000000002,0.7392269303437584,1.312689476423581,1.1385833333333333,0.7585697019744615,1.2144618204383404,0,13
1.107,-0.050000000000000044,1.1396666666666666,0.028307831660720487,1.1195732981932167,1.0866666666666667,0.16712231049942514,1.197915560223033,1.4670833333333333,0.7113070502230178,1.2810449415891838,1.168125,0.7421013825324151,1.2058648748032732,0,14
1.162,0.05499999999999994,1.1419999999999997,0.030413812651464145,1.1407866490966083,1.061,0.1332501407128697,1.1876539715878807,1.4497499999999999,0.7164039141307224,1.2627303351908479,1.1973749999999999,0.7266509126898855,1.2023556848190113,0,15
1.176,0.014000000000000012,1.1483333333333332,0.0364737348420985,1.158393324548304,1.1035,0.1196373687440492,1.1843242654199146,1.4752500000000002,0.6991297350017646,1.2493872066999483,1.2272083333333332,0.7095580363043308,1.2002472300334903,0,16
1.091,-0.08499999999999996,1.1429999999999998,0.04557411546040536,1.124696662274152,1.1413333333333333,0.033980386499660266,1.1576601895856533,1.409,0.6943191563748562,1.2250199441307255,1.2539583333333333,0.6907979305101467,1.191507451630811,1,0
1.741,0.6500000000000001,1.3359999999999996,0.3533058165385889,1.432848331137076,1.2389999999999999,0.2481749382995788,1.3243287068468952,1.2984166666666666,0.47807083125512956,1.304401491187537,1.3072916666666665,0.6761721210748345,1.2354668555003463,1,0
1.07,-0.671,1.3006666666666666,0.38148438150641534,1.251424165568538,1.2245,0.25633162114729374,1.2516633620334967,1.1666666666666667,0.21918540650381604,1.2683397233125313,1.32725,0.6610095868541118,1.2222295070603186,1,0
1.073,0.0029999999999998916,1.2946666666666666,0.38653891567775195,1.162212082784269,1.2188333333333334,0.2598010135982275,1.2006166871667834,1.15275,0.2194075183099014,1.2382874581875265,1.3489166666666668,0.6427991718743258,1.210291146495493,0,1
1.011,-0.062000000000000055,1.0513333333333332,0.03496188400717966,1.0866060413921343,1.1936666666666667,0.2733669085069851,1.1464404908334167,1.1273333333333333,0.2164227064769047,1.203320156927907,1.3656666666666668,0.6277414772968571,1.1943478547758537,0,2
1.001,-0.010000000000000009,1.028333333333333,0.03900427327013561,1.0438030206960671,1.1645,0.28472846714018546,1.104886064881012,1.1340000000000001,0.21064403407386045,1.1721939789389981,1.3842083333333333,0.6090811311109238,1.1788800263937853,0,3
1.052,0.051000000000000156,1.021333333333333,0.027024680078243192,1.0479015103480336,1.158,0.2871766007180941,1.0897757606292942,1.1496666666666666,0.19515929779324412,1.1537025975637678,1.4011666666666667,0.5930601308809923,1.1687296242822824,0,4
1.05,-0.0020000000000000018,1.034333333333333,0.028884828774486965,1.0489507551740167,1.0428333333333333,0.03015570703310009,1.078411257592353,1.1409166666666668,0.19724118062243987,1.1377483517847267,1.396958333333333,0.5952667271478185,1.1592312543396999,0,5
1.035,-0.015000000000000124,1.0456666666666665,0.009291573243076539,1.0419753775870082,1.037,0.027077666073712633,1.066008041137395,1.1307500000000001,0.19946844134075367,1.1219409130486149,1.348625,0.5743788185282541,1.149292753992524,0,6
1.046,0.01100000000000012,1.0436666666666665,0.007767453465032828,1.043987688793504,1.0325,0.0215847168153646,1.060291457955282,1.1256666666666666,0.20090084996124855,1.1102576956565202,1.296375,0.5400845193518125,1.141029333673122,0,7
1.077,0.030999999999999917,1.0526666666666664,0.02177919496518335,1.060493844396752,1.0435,0.024985996077793105,1.0650653271109156,1.1185833333333333,0.2010017902829979,1.1051411270939786,1.2841666666666667,0.5416571727150147,1.1359069869792724,0,8
0.932,-0.1449999999999999,1.018333333333333,0.07635661944672113,0.9962469221983761,1.032,0.050899901768072964,1.0270466622220826,1.09825,0.20691989007606648,1.0785040306179818,1.28675,0.539740456950899,1.1195944280209307,1,0
0.906,-0.026000000000000023,0.9716666666666666,0.09214300479868931,0.9511234610991881,1.0076666666666667,0.07053698793304206,0.9924619015872018,1.0828333333333333,0.21427036164338822,1.0519649489844463,1.2459166666666666,0.5294052377877475,1.1025068737792563,0,1
0.897,-0.009000000000000008,0.9116666666666665,0.018175074506894186,0.9240617305495941,0.9821666666666667,0.07928534963450748,0.9651870725622871,1.0125,0.0653793128248905,1.0281241876022238,1.1554583333333335,0.36424895680870756,1.086066323876916,0,2
0.877,-0.020000000000000018,0.8933333333333332,0.014843629385400056,0.900530865274797,0.9558333333333334,0.0843075718228563,0.9399907661159194,0.9964166666666666,0.07321755667912525,1.0048743125864972,1.0815416666666666,0.1819393064510356,1.0693410179667628,0,3
0.871,-0.006000000000000005,0.8816666666666665,0.01361371857102545,0.8857654326373985,0.9266666666666667,0.07681319331121475,0.9202791186542281,0.9795833333333334,0.07712617564547881,0.9842782644962669,1.0661666666666665,0.1835506485406955,1.0534737365294218,0,4
0.892,0.02100000000000002,0.8799999999999999,0.010816653826287726,0.8888827163186992,0.8958333333333334,0.02190357657246926,0.9121993704673057,0.9696666666666666,0.08030434532942872,0.9700816084199182,1.0485,0.17880229548181134,1.040555837607068,0,5
0.908,0.016000000000000014,0.8903333333333331,0.018556220879562282,0.8984413581593496,0.8918333333333334,0.015118421434330395,0.9109995503337898,0.9619166666666666,0.08148447518987863,0.9605305917399307,1.0479583333333333,0.17922453228008225,1.0299513705985026,0,6
0.925,0.017000000000000015,0.9083333333333332,0.016502525059249176,0.9117206790796748,0.895,0.019909796583575532,0.9149996788098498,0.9513333333333334,0.07683551893295963,0.9550643468568645,1.0505,0.17692002614790014,1.0215552609506224,0,7
0.921,-0.0040000000000000036,0.9179999999999998,0.008888194417193948,0.9163603395398374,0.899,0.022618576436180912,0.9167140562927498,0.9405833333333332,0.07054264774953772,0.9498236781096545,1.0407499999999998,0.17735796521748526,1.0135108400745727,0,8
0.918,-0.0030000000000000027,0.9213333333333332,0.0035118845839776213,0.9171801697699187,0.9058333333333334,0.02075973667140382,0.9170814687805355,0.9308333333333333,0.06409770004856137,0.9449277276312461,1.0307916666666666,0.17725662535398728,1.005869972868607,0,9
0.931,0.013000000000000012,0.9233333333333332,0.00680685928539626,0.9240900848849594,0.9158333333333334,0.013963046467946476,0.9210581919860968,0.92125,0.05293928769655252,0.9427850003033621,1.0234583333333334,0.17760703549682588,0.9998803750391184,0,10
0.907,-0.02400000000000002,0.9186666666666666,0.012013880860536789,0.9155450424424797,0.9183333333333334,0.009458682078705974,0.9170415657043549,0.9070833333333334,0.019920105573534474,0.9372796156413064,1.0128333333333333,0.17658319056015934,0.9924499450359889,1,0
0.901,-0.006000000000000005,0.9129999999999998,0.015874507866318954,0.9082725212212399,0.9171666666666667,0.011250185183632891,0.9124582612173964,0.9045,0.018342697333126715,0.9316981363118746,1.001375,0.17444441309732253,0.98513394943311,0,1
0.949,0.04799999999999993,0.9189999999999999,0.02615339366120268,0.92863626061062,0.9211666666666667,0.01725591685961758,0.9228987580124259,0.9080833333333335,0.022411272866914682,0.9343599614946632,0.9954583333333334,0.1736788588587929,0.9822432334784612,1,0
1.04,0.09100000000000008,0.9633333333333333,0.07059981114232038,0.98431813030531,0.941,0.051478150704928956,0.9563562557231614,0.92,0.043797052619805314,0.9506122751108689,0.96625,0.0720677519391645,0.9868637748001844,0,1
1.05,0.010000000000000009,1.013,0.05565069631188918,1.017159065152655,0.963,0.06587564041433971,0.9831116112308296,0.9344166666666668,0.055314733091373594,0.9659026943245813,0.9654166666666667,0.07092244181937703,0.9919146728161696,0,2
1.034,-0.016000000000000014,1.0413333333333332,0.008082903768543039,1.0255795325763275,0.9801666666666667,0.06920525028251875,0.9976511508791639,0.948,0.05826116748198463,0.9763792028900303,0.9637916666666667,0.06876423436304634,0.9952814989908761,0,3
0.973,-0.061000000000000054,1.019,0.04063249930779706,0.9992897662881637,0.9911666666666666,0.05986456937676966,0.9906079649136885,0.9547500000000001,0.055824603569005316,0.9758593255223333,0.9622083333333333,0.06806389527921129,0.9934989790716061,0,4
1.222,0.249,1.0763333333333331,0.12978572083758536,1.1106448831440818,1.0446666666666666,0.09581162072873038,1.056719974938349,0.9809166666666668,0.09307910451315038,1.0137271215958206,0.9714166666666667,0.08610000084162178,1.0117790607458776,1,0
1.008,-0.21399999999999997,1.0676666666666665,0.13479737880734777,1.059322441572041,1.0545,0.08661581841672691,1.0427999820988207,0.9878333333333332,0.09161860999256637,1.0128460259656944,0.9695833333333334,0.08476767055319041,1.0114767358862076,1,0
1.42,0.4119999999999999,1.2166666666666666,0.2060517734292332,1.2396612207860205,1.1178333333333332,0.1713620922685822,1.150571415784872,1.0294166666666669,0.1519225031708513,1.075485098894049,0.985,0.12440676620771318,1.0441585970153109,1,0
2.48,1.06,1.636,0.7593997629707293,1.8598306103930102,1.3561666666666667,0.5756569869867525,1.5304081541320516,1.1595833333333332,0.441314453615217,1.2915643144488107,1.0452083333333333,0.32978886251748935,1.159025909254086,0,1
1.127,-1.353,1.6756666666666664,0.711812007016834,1.4934153051965051,1.3716666666666664,0.5664255173159717,1.415148681522894,1.1759166666666667,0.43567637245454577,1.2662467276105323,1.0485833333333334,0.33021151543750865,1.1564638365137592,1,0
1.141,0.014000000000000012,1.5826666666666664,0.7771449886175249,1.3172076525982526,1.3996666666666666,0.5465816194006766,1.3368204868020672,1.1954166666666668,0.42770985457079463,1.246978000285835,1.0512499999999998,0.33070902092585697,1.1552267295926586,0,1
1.123,-0.018000000000000016,1.1303333333333332,0.009451631252402939,1.2201038262991264,1.3831666666666667,0.5544551980698406,1.2757289191443337,1.2139166666666668,0.41852000241833487,1.2279044617803219,1.0592083333333333,0.3300119864972844,1.1526485912252458,0,2
1.075,-0.04800000000000004,1.1129999999999998,0.03411744421843481,1.147551913149563,1.3943333333333332,0.5459984126961049,1.2183777993888099,1.2244166666666667,0.4128110856363272,1.2043806984295031,1.06625,0.32839984245084364,1.1464367039272263,0,3
1.039,-0.03600000000000003,1.0789999999999997,0.04214261501138607,1.0932759565747814,1.3308333333333333,0.5642660424539706,1.1671269995634357,1.2243333333333333,0.41285179672687233,1.1789375140557332,1.0721666666666667,0.3264915827754036,1.1378417676130483,0,4
0.982,-0.05699999999999994,1.0319999999999998,0.046893496350749214,1.0376379782873908,1.0811666666666666,0.06177512983933151,1.1142335711167397,1.2186666666666666,0.4159174597601476,1.1486394349702358,1.0765416666666667,0.3244598158500511,1.1253744262040044,0,5
0.944,-0.038000000000000034,0.988333333333333,0.04781561809002269,0.9908189891436954,1.0506666666666666,0.07773459118478905,1.0655954079405283,1.2111666666666667,0.42033813949623006,1.1171564449748148,1.0795833333333333,0.322787036627081,1.1108644721076841,0,6
2.804,1.8599999999999999,1.5766666666666664,1.0630716501409172,1.8974094945718476,1.3278333333333332,0.7259893709047441,1.5622824342432344,1.3637499999999998,0.6138211354813691,1.3766708380556125,1.15925,0.47468554808969826,1.2463153143390695,1,0
1.359,-1.4449999999999998,1.702333333333333,0.9763750986856093,1.6282047472859238,1.3671666666666666,0.7190319649825494,1.5042017387451674,1.3751666666666666,0.6122169599583198,1.3739522475855184,1.1780416666666667,0.473231488456407,1.2553300891919439,1,0
2.044,0.685,2.0689999999999995,0.722824321671595,1.8361023736429618,1.5286666666666668,0.7485029503393197,1.658429813389405,1.4615,0.6285619228915253,1.4770365171877464,1.2246666666666666,0.5014971209477084,1.3184236820565882,0,1
1.283,-0.7610000000000001,1.562,0.41915033102694743,1.5595511868214809,1.5693333333333335,0.7227640463295516,1.5511641524210036,1.4500833333333334,0.6306250086344122,1.4471847453127085,1.2397500000000001,0.4973938383562692,1.3155897874920612,0,2
1.107,-0.17599999999999993,1.478,0.49800702806285707,1.3332755934107405,1.5901666666666665,0.7040066524306898,1.4242601088721454,1.3356666666666666,0.545598142714337,1.3948486306492147,1.247625,0.49355963583992024,1.2989026044926963,0,3
1.163,0.05600000000000005,1.1843333333333332,0.08991848160045647,1.2481377967053704,1.6266666666666667,0.668591554438632,1.3496143634801039,1.3386666666666667,0.5444442259327542,1.3591796105493354,1.2572916666666667,0.48934263617603363,1.2880303961332806,0,4
0.984,-0.17900000000000005,1.0846666666666667,0.09156600533675853,1.1160688983526852,1.3233333333333333,0.3768058739811074,1.2451531167715029,1.3255833333333333,0.551467209662854,1.3014596704648222,1.2605,0.4871938280468631,1.2637079644426181,0,5
1.152,0.16799999999999993,1.0996666666666668,0.10032115097690686,1.1340344491763426,1.2888333333333333,0.38232311814310443,1.2185379405510735,1.328,0.550561531529402,1.278465875008696,1.2709583333333334,0.4818053439852588,1.2547713272872087,0,6
0.976,-0.17599999999999993,1.0373333333333334,0.09938477415243804,1.0550172245881713,1.1108333333333333,0.11690922404441041,1.1492413861079096,1.31975,0.5554176356580701,1.2319326634688965,1.2720833333333332,0.48105182913989686,1.232469621104232,0,7
0.999,0.02300000000000002,1.0423333333333333,0.0956678280997909,1.0270086122940856,1.0635000000000001,0.08690396998986578,1.106315275791364,1.3164166666666666,0.5573723185763285,1.1960968690890663,1.270375,0.4819837461177909,1.2137920514158935,0,8
0.856,-0.14300000000000002,0.9436666666666667,0.07678758580220392,0.9415043061470427,1.0216666666666667,0.11698318967555199,1.03479662556526,1.3059166666666666,0.565374286056002,1.1437742738445946,1.2622916666666666,0.48743628160323516,1.1851686873026221,0,9
0.674,-0.18199999999999994,0.843,0.16288953311983292,0.8077521530735214,0.9401666666666667,0.16091540220459374,0.9317118754037572,1.2834166666666667,0.5860801152702182,1.0715013086377339,1.2472916666666667,0.5001406305853572,1.1442751923184125,0,10
0.757,0.08299999999999996,0.7623333333333333,0.09111714072187631,0.7823760765367607,0.9023333333333334,0.1746478361350812,0.8817941967169695,1.1128333333333333,0.3560063414484571,1.0231164919242364,1.2382916666666668,0.5071849400423843,1.1132931769329395,0,11
0.688,-0.06900000000000006,0.7063333333333333,0.04443347086746677,0.7351880382683803,0.8250000000000001,0.14158530997246685,0.8264244262264067,1.0569166666666667,0.36637175812487965,0.9715601085512768,1.2160416666666667,0.5194945268294913,1.0792697227783044,0,12
0.715,0.027000000000000024,0.7200000000000001,0.03477067730138048,0.7250940191341901,0.7815,0.12504199294636795,0.7945888758760048,0.9461666666666667,0.20712263970601516,0.9320893226203112,1.2038333333333333,0.5279698333499141,1.05012814495604,0,13
0.521,-0.19399999999999995,0.6413333333333333,0.1050825072660991,0.623047009567095,0.7018333333333334,0.11013703585382263,0.7164206256257177,0.8826666666666667,0.2112346103413462,0.8688448114479556,1.166375,0.5436254155126526,1.0077978933595568,0,14
0.367,-0.15400000000000003,0.5343333333333333,0.17438272085653836,0.4950235047835475,0.6203333333333334,0.1477452762922261,0.616586161161227,0.8210000000000001,0.24509256136481017,0.7916379173790393,1.0783333333333334,0.49009827467619127,0.9565340618907924,0,15
0.386,0.019000000000000017,0.4246666666666667,0.08396626306635886,0.44051175239177376,0.5723333333333332,0.17166906147196773,0.5507044008294478,0.75625,0.24913016860486883,0.7292320839361102,1.0474583333333334,0.509842002735772,0.9108913369395291,0,16
0.395,0.009000000000000008,0.3826666666666667,0.014294521094770118,0.4177558761958869,0.5119999999999999,0.15675203347963165,0.5062174291638913,0.7071666666666666,0.2580425734195213,0.6778117633305548,1.016375,0.5263639683469156,0.8696200299843667,0,17
0.417,0.021999999999999964,0.3993333333333333,0.015947831618401558,0.41737793809794344,0.4668333333333334,0.1331651856404903,0.4807267351170652,0.6459166666666667,0.22838303484729294,0.6376868766643156,0.9869583333333334,0.5397048693633331,0.8334104275856173,0,18
0.431,0.014000000000000012,0.4143333333333333,0.018147543451634,0.42418896904897174,0.41950000000000004,0.054625085812285694,0.4665190965121895,0.6005,0.21024423027430617,0.6058888956390363,0.960125,0.551027838995296,0.801217593378768,0,19
0.412,-0.019000000000000017,0.42,0.009848857801574363,0.41809448452448583,0.4013333333333333,0.023209193580696456,0.45094221179442107,0.5515833333333333,0.17431552287490212,0.5760598347714921,0.934,0.5618822404863075,0.7700801859084665,0,20
0.424,0.01200000000000001,0.4223333333333333,0.009609023536706217,0.4210472422622429,0.41083333333333333,0.01724432273724432,0.443244436996015,0.5155833333333333,0.14841615835415295,0.5526660140374164,0.9107500000000001,0.5712758604174097,0.7423937710357892,0,21
0.422,-0.0020000000000000018,0.41933333333333334,0.006429100506988754,0.4215236211311214,0.41683333333333333,0.012480651692369334,0.4371745978542964,0.4945833333333334,0.14163683286575326,0.5325635503393524,0.8890000000000001,0.5798278605121407,0.7167622693529261,0,22
0.425,0.0030000000000000027,0.42366666666666664,0.0015275252302265842,0.42326181056556067,0.4218333333333333,0.006615638039240174,0.4336961413244974,0.46691666666666665,0.11578385688493176,0.5160153118256059,0.7898749999999999,0.41936082963813176,0.693421287804692,0,23
0.426,0.0010000000000000009,0.4243333333333333,0.002081665998420809,0.42463090528278036,0.42333333333333334,0.006314005595993838,0.43149724380321247,0.44508333333333333,0.09270722079685914,0.5021668023139743,0.751,0.40738252507824874,0.6720275847803167,0,24
0.392,-0.033999999999999975,0.4143333333333334,0.0193476958144618,0.4083154526413902,0.41683333333333333,0.013182058513989438,0.4202123170022946,0.41816666666666663,0.03791098025956567,0.4852180634964398,0.6821666666666667,0.3064815288663109,0.6496253779978913,1,0
0.39,-0.0020000000000000018,0.4026666666666667,0.020231987873881748,0.3991577263206951,0.4131666666666667,0.017232720814376393,0.41158022643021047,0.40725000000000006,0.02044560410629772,0.47056913065083367,0.6449583333333333,0.2837286638853121,0.6288553477580601,0,1
0.397,0.007000000000000006,0.393,0.003605551274843917,0.3980788631603476,0.4086666666666667,0.01736279547383547,0.4074144474501504,0.40975,0.01653714826461953,0.4592508028583977,0.615375,0.2701482382918189,0.6103069199374153,0,2
0.405,0.008000000000000007,0.3973333333333333,0.007505553499168395,0.4015394315801738,0.4058333333333333,0.016092441289818078,0.406724605321536,0.41133333333333333,0.014883385082496883,0.45090452549556725,0.5837916666666666,0.24662645211748355,0.5938823663424221,0,3
0.434,0.02899999999999997,0.4120000000000001,0.01946792233381886,0.4177697157900869,0.4073333333333333,0.01847881670092113,0.4145175752296686,0.4145833333333333,0.015246211650627036,0.44830382926547996,0.5608749999999999,0.23299865879442186,0.5810917770350283,0,4
0.429,-0.0050000000000000044,0.4226666666666667,0.015502687938837526,0.42338485789504343,0.4078333333333333,0.01911456687100813,0.4186554108783347,0.41558333333333336,0.015802521854705494,0.44533400937848305,0.5307499999999999,0.1972434492216889,0.5689244348722261,0,5
0.427,-0.0020000000000000018,0.43,0.003605551274864198,0.42519242894752174,0.4136666666666667,0.018651184055341934,0.4210395791988105,0.41524999999999995,0.015486797896584569,0.44251339255102407,0.507875,0.17380306509029692,0.557570480082448,0,6
1.3,0.873,0.7186666666666667,0.5034504278807698,0.8625962144737609,0.5653333333333334,0.3602080880083986,0.6721711279991505,0.48925,0.2557872429116873,0.5744344090816358,0.5204166666666666,0.21641906141772016,0.6169648416758522,1,0
0.989,-0.31100000000000005,0.9053333333333332,0.4424729746926143,0.9257981072368804,0.664,0.38509635157970473,0.762693662856536,0.5363333333333334,0.29210656004999513,0.6382137307613841,0.5259583333333334,0.22683770853738616,0.646727654341784,0,1
1.956,0.967,1.4149999999999998,0.4936506862144522,1.4408990536184403,0.9225,0.6233370677249988,1.1036383306118114,0.6641666666666667,0.4995337523100606,0.8409500798750174,0.579375,0.3693764207653092,0.7514694419944414,0,2
1.936,-0.020000000000000018,1.627,0.5526146939776397,1.6884495268092201,1.1728333333333332,0.6863373563100484,1.341455950437008,0.7900833333333334,0.6116277029122344,1.009419298355784,0.6285,0.4610506904131413,0.8462318866348861,0,3
1.163,-0.7729999999999999,1.6849999999999998,0.45217585074835726,1.42572476340461,1.2951666666666666,0.5852026714452578,1.2904685360264343,0.8515,0.6087408016852192,1.03304709860874,0.6482916666666667,0.47373662460564847,0.8715733357040953,0,4
0.933,-0.22999999999999998,1.344,0.5254264934317638,1.1793623817023051,1.3795,0.457622005589766,1.1883346685903102,0.8965833333333334,0.5914028711974654,1.0176552372843186,0.6573749999999999,0.4771489433399536,0.8764874688477677,0,5
0.828,-0.1050000000000001,0.9746666666666667,0.17134273644754072,1.0036811908511525,1.3008333333333333,0.511427577147211,1.085381906135936,0.9330833333333333,0.5704400945893893,0.9884775084713464,0.6701666666666667,0.47744898809389424,0.8726084713399463,0,6
0.847,0.019000000000000017,0.8693333333333334,0.0559493818851559,0.9253405954255762,1.2771666666666668,0.531630479437237,1.0172727900970973,0.9705833333333334,0.5462742332188,0.9667117379372931,0.6901666666666667,0.47424004806469616,0.8705597936327507,0,7
0.846,-0.0010000000000000009,0.8403333333333333,0.010692676621449747,0.8856702977127882,1.0921666666666667,0.4319478749417185,0.9683377072122122,1.0073333333333334,0.518915010265446,0.9481407013315557,0.7093333333333334,0.4706948302121082,0.8685950101421307,0,8
0.808,-0.03799999999999992,0.8336666666666668,0.022233608194147634,0.8468351488563941,0.9041666666666668,0.13381093627453067,0.9225269337230088,1.0385,0.49187646268697854,0.9265805934343934,0.7265416666666668,0.4662317001110128,0.8637474093307603,0,9
1.01,0.20199999999999996,0.888,0.10734989520254669,0.9284175744281971,0.8786666666666667,0.07724161227386772,0.9475192383735778,1.0869166666666668,0.4535274790378466,0.9394143482906405,0.7512499999999999,0.46482518920744675,0.8754476165842995,1,0
1.295,0.2849999999999999,1.0376666666666667,0.24467597620798745,1.1117087872140985,0.9390000000000001,0.18887667934395666,1.046799455981127,1.15925,0.4053710141227532,0.9941198331690035,0.7872500000000001,0.4723409094950471,0.9090118072575556,0,1
1.089,-0.20599999999999996,1.1313333333333333,0.14714052240403394,1.1003543936070492,0.9824999999999999,0.18825381802237057,1.0588567542722336,1.1416666666666666,0.4032816145152924,1.0087167819122338,0.8154583333333333,0.46916113660601605,0.9234108626769512,0,2
0.873,-0.21599999999999997,1.0856666666666666,0.21101974631140996,0.9866771968035246,0.9868333333333332,0.18477815527455208,1.0057548244801668,1.132,0.4086285265706164,0.9878372770026594,0.8341666666666666,0.4617665198350562,0.9193779936627952,0,3
0.902,0.029000000000000026,0.9546666666666667,0.11723622875771494,0.9443385984017623,0.9961666666666665,0.17751328588775114,0.9761105889144048,1.0441666666666667,0.31881851016564644,0.9746315420791734,0.8541666666666666,0.45345875289789017,0.9179877541697716,0,4
0.79,-0.11199999999999999,0.855,0.058129166517313036,0.8671692992008811,0.9931666666666666,0.18143805187078724,0.9229361349388605,0.9486666666666667,0.1589421468981899,0.9462266894516083,0.8693750000000001,0.44447104004061083,0.9077487338361899,0,5
2.102,1.3119999999999998,1.2646666666666666,0.7273110292944364,1.4845846496004405,1.1751666666666667,0.48889320578902135,1.2598115249563289,1.0269166666666667,0.367874844906731,1.1240379679975145,0.9392083333333333,0.49997808466464533,1.0032888351292948,1,0
2.604,0.5020000000000002,1.832,0.9366557531985812,2.04429232480022,1.3933333333333333,0.7663820631164762,1.6438653749688064,1.1661666666666666,0.582653465282805,1.3517244344594355,1.031375,0.5904205437467946,1.1313457283189512,0,1
3.265,0.661,2.657,0.583308666145125,2.65464616240011,1.756,1.0543303087742475,2.1070466964062904,1.36925,0.8273817548035605,1.6460745214656762,1.1511666666666667,0.7298312888229221,1.302038070053435,0,2
1.481,-1.784,2.4499999999999997,0.9019151844824457,2.067823081200055,1.8573333333333333,0.9790186242695624,1.928176211718779,1.4220833333333331,0.8110830535136158,1.6206784412401876,1.1963333333333332,0.7145110013250271,1.3163550244491602,0,3
1.767,0.2859999999999998,2.1710000000000003,0.9581628254112153,1.9174115406000274,2.0014999999999996,0.867546137101653,1.8821258655134137,1.4988333333333335,0.7950312553413849,1.6431894502801587,1.2530833333333333,0.702921104897374,1.3524066224932274,0,4
1.908,0.14100000000000001,1.7186666666666666,0.21756454980840723,1.9127057703000137,2.1878333333333333,0.647436612083891,1.889518475366724,1.5904999999999998,0.7711947637506139,1.683929534852442,1.3145,0.6925612828008673,1.3968540926937694,0,5
1.183,-0.7249999999999999,1.6193333333333335,0.38439606310852686,1.5478528851500069,2.034666666666667,0.7690817035053342,1.6876560538333745,1.6049166666666668,0.7609047794128612,1.6068634525674508,1.3459166666666667,0.667286517997666,1.3797457652782679,0,6
1.082,-0.10099999999999998,1.391,0.4505740782601685,1.3149264425750036,1.781,0.7943281437793832,1.5146114670238389,1.5871666666666666,0.7712062374009057,1.5261152290955353,1.3732083333333334,0.6409438677970692,1.3559261040560064,0,7
1.259,0.17699999999999982,1.1746666666666667,0.0887937685501249,1.2869632212875017,1.4466666666666665,0.332968867413558,1.441579619302742,1.6013333333333335,0.762738169460213,1.4850205784654529,1.3715,0.6412020640613394,1.348172015731526,0,8
1.057,-0.20199999999999996,1.1326666666666665,0.11011963191608033,1.1719816106437508,1.3760000000000001,0.36743434787727863,1.331699728073387,1.6166666666666665,0.7484816550048434,1.419171258701537,1.3743333333333334,0.6395865965549573,1.324878254473004,0,9
1.082,0.025000000000000133,1.1326666666666667,0.11011963191608033,1.1269908053218756,1.2618333333333334,0.32569643330357156,1.260356948623848,1.6316666666666666,0.7345309367002173,1.367298757362839,1.3379166666666666,0.6298353074358041,1.3054479941151638,0,10
1.08,-0.0020000000000000018,1.0730000000000002,0.013892443989432028,1.1034954026609378,1.1238333333333335,0.07957239889979514,1.208826391874177,1.6558333333333335,0.7086361848115322,1.3230989485377869,1.3022500000000001,0.6186315367493559,1.2874121545859507,0,11
0.989,-0.09100000000000008,1.0503333333333333,0.05312563725107457,1.046247701330469,1.0915000000000001,0.08951592037175016,1.146018851338698,1.5630833333333332,0.7177103059963225,1.271699110301204,1.295,0.6213480436151287,1.2635391822190747,0,12
0.99,0.0010000000000000009,1.0196666666666667,0.05225259164225875,1.0181238506652344,1.0761666666666667,0.09886033919964171,1.1014420366704987,1.4285833333333333,0.653245249550739,1.2283607856394803,1.297375,0.6200116978209224,1.2416560476415488,0,13
1.024,0.03400000000000003,1.0010000000000001,0.019924858845152146,1.0210619253326172,1.0370000000000001,0.04232257081040384,1.0793157404789275,1.2418333333333333,0.31141577975238965,1.196920664771868,1.3055416666666668,0.6148295613361102,1.224243563830225,0,14
0.785,-0.239,0.9330000000000002,0.1292942380773365,0.9030309626663087,0.9916666666666667,0.1092971484837021,0.9952255289135197,1.1838333333333333,0.3272343706479108,1.133548254806965,1.3029583333333334,0.6169665257050659,1.189104078723807,1,0
0.688,-0.09700000000000009,0.8323333333333333,0.17292869436080274,0.7955154813331543,0.926,0.15356431877230442,0.9074468063667998,1.0939166666666666,0.2994924367942712,1.0650023694520474,1.296375,0.6228692243578695,1.1490157524259024,0,1
0.68,-0.007999999999999896,0.7176666666666667,0.05844940832319412,0.7377577406665772,0.8593333333333334,0.16002708104151855,0.8424620045477141,0.9915833333333334,0.1832987915118311,1.005771235690194,1.2910416666666666,0.6277615497988047,1.1114944922318302,0,2
0.669,-0.01100000000000001,0.6789999999999999,0.009539392014063596,0.7033788703332886,0.806,0.16148684156921952,0.7929014318197959,0.9487500000000001,0.1942318787616323,0.953960276353241,1.2768333333333335,0.6381716864992331,1.0760949328532838,0,3
0.685,0.016000000000000014,0.678,0.008185352771748887,0.6941894351666443,0.7551666666666668,0.13832630504234905,0.7620724512998542,0.9156666666666666,0.20308096608958567,0.9125817722988963,1.2514166666666666,0.6494641213550879,1.0448073382250211,0,4
0.669,-0.016000000000000014,0.6743333333333333,0.009237604306923646,0.6815947175833221,0.6960000000000001,0.04431703961234852,0.7354803223570388,0.8664999999999999,0.18281112955974457,0.8751076534836814,1.2339166666666668,0.6596100242248985,1.0147427511670195,0,5
0.67,0.0010000000000000009,0.6746666666666666,0.008962886439718827,0.675797358791661,0.6768333333333333,0.008612007121988296,0.7167716588264562,0.8342499999999999,0.18026754107059026,0.8435526298708073,1.2254583333333333,0.6657126929034429,0.987163331073658,0,6
0.639,-0.031000000000000028,0.6593333333333334,0.017616280348905295,0.6573986793958305,0.6686666666666667,0.01598332464380288,0.6945511848760402,0.7973333333333334,0.16998627395567525,0.8120829945060677,1.2145,0.6733890276865935,0.9593102645877654,0,7
0.619,-0.020000000000000018,0.6426666666666666,0.02569695182956834,0.6381993396979153,0.6585,0.024476519360451407,0.6729651320543144,0.7589166666666668,0.1513697810200606,0.7823779184282111,1.207375,0.6789575009111236,0.9320854434207442,0,8
0.642,0.02300000000000002,0.6333333333333334,0.012503332888918663,0.6400996698489576,0.654,0.024641428530070314,0.6641179514673674,0.73,0.1357598146460422,0.7607813155931018,1.1465416666666666,0.6604706476818447,0.9088786079470846,0,9
0.628,-0.014000000000000012,0.6296666666666667,0.011590225767046127,0.6340498349244788,0.6445,0.02102141764968734,0.6537985367624053,0.6998333333333334,0.11062700092352575,0.7403534208864708,1.0642083333333334,0.5903243013777272,0.8864083193113178,0,10
0.678,0.050000000000000044,0.6493333333333333,0.025794056162829124,0.6560249174622395,0.646,0.023315231073325934,0.6607132405445753,0.6709999999999999,0.04268063218412731,0.7307605869039369,0.9564166666666667,0.36367208314355287,0.8697356537664124,1,0
0.664,-0.014000000000000012,0.6566666666666667,0.025794056162829693,0.6600124587311198,0.645,0.022181073012877115,0.6616523146746967,0.6609166666666667,0.023102374271275337,0.7204897273802543,0.9223750000000001,0.3504300230958483,0.8532768014650993,0,1
0.67,0.006000000000000005,0.6706666666666666,0.007023769168421361,0.6650062293655599,0.6501666666666667,0.024036777376953842,0.6640373676247833,0.6594166666666667,0.02172747876155261,0.7127220770140613,0.8766666666666666,0.3039298641444122,0.8386146573478914,0,2
0.629,-0.041000000000000036,0.6543333333333333,0.02214347157360836,0.6470031146827799,0.6518333333333334,0.02167410128861716,0.6540266911605594,0.6551666666666667,0.022315234638472375,0.6998417574734366,0.8233750000000001,0.21408222973184118,0.8218454847600601,0,3
0.73,0.10099999999999998,0.6763333333333333,0.05079698153760013,0.68850155734139,0.6665,0.03760718016552864,0.675733350828971,0.66025,0.031007696991677082,0.7044814870929079,0.8045,0.20053797211717755,0.8144978459792553,1,0
0.817,0.08699999999999997,0.7253333333333334,0.0940868393205526,0.752750778670695,0.6980000000000001,0.06676226479084159,0.7160952505921221,0.67125,0.054840471120584613,0.7217920275401528,0.7934583333333333,0.19169495222917388,0.8146980183009149,0,1
0.797,-0.019999999999999907,0.7813333333333333,0.04556680078008244,0.7748753893353475,0.7178333333333334,0.07658568186462181,0.7392108932800872,0.6819166666666666,0.06573010702636492,0.7333624848416678,0.7742083333333333,0.1641274635012759,0.8132821768368418,0,2
2.255,1.4579999999999997,1.2896666666666665,0.8360629960315993,1.5149376946676738,0.983,0.6272846243931073,1.172293495200062,0.8140000000000001,0.4585175717858196,0.9674605640967959,0.8241250000000001,0.34087755196665986,0.9286196026898945,1,0
2.232,-0.022999999999999687,1.7613333333333332,0.8352163392399218,1.873468847333837,1.2433333333333334,0.7775373088583388,1.4750667822857588,0.9467500000000001,0.6091163681924833,1.162005092697289,0.8720416666666667,0.4439472627480088,1.032890034474703,0,1
1.101,-1.1310000000000002,1.8626666666666667,0.6597229216370586,1.4872344236669184,1.322,0.7250577908001548,1.368190558775542,0.9869166666666667,0.6013819627753363,1.1526196938207829,0.8729166666666667,0.44439542875849825,1.0383388317167268,0,2
1.119,0.018000000000000016,1.484,0.6478495195645372,1.303117211833459,1.3868333333333334,0.6773579309838097,1.2969932562682442,1.0266666666666666,0.5922054823567021,1.14744743323297,0.8783333333333334,0.4466583819261962,1.0447917251793888,0,3
1.025,-0.09400000000000008,1.0816666666666668,0.04989321931217869,1.1640586059167295,1.4215,0.6470040958139297,1.21928089733446,1.05975,0.5788479349692653,1.1286093665817438,0.8797916666666666,0.44709574688656817,1.0432083871650377,0,4
1.042,0.017000000000000126,1.062,0.05008991914547019,1.1030293029583649,1.4623333333333335,0.6061497064807235,1.1686292123817572,1.0900833333333333,0.5664285974954011,1.115284848646091,0.8805416666666667,0.4473631905682033,1.0431117161918348,0,5
1.268,0.22599999999999998,1.1116666666666666,0.1356552001706285,1.1855146514791826,1.2978333333333334,0.4656545572274235,1.1970208659869694,1.1404166666666666,0.5517707788785516,1.1387794873159232,0.9006666666666666,0.45369753060311285,1.0611027788964882,0,6
2.122,0.8539999999999999,1.4773333333333332,0.5696185858390987,1.6537573257395912,1.2794999999999999,0.42160111479928647,1.4613006185621211,1.2614166666666666,0.5966179618686013,1.2900441815750119,0.9604166666666667,0.5147857229757934,1.1459745565847692,1,0
1.767,-0.355,1.719,0.4290186476133669,1.7103786628697955,1.3905,0.45179763168923404,1.5486432989729435,1.35625,0.5770793430558918,1.3634219997942407,1.0057083333333334,0.5364055473537575,1.1956565920579876,0,1
1.245,-0.5219999999999998,1.7113333333333334,0.4411420783980321,1.4776893314348978,1.4115,0.4394126761940314,1.4618880706949595,1.3991666666666667,0.5445024139412793,1.345203230595127,1.0297083333333334,0.5335636940232255,1.1996040646933486,0,2
0.906,-0.3390000000000001,1.306,0.4337291781745846,1.1918446657174488,1.3916666666666666,0.4624295261622763,1.3030629076392568,1.4065833333333335,0.5363976574983326,1.2776335028112613,1.0389166666666667,0.5292455595645944,1.1761157395178807,0,3
0.756,-0.15000000000000002,0.969,0.25051347269158875,0.9739223328587244,1.344,0.5171804327311705,1.1467592197423264,1.4031666666666667,0.540746425757673,1.1973821946864518,1.0425416666666667,0.526894427109303,1.1425064803564504,0,4
0.783,0.027000000000000024,0.8150000000000001,0.07995623803055482,0.8784611664293622,1.2631666666666665,0.5669424720963034,1.0428280141016617,1.2805000000000002,0.49496510437146574,1.133631087811613,1.04725,0.5239171233829957,1.1137459619279344,0,5
0.873,0.08999999999999997,0.8039999999999999,0.061261733569975774,0.8757305832146811,1.055,0.3903214060232948,0.9943057243583299,1.16725,0.4047100252593896,1.093533997379057,1.057,0.5181347818607751,1.0944862849736996,0,6
0.77,-0.10299999999999998,0.8086666666666668,0.05609218602739644,0.8228652916073406,0.8888333333333334,0.1845897252467454,0.9302183745416642,1.1396666666666666,0.42060353461821326,1.0437595362438175,1.0632916666666665,0.5134808306118127,1.0685273821758037,0,7
0.674,-0.09599999999999997,0.7723333333333334,0.09952051714763097,0.7484326458036703,0.7936666666666666,0.08405395092837234,0.8570131246726174,1.1025833333333332,0.441680357134873,0.9868734537447686,1.0646250000000002,0.5123796836501144,1.0369651916017395,0,8
1.217,0.543,0.8870000000000001,0.28979130421736093,0.9827163229018352,0.8455,0.19276799526893051,0.9598665176232981,1.1185833333333333,0.44209181652958174,1.022277537784035,1.0891666666666666,0.5046039916665316,1.0513679762736003,1,0
2.181,0.964,1.3573333333333337,0.7632380581007043,1.5818581614509175,1.083,0.5697209843423373,1.3087617983023558,1.2135,0.5363725808191044,1.2005425319711065,1.1517916666666668,0.5431508701582123,1.1417385381717124,0,1
1.144,-1.0370000000000001,1.5140000000000002,0.5787909812704423,1.3629290807254586,1.1431666666666667,0.5504381588032103,1.2616869987873969,1.2031666666666667,0.5364216173078344,1.1918436808986286,1.1717916666666668,0.5331536999342901,1.1419194551179754,0,2
2.11,0.966,1.8116666666666668,0.579305043421284,1.7364645403627292,1.3493333333333333,0.6514076040903019,1.5040621419909976,1.2021666666666666,0.5345609640091816,1.3330984992219164,1.2317916666666666,0.5548151262135543,1.2193658987085374,0,3
1.477,-0.6329999999999998,1.577,0.4907025575641536,1.6067322701813647,1.4671666666666667,0.5863485027410466,1.496330101422141,1.1780000000000002,0.5128173518550613,1.355237191649314,1.2671249999999998,0.5416023980824822,1.2399766268118544,0,4
1.006,-0.4710000000000001,1.531,0.5539774363636134,1.3063661350906823,1.5225,0.506796507485993,1.3562357867301007,1.1580833333333334,0.5146166195834686,1.301508392934035,1.2786250000000001,0.5325562483049987,1.221258496666906,0,5
0.849,-0.15700000000000003,1.110666666666667,0.32682156191618283,1.0776830675453413,1.461166666666667,0.5695462814088659,1.211311276235786,1.1533333333333335,0.5174103933547494,1.2318917170980295,1.2799583333333333,0.5313890312532163,1.1914778169335536,0,6
0.719,-0.13,0.8580000000000001,0.14371151658791695,0.8983415337726706,1.2175,0.5095734490728506,1.07065091159699,1.15025,0.5200966911852252,1.152985299082948,1.2767083333333333,0.5346994669228089,1.1536795915788693,0,7
0.831,0.11199999999999999,0.7996666666666669,0.07043673284112671,0.8646707668863353,1.1653333333333333,0.5340369525291933,1.0021792225692785,1.15425,0.5171919153203466,1.103449099224033,1.217375,0.4992556034825203,1.12786522425256,0,8
0.736,-0.09499999999999997,0.7620000000000001,0.06035726965328038,0.8003353834431677,0.9363333333333334,0.28399413139476753,0.9261280161209132,1.1428333333333334,0.5254114981842744,1.0469184685741817,1.1550416666666667,0.4588216930513342,1.0965160063123554,0,9
0.752,0.016000000000000014,0.7730000000000001,0.05086255990410663,0.7761676917215838,0.8155,0.10706773556960156,0.8763771543720809,1.1413333333333333,0.5265970226296627,1.001546396485846,1.1405,0.46608200435396413,1.068954725807367,0,10
0.957,0.20499999999999996,0.8150000000000001,0.12323554681989674,0.866583845860792,0.8073333333333332,0.09016577325498189,0.899412253122915,1.1649166666666666,0.5098353492386877,0.9946931047187928,1.13375,0.46757759179394603,1.0599983477427777,1,0
0.805,-0.1519999999999999,0.8380000000000001,0.1064095860343373,0.8357919229303961,0.7999999999999999,0.08785897791348452,0.872437323659225,1.1305833333333333,0.5197844760236234,0.9655095501466708,1.1245833333333335,0.47193845551840913,1.0395984799233555,0,1
0.769,-0.03600000000000003,0.8436666666666669,0.09978643862435607,0.8023959614651981,0.8083333333333335,0.08072091839584583,0.8428838026137322,1.0129166666666667,0.40822864768151673,0.9352773116625677,1.1132083333333334,0.47727532653473775,1.017950601529487,0,2
0.717,-0.052000000000000046,0.7636666666666668,0.044241760061418875,0.759697980732599,0.7893333333333333,0.08745436905420367,0.8069170018669516,0.9773333333333333,0.4143282259125969,0.9016961867914034,1.09025,0.4827268784006488,0.993874553407128,0,3
0.577,-0.14,0.6876666666666668,0.09930424630060859,0.6683489903662995,0.7628333333333334,0.12350614019824659,0.7412264299049653,0.8495833333333334,0.22760390567560315,0.8517429272850336,1.0258749999999999,0.4403081245732555,0.9605245891345578,0,4
0.585,0.008000000000000007,0.6263333333333335,0.07862145593495296,0.6266744951831498,0.735,0.1436161550801384,0.6965903070749753,0.7752499999999999,0.12788000412318706,0.8107055538565668,0.976625,0.41941624157351415,0.9304826220037932,0,5
0.612,0.027000000000000024,0.5913333333333334,0.01833939293792578,0.6193372475915748,0.6774999999999999,0.09913173054074324,0.6724216479106966,0.7424166666666666,0.11295812444790648,0.7801354686478642,0.9502499999999999,0.4217025790973913,0.9050040122434898,0,6
0.619,0.007000000000000006,0.6053333333333335,0.017953644012614397,0.6191686237957874,0.6465,0.07814793663304627,0.6571583199362119,0.7232499999999998,0.11274196201947538,0.7553453965481928,0.9382916666666666,0.4270473427747968,0.8821236912640107,0,7
0.617,-0.0020000000000000018,0.6160000000000001,0.0036055512752399895,0.6180843118978937,0.6211666666666665,0.05009757146478614,0.6456845142401513,0.71475,0.1168613202981166,0.7340614893869323,0.9325,0.4305552532334924,0.8609137959628899,0,8
0.609,-0.008000000000000007,0.6150000000000001,0.005291502621976239,0.6135421559489469,0.6031666666666666,0.01771346004227879,0.635203224457251,0.69625,0.11432976626647258,0.7148212602504812,0.92525,0.4346278017878709,0.8407606922858587,0,9
0.621,0.01200000000000001,0.6156666666666668,0.006110100926475506,0.6172710779744734,0.6105,0.013262729734210813,0.6311451603266078,0.6866666666666666,0.11550862489114486,0.7003872202119457,0.9147500000000001,0.43896729104649246,0.8231798369029901,0,10
0.631,0.010000000000000009,0.6203333333333335,0.01101514109449949,0.6241355389872367,0.6181666666666666,0.00770497674684127,0.631103685947577,0.6765833333333333,0.1145643593105779,0.6897122632562617,0.9089583333333334,0.44186752679042207,0.8078054499507509,0,11
0.62,-0.01100000000000001,0.6240000000000001,0.00608276253016748,0.6220677694936183,0.6195,0.007092249290788798,0.6279312042482693,0.6485,0.0735335421299869,0.6789872996783752,0.9067083333333333,0.44325127618607035,0.7927810139546908,0,12
0.612,-0.008000000000000007,0.6210000000000001,0.009539392014085624,0.6170338847468091,0.6183333333333333,0.007737355276149865,0.6233794316059067,0.6324166666666667,0.054950321917060674,0.6686815612663175,0.8815,0.4420392467328826,0.7783185328383155,0,13
0.626,0.014000000000000012,0.6193333333333335,0.007023769168454253,0.6215169423734046,0.6198333333333333,0.008280499179962524,0.6241281654327905,0.6204999999999999,0.034241123600945826,0.6621151672253456,0.8167083333333333,0.34703708349229917,0.7661330502112503,0,14
0.577,-0.049000000000000044,0.6050000000000001,0.025238858928215396,0.5992584711867023,0.6145,0.01943965020268391,0.610662975309136,0.6088333333333332,0.018692892831900867,0.649020526113754,0.7930833333333333,0.3430644402221367,0.7510024061943503,1,0
0.584,0.007000000000000006,0.5956666666666668,0.02650157228036981,0.5916292355933511,0.6083333333333333,0.022580227338744686,0.6030449823636685,0.6094166666666666,0.01769159190811029,0.6390173682500995,0.7294999999999999,0.19993064014694148,0.7376422136988023,0,1
0.576,-0.008000000000000007,0.5790000000000002,0.0043588989433435855,0.5838146177966755,0.5991666666666666,0.02270168863035126,0.5953178445454775,0.6086666666666666,0.01896567873021311,0.629322388519315,0.6919583333333333,0.12341921461519884,0.7247108366028981,0,2
0.607,0.031000000000000028,0.5890000000000001,0.01609347693937863,0.5954073088983378,0.597,0.0208614476967146,0.5986556032467697,0.6082500000000001,0.018940696924893963,0.6258881749009588,0.6753333333333332,0.10473679917512241,0.7152939696746664,0,3
0.788,0.18100000000000005,0.6570000000000001,0.11450327506232527,0.6917036544491689,0.6263333333333333,0.08157123676069492,0.6527540023191212,0.6223333333333333,0.055399923421898534,0.6508284556854267,0.6727916666666666,0.10101311975342357,0.7211104521006931,1,0
0.787,-0.0010000000000000009,0.7273333333333335,0.10421292306298705,0.7393518272245845,0.6531666666666666,0.10465451097143054,0.6911100016565151,0.6365,0.07288783412639649,0.6717779240415149,0.675625,0.10329350857166256,0.7263816159326377,0,1
1.052,0.265,0.8756666666666669,0.15270996474799048,0.8956759136122923,0.7323333333333334,0.1846214144314496,0.7942214297546537,0.6734166666666667,0.13946942208588403,0.7302736280351281,0.6848333333333333,0.12526169707306312,0.7524310866580267,0,2
1.53,0.478,1.1230000000000002,0.37655411297713887,1.2128379568061463,0.89,0.3565226500518614,1.004443878396181,0.7491666666666666,0.2822152090912627,0.8533084544912622,0.7179166666666666,0.21328709304121432,0.8146365997253846,0,3
2.273,0.7430000000000001,1.6183333333333334,0.6152741936188569,1.7429189784030732,1.1728333333333334,0.6276411129512376,1.3668884845687008,0.886,0.5186980203968755,1.0717225384156834,0.7812916666666667,0.3826129249807427,0.9313056717473539,0,4
1.469,-0.804,1.7573333333333334,0.4476207472105544,1.6059594892015365,1.3165000000000002,0.5680446285284292,1.3960632032633578,0.9567500000000001,0.5367063061776992,1.1328421478901938,0.802625,0.40637194490847445,0.9743212180075655,0,5
1.839,0.3699999999999999,1.8603333333333334,0.4024243200072969,1.7224797446007682,1.491666666666667,0.5334730233729419,1.5226165737595412,1.059,0.5801756787231084,1.2414818174455486,0.8457083333333334,0.45814830323119576,1.0434955205669603,0,6
1.967,0.1280000000000001,1.7583333333333335,0.25861425585867265,1.844739872300384,1.6883333333333332,0.4290191914899228,1.649583266971101,1.17075,0.617160672316818,1.3530999993770028,0.895625,0.5115750454956862,1.1173758789216035,0,7
1.491,-0.476,1.765666666666667,0.24632769501892193,1.667869936150192,1.7615,0.3231679130111778,1.604273762122215,1.2469166666666667,0.5931552699272137,1.374315384088233,0.9278750000000001,0.5240689726013921,1.1472658086078753,0,8
1.972,0.48099999999999987,1.8100000000000003,0.276273415297241,1.819934968075096,1.8351666666666668,0.3099499421949723,1.709338401515868,1.3625833333333333,0.5874371855523777,1.466266863459274,0.9859999999999999,0.5596159397300977,1.2132445439192452,0,9
2.381,0.4089999999999998,1.9480000000000002,0.4454851288202582,2.100467484037548,1.8531666666666666,0.3419464383008932,1.901241715368477,1.513,0.5987004107382785,1.6069950383116933,1.0608333333333333,0.6204393020563995,1.3066649804057056,0,10
0.672,-1.7089999999999996,1.675,0.8923715593854396,1.386233742018774,1.7203333333333333,0.5875949852293387,1.5500297966917693,1.5184166666666667,0.5899889765277349,1.4631496478022021,1.0633333333333332,0.6186705006752766,1.2558917819732491,1,0
0.574,-0.09800000000000009,1.209,1.0161638647383597,0.980116871009387,1.5094999999999998,0.7429176939607783,1.271164140494121,1.5005833333333334,0.616703473512535,1.3263573942941709,1.0614583333333334,0.6201421281109447,1.2013404394153893,0,1
0.58,0.006000000000000005,0.608666666666667,0.05493025881362104,0.7800584355046936,1.278333333333333,0.7865963810409171,1.073688671781515,1.4833333333333334,0.6408982805879633,1.2115331797873754,1.0599166666666666,0.6213399207369905,1.1516332042621582,0,2
0.573,-0.007000000000000006,0.5756666666666669,0.003785938896930525,0.6765292177523468,1.1253333333333333,0.82528580907869,0.930634765558225,1.4434166666666668,0.6836928414976664,1.113297305973933,1.0584166666666668,0.6225181622401398,1.1053425479211858,0,3
0.586,0.013000000000000012,0.5796666666666669,0.006506407098491712,0.6312646088761733,0.8943333333333333,0.7292946363896201,0.8321676896844464,1.36475,0.7258349580749318,1.032174643516405,1.0569583333333332,0.6236274305235856,1.063795144087491,0,4
0.781,0.19500000000000006,0.646666666666667,0.11651752371781465,0.7061323044380867,0.6276666666666667,0.08408725626793144,0.8175483497746046,1.2404166666666667,0.6826113573267858,0.9935323906677272,1.0632083333333333,0.619913456734551,1.041171532560492,1,0
0.6,-0.18100000000000005,0.655666666666667,0.10876733578299838,0.6530661522190433,0.6156666666666667,0.08159575152340222,0.7553916784104318,1.168,0.7019773371115221,0.9329889459496153,1.062375,0.6205482717796384,1.0058778099556527,1,0
0.635,0.03500000000000003,0.6720000000000003,0.09600520819204669,0.6440330761095217,0.6258333333333334,0.07912879796046933,0.7209940560074513,1.0676666666666668,0.6831438466029807,0.8871444927265977,1.0633333333333332,0.6198398577659899,0.9762075851592005,0,1
0.746,0.11099999999999999,0.6603333333333335,0.07622554252566209,0.6950165380547608,0.6535,0.08837816472411074,0.7281386114338937,0.9659166666666668,0.6255159991171423,0.8654299553840441,1.0683333333333334,0.6166343900679665,0.9577909783464644,0,2
1.019,0.2729999999999999,0.8000000000000003,0.19761325866448975,0.8570082690273804,0.7278333333333333,0.16310170651059586,0.811241865309924,0.9265833333333333,0.603965149255446,0.8890561160941911,1.08675,0.6078600561198994,0.9626877000787474,0,3
1.423,0.40400000000000014,1.0626666666666669,0.3406058327940563,1.1400041345136902,0.8673333333333333,0.3096415131513671,0.9860299037928029,0.8808333333333332,0.5343585506062967,0.971201329002777,1.1217083333333333,0.6017848437676093,0.9995126840724476,0,4
1.09,-0.33299999999999996,1.1773333333333336,0.2156950007147429,1.115002067256845,0.9188333333333333,0.3179946016313298,1.0157356455662878,0.77325,0.26888494497900983,0.9894780476177344,1.143125,0.5905610679684195,1.0067516693466518,0,5
1.923,0.833,1.478666666666667,0.4192807333199724,1.5190010336284225,1.1393333333333333,0.4734083508628335,1.2749540325473485,0.8775000000000001,0.4238939618691124,1.1330968095226983,1.1979583333333335,0.5996429719763084,1.0800515357989198,0,6
2.715,0.7919999999999998,1.9093333333333335,0.8125862005555686,2.117000516814211,1.486,0.7249667578585932,1.6863957375338203,1.0559166666666666,0.6659819077986678,1.3764665311345907,1.27825,0.6675320054206162,1.2108474129350062,0,7
1.654,-1.061,2.0973333333333337,0.5515653481985027,1.8855002584071054,1.6373333333333333,0.6278689884575177,1.6771398125241572,1.1454166666666667,0.6683721688255787,1.4191639878831153,1.314375,0.6632370428436579,1.2462996199002057,0,8
1.229,-0.4249999999999998,1.8660000000000003,0.765347633432025,1.5572501292035528,1.6723333333333332,0.5912947375604373,1.5490998660886839,1.2000833333333334,0.6436683870008253,1.3899079897472515,1.32175,0.6611735449348675,1.2449156503081893,0,9
1.265,0.03599999999999981,1.382666666666667,0.23566996697359113,1.4111250646017763,1.646,0.6079045977783025,1.4679284757776314,1.2566666666666666,0.6139362320059786,1.3706913759399821,1.3107083333333334,0.6597557834839948,1.246522398283534,0,10
1.111,-0.15399999999999991,1.2016666666666669,0.08055639846302162,1.2610625323008882,1.6494999999999997,0.6041118273962196,1.3659489112697367,1.2841666666666667,0.5978734790653444,1.3307388565646003,1.2622916666666668,0.6279367511189301,1.2356806064208514,0,11
1.225,0.1140000000000001,1.2003333333333337,0.07990828075570836,1.2430312661504441,1.5331666666666666,0.6081040755221648,1.3256777937640978,1.33625,0.558801009467431,1.3144713401700465,1.252125,0.6264179263704552,1.2348261579071835,0,12
1.208,-0.017000000000000126,1.1813333333333338,0.06150067750304105,1.2255156330752222,1.2819999999999998,0.18944550667672433,1.2920555669743556,1.3840000000000001,0.5162962504045716,1.2980911339900392,1.2258333333333333,0.6138305010815047,1.232680065274609,0,13
1.0,-0.20799999999999996,1.1443333333333336,0.12528500841414722,1.112757816537611,1.173,0.09929954682676609,1.2086111192673967,1.405166666666667,0.49241664423042547,1.2522309595300332,1.1855416666666667,0.5944976673202979,1.2140656600526405,1,0
0.911,-0.08899999999999997,1.039666666666667,0.15242156452855543,1.0118789082688056,1.1199999999999999,0.1399685679000869,1.1235793709052835,1.3961666666666668,0.5010280038142204,1.1997338888331048,1.1613749999999998,0.5933282552502124,1.1898204072484293,0,1
0.944,0.03299999999999992,0.951666666666667,0.04499259198281786,0.9779394541344028,1.0665,0.1347096878476132,1.0722709792180596,1.3562500000000002,0.5175057531520364,1.1603902136280118,1.1185416666666668,0.5688657654121676,1.170154774668555,0,2
0.929,-0.014999999999999902,0.9280000000000003,0.016522711641825623,0.9534697270672015,1.0361666666666667,0.1429257382932414,1.0313364137271854,1.3428333333333333,0.5270352469381469,1.1247917192237022,1.0580416666666668,0.5020509656413874,1.1508623926950705,0,3
0.946,0.016999999999999904,0.939666666666667,0.009291573243121529,0.9497348635336007,0.9896666666666668,0.1110291253080391,1.0069545812337037,1.2614166666666666,0.5042336143880035,1.0972853008815942,1.0694583333333334,0.4959692293371391,1.1344734012794648,0,4
0.934,-0.0119999999999999,0.9363333333333337,0.008736894947993876,0.9418674317668003,0.9440000000000001,0.03017946321593048,0.9861104151669313,1.1130000000000002,0.21882620750474827,1.072164485361349,1.0844583333333333,0.48567013131267983,1.1184355291771078,0,5
0.932,-0.0020000000000000018,0.9373333333333337,0.007571877794331091,0.9369337158834001,0.9326666666666666,0.012580408048564903,0.9706502965478081,1.0528333333333333,0.1425015683061034,1.05060071838268,1.0991250000000001,0.4749708743930931,1.1035206868429392,0,6
0.921,-0.01100000000000001,0.9290000000000003,0.006999999999923152,0.9289668579417001,0.9343333333333333,0.009395034149399996,0.9564644975341486,1.0271666666666668,0.13544997958545088,1.0306621463238061,1.113625,0.46338141041882486,1.0889190318955042,0,7
0.926,0.0050000000000000044,0.9263333333333336,0.005507570547187606,0.92748342897085,0.9313333333333333,0.00852447456846459,0.9477603553815348,0.9989166666666667,0.11517059152195613,1.0145602776586051,1.1277916666666667,0.45159677851189234,1.0758855093438637,0,8
0.925,-0.0010000000000000009,0.9240000000000004,0.002645751310858024,0.926241714485425,0.9306666666666668,0.00889194391954881,0.9412573967010962,0.9834166666666667,0.11116119199641006,1.000781773403435,1.1337916666666665,0.4477289532515297,1.0638146685963548,0,9
0.886,-0.039000000000000035,0.9123333333333337,0.022810816147876087,0.9061208572427125,0.9206666666666666,0.0176370821472381,0.9254695690722116,0.9551666666666668,0.08392402769317367,0.9831230390336758,1.1457083333333333,0.43657097427532954,1.0495894951086464,1,0
0.885,-0.0010000000000000009,0.8986666666666668,0.022810816147875126,0.8955604286213563,0.9125,0.0212108462820741,0.9139068350515798,0.9282500000000001,0.029818008591551107,0.9680271868746488,1.156125,0.42672711089631205,1.0364223354999547,0,1
0.885,0.0,0.8853333333333336,0.0005773502681360754,0.8902802143106782,0.9046666666666668,0.021247744978431505,0.905647739322557,0.9186666666666667,0.022157836017352484,0.9552537735093183,1.1619166666666667,0.42183397895037067,1.0243085486599584,0,2
0.909,0.02400000000000002,0.8930000000000003,0.013856406460507977,0.899640107155339,0.9026666666666667,0.01992653172703332,0.9066055280875407,0.9185,0.02222815577354755,0.9481378083540385,1.1573333333333333,0.42404610769263723,1.0150838647671616,0,3
0.931,0.02200000000000002,0.9083333333333337,0.023007245235624984,0.9153200535776695,0.9035000000000001,0.02116364807876461,0.9135753772053863,0.9174166666666667,0.02116368387482913,0.9455012224534172,1.1368333333333334,0.42253424524622546,1.0083571555857889,0,4
0.905,-0.026000000000000023,0.9150000000000004,0.013999999999959843,0.9101600267888348,0.9001666666666667,0.018508556579821964,0.9111252694324188,0.9154166666666667,0.021103460868024684,0.9392702651528915,1.129125,0.42510544088445334,1.0000885831389257,0,5
0.943,0.03799999999999992,0.9263333333333336,0.019425069712416497,0.9265800133944173,0.9096666666666667,0.023686845857320275,0.9202323353088706,0.9151666666666668,0.020722553955206176,0.9398440705139851,1.0882916666666667,0.39125355719084903,0.9955214964878116,0,6
1.041,0.09799999999999998,0.9630000000000002,0.0701712191713883,0.9837900066972086,0.9356666666666668,0.055478524373566374,0.9547373823634789,0.9240833333333333,0.041831824191083215,0.9554065212041412,1.0185416666666667,0.1817929972264605,0.9991597767687868,0,7
1.037,-0.0040000000000000036,1.0070000000000003,0.055461698495440505,1.0103950033486042,0.961,0.06203224967709687,0.978240987402485,0.9328333333333334,0.053101674915110274,0.9679593640958117,0.9928333333333333,0.12172515965384383,1.002186994627284,0,8
1.355,0.31800000000000006,1.1443333333333336,0.18245364708147896,1.1826975016743022,1.0353333333333332,0.16650485478408195,1.0858864195732036,0.969,0.13259850540773746,1.0275040773118407,0.9980833333333333,0.13441011758846533,1.030412035057101,0,9
1.554,0.19900000000000007,1.3153333333333335,0.26077257013216215,1.3683487508371512,1.1391666666666667,0.25770558136499105,1.2196331568380026,1.0213333333333334,0.2133960608537114,1.108503450033096,1.010125,0.16808882550862725,1.0722990722525332,0,10
1.206,-0.3480000000000001,1.3716666666666668,0.17459763266818243,1.2871743754185756,1.1893333333333331,0.23090835122764167,1.2157379691700019,1.04475,0.21724687465060719,1.1235029192587733,1.0140833333333332,0.17164850755228753,1.0829951464723304,0,11
1.118,-0.08799999999999986,1.292666666666667,0.2305587416111853,1.202587187709288,1.2185,0.2029273268931545,1.1878128351214299,1.0640833333333333,0.2120970868315412,1.1226563162958851,1.009625,0.16726568620792748,1.085795534754544,0,12
1.149,0.030999999999999917,1.1576666666666668,0.04463556130859025,1.175793593854644,1.2365,0.18829630904508232,1.1767234536581643,1.0860833333333333,0.2054195079402789,1.1267091907119027,1.0071666666666668,0.164636270151129,1.0908518919741805,0,13
1.277,0.1279999999999999,1.1813333333333336,0.08428720741211547,1.226396796927322,1.2765,0.16094564299788006,1.2053738954701174,1.1187500000000001,0.20166990355529515,1.1498308536793023,1.0187083333333333,0.17357856989714027,1.1057437406162463,0,14
1.318,0.04100000000000015,1.2480000000000002,0.08815327560561674,1.2721983984636611,1.2703333333333333,0.15801856431023456,1.2375527824786552,1.1528333333333334,0.1975172412881028,1.1757030300363327,1.0356666666666667,0.18226251174722136,1.1227242413669465,0,15
1.045,-0.27300000000000013,1.2133333333333336,0.14721526188997205,1.1585991992318305,1.1855,0.10195832481951267,1.182537701770468,1.1623333333333334,0.18840929012674143,1.1555948715692046,1.0398749999999999,0.18121697600198652,1.1165063020575907,1,0
0.993,-0.051999999999999935,1.1186666666666667,0.17457472134685698,1.0757995996159153,1.1500000000000001,0.12732006911717153,1.1283840726931915,1.1696666666666666,0.1789582649839415,1.1305802759431731,1.0425416666666667,0.17998115340143359,1.1066257978929834,0,1
0.989,-0.0040000000000000036,1.0090000000000001,0.031240998703611564,1.0323997998079577,1.1285,0.14364922554612464,1.0885600519237082,1.1735,0.1740880132681121,1.1087986950288389,1.0443333333333333,0.1791906118141212,1.097215734061545,0,2
1.629,0.64,1.2036666666666669,0.3683549013293198,1.330699899903979,1.2085,0.25094043117839976,1.2429714656597914,1.2225000000000001,0.21202165412566654,1.1888296650244021,1.0732916666666668,0.2134650931990826,1.1397584753366214,1,0
2.27,0.641,1.6293333333333335,0.640500065053341,1.8003499499519895,1.3739999999999999,0.504500545093859,1.536408189756994,1.32525,0.3606358336957884,1.3551635627129557,1.1290416666666665,0.32205879549179145,1.2301777973096917,0,1
2.004,-0.266,1.967666666666667,0.32204088767318817,1.9021749749759946,1.4883333333333333,0.5635486373567655,1.670005849826424,1.3793333333333333,0.4106930579870928,1.4549845530648087,1.1741666666666666,0.3646918492748867,1.2920835735249163,0,2
1.062,-0.942,1.7786666666666668,0.6347419423146184,1.4820874874879975,1.4911666666666668,0.5609104800827555,1.49628989273316,1.3383333333333332,0.4161923360731939,1.394525391054838,1.1798333333333335,0.36171255302310595,1.273676887642923,0,3
1.07,0.008000000000000007,1.378666666666667,0.5415693245867359,1.2760437437439989,1.5040000000000002,0.5479645973965842,1.3744927805236857,1.327,0.421935583192077,1.3445984078156321,1.185875,0.3584674277240973,1.2573827366314894,0,4
0.751,-0.31900000000000006,0.9610000000000003,0.1819093180680938,1.0135218718719994,1.4643333333333333,0.5989439595376743,1.196351986088347,1.2964166666666668,0.45077679587238245,1.2532755758439964,1.18025,0.3643879024861574,1.2168721177009703,0,5
0.765,0.014000000000000012,0.8620000000000004,0.18026924307823194,0.8892609359359998,1.3203333333333334,0.6528714013239265,1.0731085614916764,1.2644166666666667,0.47516321757195734,1.1781562564833816,1.17525,0.3694041324125634,1.1807223482848925,0,6
0.735,-0.030000000000000027,0.7503333333333336,0.015011106998876513,0.8121304679679999,1.0645,0.4856437995074181,0.9765061153511975,1.21925,0.4990194248359861,1.1099783708705537,1.1689999999999998,0.37574297413084934,1.145064560422101,0,7
0.73,-0.0050000000000000044,0.7433333333333336,0.018929694485957837,0.771065233984,0.8521666666666667,0.16611251207139185,0.9060757966794267,1.17025,0.5169865700735038,1.0515201599673916,1.1615416666666667,0.38283779959285874,1.111859395588333,0,8
1.53,0.8,0.9983333333333336,0.46044362666164934,1.150532616992,0.9301666666666667,0.32152475280554704,1.084339854771019,1.2106666666666668,0.5251975097450733,1.1251324430493312,1.1864999999999999,0.38666084453387917,1.1453106439412664,1,0
1.618,0.08800000000000008,1.292666666666667,0.48926611709102946,1.384266308496,1.0215,0.4290458017508169,1.2368141819792995,1.26275,0.5325877008445754,1.2009582210417418,1.2162083333333333,0.3914532543769682,1.183125792425965,0,1
1.009,-0.6090000000000002,1.385666666666667,0.3291570040775878,1.196633154248,1.0645,0.40897273747769697,1.1717244156994995,1.2644166666666667,0.5316836821633609,1.17142618703532,1.2189583333333334,0.3896782930847571,1.1691957290318877,0,2
2.165,1.1560000000000001,1.5973333333333335,0.5782770385665799,1.680816577124,1.2978333333333334,0.5711439106448281,1.4555174397853567,1.3090833333333334,0.5849437359630634,1.3242836967221938,1.2657916666666666,0.4325463512902327,1.2488600707093367,1,0
1.213,-0.952,1.4623333333333335,0.6170164773596677,1.4469082885620002,1.3775000000000002,0.5066283647803391,1.3862267427038262,1.221,0.5005921947599138,1.3071631279957026,1.273125,0.42998314552408134,1.2459912650525897,0,1
0.78,-0.43300000000000005,1.3860000000000003,0.7085217004439595,1.113454144281,1.3858333333333333,0.4941042062831149,1.2130191019313044,1.119,0.4485392452678548,1.226061108304056,1.2491666666666668,0.44109839843446486,1.2087119638483825,0,2
0.772,-0.008000000000000007,0.921666666666667,0.2523337736676008,0.9427270721405,1.2595,0.5442318439782816,1.087013644236646,1.0948333333333335,0.4595663634604307,1.156205553180355,1.2165833333333333,0.44645189785849243,1.173775006740512,0,3
1.063,0.2909999999999999,0.871666666666667,0.16574780038761244,1.00286353607025,1.167,0.5176280517900871,1.0801526030261757,1.09425,0.45960519124372834,1.1418662373064543,1.210625,0.44755216480025184,1.1649130062012711,0,4
1.031,-0.03200000000000003,0.9553333333333335,0.15957547848379477,1.0169317680351249,1.1706666666666667,0.5163613721674654,1.066109002161554,1.1175833333333334,0.4475440980473007,1.1248098931054613,1.207,0.44868590737648684,1.1541999657051694,0,5
1.11,0.07900000000000018,1.0680000000000003,0.03973663297259893,1.0634658840175626,0.9948333333333333,0.18034568657627562,1.078649287258253,1.1463333333333334,0.43370252338196164,1.1225314480123134,1.2053749999999999,0.4489756275461233,1.1506639684487558,0,6
1.008,-0.10200000000000009,1.049666666666667,0.05350077881052128,1.0357329420087813,0.9606666666666667,0.14710223202476688,1.0584637766130378,1.1690833333333333,0.4170030430090289,1.1049112252411883,1.1941666666666666,0.45046504151064687,1.1392508509728554,0,7
0.914,-0.09399999999999997,1.010666666666667,0.09802720710768123,0.9748664710043906,0.983,0.12226201372462998,1.0171884118664556,1.1844166666666667,0.40252147505293423,1.0755402675117747,1.1773333333333333,0.4531766779626636,1.121230782895027,0,8
0.676,-0.238,0.8660000000000002,0.17112568480505355,0.8254332355021954,0.967,0.15680051020325686,0.9197060084760398,1.11325,0.4112665857390517,1.0140725340484247,1.1619583333333334,0.4639920800642174,1.0856123202634247,0,9
0.72,0.04399999999999993,0.7700000000000004,0.12663332894620719,0.7727166177510977,0.9098333333333333,0.17613451299126054,0.8626471489114569,1.0384166666666668,0.3923373915240316,0.9688306057332824,1.1505833333333333,0.4715982922735859,1.0563633346423509,0,10
0.636,-0.08399999999999996,0.6773333333333337,0.04201587001754729,0.7043583088755488,0.844,0.19463607065495878,0.7978908206510407,1.0073333333333334,0.40928925831213736,0.9176258971589312,1.135875,0.48224153361062816,1.0227342678709628,0,11
0.657,0.02100000000000002,0.6710000000000003,0.04371498598876684,0.6806791544377744,0.7685,0.15454934487082878,0.7576363004650291,0.8816666666666667,0.19902733176094592,0.8775296052883264,1.095375,0.4798365493899301,0.9934755264412859,0,12
0.666,0.009000000000000008,0.6530000000000004,0.015394804318277115,0.6733395772188873,0.7115,0.10303348970117711,0.7314545003321636,0.8360833333333334,0.1777451998243807,0.8449865890901224,1.0285416666666667,0.4166642876743676,0.967277484325983,0,13
0.627,-0.039000000000000035,0.6500000000000002,0.0204205778566141,0.6501697886094436,0.6636666666666667,0.033121996719240814,0.7016103573801169,0.8233333333333333,0.18736126180255464,0.8114501907685651,0.9711666666666666,0.36852947102571365,0.9400552855799044,0,14
0.636,0.009000000000000008,0.6430000000000003,0.020420577856613747,0.6430848943047218,0.657,0.034152598729858825,0.6828645409857979,0.8119999999999999,0.19471751100225196,0.7844578537272473,0.9534166666666666,0.3741800213878296,0.9157308627335121,0,15
0.655,0.019000000000000017,0.6393333333333336,0.014294521094858292,0.6490424471523609,0.6461666666666667,0.015250136611501467,0.6749032435612842,0.778,0.1821188423180749,0.7645412608461324,0.936125,0.3781264238205309,0.8948723937148312,0,16
0.646,-0.009000000000000008,0.6456666666666669,0.009504384952818365,0.6475212235761805,0.6478333333333334,0.014441837371659197,0.6666451739723458,0.7459166666666667,0.16676137460637955,0.7463041437928812,0.9317500000000001,0.38095831678864056,0.8749626022176447,0,17
0.627,-0.019000000000000017,0.642666666666667,0.0142945210948585,0.6372606117880902,0.6428333333333334,0.015765997166987785,0.6553179814088185,0.7056666666666667,0.12360003922723073,0.727949660132438,0.926,0.3846085531165866,0.8551255940402331,0,18
0.61,-0.017000000000000015,0.6276666666666669,0.018009256878931085,0.6236303058940451,0.6335,0.015883954167738856,0.6423699867205845,0.6725,0.08123646740452833,0.7098035585736013,0.9207916666666667,0.38813769174562596,0.8355155465170144,0,19
0.604,-0.006000000000000005,0.6136666666666669,0.01193035344536363,0.6138151529470226,0.6296666666666667,0.020006665555996766,0.6314071333718461,0.6466666666666666,0.03155754724122603,0.6935260880238164,0.9155416666666668,0.3916666705211216,0.8169943027956533,0,20
0.623,0.019000000000000017,0.6123333333333336,0.009712534856117483,0.6184075764735113,0.6275,0.01988718180142293,0.6290050952656043,0.64225,0.03077816522388705,0.682675920635537,0.8777499999999999,0.3731189634279722,0.8014747585720011,0,21
0.588,-0.03500000000000003,0.6050000000000003,0.017521415467876725,0.6032037882367556,0.6163333333333333,0.020165977949743688,0.6172893537611459,0.63125,0.023093190653283868,0.6681103943839158,0.8348333333333334,0.34222985749685536,0.7843967778862411,0,22
0.647,0.05900000000000005,0.6193333333333336,0.029670411748597462,0.6251018941183778,0.6164999999999999,0.020462160198837304,0.62577810982939,0.6321666666666667,0.023513374659589987,0.664862641401775,0.81975,0.342197279739142,0.7734050356553418,1,0
0.698,0.050999999999999934,0.6443333333333335,0.05504846349655326,0.6615509470591889,0.6283333333333333,0.03945968406702609,0.6464129355924214,0.6355833333333333,0.02963247092864153,0.6699606965707327,0.758625,0.1875159848258707,0.7673726328029145,0,1
0.821,0.123,0.7220000000000003,0.08944830909524323,0.7412754735295944,0.6635,0.08619686769252546,0.6962949539945866,0.6485,0.061133981028287834,0.6931975124829276,0.7422916666666667,0.16148266272983475,0.7716628221786813,0,2
1.28,0.4590000000000001,0.9330000000000003,0.30673930299196844,1.0106377367647972,0.7761666666666667,0.2598148699875915,0.8630678242818476,0.7029166666666667,0.1916215295995309,0.7834748182547849,0.763125,0.19527623967755908,0.8123297964043869,0,3
2.177,0.897,1.4260000000000002,0.6896890603743108,1.5938188683823986,1.0351666666666668,0.6121938962997494,1.2384770173441768,0.8313333333333333,0.464607426335464,0.9978633077540489,0.8216666666666668,0.3485228040279936,0.921503412692036,0,4
1.221,-0.956,1.5593333333333337,0.535727853796434,1.4074094341911993,1.1406666666666665,0.5730098312129278,1.2334835838172693,0.8785000000000002,0.4737194221362407,1.0321920296380414,0.82825,0.354716819081263,0.9454631396766731,0,5
1.991,0.77,1.7963333333333338,0.5068582970943,1.6992047170955997,1.3646666666666667,0.6033250091506794,1.4499168455837639,0.9905833333333334,0.5641855688163325,1.1797009481552658,0.8682500000000001,0.4256163050570713,1.0291060885025394,0,6
2.635,0.6439999999999997,1.9490000000000005,0.70793502526715,2.1671023585477998,1.6875,0.6876015561355281,1.7885120325598312,1.1579166666666667,0.7221978397205103,1.4035931099775327,0.9317916666666667,0.5568738034519256,1.1575776014223362,0,7
2.401,-0.23399999999999999,2.342333333333334,0.325983639671279,2.2840511792738996,1.9508333333333334,0.5841528624141679,1.9635085946855937,1.3071666666666666,0.7813161196262884,1.557040323827143,0.9898333333333333,0.6326070053266921,1.2570513933085494,0,8
2.038,-0.363,2.358,0.3008138959556242,2.1610255896369495,2.077166666666667,0.48332035614762325,1.9847918533468527,1.4266666666666667,0.7736169281467108,1.6310341201614287,1.0366666666666666,0.6673982362855787,1.3195272818438657,0,9
2.021,-0.016999999999999904,2.1533333333333333,0.21465398513266493,2.0910127948184747,2.0511666666666666,0.4810664888211041,1.9951370381048947,1.5431666666666668,0.7463730280293482,1.691028870905824,1.0927083333333334,0.6918194335396979,1.3756450992963565,0,10
2.55,0.5289999999999999,2.2030000000000003,0.3006310030585684,2.320506397409237,2.2726666666666664,0.29065764511993286,2.1536693129320676,1.7066666666666663,0.7328885979258362,1.823178275381851,1.1689583333333333,0.7475576161693184,1.469593491352648,0,11
2.383,-0.16699999999999982,2.318,0.2704237415612781,2.3517531987046185,2.3379999999999996,0.25676292567268744,2.2191923663800486,1.8513333333333335,0.6736450823465556,1.9093046945538739,1.24175,0.777847098532644,1.5426660120444362,0,12
1.511,-0.8720000000000001,2.148,0.5579417532323611,1.9313765993523093,2.1506666666666665,0.37809875253254305,2.016851690271463,1.9190833333333333,0.5817171224968894,1.8480270492378932,1.2773333333333332,0.7694220115671625,1.5401327310808814,1,0
1.133,-0.3779999999999999,1.675666666666667,0.6410626594439376,1.5321882996761547,1.9393333333333331,0.5328792233392721,1.7643226359081878,1.9450833333333335,0.5331186902358501,1.7380228878166788,1.2967916666666666,0.7591256972829751,1.507562112594411,0,1
1.07,-0.06299999999999994,1.2380000000000002,0.2385141505236119,1.3010941498380775,1.7779999999999998,0.6339772866593878,1.56594473993442,1.9275833333333334,0.5597183477320351,1.635250135844882,1.31525,0.7474271376441702,1.472557143586858,0,2
1.028,-0.04200000000000004,1.0770000000000004,0.052848841046896515,1.1645470749190387,1.6125,0.6853824479806877,1.4122462428103,1.8318333333333332,0.6092585409306712,1.5418270380225925,1.3315833333333333,0.7361361474185552,1.4369925720999095,0,3
0.969,-0.05900000000000005,1.0223333333333335,0.05073788853838342,1.0667735374595193,1.349,0.5417264992595441,1.2856044591502143,1.8108333333333333,0.63598368094177,1.4536998014037321,1.3446666666666667,0.7263132433986268,1.3995531663319167,0,4
0.923,-0.04599999999999993,0.9733333333333336,0.05263395608666875,0.9948867687297597,1.1056666666666668,0.21184491182624166,1.1820031851072959,1.7218333333333333,0.681573291374561,1.3720536781108503,1.3562083333333332,0.716867641604579,1.3614289130253634,0,5
1.665,0.742,1.1856666666666669,0.4157515283595883,1.3299433843648798,1.1313333333333333,0.27166057252878645,1.3200022750766398,1.641,0.6179814648588514,1.4171223430168733,1.3994583333333335,0.7021208851179702,1.3857145999833345,1,0
2.065,0.3999999999999999,1.5510000000000002,0.5794721736200975,1.69747169218244,1.2866666666666668,0.4681788831917429,1.5328587679118857,1.6129999999999998,0.5872648465556243,1.5167958287065852,1.4600833333333334,0.6937575015915102,1.4400574319846677,0,1
1.536,-0.5289999999999999,1.7553333333333336,0.2758266363738898,1.61673584609122,1.3643333333333334,0.4636781930031511,1.533756262794204,1.5711666666666666,0.5719173229081501,1.5197503165978798,1.498916666666667,0.669411806488852,1.4477328374258944,0,2
1.613,0.07699999999999996,1.7380000000000002,0.2857953813482658,1.61486792304561,1.461833333333333,0.439696448321643,1.5563973305672887,1.5371666666666666,0.5546097454038927,1.5340964217366675,1.5401666666666667,0.6430743865733329,1.460954210431823,0,3
1.91,0.29699999999999993,1.6863333333333337,0.19749008413926508,1.762433961522805,1.6186666666666667,0.39422159589077166,1.6574266646909206,1.4838333333333333,0.4731472638971238,1.591927741469488,1.5952499999999998,0.613927573266907,1.4968778735972772,0,4
1.162,-0.748,1.5616666666666668,0.37663288934097866,1.4622169807614025,1.6585,0.31372774821491356,1.5158761890649433,1.3820833333333333,0.3853441102875903,1.5257850120126437,1.6167083333333332,0.5877865243337993,1.470087643709495,1,0
1.084,-0.07799999999999985,1.3853333333333335,0.45604531938540244,1.2731084903807013,1.5616666666666668,0.391375352656075,1.3924829921892452,1.3465,0.3920147260684817,1.4578180870876216,1.6327916666666666,0.5664490444228312,1.4392006322127353,0,1
1.119,0.03499999999999992,1.1216666666666668,0.0390683162336644,1.1960542451903506,1.404,0.33446374990423217,1.3143449944208894,1.3453333333333333,0.3927280653751838,1.4056922275356798,1.6452083333333334,0.5509343825180836,1.4135845816357167,0,2
0.94,-0.17900000000000005,1.047666666666667,0.09487008660970853,1.0680271225951752,1.3046666666666666,0.37363065541610435,1.2073892817292067,1.3345,0.40268045079758563,1.3340472694532675,1.6310416666666665,0.5649272734391256,1.3756978151048593,0,3
0.976,0.03600000000000003,1.011666666666667,0.09468016335713396,1.0220135612975876,1.1985000000000001,0.3586986200140743,1.141278058378005,1.3301666666666667,0.4065399082128325,1.2789630741527647,1.5809999999999997,0.5676493865820331,1.3437219898964705,0,4
0.693,-0.28300000000000003,0.8696666666666669,0.15405302117561184,0.8575067806487937,0.9956666666666667,0.17074737674901033,1.0131986131271464,1.3071666666666666,0.4355992389452698,1.1888149088984932,1.5590000000000002,0.5919210435008476,1.2916642307047528,0,5
0.697,0.0040000000000000036,0.7886666666666668,0.16224775293770166,0.7772533903243968,0.9181666666666667,0.18507881204143456,0.922856152233676,1.2883333333333333,0.4580270602036403,1.1131510767602635,1.5050833333333333,0.6095320312349884,1.2440910922483726,0,6
0.703,0.006000000000000005,0.697666666666667,0.005033222956858655,0.7401266951621983,0.8546666666666666,0.18213914095182507,0.86004010873834,1.2081666666666666,0.47013476468954973,1.0500509111048384,1.4245833333333333,0.580714471234746,1.2008038048685028,0,7
0.686,-0.016999999999999904,0.6953333333333336,0.00862167810425833,0.7130633475810992,0.7825000000000001,0.13652948399522458,0.8103143633845287,1.09325,0.40578971827111004,0.994043078627171,1.3531250000000001,0.5605059292631358,1.1596195004790226,0,8
0.696,0.009999999999999898,0.6950000000000003,0.00854400374532421,0.7045316737905496,0.7418333333333332,0.114851933665346,0.7776531167032348,1.02325,0.3947724603547554,0.9481902972999139,1.2972083333333333,0.5561340923043554,1.1225299404407008,0,9
0.686,-0.009999999999999898,0.6893333333333337,0.005773502691906111,0.6952658368952749,0.6934999999999999,0.00665582451710266,0.7514665119308821,0.9460000000000001,0.35784963830688044,0.9078533284845426,1.2415833333333333,0.5472857862982179,1.0876075452054448,0,10
2.063,1.3770000000000002,1.1483333333333337,0.7921403495172643,1.3791329184476375,0.9218333333333334,0.5590947743152933,1.126190365664916,0.9587499999999999,0.39600990001399267,1.0855682010253822,1.2212916666666667,0.5039793369786602,1.1656389415890094,1,0
2.038,-0.025000000000000355,1.595666666666667,0.7878936053385212,1.7085664592238188,1.1453333333333333,0.7012131392570081,1.3867074040463683,1.03175,0.503134199520639,1.2320961700984003,1.2069166666666666,0.4733954975508848,1.2354278262618887,0,1
2.036,-0.0019999999999997797,2.045666666666667,0.015044378795190903,1.8722832296119094,1.3675,0.7429642656278975,1.5722195743188345,1.1110833333333332,0.5811311005793852,1.355773682390954,1.2287916666666667,0.4994694558417373,1.2994736001609377,0,2
2.006,-0.03000000000000025,2.026666666666667,0.01792577287966084,1.9391416148059546,1.5875000000000001,0.694668194176184,1.6961568387991677,1.1849999999999998,0.6360457387784176,1.4558085004846535,1.2651666666666668,0.5234054598132499,1.3559957121480628,0,3
2.03,0.02400000000000002,2.0239999999999996,0.0158745078663828,1.984570807402977,1.8098333333333334,0.5508649259724806,1.7915405991422628,1.2758333333333332,0.6745427856681672,1.544145654256245,1.3051666666666668,0.5441149708005434,1.4099160551762178,0,4
2.025,-0.004999999999999893,2.0203333333333333,0.012662279942142375,2.0047854037014883,2.033,0.018633303518146647,1.8582432851016162,1.36325,0.6996582444957754,1.6181232459091304,1.3467083333333332,0.5598651607203352,1.4591227707621204,0,5
2.038,0.0129999999999999,2.031,0.006557438524290227,2.0213927018507443,2.0288333333333335,0.0123031161364123,1.9096023465011545,1.4753333333333334,0.6901935609053106,1.682719669615418,1.39125,0.5709234510479693,1.5054329491011509,0,6
1.703,-0.33499999999999974,1.922,0.18977091452590863,1.8621963509253723,1.9729999999999999,0.13276746589432006,1.850573104643682,1.5591666666666668,0.6467914984167954,1.6858397204438154,1.42375,0.5652822496232583,1.5212383131730587,1,0
0.67,-1.033,1.4703333333333335,0.7130612409417109,1.266098175462686,1.7453333333333332,0.54239899213279,1.5132665033169157,1.5564166666666666,0.6508202458622838,1.5295566865293821,1.3822916666666665,0.5830280386401506,1.4531392481192142,0,1
0.692,0.02199999999999991,1.0216666666666667,0.5901544995451042,0.979049087731343,1.5263333333333333,0.6670504228817089,1.2786189309406542,1.5569166666666667,0.6500926449127833,1.4007018116787078,1.3250833333333334,0.5804819524338808,1.3922481082696772,0,2
0.686,-0.005999999999999894,0.6826666666666669,0.011372481406107547,0.8325245438656715,1.3023333333333333,0.6893773035621837,1.1092992363861816,1.5560833333333333,0.6513018373483483,1.2907476868050605,1.2896666666666667,0.5928524023856979,1.3357482596081032,0,3
0.685,-0.0010000000000000009,0.6876666666666669,0.003785938897058982,0.7587622719328357,1.079,0.6222205396802655,0.9880708831329869,1.556,0.6514233367299369,1.1975557349888972,1.251,0.6010532784023904,1.283688398839455,0,4
0.744,0.05899999999999994,0.7050000000000001,0.033778691508093366,0.7513811359664179,0.8633333333333333,0.41213185592315954,0.9183363450949906,1.4460833333333334,0.6691372271723341,1.1277779296059898,1.2024166666666667,0.5925338307469967,1.2405133269322985,0,5
0.747,0.0030000000000000027,0.7253333333333335,0.034961884007191094,0.7491905679832089,0.7040000000000001,0.03296664981464556,0.8693831036392791,1.3385,0.6691006854522931,1.0691967096666068,1.185125,0.5997757053592041,1.2010322607777149,0,6
0.732,-0.015000000000000013,0.7410000000000001,0.007937253933128385,0.7405952839916045,0.7143333333333333,0.029736621641809305,0.8301307883137707,1.2298333333333333,0.6511729044694295,1.0173202927948213,1.1704583333333332,0.6066208599723747,1.1635096799154976,0,7
0.784,0.052000000000000046,0.7543333333333334,0.02676440422150859,0.7622976419958023,0.7296666666666667,0.03838055063007952,0.8169505630812648,1.128,0.6132017315992878,0.9814248631340796,1.1565,0.6116893926197171,1.1331489055222579,0,8
0.824,0.039999999999999925,0.7800000000000002,0.04613025037867228,0.7931488209979012,0.7526666666666667,0.047293410393711925,0.8189646879151892,1.0275,0.5472068746245474,0.9572056534211443,1.1516666666666666,0.6139286650720112,1.1084169930804773,0,9
0.817,-0.007000000000000006,0.8083333333333335,0.02136195995999314,0.8050744104989506,0.7746666666666666,0.03959629612309744,0.8184033485108494,0.9268333333333333,0.4493922832475273,0.9356355528948144,1.1450416666666665,0.6167581076936056,1.0851036336340392,0,10
0.788,-0.028999999999999915,0.8096666666666668,0.019087517736268184,0.7965372052494752,0.782,0.036753231150489916,0.8097166775077496,0.8226666666666667,0.28217703447991715,0.9129223909109968,1.149,0.6140295984934986,1.061335342943316,0,11
0.78,-0.008000000000000007,0.7950000000000003,0.019467922333906356,0.7882686026247376,0.7875,0.03271543978003861,0.8012261982198211,0.7457500000000001,0.05368447380085142,0.892472792309305,1.1524583333333334,0.611602099917249,1.0388285155078507,0,12
0.803,0.02300000000000002,0.7903333333333334,0.011676186592048901,0.7956343013123688,0.7993333333333333,0.018282961102293604,0.8017329987284436,0.7568333333333334,0.05024274408643408,0.8787077473386428,1.156625,0.6087408824422113,1.0199622342672228,0,13
0.744,-0.05900000000000005,0.7756666666666668,0.029737742572904555,0.7698171506561844,0.7926666666666667,0.029090662877768726,0.7852378562346025,0.7611666666666667,0.04622441962532944,0.8579834785173132,1.1590416666666667,0.6069036510572885,0.997885255525845,1,0
0.782,0.038000000000000034,0.7763333333333335,0.029905406423125912,0.7759085753280922,0.7856666666666667,0.02477633279297004,0.7843127544532875,0.7691666666666667,0.03990860771435829,0.8462937125915727,1.162625,0.6042991493925192,0.9806144350837773,0,1
0.895,0.11299999999999999,0.8070000000000003,0.07854298186342955,0.8354542876640461,0.7986666666666666,0.051043772065434034,0.8159376817523483,0.7866666666666666,0.04532174539955591,0.8537869875774846,1.1713333333333333,0.5986111946153706,0.9737652802770752,1,0
1.773,0.8779999999999999,1.1500000000000001,0.5424841011495167,1.304227143832023,0.9628333333333332,0.40013368599340365,1.0893840583945344,0.8724166666666667,0.28689417064749967,0.9952043741040254,1.15925,0.5825410043414376,1.0377040578549093,1,0
0.996,-0.7769999999999999,1.2213333333333334,0.4804189144208754,1.1501135719160116,0.9988333333333334,0.3899822645540021,1.0627028988532388,0.8931666666666667,0.2860018542003917,0.9953267780880215,1.1158333333333332,0.5522425165644614,1.0343677332265167,0,1
2.107,1.1110000000000002,1.6253333333333335,0.5700301161634646,1.628556785958006,1.2161666666666666,0.5773579190300134,1.3610734991808848,1.00775,0.4461585786160889,1.1663534276129413,1.1187916666666666,0.557550775942087,1.1201783145683955,0,2
1.74,-0.3670000000000002,1.6143333333333336,0.5660603619167596,1.684278392979003,1.3821666666666665,0.5572853547929169,1.469338213700632,1.0874166666666667,0.4861347471887233,1.2546067464417197,1.1077083333333333,0.5415621108677531,1.1697640494029238,0,3
3.321,1.5810000000000002,2.3893333333333335,0.8274505020442816,2.5026391964895014,1.8053333333333335,0.8806008554769106,1.9983844383575942,1.2955,0.7976966272279898,1.5725134008353012,1.1615,0.6828409961967405,1.3418629254506897,0,4
1.669,-1.6520000000000001,2.2433333333333336,0.9339616337587607,2.0858195982447505,1.9343333333333332,0.7703665794066268,1.904274598826853,1.3665,0.7891057654655114,1.5873574930144858,1.1466666666666667,0.6669494255428101,1.3680338914146346,1,0
0.672,-0.997,1.8873333333333333,1.3379283737679433,1.3789097991223753,1.7508333333333335,0.930886333913366,1.5521961420191808,1.3568333333333333,0.7975025600794865,1.4465332633199495,1.08975,0.6455190193540592,1.312351180101464,0,1
0.475,-0.19700000000000006,0.9386666666666669,0.6401111882582063,0.9269548995611876,1.664,1.033971372911262,1.2444258157279862,1.3314166666666667,0.8220404168711527,1.2970666074245725,1.0385833333333334,0.6434617597277121,1.245363085693347,0,2
0.434,-0.04099999999999998,0.5270000000000001,0.1272360011946274,0.6804774497805938,1.3851666666666667,1.1131618780153527,1.0128755826628473,1.3006666666666666,0.8500289121642587,1.1642871293592536,1.02875,0.651097284522861,1.1804540388378795,0,3
0.352,-0.08200000000000002,0.42033333333333345,0.06262853449772338,0.5162387248902969,1.1538333333333333,1.1675686560826595,0.8240539876163194,1.268,0.8803576752454868,1.039319878688599,1.0145833333333332,0.6623446440760518,1.1141777157308492,0,4
0.454,0.10200000000000004,0.4133333333333335,0.054049360156550666,0.4851193624451484,0.676,0.4978533920744143,0.7183242768687995,1.2406666666666668,0.9016530610075274,0.9492706665826608,1.0049166666666667,0.6690081507703035,1.0613634984723812,0,5
0.693,0.23899999999999993,0.49966666666666687,0.17502666463522792,0.5890596812225741,0.5133333333333333,0.13767158990389838,0.7110887691919996,1.2238333333333336,0.9105349909240014,0.9098444101853282,1.00525,0.6688437947227515,1.0318944185945906,0,6
0.693,0.0,0.6133333333333334,0.13798671433631784,0.6410298406112871,0.5168333333333334,0.14268765421951254,0.7059205494228569,1.1338333333333332,0.904675414754158,0.8764837316952778,1.003125,0.669790253509001,1.0047828651070234,0,7
0.764,0.07100000000000006,0.7166666666666668,0.04099186911245502,0.7025149203056436,0.5650000000000001,0.17159254063041457,0.7225146781591835,1.1145,0.9103499327181838,0.8591785422036967,1.0038333333333334,0.6695165463206276,0.9855202358984615,0,8
1.092,0.32800000000000007,0.8496666666666668,0.21284814618251377,0.8972574601528218,0.6746666666666666,0.25908582876465297,0.8280819129708454,1.0299166666666666,0.8552354761683892,0.8949972280185127,1.0188333333333335,0.667190258157079,0.9940386170265846,0,9
1.023,-0.06900000000000017,0.9596666666666668,0.17292869436080527,0.9601287300764109,0.7865000000000001,0.23571571861036403,0.8837727949791753,0.9701666666666666,0.825650909429903,0.9146899621695107,1.0287916666666665,0.6653137853456925,0.9963555276644579,0,10
0.839,-0.18399999999999994,0.9846666666666667,0.1307835361707766,0.8995643650382055,0.8506666666666667,0.17047306727652592,0.870980567842268,0.7633333333333333,0.36632333788442906,0.9030453526049707,1.0294166666666666,0.6651200556334148,0.9837670854513013,0,11
0.767,-0.07199999999999995,0.8763333333333335,0.13202020047452107,0.8332821825191028,0.863,0.15908111138661388,0.8412718341730485,0.6881666666666666,0.23122237754765337,0.882115298358052,1.0273333333333334,0.665892187818044,0.9664257186151972,0,12
0.751,-0.016000000000000014,0.7856666666666667,0.04687572221665168,0.7921410912595515,0.8726666666666668,0.14806575116031018,0.8154798815521774,0.69475,0.23184404044726006,0.8619437139952748,1.0257916666666667,0.6665129229424401,0.9491916611259815,0,13
1.322,0.5710000000000001,0.9466666666666669,0.32514663358757506,1.0570705456297758,0.9656666666666668,0.22262764129071408,0.9601999153944125,0.7653333333333334,0.2823016868958528,0.932721604149848,1.048375,0.6670047788434501,0.979016328235903,1,0
1.395,0.07299999999999995,1.1560000000000004,0.352634371552178,1.226035272814888,1.0161666666666667,0.28315396283058947,1.084428510996009,0.8454166666666666,0.31426319552344617,1.0038413573575635,1.0730416666666667,0.668480787611579,1.0122950219770308,0,1
1.029,-0.3660000000000001,1.2486666666666668,0.19370682314604437,1.127517636407444,1.0171666666666666,0.28319351452084285,1.0685917935685778,0.9018333333333334,0.2760803023276652,1.0077119177640923,1.0849166666666668,0.664903321947057,1.0136314202188683,0,2
0.753,-0.2759999999999999,1.059,0.32204968560767055,0.9402588182037219,1.0028333333333335,0.295905671906888,0.9784227096918412,0.9267500000000001,0.24356635272923036,0.9685254688773088,1.0837083333333333,0.6655038287001005,0.9927809066013589,0,3
0.734,-0.019000000000000017,0.8386666666666668,0.16510703598978632,0.837129409101861,0.9973333333333333,0.30142107867013357,0.9085876497798866,0.9301666666666667,0.24025434754683048,0.932444627511569,1.077,0.668294324641341,0.9720784340732502,0,4
0.606,-0.128,0.6976666666666668,0.07995206897468322,0.7215647045509305,0.9731666666666667,0.3296151796666332,0.8221340355570619,0.9229166666666667,0.24920763826515963,0.8822223771251737,1.028375,0.6578250601661573,0.9427921593473902,0,5
0.606,0.0,0.6486666666666667,0.07390083445626629,0.6637823522754652,0.8538333333333332,0.3068924350104885,0.76038145396933,0.90975,0.2622022553817461,0.8397266267982239,1.012125,0.6634525186968674,0.915848786599599,0,6
0.59,-0.016000000000000014,0.6006666666666668,0.009237604306986365,0.6268911761377326,0.7196666666666666,0.16712709734410813,0.7117010385495215,0.8679166666666666,0.2703995220320354,0.8013071457523433,0.9489166666666667,0.625801879793935,0.8897808836716311,0,7
0.606,0.016000000000000014,0.6006666666666668,0.009237604306986365,0.6164455880688663,0.6491666666666667,0.07357830296131491,0.6815007418210868,0.8331666666666666,0.27540609134787997,0.7712598925596751,0.9016666666666667,0.6059717791295637,0.8670784129779007,0,8
0.604,-0.0020000000000000018,0.6000000000000002,0.00871779788703084,0.6102227940344331,0.6243333333333333,0.054087583294754986,0.6593576727293478,0.8135833333333333,0.2831984393682418,0.7455276013966481,0.7884583333333334,0.32123985068273486,0.8460321399396686,0,9
0.609,0.0050000000000000044,0.6063333333333335,0.0025166114782494533,0.6096113970172166,0.6034999999999999,0.006804410334511556,0.6449697662352484,0.8004166666666666,0.28917105926277126,0.7245233550279331,0.7442916666666667,0.2623904291677568,0.8270695687444952,0,10
0.596,-0.013000000000000012,0.6030000000000002,0.006557438524234995,0.6028056985086083,0.6018333333333333,0.0072778201865033604,0.6309784044537488,0.7875,0.2949824339916498,0.7047505311774819,0.7411249999999999,0.2637558674393703,0.8085840032449356,0,11
0.634,0.038000000000000034,0.6130000000000001,0.019313207915805417,0.6184028492543041,0.6065,0.01517563837208851,0.6318417174669634,0.7301666666666667,0.2441288159719791,0.693865834073254,0.7477499999999999,0.2587297146007593,0.7946172829853408,1,0
0.576,-0.05800000000000005,0.6020000000000002,0.02946183972529758,0.597201424627152,0.6041666666666666,0.018851171493227535,0.615886941047831,0.6619166666666666,0.1284363714652246,0.6757326288312149,0.7536666666666666,0.2527985392546294,0.7771279003465136,1,0
0.594,0.018000000000000016,0.6013333333333334,0.02968725877093497,0.595600712313576,0.6021666666666666,0.019250108224814644,0.6096335293198794,0.6256666666666666,0.05684801640953381,0.6631583782417972,0.76375,0.24061339187132783,0.7624776683187925,0,1
0.575,-0.019000000000000017,0.5816666666666668,0.010692676621521737,0.585300356156788,0.5973333333333333,0.022123893569330904,0.5997382352284852,0.6108333333333333,0.04184567607366695,0.6495955508199823,0.7687916666666667,0.23504411781374082,0.7474794548532891,0,2
0.598,0.02300000000000002,0.5890000000000001,0.012288205727408286,0.591650178078394,0.5954999999999999,0.021407942451352403,0.5992415965917751,0.5995,0.015710448173742186,0.6416577737707543,0.7648333333333333,0.23716636367320323,0.735521098465026,0,3
0.638,0.040000000000000036,0.6036666666666668,0.03187998327057995,0.6148250890391971,0.6025,0.027580790416527407,0.6103154261369822,0.6021666666666666,0.019234596355820782,0.6410950393444844,0.7625416666666668,0.23815431226260514,0.727719410587824,0,4
0.644,0.006000000000000005,0.6266666666666668,0.02500666577799761,0.6294125445195986,0.6041666666666666,0.030056058734755562,0.6199395900978444,0.6053333333333333,0.022732968983164858,0.6415419563684098,0.7575416666666666,0.23937890270023815,0.7210218577407981,0,5
0.801,0.15700000000000003,0.6943333333333336,0.09242474416157473,0.7152062722597994,0.6416666666666667,0.08249767673496662,0.6716711357841746,0.6229166666666667,0.060321047635799936,0.6660739630809622,0.7454166666666667,0.22883921005363142,0.7274201091215343,0,6
0.81,0.009000000000000008,0.7516666666666669,0.09335059364210065,0.7626031361298997,0.6776666666666668,0.10229108791418258,0.7111936684172675,0.6399166666666667,0.08049331799861341,0.6882164302992757,0.7365416666666667,0.221622275439572,0.7340265003918116,0,7
0.83,0.019999999999999907,0.8136666666666668,0.014843629385452195,0.7963015680649499,0.7201666666666666,0.10406232107091881,0.7451383345837624,0.65875,0.09622712242871417,0.7100292871763102,0.7361666666666667,0.22144891778558054,0.7417043803604667,0,8
0.783,-0.04699999999999993,0.8076666666666669,0.023586719427098227,0.7896507840324749,0.751,0.08656096117765966,0.755955953274116,0.67325,0.10103835905239979,0.7212555506876471,0.7368333333333332,0.22156982738133846,0.7450080299316294,0,9
0.756,-0.027000000000000024,0.7896666666666668,0.03744774136490253,0.7728253920162375,0.7706666666666667,0.06693180609147607,0.75596853805294,0.6865833333333332,0.10047293469418649,0.7266008505818553,0.7370416666666667,0.22158607693795349,0.745887387537099,0,10
1.698,0.942,1.079,0.5362396852154824,1.2354126960081186,0.9463333333333334,0.36909330347036473,1.0251203843235284,0.7752500000000001,0.3070238738126251,0.8760468735692621,0.7527083333333332,0.2722437333756608,0.8220563965341311,1,0
1.78,0.08200000000000007,1.4113333333333333,0.5690143524844813,1.5077063480040593,1.1095,0.4889350672635375,1.2408002745168059,0.8755833333333333,0.4140620195823419,1.0151165853278372,0.7687499999999999,0.31905407065260755,0.8986918848114006,0,1
1.813,0.03299999999999992,1.7636666666666667,0.059214300074677546,1.6603531740020296,1.2766666666666666,0.5353188457981528,1.404285910369147,0.9771666666666667,0.48256433077190336,1.1378678798927853,0.8014166666666666,0.38098350034644685,0.9718365340264885,0,2
0.927,-0.8859999999999999,1.5066666666666668,0.5022771479306357,1.293676587001015,1.2928333333333335,0.5203880923567203,1.2679185074065336,1.0065,0.46632070509468226,1.1054266676015876,0.8086666666666665,0.38167703928693403,0.9682496113043695,0,3
0.819,-0.1080000000000001,1.1863333333333335,0.5453891576968994,1.0563382935005075,1.2988333333333333,0.5134960240027828,1.1396560767189525,1.0249166666666667,0.45289161021823116,1.0613610264321127,0.8122083333333333,0.381348292152378,0.95630964240002,0,4
0.803,-0.015999999999999903,0.8496666666666668,0.06744874597302142,0.9296691467502538,1.3066666666666666,0.5038264251373349,1.0434686262278232,1.0386666666666666,0.44246136622993676,1.0216131762117877,0.8204166666666666,0.37882861981165705,0.9440448710080185,0,5
1.442,0.6389999999999999,1.0213333333333334,0.36439584703085365,1.1858345733751268,1.264,0.4740160334841005,1.1573347330198738,1.1051666666666666,0.43769454548979336,1.086288072179205,0.85525,0.39628856964941833,0.9838812813273771,0,6
2.162,0.72,1.469,0.6799021988492171,1.6739172866875633,1.3276666666666666,0.572587693429283,1.4443819521570527,1.2185833333333334,0.5202587570069589,1.2517822149208657,0.92075,0.4730244271659251,1.078130778821187,0,7
0.982,-1.18,1.5286666666666668,0.5947548514584254,1.3279586433437816,1.1891666666666667,0.5306838669741776,1.3122728229693232,1.2329166666666667,0.5102518911520505,1.2102772587791941,0.9364166666666667,0.46835010285103934,1.070440316515492,1,0
0.99,0.008000000000000007,1.3780000000000001,0.6789756991233192,1.1589793216718909,1.1996666666666667,0.52505263228239,1.2201948735495167,1.2462499999999999,0.5007685230087503,1.1763884497362411,0.9525,0.46303601137069933,1.0640050911942527,0,1
0.778,-0.21199999999999997,0.9166666666666669,0.1201554548629932,0.9684896608359455,1.1928333333333334,0.5312281681788595,1.0938534811067977,1.2458333333333333,0.5011909150546675,1.1150979190075887,0.9595416666666666,0.45885121005726237,1.0411246838987125,0,2
0.771,-0.007000000000000006,0.8463333333333335,0.12446820209729346,0.8697448304179727,1.1875,0.5360633358102379,1.0016096293619983,1.2470833333333333,0.49987515865706494,1.062159777621806,0.9668333333333333,0.4541897388103117,1.0195147091868155,0,3
1.048,0.277,0.8656666666666668,0.1579440829323236,0.9588724152089864,1.1218333333333332,0.5226158882646668,1.0148640209728559,1.1929166666666666,0.48144922480009,1.0599813502953743,0.9840833333333334,0.4488293872292446,1.0217935324518703,0,4
1.084,0.03600000000000003,0.9676666666666668,0.17126684831961164,1.0214362076044932,0.9421666666666667,0.13523374825341025,1.0346171578377543,1.1349166666666666,0.44482426731000213,1.063676527173009,1.00525,0.44065161729657415,1.0267700498557206,0,5
0.775,-0.30900000000000005,0.9690000000000003,0.16897041161102597,0.8982181038022465,0.9076666666666667,0.1487664836805211,0.9604408270269674,1.0484166666666666,0.39960331656038844,1.019264753761777,1.0127916666666665,0.4348174008724223,1.006628445867263,1,0
1.11,0.3350000000000001,0.9896666666666669,0.18636076124907008,1.0041090519011233,0.9276666666666668,0.16877045555033246,1.003172019304977,1.0636666666666665,0.398037306002463,1.0332240224138114,1.0350833333333334,0.4250004518326664,1.014898170197882,0,1
0.855,-0.2550000000000001,0.9133333333333336,0.17495237447183395,0.9295545259505616,0.9405,0.1576765676947595,0.960837156646412,1.0666666666666667,0.39615684068843726,1.0058049420424557,1.0457916666666667,0.4166648094161501,1.0021063165820516,0,2
0.845,-0.010000000000000009,0.9366666666666669,0.15019431857874269,0.8872772629752808,0.9528333333333333,0.14407417071309742,0.9277408261760086,1.0701666666666667,0.39379409325025344,0.9810657201897702,1.0544166666666668,0.40994473823406574,0.9895378112554876,0,3
1.15,0.30499999999999994,0.9500000000000002,0.1732772345116331,1.0186386314876403,0.9698333333333334,0.1624012520477189,0.9912434472685775,1.0458333333333332,0.37740979255333706,1.007055609391344,1.0755000000000001,0.400829791481534,1.0023747863550487,0,4
1.053,-0.09699999999999998,1.016,0.15583003561572964,1.03581931574382,0.9646666666666667,0.158488695706245,1.0088881766204125,0.9534166666666667,0.14095547867925654,1.0141239771772912,1.086,0.39660483015761094,1.006424803446645,0,5
1.03,-0.02299999999999991,1.0776666666666668,0.06368935023481535,1.03290965787191,1.0071666666666665,0.1288804355465434,1.0149201261574374,0.9574166666666666,0.14251281175793598,1.0165664422269387,1.0951666666666666,0.392469180918724,1.0083108191709134,0,6
0.689,-0.3410000000000001,0.924,0.20384062401788172,0.860954828935955,0.9369999999999999,0.1698034157489184,0.9218000901124553,0.9323333333333332,0.1614830885225733,0.9661716049612558,1.0892916666666665,0.39763250229836294,0.9827659536372403,1,0
0.682,-0.006999999999999895,0.8003333333333336,0.19892796015978392,0.7714774144679775,0.9081666666666667,0.19873541875233688,0.8532857786517538,0.9243333333333333,0.1718679902151864,0.922452896505678,1.0850833333333334,0.4015304327268317,0.9587046773462612,0,1
0.894,0.21199999999999997,0.7550000000000002,0.12042840196564587,0.8327387072339887,0.9163333333333333,0.19661603868114802,0.8649184133226813,0.9345833333333333,0.1654396117969228,0.9180755278124968,1.0908333333333333,0.39758167513832515,0.9535283031585604,0,2
0.759,-0.135,0.7783333333333334,0.10731418048577054,0.7958693536169943,0.8511666666666665,0.1661101040474862,0.8346560095162009,0.9105,0.1684363920945219,0.8936023696874973,1.0517083333333332,0.38109458818635455,0.9379660389058756,0,3
0.729,-0.030000000000000027,0.7940000000000002,0.08789197915623037,0.7624346768084971,0.7971666666666666,0.1375898494318047,0.8044685782258578,0.8809166666666667,0.1663558389462674,0.868278928197113,1.0079166666666666,0.3531268914275363,0.9212487557934056,0,4
0.808,0.07900000000000007,0.7653333333333334,0.039878983604557085,0.7852173384042486,0.7601666666666667,0.08043237325024467,0.8054775558756128,0.8836666666666666,0.16471039782453462,0.8590052469360188,0.9660416666666666,0.31052486831263515,0.9121888553299332,0,5
0.592,-0.21600000000000008,0.7096666666666668,0.10929013374194609,0.6886086692021243,0.7440000000000001,0.1039172747910568,0.7444839684825806,0.8405,0.16784922888224688,0.8179275166381696,0.9520833333333334,0.319748395198293,0.8865737469035385,1,0
0.231,-0.361,0.5436666666666669,0.2915207253924363,0.4598043346010621,0.6688333333333333,0.23639747601585484,0.5977742632018432,0.7885,0.24285030930034643,0.7276309756169127,0.9275833333333333,0.3513540165239839,0.8341278471512555,0,1
0.233,0.0020000000000000018,0.35200000000000015,0.20784850252046225,0.3464021673005311,0.5586666666666666,0.26300164765009865,0.49355304514417375,0.7374999999999999,0.2896573210474142,0.65153390244508,0.9038333333333334,0.3783677376938155,0.7860376193791552,0,2
0.232,-0.0010000000000000009,0.23200000000000018,0.000999999999223344,0.28920108365026553,0.4708333333333334,0.27060629458064467,0.41882360367440985,0.6609999999999999,0.2920245942320008,0.586990225145837,0.8534166666666666,0.38411172702819096,0.7417146098288228,0,3
0.206,-0.026000000000000023,0.22366666666666682,0.015307950004222278,0.24760054182513275,0.38366666666666666,0.25457310672313094,0.3580168597674356,0.5904166666666667,0.29102310384177055,0.5283763443541698,0.7719166666666667,0.2904872842635981,0.698857441042517,0,4
0.196,-0.009999999999999981,0.21133333333333348,0.01858314648631258,0.22180027091256638,0.2816666666666667,0.15282233693628233,0.3117263284053111,0.5209166666666666,0.2756821154661283,0.477241522145836,0.7391666666666666,0.30946021260964346,0.6586288457591157,0,5
0.197,0.0010000000000000009,0.1996666666666668,0.005507570547140982,0.2094001354562832,0.21583333333333332,0.018060084901976275,0.2789473774323651,0.4799166666666667,0.28484523974618475,0.4341274418157074,0.706125,0.3235290877991867,0.6216985380983865,0,6
0.228,0.031,0.20700000000000016,0.01819340539861662,0.2187000677281416,0.21533333333333335,0.017591664692876322,0.2643909838802608,0.44208333333333333,0.285713288688738,0.40241552769021394,0.6832083333333334,0.33739848446435045,0.5902026550505156,0,7
0.236,0.00799999999999998,0.2203333333333335,0.02059935274060243,0.2273500338640708,0.21583333333333335,0.018225440095278666,0.25627927420018626,0.38725000000000004,0.2522830751358497,0.3768131388147964,0.6609166666666667,0.348825970895251,0.5618664426464743,0,8
0.236,0.0,0.23333333333333348,0.004618802153349292,0.2316750169320354,0.21650000000000003,0.018992103622293255,0.2504851958572759,0.3436666666666666,0.22603271417825474,0.3551495789971354,0.6270833333333333,0.34902833031477387,0.5357971272347565,0,9
0.235,-0.0010000000000000009,0.2356666666666668,0.0005773502678509514,0.2333375084660177,0.2213333333333333,0.019469634476964183,0.2460608541837685,0.3025,0.19187803891582406,0.3366650283821915,0.5917083333333334,0.3436884938386817,0.511733357055976,0,10
0.233,-0.001999999999999974,0.2346666666666668,0.001527525231145492,0.23316875423300887,0.2275,0.015241391012631611,0.24232918155983463,0.25458333333333333,0.10733842685072528,0.32071656247723895,0.569125,0.3488887093640882,0.4894346884914979,0,11
0.231,-0.0020000000000000018,0.23300000000000018,0.0019999999996126007,0.23208437711650443,0.23316666666666666,0.003188521078273791,0.23909227254273901,0.2245,0.015323778314070472,0.30691401440381755,0.5325,0.3355220461881171,0.4687599134121781,0,12
0.199,-0.032,0.22100000000000017,0.019078784028297872,0.21554218855825222,0.2283333333333333,0.014500574701252171,0.22763733753052787,0.22183333333333335,0.01680277754818903,0.29031185834169176,0.5051666666666667,0.33482710225696677,0.4471791203392039,1,0
0.192,-0.007000000000000006,0.20733333333333348,0.020792626898296158,0.2037710942791261,0.22099999999999997,0.019949937343258135,0.2174552410932342,0.21841666666666668,0.018416683806397695,0.2751869570583546,0.4779583333333333,0.33253512127902846,0.4267647907120676,0,1
0.192,0.0,0.1943333333333335,0.004041451884129204,0.19788554713956305,0.21366666666666667,0.021369760566431008,0.21018231506659585,0.21508333333333332,0.01933183118512787,0.2623889636647616,0.43804166666666666,0.30468964668511744,0.40798360745510215,0,2
0.199,0.007000000000000006,0.19433333333333347,0.004041451884129204,0.19844277356978152,0.20766666666666667,0.01911718249812424,0.2069873679047113,0.2145,0.019732299317723245,0.2526368154086444,0.40245833333333336,0.27848986854831587,0.39126491885869397,0,3
0.385,0.186,0.2586666666666668,0.10946384486821124,0.2917213867848908,0.233,0.07587094305463672,0.2578481199319367,0.23025000000000004,0.05225309908165221,0.273000382268853,0.3755833333333333,0.24432371909036021,0.3907637253499985,1,0
0.403,0.018000000000000016,0.3290000000000001,0.11294246322795773,0.3473606933924454,0.2616666666666667,0.10271059666201246,0.2993200856656691,0.2474166666666667,0.07086152736574816,0.2930003234582602,0.36366666666666664,0.23517591319037728,0.3917426273219986,0,1
0.399,-0.0040000000000000036,0.39566666666666683,0.009451631252434924,0.3731803466962227,0.295,0.11046628444914743,0.3278000611897636,0.26166666666666666,0.08279145029787116,0.30930796600314325,0.35187499999999994,0.22541291820934425,0.39232321713623874,0,2
0.399,0.0,0.4003333333333335,0.002309401076472163,0.38609017334811135,0.32950000000000007,0.1039995192296578,0.3481429008498312,0.27525000000000005,0.09114735821235606,0.32310674046419813,0.33125,0.1941273114311292,0.39285735976533964,0,3
0.374,-0.025000000000000022,0.3906666666666669,0.014433756729694389,0.3800450866740557,0.3598333333333333,0.07953971754203455,0.35553064346416513,0.28675,0.09439291672193088,0.3309364727004753,0.31520833333333337,0.1718753287216894,0.39134877098411247,0,4
0.605,0.23099999999999998,0.45933333333333354,0.12676881845837362,0.49252254333702783,0.42750000000000005,0.08763503865463859,0.42680760247440364,0.31758333333333333,0.12975743687451252,0.3731000922850176,0.3100416666666667,0.1603746914780105,0.4084408693053835,1,0
0.435,-0.16999999999999998,0.47133333333333344,0.11970937028207987,0.4637612716685139,0.4358333333333333,0.08512676821462607,0.4291482874817169,0.33441666666666664,0.13088472258465195,0.3826231550103995,0.2945,0.12395932011542604,0.4105655997609528,0,1
0.591,0.15599999999999997,0.5436666666666669,0.09436807369726381,0.527380635834257,0.4671666666666667,0.10328681748735744,0.4753916339155121,0.36441666666666667,0.1454706832903813,0.41468113116264577,0.2944583333333333,0.1238550973715977,0.42500035178007656,0,2
0.593,0.0020000000000000018,0.5396666666666667,0.09064950818031065,0.5601903179171285,0.4995,0.10794026125593748,0.5089940242253658,0.39725000000000005,0.14915832040303784,0.44211480329146946,0.30954166666666666,0.13712291508198074,0.43844032363767044,0,3
0.603,0.010000000000000009,0.5956666666666668,0.006429100507247192,0.5815951589585642,0.5335,0.10191319836017343,0.5358528744466898,0.4315,0.1448695337818915,0.4668663720158588,0.3249583333333333,0.14847294561538987,0.4516050977466568,0,4
0.663,0.06000000000000005,0.6196666666666668,0.03785938897198839,0.6222975794792821,0.5816666666666667,0.07660461256782618,0.5721806246047785,0.47075,0.13770992239948995,0.4970407763211113,0.3429166666666667,0.16217379745110028,0.4685166899269243,0,5
0.63,-0.03300000000000003,0.6320000000000001,0.030049958402616768,0.626148789739641,0.5858333333333333,0.07877668859927253,0.5887004461462704,0.5066666666666667,0.11466816419036599,0.5174960415024789,0.3605833333333334,0.16953745685058114,0.4814353547327704,0,6
0.286,-0.34400000000000003,0.5263333333333334,0.20878777103396695,0.4560743948698205,0.561,0.13746126727191219,0.5022146043901932,0.49841666666666673,0.12710443689654868,0.4818812658867129,0.36433333333333334,0.16671054494872778,0.46580052635414876,1,0
0.204,-0.08199999999999999,0.37333333333333346,0.22602949660018268,0.3300371974349102,0.4965,0.19802297846462175,0.4170104317072808,0.48183333333333334,0.15135378983352393,0.43913030190414165,0.364625,0.16641091427939658,0.44485648424581686,0,1
0.208,0.0040000000000000036,0.2326666666666668,0.04623130252687874,0.2690185987174551,0.4323333333333333,0.22148649319239916,0.35729316550520057,0.4659166666666667,0.1697781752401633,0.4035717939188891,0.3637916666666667,0.16717316696654255,0.4259079655061515,0,2
0.21,0.0020000000000000018,0.20733333333333348,0.0030550504630447164,0.23950929935872756,0.36683333333333334,0.21901818798142464,0.31520940393228614,0.45016666666666666,0.18466423256245262,0.37379151793136767,0.36270833333333335,0.1681188707734657,0.4086353282656594,0,3
0.244,0.034,0.22066666666666682,0.020231987873952677,0.24175464967936378,0.297,0.16610719430536403,0.29486385995163295,0.43933333333333335,0.1931567113809819,0.35382359209577263,0.3630416666666667,0.16786445856486626,0.39546450200440664,0,4
0.766,0.522,0.4066666666666668,0.3116557930366962,0.503877324839682,0.3196666666666667,0.22088337797730873,0.42947418567973783,0.45275,0.21052105271531502,0.4172353471579615,0.38516666666666666,0.1844306554417323,0.42510734184405413,1,0
0.493,-0.273,0.5010000000000002,0.2610919378303337,0.49843866241984097,0.3541666666666667,0.2305284508833273,0.44762441834266986,0.4575833333333333,0.21074217696397646,0.4288914475951982,0.3960000000000001,0.1827321632287572,0.4305387544965298,0,1
0.639,0.14600000000000002,0.6326666666666668,0.13661015091614676,0.5687193312099205,0.4266666666666667,0.24197492983089525,0.5023031559590498,0.4615833333333333,0.21393603901138208,0.46121584027286,0.413,0.18566941168319268,0.4472156541368074,0,2
0.636,-0.0030000000000000027,0.5893333333333335,0.08344059763288084,0.6023596656049602,0.498,0.22725932324109396,0.5405022542564641,0.4651666666666667,0.21667983642958644,0.4881057110001123,0.43120833333333336,0.18519765684654202,0.4623184018058628,0,3
0.632,-0.0040000000000000036,0.6356666666666668,0.003511884584149451,0.6171798328024801,0.5683333333333334,0.1808675390076028,0.5666444673260458,0.4675833333333334,0.21851085195990438,0.5102432939231719,0.4495416666666667,0.1822430243590587,0.4758929296613938,0,4
0.644,0.01200000000000001,0.6373333333333335,0.006110100926530511,0.6305899164012401,0.635,0.08652398511395606,0.5887460480900327,0.46599999999999997,0.2170299518499712,0.5308212487042224,0.46837500000000004,0.1777714244411241,0.4893414952884823,0,5
0.606,-0.038000000000000034,0.6273333333333335,0.019425069712419946,0.6182949582006201,0.6083333333333334,0.05804366172689955,0.5936757486357377,0.46399999999999997,0.2154863421109664,0.5423872104420344,0.48533333333333334,0.17020924888441666,0.4986741756654038,0,6
0.658,0.052000000000000046,0.6360000000000001,0.02690724809412983,0.6381474791003101,0.6358333333333334,0.01716294458030885,0.6120541061683841,0.49499999999999994,0.21430606829740437,0.5601737934509522,0.4967083333333333,0.17232161013303224,0.5114202416121715,1,0
0.636,-0.02200000000000002,0.6333333333333334,0.026102362600584322,0.6370737395501551,0.6353333333333334,0.017095808453148766,0.6188957901202743,0.531,0.19652573275875226,0.5718393636892672,0.5064166666666666,0.1733729121479674,0.5213866222831978,0,1
0.558,-0.07799999999999996,0.6173333333333336,0.05254839039716023,0.5975368697750776,0.6223333333333333,0.03585340523111783,0.6014969929430531,0.5601666666666666,0.1681551412093975,0.5697102308139954,0.5130416666666667,0.1721231811603358,0.524315692500542,1,0
0.527,-0.031000000000000028,0.5736666666666669,0.056163451935687767,0.5622684348875389,0.6048333333333334,0.052124530373584575,0.5802121378164665,0.5865833333333333,0.1283273217797069,0.5631394260733807,0.518375,0.17041045398122467,0.5245304371004986,0,1
0.631,0.10399999999999998,0.5720000000000002,0.05339475629684034,0.5966342174437694,0.6026666666666667,0.050412961296344615,0.5947229555831903,0.6188333333333333,0.06959340790795761,0.5735795143697837,0.5290833333333333,0.1690127128397429,0.5330480021324587,1,0
0.697,0.06599999999999995,0.6183333333333335,0.08570492012324817,0.6468171087218847,0.6178333333333333,0.0635843272093583,0.6239449682737074,0.6130833333333333,0.058255640902582485,0.592567281389817,0.5329166666666666,0.17182926730173004,0.546164161961862,0,1
0.576,-0.121,0.6346666666666668,0.06058327602013917,0.6114085543609423,0.6041666666666666,0.062017470656797496,0.610246405909791,0.62,0.04642883116811486,0.5900184688683067,0.5387916666666667,0.17074287283277306,0.548551029004913,0,2
0.567,-0.009000000000000008,0.6133333333333334,0.07259706146485785,0.5892042771804711,0.5926666666666666,0.061327535957893614,0.5978902899355649,0.614,0.04836226929032628,0.5864771659654903,0.5377916666666667,0.17049390634697004,0.55002694668452,0,3
0.586,0.019000000000000017,0.5763333333333334,0.009504384952868433,0.5876021385902355,0.5973333333333333,0.05919008926050659,0.5944930642396892,0.6098333333333333,0.04844834800324328,0.5864037558169534,0.5375,0.17040131659013755,0.5529047909497584,0,4
0.591,0.0050000000000000044,0.5813333333333334,0.012662279942108287,0.5893010692951177,0.608,0.04884260435316773,0.5934950458854923,0.6064166666666667,0.04818799988933214,0.5871108703066529,0.537,0.17021827419394586,0.5559524076737777,0,5
0.562,-0.028999999999999915,0.5796666666666668,0.015502687938945076,0.5756505346475589,0.5964999999999999,0.05044105470745105,0.5844964613467802,0.5995833333333334,0.04818799988933208,0.5832476594902447,0.5327916666666667,0.16820432170601277,0.5564362150598755,0,6
0.282,-0.2800000000000001,0.4783333333333335,0.1706468087405451,0.42882526732377946,0.5273333333333333,0.12068747518556637,0.4980689009619859,0.5725833333333333,0.10340253059444074,0.5369018657225147,0.5182916666666666,0.17434759862105267,0.5344813178550855,1,0
0.064,-0.21799999999999997,0.3026666666666668,0.24964241092677336,0.24641263366188973,0.44199999999999995,0.21974803753389924,0.3740492149728471,0.5230833333333333,0.1756988427205319,0.46414773253443553,0.5090416666666666,0.19218434971496112,0.49684281242667866,0,1
0.055,-0.009000000000000001,0.1336666666666668,0.12853922877212132,0.15070631683094488,0.3566666666666667,0.2576429053295794,0.2828922964091765,0.4746666666666666,0.21696096562760186,0.40120192752913775,0.5028333333333334,0.20448018223665684,0.4614953874325444,0,2
0.064,0.009000000000000001,0.061000000000000144,0.005196152422544842,0.10735315841547244,0.26966666666666667,0.25280242614869536,0.22035164029226895,0.4335,0.2447928623439545,0.3493247079092704,0.4968333333333334,0.21533223403497426,0.4296957564379409,0,3
0.094,0.03,0.07100000000000015,0.020420577856621276,0.10067657920773622,0.18683333333333332,0.20296838834327513,0.18425117163733495,0.3974166666666667,0.26112569538036573,0.3100439836155365,0.492,0.22320822799233553,0.40284009592290565,0,4
0.092,-0.0020000000000000018,0.08333333333333348,0.016772994167162887,0.09633828960386812,0.1085,0.08649566463123935,0.1578936940266678,0.3525,0.26363904387352455,0.27649875536699237,0.4856666666666667,0.23251342488902307,0.3779728882490732,0,5
0.091,-0.0010000000000000009,0.09233333333333349,0.0015275252311145885,0.09366914480193406,0.07666666666666666,0.017500476183992364,0.13878121001904845,0.302,0.24930084053390156,0.24796048531053203,0.4575416666666667,0.23789182400313058,0.3550150571891474,0,6
0.09,-0.0010000000000000009,0.09100000000000015,0.0009999999991783177,0.09183457240096703,0.081,0.01694697613144656,0.12484372144217745,0.2615,0.24004639703039374,0.22365887218583477,0.44075,0.2492327792664316,0.3338138526140156,0,7
0.091,0.0010000000000000009,0.09066666666666683,0.0005773502677660566,0.0914172862004835,0.08700000000000001,0.01134900876728106,0.11517408674441246,0.22183333333333333,0.22374979261883207,0.2032498149264756,0.41791666666666666,0.25530883543127847,0.31438874440489434,0,8
0.09,-0.0010000000000000009,0.09033333333333349,0.0005773502677656891,0.09070864310024175,0.09133333333333334,0.0015055453053599292,0.10798149053172318,0.1805,0.19422690572907647,0.18582676647624857,0.39516666666666667,0.2593258260528082,0.2964376448525028,0,9
0.09,0.0,0.09033333333333349,0.0005773502677656891,0.09035432155012088,0.09066666666666667,0.0008164965808201382,0.1028439218083737,0.13875,0.14576701522386115,0.17108418701836417,0.3725833333333333,0.2613962370685996,0.27992263326430256,0,10
0.086,-0.0040000000000000036,0.08866666666666682,0.002309401076402062,0.08817716077506044,0.08966666666666667,0.00186189867245521,0.09803137272026692,0.09908333333333334,0.05915228164866539,0.157994312092462,0.3493333333333333,0.26102084985297896,0.26440882260315834,1,0
0.164,0.07800000000000001,0.11333333333333347,0.04392417709339264,0.12608858038753024,0.10183333333333333,0.030505190815113693,0.1168795519430478,0.08925,0.027109625932174464,0.1589182640782371,0.33091666666666664,0.2576957958299013,0.2563761167949057,1,0
0.2,0.036000000000000004,0.15000000000000016,0.05827520913732041,0.16304429019376512,0.12016666666666666,0.04926019353054255,0.14062825138789128,0.10058333333333334,0.0406435913171084,0.1652385311431237,0.31183333333333335,0.24924052756265494,0.25186602745131326,0,1
0.214,0.013999999999999985,0.19266666666666685,0.02579405616284144,0.18852214509688256,0.14066666666666666,0.059271128440974666,0.16159160813420806,0.11383333333333333,0.049405250610430156,0.17274029558264312,0.29425,0.24009477295434908,0.2488367452552082,0,2
0.245,0.031,0.21966666666666682,0.023028967265855647,0.2167610725484413,0.1665,0.06615058578727676,0.18542257723872002,0.12891666666666668,0.0594221543217936,0.18385717318531342,0.28120833333333334,0.23355717653316793,0.24852980563479157,0,3
0.252,0.007000000000000006,0.23700000000000018,0.02022374841612058,0.23438053627422065,0.1935,0.061584900746854125,0.20444469802765713,0.14208333333333334,0.06788420399117741,0.1943406850029575,0.26975,0.22764527134385604,0.24880742118400828,0,4
0.254,0.0020000000000000018,0.25033333333333346,0.004725815626099885,0.2441902681371103,0.2215,0.03567492116319091,0.2186033557340408,0.15558333333333332,0.07293890137186038,0.20351904115634867,0.25404166666666667,0.2142468059051994,0.24922282748928765,0,5
0.248,-0.006000000000000005,0.25133333333333346,0.003055050463067858,0.24609513406855515,0.23550000000000001,0.02273103605205652,0.22700239695288627,0.16866666666666666,0.07436804462002956,0.21036226559383348,0.2353333333333333,0.19237229906947587,0.24912500129014464,0,6
0.236,-0.01200000000000001,0.24600000000000014,0.009165151389832621,0.24104756703427757,0.24150000000000002,0.014882876066133737,0.22957314068063303,0.18083333333333332,0.07224054934520932,0.21430653242555142,0.22116666666666665,0.17819058352778225,0.2480750011869331,0,7
0.172,-0.064,0.2186666666666668,0.04085747585610065,0.2065237835171388,0.23449999999999996,0.031264996401725254,0.21312367191473786,0.18758333333333332,0.06665168392244585,0.20779783512931274,0.20470833333333335,0.1624016703615835,0.24198900109197846,1,0
0.23,0.058000000000000024,0.2126666666666668,0.03534590971147637,0.21826189175856942,0.23199999999999998,0.030854497241081275,0.21794547993909846,0.19925,0.059931969007296686,0.21121355280172616,0.189875,0.14089537052289255,0.2410298810046202,0,1
0.832,0.602,0.4113333333333335,0.36546044017558466,0.5251309458792847,0.32866666666666666,0.24831163216141647,0.39338962852792747,0.26108333333333333,0.18636887095383375,0.30671916006299904,0.19991666666666666,0.17515059772680916,0.2883074905242506,1,0
1.348,0.5160000000000001,0.8033333333333336,0.5595510104837025,0.9365654729396424,0.511,0.4779719657051029,0.6661354489485196,0.36624999999999996,0.35676325865659636,0.4669162123609992,0.23266666666666666,0.2848979476579476,0.37308289128231054,0,1
2.195,0.8469999999999998,1.4583333333333333,0.6881659199156358,1.5657827364698211,0.8355,0.809588969786521,1.1029538921060853,0.5355,0.6295564816887873,0.7327752566131531,0.312375,0.4917879370216399,0.5188362599797257,0,2
2.164,-0.030999999999999694,1.9023333333333337,0.48031690927275705,1.8648913682349106,1.1568333333333334,0.9014602413122096,1.4061099229329181,0.6991666666666667,0.7732908230217774,0.9529636786726681,0.399875,0.6166440952586765,0.6504493591813477,0,3
1.327,-0.8370000000000002,1.8953333333333333,0.49243510570767995,1.5959456841174553,1.3493333333333333,0.7615609408751655,1.3835070878092273,0.7919166666666667,0.7765496481620522,1.0105077281076422,0.45287499999999997,0.6399373143553578,0.70457341044684,0,4
2.273,0.9460000000000002,1.9213333333333338,0.5175850976731595,1.9344728420587276,1.6898333333333333,0.6007473401245047,1.637647919863734,0.9609166666666668,0.8626113059492764,1.2047373083987742,0.5449166666666666,0.7335816196945119,0.8300475376110928,0,5
2.563,0.29000000000000004,2.0543333333333336,0.6463631590161482,2.248736421029364,1.9783333333333333,0.5160688584546324,1.9020342284740956,1.1535,0.9440786273110179,1.4137007994143476,0.6477916666666667,0.8338648091432664,0.9686837346022055,0,6
1.511,-1.0520000000000003,2.115666666666667,0.5433611444825021,1.8798682105146818,2.0055,0.4792259383631074,1.7903101631957827,1.25825,0.9040899115584796,1.4286699071967557,0.7069166666666667,0.8430000214898479,1.0120690358340292,1,0
1.174,-0.33699999999999997,1.7493333333333334,0.7245221413685946,1.5269341052573409,1.8353333333333335,0.570969234430952,1.6142215451398447,1.335416666666667,0.8477886162710545,1.3894899214741778,0.7520416666666666,0.8375655966091182,1.0250235129673069,0,1
1.829,0.655,1.5046666666666668,0.32754592553309697,1.6779670526286705,1.7794999999999999,0.5483326545081926,1.675586817957032,1.4681666666666668,0.7821670169626458,1.4571068566319965,0.8245,0.8528827331595703,1.0893416319299223,0,2
2.589,0.76,1.864,0.7081489956216845,2.1334835263143352,1.9898333333333333,0.5811087391071206,1.9365620128264514,1.6695833333333334,0.7273259189828477,1.631244263303997,0.9285833333333334,0.909989102498852,1.2093143013755285,0,3
1.155,-1.434,1.8576666666666668,0.7174296713499755,1.6442417631571677,1.8035000000000003,0.6475923872313517,1.7132585805903224,1.7466666666666668,0.5984925507751411,1.5579759151033818,0.9729583333333333,0.8931290125010015,1.2049691572654864,1,0
1.046,-0.10899999999999999,1.596666666666667,0.8611122652322014,1.345120881578584,1.5506666666666666,0.5848585014058252,1.5226132718502303,1.7645,0.5713324935462885,1.4792103897028617,1.0127916666666665,0.8731319427742598,1.1922516246842474,0,1
1.021,-0.025000000000000133,1.074,0.07125307010928573,1.183060440789292,1.469,0.6243803328100598,1.379295194178736,1.7372500000000002,0.6000786501481601,1.4087164835947292,1.05175,0.8505487870371895,1.1785514947095077,0,2
1.411,0.3900000000000001,1.1593333333333333,0.2183078865577979,1.297030220394646,1.5085,0.6092998440833552,1.3883537101276686,1.6719166666666665,0.5882733530245862,1.4090677938109248,1.1037083333333333,0.8318427150226366,1.1971473751327473,0,3
0.824,-0.5870000000000001,1.0853333333333335,0.29874124812842995,1.060515110197323,1.341,0.6408921906217933,1.2271097929483348,1.5602500000000001,0.6130330148309542,1.3190573639938594,1.1297083333333333,0.8118807194017058,1.1672955851221276,0,4
0.588,-0.236,0.9410000000000002,0.4237912221837522,0.8242575550986615,1.0075,0.28138425684462326,1.0445069949630963,1.4986666666666666,0.6728000288257131,1.2065870003024963,1.1452916666666668,0.7969931252317463,1.1209519383123574,0,5
1.273,0.6849999999999999,0.8950000000000001,0.34797557385540473,1.0486287775493306,1.0271666666666668,0.29742186649045754,1.109790710687926,1.415333333333333,0.6286535877041782,1.216804384871343,1.188125,0.7737909678695669,1.1331157832473688,1,0
1.631,0.3580000000000001,1.1640000000000001,0.529974527689774,1.3398143887746654,1.1246666666666665,0.3871747236928924,1.2587076504913757,1.3376666666666666,0.5226024620429327,1.2805267871988288,1.2455833333333335,0.7521528473635533,1.1729465205875793,0,1
0.764,-0.867,1.2226666666666668,0.43568604904602176,1.0519071943873328,1.0818333333333332,0.4142093271121107,1.1173626074938396,1.2754166666666666,0.5441252292914902,1.2010611276297782,1.2668333333333333,0.7297923270216736,1.140230798940573,1,0
0.512,-0.252,0.9690000000000003,0.5869914820506328,0.7819535971936664,0.932,0.4334757201966459,0.9444018624955998,1.22025,0.5871962851319215,1.095051723379043,1.2778333333333334,0.7156199906476145,1.0899723350253274,0,1
0.49,-0.02200000000000002,0.5886666666666668,0.15224103695564667,0.6359767985968332,0.8763333333333332,0.47002411285663576,0.8145727589254285,1.1086666666666667,0.5882232620872857,1.0019668428591904,1.2884166666666668,0.7012768427268412,1.0419745482233012,0,2
0.5,0.010000000000000009,0.5006666666666668,0.011015141094435287,0.5679883992984166,0.8616666666666667,0.48204010898126254,0.7246948278038774,0.9345833333333333,0.38393902412027053,0.9247411747270071,1.3020833333333333,0.6814908157004443,0.9986165843654371,0,3
0.565,0.06499999999999995,0.5183333333333334,0.04072263907619896,0.5664941996492083,0.7436666666666666,0.44656138062607637,0.6790677341456267,0.8854166666666666,0.39086162590623036,0.8693963786151598,1.3160416666666668,0.6617216332624583,0.9639272576162022,0,4
0.565,0.0,0.5433333333333334,0.03752776749728718,0.5657470998246041,0.566,0.10222915435432692,0.6464769529611619,0.8453333333333334,0.39750364968783986,0.8225661665205198,1.3049166666666665,0.6723719801643612,0.9320130770069062,0,5
0.572,0.007000000000000006,0.5673333333333335,0.0040414518839796375,0.5688735499123021,0.5339999999999999,0.03726123991496782,0.625197823543687,0.8079166666666667,0.40058513073964486,0.7840175255173629,1.2725833333333334,0.6886708633091818,0.9032120308463537,0,6
0.562,-0.009999999999999898,0.5663333333333335,0.005131601439172696,0.5654367749561511,0.5423333333333333,0.0369468086127538,0.607141302531205,0.7371666666666666,0.35698888022746866,0.7498609831300763,1.2045416666666666,0.6740893360460569,0.8759150683786454,0,7
0.541,-0.02100000000000002,0.5583333333333335,0.01582192571498479,0.5532183874780756,0.5508333333333333,0.02703639522324413,0.5882437875222893,0.7135833333333333,0.36006551381995133,0.7177285241869876,1.1369166666666666,0.6547847251058042,0.8491218629083538,0,8
0.316,-0.22500000000000003,0.47300000000000025,0.13637081799269576,0.43460919373903784,0.5201666666666667,0.10057319059604033,0.5104598482302066,0.6909166666666665,0.3768596214008946,0.655924135850528,1.0947916666666666,0.674255594625701,0.8064721138756855,1,0
0.26,-0.055999999999999994,0.37233333333333346,0.14872906015076554,0.3473045968695189,0.4693333333333333,0.1419488170668127,0.43889989159300474,0.6064999999999999,0.3468833967042703,0.5950127303350622,1.0109166666666667,0.645928244545359,0.7627543447656308,0,1
0.269,0.009000000000000008,0.2816666666666668,0.030072135496665393,0.30815229843475944,0.42,0.15305293202026804,0.3903570654235748,0.49300000000000005,0.14564215174061926,0.5448569256681295,0.9153333333333333,0.5717382090696274,0.7232539971843803,0,2
0.256,-0.013000000000000012,0.26166666666666677,0.006658328118210501,0.2820761492173797,0.36733333333333335,0.14441283414803358,0.35196933244541057,0.4506666666666667,0.13299031634831696,0.5004173986422634,0.8630416666666666,0.5722807519548173,0.68587367740963,0,3
0.226,-0.03,0.25033333333333346,0.022052966542615626,0.2540380746086899,0.31133333333333335,0.11622334819935044,0.31597809460386467,0.42683333333333334,0.14599117864592162,0.4581993373126844,0.8235416666666667,0.5825096363574388,0.6490837832168597,0,4
0.212,-0.014000000000000012,0.23133333333333347,0.022479620400035167,0.23301903730434492,0.2565,0.03638543664710909,0.28627006757418905,0.4036666666666666,0.1567193979600829,0.42032251618765604,0.7561666666666667,0.5539735252398503,0.6141170805595109,0,5
0.22,0.008000000000000007,0.2193333333333335,0.007023769168306079,0.22650951865217245,0.24050000000000002,0.023981242670070072,0.2673357625529922,0.38033333333333325,0.16183343475951353,0.38950366754340127,0.6574583333333334,0.40393445219078217,0.58258771411475,0,6
0.252,0.032,0.22800000000000017,0.021166010488430153,0.23925475932608622,0.23916666666666667,0.022877208454430278,0.26295411610928016,0.35425,0.15441804239849344,0.36834925715210876,0.6198333333333333,0.39758090963996956,0.5561406969855699,0,7
0.258,0.006000000000000005,0.24333333333333348,0.020428737927970644,0.2486273796630431,0.2373333333333333,0.02030435092947953,0.26153865436377155,0.32866666666666666,0.14119253993513403,0.3513724483594766,0.587,0.39337204427538064,0.5322894412267243,0,8
0.256,-0.0020000000000000018,0.25533333333333347,0.0030550504627151077,0.2523136898315216,0.2373333333333333,0.02030435092947953,0.2599561816884082,0.30233333333333334,0.11948246986927276,0.3366997639964802,0.555125,0.3876280503714656,0.5101862859285864,0,9
0.338,0.08200000000000002,0.2840000000000002,0.0467760622540683,0.2951568449157608,0.256,0.04466766168046846,0.28225441549172015,0.2836666666666667,0.08877994586549283,0.336899800304714,0.5104166666666666,0.34405041550010956,0.4964113830542995,0,10
0.434,0.09599999999999997,0.34266666666666684,0.08909171304520945,0.3645784224578804,0.293,0.07938513714796233,0.32561029677980013,0.27475,0.061884239438730546,0.35183829256552723,0.49416666666666664,0.33774786925812983,0.4914184724099555,0,11
0.428,-0.006000000000000005,0.4000000000000002,0.05377731863896473,0.39628921122894023,0.32766666666666666,0.08625002415459053,0.35486449769985723,0.2840833333333333,0.07559756890432041,0.3635554783246769,0.48750000000000004,0.3373941057705316,0.4863449946171591,0,12
0.43,0.0020000000000000018,0.4306666666666668,0.003055050462782842,0.4131446056144701,0.35733333333333334,0.08562865563972989,0.37633178407132656,0.29825,0.08590070906682247,0.3737777124285728,0.452375,0.29302660696821614,0.48183739504778633,0,13
0.432,0.0020000000000000018,0.43000000000000016,0.0019999999992036783,0.422572302807235,0.38633333333333336,0.07392338376094158,0.3922369886223761,0.31183333333333335,0.09341387217727666,0.3827349874395616,0.4024166666666667,0.1512619141313102,0.4778504034439634,0,14
0.409,-0.02300000000000002,0.42366666666666686,0.012741009902285352,0.4157861514036175,0.41183333333333333,0.037279574389569366,0.39702642044455433,0.3245833333333333,0.09551816422529681,0.38677575860270597,0.38762499999999994,0.13026621988635229,0.47234237116844635,0,15
0.412,0.0030000000000000027,0.41766666666666685,0.012503332888878824,0.4138930757018088,0.42416666666666664,0.01081511288278749,0.4013045860318245,0.3400833333333333,0.09312792602684593,0.3906564111253666,0.3834583333333334,0.1276888130221897,0.46751498147497067,0,16
0.387,-0.024999999999999967,0.4026666666666669,0.013650396819509738,0.4004465378509044,0.4163333333333333,0.017328204369392575,0.39721756145130327,0.3546666666666667,0.08455480560864795,0.39009388633684866,0.37916666666666665,0.12566714719471916,0.46107378295697304,0,17
0.569,0.18199999999999994,0.4560000000000001,0.09865596788839932,0.48472326892545214,0.4398333333333333,0.06535875355809223,0.4462982581795023,0.38375000000000004,0.09356487783157454,0.4176179038234873,0.38204166666666667,0.12928885057907819,0.4697078803204152,1,0
0.579,0.010000000000000009,0.5116666666666668,0.10808021712288679,0.531861634462726,0.46466666666666656,0.08594106507757182,0.48421304155678735,0.411,0.09915644204992996,0.4424459186198738,0.382625,0.1301787441742462,0.47845124989478205,0,1
0.445,-0.13399999999999995,0.5310000000000001,0.07464583042606643,0.48843081723136306,0.46683333333333327,0.08511267042378258,0.4730093153977053,0.4265833333333333,0.08685668272121876,0.4428388542168163,0.37762499999999993,0.12507382602496409,0.4757751499031995,0,2
0.433,-0.01200000000000001,0.48566666666666686,0.08105142400556749,0.4607154086156815,0.47083333333333327,0.08237090910429139,0.4615780824269324,0.44133333333333336,0.06830191443255929,0.4413251843373061,0.3718333333333333,0.11873963722900882,0.4723531379109436,0,3
0.518,0.08500000000000002,0.46533333333333354,0.04600362304569321,0.48935770430784076,0.4885,0.07850541382605895,0.47769863030495174,0.4563333333333333,0.0631136540958807,0.45312130982387444,0.36999999999999994,0.11598350707339702,0.4760048868780681,0,4
0.781,0.263,0.5773333333333336,0.18142859017621926,0.6351788521539203,0.5541666666666667,0.1266466212208894,0.564356164503537,0.48525,0.11228707122210255,0.5035641852355861,0.38000000000000006,0.13935878000764296,0.5004044959278227,1,0
0.396,-0.385,0.5650000000000003,0.19675619431163321,0.5155894260769602,0.5253333333333333,0.14142512742319674,0.5162544032168122,0.48258333333333336,0.11413505423865959,0.48701584904549594,0.3833333333333333,0.13871668551613012,0.49205213625359684,1,0
0.61,0.21399999999999997,0.5956666666666668,0.1928998012786187,0.56279471303848,0.5305000000000001,0.14431458692731225,0.5430388594405802,0.4975833333333333,0.11834653148763037,0.5059364876538811,0.3979166666666667,0.14350213349926816,0.5014879653533091,0,1
0.415,-0.195,0.47366666666666685,0.11844970803395953,0.48889735651924005,0.5255,0.1483330711608196,0.5064563281718429,0.49616666666666664,0.11930086743061906,0.49194625878405324,0.40399999999999997,0.1408699677933098,0.4945689281250444,0,2
0.364,-0.05099999999999999,0.46300000000000013,0.12983451005028246,0.42644867825962,0.514,0.1592143209639157,0.46575452012274493,0.49241666666666667,0.12294156655858895,0.47226221897112197,0.40850000000000003,0.13762425216003854,0.4841234138750408,0,3
1.123,0.759,0.6340000000000002,0.42425346197762176,0.77472433912981,0.6148333333333333,0.2955018894468654,0.6535389429448177,0.5516666666666666,0.2164386679170295,0.5723757237447955,0.445875,0.19552700525147362,0.5352335407650376,1,0
0.322,-0.8009999999999999,0.6030000000000002,0.4508225815107283,0.548362169564905,0.5383333333333333,0.3031941072426498,0.5588135306748698,0.54625,0.22168410161554689,0.5338563816302117,0.45045833333333324,0.1910442651112175,0.5181748575038346,1,0
0.36,0.03799999999999998,0.6016666666666669,0.4518875228785705,0.4541810847824525,0.5323333333333333,0.30690758652510924,0.5020096647677642,0.5288333333333334,0.22785834249029693,0.5071092459947945,0.4562916666666667,0.18576597693982305,0.5055208689035279,0,1
0.363,0.0030000000000000027,0.34833333333333355,0.022854612955152627,0.4085905423912263,0.4911666666666667,0.3109452792159215,0.4622926176912601,0.5108333333333334,0.23202853795221745,0.4849385927648261,0.46091666666666664,0.1817980046445909,0.49411919939124566,0,2
0.359,-0.0040000000000000036,0.36066666666666686,0.002081665998633724,0.38379527119561313,0.48183333333333334,0.3145087704129527,0.43278044120804293,0.5036666666666666,0.23554823220939464,0.46556342464716055,0.465125,0.17802645443377768,0.483309663439946,0,3
0.832,0.473,0.5180000000000002,0.27193933146935,0.6078976355978065,0.5598333333333333,0.3366917977418925,0.5468431722914592,0.5369166666666666,0.2522363459980053,0.5219382823937513,0.48912500000000003,0.18719771284834968,0.5112048903647504,0,4
0.549,-0.2829999999999999,0.5800000000000002,0.23801890681203713,0.5784488177989033,0.4641666666666666,0.19741065489650603,0.5474594087796136,0.5395,0.25218373532731564,0.5261016235639434,0.4979166666666666,0.18473010080906827,0.5142284991355703,0,5
0.566,0.016999999999999904,0.6490000000000002,0.15871042813878813,0.5722244088994517,0.5048333333333334,0.1871314154990215,0.5527567205568669,0.5215833333333333,0.24084905055141148,0.5322398353233367,0.5034166666666667,0.18470938788003025,0.5183702192047247,0,6
0.75,0.18400000000000005,0.6216666666666669,0.11146449359922055,0.6611122044497258,0.5698333333333333,0.19435577343281432,0.6091119432549049,0.5510833333333333,0.2456995424324522,0.5657413991197465,0.5168333333333334,0.19059396100353088,0.5369006016683467,0,7
0.534,-0.21599999999999997,0.6166666666666669,0.11657329597009197,0.597556102224863,0.5983333333333333,0.1688202199579999,0.5876513880392178,0.54475,0.24502138125626607,0.5608581069474778,0.5211666666666667,0.1897141251340112,0.5366685535348791,0,8
0.529,-0.0050000000000000044,0.6043333333333335,0.1261758032799103,0.5632780511124316,0.6266666666666666,0.13054603274963003,0.5708938485994413,0.55425,0.2417211485086997,0.5559568597247889,0.5252083333333333,0.1887627863026888,0.5360550692520888,0,9
0.517,-0.01200000000000001,0.526666666666667,0.008736894947884611,0.5401390255562157,0.5741666666666667,0.08779388741061338,0.5554956061424581,0.5670000000000001,0.23470716764823304,0.5499634966902059,0.5297083333333333,0.1871524556789667,0.5345306637119217,0,10
0.652,0.135,0.5660000000000003,0.07471947537287162,0.5960695127781079,0.5913333333333334,0.09186439281172802,0.5830682901017558,0.52775,0.16112227146995406,0.5656614202763282,0.5397083333333333,0.18700139017541326,0.543928210614968,0,11
0.543,-0.10899999999999999,0.570666666666667,0.07162634524621869,0.569534756389054,0.5875,0.09359647429257578,0.5716202072155399,0.5461666666666667,0.1475230849937115,0.5621750479261238,0.5462083333333333,0.18415210611993202,0.5438539537657706,0,12
0.536,-0.007000000000000006,0.5770000000000003,0.06504613747177614,0.552767378194527,0.5518333333333334,0.04982937553960975,0.5614430051539571,0.5608333333333333,0.13559889603555714,0.5581481174759509,0.5448333333333334,0.1840977213723561,0.543225637464509,0,13
0.506,-0.030000000000000027,0.5283333333333335,0.019655363983665564,0.5293836890972635,0.5471666666666667,0.053041178971318666,0.5456021465385408,0.57275,0.12225987597216229,0.5501253301719585,0.5417916666666667,0.18411172864103287,0.5402475864673483,0,14
0.505,-0.0010000000000000009,0.5156666666666668,0.01761628034888006,0.5171918445486318,0.5431666666666667,0.05553167264424381,0.5340015332418149,0.5849166666666666,0.10511764693414201,0.5431829716839649,0.5442916666666667,0.18314510264593292,0.5374277795499605,0,15
0.51,0.0050000000000000044,0.5070000000000002,0.0026457513104931126,0.5135959222743158,0.5419999999999999,0.05626011020252973,0.5271439523155821,0.5580833333333334,0.07228033598218948,0.538077899117201,0.5475,0.18178008691823452,0.5352335571859637,0,16
0.526,0.016000000000000014,0.5136666666666669,0.010969655114466124,0.5197979611371579,0.521,0.01634625339338604,0.5268171087968443,0.5561666666666667,0.07284583139422857,0.5362197607914778,0.5478333333333333,0.1817309685428907,0.5344948726110865,0,17
0.525,-0.0010000000000000009,0.5203333333333336,0.008962886439666426,0.5223989805685789,0.518,0.01275931032621997,0.5262979348548887,0.55275,0.07330276566778826,0.5344936437466351,0.5371666666666667,0.17483225915311118,0.5337352828021996,0,18
0.554,0.029000000000000026,0.5350000000000003,0.016462077633065432,0.5381994902842895,0.521,0.01861182419863203,0.5342128106106349,0.5364166666666667,0.039311017038576784,0.5374946216317682,0.5437500000000001,0.17224104696869,0.5353564601780236,0,19
0.504,-0.050000000000000044,0.5276666666666668,0.025106440076808602,0.5210997451421447,0.5206666666666666,0.018949054505896897,0.5255805790075964,0.5339166666666667,0.040417049357778345,0.5323416029191884,0.5393333333333333,0.17182692674206831,0.5328479433637817,1,0
0.484,-0.020000000000000018,0.5140000000000002,0.036055512754598285,0.5025498725710724,0.5171666666666667,0.02375219288123627,0.5137004135768545,0.5301666666666667,0.04292452855322188,0.5249044332393134,0.5422083333333333,0.17022593149583323,0.5289401078946792,0,1
0.507,0.02300000000000002,0.4983333333333335,0.012503332888885001,0.5047749362855363,0.5166666666666667,0.023963861681028174,0.5117860096977531,0.5293333333333333,0.04329882075517863,0.5221499050486498,0.5481666666666666,0.16617138001543102,0.5271848992631049,0,2
0.283,-0.22400000000000003,0.4246666666666669,0.12322472695579409,0.3938874681427681,0.4761666666666666,0.09751187961816465,0.44641857835553794,0.4985833333333333,0.07065210327351115,0.4853576119642421,0.5131666666666667,0.12257692054084375,0.5076501073220565,1,0
0.254,-0.02899999999999997,0.34800000000000025,0.13845938032504834,0.32394373407138405,0.431,0.12827782349260825,0.3914418416825271,0.4745,0.09807093907427553,0.4497641332005125,0.5103333333333334,0.12785986441232133,0.487358098736292,0,1
0.251,-0.0030000000000000027,0.2626666666666669,0.017672954855637475,0.28747186703569205,0.38050000000000006,0.12980408314071143,0.3513156012018051,0.45075000000000004,0.114890560574366,0.419185035785049,0.5057916666666666,0.135159480410841,0.46844945083738865,0,2
0.255,0.0040000000000000036,0.2533333333333336,0.0020816659985133513,0.27123593351784603,0.33899999999999997,0.12199180300331947,0.3237968580012894,0.42983333333333335,0.12620822141016128,0.3939257995104261,0.5012916666666667,0.14175713437047366,0.45137349477039757,0,3
0.249,-0.006000000000000005,0.2516666666666669,0.0030550504626537128,0.260117966758923,0.29983333333333334,0.10225539920545688,0.3024263271437781,0.40850000000000003,0.13375792245015972,0.37162952266266824,0.49670833333333336,0.14819008919706092,0.43518361518876575,0,4
0.26,0.01100000000000001,0.2546666666666669,0.005507570546926418,0.26005898337946154,0.25866666666666666,0.012500666648916381,0.29030451938841295,0.38766666666666666,0.13596278456945451,0.35445574994533463,0.472875,0.13753491651530023,0.4211689259736645,0,5
0.252,-0.008000000000000007,0.25366666666666693,0.005686240702728633,0.25602949168973077,0.2535,0.0038340579026223905,0.27936037099172356,0.36483333333333334,0.1336065004769531,0.33869332687682163,0.46049999999999996,0.14361482302083378,0.4076354118957714,1,0
0.259,0.007000000000000006,0.2570000000000002,0.00435889894308715,0.2575147458448654,0.25433333333333336,0.004457203906860029,0.2735431221369454,0.3426666666666667,0.12649422073276295,0.3264328150496183,0.4477083333333334,0.1474308914496018,0.39574457894410975,0,1
0.357,0.09799999999999998,0.2893333333333335,0.05870547958520985,0.3072573729224327,0.272,0.04184734161211043,0.29738794438353244,0.32625,0.10800599730823525,0.33113545888813856,0.43133333333333335,0.13356928398097193,0.392645012628581,1,0
0.358,0.0010000000000000009,0.3246666666666669,0.05687119950668891,0.33262868646121635,0.2891666666666666,0.05309394190175885,0.314705674559666,0.3140833333333333,0.09339793489379354,0.3352684652130403,0.424,0.13251480639175614,0.38987341161829453,0,1
0.347,-0.01100000000000001,0.35400000000000026,0.006082762530000903,0.33981434323060816,0.3055,0.05333947881260826,0.32393262468547573,0.3026666666666667,0.07781251749422406,0.3370733167187264,0.41641666666666666,0.13144809412569095,0.38644353868883097,0,2
0.34,-0.006999999999999951,0.3483333333333336,0.009073771725677051,0.3399071716153041,0.31883333333333336,0.04955569257580162,0.3285233033467684,0.28875,0.04663226545879173,0.33752357568507624,0.4090416666666667,0.13052152218551677,0.3827280555937245,0,3
0.807,0.467,0.4980000000000002,0.2676247372721679,0.573453585807652,0.41133333333333333,0.19737341935191632,0.46523093096197743,0.33241666666666664,0.15655057755669383,0.4097507178873722,0.4155,0.14598481159830448,0.4166698111462266,1,0
2.033,1.226,1.0600000000000003,0.8743963632129302,1.303226792903826,0.707,0.6748134557046124,0.9131649506871267,0.48066666666666663,0.5127188372398728,0.6594813766739304,0.4775833333333333,0.3610198015364951,0.5459762262545285,0,1
1.977,-0.05599999999999983,1.605666666666667,0.6922321383274066,1.640113396451913,0.977,0.816071810565713,1.2171178219193761,0.6244999999999999,0.662618565719649,0.8621765494933258,0.5376249999999999,0.4734714364002938,0.6604581281541662,0,2
2.038,0.06099999999999972,2.016,0.03386738844377644,1.8390566982259564,1.257,0.848766870229983,1.4516555870852685,0.7730833333333332,0.7643312535488238,1.0430724649558911,0.6014583333333333,0.5636974966714186,0.7706614779018328,0,3
1.931,-0.10699999999999976,1.9820000000000002,0.05367494760129295,1.8850283491129782,1.521,0.7496700607600659,1.5886111336323347,0.91325,0.8122120328852792,1.1796767011165232,0.660875,0.624917755458234,0.8634885596696862,0,4
0.746,-1.185,1.5716666666666665,0.7170469533673047,1.3155141745564891,1.5886666666666667,0.6306214923919637,1.3478650954516675,0.9537499999999999,0.7884464730779714,1.112957208637058,0.6707083333333334,0.624296924838109,0.8540894748961113,0,5
0.459,-0.287,1.0453333333333337,0.7803180975303162,0.8872570872782446,1.5306666666666666,0.7257240981713834,1.093903639608334,0.971,0.7738263840987035,1.0123484073082798,0.6679166666666667,0.6251214084978369,0.8224823169044224,0,6
0.387,-0.07200000000000001,0.530666666666667,0.18992717902746445,0.6371285436391223,1.2563333333333333,0.8046687931482541,0.8919311711488099,0.9816666666666666,0.7639387568662986,0.9161409600300829,0.6621666666666667,0.6271246091187297,0.7876437315520687,0,7
0.348,-0.039000000000000035,0.3980000000000003,0.05631163290117581,0.49256427181956114,0.9848333333333333,0.7875144231483433,0.7365222651062928,0.9809166666666668,0.7646118989792192,0.8287346584869932,0.6535833333333333,0.6300722468351425,0.7524722330279032,0,8
0.895,0.547,0.5433333333333336,0.3051759055583035,0.6937821359097806,0.7943333333333333,0.5970030709022092,0.7818016179330662,1.0256666666666667,0.7401640276849378,0.8389293264120712,0.6698749999999999,0.6310905201040641,0.763874454385671,0,9
1.032,0.137,0.7583333333333336,0.361900999353872,0.8628910679548902,0.6445,0.2869973867476871,0.8532868699521903,1.08275,0.7088159300744267,0.8686325069640602,0.6927083333333334,0.6339799392771018,0.7853244980348173,0,10
0.699,-0.3330000000000001,0.8753333333333336,0.16736885413162034,0.7809455339774451,0.6366666666666666,0.28430171766394263,0.8092049071087073,1.1126666666666665,0.681673520007041,0.8425351982003587,0.7007083333333334,0.6327448472067294,0.7784185381920319,0,11
0.437,-0.26199999999999996,0.722666666666667,0.2982051866304996,0.6089727669887226,0.633,0.28717869001721125,0.702860647934791,1.0818333333333332,0.7047340998668599,0.7801451677079958,0.707125,0.6290950237547934,0.7511050551366694,0,12
0.439,0.0020000000000000018,0.5250000000000002,0.1506917383269471,0.5239863834943613,0.6416666666666666,0.2789363129222658,0.6274718913819936,0.9489999999999998,0.6578153927273916,0.7276612957529195,0.7148333333333333,0.6244174792603084,0.7261366507257359,0,13
0.881,0.442,0.585666666666667,0.255768124154146,0.7024931917471806,0.7305,0.2500877845877352,0.6999084938442811,0.8576666666666667,0.5726867037098575,0.7512518656370857,0.7410833333333332,0.6172719728011289,0.738525718667677,0,14
1.539,0.6579999999999999,0.9530000000000003,0.5535232605771854,1.1207465958735903,0.8378333333333333,0.4171831332480593,0.9396489241744865,0.8160833333333333,0.4915604944429233,0.8724438863083033,0.7945833333333333,0.6288453128840448,0.8025636611742629,0,15
1.885,0.3460000000000001,1.4350000000000003,0.5100156860332832,1.5028732979367951,0.98,0.6012982620962756,1.2097492315532046,0.81225,0.4821652159317872,1.0282217499531798,0.86275,0.6552495210090648,0.8891585682803219,0,16
0.805,-1.08,1.409666666666667,0.5514937291876795,1.1539366489683975,0.9976666666666666,0.5928894219554502,1.0941065939665748,0.8171666666666666,0.4817288625043121,0.9938799422680752,0.8854583333333332,0.6427774636323393,0.8824258828178962,0,17
0.678,-0.127,1.122666666666667,0.6632468117777367,0.9159683244841987,1.0378333333333334,0.5542109405873074,0.9752189956904106,0.8354166666666667,0.4709542456705885,0.9452830280729867,0.9032083333333333,0.6302847513256395,0.8660718121924645,0,18
0.856,0.17799999999999994,0.779666666666667,0.09166424239217333,0.8859841622420994,1.1073333333333333,0.48605130044746087,0.9411564254931504,0.8744999999999999,0.44932201451439513,0.9315471776002194,0.9280833333333334,0.6153587795231591,0.8652660672170674,0,19
0.576,-0.28,0.7033333333333335,0.14170862123855,0.7309920811210497,1.0565,0.5285477272678422,0.8368260182093932,0.8935000000000001,0.4294140828448179,0.8768476118155704,0.9372083333333334,0.6081031076164252,0.8421247818397021,0,20
0.629,0.05300000000000005,0.6870000000000003,0.14873802472803455,0.6799960405605249,0.9048333333333334,0.4916801467078654,0.7774471558638523,0.8713333333333334,0.43614245657152434,0.8387172099977902,0.9485,0.5993331801840818,0.825074799292526,0,21
0.697,0.06799999999999995,0.6340000000000002,0.060654760736459916,0.6884980202802624,0.7068333333333333,0.10582139040226372,0.7544622541884658,0.8434166666666666,0.43564465468029867,0.8169145623058225,0.9630833333333332,0.5882158666655476,0.814828815349124,0,22
0.59,-0.10699999999999998,0.6386666666666668,0.05415102338211669,0.6392490101401311,0.6709999999999999,0.10227414140437298,0.707473038706047,0.8343333333333333,0.4400436617455429,0.7820046296433882,0.9734999999999999,0.5788408957638492,0.7968425101211941,0,23
0.571,-0.019000000000000017,0.6193333333333335,0.0679288843816124,0.6051245050700655,0.6531666666666666,0.10985702829891386,0.6684807419328908,0.8454999999999999,0.4306440208888012,0.7495423789290208,0.9636666666666667,0.5837759149199113,0.7787751093114985,0,24
0.593,0.02200000000000002,0.5846666666666668,0.011930353445322414,0.5990622525350328,0.6093333333333333,0.047525431788342516,0.6469148156663506,0.8583333333333333,0.419581465344464,0.7254589360168637,0.9036666666666666,0.5415673442941303,0.7639131005665787,0,25
0.622,0.029000000000000026,0.5953333333333335,0.02557994005720814,0.6105311262675164,0.617,0.044698993277273315,0.6397962969045361,0.8367499999999999,0.4249368134847192,0.709542176629654,0.8472083333333332,0.4932844649953992,0.7525600525212525,0,26
0.569,-0.05300000000000005,0.5946666666666669,0.026539279065761343,0.5897655631337582,0.607,0.04806245936280967,0.6195687835032401,0.7559166666666667,0.36759796674018297,0.6879203033020149,0.786,0.4255983000946768,0.7378752483195523,0,27
0.536,-0.03299999999999992,0.5756666666666669,0.043385865593880676,0.5628827815668791,0.5801666666666666,0.0288819436096052,0.5956919882166001,0.6435,0.09922197337284432,0.6645479489478587,0.727875,0.35117632292426715,0.7217252284539882,0,28
0.504,-0.03200000000000003,0.5363333333333337,0.032501282025946626,0.5334413907834396,0.5658333333333333,0.041576034763652306,0.5694942772975715,0.6184166666666667,0.09250204747939471,0.6398482644943421,0.7177916666666665,0.35409541568029035,0.7043072101776692,0,29
0.401,-0.10299999999999998,0.48033333333333356,0.07054313101450699,0.4672206953917198,0.5375,0.07870133416913451,0.521353055212551,0.5953333333333334,0.10931550113263978,0.6031023776490587,0.715375,0.3561305100906012,0.6800426333634557,0,30
0.278,-0.123,0.3943333333333336,0.1131473964938193,0.3726103476958599,0.48499999999999993,0.1254527799612341,0.4518236108661079,0.5471666666666667,0.11133963872546242,0.5530866272415113,0.7108333333333333,0.361159806452908,0.6478792226943794,0,31
0.311,0.032999999999999974,0.33000000000000024,0.06366317616955634,0.34180517384792997,0.43316666666666664,0.12172003395772012,0.41158829347579134,0.5250833333333333,0.12984358305517982,0.5158425307428172,0.7092916666666667,0.3628509670310427,0.620928884878829,0,32
0.292,-0.019000000000000017,0.2936666666666669,0.016563010998280267,0.316902586923965,0.387,0.11204284894629339,0.3774202096255652,0.49700000000000005,0.1412663506224434,0.48140521832084526,0.6841666666666666,0.370234551586432,0.5946145740885228,0,33
0.315,0.02300000000000002,0.3060000000000002,0.01228820572727651,0.3159512934619825,0.3501666666666667,0.08673042526512029,0.35958586401826087,0.4651666666666667,0.13500224465025504,0.45580441550225365,0.6542916666666666,0.36987477071908187,0.572245408161441,0,34
0.292,-0.02300000000000002,0.2996666666666669,0.013279056191204928,0.3039756467309912,0.3148333333333333,0.04435951607793583,0.3402756171559006,0.4403333333333333,0.1373398792202893,0.4306037361942146,0.6373333333333333,0.3769974820198088,0.5498257755085257,0,35
0.308,0.016000000000000014,0.3050000000000002,0.011789826122376317,0.30598782336549557,0.29933333333333334,0.01427818849394634,0.3310540122542147,0.41841666666666666,0.1355657896865376,0.4117416229335662,0.6319583333333333,0.3808775312887076,0.5304797134678437,0,36
0.314,0.006000000000000005,0.3046666666666669,0.01137248140597287,0.3099939116827478,0.3053333333333333,0.010614455552154152,0.32618143732443905,0.39516666666666667,0.12652547952763565,0.396704450174556,0.62675,0.3844686056047397,0.5131613363904163,0,37
0.339,0.025000000000000022,0.3203333333333336,0.016441816606727586,0.32449695584137395,0.31,0.01751570723670573,0.32984388380317076,0.3715833333333333,0.10493414240572703,0.38782684245539356,0.6041666666666666,0.3848030175542304,0.499228429479183,0,38
0.258,-0.08100000000000002,0.3036666666666669,0.04147690120210518,0.291248477920687,0.30433333333333334,0.02728125119323997,0.3093170598594077,0.3456666666666666,0.08892829934415453,0.3678534820776407,0.5507916666666667,0.33513345546366363,0.47993015512084836,1,0
0.307,0.04899999999999999,0.30133333333333356,0.040796241656912285,0.29912423896034346,0.303,0.02684771871131683,0.3086550427567198,0.32658333333333334,0.06598134493013148,0.3584914079118498,0.4850416666666666,0.18163520037287334,0.4660957427111805,0,1
0.31,0.0030000000000000027,0.2916666666666669,0.029194748386124958,0.30456211948017176,0.306,0.02637422984661332,0.30903931625479986,0.3104166666666667,0.03509845459778258,0.35103119131002675,0.46441666666666664,0.1715476652399458,0.45360808329428604,0,2
0.309,-0.0010000000000000009,0.30866666666666687,0.0015275252303042232,0.30678105974008585,0.3061666666666667,0.026392549453750302,0.30902808303914275,0.30275,0.020543191749915812,0.3445648541854072,0.44904166666666673,0.16807360684783845,0.4420394366307432,0,3
0.367,0.057999999999999996,0.3286666666666669,0.033201405592674774,0.3368905298700429,0.315,0.03648013157873722,0.32559148788510195,0.31016666666666665,0.026107586265435377,0.34801641507995995,0.4286666666666667,0.1445943852017958,0.43603628170028375,0,4
0.41,0.04299999999999998,0.36200000000000015,0.050685303589858226,0.37344526493502145,0.32683333333333336,0.05340942488614378,0.34970820563221566,0.3184166666666667,0.038901877340395255,0.3575523512215046,0.42175,0.1411700331545999,0.4339533791642611,0,5
0.4,-0.009999999999999953,0.3923333333333336,0.0225018517755662,0.3867226324675107,0.35050000000000003,0.04799479138408609,0.3640772897372969,0.32741666666666663,0.044346688578516154,0.36408275872588847,0.41220833333333334,0.13411577709825176,0.4312371088311202,0,6
0.435,0.034999999999999976,0.4150000000000002,0.01802775637721761,0.4108613162337553,0.3718333333333333,0.052980814137464784,0.3843409212409264,0.33741666666666664,0.05381189178026372,0.3749931035372902,0.40129166666666666,0.1198286744977402,0.4315381401246306,0,7
0.475,0.03999999999999998,0.4366666666666669,0.03752776749727767,0.44293065811687765,0.3993333333333333,0.057126759637393734,0.41024351517209023,0.3526666666666667,0.06461681927590111,0.39037877991616865,0.3965,0.11411778811920043,0.4350150889146601,0,8
0.394,-0.08099999999999996,0.4346666666666669,0.040501028793472914,0.4184653290584388,0.4135,0.03736709782685667,0.40560251083720733,0.3598333333333333,0.06397845281220517,0.39093589069829654,0.389125,0.10790024076211828,0.4317338818014873,1,0
0.395,0.0010000000000000009,0.42133333333333356,0.04647938611179872,0.4067326645292194,0.41816666666666663,0.03172013030661346,0.40257322202657664,0.3665833333333333,0.06296818581032465,0.391561138283174,0.380875,0.09882189182741442,0.4287951712573684,0,1
0.368,-0.027000000000000024,0.3856666666666669,0.015307950004149086,0.3873663322646097,0.4111666666666667,0.03791261883157829,0.3926951585904119,0.369,0.062366949289166876,0.38793634777807035,0.3702916666666667,0.08442876038241676,0.42393155755677897,0,2
0.358,-0.010000000000000009,0.37366666666666687,0.01913983629317344,0.37268316613230484,0.4041666666666666,0.04380601176400965,0.38278225613600847,0.37733333333333335,0.05200757520582012,0.3833307558122134,0.3615,0.07305745207950556,0.41865703295223666,0,3
0.393,0.03500000000000003,0.3730000000000002,0.01802775637721297,0.38284158306615246,0.39716666666666667,0.04116997287670419,0.3857016115257203,0.3845,0.047131344521080656,0.3848183318411036,0.35554166666666664,0.06340002685960427,0.4166044703160578,0,4
1.285,0.8919999999999999,0.6786666666666669,0.5253915999836033,0.8339207915330762,0.5321666666666666,0.3691381403576016,0.6426440082326573,0.46575000000000005,0.26121503680788877,0.5233078192501646,0.38808333333333334,0.19878848638400046,0.48607611269077317,1,0
2.013,0.728,1.2303333333333335,0.811382359515742,1.4234603957665382,0.8019999999999999,0.6954469066722501,1.0341742915947552,0.60775,0.5115049319943521,0.7524912316732162,0.45525,0.38678173262920956,0.6082300236755113,0,1
1.205,-0.8079999999999998,1.5010000000000001,0.44520557049524956,1.3142301978832691,0.9369999999999999,0.6790643563021117,1.0829816368533964,0.6775833333333333,0.5324247208135012,0.8221079652619522,0.493875,0.4136636222721372,0.6559716217814704,0,2
2.009,0.8039999999999998,1.7423333333333335,0.46534861483981554,1.6616150989416345,1.2105,0.7324276756103643,1.3475583120381402,0.8108333333333334,0.6471082294377518,1.0047067398370364,0.564625,0.5140517494250529,0.7642138920389527,0,3
1.409,-0.5999999999999999,1.5410000000000001,0.4179377944144328,1.5353075494708173,1.3856666666666666,0.6017968649525083,1.365113080027243,0.8949166666666666,0.6543851324068672,1.0669057029390308,0.6111666666666666,0.5382899385749425,0.8157967806758366,0,4
0.633,-0.776,1.3503333333333334,0.6898734183408816,1.0841537747354086,1.4256666666666664,0.5257979333039143,1.1559379143051736,0.9114166666666667,0.6441505270626992,1.000150979409949,0.6244166666666667,0.5345838622677477,0.8011730382217698,0,5
0.498,-0.135,0.8466666666666668,0.49165062120710334,0.7910768873677043,1.2945,0.6511324750002883,0.967955653075124,0.9133333333333332,0.6427666526018375,0.9228969825776492,0.633,0.5306538214889913,0.7769191951640282,0,6
0.44,-0.057999999999999996,0.5236666666666668,0.09902693236351887,0.6155384436838521,1.0323333333333333,0.6199044012318898,0.8171111807679456,0.9171666666666667,0.6395168394020516,0.8486051391041647,0.6385000000000001,0.5278153497940938,0.749965659550906,0,7
0.394,-0.045999999999999985,0.4440000000000002,0.05211525688313541,0.5047692218419261,0.8971666666666667,0.6617314913669048,0.6962222719771041,0.9170833333333333,0.6395911276792872,0.7786658869342932,0.6418333333333334,0.5259261534099444,0.7214884067868336,0,8
0.408,0.013999999999999957,0.41400000000000015,0.023579652244997983,0.45638461092096305,0.6303333333333333,0.3912424653161622,0.6138730514122172,0.9204166666666667,0.6365664227761799,0.7216403658674788,0.6447083333333333,0.5243850625643148,0.696409334243887,0,9
0.47,0.062,0.42400000000000015,0.04044749683225268,0.4631923054604815,0.47383333333333333,0.08693081540321884,0.5727664652944408,0.92975,0.6283385197921157,0.6829264634263282,0.6535416666666666,0.5193490891965403,0.678296587504376,0,10
2.205,1.735,1.0276666666666667,1.0200717295040245,1.3340961527302408,0.7358333333333333,0.7207669295040307,1.0391189037817434,1.08075,0.701132347122724,0.9170916228992008,0.7326250000000001,0.6021870150434638,0.800432860504026,1,0
1.949,-0.256,1.5413333333333334,0.9365897358680236,1.6415480763651205,0.9776666666666666,0.8557842407211458,1.2990849312726738,1.1360833333333333,0.7436305850149648,1.0758467578377853,0.8009166666666666,0.643681592678883,0.8923182316637039,0,1
0.898,-1.0510000000000002,1.6840000000000002,0.6926261617929267,1.2697740381825602,1.054,0.8178183172318906,1.1844892366233384,1.0431666666666668,0.6919635872360682,1.0484857181704337,0.8254583333333333,0.635284460705984,0.8927727731306077,0,2
0.957,0.05899999999999994,1.268,0.5905006350546957,1.11338701909128,1.1478333333333335,0.7569828047364535,1.1194923118738132,1.0225,0.6903924443913976,1.0344109922980593,0.8500416666666667,0.6281477587988817,0.8979109512801591,0,3
0.456,-0.5009999999999999,0.7703333333333334,0.27381441403499784,0.78469350954564,1.1558333333333333,0.7477982125324102,0.9299230799098666,0.8930833333333333,0.6317231065374568,0.9454246857906655,0.8519583333333333,0.6268154488237012,0.8625580751777463,0,4
0.396,-0.06,0.6030000000000001,0.30803733539945266,0.5903467547728201,1.1435,0.7618500508630298,0.7773736285070475,0.8086666666666668,0.6241519822685005,0.86089781105364,0.8517916666666667,0.6269413660377463,0.8252334291635267,0,5
0.397,0.0010000000000000009,0.4163333333333335,0.03435597958619593,0.49367337738641004,0.8421666666666666,0.5979543182105704,0.6686954489336053,0.789,0.6338333592299548,0.7895289170453876,0.8502083333333333,0.6280866721668461,0.7909747548304447,0,6
0.361,-0.03600000000000003,0.3846666666666669,0.02050203241941929,0.427336688693205,0.5775,0.27345840634363705,0.5807824635240038,0.7775833333333334,0.6407474978964862,0.7236013913460972,0.8454583333333333,0.6314695750987235,0.7565767744440092,0,7
0.333,-0.02799999999999997,0.3636666666666668,0.03208322510794065,0.3801683443466025,0.4833333333333334,0.23569188926789247,0.509987473945717,0.7686666666666667,0.6465902641526325,0.6635088696005438,0.8429166666666666,0.6334852468455873,0.7226906324884884,0,8
0.335,0.0020000000000000018,0.34300000000000014,0.015620499351600016,0.3575841721733013,0.37966666666666665,0.04672329897030651,0.4599910528183693,0.76375,0.6499139978069838,0.6129690435081524,0.8404166666666667,0.6354451309851652,0.6916753818894095,0,9
0.35,0.014999999999999958,0.3393333333333335,0.009291573242817827,0.35379208608665064,0.36200000000000004,0.028621670112032312,0.4285650377274066,0.7589166666666666,0.6530084864175464,0.5725122675838212,0.8396666666666667,0.6360373017955492,0.6643413513382568,0,10
0.344,-0.006000000000000005,0.34300000000000014,0.007549834434829457,0.34889604304332533,0.35333333333333333,0.02372059583291876,0.40440359837671896,0.7484166666666668,0.6590613791712825,0.5373565341093872,0.8390833333333334,0.6365045111808897,0.6387140432311963,0,11
0.349,0.0050000000000000044,0.3476666666666668,0.0032145502526322073,0.34894802152166265,0.3453333333333333,0.01040512694149832,0.3885739988405135,0.59375,0.4794711338358333,0.508378605784866,0.83725,0.6379070567437536,0.6155369197727005,0,12
0.225,-0.12399999999999997,0.3060000000000001,0.07019259220169262,0.28697401076083134,0.32266666666666666,0.048359762888880324,0.3418385706003668,0.45008333333333334,0.22970552624584395,0.46478189720257895,0.7930833333333333,0.6422392156703979,0.5842939661908846,1,0
0.237,0.011999999999999983,0.2703333333333335,0.0683910325505197,0.26198700538041564,0.30666666666666664,0.0589734403496078,0.3118846932859763,0.39499999999999996,0.18799806575407632,0.4297385284021822,0.7190833333333334,0.5962362324846896,0.5565104488956139,0,1
0.242,0.0050000000000000044,0.2346666666666668,0.008736894947636608,0.2519935026902078,0.29116666666666663,0.06217207304464578,0.29191763806141163,0.33541666666666664,0.0698953221654163,0.4008556778787695,0.6789583333333334,0.5945147439694849,0.5313496129839648,0,2
0.26,0.018000000000000016,0.2463333333333335,0.012096831540784,0.2559967513451039,0.27616666666666667,0.05565399057272346,0.2827983129010083,0.31908333333333333,0.061559222532364295,0.37918557358972804,0.6060833333333333,0.5278486209763814,0.5096416439452476,0,3
0.236,-0.02400000000000002,0.24600000000000014,0.012489995996507412,0.24599837567255195,0.25816666666666666,0.04594525728156081,0.2694273663578631,0.30575,0.06070663435364144,0.35715702380669295,0.5572083333333334,0.5040407142946568,0.4877503124296278,0,4
0.199,-0.03699999999999998,0.23166666666666683,0.03073000705053645,0.22249918783627598,0.23316666666666666,0.02027231281005822,0.2493052616841879,0.28925,0.06055819890441519,0.3328251739902786,0.539125,0.5089645338715966,0.4646502874352576,0,5
0.193,-0.006000000000000005,0.20933333333333348,0.0232880512994516,0.207749593918138,0.22783333333333333,0.0261947831956834,0.23321804406013422,0.27525,0.061868078125236314,0.31131360876100495,0.5264166666666666,0.513820634976387,0.442918264440437,0,6
0.221,0.027999999999999997,0.20433333333333348,0.01474222959141054,0.214374796959069,0.2251666666666667,0.025887577458481144,0.2297271743286673,0.26591666666666663,0.06080289815661482,0.2974192074131581,0.5172916666666666,0.5173545146614466,0.4251648032852021,0,7
0.25,0.028999999999999998,0.22133333333333347,0.02850146195067822,0.2321873984795345,0.22650000000000003,0.027105350025450555,0.23551941023476236,0.2588333333333333,0.0568456176184716,0.29012394473421066,0.5112916666666667,0.5196763607549775,0.411151619022386,0,8
0.251,0.0010000000000000009,0.2406666666666668,0.017039170558629625,0.24159369923976726,0.225,0.025051946032238582,0.23994243588197312,0.2505833333333333,0.04906296202254289,0.28410487631356285,0.50475,0.5220160125813246,0.3983394895005951,0,9
0.233,-0.017999999999999988,0.2446666666666668,0.010115993936637846,0.23729684961988362,0.2245,0.02481733265284961,0.23795888277283794,0.24133333333333332,0.039352332340120595,0.2762425876499378,0.494875,0.5249354670483017,0.3851123303405475,0,10
0.234,0.0010000000000000009,0.23933333333333348,0.010115993936636286,0.2356484248099418,0.23033333333333336,0.021518983867015052,0.23682777340916994,0.23175,0.01998692754598642,0.26974372801148583,0.41275,0.3799013888068756,0.3730233439133037,0,11
0.265,0.031,0.24400000000000013,0.01819340539846119,0.25032421240497094,0.24233333333333332,0.015870307705549928,0.24487698100654998,0.23508333333333334,0.021993628553991184,0.2690139237020265,0.3425833333333333,0.19371447313365883,0.36438147640023943,0,12
0.255,-0.010000000000000009,0.25133333333333346,0.015821925714846908,0.25266210620248547,0.248,0.012425779653694279,0.2477692721475357,0.23658333333333334,0.022737467410502518,0.2668579354401762,0.31579166666666664,0.1539392819790768,0.35563095828822033,0,13
0.235,-0.020000000000000018,0.25166666666666687,0.015275252316283877,0.24383105310124273,0.24549999999999997,0.013412680567364835,0.2441209086768112,0.236,0.022675577571101866,0.26195671460322606,0.28570833333333334,0.0718382719644795,0.3459804816251627,0,14
0.249,0.014000000000000012,0.2463333333333335,0.010263202878541544,0.24641552655062138,0.24516666666666667,0.013272779161457988,0.24551493476915082,0.23508333333333334,0.02182349998319222,0.25996337389503743,0.27708333333333335,0.06229656747239409,0.3382220430951497,0,15
0.29,0.04099999999999998,0.2580000000000002,0.02858321185578764,0.2682077632753107,0.25466666666666665,0.020982532417914188,0.2582249534065363,0.23958333333333334,0.026986388263648627,0.26458439329580086,0.27266666666666667,0.057034441666714585,0.33436427964753773,0,16
0.249,-0.04099999999999998,0.2626666666666668,0.023671361036623977,0.25860388163765535,0.25716666666666665,0.018808685936790383,0.2555892524332402,0.24375,0.023825597388320272,0.2621867943272161,0.2665,0.05065055044983784,0.32753513727573474,1,0
0.24,-0.009000000000000008,0.25966666666666677,0.026652079343386734,0.24930194081882767,0.253,0.019483326204787405,0.25113518030945725,0.24766666666666667,0.0178342537287617,0.25877344135379826,0.26145833333333335,0.046703485734066616,0.32053232629367595,0,1
0.286,0.045999999999999985,0.25833333333333347,0.0243789526708219,0.2676509704094138,0.25816666666666666,0.023760611664450364,0.26109655736389803,0.2530833333333333,0.018841242640645312,0.26296214268398316,0.2595,0.04450696086253717,0.3177697401901819,0,2
0.284,-0.0020000000000000018,0.27000000000000013,0.02599999999986368,0.2758254852047069,0.2663333333333333,0.02259793500895165,0.26764039811707,0.2559166666666666,0.020790987266515255,0.2661987361172165,0.257375,0.04188577895017473,0.31506816097496737,0,3
0.331,0.04700000000000004,0.3003333333333335,0.02657693235357368,0.30341274260235346,0.27999999999999997,0.03260061349119242,0.2857431415121929,0.26258333333333334,0.02990122628479616,0.2761681613299524,0.25658333333333333,0.040204819813474076,0.31634270809697,0,4
0.789,0.458,0.46800000000000014,0.2789856627140437,0.5462063713011768,0.3631666666666667,0.21108994923176394,0.429530815365852,0.3089166666666667,0.15383371088958975,0.3550653672791905,0.275125,0.11510914008208369,0.35415529144921243,1,0
0.535,-0.254,0.5516666666666669,0.2294544253949528,0.5406031856505884,0.41083333333333333,0.21244050147433896,0.45966486811846574,0.334,0.16466605324386197,0.38274761846700733,0.282875,0.12604150886324592,0.36862286813327544,0,1
0.597,0.061999999999999944,0.6403333333333334,0.13242859711304245,0.5688015928252942,0.47033333333333327,0.204884032239383,0.4989034772274755,0.36166666666666664,0.1792628001431218,0.41570952331823696,0.298375,0.14064256653567242,0.3868930386826134,0,2
0.665,0.06800000000000006,0.5990000000000002,0.06502307282799642,0.6169007964126472,0.5335,0.19486585129263104,0.546359626591054,0.3958333333333333,0.19542765847487154,0.45406190434620053,0.31620833333333337,0.15852060054486075,0.40914159558800434,0,3
1.323,0.6579999999999999,0.8616666666666668,0.40097048935467794,0.9699503982063236,0.7066666666666667,0.3379358913561391,0.7682568761364671,0.48649999999999993,0.3240702785732546,0.5877446882929389,0.36125,0.2585405947437201,0.482250267940964,0,4
1.961,0.6380000000000001,1.3163333333333336,0.6480257196541914,1.4654751991031618,0.9783333333333334,0.5586435953867797,1.1090406258117622,0.6291666666666667,0.5247281258524338,0.7990147362478714,0.43212500000000004,0.41524139783776665,0.6005502465056869,0,5
0.789,-1.1720000000000002,1.3576666666666668,0.5867685517589818,1.1272375995515809,0.9783333333333334,0.5586435953867797,1.0176004470084017,0.67075,0.5150903054099099,0.7974740075943528,0.45516666666666666,0.4192092625373429,0.6156262267852319,1,0
1.121,0.33199999999999996,1.2903333333333336,0.6040706360462595,1.1241187997757904,1.0759999999999998,0.515167933784704,1.0471431764345727,0.7434166666666666,0.5116803793444323,0.8472472371952215,0.4935833333333333,0.4365990018378403,0.6560561286424134,0,1
0.652,-0.469,0.8540000000000001,0.2411617714315361,0.8880593998878952,1.0851666666666666,0.5053356970041478,0.9342451260246948,0.77775,0.4881102939817093,0.817209200703649,0.5127083333333333,0.43289706369254166,0.6557316383510203,0,2
0.789,0.137,0.8540000000000001,0.2411617714315361,0.8385296999439475,1.1058333333333332,0.4869153588321772,0.8927465185890677,0.8196666666666667,0.462993487747907,0.8128693236723185,0.536375,0.4317808232747574,0.6663931072829388,0,3
1.777,0.9879999999999999,1.0726666666666667,0.6138048006763478,1.3077648499719738,1.1815,0.5575631802764608,1.1453903704207626,0.9440833333333334,0.5046859434491446,0.9611971200304232,0.6,0.4955445840513341,0.7552416587003037,0,4
2.133,0.3560000000000001,1.5663333333333334,0.6963255943402726,1.720382424985987,1.2101666666666666,0.6078132662805804,1.4275645503005447,1.09425,0.5695962086505604,1.141474486179589,0.6784166666666667,0.5796809404781428,0.8654623260042794,0,5
1.174,-0.9590000000000001,1.6946666666666665,0.4847724552130977,1.4471912124929935,1.2743333333333333,0.5738305208566966,1.3551175359289604,1.1263333333333334,0.5616265879055461,1.146478411382729,0.717625,0.5800675232434065,0.8901453399239371,0,6
0.776,-0.3979999999999999,1.361,0.6975593164742332,1.111595606246497,1.2168333333333334,0.6085055190108531,1.1896553828064003,1.1464166666666666,0.5425434139869435,1.0894817327084632,0.7402083333333332,0.5708984512736633,0.8810137127300222,0,7
0.705,-0.07100000000000006,0.8849999999999999,0.2527864711569757,0.9082978031232485,1.2256666666666667,0.5989763490044225,1.0511824162902859,1.1554166666666668,0.5334199195812456,1.030330696907161,0.7585416666666668,0.561969593728489,0.8669326157116204,0,8
0.608,-0.09699999999999998,0.6963333333333334,0.08433465084607135,0.7581489015616243,1.1955,0.6291641280301994,0.9245588687787756,1.1506666666666667,0.538414394872632,0.9653567435368287,0.77325,0.5527615454126282,0.8462180064546908,0,9
0.58,-0.028000000000000025,0.6309999999999999,0.06559725604013507,0.6690744507808122,0.996,0.5968473841778997,0.8261134776991255,1.0887499999999999,0.5591184823208128,0.9060710906850088,0.7876249999999999,0.5425469574948855,0.8249205659383155,0,10
0.578,-0.0020000000000000018,0.5886666666666666,0.016772994167056764,0.6235372253904061,0.7368333333333332,0.2280722838634022,0.7552239126422325,0.9734999999999999,0.5026658930144373,0.8555986151950074,0.8013333333333333,0.5324076296015784,0.8051669206632502,0,11
0.596,0.018000000000000016,0.5846666666666667,0.009865765724367091,0.6097686126952031,0.6405,0.08139226007429558,0.7097313661730232,0.9574166666666666,0.5121048291713404,0.8156603667034678,0.8140833333333334,0.5232145554306504,0.7884335670101903,0,12
0.429,-0.16699999999999998,0.5343333333333332,0.09166424239215529,0.5193843063476016,0.5826666666666667,0.08880015015003351,0.6295224044093023,0.8997499999999999,0.5306363461149108,0.7561741564413957,0.8215833333333333,0.5160026050378016,0.7596788816493751,0,13
0.434,0.0050000000000000044,0.48633333333333334,0.09500701728465913,0.47669215317380076,0.5375,0.08285348514095157,0.5736588602923588,0.8815833333333333,0.5434658905970327,0.7066089016042579,0.8296666666666667,0.5079525539865408,0.7336245711174252,0,14
0.434,0.0,0.4323333333333333,0.002886751344887609,0.4553460765869004,0.5085,0.08368930636587879,0.5337563287802563,0.852,0.5584201741601861,0.6646690705882182,0.8358333333333333,0.5019279929879662,0.7096546054280312,0,15
0.429,-0.0050000000000000044,0.4323333333333333,0.002886751344887609,0.4421730382934502,0.48333333333333334,0.0805323951380351,0.5038259491287544,0.7396666666666666,0.48636337581414874,0.6284122904977232,0.841875,0.4958324850802637,0.6872022369937887,0,16
0.457,0.028000000000000025,0.44,0.014933184522864571,0.4495865191467251,0.46316666666666667,0.06590725807275437,0.4904471065205389,0.6,0.2145786569069753,0.6020411688826888,0.847125,0.4908298485395846,0.6687860580342857,0,17
0.529,0.07200000000000001,0.4716666666666667,0.051588112325684506,0.48929325957336256,0.45199999999999996,0.03914077158158733,0.501462218943242,0.54625,0.11575061358565628,0.5908040659776598,0.8362916666666665,0.49501993628422775,0.657603173391543,0,18
0.536,0.007000000000000006,0.5073333333333333,0.043730233629922996,0.5126466297866813,0.4698333333333333,0.04955569257581453,0.51133015638803,0.52625,0.09040326321544677,0.582372671211866,0.8363333333333333,0.49499351481625015,0.6478749195202196,0,19
0.542,0.006000000000000005,0.5356666666666666,0.006506407098223568,0.5273233148933407,0.48783333333333334,0.053401935046106866,0.5200929688485929,0.5126666666666666,0.0713395635908622,0.5761614910254251,0.8340416666666668,0.49627538631083784,0.639404925958602,0,20
0.493,-0.049000000000000044,0.5236666666666667,0.026727015047096896,0.5101616574466703,0.4976666666666667,0.04649157629795535,0.5123521206061378,0.5030833333333333,0.06479261789227739,0.563367415483052,0.8268749999999999,0.5000501985670607,0.6276925318819139,0,21
0.445,-0.04799999999999999,0.49333333333333335,0.04850085909886098,0.4775808287233352,0.5003333333333334,0.04200793575824215,0.4931086575758127,0.49183333333333334,0.061877934579946246,0.5451570438702749,0.7902916666666666,0.494259347444469,0.6130771293313607,0,22
0.449,0.0040000000000000036,0.4623333333333333,0.026633312473805876,0.4632904143616676,0.49900000000000005,0.04374928570847682,0.4805061839827233,0.4810833333333333,0.05652104729992268,0.5303636525056171,0.7272916666666666,0.4308429027894722,0.5999509589848518,0,23
0.445,-0.0040000000000000036,0.4463333333333333,0.0023094010754500707,0.45414520718083384,0.48499999999999993,0.04562893818622068,0.4703615599876595,0.4685000000000001,0.0440423350054078,0.5172307828893683,0.7129583333333332,0.43440809096143024,0.5875548822660637,0,24
0.434,-0.01100000000000001,0.4426666666666666,0.0077674534647636274,0.4440726035904169,0.46799999999999997,0.04165573189852705,0.4599725428483282,0.4689166666666667,0.04365663197216217,0.5044260470602348,0.6843333333333333,0.42895187392635115,0.5752704916847786,0,25
0.426,-0.008000000000000007,0.435,0.009539392013849216,0.43503630179520847,0.4486666666666667,0.02332952349853398,0.45026610203452017,0.46825,0.04429472572749518,0.49236050135866016,0.6749166666666667,0.43216119342376175,0.5633288523499963,0,26
0.427,0.0010000000000000009,0.429,0.004358898942835788,0.4310181508976042,0.4376666666666667,0.00999333110972817,0.44361864431037157,0.4676666666666667,0.04482964387208832,0.482305039611174,0.6598333333333333,0.4343182230123213,0.5524225441619965,0,27
0.424,-0.0030000000000000027,0.42566666666666664,0.0015275252296341815,0.4275090754488021,0.43416666666666665,0.010571975532920257,0.43801331736455107,0.46725,0.04524303060343232,0.47333503351714723,0.6034583333333333,0.36533629286461383,0.5421487406290368,0,28
0.425,0.0010000000000000009,0.42533333333333334,0.0015275252296335531,0.42625453772440103,0.43016666666666664,0.008084965471086974,0.43429522668896503,0.4645833333333333,0.04681774786502239,0.4658988745145092,0.5322916666666667,0.16689243585294272,0.532776841378714,0,29
0.424,-0.0010000000000000009,0.4243333333333333,0.0005773502638444556,0.42512726886220054,0.4266666666666667,0.0037771241267228963,0.43135373334926075,0.4558333333333333,0.043369099458947395,0.45945289381996934,0.5010416666666667,0.09715987683538824,0.5240746940684168,0,30
0.42,-0.0040000000000000036,0.42300000000000004,0.0026457513098967185,0.42256363443110023,0.4243333333333333,0.002422120283692504,0.42810980953518624,0.44616666666666666,0.036213591956964386,0.4533832178476664,0.48620833333333335,0.07879692068949211,0.5157487185429435,0,31
0.405,-0.014999999999999958,0.4163333333333334,0.010016652800567365,0.41378181721555013,0.42083333333333334,0.008084965471087571,0.4215070068108473,0.43474999999999997,0.022099465234200217,0.44593964587110235,0.47370833333333334,0.0652023466946855,0.506888821059508,0,32
0.377,-0.028000000000000025,0.40066666666666667,0.021825062046349902,0.39539090860777504,0.4124999999999999,0.0189393769697427,0.4087907191506052,0.4250833333333333,0.019523684140691604,0.4353335465063174,0.46408333333333335,0.061459011909798654,0.49649771537474746,0,33
0.384,0.007000000000000006,0.38866666666666666,0.014571661996044035,0.3896954543038875,0.40583333333333327,0.02100872834487356,0.4017076565361466,0.42,0.02168786841450495,0.4274360778130378,0.4559166666666667,0.05832884040669472,0.4874978981447677,0,34
0.418,0.033999999999999975,0.393,0.0219317121993164,0.4038477271519437,0.4046666666666667,0.019896398334087878,0.4063626118115333,0.4174166666666667,0.019672123023295345,0.42598437353410884,0.44925,0.0526343002729082,0.48193806629318625,0,35
0.44,0.02200000000000002,0.414,0.02821347195922121,0.4219238635759719,0.4073333333333333,0.0237121628424885,0.4159732941510952,0.417,0.019078784028371466,0.4281406237596306,0.44275,0.04235178760152595,0.4785830209897314,0,36
0.418,-0.02200000000000002,0.42533333333333334,0.012701705921928682,0.4199619317879859,0.40700000000000003,0.023511699215540034,0.416552352965068,0.4156666666666667,0.018326996149943087,0.4265805277966105,0.4422916666666666,0.04256603991005598,0.4737363793105529,0,37
0.408,-0.010000000000000009,0.422,0.016370705543555724,0.4139809658939929,0.4075,0.023492552011265728,0.4141088235464771,0.41416666666666674,0.018140027730459665,0.4237219850586704,0.44120833333333337,0.043113580193516084,0.4684774689657087,0,38
0.412,0.0040000000000000036,0.4126666666666667,0.005033222956226569,0.4129904829469965,0.41333333333333333,0.018140194780340315,0.4135063025331979,0.41291666666666665,0.01768645261384669,0.42191860274195186,0.4402916666666667,0.04350560100540935,0.463959271448452,0,39
0.365,-0.046999999999999986,0.395,0.026057628441468954,0.38899524147349823,0.41016666666666673,0.024742002074785496,0.3996473589522842,0.408,0.02200000000002805,0.41316189462780545,0.437625,0.046111219515630825,0.45604252973257586,0,40
0.327,-0.03799999999999998,0.36800000000000005,0.042579337712011174,0.3579976207367491,0.395,0.04131827682759822,0.378890970680203,0.3998333333333333,0.03132769130378856,0.39990621853122,0.4322083333333333,0.05110175625900676,0.44571912735396985,0,41
0.951,0.6239999999999999,0.5476666666666666,0.34981328352898183,0.6544988103683745,0.4801666666666667,0.2332924487990741,0.5423506933430021,0.44375000000000003,0.16260723734312965,0.4846898772187246,0.44979166666666665,0.11654779917593852,0.48614159716565225,1,0
1.027,0.07599999999999996,0.7683333333333332,0.3840902671681867,0.8407494051841873,0.5816666666666667,0.3179545040830032,0.68082192381643,0.49433333333333335,0.23350387706858722,0.5681222038004593,0.47025,0.16525480983594476,0.5294102693924001,0,1
0.53,-0.4969999999999999,0.836,0.26771440006095326,0.6853747025920937,0.602,0.3083841759883308,0.6377299455831643,0.5047499999999999,0.2319393043645087,0.5622572493696194,0.46975000000000006,0.16504630443816934,0.5294574478410081,0,2
0.512,-0.018000000000000016,0.6896666666666667,0.2922778358571321,0.5986873512960469,0.6186666666666666,0.2986092206658536,0.6018071039879745,0.516,0.22842703231209394,0.5545253648512164,0.47054166666666664,0.16520816359623938,0.5280608520137275,0,3
0.512,0.0,0.518,0.0103923048451426,0.5553436756480234,0.6431666666666667,0.27902216160489546,0.5761479314199818,0.5266666666666666,0.22466028225799892,0.5479830010279524,0.47333333333333333,0.16532383680066817,0.5267759838526294,0,4
0.503,-0.009000000000000008,0.509,0.005196152422160337,0.5291718378240118,0.6725,0.24649117631266584,0.5552485224428442,0.53375,0.22224970600246727,0.5410625393313444,0.4755833333333333,0.16534572914027365,0.524873905144419,0,5
0.699,0.19599999999999995,0.5713333333333334,0.11065411575412819,0.6140859189120058,0.6305000000000001,0.2080122592541165,0.5963203731734601,0.5553333333333333,0.22487828357634662,0.5653606102034453,0.48616666666666664,0.17132391560425006,0.5388039927328655,0,6
0.477,-0.22199999999999998,0.5596666666666666,0.12136446487060343,0.5455429594560028,0.5388333333333334,0.08034778569860258,0.562228837981043,0.56025,0.22223211657266143,0.551766670172146,0.4879583333333333,0.17097914420660892,0.5338596733142362,1,0
0.483,0.006000000000000005,0.5529999999999999,0.12647529403007754,0.5142714797280015,0.531,0.08360621986432536,0.5395920271293164,0.5664999999999999,0.2185857435258041,0.5411871824533543,0.49033333333333334,0.17047622980209706,0.5297908994490973,0,1
0.483,0.0,0.48100000000000004,0.0034641016142975462,0.4986357398640007,0.5261666666666666,0.0857354458008389,0.5234228765209403,0.5724166666666667,0.21495431156552178,0.5322353082297613,0.49266666666666664,0.16995412850855557,0.5260476274931695,0,2
0.503,0.020000000000000018,0.48966666666666664,0.011547005383542544,0.5008178699320004,0.5246666666666666,0.08611078136138696,0.5175877689435288,0.5839166666666666,0.2063688041670414,0.5277375685021057,0.4959583333333333,0.1693302610841953,0.5242038172937159,0,3
0.907,0.404,0.631,0.2392321048688805,0.7039089349660002,0.592,0.17639841269127632,0.6288484063882348,0.63225,0.20863457614604,0.5860856348863972,0.5160416666666666,0.1880925949509003,0.5548275119102186,1,0
2.1,1.193,1.1700000000000002,0.830348721923505,1.4019544674830002,0.8254999999999999,0.6466936678211729,1.0491774331344534,0.7280000000000001,0.46918536751577256,0.8189955372115669,0.585875,0.3728343043206484,0.6784413109574012,0,1
2.205,0.10499999999999998,1.7373333333333332,0.7210036985573199,1.8034772337415002,1.1135000000000002,0.8215798804742003,1.3794124522388953,0.8261666666666668,0.6323097390208439,1.032226993025172,0.66025,0.4960021256967081,0.8005660060808092,0,2
1.761,-0.4440000000000002,2.022,0.2320495636712189,1.78223861687075,1.3265,0.7905035736794621,1.488437465884925,0.92875,0.6780915900860711,1.1443459171751456,0.7167499999999999,0.5408648669934356,0.8774007255943445,0,3
1.319,-0.44199999999999995,1.7616666666666667,0.44300037622256583,1.550619308435375,1.4658333333333333,0.6777257311528515,1.440026761346375,0.996,0.6730010131020349,1.171215776071277,0.7560000000000001,0.5492525355663709,0.9127286675467969,0,4
1.353,0.03400000000000003,1.4776666666666667,0.24596205669438762,1.4518096542176875,1.6075,0.5023599307269643,1.415161972390268,1.0660833333333333,0.6617117551998746,1.199182579752619,0.7963749999999999,0.556288305959982,0.9479503741430532,0,5
0.694,-0.659,1.1219999999999999,0.37104851434818853,1.0729048271088437,1.572,0.5653402515299971,1.209115694564477,1.082,0.6491133813273176,1.1214621828676006,0.8078750000000001,0.5509534275670009,0.927634344211609,0,6
0.629,-0.06499999999999995,0.8919999999999999,0.4005583602922258,0.8509524135544219,1.3268333333333333,0.6079264484019982,1.0433683532603406,1.0761666666666667,0.6531700089609613,1.045698770118739,0.81575,0.5468017087534133,0.9037435966746803,0,7
0.614,-0.015000000000000013,0.6456666666666666,0.042524502740520505,0.7324762067772109,1.0616666666666668,0.48227530173819555,0.9206916809002432,1.0875833333333333,0.642861141281458,0.9792835747158561,0.8239166666666667,0.5420458761802901,0.8805641089407059,0,8
0.612,-0.0020000000000000018,0.6183333333333333,0.009291573242911539,0.6722381033886055,0.8701666666666666,0.3622283349859143,0.832494057785888,1.0983333333333334,0.632832497345839,0.9227784093749551,0.8324166666666666,0.5368144296533565,0.8590789802254495,0,9
0.586,-0.026000000000000023,0.604,0.01562049935165262,0.6291190516943027,0.7480000000000001,0.2985960481989023,0.7620671841327771,1.1069166666666668,0.6243697124931586,0.8709663463941928,0.8396666666666667,0.5320433675251827,0.8372326618074136,0,10
0.548,-0.03799999999999992,0.582,0.03218695387878231,0.5885595258471514,0.6138333333333333,0.04851563321928271,0.7009051315234123,1.1106666666666667,0.6205361806656831,0.8212792161797016,0.8472916666666666,0.5262244089959993,0.8140940488628206,0,11
0.545,-0.0030000000000000027,0.5596666666666666,0.02285461295511414,0.5667797629235758,0.589,0.03572114219900204,0.6563608082310087,1.0805,0.6398362716706957,0.7787747213828244,0.856375,0.5186804170199607,0.7925665249537949,0,12
0.563,0.017999999999999905,0.5519999999999999,0.009643650760718025,0.5648898814617879,0.578,0.030757112998481113,0.6296862915935777,0.9524166666666666,0.5668779663983073,0.7455786104008515,0.8402083333333333,0.5216411376121286,0.7742012029574913,0,13
0.534,-0.028999999999999915,0.5473333333333333,0.014640127503816483,0.5494449407308939,0.5646666666666667,0.029337120967607166,0.6023473511382698,0.8131666666666667,0.4165090489758769,0.7130280549545667,0.8196666666666665,0.5236686362383283,0.754985106720892,0,14
0.565,0.030999999999999917,0.5539999999999999,0.017349351572744975,0.5572224703654469,0.5568333333333334,0.01841104740822813,0.5916766793844783,0.7134999999999999,0.2942285753380457,0.6902545080384794,0.821125,0.5228750214377033,0.7397862981832207,0,15
0.516,-0.04899999999999993,0.5383333333333333,0.02478574859325318,0.5366112351827235,0.5451666666666667,0.018411047408228437,0.5700547709889131,0.6465833333333333,0.22781909024221242,0.6634461221864056,0.8212916666666668,0.522772831133194,0.7218833943285631,1,0
0.486,-0.030000000000000027,0.5223333333333333,0.0398789836044985,0.5113056175913617,0.5348333333333334,0.030155707033131297,0.5460391221349379,0.5743333333333333,0.05643875736880403,0.6361467187731125,0.8202083333333333,0.5234681153170875,0.7030127227822781,0,1
0.467,-0.01899999999999996,0.4896666666666667,0.024704925284802604,0.4891528087956809,0.5218333333333333,0.04007700920313361,0.5234565158106699,0.5554166666666667,0.05040284684120878,0.6101241466541721,0.8187083333333334,0.5244672227638478,0.684131704959696,0,2
0.313,-0.15400000000000003,0.422,0.09487360012139293,0.4010764043978404,0.4801666666666667,0.08891662761636936,0.46332608272190706,0.5290833333333332,0.08144988234082778,0.5644127394766072,0.8026249999999999,0.5341273917823111,0.6544411685629203,0,3
0.319,0.006000000000000005,0.36633333333333334,0.08723149278401118,0.36003820219892024,0.4443333333333334,0.10478867623301734,0.4220900590870765,0.5045,0.09659992471294575,0.526656933403283,0.7960416666666666,0.5392643523047552,0.6276058750778867,0,4
0.293,-0.026000000000000023,0.3083333333333333,0.013613718570863615,0.32651910109946014,0.39899999999999997,0.10090986076693156,0.3852071850621975,0.4779166666666667,0.10759474330969938,0.490709712879701,0.7881250000000001,0.5454192892509001,0.6008374050716558,0,5
0.261,-0.03199999999999997,0.291,0.029051678092551714,0.2937595505497301,0.35650000000000004,0.0953220855835706,0.34971941790156963,0.45083333333333336,0.11828765657062865,0.4553697570520547,0.7788750000000001,0.5526535444719339,0.5736504126659234,0,6
0.259,-0.0020000000000000018,0.271,0.019078784028159157,0.276379775274865,0.31866666666666665,0.07691467133563182,0.3237995842154069,0.42675,0.12588243071865762,0.42515902519789245,0.7687083333333334,0.5601427984988698,0.5484783796526496,0,7
0.967,0.708,0.4956666666666667,0.40818786524507034,0.6216898876374325,0.40199999999999997,0.27793740302449665,0.5075711315824334,0.4619166666666667,0.19939839441924048,0.5085191751674474,0.7712083333333334,0.5609202050642104,0.5819601092804376,1,0
1.698,0.731,0.9746666666666667,0.7195306340478703,1.1598449438187162,0.6328333333333334,0.5896162876538164,0.8476936654160239,0.5565000000000001,0.4098435399914565,0.6915162251416862,0.7544583333333333,0.5243234132352542,0.6712433005380026,0,1
1.677,-0.020999999999999908,1.4473333333333336,0.4161133659633311,1.418422471909358,0.8591666666666665,0.6960845973491064,1.084638332440017,0.6517499999999999,0.52169585793048,0.8431291135814268,0.7324583333333333,0.4689693583358848,0.7517038364949624,0,2
0.602,-1.0750000000000002,1.3256666666666665,0.6268016698552521,1.010211235954679,0.9106666666666666,0.6561014149250615,0.9467416660285837,0.6548333333333334,0.5212456816186222,0.806032326876592,0.6841666666666666,0.4150219131633868,0.7397275295753655,0,3
0.289,-0.313,0.856,0.7280267852215305,0.6496056179773395,0.9153333333333332,0.6506331275509014,0.7588154757347025,0.6359166666666667,0.5307741273295314,0.7264888919725009,0.64125,0.3994851305933904,0.7036693272093363,0,4
0.448,0.15900000000000003,0.4463333333333333,0.15650665587548487,0.5488028089886697,0.9468333333333333,0.6161640744693474,0.6700110540962161,0.63275,0.5318621019160388,0.6836444470536547,0.6035416666666666,0.37108325318869123,0.6832157810325894,0,5
0.771,0.323,0.5026666666666667,0.24560605312843525,0.6599014044943349,0.9141666666666667,0.62006432462017,0.6988650386401544,0.6580833333333334,0.5304876758629041,0.697083762891554,0.60675,0.37223043937862055,0.6902385185499822,0,6
0.791,0.020000000000000018,0.67,0.19251753166918423,0.7254507022471675,0.763,0.48704537776268964,0.725189313314396,0.6979166666666666,0.5200640621960724,0.711532414754392,0.6135,0.37411553667631814,0.6982994370659836,0,7
0.565,-0.2260000000000001,0.7090000000000001,0.12510795338424963,0.6452253511235837,0.5776666666666667,0.19172028235600885,0.6794209380817113,0.7184166666666666,0.5084896456143145,0.6889889663306393,0.6114583333333333,0.37424637074324935,0.687635482100705,0,8
0.411,-0.15399999999999997,0.589,0.19113346122538286,0.5281126755617919,0.5458333333333333,0.2024296585648155,0.6027292414869366,0.7282500000000001,0.5005945782948347,0.6462214330490025,0.6030833333333333,0.37647609967060236,0.6655046435326487,0,9
0.573,0.16199999999999998,0.5163333333333333,0.0913089991913604,0.550556337780896,0.5931666666666667,0.15888412968785698,0.594235172490669,0.75425,0.4818725076577467,0.6349565971953097,0.6025416666666666,0.3765110979560348,0.6581042720500369,0,10
1.119,0.546,0.701,0.37095013141929944,0.834778168890448,0.7050000000000001,0.24763198501001646,0.7441679803504779,0.8259166666666667,0.46518314249401554,0.709424813011416,0.6263333333333333,0.39068854120883156,0.694975930286034,1,0
0.456,-0.663,0.7159999999999999,0.35387709730921496,0.645389084445224,0.6525,0.2637102576692857,0.6618342716789127,0.7833333333333333,0.4743917317486854,0.670436380240429,0.622625,0.3919145661670588,0.6758578558631513,1,0
0.37,-0.08600000000000002,0.6483333333333333,0.40987111795456943,0.507694542222612,0.5823333333333333,0.2752451028931628,0.5784530511992234,0.6726666666666666,0.3887961216915952,0.6242153986649783,0.6145833333333334,0.39515785691804084,0.6513892273940992,0,1
0.344,-0.026000000000000023,0.3899999999999999,0.05861740355895887,0.425847271111306,0.5455,0.2922880428618337,0.5114664651423024,0.5615833333333333,0.23626812901422017,0.5811053373319047,0.6066666666666667,0.39872957673380555,0.6267980892025713,0,2
0.331,-0.012999999999999956,0.34833333333333333,0.019857828011314516,0.378423635555653,0.5321666666666667,0.30133530604074227,0.45990461795878745,0.539,0.24484948994693478,0.5426275931269963,0.5969166666666667,0.4026345755760132,0.6031342420663657,0,3
0.379,0.04799999999999999,0.3513333333333333,0.02482606157502563,0.3787118177778265,0.49983333333333335,0.30644243613877603,0.4367890128277053,0.5465,0.2377716628119613,0.5174541172613045,0.5912083333333333,0.4047969946578888,0.5852035027010565,0,4
0.436,0.056999999999999995,0.38199999999999995,0.052564246403746705,0.40735590888891327,0.38599999999999995,0.04998799855966719,0.4365635805912181,0.5455,0.23824834254884986,0.5049227146057192,0.589125,0.40549007520154845,0.573267222484972,0,5
0.484,0.04799999999999999,0.4329999999999999,0.05256424640374937,0.4456779544444566,0.39066666666666666,0.058424880544746954,0.45011684327944146,0.5215833333333333,0.22772649398040498,0.5017038354356086,0.5898333333333333,0.40528225984482524,0.5661258446861742,0,6
1.135,0.651,0.6849999999999999,0.3904497406837344,0.7903389772222283,0.5181666666666667,0.30761496495890417,0.6457977451996011,0.55025,0.28030604216236343,0.5991340145993611,0.6240833333333333,0.4154752037457074,0.6116357771112803,1,0
0.469,-0.666,0.6959999999999998,0.38025912217854224,0.6296694886111142,0.539,0.2975278138258693,0.5952841037140008,0.54225,0.28121526048078205,0.5791133969686901,0.6303333333333333,0.4117982480553433,0.6002249149423778,1,0
0.459,-0.009999999999999953,0.6876666666666665,0.3874342955048363,0.5443347443055571,0.5603333333333333,0.28390820112611714,0.5563457883671434,0.54625,0.2795148800722773,0.5606344128196609,0.63725,0.40725499436444407,0.5889269217469876,0,1
0.375,-0.08400000000000002,0.43433333333333324,0.05162686639074129,0.45966737215277853,0.5596666666666666,0.28442339331824973,0.504532705976531,0.52975,0.2836063613211445,0.5320752723858668,0.642,0.4033216431411631,0.5718127680072286,0,2
1.018,0.643,0.6173333333333333,0.3495201472495233,0.7388336860763893,0.6566666666666667,0.32948606444987577,0.6512376471260937,0.5213333333333333,0.26544656484475393,0.6068329227880411,0.673625,0.40173837609330737,0.6075077465666503,0,3
2.21,1.192,1.2009999999999998,0.9310869991574354,1.4744168430381945,0.9443333333333334,0.6970399319025183,1.0965983193757811,0.6675,0.5531752147211764,0.8534740115898809,0.7254166666666667,0.5074256353026712,0.7357071268413182,0,4
2.334,0.12400000000000011,1.8539999999999999,0.7266470945376453,1.9042084215190973,1.1441666666666668,0.9038299434443777,1.4501416566969865,0.8311666666666667,0.7219484788131405,1.0812472405760531,0.7519166666666667,0.572820095945351,0.8635705566940128,0,5
1.814,-0.52,2.1193333333333335,0.2715977417677406,1.8591042107595488,1.3683333333333334,0.8690069428184489,1.5541011833549903,0.9536666666666666,0.7556971896363279,1.1939784343335833,0.757625,0.5830312701361071,0.9396049121584918,0,6
0.946,-0.8680000000000001,1.6980000000000002,0.7012331994422405,1.4025521053797743,1.4494999999999998,0.7858518308179986,1.3803579881107073,1.0049166666666667,0.7300489969028034,1.1558279059745706,0.7719583333333334,0.5832674440013642,0.9401165191858125,0,7
1.757,0.8109999999999999,1.5056666666666665,0.4855227423440979,1.579776052689887,1.6798333333333335,0.5847222987595623,1.487969991507648,1.11975,0.7310207216314372,1.2483159204400214,0.833125,0.60691259398626,1.0054671976509475,0,8
0.907,-0.8499999999999999,1.2033333333333334,0.4798857502920168,1.2433880263449435,1.6613333333333333,0.6110147843274063,1.3219785653626057,1.159,0.7030819168618857,1.1958057788338643,0.8522500000000001,0.6014563665550191,0.9975898218388717,0,9
0.565,-0.3420000000000001,1.0763333333333331,0.6137762893215502,0.9041940131724717,1.3871666666666667,0.6806765506954583,1.105698975259004,1.16575,0.696369171292982,1.0987587359363467,0.8436666666666667,0.604130252775708,0.962982636091762,0,10
0.477,-0.08799999999999997,0.6496666666666666,0.22715926864939823,0.6905970065862359,1.0776666666666668,0.578579524928654,0.9260706966135743,1.1109166666666668,0.7243543154026392,1.0031035457922934,0.8305833333333333,0.6087031772309184,0.9241040252044211,0,11
0.574,0.09699999999999998,0.5386666666666666,0.05359415391000179,0.6322985032931179,0.8709999999999999,0.47518375393104545,0.825479069009696,1.1196666666666666,0.716486672252285,0.9370876156704021,0.8309583333333332,0.6085351963074345,0.8960957031880674,0,12
0.447,-0.12699999999999995,0.49933333333333335,0.06638021793673755,0.539649251646559,0.7878333333333333,0.5023243639986688,0.7173421921497829,1.1186666666666667,0.7175002481258163,0.8616895209518788,0.8324583333333334,0.607498504501052,0.8601680469330221,0,13
0.427,-0.020000000000000018,0.48266666666666663,0.07972661621647249,0.4833246258232795,0.5661666666666666,0.17762253986098467,0.6343872801069877,1.123,0.7127418249905858,0.7948142100362051,0.8263750000000001,0.6109309227656632,0.8255146031783803,0,14
0.444,0.017000000000000015,0.43933333333333335,0.010785793124684601,0.46366231291163973,0.48899999999999993,0.06446394341025395,0.5799909143621341,1.0751666666666668,0.7391991776526987,0.7408427931075582,0.79825,0.6124093011817452,0.7949934349241099,0,15
0.414,-0.030000000000000027,0.4283333333333333,0.01504437879503309,0.4388311564558198,0.4638333333333333,0.05801178041283594,0.5325649388300958,0.9255,0.6668148850386385,0.6905592864756261,0.7965,0.6134888822918085,0.7645139601301811,0,16
1.354,0.9400000000000002,0.7373333333333334,0.5342596122984873,0.89641557822791,0.61,0.36901544683115967,0.7672606705929256,0.8438333333333334,0.5231695072663687,0.792627088556299,0.8375,0.6166190424226786,0.8116728433197666,1,0
