value,value_diff,value_rolling_mean_3,value_volatility_3,value_ewm_3,value_rolling_mean_6,value_volatility_6,value_ewm_6,value_rolling_mean_12,value_volatility_12,value_ewm_12,value_rolling_mean_24,value_volatility_24,value_ewm_24,drift_flag,time_since_last_spike
1.04,0.0,0.629,0.0,1.04,0.4683333333333333,0.0,1.04,0.37566666666666665,0.0,1.04,0.4366666666666667,0.0,1.04,0,1
0.581,-0.4590000000000001,0.629,0.0,0.8105,0.4683333333333333,0.0,0.9088571428571428,0.37566666666666665,0.0,0.9693846153846154,0.4366666666666667,0.0,1.0032800000000002,1,0
0.266,-0.31499999999999995,0.629,0.3892261553390265,0.53825,0.4683333333333333,0.0,0.7251836734693877,0.37566666666666665,0.0,0.8611715976331361,0.4366666666666667,0.0,0.9442976000000002,1,0
0.265,-0.0010000000000000009,0.3706666666666667,0.18215469616052535,0.401625,0.4683333333333333,0.0,0.5937026239067056,0.37566666666666665,0.0,0.7694528903049613,0.4366666666666667,0.0,0.8899537920000002,1,0
0.347,0.08199999999999996,0.2926666666666667,0.0470567033836127,0.3743125,0.4683333333333333,0.0,0.5232161599333611,0.37566666666666665,0.0,0.7044601379503519,0.4366666666666667,0.0,0.8465174886400003,1,0
0.311,-0.035999999999999976,0.3076666666666667,0.041101500378128646,0.34265625,0.4683333333333333,0.30372860692840026,0.46258297138097226,0.37566666666666665,0.0,0.6439278090349132,0.4366666666666667,0.0,0.8036760895488003,0,1
0.276,-0.034999999999999976,0.3113333333333333,0.035501173689517766,0.309328125,0.34099999999999997,0.12178834098549832,0.4092735509864088,0.37566666666666665,0.0,0.5873235307218496,0.4366666666666667,0.0,0.7614620023848964,0,2
0.273,-0.0030000000000000027,0.2866666666666667,0.0211266025033205,0.29116406250000004,0.2896666666666667,0.032788209262884185,0.3703382507045777,0.37566666666666665,0.0,0.5389660644569497,0.4366666666666667,0.0,0.7223850421941047,0,3
0.269,-0.0040000000000000036,0.27266666666666667,0.0035118845842807183,0.28008203125000003,0.2901666666666667,0.03237540218540434,0.3413844647889841,0.37566666666666665,0.0,0.4974328237712652,0.4366666666666667,0.0,0.6861142388185764,0,4
0.283,0.013999999999999957,0.275,0.0072111025509262235,0.281541015625,0.29316666666666663,0.030347432620679536,0.32470318913498863,0.37566666666666665,0.0,0.4644431585756859,0.4366666666666667,0.0,0.6538650997130903,0,5
0.319,0.03600000000000003,0.29033333333333333,0.025794056162870314,0.3002705078125,0.2885,0.02118253997989898,0.3230737065249919,0.37566666666666665,0.0,0.4420672880255804,0.4366666666666667,0.0,0.6270758917360431,0,6
0.278,-0.04099999999999998,0.2933333333333333,0.022368132093076254,0.28913525390625,0.283,0.01825376673456794,0.3101955046607085,0.37566666666666665,0.22682926431903613,0.4168261667908757,0.4366666666666667,0.0,0.5991498203971597,1,0
0.277,-0.0010000000000000009,0.2913333333333334,0.023965252624024373,0.28306762695312504,0.2831666666666667,0.018181492421324653,0.3007110747576489,0.3120833333333333,0.0883427810842344,0.39531444882304867,0.4366666666666667,0.0,0.573377834765387,0,1
0.368,0.09099999999999997,0.3076666666666667,0.052252591642265055,0.3255338134765625,0.299,0.03805785070126818,0.3199364819697492,0.29433333333333334,0.03421677773823647,0.391112225927195,0.4366666666666667,0.0,0.556947607984156,1,0
0.37,0.0020000000000000018,0.3383333333333334,0.05312563725107974,0.34776690673828126,0.31583333333333335,0.04400643892280636,0.3342403442641066,0.303,0.03919647479510922,0.387864191169165,0.4366666666666667,0.0,0.5419917993454235,0,1
0.41,0.03999999999999998,0.38266666666666665,0.02369247419188872,0.37888345336914064,0.337,0.05437646549749276,0.3558859601886476,0.3150833333333333,0.04781870750949657,0.3912697002200627,0.4366666666666667,0.0,0.5314324553977896,0,2
0.532,0.12200000000000005,0.43733333333333335,0.0843879928267838,0.45544172668457034,0.37250000000000005,0.09478765742437159,0.40620425727760545,0.3305,0.07881797210835054,0.41292051557082227,0.4366666666666667,0.0,0.5314778589659664,0,3
0.548,0.016000000000000014,0.49666666666666665,0.07548068185524898,0.5017208633422852,0.4175,0.10454042280381325,0.44671732662686103,0.35025,0.10026340309405021,0.4337019747137727,0.4366666666666667,0.0,0.5327996302486891,0,4
0.529,-0.019000000000000017,0.5363333333333333,0.010214368964028334,0.5153604316711426,0.4595,0.08573389061508901,0.47022666187632933,0.37133333333333335,0.10941358843093181,0.4483632093731923,0.4366666666666667,0.0,0.532495659828794,0,5
0.633,0.10399999999999998,0.57,0.05538050198400134,0.5741802158355713,0.5036666666666667,0.09672366135887704,0.5167333299116638,0.4013333333333333,0.1278083318761719,0.47676886946962427,0.4366666666666667,0.0,0.5405360070424905,0,6
0.912,0.279,0.6913333333333332,0.1980513401452596,0.7430901079177856,0.594,0.17128105557825152,0.629666664222617,0.4549166666666667,0.1879310600548333,0.5437275049358359,0.4366666666666667,0.0,0.5702531264790913,0,7
0.696,-0.21600000000000008,0.747,0.14632498077908637,0.7195450539588928,0.6416666666666666,0.1480549447558803,0.6486190458732979,0.48933333333333334,0.19137081250490603,0.5671540426380149,0.4366666666666667,0.0,0.580312876360764,0,8
0.367,-0.32899999999999996,0.6583333333333333,0.274445501572413,0.5432725269794464,0.6141666666666666,0.18356406692669117,0.56815646133807,0.49333333333333335,0.1879580868817366,0.5363611130013973,0.4366666666666667,0.0,0.5632478462519029,0,9
0.33,-0.03699999999999998,0.4643333333333333,0.20148035470817824,0.4366362634897232,0.5778333333333333,0.2176836389503509,0.5001117580986214,0.49766666666666665,0.18307839023133501,0.5046132494627208,0.4366666666666667,0.21099817981219168,0.5445880185517507,0,10
0.368,0.03799999999999998,0.355,0.021656407827707592,0.4023181317448616,0.551,0.23420333046308298,0.4623655414990153,0.5052500000000001,0.17480489123591486,0.48359582646845606,0.40866666666666673,0.1675726102623723,0.5304609770676106,0,11
0.356,-0.01200000000000001,0.35133333333333333,0.019425069712444495,0.37915906587243076,0.5048333333333334,0.24197885582560036,0.43197538678501096,0.50425,0.17569349602490858,0.46396569931946285,0.39929166666666666,0.1637626806684299,0.5165040989022018,0,12
0.313,-0.04299999999999998,0.3456666666666666,0.02891942830232524,0.3460795329362154,0.40499999999999997,0.14421095658790956,0.39798241913215066,0.4995,0.18036150566923292,0.44074020711646855,0.40124999999999994,0.16237456697401842,0.5002237709900257,0,13
0.31,-0.0030000000000000027,0.32633333333333336,0.025735837529276856,0.32803976646810773,0.3406666666666667,0.026439868885199926,0.37284458509439333,0.4911666666666667,0.18705849028546873,0.4206263290985503,0.403125,0.16098671630319986,0.4850058693108236,0,14
1.302,0.992,0.6416666666666667,0.571867408874936,0.8150198832340538,0.4965,0.39528711084476303,0.6383175607817095,0.5553333333333333,0.3001930691869465,0.5562222784680041,0.4429166666666666,0.24342750312025618,0.5503653997659578,1,0
0.523,-0.779,0.7116666666666668,0.5222186642904801,0.669009941617027,0.5286666666666667,0.38678969307191563,0.6053696862726496,0.55325,0.30033530504179073,0.5511111587036958,0.45175000000000004,0.24227620780746348,0.5481761677846811,1,0
1.864,1.3410000000000002,1.2296666666666667,0.6734198789264636,1.2665049708085134,0.778,0.6530436432582437,0.9649783473376069,0.6645,0.48252866141910083,0.7530940573646656,0.5179166666666667,0.37349918999582354,0.6534420743619067,1,0
1.682,-0.18200000000000016,1.3563333333333334,0.727402456232678,1.4742524854042567,0.999,0.7040477256550158,1.1698416766697193,0.7519166666666667,0.5643811507601343,0.8960026639239478,0.576625,0.4384222515477219,0.7357267084129542,0,1
0.952,-0.73,1.4993333333333332,0.48266068136252094,1.2131262427021283,1.1055,0.6232135268108359,1.107601197621228,0.7552500000000001,0.5655295386546217,0.904617638704879,0.6050833333333333,0.4397509094008114,0.7530285717399179,0,2
1.027,0.07499999999999996,1.2203333333333333,0.4015698361846082,1.1200631213510641,1.2249999999999999,0.4959104757917507,1.084572284015163,0.7828333333333334,0.5704278829939591,0.9234456942887438,0.6360833333333333,0.44227533394311386,0.7749462860007245,0,3
2.105,1.078,1.3613333333333333,0.6451250524769078,1.612531560675532,1.3588333333333333,0.6149209434282323,1.3761230600108307,0.9276666666666668,0.6676113912276888,1.1052232797827832,0.7105,0.5284611786984021,0.8813505831206665,0,4
1.952,-0.15300000000000002,1.6946666666666665,0.5832549471143239,1.782265780337766,1.5970000000000002,0.4906175700074356,1.540659328579165,1.0628333333333335,0.6990622073156081,1.2354966213546628,0.78025,0.5771271617846152,0.9670025364710132,0,5
1.454,-0.498,1.837,0.34039535837023305,1.618132890168883,1.5286666666666668,0.4742723549466778,1.5158995204136891,1.1533333333333333,0.6706511535045402,1.2691125257616376,0.8292916666666666,0.5824871320964706,1.0059623335533323,0,6
1.962,0.508,1.7893333333333334,0.2904502252251369,1.7900664450844415,1.5753333333333333,0.5051477671599347,1.6433568002954921,1.2871666666666666,0.6571818391411698,1.3757105987213856,0.8957083333333333,0.6174304734079408,1.0824453468690658,0,7
1.71,-0.252,1.7086666666666668,0.25400262465835427,1.7500332225422208,1.7016666666666664,0.40241802477854766,1.6623977144967803,1.4035833333333334,0.5891381159770351,1.4271397373796337,0.9515416666666666,0.6283156904646408,1.1326497191195406,0,8
1.686,-0.02400000000000002,1.7860000000000003,0.1528921188289293,1.7180166112711104,1.8114999999999999,0.23765163580333568,1.6691412246405575,1.51825,0.4809057978062203,1.4669643931673824,1.0047083333333333,0.6344554309331587,1.1769177415899774,0,9
0.794,-0.8919999999999999,1.3966666666666667,0.5220625760704679,1.256008305635555,1.593,0.4347647639816281,1.4191008747432554,1.4759166666666668,0.522254110621072,1.3634314096031699,1.015625,0.6281913176109166,1.1462843222627792,1,0
0.86,0.06599999999999995,1.1133333333333335,0.49704057513781846,1.0580041528177775,1.4109999999999998,0.4805759045145735,1.259357767673754,1.5040000000000002,0.4731021415758306,1.2859804235103744,1.028625,0.6212837209814226,1.123381576481757,0,1
1.041,0.18099999999999994,0.8983333333333334,0.12788406207707687,1.0495020764088887,1.3421666666666667,0.5022726019470573,1.1969698340526813,1.4354166666666668,0.4758157508825025,1.2482911275857014,1.0499583333333333,0.6121045292351179,1.1167910503632166,0,2
0.985,-0.05599999999999994,0.9620000000000001,0.09266606714434494,1.0172510382044444,1.1793333333333333,0.4112603392823902,1.1364070243233437,1.3773333333333333,0.48542340156597275,1.2077848002648244,1.064625,0.605864729665108,1.1062477663341592,0,3
1.563,0.578,1.1963333333333335,0.3187747376021715,1.2901255191022223,1.1548333333333332,0.37620920598340846,1.2582907316595313,1.42825,0.4685032502070251,1.2624332925317745,1.09175,0.6132622142919465,1.1427879450274265,0,4
1.503,-0.06000000000000005,1.3503333333333334,0.3178070693570757,1.3965627595511112,1.1243333333333334,0.3289885509659365,1.3282076654710937,1.4679166666666665,0.4512762625615445,1.2994435552191939,1.1253749999999998,0.6127434964088194,1.1716049094252323,0,5
1.128,-0.375,1.3980000000000004,0.23574350468252514,1.2622813797755557,1.18,0.28756494918539716,1.2710054753364954,1.3864999999999998,0.4123410988710471,1.2730676236470102,1.1570833333333332,0.591100662115704,1.1681165166712137,0,6
0.855,-0.2729999999999999,1.1620000000000001,0.3253352117432109,1.0586406898877778,1.1791666666666665,0.2886828132512684,1.1521467680974968,1.2950833333333334,0.39688502075156534,1.2087495277013163,1.1789583333333333,0.568441919266789,1.1430671953375167,0,7
0.62,-0.235,0.8676666666666667,0.25423676628948333,0.8393203449438889,1.109,0.3689785901647951,1.000104834355355,1.2255833333333332,0.43747362691072583,1.1181726772857292,1.1894583333333333,0.5549789638917131,1.1012218197105155,0,8
0.294,-0.326,0.5896666666666668,0.28172740962379494,0.5666601724719444,0.9938333333333332,0.4999989666655985,0.7983605959681106,1.0865833333333332,0.4471018713149542,0.9913768807802323,1.186875,0.5591558320944331,1.0366440741336742,0,9
0.259,-0.034999999999999976,0.3910000000000002,0.19909043171383273,0.4128300862359722,0.7765,0.4863376399169606,0.6442575685486504,0.9656666666666666,0.4592183741440618,0.8787035145063504,1.184625,0.5629210935901197,0.9744325482029803,0,10
0.258,-0.0010000000000000009,0.2703333333333335,0.020502032419583913,0.3354150431179861,0.569,0.36478048193399676,0.533898263249036,0.8466666666666666,0.44021447940610503,0.7832106661207581,1.1824583333333332,0.5665224182345473,0.9171179443467419,0,11
0.259,0.0010000000000000009,0.2586666666666668,0.000577350269486016,0.29720752155899305,0.42416666666666664,0.254197888792699,0.45535590232074,0.8020833333333334,0.47197870875194325,0.7025628713329491,1.139,0.5961818368658142,0.8644685087990025,0,12
0.265,0.006000000000000005,0.2606666666666668,0.0037859388972452676,0.2811037607794965,0.32583333333333336,0.14476383065761012,0.40096850165767145,0.7525,0.49598432893132277,0.6352455065124955,1.12825,0.6099394303499757,0.8165110280950824,0,13
0.358,0.09299999999999997,0.2940000000000002,0.055506756345514593,0.31955188038974824,0.2821666666666666,0.03960513434726796,0.3886917868983367,0.6955833333333333,0.49904717545872684,0.5925923516644191,1.0655,0.6084211927818488,0.7798301458474758,1,0
0.301,-0.056999999999999995,0.3080000000000001,0.046893496350776824,0.31027594019487414,0.2833333333333334,0.04012314377843723,0.3636369906416691,0.6385833333333333,0.5020390166535109,0.5477319898698931,1.0079583333333333,0.6128684857268336,0.7415237341796778,0,1
0.265,-0.035999999999999976,0.30800000000000016,0.046893496350776824,0.2876379700974371,0.2843333333333333,0.03946475220579939,0.33545499331547796,0.5304166666666666,0.41746996807246395,0.5042347606591403,0.9793333333333333,0.6313604817938917,0.7034018354453035,0,2
0.26,-0.0050000000000000044,0.2753333333333335,0.022368132093084334,0.27381898504871854,0.2846666666666667,0.03920544179913228,0.31389642379676996,0.42683333333333334,0.2884985688741349,0.46666018209619564,0.947375,0.6480346751659142,0.6679296886096794,0,3
0.259,-0.0010000000000000009,0.2613333333333335,0.003214550253717629,0.2664094925243593,0.2846666666666667,0.03920544179913228,0.2982117312834071,0.35441666666666666,0.18808820867461065,0.43471246177370404,0.8704583333333332,0.613280627953622,0.635215313520905,0,4
0.256,-0.0030000000000000027,0.25833333333333347,0.0020816659995487132,0.26120474626217965,0.2831666666666666,0.04026619756899261,0.28615123663100506,0.3045,0.10372647597494769,0.4072182368854419,0.7997916666666667,0.5800516453143502,0.6048780884392326,0,5
0.264,0.008000000000000007,0.2596666666666668,0.004041451884369874,0.2626023731310898,0.2675,0.016742162345361945,0.2798223118792893,0.2748333333333333,0.029984339346734914,0.3851846619799893,0.7502083333333333,0.5725100325049695,0.577607841364094,0,6
0.333,0.069,0.2843333333333335,0.042335957923893386,0.2978011865655449,0.2728333333333333,0.029660860855092046,0.2950159370566352,0.2780833333333333,0.03408400940278667,0.3771562524446063,0.6823333333333333,0.516413776351675,0.5580392140549666,1,0
0.408,0.07499999999999996,0.33500000000000013,0.07202083032012559,0.35290059328277246,0.2966666666666667,0.06196665770126036,0.3272970978975966,0.2905,0.04994815493907405,0.3819014443762053,0.6280833333333333,0.47007121723773193,0.5460360769305693,0,1
0.436,0.028000000000000025,0.3923333333333335,0.05325723737984954,0.3944502966413862,0.326,0.08013239045478772,0.35835506992685473,0.30533333333333335,0.06390096504226608,0.39022429908755835,0.576,0.41361839165231046,0.5372331907761239,0,2
0.527,0.09100000000000003,0.45700000000000013,0.06221736092121147,0.4607251483206931,0.3706666666666667,0.10587476879155533,0.4065393356620391,0.3276666666666667,0.08837969052315865,0.4112667146125494,0.564875,0.41108290843660267,0.536414535514034,0,3
0.441,-0.08600000000000002,0.46800000000000014,0.051156622249717454,0.4508625741603466,0.40149999999999997,0.0918057732389346,0.41638523975859937,0.3423333333333333,0.09158040017912848,0.41584106621061867,0.5474166666666667,0.40688006102286656,0.5287813726729113,0,4
0.414,-0.027000000000000024,0.46066666666666684,0.05901129835322744,0.4324312870801733,0.42650000000000005,0.06267615176443687,0.41570374268471383,0.347,0.09384997699423162,0.41555782525513885,0.5212916666666666,0.39372672924103236,0.5195988628590784,0,5
1.265,0.851,0.7066666666666667,0.48371927120317776,0.8487156435400867,0.5818333333333333,0.3374050483716354,0.658359816203367,0.42733333333333334,0.27961867974190446,0.5462412367543482,0.5329583333333333,0.4117981226773385,0.5792309538303522,1,0
0.43,-0.835,0.703,0.4867720205599333,0.6393578217700433,0.5855,0.33525080163960674,0.5931141544309765,0.44108333333333327,0.2749279106613327,0.5283579695613716,0.48574999999999996,0.3486878821101121,0.567292477523924,1,0
2.085,1.655,1.26,0.8275113292275823,1.3621789108850217,0.8603333333333333,0.6833615929115904,1.0193672531649831,0.5931666666666667,0.5413415714405249,0.7678413588596222,0.51,0.43264123102474794,0.6887090793220101,1,0
1.014,-1.071,1.1763333333333337,0.8393570952421463,1.188089455442511,0.9415,0.664513280529441,1.0178337522607022,0.6560833333333334,0.5428451073796839,0.805711919035065,0.50525,0.426138092539313,0.7147323529762493,0,1
0.397,-0.617,1.1653333333333336,0.8541149415232901,0.7925447277212555,0.9341666666666667,0.6713489157410372,0.8404526801862159,0.6678333333333333,0.5348652903188603,0.7428331622604396,0.4861666666666667,0.42000555551881363,0.6893137647381493,0,2
0.599,0.20199999999999996,0.6700000000000003,0.3145679576816432,0.6957723638606277,0.965,0.6464682513472719,0.7714662001330114,0.69575,0.5204189090618162,0.7207049834511412,0.4852916666666667,0.41973640581002675,0.6820886635590974,0,3
0.654,0.05500000000000005,0.5500000000000002,0.13532553343696846,0.6748861819303138,0.8631666666666665,0.6378254986018246,0.7379044286664367,0.7225,0.5081842006774531,0.7104426783048118,0.5002916666666667,0.4190350695261128,0.6798415704743697,0,4
0.806,0.15200000000000002,0.6863333333333336,0.10722095566321631,0.7404430909651569,0.9258333333333333,0.6043473890625045,0.7573603061903119,0.7556666666666666,0.4986914391837417,0.7251438047194562,0.5230833333333333,0.42021463632257117,0.6899342448364201,0,5
0.422,-0.38400000000000006,0.6273333333333335,0.193383901432703,0.5812215454825784,0.6486666666666666,0.23470463707959754,0.6615430758502228,0.7545000000000001,0.49952295424553,0.6785062963010783,0.5299166666666667,0.41703799395954044,0.6684995052495065,0,6
1.192,0.77,0.806666666666667,0.38500043290018965,0.8866107727412892,0.6783333333333333,0.29390247815672743,0.8131021970358734,0.8099166666666666,0.5087911624327776,0.757505327639374,0.5687916666666667,0.43383346626243113,0.710379544829546,1,0
1.699,0.5070000000000001,1.1043333333333336,0.6429979263833855,1.2928053863706446,0.8953333333333333,0.4715869661755573,1.0662158550256238,0.9147500000000001,0.5535047219967753,0.9023506618487009,0.6285416666666667,0.48581012386453615,0.7894691812431824,0,1
1.372,-0.32699999999999996,1.4210000000000003,0.2570272359109057,1.3324026931853223,1.0241666666666667,0.4799543381058937,1.1535827535897312,0.9945833333333334,0.543715242706617,0.9746044061796701,0.6707916666666667,0.5049735231256898,0.8360716467437278,0,2
0.748,-0.6240000000000001,1.2730000000000001,0.483167672759675,1.0402013465926612,1.0398333333333334,0.4668089187951175,1.037701966849808,0.9515000000000001,0.5408152936245259,0.9397421898443362,0.6894166666666667,0.4989488879170128,0.8290259150042296,0,3
0.984,0.236,1.0346666666666668,0.31507036251182624,1.0121006732963305,1.0695,0.4544692508850296,1.022358547749863,0.9976666666666668,0.5152943260159603,0.9465510837144384,0.719375,0.49391777281684085,0.8414238418038913,0,4
1.979,0.9950000000000001,1.237,0.6533352891127192,1.4955503366481653,1.329,0.4553249389172536,1.2956846769641879,0.9888333333333333,0.4954883419109851,1.1053893785276017,0.791,0.5462705970646708,0.93242993445958,1,0
3.201,1.222,2.054666666666667,1.1104351999704145,2.348275168324083,1.6638333333333335,0.8774438823461408,1.8400604835458485,1.1710833333333335,0.8087624056469732,1.4277910126002784,0.9135833333333334,0.7231543774486808,1.1139155397028138,0,1
1.361,-1.84,2.1803333333333335,0.9363767048220148,1.8546375841620413,1.6075000000000002,0.8855472319419228,1.703186059675606,1.2514166666666668,0.771921152159672,1.4175154722002357,0.9596250000000001,0.7145929709495018,1.1336822965265887,1,0
1.56,0.19900000000000007,2.040666666666667,1.0097922228524712,1.7073187920810207,1.6388333333333334,0.8788486597057926,1.6622757569111473,1.3315,0.747547566136339,1.4394361687848147,1.013625,0.7086841335086862,1.1677877128044616,0,1
1.52,-0.040000000000000036,1.4803333333333335,0.10526316228070723,1.6136593960405103,1.7675,0.7724094121643016,1.6216255406508195,1.4036666666666668,0.7173898817409143,1.4518306043563816,1.0630833333333334,0.7004911889503695,1.1959646957801047,0,2
1.999,0.4790000000000001,1.6930000000000005,0.26575740817520255,1.8063296980202552,1.9366666666666665,0.6709839541052148,1.7294468147505855,1.5030833333333333,0.7096569540448702,1.5360105113784768,1.129375,0.7110053392143446,1.2602075201176963,0,3
1.844,-0.15500000000000003,1.7876666666666672,0.2444183571938379,1.8251648490101275,1.9141666666666668,0.6715437191029852,1.7621762962504182,1.6215833333333334,0.6265866345574738,1.583393509627942,1.1880416666666667,0.7093927273849568,1.3069109185082808,0,4
1.009,-0.8350000000000002,1.6173333333333337,0.5325019561779417,1.4170824245050637,1.5488333333333333,0.3514059855305084,1.5469830687502988,1.6063333333333336,0.6400741907755462,1.4950252773774892,1.2081250000000001,0.6965715614474886,1.2830780450276182,1,0
2.251,1.242,1.7013333333333336,0.633171646027627,1.8340412122525318,1.6971666666666667,0.4343203502792245,1.7481307633930707,1.6523333333333332,0.6666238319572245,1.6113290808578755,1.2835416666666666,0.7077975010808055,1.360511801425409,1,0
2.408,0.15700000000000003,1.8893333333333338,0.766421772481272,2.1210206061262658,1.8384999999999998,0.5118182294526075,1.9366648309950505,1.7386666666666668,0.6935589813462595,1.7338938376489714,1.366625,0.7182440430903577,1.4443108573113763,0,1
2.073,-0.33499999999999996,2.244,0.1676096655924157,2.097010303063133,1.9306666666666665,0.4924163549951086,1.9756177364250358,1.8490833333333334,0.6234304595372193,1.7860640164722066,1.4002916666666667,0.7320771210957798,1.4946059887264662,0,2
1.122,-0.9509999999999998,1.8676666666666668,0.6671359181855933,1.6095051515315664,1.7844999999999998,0.5888044666950155,1.7317269545893113,1.8605833333333335,0.6070805635218947,1.6839003216303285,1.429125,0.7053391606324861,1.464797509628349,0,3
1.281,0.1589999999999998,1.4920000000000002,0.5094025912772738,1.445252575765783,1.6906666666666668,0.6213851194441883,1.6029478247066509,1.8024166666666666,0.6277889712508838,1.6219156567641242,1.395625,0.6917970180121014,1.450093708858081,0,4
1.2,-0.08099999999999996,1.2010000000000003,0.07950471684121203,1.3226262878828914,1.7225,0.5831983367603182,1.4878198747904647,1.6356666666666664,0.46792702098692446,1.5570055557234896,1.4033749999999998,0.6883692646866348,1.4300862121494347,0,5
0.791,-0.4089999999999999,1.0906666666666671,0.262660109901246,1.0568131439414457,1.4791666666666667,0.6218866188194336,1.288728481993189,1.5881666666666667,0.5239238031576273,1.4391585471506452,1.4197916666666666,0.6677133581284632,1.37895931517748,0,6
0.417,-0.37400000000000005,0.802666666666667,0.39163035292649967,0.7369065719707228,1.1473333333333333,0.554707370301375,1.0396632014237064,1.4929166666666667,0.6238753456979189,1.281903386050546,1.4122083333333333,0.6783886906337038,1.3020025699632816,0,7
0.316,-0.10099999999999998,0.5080000000000003,0.25023389059038625,0.5264532859853615,0.8544999999999999,0.4143065290337569,0.8329022867312189,1.3925833333333333,0.7099950650703448,1.1333028651196928,1.398125,0.698037330040762,1.223122364366219,0,8
0.361,0.044999999999999984,0.3646666666666669,0.05059973649471637,0.4437266429926807,0.7276666666666666,0.4321377866684023,0.6980730619508706,1.2560833333333334,0.7396472695368611,1.0144870397166632,1.3795833333333334,0.7200137629521957,1.1541525752169215,0,9
0.314,-0.046999999999999986,0.3303333333333336,0.026576932353729817,0.3788633214963404,0.5665,0.35855529559608856,0.588337901393479,1.1285833333333333,0.7606611308990402,0.9067198028371766,1.3750833333333332,0.7265664287333401,1.0869403691995678,0,10
0.306,-0.008000000000000007,0.3270000000000003,0.02971531591623076,0.3424316607481702,0.4175,0.18769203499349146,0.5076699295667707,1.0699999999999998,0.7969155310548066,0.8143013716314571,1.3381666666666667,0.7580978293337745,1.0244651396636024,0,11
0.303,-0.0030000000000000027,0.307666666666667,0.005686240703200025,0.32271583037408513,0.33616666666666667,0.04485272195379497,0.4491928068334077,0.9076666666666666,0.7300760026853167,0.7356396221496945,1.28,0.7823752018831758,0.9667479284905143,0,12
0.305,0.0020000000000000018,0.3046666666666669,0.0015275252321086444,0.31385791518704254,0.3175,0.021933991884691625,0.40799486202386265,0.7324166666666666,0.572615761751335,0.669387372588203,1.2355416666666665,0.806853145366867,0.9138080942112732,0,13
0.361,0.055999999999999994,0.3230000000000003,0.03292415526632987,0.33742895759352126,0.325,0.028135386970819163,0.3945677585884733,0.58975,0.39350617992144005,0.6219431614207872,1.2194166666666668,0.820767451928333,0.8695834466743714,0,14
0.367,0.006000000000000005,0.3443333333333336,0.03419551627530621,0.3522144787967606,0.326,0.029732137494599065,0.38669125613462374,0.5268333333333333,0.35956332944112784,0.5827211365868199,1.1937083333333334,0.8379450266894743,0.8293767709404217,0,15
0.317,-0.04999999999999999,0.3483333333333336,0.027300793639283297,0.33460723939838033,0.32649999999999996,0.02951440326345334,0.3667794686675884,0.44649999999999995,0.2730243079421207,0.5418409617273091,1.1244583333333333,0.8389002624640902,0.7883866292651881,0,16
0.312,-0.0050000000000000044,0.3320000000000003,0.030413812651514067,0.3233036196991902,0.3275,0.0287732514672525,0.35112819190542033,0.3725,0.13637548433378333,0.5064808137692616,1.0040833333333332,0.7279104649114043,0.7502756989239731,0,17
0.308,-0.0040000000000000036,0.31233333333333363,0.004509249752977613,0.31565180984959507,0.3283333333333333,0.027983328370020908,0.3388058513610145,0.33225,0.03587636598604861,0.4759453039586059,0.9602083333333332,0.7371382962196603,0.7148936430100552,0,18
0.345,0.03699999999999998,0.321666666666667,0.020305992547391752,0.3303259049247975,0.33499999999999996,0.026007691170070648,0.3405756081150103,0.32625,0.02469127560314297,0.4557998725803588,0.9095833333333334,0.7358756343808123,0.6853021515692508,0,19
0.408,0.063,0.35366666666666696,0.05056019514731658,0.3691629524623987,0.3428333333333333,0.03915822604082648,0.3598397200821502,0.33391666666666664,0.03381623691053081,0.4484460460295344,0.86325,0.7307605478273099,0.6631179794437108,0,20
0.383,-0.024999999999999967,0.37866666666666693,0.03172275734129589,0.37608147623119936,0.3455,0.04160168265825077,0.3664569429158216,0.33575,0.035947246702018945,0.43837742356345216,0.7959166666666665,0.6951432080587031,0.640708541088214,0,21
0.411,0.02799999999999997,0.40066666666666695,0.015373136743512955,0.39354073811559964,0.36116666666666664,0.04617105875615717,0.3791835306541582,0.34383333333333327,0.04114239868673473,0.434165512245998,0.7362083333333334,0.6619560591726333,0.6223318578011569,0,22
0.54,0.12900000000000006,0.444666666666667,0.08373967598059336,0.46677036905779984,0.39916666666666667,0.07944662778661304,0.4251310933243987,0.3633333333333333,0.06816201732682108,0.4504477411312291,0.7166666666666667,0.6604738527337233,0.6157453091770644,0,23
0.565,0.02499999999999991,0.5053333333333336,0.08264583070751222,0.5158851845288999,0.442,0.08915155635208001,0.4650936380888562,0.38516666666666666,0.08655826554023924,0.4680711655725785,0.6464166666666666,0.5742130279341247,0.6116856844428993,0,24
0.544,-0.020999999999999908,0.549666666666667,0.013428824719042562,0.52994259226445,0.4751666666666667,0.08262546016007938,0.48763831292061155,0.4050833333333334,0.09364192760757238,0.47975252471525875,0.56875,0.4346971209434474,0.6062708296874674,0,25
0.621,0.07699999999999996,0.576666666666667,0.03980368492155933,0.575471296132225,0.5106666666666667,0.09309063683671398,0.5257416520861511,0.42674999999999996,0.11098740714808931,0.5014829055282959,0.50825,0.2947535816797548,0.6074491633124699,0,26
0.892,0.271,0.685666666666667,0.18279040820933348,0.7337356480661126,0.5955,0.16078899216052872,0.6303868943472508,0.4705,0.17199867864186233,0.5615624585239427,0.49866666666666665,0.27714407909914035,0.6302132302474723,0,27
0.657,-0.235,0.7233333333333336,0.14717449960280068,0.6953678240330563,0.6365,0.13335778942378543,0.6379906388194649,0.4988333333333334,0.17241748136076293,0.576245157212567,0.47266666666666673,0.2249060995686618,0.6323561718276747,0,28
0.346,-0.31100000000000005,0.6316666666666669,0.27388014410200456,0.5206839120165281,0.6041666666666666,0.17761015361365262,0.5545647420139035,0.5016666666666666,0.16931967255801278,0.5408228253337105,0.4370833333333333,0.16419048234521402,0.6094476780814607,0,29
0.331,-0.014999999999999958,0.444666666666667,0.1840389451538307,0.425841956008264,0.5651666666666667,0.21056440028329854,0.49068910143850253,0.5035833333333334,0.1670429766874597,0.5085423906669858,0.41791666666666666,0.1470323586587457,0.5871718638349439,0,30
0.344,0.012999999999999956,0.3403333333333336,0.008144527815328522,0.384920978004132,0.5318333333333333,0.22955907010324178,0.44877792959893037,0.5035000000000001,0.16712950884650465,0.4832281767182187,0.41487499999999994,0.1478051927369279,0.5677181147281484,0,31
0.716,0.372,0.46366666666666695,0.21862372545845682,0.550460489002066,0.5476666666666666,0.23997888796030606,0.5251270925706645,0.5291666666666667,0.17461273166813235,0.5190392264538775,0.4315416666666667,0.15834743834961293,0.5795806655498965,0,32
0.465,-0.25099999999999995,0.5083333333333336,0.18974807860248472,0.507730244501033,0.4765,0.17078026818107014,0.5079479232647603,0.536,0.16991388193060739,0.5107254993071271,0.435875,0.157754986829468,0.5704142123059048,0,33
0.366,-0.09900000000000003,0.5156666666666669,0.18041710931431837,0.4368651222505165,0.428,0.1492286835698757,0.46739137376054307,0.53225,0.17338455682515574,0.4884600378752614,0.43804166666666666,0.15635925166011302,0.5540610753214325,0,34
0.292,-0.07400000000000001,0.3743333333333336,0.08680053763275115,0.36443256112525824,0.41900000000000004,0.15660906742586161,0.4172795526861022,0.5115833333333333,0.1866496271984878,0.45823541666368267,0.43745833333333334,0.1568984659682459,0.5330961892957179,0,35
0.261,-0.030999999999999972,0.30633333333333357,0.05394750534857579,0.3127162805626291,0.4073333333333333,0.16675451018387688,0.3726282519186444,0.48625,0.1989646496696913,0.4278915064077315,0.43570833333333336,0.15868740920621308,0.5113284941520605,0,36
0.26,-0.0010000000000000009,0.2710000000000003,0.01819340539869498,0.28635814028131457,0.39333333333333337,0.176383294749431,0.3404487513704603,0.46258333333333335,0.20814962203068335,0.40206204388346506,0.43383333333333335,0.160553842158587,0.4912222146198957,0,37
0.639,0.379,0.38666666666666694,0.21852764889902296,0.4626790701406573,0.3805,0.14886604716992372,0.42574910812175737,0.46408333333333335,0.20945577026420373,0.43851403713216275,0.4454166666666666,0.16503646939959807,0.503044437450304,1,0
0.945,0.30599999999999994,0.6146666666666669,0.34314768443533866,0.7038395350703286,0.46049999999999996,0.27710124503509215,0.5741065058012552,0.46849999999999997,0.21961184766848266,0.5164349544964454,0.46950000000000003,0.19291426345265056,0.5384008824542798,0,1
1.697,0.7520000000000001,1.0936666666666668,0.5444422222176887,1.2004197675351644,0.6823333333333332,0.5672155381040487,0.894933218429468,0.5551666666666667,0.4171406637254806,0.6980603461123769,0.527,0.3134739431651037,0.6310888118579374,0,2
0.592,-1.105,1.078,0.5643784191480055,0.8962098837675823,0.7323333333333334,0.5384175579108335,0.8083808703067629,0.5756666666666667,0.4119391687954423,0.6817433697873958,0.5386666666666666,0.31031886359267574,0.6279617069093024,1,0
0.94,0.348,1.0763333333333336,0.5649746306988793,0.9181049418837911,0.8454999999999999,0.48858929583035215,0.8459863359334021,0.6264166666666667,0.4165445427089486,0.7214751590508733,0.565,0.3166446369148812,0.6529247703565583,0,1
2.121,1.181,1.217666666666667,0.8014264366324181,1.5195524709418955,1.1556666666666666,0.6165172071132053,1.2102759542381443,0.7745000000000001,0.5877135201934551,0.9367866730430466,0.639,0.4446483710900602,0.7703707887280336,0,2
2.494,0.3730000000000002,1.8516666666666668,0.8112547894054837,2.006776235470948,1.4648333333333332,0.7551363894467462,1.577054253027246,0.9226666666666667,0.7680729526588354,1.176357954113347,0.7259166666666667,0.5806194530631598,0.9082611256297909,0,3
1.125,-1.3690000000000002,1.9133333333333338,0.7077318230328036,1.565888117735474,1.4948333333333332,0.7336231775691578,1.4478958950194614,0.9776666666666668,0.7558545234408943,1.1684567304036013,0.7568333333333334,0.581320510761391,0.9256002355794076,0,4
0.811,-0.31399999999999995,1.4766666666666668,0.8949158247194735,1.188444058867737,1.3471666666666666,0.7729086405692899,1.2659256392996154,1.01475,0.7337089000414271,1.1134633872645858,0.7735,0.5766898797371989,0.9164322167330551,0,5
0.82,0.008999999999999897,0.9186666666666667,0.17874656173849893,1.0042220294338684,1.3851666666666667,0.7329260308289424,1.1385183137854396,1.05875,0.7015530984893451,1.0683151738392649,0.7851666666666667,0.5745891285663758,0.9087176393944107,0,6
1.483,0.6630000000000001,1.0380000000000003,0.38540757646938106,1.2436110147169344,1.475666666666667,0.6997369982119482,1.2369416527038855,1.1605833333333333,0.662851067645507,1.1321128394024549,0.8234166666666667,0.5896533924166012,0.9546602282428579,0,7
2.721,1.238,1.674666666666667,0.9648846217726427,1.9823055073584672,1.5756666666666668,0.8393520516843146,1.660958323359918,1.3656666666666668,0.7356028243226883,1.3765570179559234,0.914125,0.7016183969936938,1.0959674099834293,0,8
2.391,-0.33000000000000007,2.1983333333333337,0.6410938568831678,2.1866527536792337,1.5585000000000002,0.817584674513901,1.8695416595427985,1.5116666666666667,0.7519489021969192,1.5326251690396275,0.9878750000000002,0.7600592832999511,1.199570017184755,0,9
1.254,-1.137,2.1220000000000003,0.7696057432218151,1.7203263768396169,1.58,0.8055120110836347,1.6936726139591418,1.5374166666666664,0.7358991356692767,1.4897597584181463,1.0029583333333334,0.7616641665039995,1.2039244158099747,0,10
1.237,-0.016999999999999904,1.6273333333333337,0.6614093538296351,1.4786631884198085,1.651,0.7403093947803187,1.5631947242565298,1.4990833333333333,0.7388057265040331,1.4508736417384316,1.027125,0.7594080825679732,1.2065704625451767,0,11
0.997,-0.2400000000000001,1.162666666666667,0.14372311342764355,1.2378315942099043,1.6805,0.7031676187083714,1.4014248030403786,1.5328333333333335,0.7019318580413157,1.3810469276248267,1.0542500000000001,0.7455209004739428,1.1898048255415627,0,12
0.887,-0.10999999999999999,1.0403333333333336,0.17897858344878928,1.0624157971049522,1.5811666666666666,0.7750686206179863,1.2544462878859848,1.5284166666666668,0.7061552054912749,1.3050397079902378,1.0774166666666667,0.7305576736252614,1.1655804394982376,0,13
0.81,-0.07699999999999996,0.8980000000000002,0.09398404119850225,0.9362078985524761,1.2626666666666668,0.5814604601059883,1.1274616342042747,1.4191666666666667,0.7075532531623373,1.2288797529148165,1.0968333333333333,0.7162704533336839,1.1371340043383786,0,14
0.639,-0.17100000000000004,0.7786666666666671,0.1269343662423027,0.7876039492762381,0.9706666666666667,0.24278440367261503,0.9879011672887676,1.2645833333333334,0.6518218465938146,1.1381290216971522,1.093625,0.7182202527927902,1.0972832839913085,0,15
0.545,-0.09399999999999997,0.6646666666666671,0.13435152895793545,0.6663019746381191,0.8525,0.24974206694107523,0.861357976634834,1.21625,0.683830936708775,1.0468784029745135,1.0969583333333335,0.7153558238458294,1.053100621272004,0,16
0.495,-0.050000000000000044,0.5596666666666671,0.07311178655548575,0.5806509873190595,0.7288333333333333,0.20003041435408522,0.7566842690248815,1.1899166666666667,0.7065617721606431,0.9619740332861267,1.1023333333333334,0.7100900534847474,1.0084525715702437,0,17
0.281,-0.21399999999999997,0.44033333333333363,0.1402331392122948,0.43082549365952977,0.6095,0.22057175703158424,0.6207744778749154,1.145,0.7481252933469469,0.8572087973959535,1.101875,0.7106391680550076,0.9502563658446243,0,18
0.264,-0.017000000000000015,0.34666666666666696,0.1287413427510169,0.34741274682976486,0.5056666666666667,0.21020719936925755,0.5188389127677967,1.0434166666666667,0.780133608409289,0.7659459054888836,1.102,0.7104850761826467,0.8953558565770544,0,19
0.297,0.032999999999999974,0.280666666666667,0.016502525059359136,0.32220637341488245,0.42016666666666674,0.15999802082109238,0.4554563662627119,0.8414166666666668,0.5990823980864157,0.6938003815675169,1.1035416666666669,0.7086162866225042,0.8474873880508901,0,20
0.26,-0.03699999999999998,0.27366666666666695,0.020305992547392817,0.29110318670744123,0.357,0.1279234145885732,0.39961169018765136,0.6638333333333334,0.3700495871767703,0.6270618613263604,1.08775,0.7234858401306591,0.800488397006819,0,21
0.25,-0.010000000000000009,0.2690000000000003,0.024758836806308922,0.2705515933537206,0.30783333333333335,0.09319102245745885,0.35686549299117953,0.5801666666666666,0.33646067805731633,0.569052344199228,1.0587916666666668,0.7430914262414979,0.7564493252462735,0,22
0.32,0.07,0.276666666666667,0.03785938897202087,0.2952757966768603,0.2786666666666667,0.02621195655929887,0.34633249499369967,0.50375,0.27160235806983,0.5307365989378083,1.0014166666666666,0.7448300020031807,0.7215333792265716,1,0
0.255,-0.065,0.2750000000000003,0.03905124837955173,0.27513789833843016,0.2743333333333333,0.027847202133545967,0.3202374964240712,0.4419166666666667,0.23044362684074485,0.48831558371660705,0.987375,0.7559771570335456,0.6842107088884458,1,0
0.288,0.032999999999999974,0.28766666666666696,0.032501282026018305,0.28156894916921504,0.2783333333333333,0.027789686336239395,0.31102678316005083,0.39200000000000007,0.18582445283850194,0.45749780160635983,0.9602083333333332,0.7693504306523313,0.6525138521773701,0,1
0.33,0.04200000000000004,0.2910000000000003,0.037589892258444293,0.30578447458460756,0.2838333333333333,0.03464342169397497,0.31644770225717916,0.35200000000000004,0.13134202401641545,0.4378827552053814,0.8855833333333334,0.7380872410239314,0.6267127440031806,0,2
0.312,-0.018000000000000016,0.3100000000000003,0.021071307505740152,0.30889223729230375,0.29250000000000004,0.03398676212880415,0.3151769301836994,0.32475,0.09538355585358586,0.41851617748147657,0.7946666666666667,0.6617955593072838,0.6015357244829261,0,3
0.315,0.0030000000000000027,0.3190000000000003,0.00964365076106893,0.31194611864615185,0.30333333333333334,0.02746391571984213,0.31512637870264243,0.3055833333333333,0.06554312713895283,0.4025906117150955,0.7609166666666667,0.6648638250026102,0.5786128665242921,0,4
0.308,-0.007000000000000006,0.311666666666667,0.003511884584492376,0.30997305932307595,0.30133333333333334,0.02642473588641124,0.3130902705018874,0.29,0.02774559752140173,0.38803820991277316,0.7399583333333334,0.6711150020782525,0.5569638372023488,0,5
0.344,0.035999999999999976,0.3223333333333336,0.01908751773633227,0.32698652966153796,0.31616666666666665,0.01920850506069126,0.3219216217870624,0.29524999999999996,0.03158286359291539,0.3812631006954234,0.720125,0.675664845685827,0.5399267302261609,0,6
0.333,-0.010999999999999954,0.32833333333333364,0.01844812546940208,0.32999326483076896,0.3236666666666667,0.01412326685532096,0.32508687270504455,0.301,0.03165725537982157,0.3738380082807429,0.6722083333333333,0.6598027359463728,0.523372591808068,0,7
0.76,0.427,0.4790000000000003,0.24341528300417278,0.5449966324153845,0.3953333333333333,0.17917998400118992,0.44934776621788897,0.33958333333333335,0.13612324518167085,0.4332475454683209,0.5905,0.496191670539766,0.5423027844634226,1,0
0.598,-0.16200000000000003,0.5636666666666669,0.21556050967961385,0.5714983162076923,0.44300000000000006,0.19027558960623414,0.4918198330127779,0.36775,0.1521811868673819,0.4585940769347331,0.5157916666666666,0.3153359808158619,0.5467585617063488,0,1
0.308,-0.29,0.5553333333333336,0.22900072780088473,0.4397491581038462,0.4418333333333333,0.1912364156395604,0.43929988072341275,0.3725833333333333,0.14898899186507392,0.4354257574063126,0.476375,0.2756796837699116,0.527657876769841,0,2
0.457,0.14900000000000002,0.45433333333333364,0.14501838963846922,0.44837457905192313,0.4666666666666666,0.17970828213153314,0.44435705765958056,0.38399999999999995,0.14983991457552745,0.43874487165149534,0.443875,0.22306741279750855,0.5220052466282538,0,3
0.505,0.04799999999999999,0.4233333333333336,0.10272455078185969,0.47668728952596157,0.49350000000000005,0.16945648408957406,0.46168361261398605,0.4048333333333333,0.14763704470659902,0.44893796832049604,0.42337500000000006,0.19021288131299488,0.5206448268979935,0,4
0.407,-0.09800000000000003,0.45633333333333365,0.04900340124251455,0.44184364476298077,0.5058333333333332,0.1577256056151529,0.4460597232957043,0.41474999999999995,0.1429997616018403,0.4424859731942659,0.40337500000000004,0.16257194059727953,0.511553240746154,0,5
0.395,-0.011999999999999955,0.4356666666666669,0.06034346139669873,0.4184218223814904,0.445,0.0998659100994931,0.4314712309255031,0.42016666666666674,0.14071042691437466,0.43518043885668656,0.38608333333333333,0.13759294618758577,0.5022289814864618,0,6
0.659,0.264,0.48700000000000027,0.149077161228679,0.5387109111907452,0.4551666666666667,0.11969363670081512,0.49647945066107363,0.44908333333333333,0.15168775244701058,0.4696142174941194,0.38691666666666674,0.13924202160163543,0.5147706629675449,1,0
0.79,0.131,0.6146666666666669,0.2011972498155353,0.6643554555953726,0.5355,0.15707800609888106,0.5803424647579097,0.48866666666666664,0.1738716001345091,0.5189043378796395,0.397125,0.15892527981796212,0.5367890099301413,0,1
0.38,-0.41000000000000003,0.6096666666666669,0.20940471182219117,0.5221777277976862,0.5226666666666667,0.16756928915128444,0.5231017605413641,0.49466666666666664,0.16822081447978937,0.49753443974431033,0.39233333333333337,0.15757390720510875,0.5242458891357301,1,0
0.525,0.14500000000000002,0.5650000000000003,0.2079062288629217,0.5235888638988431,0.5260000000000001,0.16734634743549115,0.523644114672403,0.50975,0.1614621402288289,0.5017599105528779,0.4025,0.15794935897305873,0.5243062180048718,0,1
2.034,1.509,0.9796666666666668,0.9159532375254397,1.2787944319494216,0.7971666666666667,0.6258975688294907,0.955174367623145,0.6515000000000001,0.46100197199341714,0.7374891550832043,0.47625,0.36629024485817396,0.6450817205644821,1,0
2.322,0.28800000000000026,1.627,0.9651626805880973,1.8003972159747108,1.1183333333333334,0.8370459167015077,1.345695976873675,0.7816666666666666,0.6683241365648503,0.9812600543011729,0.560625,0.5229381717963791,0.7792351829193236,0,1
0.972,-1.35,1.776,0.7110189870882504,1.3861986079873554,1.1704999999999999,0.8120748118246255,1.2389256977669105,0.8128333333333334,0.6677006451360914,0.9798354305625309,0.5902916666666667,0.5253326465133819,0.7946563682857777,0,2
0.58,-0.392,1.2913333333333334,0.9138497323593935,0.9830993039936777,1.1355,0.8359291237898108,1.0506612126906503,0.8355000000000001,0.6534701078229844,0.9183222873990645,0.6040416666666667,0.520333545130819,0.7774838588229155,0,3
0.404,-0.17599999999999993,0.6520000000000001,0.29076450952618343,0.6935496519968389,1.1395,0.8316373608731157,0.8659008662076073,0.8310833333333334,0.6564332630114655,0.8391957816453622,0.6075416666666668,0.5186195706468965,0.7476051501170823,0,4
0.525,0.121,0.5030000000000001,0.09003888049060821,0.6092748259984195,1.1395,0.8316373608731157,0.7685006187197195,0.83275,0.6555548829392209,0.7908579690845373,0.6187916666666667,0.5135432735812824,0.7297967381077157,0,5
0.665,0.14,0.5313333333333335,0.1306152109569761,0.6371374129992098,0.9113333333333333,0.7170443965799239,0.7389290133712283,0.85425,0.6444591989341995,0.7714952046099931,0.6345,0.5087283378573781,0.7246129990590985,0,6
1.871,1.206,1.0203333333333335,0.7400171169191531,1.2540687064996048,0.8361666666666666,0.5418196809517601,1.0623778666937347,0.9772500000000001,0.6882075697715843,0.940649788516148,0.6987083333333333,0.5629800737200183,0.8163239591343707,1,0
2.189,0.31800000000000006,1.5750000000000002,0.8039626857012719,1.7215343532498024,1.039,0.778807036434572,1.384269904781239,1.1047500000000001,0.761691076128995,1.1327036672059714,0.7769166666666666,0.6329502979777679,0.9261380424036212,0,1
1.299,-0.8900000000000001,1.7863333333333333,0.45100036954900113,1.5102671766249012,1.1588333333333334,0.7487938078447682,1.359907074843742,1.1471666666666667,0.7567263025491435,1.1582877184050526,0.8179166666666667,0.6335977270399138,0.9559669990113315,0,2
1.585,0.28600000000000003,1.691,0.4543698933688303,1.5476335883124506,1.3556666666666668,0.6607337335619152,1.4242193391741016,1.2475833333333333,0.7249534729062196,1.2239357617273523,0.871125,0.6424719457586897,1.006289639090425,0,3
1.596,0.01100000000000012,1.4933333333333334,0.16838745004701336,1.5718167941562253,1.5341666666666667,0.5214258975795778,1.473299527981501,1.3368333333333335,0.6931360660509645,1.281176413769298,0.9232916666666666,0.6486100509461799,1.053466467963191,0,4
1.476,-0.1200000000000001,1.5523333333333333,0.06633500835407669,1.5239083970781127,1.6693333333333331,0.31551143666540604,1.4740710914153579,1.2903333333333333,0.6600408160014649,1.311149273189406,0.9709166666666667,0.6453375198241258,1.0872691505261358,0,5
2.396,0.9199999999999999,1.8226666666666667,0.5001333155602969,1.9599541985390563,1.7568333333333335,0.43339931548938637,1.73747935101097,1.2965,0.6708135494918234,1.4780493850064205,1.0390833333333334,0.7056741406298118,1.191967618484045,1,0
1.792,-0.6039999999999999,1.8880000000000001,0.467452671401076,1.8759770992695282,1.6906666666666668,0.38141193828545605,1.75305667929355,1.3648333333333333,0.676494014397136,1.5263494796208172,1.0888333333333333,0.715249282580475,1.2399702090053215,0,1
1.099,-0.6930000000000001,1.7623333333333335,0.649008731322881,1.487488549634764,1.657333333333333,0.4283398961883757,1.5661833423525358,1.4080833333333331,0.6372057550292723,1.4606034058329993,1.1217916666666667,0.6956607106020596,1.228692592284896,0,2
1.009,-0.09000000000000008,1.3,0.42845419825227715,1.2482442748173819,1.5613333333333335,0.5054074264063284,1.4069881016803827,1.4585,0.5710377315984397,1.3911259587817686,1.1447916666666667,0.6817109536125722,1.2111171849021043,0,3
1.031,0.02200000000000002,1.0463333333333333,0.04691836882644793,1.1396221374086908,1.4671666666666665,0.5484579898831523,1.299562929771702,1.5006666666666666,0.5114082754927075,1.335721965123035,1.1667083333333335,0.6685764552011053,1.196707810109936,0,4
1.13,0.09899999999999998,1.0566666666666666,0.06445411804791536,1.1348110687043453,1.4094999999999998,0.5652754195965018,1.2511163784083585,1.5394166666666667,0.4570616545506818,1.3040724320271833,1.1968333333333334,0.6488546207283877,1.1913711853011413,0,5
1.253,0.123,1.1380000000000001,0.11121600604230206,1.1939055343521727,1.219,0.29368350311176955,1.2516545560059704,1.4879166666666668,0.45108141944630986,1.296215134792232,1.2325833333333334,0.6259888814588843,1.1963014904770501,0,6
0.768,-0.4849999999999999,1.0503333333333333,0.25212364691423633,0.9809527671760864,1.0483333333333333,0.1622093297768871,1.1134675400042646,1.3694999999999997,0.43658915573922785,1.2149512679011192,1.237125,0.6220293794613272,1.162037371238886,1,0
0.344,-0.42400000000000004,0.7883333333333334,0.45484099785895954,0.6624763835880432,0.9224999999999999,0.32559898648490887,0.8936196714316176,1.2899166666666666,0.5280658461582124,1.0809587651471007,1.2185416666666666,0.642300077450372,1.0965943815397752,0,1
0.267,-0.07699999999999996,0.45966666666666683,0.26978571743762386,0.4647381917940216,0.7988333333333334,0.41485198163521675,0.7145854795940125,1.1800833333333332,0.5940548579402624,0.9557343397398544,1.2138333333333333,0.649092454503019,1.0302268310165932,0,2
0.264,-0.0030000000000000027,0.2916666666666668,0.04534681172180832,0.36436909589701083,0.6709999999999999,0.44600627798271986,0.5858467711385804,1.0690833333333332,0.6324758649126232,0.8493136720875691,1.2029583333333334,0.6631688406672046,0.9689286845352658,0,3
0.301,0.03699999999999998,0.2773333333333335,0.02055075018905899,0.33268454794850544,0.5328333333333333,0.40156863257314496,0.5044619793847003,0.9711666666666666,0.654328362567761,0.7649577225356354,1.13075,0.6630954584043853,0.9154943897724446,0,4
0.288,-0.013000000000000012,0.2843333333333335,0.01877054430039577,0.31034227397425274,0.37200000000000005,0.19615606031932428,0.44261569956050023,0.7955,0.502345679605372,0.6915796113763069,1.046,0.633546539246569,0.865294838590649,0,5
0.266,-0.021999999999999964,0.28500000000000014,0.017691806012948133,0.2881711369871264,0.28833333333333333,0.031001075250139523,0.39215407111464307,0.6683333333333333,0.4122184622333915,0.6261058250107212,1.0165833333333334,0.6532169169423816,0.8173512515033972,0,6
0.265,-0.0010000000000000009,0.2730000000000002,0.012999999999991034,0.2765855684935632,0.2751666666666667,0.015561705133589222,0.35582433651045936,0.5988333333333333,0.40321499641423897,0.5705510827013794,1.0034583333333333,0.6654211467456019,0.7731631513831254,0,7
0.263,-0.0020000000000000018,0.2646666666666668,0.0015275252315709753,0.2697927842467816,0.2745,0.01605926523842572,0.32930309750747094,0.5366666666666666,0.39156755677041605,0.5232355315165519,0.9975833333333334,0.6715382029125481,0.7323500992724754,0,8
0.304,0.04099999999999998,0.2773333333333335,0.023115651263442862,0.2868963921233908,0.2811666666666667,0.018882972929726762,0.32207364107676495,0.47608333333333325,0.3633556880807119,0.48950698820631316,0.988375,0.6797649729709975,0.6980820913306774,1,0
0.346,0.04199999999999998,0.3043333333333335,0.04150100400391722,0.3164481960616954,0.2886666666666667,0.03242015833805896,0.3289097436262607,0.41074999999999995,0.3000597289025845,0.4674289900207265,0.9750833333333334,0.6894132298188623,0.6699155240242233,0,1
0.334,-0.011999999999999955,0.3280000000000001,0.0216333076527808,0.32522409803084773,0.29633333333333334,0.03730236811068213,0.3303641025901862,0.33416666666666667,0.1402982753301255,0.44690145309446094,0.9110416666666667,0.6737814430295735,0.6430422821022854,0,2
0.329,-0.0050000000000000044,0.33633333333333343,0.00873689494804717,0.3271120490154239,0.30683333333333335,0.03589661079635325,0.32997435899299016,0.29758333333333337,0.0334051121110704,0.4287627680030054,0.8335416666666667,0.6256481146825242,0.6179188995341026,0,3
0.326,-0.0030000000000000027,0.32966666666666683,0.004041451884310887,0.32655602450771193,0.317,0.029799328851472927,0.3288388278521358,0.2960833333333333,0.0314800321512557,0.4129531113871584,0.793,0.6257002338250287,0.5945653875713744,0,4
0.324,-0.0020000000000000018,0.32633333333333353,0.002516611478395836,0.325278012253856,0.32716666666666666,0.01380458860904309,0.32745630560866845,0.30083333333333334,0.03098924544636411,0.3992680173275956,0.7404583333333333,0.6090248784214253,0.5729201565656645,0,5
0.355,0.030999999999999972,0.3350000000000002,0.01734935157289391,0.340139006126928,0.3356666666666666,0.01230717947642537,0.33532593257762033,0.3084166666666667,0.032264414208909555,0.3924575531233501,0.6887500000000001,0.5854547285063422,0.5554865440404114,1,0
0.368,0.013000000000000012,0.34900000000000014,0.02260530911091249,0.35406950306346396,0.3393333333333333,0.017974055376151377,0.3446613804125859,0.314,0.03639680305643519,0.3886948526428347,0.6425833333333333,0.5639681548723694,0.5404876205171786,0,1
0.405,0.03700000000000003,0.3760000000000001,0.025942243542144836,0.379534751531732,0.3511666666666667,0.031808279844483735,0.36190098600898996,0.32375000000000004,0.04373083996035309,0.39120333685162934,0.559625,0.4238635765452595,0.5296486108758043,0,2
0.51,0.10499999999999998,0.4276666666666668,0.0736636500136491,0.444767375765866,0.38133333333333336,0.06976436530683178,0.40421499000642136,0.3440833333333333,0.06566368628832328,0.4094797465667633,0.5062083333333333,0.33280245859860363,0.52807672200574,0,3
0.332,-0.178,0.41566666666666685,0.08947811650528502,0.388383687882933,0.38233333333333336,0.06884959452796419,0.3835821357188724,0.3496666666666666,0.061011673001368165,0.397559785556492,0.47425,0.30940732264176896,0.5123905842452808,1,0
0.406,0.07400000000000001,0.41600000000000015,0.08942035562443278,0.3971918439414665,0.39599999999999996,0.06282992917390921,0.3899872397991946,0.36158333333333337,0.056330935039513315,0.39885828008626245,0.449125,0.28782593056281036,0.5038793375056584,0,1
0.446,0.03999999999999998,0.3946666666666669,0.05783885660465046,0.42159592197073326,0.4111666666666667,0.06193033720774622,0.4059908855708533,0.3734166666666667,0.058024224303839037,0.4061108523806836,0.42474999999999996,0.25981418945753937,0.4992489905052057,0,2
1.068,0.6220000000000001,0.6400000000000002,0.37119806033976055,0.7447979609853667,0.5278333333333334,0.27095270189954834,0.5951363468363238,0.43358333333333327,0.2078655414765394,0.5079399520144245,0.42216666666666675,0.25270805748697545,0.5447490712647892,1,0
1.212,0.1439999999999999,0.908666666666667,0.40709867763643537,0.9783989804926834,0.6623333333333333,0.3772350284195065,0.7713831048830884,0.50675,0.3025744461360658,0.6162568824737438,0.4204583333333334,0.24691962768526884,0.5981291455636062,0,1
0.77,-0.44199999999999995,1.0166666666666668,0.225427002227627,0.8741994902463417,0.7056666666666667,0.37112028598106306,0.7709879320593488,0.5435,0.3057870619773322,0.6399096697854756,0.42054166666666665,0.24704232680227892,0.6118788139185177,0,2
1.105,0.33499999999999996,1.0290000000000001,0.2305927145423316,0.9895997451231708,0.8345000000000001,0.3489709156935571,0.8664199514709634,0.6084166666666667,0.33655594113780396,0.7114620282800178,0.45225000000000004,0.28301040847351844,0.6513285088050363,0,3
2.226,1.121,1.3670000000000002,0.7625398350250312,1.6077998725615854,1.1378333333333333,0.6015807233170518,1.2548713939078309,0.7669166666666666,0.562477063505436,0.944467870083092,0.533875,0.4565537553473184,0.7773022281006334,0,4
2.037,-0.18900000000000006,1.7893333333333334,0.600136928819862,1.8223999362807928,1.4029999999999998,0.5860860005152838,1.4783367099341649,0.9070833333333334,0.6528163403610738,1.1125497362241548,0.6077499999999999,0.5457233930656907,0.8780780498525828,0,5
0.444,-1.593,1.5690000000000002,0.9788508568724873,1.1331999681403964,1.2990000000000002,0.7014333895673922,1.1828119356672606,0.9134166666666667,0.6474576094700002,1.0096959306512079,0.6137083333333333,0.5430024805105218,0.8433518058643762,1,0
0.454,0.010000000000000009,0.9783333333333336,0.9168458612729488,0.7935999840701982,1.1726666666666665,0.7836758683707616,0.9745799540480433,0.9175,0.6441055108372465,0.9242042490125606,0.620625,0.5397206050557446,0.8122036613952262,0,1
1.018,0.5640000000000001,0.6386666666666669,0.32855035129084065,0.9057999920350991,1.2140000000000002,0.7644959123500927,0.9869856814628881,0.9598333333333334,0.6314578850612776,0.9386343645490897,0.6519583333333333,0.5400662986005125,0.828667368483608,0,2
0.749,-0.269,0.7403333333333336,0.28209986411435034,0.8273999960175495,1.1546666666666667,0.7880978788619262,0.9189897724734915,0.9945833333333333,0.6046723317532231,0.9094598469261528,0.672125,0.5339909877516661,0.8222939790049194,0,3
0.421,-0.328,0.7293333333333335,0.29898550689512515,0.6241999980087748,0.8538333333333333,0.6249798130073216,0.7767069803382083,0.9958333333333335,0.6033590568767098,0.8343121781682832,0.6787083333333334,0.5296843587718408,0.7901904606845259,0,4
0.657,0.23600000000000004,0.6090000000000003,0.169186287860457,0.6405999990043874,0.6238333333333334,0.23428992011323557,0.7425049859558631,1.0134166666666666,0.588777231886458,0.8070333815270089,0.6934166666666667,0.5236942284649854,0.7795352238297639,0,5
1.106,0.44900000000000007,0.7280000000000003,0.3479755738554096,0.8732999995021937,0.7341666666666667,0.2833947188404656,0.8463607042541879,1.0165833333333334,0.5891995276078678,0.8530282459074691,0.7250833333333334,0.5247500371122191,0.8056524059233828,0,6
1.092,-0.014000000000000012,0.9516666666666671,0.25528480826977407,0.9826499997510969,0.8405,0.2768658519933437,0.9165433601815627,1.0065833333333334,0.5865939370379634,0.8897931311524738,0.7566666666666667,0.5229964391487946,0.8285602134495123,0,7
1.078,-0.014000000000000012,1.0920000000000003,0.01400000000007723,1.0303249998755484,0.8504999999999999,0.2855077932386437,0.9626738287011163,1.0322500000000001,0.5820215748890798,0.9187480340520933,0.787875,0.5186966368571869,0.8485153963735513,0,8
1.684,0.6059999999999999,1.284666666666667,0.3459036474704128,1.357162499937774,1.0063333333333333,0.4350377761375064,1.1687670205007974,1.0805,0.6118369509480901,1.0364791057363867,0.8444583333333333,0.5397637952939646,0.9153541646636674,0,9
1.696,0.01200000000000001,1.4860000000000004,0.3533893037430568,1.526581249968887,1.2188333333333334,0.4020887547130206,1.3194050146434266,1.0363333333333333,0.5360673860852231,1.1379438587000195,0.9016250000000001,0.5546933200858165,0.977805831490574,0,10
2.458,0.7620000000000002,1.9460000000000004,0.44344559982031956,1.9922906249844436,1.5190000000000001,0.5454638393147632,1.6447178676024476,1.0714166666666667,0.6154143405918177,1.3410294189000165,0.9892500000000001,0.626098217742927,1.0962213649713282,0,11
2.997,0.5389999999999997,2.383666666666667,0.6536775453794759,2.4946453124922217,1.8341666666666667,0.762310807129657,2.0310841911446054,1.2841666666666667,0.7941348446675491,1.5957941236846294,1.0987916666666666,0.7334581567844367,1.2482836557736219,0,12
1.944,-1.053,2.4663333333333335,0.5265494595319007,2.219322656246111,1.9761666666666666,0.6702024818416219,2.006202993674718,1.4083333333333332,0.7686083449187816,1.6493642585023787,1.1629166666666666,0.7374291958151507,1.303940963311732,0,13
1.15,-0.794,2.0303333333333335,0.926521631335899,1.6846613281230554,1.9881666666666666,0.6512819409953492,1.7615735669105128,1.4193333333333333,0.7634414109011829,1.5725389879635512,1.1895833333333334,0.7242459897184026,1.2916256862467936,0,14
1.149,-0.0009999999999998899,1.4143333333333334,0.45870506137749745,1.4168306640615276,1.8989999999999998,0.7327782747871301,1.5865525477932234,1.4526666666666668,0.7398814810904562,1.5073791436614663,1.223625,0.7010125479556728,1.2802156313470503,0,15
1.189,0.040000000000000036,1.162666666666667,0.022810816147892814,1.3029153320307638,1.8145,0.7880189718528371,1.4729661055665881,1.5166666666666668,0.6726948968458324,1.4583977369443177,1.2562499999999999,0.6791865499001121,1.2729183808392863,0,16
1.314,0.125,1.2173333333333336,0.0860716755578346,1.308457666015382,1.623833333333333,0.7379911697755391,1.4275472182618487,1.571416666666667,0.621126463237024,1.4361827004913457,1.2924166666666665,0.6569100207504213,1.2762049103721436,0,17
1.072,-0.242,1.191666666666667,0.12102203656083897,1.1902288330076911,1.303,0.3238777547161911,1.3259622987584634,1.5685833333333334,0.623515467233002,1.3801545927234464,1.2925833333333334,0.6568511125498465,1.2598685175423723,0,18
0.494,-0.5780000000000001,0.9600000000000003,0.4213169828051071,0.8421144165038456,1.0613333333333335,0.28902156782265825,1.0882587848274738,1.51875,0.6858494567124247,1.2438231169198393,1.2626666666666668,0.6767309314810345,1.1985990361389824,0,19
0.32,-0.174,0.628666666666667,0.39367160595264056,0.5810572082519228,0.923,0.4109900242098346,0.868756274876767,1.4555833333333332,0.7609291519204828,1.1016964835475562,1.2439166666666668,0.6969078235267228,1.128311113247864,0,20
0.278,-0.04199999999999998,0.3640000000000003,0.11452510641774921,0.4295286041259614,0.7778333333333333,0.4654187003835006,0.6999687677691193,1.3384166666666666,0.8278634558398821,0.9749739476171629,1.2094583333333333,0.7239941135460118,1.060286224188035,0,21
0.276,-0.0020000000000000018,0.29133333333333367,0.024846193538042464,0.3527643020629807,0.6256666666666667,0.4531938510909722,0.5788348341207995,1.2200833333333334,0.8723930992946761,0.8674394941375994,1.1282083333333335,0.714307264245313,0.9975433262529924,0,22
0.279,0.0030000000000000027,0.27766666666666695,0.0015275252305003368,0.31588215103149037,0.4531666666666667,0.31456663311080185,0.49316773865771396,1.0385,0.8162718464290731,0.7769103411933533,1.0549583333333332,0.7071646065783423,0.940059860152753,0,23
0.315,0.035999999999999976,0.2900000000000003,0.021702534414130656,0.3154410755157452,0.327,0.08412847318238223,0.4422626704697957,0.815,0.5573965456395567,0.7058472117789912,1.0495833333333333,0.7124805362202913,0.8900550713405327,0,24
0.306,-0.009000000000000008,0.3000000000000003,0.018734993995103425,0.31072053775787256,0.2956666666666667,0.02024516403157531,0.4033304789069969,0.6785,0.4450181814467619,0.6443322561206849,1.0434166666666667,0.7184748288632978,0.8433306656332902,0,25
0.271,-0.034999999999999976,0.2973333333333336,0.02324507116207403,0.2908602688789363,0.28750000000000003,0.0182510273683073,0.36552177064785496,0.60525,0.43252012564840314,0.5868965244098103,1.0122916666666666,0.7356000495996549,0.7975442123826271,0,26
0.269,-0.0020000000000000018,0.2820000000000003,0.020808652046600686,0.2799301344394681,0.286,0.01951409746820739,0.33794412189132494,0.5319166666666667,0.4057178729415846,0.537989366808301,0.9922916666666667,0.7494644742670636,0.7552606753920169,0,27
0.268,-0.0010000000000000009,0.26933333333333365,0.001527525230491837,0.27396506721973407,0.2846666666666667,0.02057830572873678,0.3179600870652321,0.4551666666666667,0.3539239346457836,0.4964525411454855,0.9859166666666668,0.7551642445401426,0.7162798213606556,0,28
0.267,-0.0010000000000000009,0.2680000000000003,0.0009999999982256006,0.27048253360986707,0.2826666666666667,0.02178684618446083,0.3034000621894515,0.36791666666666667,0.2304826786366311,0.46115215020002615,0.9696666666666668,0.7666583994513304,0.6803374356518033,0,29
0.304,0.03699999999999998,0.27966666666666695,0.021079215671599937,0.28724126680493356,0.2808333333333333,0.018776758683685276,0.30357147299246534,0.30391666666666667,0.06291763495142069,0.43697489632309905,0.9362499999999999,0.7778544208269311,0.6502304407996591,0,30
0.392,0.08800000000000002,0.3210000000000003,0.0642105910266884,0.3396206334024668,0.2951666666666667,0.049507238527970746,0.32883676642318954,0.2954166666666667,0.03606171057643301,0.43005568150416074,0.9070833333333334,0.7848526816441787,0.6295720055356864,0,31
0.376,-0.016000000000000014,0.35733333333333367,0.04687572221662401,0.3578103167012334,0.31266666666666665,0.05721421734731185,0.34231197601656393,0.3000833333333333,0.042568572131735656,0.4217394228112129,0.8778333333333334,0.7912609456165339,0.6092862450928315,0,32
0.375,-0.0010000000000000009,0.3810000000000003,0.009539392014004208,0.3664051583506167,0.33033333333333337,0.057399186986101906,0.3516514114404028,0.30816666666666664,0.046975493288505386,0.41454874237871864,0.8232916666666666,0.7782840924901325,0.590543345485405,0,33
0.336,-0.03899999999999998,0.3623333333333336,0.022810816147830294,0.3512025791753084,0.34166666666666673,0.04868127634589631,0.34717957960028767,0.3131666666666667,0.04643046283195249,0.4024643204743004,0.766625,0.7613051614911357,0.5701798778465726,0,34
0.507,0.17099999999999999,0.4060000000000003,0.08961584681292105,0.4291012895876542,0.38166666666666665,0.06929550249955362,0.39284255685734837,0.33216666666666667,0.0712139329234503,0.41854673270902343,0.6853333333333333,0.6717441067307826,0.5651254876188468,1,0
0.628,0.121,0.4903333333333337,0.14671173549968847,0.5285506447938271,0.4356666666666667,0.11059957805826297,0.4600303977552488,0.35825,0.11071841843984047,0.45077031229225056,0.5866250000000001,0.4570304730112321,0.5701554486093391,0,1
0.596,-0.03200000000000003,0.5770000000000003,0.06269768735764908,0.5622753223969135,0.46966666666666673,0.12492024122081218,0.49887885553946343,0.3824166666666667,0.128498644020678,0.47311334117036585,0.5304583333333334,0.3542337694317104,0.5722230127205921,0,2
0.534,-0.061999999999999944,0.5860000000000003,0.047791212581368335,0.5481376611984567,0.496,0.11766902736064114,0.5089134682424739,0.4043333333333334,0.13018541555890134,0.482480519451848,0.5047916666666666,0.32879529500054266,0.5691651717029447,0,3
0.504,-0.030000000000000027,0.544666666666667,0.04691836882640668,0.5260688305992284,0.5175,0.10186216176775051,0.5075096201731956,0.42391666666666666,0.1255703050691242,0.4857912087669483,0.4779166666666667,0.2988461748657413,0.5639519579667092,0,4
0.425,-0.07900000000000001,0.48766666666666697,0.05630571315000409,0.47553441529961415,0.5323333333333333,0.07235099630734942,0.483935442980854,0.437,0.11563421953415919,0.47643871511049474,0.44608333333333333,0.25766069982029716,0.5528358013293725,0,5
0.349,-0.07600000000000001,0.4260000000000003,0.07750483855861522,0.41226720764980707,0.506,0.10486372108598545,0.44538245927203857,0.4438333333333333,0.1067570166596182,0.4568327589396494,0.405875,0.17989038026821993,0.5365289372230226,0,6
0.322,-0.02699999999999997,0.3653333333333337,0.05340724045792049,0.36713360382490356,0.455,0.10802592281484662,0.4101303280514561,0.44533333333333336,0.10472069634234502,0.4360892575643187,0.37462500000000004,0.1111535610335365,0.5193666222451808,0,7
0.323,0.0010000000000000009,0.33133333333333365,0.015307950004165408,0.34506680191245176,0.40950000000000003,0.09324108536476326,0.3852359486081829,0.4395833333333334,0.10969168223487388,0.4186909102467312,0.3675,0.10862060017607181,0.5036572924655663,0,8
0.349,0.025999999999999968,0.33133333333333365,0.015307950004165408,0.34703340095622587,0.37866666666666665,0.07200740702640004,0.37488282043441634,0.4373333333333333,0.11137841584056092,0.4079692317472341,0.36870833333333336,0.10822981955349024,0.49128470906832106,0,9
0.343,-0.00599999999999995,0.33833333333333365,0.013613718570987515,0.34501670047811295,0.3518333333333333,0.03786511147039673,0.3657734431674402,0.4346666666666666,0.11337174037277946,0.39797396532458273,0.3714166666666667,0.10666319061365737,0.4794219323428554,0,10
0.35,0.006999999999999951,0.3473333333333337,0.003785938896770401,0.34750835023905646,0.3393333333333333,0.01327654573545151,0.3612667451196001,0.43583333333333335,0.11233135507655345,0.3905933552746469,0.3745,0.10483900701220748,0.469068177755427,0,11
1.687,1.3370000000000002,0.7933333333333336,0.7739459498784986,1.0172541751195283,0.5623333333333332,0.5511114829747845,0.7400476750854286,0.5341666666666667,0.37936809501479285,0.5900405313862397,0.4331666666666667,0.286184140578827,0.5665027235349929,1,0
0.263,-1.424,0.766666666666667,0.7982182241300504,0.6401270875597642,0.5525,0.5567547934234599,0.6037483393467348,0.50375,0.385739696733905,0.5397266034806644,0.43100000000000005,0.28731228276230764,0.5422225056521934,1,0
0.262,-0.0010000000000000009,0.7373333333333337,0.8224356104482169,0.4510635437798821,0.5423333333333333,0.5623129614962349,0.5061059566762391,0.4759166666666666,0.39049885538962525,0.4969994337144083,0.4291666666666667,0.2882833248079397,0.519804705200018,0,1
0.551,0.28900000000000003,0.35866666666666697,0.16656630311479542,0.5010317718899411,0.5760000000000001,0.5544142855302339,0.5189328261973137,0.47733333333333333,0.39075947806415534,0.5053072131429609,0.4408333333333334,0.287268041271968,0.5223003287840166,0,2
1.142,0.5909999999999999,0.651666666666667,0.4485536014049277,0.8215158859449705,0.7091666666666666,0.5825019885516844,0.6969520187123669,0.5305,0.4355532531891338,0.6032599495825054,0.4772083333333334,0.31817276946949,0.5718763024812952,0,3
1.369,0.2270000000000001,1.020666666666667,0.4222822910486916,1.0952579429724851,0.879,0.6049565273637442,0.8889657276516907,0.6091666666666667,0.49584305312602156,0.7210661111851969,0.5230833333333333,0.36292266713287785,0.6356461982827917,0,4
0.571,-0.798,1.0273333333333337,0.411171902412278,0.8331289714862425,0.693,0.46136449798396917,0.7981183768940648,0.6276666666666667,0.4893526955132279,0.6979790171567051,0.5357500000000001,0.35887883991555075,0.6304745024201683,0,5
1.989,1.4180000000000001,1.309666666666667,0.710859573568038,1.4110644857431214,0.9806666666666667,0.6422599681333623,1.1383702692100464,0.7665833333333333,0.6151384852702741,0.8965976299018275,0.6059583333333334,0.4616694167500375,0.7391565422265549,1,0
1.21,-0.7790000000000001,1.256666666666667,0.710150922926481,1.3105322428715607,1.1386666666666665,0.5382968202271569,1.1588359065786045,0.8405,0.6102635049341772,0.9448133791477002,0.6400416666666666,0.4751840356678916,0.7768240188484306,0,1
1.052,-0.15799999999999992,1.4170000000000005,0.5016263549695129,1.1812661214357805,1.2221666666666666,0.462416010391799,1.1283113618418603,0.8990833333333333,0.5922693579987433,0.9613036285095925,0.6682083333333333,0.4788731318932773,0.7988380973405561,0,2
2.052,1.0,1.4380000000000004,0.5375760411327869,1.6166330607178903,1.3738333333333335,0.5680357089714245,1.3922224013156146,1.0414999999999999,0.6491400605276331,1.1291030702773475,0.7380833333333333,0.551128322204759,0.8990910495533116,0,3
1.57,-0.482,1.5580000000000005,0.5001079883385189,1.5933165303589452,1.4073333333333335,0.5735934681171578,1.4430160009397248,1.1431666666666667,0.6261220957512038,1.1969333671577556,0.7895,0.569249773252328,0.9527637655890469,0,4
1.224,-0.3460000000000001,1.6153333333333333,0.4158573473359989,1.4086582651794726,1.5161666666666669,0.4261776233762975,1.380440000671232,1.1045833333333335,0.6034170061684823,1.2010974645181007,0.819375,0.5725839837772809,0.9744626643419232,0,5
1.427,0.20300000000000007,1.4070000000000003,0.17386489007272185,1.4178291325897363,1.4225,0.3577360758995412,1.3937428576223088,1.2015833333333334,0.5467270314971611,1.2358517007460854,0.8526666666666666,0.5840856597888833,1.0106656511945693,0,6
2.133,0.706,1.594666666666667,0.47713135857259853,1.7754145662948682,1.5763333333333334,0.4376165749450876,1.604959184015935,1.3575,0.5205779131276741,1.3738745160159185,0.9167083333333332,0.6366192281628533,1.1004523990990038,0,7
0.923,-1.21,1.4943333333333335,0.6078036963801169,1.3492072831474342,1.5548333333333335,0.4704650536083093,1.410113702868525,1.3884999999999998,0.4774773673836666,1.3045092058596235,0.9329166666666667,0.6313822597848431,1.0862562071710835,1,0
1.022,0.09899999999999998,1.3593333333333337,0.6718410030158423,1.1856036415737172,1.3831666666666667,0.4396832572053077,1.299224073477518,1.3785,0.4843168572141782,1.261046251111989,0.9544999999999999,0.6249030533506433,1.081115710597397,0,1
1.254,0.23199999999999998,1.0663333333333336,0.16989506565327944,1.2198018207868586,1.3305,0.43168078483991146,1.2863029096267986,1.3689166666666666,0.48565784033493004,1.2599622124793755,0.9890416666666666,0.6172267203186871,1.0949464537496052,0,2
1.204,-0.050000000000000044,1.1600000000000004,0.12209832103677373,1.2119009103934293,1.3271666666666666,0.43274353451746517,1.2627877925905704,1.4216666666666666,0.42121411815528437,1.2513526413287024,1.0246666666666666,0.6031935781767107,1.1036707374496368,0,3
0.907,-0.29699999999999993,1.121666666666667,0.18758020506794496,1.0594504551967145,1.2405,0.4599655421876747,1.161134137564693,1.3315,0.40419268582289786,1.1983753118935174,1.0490416666666667,0.5851132539325499,1.087937078453666,0,4
0.408,-0.49900000000000005,0.8396666666666669,0.40224909363891853,0.7337252275983572,0.953,0.30278837494197236,0.9459529554033522,1.2646666666666666,0.4844470762601115,1.0767791100637454,1.0525833333333334,0.5807685999317345,1.0335421121773727,0,5
0.313,-0.09499999999999997,0.542666666666667,0.31907731560443253,0.5233626137991786,0.8513333333333333,0.4012698177868188,0.7651092538595373,1.2030833333333333,0.5556741128548012,0.9592746315923999,1.0510833333333334,0.58270806447637,0.9758987432031828,0,6
0.306,-0.007000000000000006,0.3423333333333336,0.05697660338533772,0.41468130689958926,0.7319999999999999,0.444501068615138,0.6339351813282409,1.0575833333333333,0.5415941886242095,0.8587708421166461,1.0495416666666666,0.5847083984619038,0.9223068437469282,0,7
0.273,-0.032999999999999974,0.29733333333333367,0.021361959959936963,0.34384065344979464,0.5684999999999999,0.3913334894945728,0.5308108438058864,0.9495,0.5591700830858019,0.7686522510217775,1.0463333333333333,0.5889098747514008,0.8703622962471739,0,8
0.272,-0.0010000000000000009,0.28366666666666696,0.019347695814486834,0.30792032672489733,0.4131666666666666,0.24697806920183216,0.456864888432776,0.8701666666666666,0.5836806152392431,0.6922442124030425,0.987375,0.5927993144175467,0.8224933125474,0,9
0.27,-0.0020000000000000018,0.27166666666666694,0.0015275252305210314,0.2889601633624487,0.30699999999999994,0.052892343491264454,0.4034749203091257,0.77375,0.5788779310795238,0.6272835643410359,0.9876666666666667,0.5924290210038133,0.778293847543608,0,10
0.31,0.03999999999999998,0.2840000000000003,0.02253885533909335,0.2994800816812243,0.29066666666666663,0.020953917692510576,0.3767678002208041,0.6218333333333333,0.4018882326159256,0.5784707082885688,0.9896666666666668,0.5899485361981325,0.7408303397401194,0,11
0.293,-0.017000000000000015,0.2910000000000003,0.020074859899799926,0.2962400408406122,0.2873333333333333,0.018084984563568045,0.35283414301486005,0.5693333333333334,0.40011483200186376,0.5345521377826352,0.9789166666666667,0.6005448914666306,0.7050039125609099,0,12
0.271,-0.021999999999999964,0.29133333333333367,0.019553345834662915,0.2836200204203061,0.2814999999999999,0.01642863354018844,0.32945295929632856,0.5067499999999999,0.3811592664013788,0.4940056550468452,0.942625,0.6163703582086515,0.6702835995560371,0,13
0.27,-0.0010000000000000009,0.2780000000000003,0.012999999999867807,0.27681001021015306,0.2809999999999999,0.01678094157065695,0.31246639949737753,0.42475,0.30377716863157955,0.45954324657809975,0.8968333333333334,0.624092012911326,0.6382609115915541,0,14
0.269,-0.0010000000000000009,0.2700000000000003,0.000999999998271981,0.27290500510507654,0.2804999999999999,0.0171435118921941,0.30004742821241254,0.3468333333333333,0.18072119830045533,0.4302289009506998,0.8842500000000001,0.6339145635754427,0.6087200386642297,0,15
0.314,0.044999999999999984,0.2843333333333336,0.025696951829544172,0.2934525025525383,0.2878333333333332,0.02077899580500695,0.30403387729458037,0.29741666666666666,0.03959903197471291,0.4123475315736691,0.8144583333333334,0.5981968542622704,0.5851424355710915,1,0
0.333,0.019000000000000017,0.3053333333333336,0.03286842456416137,0.31322625127626913,0.2916666666666666,0.026904770332870573,0.31230991235327166,0.2911666666666667,0.022997364802946296,0.40014021902387387,0.7779166666666667,0.5997684275340502,0.5649710407254042,0,1
0.399,0.066,0.34866666666666696,0.044613152021910255,0.3561131256381346,0.3093333333333333,0.051507928192314104,0.3370785088237655,0.29833333333333334,0.038556530712799644,0.3999648007125086,0.7507083333333333,0.6016028936654704,0.5516933574673719,0,2
0.38,-0.019000000000000017,0.370666666666667,0.03397548135538522,0.3680565628190673,0.32749999999999996,0.05442334058102272,0.34934179201697535,0.3045,0.045233736404280245,0.39689329291058423,0.6810416666666668,0.5377845438274614,0.5379578888699822,0,3
0.331,-0.04899999999999999,0.37000000000000033,0.03508560958565199,0.3495282814095336,0.3376666666666666,0.04668047414781369,0.34410128001212525,0.30933333333333335,0.044656941501220404,0.38675586323203276,0.6294166666666667,0.5073460286171795,0.5214012577603837,0,4
0.502,0.17099999999999999,0.40433333333333366,0.08805869254838053,0.4257641407047668,0.3764999999999999,0.06948021301059887,0.38921520000866094,0.3285,0.0695799082808006,0.4044857304271047,0.5993333333333334,0.4917221437627833,0.519849157139553,1,0
0.373,-0.129,0.4020000000000003,0.08911228871483927,0.3993820703523834,0.38633333333333325,0.06271097724214555,0.38458228572047215,0.33708333333333335,0.06804337965704303,0.3996417718998578,0.5554166666666668,0.4606749223237268,0.5081012245683888,1,0
0.631,0.258,0.5020000000000003,0.1289999999999888,0.5151910351761917,0.43599999999999994,0.11124747188137998,0.45498734694319437,0.3638333333333333,0.10787015202070806,0.4352353454537258,0.4928333333333333,0.3165050541071391,0.5179331266029177,1,0
0.696,0.06499999999999995,0.566666666666667,0.17084008116753685,0.6055955175880958,0.4854999999999999,0.15060511279501312,0.5238481049594246,0.3974166666666667,0.14135027950150103,0.47535298461469105,0.48337500000000005,0.3063190738429469,0.5321784764746843,0,1
0.56,-0.1359999999999999,0.6290000000000003,0.0680220552467903,0.5827977587940479,0.5155,0.14312896282723056,0.5341772178281604,0.4215,0.14246881636472092,0.4883756023662771,0.46412499999999995,0.28475638901867906,0.5344041983567096,0,2
0.422,-0.13800000000000007,0.5593333333333336,0.1370012165396007,0.502398879397024,0.5306666666666666,0.12308641950542504,0.5021265841629717,0.43416666666666665,0.13429738597154006,0.4781639712330037,0.42945833333333333,0.22974579130680317,0.5254118624881728,0,3
0.356,-0.066,0.44600000000000034,0.10409610943737034,0.429199439698512,0.5063333333333332,0.1427482632702247,0.4603761315449798,0.44141666666666673,0.1267039917096239,0.4593695141202339,0.394125,0.16009923892495115,0.511858913489119,0,4
0.327,-0.02899999999999997,0.3683333333333336,0.04868606919160884,0.378099719849256,0.4986666666666666,0.1522598655807411,0.42226866538927127,0.44250000000000006,0.1255659913424774,0.4390049734863518,0.36995833333333333,0.11739545919915507,0.49707020040998956,0,5
0.321,-0.006000000000000005,0.33466666666666695,0.018717193521734038,0.349549859924628,0.4469999999999999,0.15096489658194867,0.3933347609923366,0.4415,0.12656116020615565,0.4208503621807592,0.36633333333333334,0.11751287317702523,0.4829845843771904,0,6
0.317,-0.0040000000000000036,0.32166666666666693,0.005033222956517316,0.333274929962314,0.3838333333333333,0.09477429327969088,0.37152482928024044,0.4346666666666667,0.13119335718586478,0.40487338338371937,0.3665,0.11743675448661123,0.4697058176270152,0,7
0.348,0.030999999999999972,0.32866666666666694,0.01686218649315766,0.340637464981157,0.3485,0.039165035426998424,0.36480344948588606,0.432,0.13272185543116793,0.3961236320939164,0.36825,0.1168072548372295,0.459969352216854,0,8
0.899,0.551,0.5213333333333336,0.3274359988353915,0.6198187324905785,0.42799999999999994,0.23125570263238565,0.5174310353470615,0.47933333333333333,0.18458027735345858,0.47348922715639075,0.39433333333333337,0.15743947537322991,0.49509180403950565,1,0
1.559,0.6599999999999999,0.9353333333333337,0.6063170237865101,1.0894093662452893,0.6285,0.5099355841672546,0.8150221681050439,0.5674166666666666,0.3626707643763613,0.640490884516946,0.4479583333333334,0.28304039950795706,0.5802044597163452,0,1
1.25,-0.30899999999999994,1.2360000000000004,0.3302226521606276,1.1697046831226445,0.7823333333333332,0.5391740597123219,0.9393015486464599,0.6405,0.405738272109677,0.734261517668185,0.48879166666666674,0.323980538756195,0.6337881029390375,0,2
0.784,-0.46599999999999997,1.1976666666666669,0.39014142734825286,0.9768523415613223,0.8595,0.4909153694884691,0.8949296776046142,0.65325,0.40781125870587925,0.7419135918730797,0.5085416666666667,0.3270406143062323,0.6458050547039146,0,3
0.765,-0.019000000000000017,0.9330000000000003,0.2746943756249807,0.8709261707806611,0.9341666666666666,0.42098998404554366,0.8578069125747244,0.6589999999999999,0.4089536537421958,0.7454653469695289,0.5282083333333333,0.32770665291128825,0.6553406503276015,0,4
0.597,-0.16800000000000004,0.7153333333333336,0.10291906205038376,0.7339630853903305,0.9756666666666667,0.3594215723446038,0.7832906518390889,0.6620833333333334,0.4082783048882528,0.7226245243588321,0.5417916666666667,0.3233087068538937,0.6506733983013934,0,5
0.461,-0.13599999999999995,0.6076666666666669,0.15228044304286226,0.5974815426951653,0.9026666666666666,0.4178395226240177,0.691207608456492,0.6653333333333333,0.406344084676418,0.6823745975343964,0.5497500000000001,0.31864471833334984,0.6354995264372819,0,6
0.642,0.181,0.566666666666667,0.09423552055000436,0.6197407713475827,0.7498333333333332,0.27202015856672535,0.6771482917546371,0.6891666666666666,0.3947740051618343,0.6761631209906431,0.5652916666666666,0.31340936962863,0.6360195643222993,0,7
1.858,1.2160000000000002,0.9870000000000004,0.7597177107320838,1.2388703856737915,0.8511666666666665,0.5071944071721087,1.014534494110455,0.81675,0.5003624368213695,0.857984179299775,0.629625,0.4047436990942817,0.7337779991765154,1,0
2.965,1.1069999999999998,1.821666666666667,1.1619261307558815,2.101935192836896,1.2146666666666668,0.995712542186081,1.5718103529360392,1.0370833333333334,0.7711052820857907,1.1821404594075018,0.7392916666666668,0.6201384473168717,0.9122757592423942,0,1
2.076,-0.8889999999999998,2.299666666666667,0.5864148133645112,2.088967596418448,1.4331666666666667,1.0208289605348533,1.7158645378114565,1.1836666666666666,0.7887633973313528,1.3196573118063477,0.8091666666666666,0.6724051358122329,1.0053736985030026,0,2
1.03,-1.046,2.0236666666666667,0.9685609600501841,1.5594837982092242,1.5053333333333334,0.9635952815714018,1.5199032412938975,1.2405000000000002,0.7465154811766226,1.2750946484515249,0.83625,0.6674395755096655,1.0073438026227624,0,3
1.097,0.06699999999999995,1.4010000000000005,0.5855262590183299,1.328241899104612,1.6113333333333333,0.8545486918056043,1.3990737437813554,1.257,0.7404447066705011,1.2476954717666748,0.8681666666666668,0.6605071613123723,1.0145162984129414,0,4
1.185,0.08800000000000008,1.1040000000000003,0.07773673520286264,1.256620949552306,1.7018333333333333,0.7542252758073479,1.3379098169866825,1.2258333333333333,0.7344240580003474,1.2380500145718016,0.8966249999999999,0.6587561277662364,1.0281549945399062,0,5
2.28,1.0949999999999998,1.5206666666666668,0.6590723278467497,1.7683104747761529,1.7721666666666664,0.790504501357627,1.6070784407047731,1.3116666666666668,0.7951809780664956,1.398350012329986,0.9760833333333334,0.7061557850457815,1.1283025949767138,0,6
2.431,0.15100000000000025,1.9653333333333336,0.6799928921197147,2.0996552373880766,1.6831666666666667,0.6462462121101137,1.8424846005034095,1.4489166666666666,0.8368699755999176,1.5572192412022958,1.0510833333333334,0.761342859213484,1.2325183873785768,0,7
1.227,-1.204,1.9793333333333336,0.6558996366315002,1.6633276186940384,1.5416666666666663,0.6358942260051348,1.6666318575024353,1.4874166666666666,0.8128279990629056,1.5064162810173272,1.0732083333333333,0.7582847336712253,1.2320769163882908,0,8
1.112,-0.11499999999999999,1.5900000000000005,0.7305935942779681,1.3876638093470193,1.5553333333333332,0.6234576703086341,1.5081656125017395,1.5303333333333333,0.774219646228421,1.4457368531685075,1.0962083333333335,0.750371732755733,1.2224707630772276,0,9
1.274,0.16199999999999992,1.2043333333333337,0.08334466589610284,1.3308319046735098,1.5848333333333333,0.6012245559411804,1.4412611517869567,1.5980833333333333,0.7045778179272694,1.419315798834891,1.1317083333333333,0.7371252904632836,1.2265931020310494,0,10
1.597,0.32299999999999995,1.3276666666666668,0.24691361512345406,1.4639159523367549,1.6535,0.5690949832848672,1.4857579655621118,1.6776666666666669,0.6375116873557318,1.4466518297833693,1.1834166666666666,0.7237504324045669,1.2562256538685657,0,11
0.946,-0.651,1.2723333333333335,0.3255032001890813,1.2049579761683775,1.4311666666666667,0.534940526289296,1.331541403972937,1.6016666666666666,0.6677054785312211,1.3696284713551587,1.2092083333333334,0.7026252003034403,1.2314076015590805,0,12
0.492,-0.45399999999999996,1.011666666666667,0.5554190610100923,0.8484789880841888,1.1079999999999999,0.37055471930607065,1.0916724314092408,1.3955833333333334,0.5852097461335533,1.2346087065312883,1.2163333333333333,0.69404126344355,1.1722549934343542,0,13
0.296,-0.196,0.5780000000000003,0.333424654157425,0.5722394940420944,0.9528333333333331,0.48729392225500484,0.8643374510066005,1.24725,0.6215273160090836,1.0902073670649362,1.2154583333333333,0.6952365865170536,1.1021545939596058,0,14
0.27,-0.025999999999999968,0.35266666666666696,0.12136446487061783,0.4211197470210472,0.8124999999999999,0.5495531821398175,0.6945267507190004,1.1839166666666665,0.681505346918708,0.9640216182857152,1.2122083333333333,0.6996363638824579,1.0355822264428374,0,15
0.27,0.0,0.278666666666667,0.015011106998862557,0.34555987351052364,0.6451666666666664,0.5335475299040051,0.5732333933707146,1.115,0.7311037732584397,0.8572490616263744,1.186,0.7232615138325174,0.9743356483274104,0,16
0.283,0.012999999999999956,0.2743333333333336,0.007505553499329249,0.3142799367552618,0.4261666666666666,0.2686175099777827,0.49030956669336756,1.0398333333333334,0.7686566597682357,0.7689030521453937,1.1328333333333334,0.7413238843105461,0.9190287964612176,0,17
0.312,0.029000000000000026,0.2883333333333336,0.02150193789711331,0.3131399683776309,0.32049999999999984,0.08554706307055222,0.43936397620954826,0.8758333333333334,0.6854421046214475,0.6986102748922562,1.09375,0.7593843186939413,0.8704664927443202,0,18
0.269,-0.04299999999999998,0.28800000000000026,0.021931712199415334,0.29106998418881547,0.28333333333333316,0.017568911937383292,0.39068855443539163,0.6956666666666668,0.4980254344241204,0.6325163864472937,1.0722916666666666,0.7756203956758785,0.8223491733247746,1,0
0.272,0.0030000000000000027,0.2843333333333336,0.02400694343999898,0.28153499209440774,0.27933333333333316,0.016824585185481092,0.35677753888242264,0.6160833333333333,0.4814276984012026,0.5770523269938639,1.05175,0.790498260592647,0.7783212394587927,0,1
0.27,-0.0020000000000000018,0.2703333333333336,0.001527525230982103,0.27576749604720385,0.27933333333333316,0.016824585185481092,0.3319839563445876,0.5459166666666667,0.46360827083635947,0.5298135074563464,1.038125,0.8014197354640731,0.7376555403020892,0,2
0.286,0.01599999999999996,0.2760000000000003,0.008717797886964468,0.28088374802360194,0.28199999999999986,0.01630950643020371,0.3188456831032768,0.4635833333333333,0.40680181869919185,0.4923037370784469,1.0308333333333335,0.8076707070424761,0.7015230970779222,0,3
0.31,0.02400000000000002,0.288666666666667,0.020132891827338566,0.295441874011801,0.28649999999999987,0.019957454747459108,0.31631834507376916,0.35633333333333334,0.19570122558882996,0.4642570082971474,1.017,0.8174044818549274,0.6702012493116885,0,4
0.267,-0.04299999999999998,0.28766666666666696,0.021548395145145133,0.2812209370059005,0.27899999999999986,0.01663730747437343,0.30222738933840654,0.29975,0.06262605469988612,0.4339097762514324,0.9507083333333334,0.8107216580825126,0.6379451493667534,1,0
0.313,0.045999999999999985,0.29666666666666697,0.025735837529237877,0.29711046850295025,0.28633333333333316,0.02057830572869261,0.3053052780988618,0.2848333333333333,0.01830962654569503,0.4153082722127505,0.8402083333333334,0.6969952890594133,0.6119495374174131,1,0
0.367,0.05399999999999999,0.315666666666667,0.050053304919169504,0.3320552342514751,0.30216666666666653,0.03718825979611867,0.32293234149918704,0.29075,0.0299912866134094,0.40787623033386583,0.7690000000000001,0.6510361640926889,0.5923535744240201,0,1
0.366,-0.0010000000000000009,0.3486666666666669,0.03089228598422932,0.34902761712573754,0.31816666666666654,0.0410337259661329,0.3352373867851336,0.29875,0.036128872865699165,0.4014337333594249,0.7413333333333334,0.6535662480420107,0.5742452884700985,0,2
0.454,0.08800000000000002,0.395666666666667,0.05052062285177698,0.4015138085628688,0.3461666666666665,0.06500897373950627,0.3691695619893811,0.3140833333333333,0.05625664943863088,0.40952085130412874,0.7145416666666667,0.6515285691735062,0.5646256653924906,0,3
0.534,0.08000000000000002,0.45133333333333364,0.08403174003512952,0.4677569042814344,0.3834999999999999,0.0966866071387207,0.41626397284955796,0.33499999999999996,0.08364426840115251,0.428671489565032,0.6874166666666667,0.6446051650743893,0.5621756121610914,0,4
1.24,0.706,0.742666666666667,0.43255674001607247,0.8538784521407172,0.5456666666666665,0.34899092633858647,0.6516171234639699,0.4123333333333334,0.27364387385244,0.5534912604011809,0.6440833333333332,0.5626344798988198,0.616401563188204,1,0
0.475,-0.765,0.749666666666667,0.42566457843392624,0.6644392260703587,0.5726666666666665,0.33330446541662895,0.6011550881885499,0.4295,0.27027544872188924,0.5414156818779223,0.5625833333333333,0.41477745910272323,0.6050894381331478,1,0
0.345,-0.13,0.686666666666667,0.4835890128335548,0.5047196130351793,0.5689999999999998,0.33612854683885174,0.5279679201346785,0.43558333333333327,0.267212363055487,0.5111978846659343,0.5258333333333333,0.39178561869279216,0.5842822830824959,0,1
0.904,0.559,0.574666666666667,0.29252407308345035,0.7043598065175897,0.6586666666666665,0.34283737641433615,0.6354056572390561,0.48841666666666667,0.29293606448982734,0.5716289793327136,0.5171666666666667,0.38039015059103176,0.6098597004358962,0,2
0.41,-0.49400000000000005,0.5530000000000003,0.3057073764239235,0.5571799032587949,0.6513333333333332,0.34851437081799824,0.5710040408850401,0.49874999999999997,0.28727912464108124,0.5467629825122962,0.4811666666666667,0.34487599115531875,0.5938709244010245,0,3
0.328,-0.08199999999999996,0.5473333333333337,0.311591613066417,0.4425899516293974,0.6169999999999999,0.37175690982145626,0.5015743149178858,0.50025,0.28624913656082634,0.513107139048866,0.4282916666666667,0.25081475567970063,0.5726012504489426,0,4
0.333,0.0050000000000000044,0.35700000000000026,0.04596737973822218,0.3877949758146987,0.46583333333333315,0.22200668158112816,0.45341022494134703,0.50575,0.2819619977617881,0.4853983484259635,0.40275,0.2257631020801913,0.5534331504130272,0,5
0.332,-0.0010000000000000009,0.33100000000000035,0.0026457513106599036,0.3598974879073493,0.4419999999999999,0.22840928177286857,0.4187215892438193,0.5073333333333333,0.2808323127398062,0.46179860251427685,0.39608333333333334,0.22537503365968195,0.5357184983799851,0,6
0.375,0.04299999999999998,0.34666666666666696,0.024542480178890443,0.36744874395367466,0.4469999999999999,0.2261786904197601,0.4062297066027281,0.508,0.2804781631428736,0.44844497135823425,0.399375,0.22442463875043261,0.5228610185095863,0,7
0.351,-0.02400000000000002,0.35266666666666696,0.02154839514514353,0.3592243719768373,0.35483333333333317,0.03219575541378027,0.3904497904305201,0.50675,0.28120103614189107,0.43345343730312125,0.40275,0.22299897640631036,0.5091121370288194,0,8
0.326,-0.024999999999999967,0.35066666666666696,0.02450170062120669,0.3426121859884187,0.34083333333333315,0.018946415667980703,0.3720355645932286,0.49608333333333327,0.2857743732811654,0.4169221392564872,0.4050833333333333,0.22183952614969257,0.49446316606651386,0,9
0.311,-0.015000000000000013,0.32933333333333364,0.020207259421583842,0.3268060929942094,0.33799999999999986,0.02223510737543731,0.35459683185230617,0.4775,0.2902993752537674,0.40062642552471994,0.40625,0.22124239117351632,0.47978611278119276,0,10
0.267,-0.043999999999999984,0.3013333333333336,0.03066485501891572,0.2969030464971047,0.3269999999999999,0.036774991502340024,0.3295691656087901,0.3964166666666667,0.16815061340322005,0.38006851390553226,0.404375,0.22226420089614363,0.46276322375869733,0,11
0.284,0.01699999999999996,0.28733333333333366,0.02218858565413951,0.29045152324855233,0.31899999999999984,0.04050185180948087,0.3165494040062786,0.3805,0.16907314178404456,0.36528874253545035,0.40499999999999997,0.22188775070527164,0.4484621658580016,0,12
0.565,0.28099999999999997,0.37200000000000033,0.16735889578985025,0.4277257616242761,0.3506666666666665,0.1091469956831792,0.38753528857591324,0.3988333333333333,0.17663255817108287,0.3960135513761503,0.41720833333333324,0.22231195848190277,0.4577851925893615,1,0
1.053,0.488,0.6340000000000003,0.38911566403834036,0.7403628808121381,0.4676666666666665,0.3068235106158985,0.5776680632685094,0.41125000000000006,0.21618179428855366,0.49708838962597335,0.4498333333333333,0.25484311741295834,0.5054023771822126,0,1
1.15,0.09699999999999998,0.9226666666666669,0.3135224606520761,0.945181440406069,0.6049999999999999,0.4007617746242751,0.7411914737632209,0.47291666666666665,0.3036440674489954,0.5975363296835159,0.48583333333333334,0.2893788950969601,0.5569701870076356,0,2
0.559,-0.5909999999999999,0.920666666666667,0.3169453159984109,0.7520907202030345,0.6463333333333331,0.3764251142879087,0.6891367669737293,0.49216666666666664,0.30093183563220766,0.5916076635783596,0.4962083333333333,0.28725658567645396,0.5571325720470247,0,3
1.677,1.1179999999999999,1.128666666666667,0.5593052237672496,1.2145453601015173,0.8813333333333331,0.5090204972952131,0.9713834049812352,0.6041666666666666,0.4496592312434213,0.7585910999509197,0.5549583333333333,0.370473900878166,0.6467219662832628,1,0
0.97,-0.7070000000000001,1.068666666666667,0.5654930002514028,1.0922726800507587,0.9956666666666666,0.4166848529364448,0.9709881464151681,0.6573333333333333,0.4522636667281871,0.7911155461123167,0.5823333333333333,0.3760493337971448,0.6725842089806019,0,1
0.84,-0.13,1.1623333333333337,0.45042905471709227,0.9661363400253793,1.0414999999999999,0.3726353445394038,0.9335629617251201,0.6960833333333333,0.44574788192702014,0.7986362313258065,0.6020416666666667,0.37666747867682265,0.6859774722621538,0,2
0.997,0.15700000000000003,0.935666666666667,0.0839424405967123,0.9815681700126897,1.0321666666666665,0.3729908399232705,0.9516878298036573,0.7499166666666667,0.4392446943506,0.8291537341987594,0.6283333333333333,0.3814668105303958,0.7108592744811815,0,3
0.756,-0.241,0.8643333333333336,0.12232879192296624,0.8687840850063449,0.9664999999999999,0.38265428261029544,0.8957770212883266,0.7857500000000001,0.4185709725851873,0.8178993135527964,0.6409166666666667,0.38044572448033015,0.714470532522687,0,4
0.858,0.10199999999999998,0.8703333333333337,0.12097244865394924,0.8633920425031725,1.016333333333333,0.3355405588996161,0.8849835866345189,0.8313333333333334,0.391049481485013,0.8240686499292893,0.6544166666666666,0.38223119758308327,0.7259528899208721,0,5
0.9,0.04200000000000004,0.8380000000000004,0.07405403432628749,0.8816960212515863,0.8868333333333333,0.08873424742829675,0.8892739904532277,0.8840833333333333,0.3483687853497514,0.835750396094014,0.6402500000000001,0.3655194338496109,0.7398766587272023,0,6
1.211,0.31100000000000005,0.989666666666667,0.1928272110811457,1.0463480106257932,0.9269999999999999,0.15990997467325077,0.9811957074665913,0.9613333333333333,0.3030350514779487,0.8934811043872426,0.6709166666666667,0.38157453162967614,0.7775665260290261,0,7
1.152,-0.05900000000000016,1.087666666666667,0.16517970012484268,1.0991740053128964,0.9789999999999998,0.17589087526077044,1.0299969339047081,1.01025,0.27972263047526313,0.9332532421738207,0.7045416666666666,0.38712226797527377,0.807521203946704,0,8
1.21,0.05800000000000005,1.1910000000000003,0.03377869150810697,1.1545870026564482,1.0144999999999997,0.20008173329916967,1.0814263813605058,1.0233333333333332,0.28551558891792955,0.9758296664547714,0.7172916666666667,0.39883891040027203,0.8397195076309677,0,9
1.176,-0.03400000000000003,1.1793333333333338,0.029143323992522886,1.165293501328224,1.0844999999999998,0.1612597283887095,1.1084474152575041,1.0254999999999999,0.28666055314129524,1.0066251023848065,0.7492083333333334,0.40379740714186557,0.8666219470204903,0,10
1.033,-0.14300000000000002,1.1396666666666668,0.09392727683337285,1.099146750664112,1.1136666666666664,0.12350654503574761,1.0868910108982173,1.065,0.24636041594674898,1.01068277894099,0.7785833333333333,0.39741643000834836,0.8799321912588511,0,11
0.828,-0.20499999999999996,1.0123333333333335,0.17491807606228896,0.9635733753320559,1.1016666666666663,0.14923627798450048,1.0129221506415838,0.9942500000000001,0.16214086187913787,0.9825777360269916,0.7992083333333332,0.38596597948373806,0.8757776159581431,0,12
0.381,-0.44699999999999995,0.7473333333333336,0.3334011597660272,0.672286687666028,0.9633333333333333,0.317473568453606,0.8323729647439885,0.9451666666666666,0.24040943610785645,0.8900273150997622,0.8012499999999999,0.3835088854477716,0.8361954066814916,0,13
0.278,-0.10299999999999998,0.495666666666667,0.2923804599034131,0.475143343833014,0.8176666666666664,0.40267141277556046,0.6739806891028489,0.8983333333333333,0.3079986225864525,0.7958692666228757,0.7972083333333333,0.38867265529107553,0.7915397741469724,0,14
0.262,-0.016000000000000014,0.30700000000000033,0.06458327956985124,0.36857167191650697,0.6596666666666665,0.4039250755606355,0.5562719207877492,0.8370833333333333,0.35594444365616584,0.7137355332962794,0.7935,0.39350951593377703,0.7491765922152146,0,15
0.263,0.0010000000000000009,0.267666666666667,0.008962886439691115,0.3157858359582535,0.5074999999999998,0.336925362654695,0.47247994341982086,0.7959999999999999,0.3927066913798973,0.6443916050968518,0.7908749999999999,0.39695868939595874,0.7102824648379974,0,16
0.309,0.045999999999999985,0.2780000000000003,0.0268514431641484,0.3123929179791267,0.3868333333333332,0.22067298581082356,0.42577138815701493,0.7502499999999999,0.4161088417491493,0.592792896620413,0.7907916666666667,0.397064005262833,0.6781798676509576,0,17
0.28,-0.02899999999999997,0.2840000000000003,0.02325940669917243,0.29619645898956337,0.2954999999999999,0.04520508820914841,0.38412242011215353,0.6985833333333334,0.4339343180992289,0.5446709125249649,0.7913333333333333,0.3963265744599889,0.646325478238881,0,18
0.264,-0.016000000000000014,0.2843333333333336,0.02281081614784622,0.2800982294947817,0.27599999999999986,0.01798888545732629,0.34980172865153825,0.6196666666666667,0.4180959727433914,0.5014907721365088,0.7905000000000001,0.39745910372066645,0.6157394399797705,0,19
0.264,0.0,0.26933333333333365,0.009237604306897112,0.27204911474739085,0.27366666666666656,0.018575970140573068,0.32528694903681304,0.5456666666666666,0.39315214111156294,0.4649537302693536,0.7779583333333333,0.4094520706852104,0.5876002847813889,0,20
0.257,-0.007000000000000006,0.261666666666667,0.004041451884011934,0.2645245573736954,0.2728333333333332,0.019301986080801598,0.3057763921691522,0.46625,0.33932556772087047,0.432960848689453,0.7447916666666666,0.4183467439677362,0.5611522619988779,0,21
0.27,0.013000000000000012,0.263666666666667,0.006506407098452197,0.2672622786868477,0.27399999999999985,0.018793615937248393,0.2955545658351087,0.39075,0.25812721493656804,0.4078899488910756,0.708125,0.41984928066898214,0.5378600810389677,0,22
0.303,0.032999999999999974,0.276666666666667,0.023713568549056995,0.2851311393434238,0.27299999999999985,0.01658915308256551,0.29768183273936333,0.3299166666666667,0.1606047991660012,0.391753033677064,0.6974583333333332,0.4269938375654167,0.5190712745558502,0,23
0.254,-0.04899999999999999,0.27566666666666695,0.024986663109163303,0.2695655696717119,0.26866666666666655,0.017750117370413116,0.2852013090995452,0.28208333333333335,0.03561526315636316,0.37056025926520797,0.6381666666666667,0.3814290824354341,0.49786557259138225,1,0
0.292,0.03799999999999998,0.2830000000000003,0.025709920264316455,0.28078278483585595,0.2733333333333332,0.019835994219182973,0.28714379221396086,0.27466666666666667,0.018107423557171543,0.35847406553209904,0.6099166666666667,0.380890936879709,0.4813963267840717,0,1
0.356,0.064,0.3006666666666669,0.05154932912590515,0.31839139241792797,0.2886666666666665,0.0382186690854551,0.3068169944385435,0.2811666666666667,0.029701035590557177,0.35809344006562227,0.58975,0.3809922114917736,0.471364620641346,0,2
0.351,-0.0050000000000000044,0.33300000000000024,0.03559494346108243,0.334695696208964,0.3043333333333332,0.04174525921183844,0.31944071031324534,0.28858333333333336,0.035101044618833906,0.3570021415939881,0.5628333333333334,0.3737196888004465,0.4617354509900383,0,3
0.373,0.02200000000000002,0.36000000000000026,0.011532562594572521,0.353847848104482,0.32149999999999984,0.045785368841989076,0.33474336450946096,0.29775,0.04157823950097027,0.35946335057952833,0.546875,0.37328964305040235,0.45463661491083524,0,4
0.5,0.127,0.4080000000000003,0.08043009387037835,0.426923924052241,0.35433333333333317,0.08430104783846866,0.3819595460781864,0.31366666666666665,0.07182976508046793,0.3810843735672932,0.5319583333333333,0.36742328145291003,0.45826568571796844,0,5
0.601,0.10099999999999998,0.4913333333333336,0.11424680885403952,0.5139619620261204,0.4121666666666665,0.11510241816167031,0.4445425329129903,0.34041666666666665,0.10854195530119283,0.4149175468646327,0.5195,0.3593825623022877,0.469684430860531,0,6
0.559,-0.041999999999999926,0.5533333333333337,0.05073788853836576,0.5364809810130602,0.45666666666666655,0.11088853262021366,0.4772446663664216,0.365,0.12220772182119825,0.4370840781162277,0.49233333333333335,0.32812108934867856,0.47682967639168855,0,7
0.686,0.127,0.6153333333333336,0.06470188044664399,0.6112404905065301,0.5116666666666665,0.13098956701456954,0.5368890474045869,0.4001666666666666,0.14841026265257468,0.47537883532911573,0.47291666666666665,0.2999679572259678,0.49356330228035344,0,8
0.808,0.122,0.6843333333333336,0.12450836651941108,0.7096202452532651,0.5878333333333332,0.15032154425319313,0.614349319574705,0.44608333333333333,0.18161220340121037,0.5265513222015594,0.45616666666666666,0.26636141949821246,0.5187182380979252,0,9
0.971,0.16299999999999992,0.8216666666666669,0.14299067568667678,0.8403101226266325,0.6874999999999999,0.17552521186427436,0.716249513981932,0.5045000000000001,0.22691508223442267,0.594928041862858,0.447625,0.24467863795102035,0.5549007790500912,0,10
1.818,0.8470000000000001,1.1990000000000003,0.5422296561421185,1.3291550613133163,0.9071666666666666,0.4706163688894235,1.0310353671299515,0.6307499999999999,0.4327298390871192,0.7830929584993414,0.48033333333333333,0.35426245081573665,0.6559487167260839,0,11
0.911,-0.907,1.2333333333333336,0.5072241450614645,1.1200775306566582,0.9588333333333332,0.446689787958787,0.9967395479499654,0.6854999999999999,0.42216272175117986,0.8027709648840581,0.4837916666666667,0.35818734218485515,0.6763528193879973,1,0
1.661,0.75,1.4633333333333336,0.4847332599825745,1.390538765328329,1.1424999999999998,0.4750641009379683,1.1865282485356896,0.7995833333333334,0.48626712792144433,0.9348062010557414,0.537125,0.43026001365200933,0.7551245938369575,0,1
1.593,-0.06800000000000006,1.3883333333333336,0.4147786558314373,1.4917693826641645,1.2936666666666665,0.44404489262535984,1.3026630346683497,0.9026666666666667,0.5140076641334052,1.0360667855087042,0.5919166666666668,0.47701608000120005,0.8221546263300009,0,2
0.463,-1.13,1.2390000000000003,0.6728952370168778,0.9773846913320823,1.2361666666666664,0.5329496849297006,1.0627593104773927,0.9119999999999999,0.5039992784987627,0.9479026646612112,0.6002916666666667,0.4727169829977487,0.7934222562236009,1,0
0.508,0.044999999999999984,0.854666666666667,0.639811170059833,0.7426923456660411,1.1589999999999998,0.6073486642777772,0.9042566503409948,0.92325,0.4922438650986657,0.8802253316364095,0.6105,0.46773561837394134,0.7705884757257129,0,1
0.831,0.32299999999999995,0.600666666666667,0.20073946630728057,0.7868461728330205,0.9944999999999999,0.5206349008662402,0.8833261788149963,0.9508333333333333,0.47535476385027653,0.8726522036923464,0.63225,0.46523610181797337,0.7754213976676558,0,2
0.592,-0.239,0.6436666666666669,0.16758380987831714,0.6894230864165103,0.9413333333333331,0.5465120919674753,0.8000901277249974,0.9500833333333335,0.4759636079162006,0.8294749415858316,0.64525,0.45928633202242125,0.7607476858542433,0,3
0.335,-0.25699999999999995,0.5860000000000003,0.24805442951094112,0.5122115432082551,0.7203333333333332,0.4582687712103733,0.667207234089284,0.9314166666666667,0.4966391516681882,0.7534018736495498,0.6482083333333334,0.4569465746686918,0.7266878709859039,0,4
0.315,-0.020000000000000018,0.4140000000000003,0.15447653543499087,0.4136057716041276,0.5073333333333332,0.19004490697375903,0.56657659577806,0.9005000000000001,0.5240944571353532,0.685955431549619,0.6503333333333333,0.4551973930798239,0.6937528413070316,0,5
0.869,0.554,0.5063333333333336,0.31423770196036566,0.6413028858020637,0.5749999999999998,0.23746578700940962,0.6529832826986143,0.9055833333333334,0.5234110948789917,0.7141161343881391,0.6758333333333333,0.44930890571367954,0.7077726140024692,1,0
0.98,0.11099999999999999,0.7213333333333337,0.3562447660434216,0.8106514429010319,0.6536666666666665,0.28437838642672064,0.7464166304990102,0.9063333333333333,0.5235197892123757,0.7550213444822715,0.7054166666666667,0.44477731767575734,0.7295508048822716,0,1
1.272,0.29200000000000004,1.0403333333333336,0.2081641980104482,1.0413257214505158,0.7271666666666666,0.3802185774875624,0.896583307499293,0.8608333333333333,0.4565219965492725,0.8345565222542298,0.7457916666666667,0.450602107249813,0.7729467404916899,0,2
2.034,0.7619999999999998,1.4286666666666668,0.5441850175568361,1.5376628607252578,0.9674999999999998,0.6427773331411116,1.221559505356638,0.9544166666666668,0.5689899277481004,1.0190862880612714,0.8199583333333335,0.5088596354823097,0.8738310012523547,0,3
1.851,-0.18299999999999983,1.719,0.39778008999948905,1.694331430362629,1.2201666666666664,0.6423841270351154,1.4013996466833127,0.97025,0.5925935484262078,1.147073012974922,0.8849166666666667,0.5372479725954968,0.9520045211521664,0,4
1.437,-0.4139999999999999,1.7740000000000002,0.30585781010136365,1.5656657151813145,1.4071666666666662,0.4650081361295391,1.4115711762023664,0.95725,0.579250946560219,1.191677164824934,0.9299583333333333,0.5362902749985045,0.9908041594599932,0,5
0.964,-0.4730000000000001,1.4173333333333336,0.44382691821625053,1.2648328575906573,1.4229999999999998,0.4441693370776526,1.2836936972874045,0.999,0.5580562044030403,1.156649908698021,0.9554999999999999,0.5219226995904916,0.9886598267031937,0,6
1.03,0.06600000000000006,1.143666666666667,0.2561685642957262,1.1474164287953288,1.4313333333333331,0.4345607744224829,1.2112097837767175,1.0425,0.5362213755869532,1.137165307359864,0.9828749999999999,0.5070603525094,0.9919670405669383,0,7
0.965,-0.06500000000000006,0.9863333333333336,0.03781974792794275,1.0562082143976643,1.3801666666666665,0.473410357582793,1.140864131269084,1.0536666666666668,0.5328008895251476,1.110678336996808,1.0022499999999999,0.49658295423300935,0.9898096773215833,0,8
1.474,0.509,1.1563333333333337,0.27702045652502566,1.265104107198832,1.2868333333333333,0.36045161487593264,1.2360458080493457,1.1271666666666667,0.5240889642267266,1.1665739774588375,1.038625,0.497885425313024,1.0285449031358567,0,9
2.312,0.8379999999999999,1.583666666666667,0.680163460745529,1.788552053599416,1.3636666666666664,0.5190162489428128,1.5434612914638182,1.2919166666666666,0.5618114304046635,1.3427933655420932,1.1116666666666666,0.5502912009083024,1.1312213108849882,0,10
1.629,-0.6829999999999998,1.8050000000000004,0.4458620863002394,1.708776026799708,1.3956666666666664,0.530239442767763,1.567900922474156,1.4014166666666668,0.47552161949385796,1.3868251554586943,1.1509583333333333,0.5522388801932562,1.171043606014189,0,11
0.792,-0.837,1.5776666666666668,0.7612991089797325,1.2503880133998542,1.367,0.5619459048698559,1.3462149446243972,1.3949999999999998,0.48380649775786194,1.2953135930804338,1.1502916666666667,0.5526803840232237,1.1407201175330541,0,12
0.8,0.008000000000000007,1.073666666666667,0.480949408288786,1.0251940066999272,1.3286666666666667,0.5963253027221532,1.1901535318745695,1.3800000000000001,0.5003504226585066,1.2191115018372902,1.1431666666666667,0.5561833969245152,1.11346250813041,0,13
0.857,0.05699999999999994,0.8163333333333336,0.035444792753415506,0.9410970033499636,1.3106666666666664,0.6109486612364967,1.0949668084818354,1.3454166666666667,0.5223521031803839,1.1634020400161686,1.1031250000000001,0.5398401786438846,1.0929455074799772,0,14
0.866,0.009000000000000008,0.8410000000000003,0.03579106033633705,0.9035485016749818,1.2093333333333331,0.6286066072407029,1.029547720344168,1.2480833333333334,0.49021117125606495,1.117647880013681,1.10125,0.5406140832021693,1.0747898668815792,0,15
0.956,0.08999999999999997,0.8930000000000002,0.05474486277267928,0.9297742508374909,0.9833333333333331,0.3217388174694918,1.00853408596012,1.1735,0.4571084017047722,1.0927789753961916,1.0718750000000001,0.5278805293443488,1.065286677531053,0,16
0.522,-0.43399999999999994,0.7813333333333335,0.22905312338698297,0.7258871254187454,0.7988333333333332,0.14783831258055702,0.8695243471143714,1.09725,0.4846442228349298,1.004966825335239,1.02725,0.5271798843229729,1.0218237433285688,1,0
0.267,-0.255,0.5816666666666669,0.3483537474081939,0.49644356270937273,0.7113333333333332,0.263113410275239,0.6973745336531225,1.0391666666666668,0.5406019932922145,0.8914334675913562,1.0190833333333333,0.5377137525767268,0.9614378438622834,0,1
0.272,0.0050000000000000044,0.35366666666666696,0.1458023776669332,0.3842217813546864,0.6233333333333332,0.311394069735867,0.5758389526093732,0.976,0.5842894674886602,0.7961360110388399,1.00925,0.5494952822521699,0.9062828163533008,0,2
0.267,-0.0050000000000000044,0.268666666666667,0.0028867513454980333,0.32561089067734317,0.5249999999999998,0.3159708847346525,0.487599251863838,0.9178333333333333,0.6191853641289621,0.7147304708790184,0.9857499999999999,0.5691582075463658,0.8551401910450368,0,3
0.273,0.006000000000000005,0.270666666666667,0.003214550253261183,0.2993054453386716,0.4261666666666666,0.2784969778411706,0.42628517990274145,0.8177499999999999,0.6181779862849152,0.646771936897631,0.9724583333333333,0.58232584477486,0.8085689757614338,0,4
0.313,0.03999999999999998,0.2843333333333336,0.025006665777963823,0.3061527226693358,0.3189999999999999,0.10097326378798772,0.39391798564481534,0.6511666666666667,0.4147916965359256,0.5954224081441493,0.9715416666666666,0.583389271127493,0.7689234577005191,0,5
0.274,-0.03899999999999998,0.286666666666667,0.022810816147845192,0.2900763613346679,0.2776666666666665,0.01756891193742845,0.35965570403201097,0.53825,0.2900890537247292,0.5459728068912033,0.9698333333333333,0.5854517888788539,0.7293295810844777,1,0
0.263,-0.01100000000000001,0.28333333333333366,0.026274195198536215,0.27653818066733393,0.27699999999999986,0.018121810064076035,0.33203978859429356,0.49416666666666664,0.2882110443071288,0.5024385289079413,0.9445833333333334,0.6028007758474766,0.6920232145977194,0,1
0.263,0.0,0.266666666666667,0.006350852960880702,0.26976909033366697,0.27549999999999986,0.018971030546558177,0.3123141347102097,0.44941666666666663,0.2779134784697409,0.46560183215287343,0.9147083333333333,0.6185313235305119,0.6577013574299019,0,2
0.263,0.0,0.263,0.0,0.2663845451668335,0.2748333333333332,0.019395016542016877,0.29822438193586404,0.39991666666666664,0.2502396881295033,0.4344323195139699,0.8726666666666666,0.6274173887534088,0.6261252488355097,0,3
0.283,0.019999999999999962,0.26966666666666694,0.011547005383680068,0.2746922725834168,0.27649999999999986,0.01963415391603229,0.29387455852561717,0.35133333333333333,0.2038115588359773,0.4111350395887437,0.7997083333333332,0.5870068127274225,0.598675228928669,0,4
0.31,0.027000000000000024,0.28533333333333366,0.023586719427058707,0.29234613629170836,0.27599999999999986,0.01852565788301308,0.298481827518298,0.29750000000000004,0.0727642519623189,0.395575802728937,0.7355,0.5501353983536607,0.5755812106143755,0,5
0.354,0.043999999999999984,0.31566666666666693,0.03583759664557446,0.32317306814585417,0.28933333333333316,0.036686055479775236,0.31434416251307,0.28350000000000003,0.02809238007327368,0.3891795253860236,0.690375,0.5342811352852924,0.5578547137652256,0,6
0.361,0.007000000000000006,0.34166666666666695,0.02764657905294934,0.3420865340729271,0.3056666666666665,0.043752333271097565,0.32767440179505003,0.29133333333333333,0.0352635101984276,0.3848442137881738,0.66525,0.5350319982304205,0.5421063366640075,0,7
0.352,-0.009000000000000008,0.35566666666666696,0.004725815626008486,0.34704326703646354,0.32049999999999984,0.041418594857848136,0.33462457271075,0.298,0.03867345812874545,0.37979125782076245,0.637,0.532830505720242,0.526897829730887,0,8
0.319,-0.032999999999999974,0.3440000000000003,0.022113344387442897,0.3330216335182318,0.32983333333333315,0.030824773586601666,0.33016040907910715,0.30233333333333334,0.03778728341490371,0.3704387566175682,0.6100833333333333,0.5318566263707681,0.510266003352416,0,9
0.316,-0.0030000000000000027,0.32900000000000035,0.019974984355378134,0.32451081675911586,0.3353333333333332,0.02265980288231275,0.32611457791364795,0.30591666666666667,0.03677810201571394,0.36206356329178846,0.5618333333333333,0.5017492589337647,0.4947247230842228,0,10
1.275,0.9589999999999999,0.6366666666666669,0.5528149177919603,0.7997554083795579,0.4961666666666665,0.3820195893755524,0.5972246985097485,0.38608333333333333,0.2823329621478,0.5025153227853595,0.518625,0.37247816539450274,0.557146745237485,1,0
0.506,-0.7689999999999999,0.6990000000000003,0.5077962189697741,0.652877704189779,0.5214999999999997,0.37569389135305226,0.5711604989355346,0.4054166666666667,0.28190309693333565,0.5030514269722273,0.4718333333333333,0.2878480376060009,0.5530550056184862,1,0
0.425,-0.08100000000000002,0.7353333333333336,0.4691165455761844,0.5389388520948895,0.5321666666666666,0.3711061393545865,0.5294003563825247,0.41891666666666666,0.2783191295595534,0.4910435151303461,0.4565416666666667,0.27973387650885123,0.5428106051690074,0,1
0.381,-0.043999999999999984,0.43733333333333363,0.06340609854999182,0.45996942604744473,0.5369999999999998,0.3684698088039224,0.48700025455894624,0.42875,0.2743660875545657,0.47411374357183134,0.4390833333333333,0.2702818040919348,0.5298657567554867,0,2
0.399,0.018000000000000016,0.401666666666667,0.022120880030666763,0.4294847130237224,0.5503333333333331,0.36036185517707864,0.4618573246849616,0.4400833333333334,0.2696656038110673,0.4625577830223188,0.42,0.25524191423551773,0.5193964962150479,0,3
0.487,0.08799999999999997,0.4223333333333336,0.0567215420570635,0.4582423565118612,0.5788333333333332,0.34453703235888283,0.469040946203544,0.45708333333333334,0.26525680809815966,0.46631812409580825,0.4042083333333333,0.23756024026260358,0.5168047765178441,0,4
0.39,-0.09699999999999998,0.4253333333333336,0.053594153910023,0.4241211782559306,0.4313333333333332,0.05291754592444268,0.4464578187168171,0.46375000000000005,0.2622119631831532,0.45457687423491466,0.380625,0.2064589258024004,0.5066603943964165,0,5
0.379,-0.01100000000000001,0.41866666666666696,0.059433436156184086,0.40156058912796533,0.4101666666666665,0.04117483049953507,0.4271841562262979,0.4658333333333333,0.26135862972806734,0.4429496628141586,0.37466666666666665,0.2042531819062886,0.49644756284470326,0,6
0.407,0.02799999999999997,0.39200000000000035,0.01410673597958719,0.4042802945639826,0.4071666666666665,0.0405285907313027,0.4214172544473556,0.4696666666666666,0.26001515107369894,0.4374189454581342,0.3805,0.2030401545207965,0.48929175781712697,0,7
0.366,-0.04099999999999998,0.3840000000000003,0.02095232683970329,0.3851401472819913,0.4046666666666665,0.04286101569801431,0.4055837531766826,0.4708333333333334,0.25947003096638477,0.42643141538765206,0.38441666666666663,0.20175877043954787,0.4794284171917569,0,8
0.334,-0.03199999999999997,0.36900000000000027,0.03659234892703248,0.3595700736409957,0.3938333333333332,0.05185139020957297,0.385131252269059,0.47208333333333335,0.25870708544724036,0.4122111976357056,0.3872083333333334,0.20052322410583745,0.4677941438164164,0,9
1.437,1.103,0.7123333333333336,0.6277836676223206,0.8982850368204979,0.5521666666666666,0.43417573247092683,0.685665180192185,0.5655,0.3739476142213211,0.5698710133840585,0.43570833333333336,0.29172537400881393,0.545330612311103,1,0
1.071,-0.3660000000000001,0.9473333333333337,0.5618027530489088,0.984642518410249,0.6656666666666665,0.4707736894375748,0.7957608429944178,0.5485,0.3420362819670129,0.6469677805557419,0.46729166666666666,0.3177353943096425,0.5873841633262148,0,1
0.381,-0.69,0.9630000000000004,0.5362201040617556,0.6828212592051245,0.6659999999999998,0.47053076413769107,0.6772577449960128,0.5380833333333334,0.3453357939832771,0.6060496604702431,0.47174999999999995,0.3156491241318752,0.5708734302601176,0,2
0.497,0.11599999999999999,0.6496666666666671,0.36946628172721263,0.5899106296025622,0.6809999999999999,0.46197965323161094,0.6257555321400091,0.5440833333333334,0.34381455316739684,0.5892727896286672,0.4815,0.3125192168004517,0.5649635558393082,0,3
0.444,-0.05299999999999999,0.44066666666666704,0.058071794645346474,0.5169553148012811,0.694,0.45233969536179286,0.5738253801000065,0.5493333333333333,0.34157159061483916,0.5669231296857954,0.48904166666666665,0.309183283080173,0.5552864713721636,0,4
0.419,-0.025000000000000022,0.45333333333333375,0.03982880029992542,0.46797765740064057,0.7081666666666666,0.43997200668527336,0.5295895572142904,0.551,0.3408193336385393,0.5441657251187499,0.4955416666666666,0.30584636369982937,0.5443835536623906,0,5
2.135,1.7159999999999997,0.9993333333333337,0.9835956147387671,1.3014888287003201,0.8244999999999999,0.6915680009948406,0.9882782551530644,0.6883333333333334,0.5686004082327273,0.7889094597158653,0.5727083333333333,0.44969569219608096,0.6716328693693993,1,0
2.209,0.07400000000000029,1.5876666666666672,1.0127711159651698,1.7552444143501602,1.0141666666666664,0.8979497573175612,1.3370558965379031,0.8399166666666668,0.707368035663747,1.007384927451886,0.6518333333333333,0.5559707269950139,0.7946222398198474,0,1
2.019,-0.18999999999999995,2.1210000000000004,0.0957705591505248,1.8871222071750802,1.2871666666666666,0.9157712414498874,1.531897068955645,0.9765833333333335,0.7662022588815253,1.163018015536211,0.7212083333333333,0.6176501739001151,0.8925724606342597,0,2
1.598,-0.42100000000000004,1.9420000000000004,0.3126931403149156,1.7425611035875401,1.4706666666666666,0.8322746341603042,1.5507836206826038,1.0758333333333334,0.7628446563337584,1.2299383208383325,0.7727499999999999,0.6375757925959467,0.9490066637835188,0,3
1.363,-0.2350000000000001,1.6600000000000004,0.3323657623763351,1.55278055179377,1.623833333333333,0.6753062761937494,1.4971311576304314,1.1589166666666666,0.7321834666174041,1.2504093484016658,0.8148749999999999,0.6419515972882,0.9821261306808374,0,4
1.223,-0.1399999999999999,1.394666666666667,0.1894949427645359,1.387890275896885,1.7578333333333334,0.4198811339732577,1.4188079697360225,1.2329999999999999,0.6845554629233357,1.2461925255706403,0.8525416666666666,0.6381006448602101,1.0013960402263704,0,5
1.339,0.11599999999999988,1.3083333333333338,0.07486877408729468,1.3634451379484425,1.6251666666666666,0.40225982482304723,1.3960056926685875,1.2248333333333334,0.6824819455931466,1.2604705985597726,0.8951666666666668,0.6348613451268185,1.0284043570082608,0,6
1.468,0.129,1.3433333333333337,0.12255746951261075,1.4157225689742212,1.5016666666666667,0.28333419607712096,1.416575494763277,1.2579166666666668,0.6839676305915144,1.292398198781346,0.9032083333333333,0.6410737581634414,1.0635720084476001,0,7
2.289,0.8210000000000002,1.6986666666666672,0.5152963548612933,1.8523612844871107,1.5466666666666666,0.3850977365120036,1.6658396391166264,1.4169166666666666,0.6833544878469789,1.4457215528149852,0.9775,0.6941563537692802,1.161606247771792,1,0
1.982,-0.30700000000000016,1.9130000000000005,0.414826469743679,1.9171806422435553,1.6106666666666667,0.42516004829554316,1.7561711707975902,1.5406666666666666,0.6343221626749351,1.5282259293049876,1.042375,0.712783082589709,1.227237747950049,0,1
0.913,-1.069,1.7280000000000004,0.7223094904540593,1.4150903211217778,1.5356666666666667,0.5090098885745428,1.515265121998279,1.57975,0.5719955697539821,1.4335757863349894,1.0645416666666667,0.6994688033672831,1.202098728114045,1,0
1.055,0.1419999999999999,1.316666666666667,0.5805534715539428,1.235045160560889,1.5076666666666665,0.5336724338643214,1.3837608014273421,1.63275,0.47609035143265993,1.375333357668068,1.0918750000000002,0.6849981474110151,1.1903308298649213,0,1
0.877,-0.17799999999999994,0.9483333333333338,0.09411340676722661,1.0560225802804446,1.4306666666666665,0.5929164078237913,1.2389720010195302,1.5279166666666668,0.49362342259391845,1.298666687257596,1.108125,0.6745715749886068,1.1652643634757276,0,2
0.74,-0.137,0.8906666666666672,0.1579440829323254,0.8980112901402223,1.3093333333333332,0.6549878370371989,1.0964085721568073,1.4055,0.4915109357888193,1.2127179661410428,1.1227083333333334,0.6620385171486676,1.1312432143976694,0,3
0.729,-0.01100000000000001,0.7820000000000005,0.08245604889878981,0.8135056450701111,1.0493333333333332,0.4725431902658928,0.9914346943977196,1.298,0.4861731827614153,1.1382998175039591,1.1372916666666668,0.6486636751089103,1.099063757245856,0,4
0.491,-0.238,0.6533333333333338,0.14069233573060236,0.6522528225350556,0.8008333333333332,0.19382509297474224,0.8484533531412283,1.20575,0.5273549994591369,1.0387152301956577,1.1407916666666666,0.6447668253391856,1.0504186566661875,0,5
0.458,-0.032999999999999974,0.5593333333333338,0.14785916722791392,0.5551264112675278,0.7249999999999998,0.22728396335861603,0.7368952522437345,1.1303333333333334,0.566110065323526,0.9493744255501719,1.144625,0.6402176133091819,1.0030251641328924,0,6
0.436,-0.02200000000000002,0.4616666666666671,0.027682726262633555,0.4955632056337639,0.6218333333333332,0.18387541071787517,0.6509251801740961,1.0647499999999999,0.5990283230517424,0.8703937446962993,1.148875,0.6349190508143203,0.9576631510022611,0,7
0.359,-0.07700000000000001,0.41766666666666713,0.05198397188876354,0.42728160281688193,0.5354999999999999,0.16018832666583582,0.56751798583864,0.9830833333333332,0.6245013222685379,0.7917177839737917,1.1039583333333334,0.6515625685972932,0.9097700989220802,0,8
0.324,-0.034999999999999976,0.37300000000000044,0.0572974694030921,0.37564080140844097,0.46616666666666645,0.14308796828059003,0.49794141845617146,0.88775,0.6310313527724427,0.7197612018239776,1.0728333333333333,0.6707645000242295,0.8629084910083138,0,9
0.313,-0.01100000000000001,0.33200000000000046,0.024020824298889912,0.3443204007042205,0.3968333333333332,0.07470854480357042,0.4451010131829796,0.7230833333333333,0.46920250683925724,0.6571825553895194,1.07,0.6739499400839289,0.8189158117276487,0,10
0.31,-0.0030000000000000027,0.31566666666666715,0.007371114795702201,0.32716020035211024,0.36666666666666653,0.06499128146657111,0.4065007237021283,0.58375,0.2653406472648129,0.6037698545603626,1.0622083333333332,0.6818966502826272,0.7782025467894369,0,11
0.31,0.0,0.31100000000000044,0.0017320508070119696,0.3185801001760551,0.34199999999999986,0.049674943381954495,0.37892908835866307,0.5335,0.25418228963410705,0.5585744923203068,1.056625,0.6877024642589462,0.7407463430462821,0,12
0.312,0.0020000000000000018,0.3106666666666671,0.0011547005375434159,0.3152900500880276,0.3213333333333332,0.019179850538182944,0.3598064916847593,0.4715833333333333,0.20040661317945896,0.5206399550402596,1.0521666666666667,0.6923470270009849,0.7064466356025795,0,13
0.328,0.016000000000000014,0.3166666666666671,0.009865765724535715,0.3216450250440138,0.3161666666666665,0.007808115436328603,0.3507189226319709,0.42583333333333334,0.15751700244928077,0.4910030388802197,0.976875,0.6672708408135345,0.6761709047543731,1,0
0.357,0.02899999999999997,0.33233333333333376,0.02281081614786013,0.3393225125220069,0.32166666666666655,0.018597490870196347,0.3525135161656935,0.39391666666666664,0.12311890655588119,0.47038718674480123,0.8997083333333333,0.6242894729326247,0.6506372323740234,0,1
0.389,0.03200000000000003,0.3580000000000005,0.030512292604755718,0.3641612562610035,0.33433333333333315,0.032327490881091374,0.36293822583263824,0.36558333333333337,0.06385417809827872,0.45786608109175486,0.8317916666666667,0.5846315806941405,0.6297062537841016,0,2
0.404,0.015000000000000013,0.38333333333333375,0.02400694344000605,0.38408062813050176,0.34999999999999987,0.04003498470088867,0.3746701613090273,0.35833333333333334,0.05219427578042498,0.44957899169302334,0.7820416666666667,0.5671359379385609,0.6116497534813735,0,3
0.391,-0.013000000000000012,0.39466666666666717,0.00814452781514591,0.3875403140652509,0.3634999999999999,0.03742058257163292,0.37933582950644806,0.35274999999999995,0.04340742500373842,0.44056683912486594,0.7415416666666667,0.5584850610408475,0.5939977732028636,0,4
0.368,-0.02300000000000002,0.3876666666666671,0.018230011885121286,0.37777015703262545,0.3728333333333332,0.02773745962893988,0.3760970210760343,0.34708333333333335,0.03521739842060709,0.4294027100287327,0.7059166666666665,0.5536872384036104,0.5759179513466346,0,5
0.364,-0.0040000000000000036,0.3743333333333338,0.014571661996204141,0.3708850785163127,0.3788333333333332,0.01843276069033266,0.3726407293400245,0.3475,0.0354003081650774,0.4193407546396969,0.6652916666666666,0.5408368297825857,0.5589645152389039,0,6
0.543,0.17900000000000005,0.42500000000000043,0.10221056696838376,0.45694253925815637,0.4098333333333332,0.06694301058861252,0.4213148066714461,0.36575,0.06568260458793627,0.43836525392589737,0.62675,0.5134100192108538,0.5576873540197916,1,0
0.462,-0.08100000000000002,0.45633333333333376,0.08963444278474597,0.4594712696290782,0.4219999999999999,0.06900144926014545,0.4329391476224615,0.3781666666666667,0.06881309776665395,0.44200136870652856,0.550625,0.37227582253415376,0.5500323656982083,0,1
0.548,0.08600000000000002,0.517666666666667,0.04827352621605446,0.5037356348145391,0.4459999999999999,0.08473724092747204,0.4658136768731868,0.39799999999999996,0.080658652244002,0.4583088504439857,0.490875,0.21397324345124588,0.5498697764423517,0,2
0.556,0.008000000000000007,0.5220000000000005,0.05211525688316983,0.5298678174072695,0.47349999999999987,0.0899327526544165,0.491581197766562,0.41850000000000004,0.08725146521302016,0.47333825806798796,0.47600000000000003,0.19491202028652982,0.5503601943269636,0,3
0.53,-0.026000000000000023,0.5446666666666672,0.013316656236915816,0.5299339087036348,0.5004999999999998,0.0750033332592657,0.5025579984046872,0.4366666666666667,0.08574309761070852,0.48205544913445136,0.45412500000000006,0.15179743725282224,0.5487313787808065,0,4
0.413,-0.11700000000000005,0.49966666666666715,0.07617304860206164,0.4714669543518174,0.5086666666666665,0.05788148811724817,0.47696999886049085,0.44375000000000003,0.07921217192969075,0.4714315338829973,0.4347916666666667,0.12227445222396004,0.5378728684783419,1,0
0.344,-0.069,0.42900000000000044,0.09402659198332394,0.4077334771759087,0.47549999999999987,0.08495587089778117,0.4389785706146363,0.4426666666666667,0.08058347826755602,0.4518266825163823,0.4182916666666667,0.1047628706077391,0.5223630390000746,0,1
0.35,0.006000000000000005,0.36900000000000044,0.03822302970721017,0.37886673858795433,0.4568333333333332,0.09956388234026997,0.4135561218675973,0.43941666666666673,0.08367193331245026,0.4361610390523235,0.4025,0.08197825798717373,0.5085739958800687,0,2
0.383,0.03300000000000003,0.35900000000000043,0.020999999999958045,0.38093336929397714,0.4293333333333331,0.09183390804418108,0.4048258013339981,0.4376666666666667,0.08469338638270639,0.42798241765965833,0.3980000000000001,0.0798455029906445,0.4985280762096632,0,3
0.371,-0.01200000000000001,0.3680000000000005,0.016703293088438247,0.37596668464698857,0.3984999999999998,0.0690239089011947,0.3951612866671415,0.436,0.08588364221433961,0.4192158918658647,0.3943750000000001,0.07897319991206364,0.48832583011289016,0,4
0.338,-0.032999999999999974,0.3640000000000005,0.02330236039542461,0.35698334232349427,0.3664999999999998,0.028444683158727682,0.3788294904765297,0.4335,0.08844155748803718,0.4067211392711163,0.3902916666666667,0.07926042883881654,0.47629976370385896,0,5
0.324,-0.014000000000000012,0.34433333333333377,0.024131583730280064,0.34049167116174717,0.3516666666666665,0.021768478740304,0.3631639217689498,0.43016666666666664,0.09198204699667029,0.39399481015248305,0.38883333333333336,0.0801778819477426,0.46411578260755026,0,6
0.294,-0.030000000000000027,0.3186666666666671,0.0224796204000741,0.3172458355808736,0.3433333333333332,0.03230892549539623,0.3434028012635356,0.4094166666666667,0.09229937292541543,0.3786109932059472,0.38758333333333334,0.08145626549510332,0.45050651999894625,0,7
0.268,-0.025999999999999968,0.2953333333333338,0.02802379940927611,0.2926229177904368,0.3296666666666665,0.044111978720831155,0.3218591437596683,0.39325000000000004,0.09899873736568891,0.3615939173281092,0.3857083333333334,0.08373378060553413,0.4359059983990306,0,8
0.283,0.014999999999999958,0.2816666666666671,0.013051181300223215,0.2878114588952184,0.31299999999999983,0.03846036921300144,0.31075653125690594,0.3711666666666667,0.09053561161055686,0.349502545431477,0.38458333333333333,0.08496747033127282,0.42367351852710816,0,9
0.37,0.08700000000000002,0.30700000000000044,0.055072679252039736,0.3289057294476092,0.3128333333333332,0.038159751920931774,0.32768323661207566,0.35566666666666663,0.06949078857640274,0.35265599998048053,0.3870833333333333,0.08354843253893582,0.4193796370449395,1,0
0.432,0.062,0.3616666666666671,0.07484873635093356,0.3804528647238046,0.32849999999999985,0.062250301204093764,0.35748802615148256,0.3475,0.05022947341950342,0.36486276921425276,0.39208333333333334,0.08244308533069057,0.42038926608134436,0,1
0.61,0.178,0.47066666666666707,0.12458464324840328,0.4952264323619023,0.37616666666666654,0.13035707371165972,0.4296343043939161,0.36391666666666667,0.09001763295279908,0.40257618933513695,0.4038333333333333,0.09240631762079254,0.43555812479483685,0,2
0.799,0.18900000000000006,0.6136666666666671,0.1835274729661268,0.6471132161809512,0.4603333333333332,0.20712186428928053,0.5351673602813687,0.4018333333333333,0.15397274453813806,0.463564467898962,0.42225,0.1219797738044884,0.46463347481124995,0,3
0.882,0.08299999999999996,0.763666666666667,0.1393999043519503,0.7645566080904755,0.5626666666666665,0.2418575338224286,0.6342624002009776,0.44616666666666666,0.20561916842610548,0.5279391651452755,0.4427916666666667,0.15356006590446128,0.49802279682635,0,4
1.059,0.17699999999999994,0.9133333333333339,0.13280185741672945,0.9117783040452377,0.6919999999999998,0.2684198204306094,0.7556160001435555,0.5025000000000001,0.26943796722403274,0.6096408320460024,0.47008333333333335,0.19810930594359258,0.542900973080242,0,5
1.191,0.13200000000000012,1.0440000000000005,0.15504515471307198,1.0513891520226188,0.8288333333333332,0.280436386131806,0.8800114286739682,0.5708333333333333,0.33018888074812247,0.6990807040389251,0.5034166666666667,0.24578957360465112,0.5947488952338227,0,6
1.672,0.48099999999999987,1.307333333333334,0.3226334349278365,1.3616945760113093,1.0354999999999999,0.37159372976410787,1.106293877624263,0.6819999999999999,0.44816109116741115,0.8487605957252442,0.55775,0.34045279951214175,0.6809289836151169,0,7
2.728,1.0560000000000003,1.863666666666667,0.7862215548643628,2.0448472880056547,1.3884999999999998,0.7247429199378227,1.5696384840173307,0.8823333333333334,0.7252386858925499,1.137874350229053,0.65625,0.555818178747411,0.8446946649259075,0,8
2.487,-0.2410000000000001,2.2956666666666674,0.5533898565508206,2.2659236440028274,1.669833333333333,0.7759591269304513,1.8317417742980933,1.0650833333333332,0.8319599485916419,1.3454321425015063,0.73725,0.668770269908169,0.9760790917318349,0,9
2.561,0.07399999999999984,2.5920000000000005,0.123454445039477,2.4134618220014135,1.9496666666666667,0.7367793880576928,2.040101267355781,1.2561666666666669,0.8933085421707065,1.5324425821166594,0.8247083333333333,0.7619643081431435,1.1028727643932883,0,10
1.818,-0.7429999999999999,2.2886666666666673,0.4092851491727226,2.115730911000707,2.0761666666666665,0.6070016199868568,1.9766437623969866,1.384083333333333,0.8501472020488667,1.5763744925602503,0.877625,0.7856433980585878,1.1600829432418254,0,11
1.51,-0.30800000000000005,1.9630000000000003,0.5402952896333668,1.8128654555003534,2.1293333333333333,0.5219807148417157,1.8433169731407046,1.4790833333333335,0.7879457132123371,1.5661630321663655,0.9173750000000002,0.7927648816696516,1.1880763077824794,0,12
2.096,0.5860000000000001,1.8080000000000005,0.29312795840725153,1.9544327277501767,2.1999999999999997,0.47419700547346555,1.915512123671932,1.61775,0.7313066916641259,1.6476764118330784,0.982625,0.8233512543522837,1.2607102031598811,0,13
1.129,-0.9670000000000001,1.5783333333333338,0.4871081331011997,1.5417163638750884,1.9334999999999998,0.5597209125984143,1.69079437405138,1.6610000000000003,0.679824442578578,1.5678800407818354,1.0124583333333332,0.8147408219084513,1.2501733869070906,0,14
0.999,-0.13,1.4080000000000004,0.5993604925251599,1.2703581819375442,1.6855,0.5940271879299815,1.4931388386081286,1.6776666666666669,0.6588999556193285,1.480360034507707,1.03975,0.8022503268659492,1.2300795159545235,0,15
0.754,-0.245,0.9606666666666671,0.1904162107944966,1.0121790909687722,1.3843333333333332,0.5140671810830449,1.2819563132915204,1.667,0.6738188318693829,1.3686123368911367,1.0565833333333334,0.7913122242401445,1.1919931546781615,0,16
0.5,-0.254,0.7510000000000004,0.24951352668743276,0.7560895454843861,1.1646666666666665,0.570225101750763,1.0585402237796575,1.6204166666666666,0.7361160306677624,1.2349796696771156,1.0614583333333334,0.7873324793065601,1.1366337023039086,0,17
0.394,-0.10599999999999998,0.5493333333333338,0.18500090089870624,0.575044772742193,0.9786666666666665,0.6152851913272966,0.868671588414041,1.554,0.8105721884738425,1.1055981820344822,1.0624166666666668,0.7864690445090734,1.077223006119596,0,18
0.309,-0.08500000000000002,0.40100000000000047,0.09569221493935207,0.4420223863710965,0.6808333333333332,0.3348644004170463,0.7087654202957436,1.4404166666666667,0.8846461499413549,0.9830446155676388,1.0612083333333333,0.7876518199640968,1.0157651656300284,0,19
0.263,-0.045999999999999985,0.32200000000000045,0.06646051459324492,0.35251119318554824,0.5364999999999999,0.2861501354184568,0.5814038716398169,1.235,0.8437294913332449,0.8722685208649251,1.0586666666666666,0.7902283471122196,0.9555439523796261,0,20
0.259,-0.0040000000000000036,0.2770000000000004,0.027784887978877734,0.3057555965927741,0.4131666666666665,0.19039056349164946,0.4892884797427264,1.0493333333333335,0.7863656717437323,0.7779195176549366,1.0572083333333333,0.7917317276850718,0.899820436189256,0,21
0.267,0.008000000000000007,0.2630000000000005,0.003999999999842655,0.2863777982963871,0.33199999999999985,0.09686278955306368,0.42577748553051886,0.8581666666666666,0.6529968443935089,0.6993165149387925,1.0571666666666666,0.7917750924987788,0.8491948012941156,0,22
0.257,-0.010000000000000009,0.2610000000000004,0.005291502622009649,0.27168889914819355,0.2914999999999998,0.05379869886903483,0.37755534680751346,0.7280833333333333,0.5975339409657516,0.6312678203328245,1.0560833333333333,0.792897378998814,0.8018192171905865,0,23
0.277,0.020000000000000018,0.2670000000000005,0.009999999999937696,0.27434444957409676,0.27199999999999985,0.019462785001152397,0.34882524771965245,0.6253333333333334,0.5553792043334557,0.5767650787431592,1.0522083333333334,0.7966146839659343,0.7598336798153396,0,24
0.313,0.035999999999999976,0.28233333333333377,0.02837839553836922,0.29367222478704835,0.27266666666666656,0.02099206199180418,0.3385894626568946,0.47675,0.3108162640532212,0.5361858358595962,1.04725,0.8010011263087128,0.7240869854301124,0,25
0.264,-0.04899999999999999,0.2846666666666671,0.025383721817971088,0.2788361123935242,0.2728333333333332,0.02090374767039991,0.3172781876120676,0.40466666666666673,0.23743988074815633,0.4943110918811968,1.0328333333333333,0.8122478025538903,0.6872800265957034,1,0
0.256,-0.008000000000000007,0.2776666666666671,0.030859898466004725,0.26741805619676207,0.2723333333333332,0.02133229164125949,0.29977013400861974,0.34274999999999994,0.14863630108422957,0.4576478469763973,1.0102083333333334,0.8264822247051801,0.6527776244680472,0,1
0.254,-0.0020000000000000018,0.25800000000000045,0.005291502622009067,0.26070902809838103,0.2701666666666665,0.022604571808989195,0.2866929528632998,0.3010833333333333,0.07442929327201385,0.4263174089800285,0.9840416666666667,0.8405396030380502,0.6208754145106035,0,2
0.299,0.044999999999999984,0.2696666666666671,0.025423086620866803,0.2798545140491905,0.2771666666666665,0.02416126376387938,0.29020925204521414,0.2843333333333333,0.04045948216390625,0.40673011529079334,0.952375,0.8518331543360399,0.5951253813497552,0,3
0.355,0.055999999999999994,0.3026666666666671,0.05059973649469128,0.31742725702459523,0.2901666666666665,0.0399069751630934,0.3087208943180101,0.2810833333333333,0.031401963845197375,0.39877163601528665,0.9175416666666667,0.8587161285854333,0.5759153508417748,0,4
0.355,0.0,0.33633333333333376,0.03233161507460294,0.33621362851229764,0.2971666666666665,0.04764626603069493,0.3219434959414358,0.28491666666666665,0.03736176541804822,0.392037538166781,0.8626666666666667,0.8504480490059179,0.5582421227744329,0,5
0.323,-0.03199999999999997,0.34433333333333377,0.01847520861404049,0.3296068142561488,0.3069999999999999,0.045470869795959365,0.3222453542438827,0.28991666666666666,0.03816818840425039,0.3814163784488147,0.7624583333333333,0.757736731794194,0.5394227529524782,0,6
1.571,1.248,0.7496666666666671,0.711475462214498,0.9503034071280744,0.5261666666666666,0.5132696822009535,0.6790323958884876,0.39925000000000005,0.3708464825724593,0.5644292433028433,0.7242916666666667,0.6868494220884152,0.6219489327162799,1,0
1.02,-0.5509999999999999,0.9713333333333338,0.6254217243855015,0.9851517035640371,0.6538333333333332,0.5271115315250349,0.7764517113489198,0.462,0.4082543770293689,0.6345170520254828,0.6600833333333332,0.5697264726368172,0.6537930180989776,0,1
0.444,-0.5760000000000001,1.0116666666666672,0.5635462122429129,0.7145758517820185,0.6779999999999998,0.5106568319331498,0.6814655081063713,0.4775833333333333,0.40325639448987216,0.6052067363292547,0.6028333333333333,0.5146881425270771,0.6370095766510594,0,2
0.52,0.07600000000000001,0.6613333333333338,0.31293023716690144,0.6172879258910093,0.7054999999999998,0.49395333787717355,0.6353325057902652,0.49783333333333335,0.39833946996667935,0.5920980076632155,0.5615833333333333,0.4771228004053763,0.6276488105189746,0,3
0.843,0.32299999999999995,0.6023333333333337,0.21185922999325046,0.7301439629455047,0.7868333333333332,0.46396440237012565,0.6946660755644751,0.5419999999999999,0.40530415066398745,0.630698314176567,0.509375,0.35479360963070433,0.6448769056774566,0,4
1.941,1.098,1.1013333333333337,0.744890819740272,1.3355719814727522,1.0564999999999998,0.5927821690975541,1.0507614825460538,0.68175,0.5602387680915424,0.8322831889186336,0.5432083333333334,0.4439618059528651,0.74856675322326,0,5
1.85,-0.09099999999999997,1.544666666666667,0.6093622349090365,1.5927859907363762,1.1029999999999998,0.649447765413048,1.2791153446757528,0.8145833333333333,0.6342032164038365,0.9888550060080747,0.5786666666666667,0.5108871794681575,0.8366814129653993,0,6
1.69,-0.16000000000000014,1.8270000000000006,0.12707084638107674,1.641392995368188,1.2146666666666666,0.6887343948625393,1.3965109604826806,0.93425,0.6539815294861872,1.0967234666222172,0.6176666666666667,0.5583729209413557,0.9049468999281675,0,7
1.422,-0.268,1.6540000000000006,0.21625910385461863,1.531696497684094,1.3776666666666664,0.5764410348567044,1.4037935432019149,1.0278333333333334,0.6348853630714966,1.146766010218799,0.6560833333333334,0.5811769854405788,0.946311147933914,0,8
2.147,0.7249999999999999,1.7530000000000001,0.36658286921241,1.839348248842047,1.6488333333333332,0.4640075071231805,1.6161382451442248,1.1771666666666667,0.6719102799053056,1.30064816249283,0.7291249999999999,0.6525780521366285,1.0423662560992009,0,9
1.613,-0.5339999999999998,1.7273333333333338,0.3757796340055381,1.7261741244210236,1.7771666666666663,0.25675468187877015,1.6152416036744464,1.282,0.6287223697164115,1.348702291340087,0.7834583333333333,0.670127046953018,1.0880169556112649,1,0
1.13,-0.4830000000000001,1.6300000000000001,0.508713082198603,1.4280870622105117,1.6419999999999997,0.349850825352752,1.4766011454817474,1.3492499999999998,0.5557437481756907,1.3150557849800735,0.8195833333333334,0.6641931958769801,1.0913755991623637,0,1
0.53,-0.5999999999999999,1.0910000000000004,0.5425523016263054,0.9790435311052559,1.4219999999999997,0.5504285603055148,1.2061436753441053,1.2625,0.5976509318687944,1.194277971906216,0.8308749999999999,0.65650771130277,1.0464655512293746,0,2
0.902,0.372,0.8540000000000004,0.30286630713897683,0.9405217655526279,1.2906666666666664,0.5674404520887354,1.1192454823886466,1.2526666666666666,0.602950824669557,1.1493121300744904,0.8573333333333334,0.6454980326421829,1.0349083071310248,0,3
0.285,-0.617,0.5723333333333338,0.31067077965803913,0.6127608827763139,1.1011666666666666,0.6911727473408282,0.8808896302776047,1.2394166666666666,0.6237261138925618,1.0163410331399534,0.8584999999999999,0.644390173460284,0.9749156425605429,0,4
0.486,0.201,0.5576666666666671,0.31468132028026996,0.5493804413881569,0.8243333333333331,0.4926340088409127,0.7680640216268606,1.2365833333333331,0.6273578735579505,0.934750104964576,0.8672083333333332,0.6375661588290732,0.9358023911556995,0,5
0.282,-0.20400000000000001,0.3510000000000004,0.11692305161943084,0.41569022069407846,0.6024999999999998,0.3436019499362625,0.629188586876329,1.1898333333333333,0.6781962485263047,0.8343270118931028,0.8659166666666667,0.6387680341479811,0.8834981998632436,0,6
0.382,0.10000000000000003,0.38333333333333375,0.10200653573832162,0.39884511034703923,0.47783333333333317,0.23126817045730383,0.558563276340235,1.0599166666666668,0.6704987910413264,0.7647382408326254,0.8708333333333332,0.6343725874516851,0.8433783438741842,0,7
0.393,0.01100000000000001,0.3523333333333338,0.061158264636379515,0.3959225551735196,0.4549999999999998,0.23184995147724716,0.5112594831001679,0.9384999999999999,0.6458888871512313,0.7075477422429908,0.8765416666666667,0.6291947910980576,0.8073480763642495,0,8
0.322,-0.07100000000000001,0.3656666666666671,0.03821430796617218,0.3589612775867598,0.35833333333333317,0.07821167858234813,0.4571853450715485,0.8245,0.621454671791041,0.6482327049748383,0.879375,0.6264165035098981,0.7685202302551096,0,9
0.291,-0.031000000000000028,0.33533333333333376,0.052290853247326095,0.3249806387933799,0.3593333333333331,0.07711722678279176,0.40970381790824895,0.73025,0.6082227649621338,0.5932738272864017,0.8790416666666666,0.626740809000553,0.7303186118347008,0,10
0.294,0.0030000000000000027,0.3023333333333338,0.0170977581376428,0.3094903193966899,0.3273333333333332,0.04861138412623672,0.3766455842201778,0.5758333333333333,0.42279198266530754,0.5472317000115706,0.8765,0.6290777238217045,0.6954131228879248,0,11
0.332,0.038000000000000034,0.3056666666666671,0.022854612955229375,0.32074515969834494,0.3356666666666665,0.04327894022118077,0.3638897030144127,0.4690833333333333,0.2719085602762741,0.5141191307790213,0.8755416666666666,0.6299236654352363,0.6663400730568908,0,12
0.321,-0.01100000000000001,0.31566666666666715,0.01955334583475061,0.3208725798491725,0.32549999999999985,0.03691476669304402,0.3516355021531519,0.40166666666666667,0.17680360616094953,0.4844084952745564,0.8754583333333333,0.6300000675753366,0.6387128672123396,0,13
0.295,-0.026000000000000023,0.31600000000000045,0.0190000000000007,0.3079362899245862,0.30916666666666653,0.017814787864820006,0.3354539301093942,0.38208333333333333,0.17429361764423884,0.45526872677077856,0.8222916666666666,0.6225478839042218,0.6112158378353524,0,14
0.292,-0.0030000000000000027,0.3026666666666671,0.0159478316185409,0.29996814496229307,0.30416666666666653,0.01770216559261996,0.32303852150671014,0.33125,0.06101732242867242,0.43015046111373567,0.7919583333333334,0.6301846850875082,0.5856785708085243,0,15
0.295,0.0030000000000000027,0.2940000000000004,0.0017320508075635561,0.2974840724811465,0.3048333333333332,0.017174593639109424,0.3150275153619358,0.33208333333333334,0.06039334450588901,0.40935808248085326,0.7857499999999998,0.6344809758343063,0.5624242851438422,0,16
0.347,0.05199999999999999,0.31133333333333374,0.03092463958291753,0.32224203624057324,0.3136666666666665,0.023096897338572096,0.3241625109728113,0.3205,0.036980338756511924,0.3997645313299527,0.7785416666666666,0.6386007788204978,0.5451903423323349,1,0
0.436,0.08900000000000002,0.3593333333333337,0.07130451131123086,0.37912101812028665,0.3309999999999998,0.05566686626712407,0.3561160792662938,0.3333333333333333,0.047601247755491904,0.4053392188176523,0.7615833333333333,0.6422084800779724,0.5364551149457482,0,1
1.415,0.9790000000000001,0.7326666666666671,0.5925912025446668,0.8970605090601433,0.5133333333333332,0.44519149437817046,0.658654342333067,0.4194166666666666,0.3167498176316728,0.5606716466918596,0.7396666666666666,0.6082880944068386,0.6067387057500884,1,0
0.531,-0.884,0.7940000000000005,0.5398953602319629,0.7140302545300716,0.5526666666666665,0.432281698278644,0.6221816730950478,0.43091666666666667,0.31820532488926045,0.556106777970035,0.6847083333333334,0.5613858224667491,0.6006796092900812,1,0
0.411,-0.12000000000000005,0.7856666666666672,0.5483113470769453,0.5625151272650358,0.5724999999999999,0.4204995838285716,0.5618440522107484,0.4383333333333333,0.31646839087694595,0.5337826582823374,0.6314166666666666,0.5210644553859612,0.5855052405468748,0,1
0.326,-0.08499999999999996,0.42266666666666713,0.10299676370320421,0.4442575636325179,0.5776666666666664,0.41658020436245957,0.4944600372933917,0.44125,0.31514560127027164,0.5018160954696701,0.58575,0.4961983518189354,0.5647448213031249,0,2
0.245,-0.08100000000000002,0.32733333333333375,0.08300803173990763,0.34462878181625894,0.5606666666666665,0.42974907407307883,0.42318574092385125,0.4371666666666667,0.3175353475909384,0.4623059269358747,0.5065,0.37246359612019103,0.5391652355988749,0,3
0.244,-0.0010000000000000009,0.2716666666666671,0.047056703383613896,0.2943143909081295,0.5286666666666665,0.4476635641490924,0.37198981494560807,0.42983333333333335,0.3211801627898243,0.4287203997149709,0.4494583333333333,0.291714866617729,0.5155520167509648,0,4
0.243,-0.0010000000000000009,0.24400000000000044,0.0010000000000196586,0.26865719545406475,0.3333333333333332,0.11755963025915174,0.33513558210400574,0.42333333333333334,0.3243565191500744,0.4001480305280523,0.41250000000000003,0.25571298448609336,0.49374785541088767,0,5
0.251,0.008000000000000007,0.24600000000000044,0.004358898943545569,0.2598285977270324,0.28666666666666646,0.06890766769140012,0.3110968443600041,0.41966666666666663,0.3261826965293417,0.37720217967758274,0.40087500000000004,0.2564797326512799,0.4743280269780167,0,6
0.298,0.046999999999999986,0.26400000000000046,0.02971531591620846,0.27891429886351615,0.2678333333333332,0.03544808410434075,0.30735488882857437,0.42016666666666663,0.3259737394145115,0.36501722895795463,0.37570833333333337,0.2338002639130239,0.4602217848197754,0,7
0.282,-0.016000000000000014,0.2770000000000004,0.02389560629069898,0.28045714943175803,0.26049999999999984,0.023569047498822316,0.30011063487755313,0.4190833333333333,0.3264487871107223,0.35224534757980774,0.3755833333333333,0.2338516654832244,0.4459640420341934,0,8
0.247,-0.034999999999999976,0.2756666666666671,0.026083200212654572,0.263728574715879,0.2608333333333332,0.023318805000865916,0.2849361677696808,0.41075,0.329716165815389,0.33605375564445267,0.36562500000000003,0.23403396492631787,0.43004691867145795,0,9
0.24,-0.007000000000000006,0.25633333333333375,0.022501851775651543,0.25186428735793953,0.2601666666666665,0.02394507604223484,0.2720972626926291,0.39441666666666664,0.3331880327255411,0.32127625477607535,0.36387499999999995,0.23484209542288462,0.41484316517774134,0,10
0.246,0.006000000000000005,0.24433333333333376,0.0037859388972055932,0.24893214367896976,0.26066666666666655,0.023542868700912583,0.2646409019233065,0.297,0.08929725639682871,0.309695292502833,0.3582083333333333,0.23602357641386376,0.401335711963522,0,11
0.247,0.0010000000000000009,0.24433333333333376,0.0037859388972055932,0.24796607183948488,0.25999999999999984,0.023924882444888673,0.2596006442309332,0.2733333333333333,0.05111187966045842,0.3000498628870125,0.35212499999999997,0.23696749226699207,0.38898885500644026,0,12
0.246,-0.0010000000000000009,0.24633333333333376,0.0005773502692277531,0.24698303591974244,0.2513333333333332,0.015253414918253671,0.25571474587923804,0.25958333333333333,0.02740755812591064,0.2917344993659337,0.3489583333333333,0.23789356026276826,0.37754974660592505,0,13
0.368,0.122,0.2870000000000004,0.0701498396291831,0.30749151795987123,0.2656666666666665,0.050202257585375706,0.2877962470565986,0.2630833333333333,0.03748807891326244,0.3034676533096362,0.3521666666666667,0.23759696723776233,0.3767857668774511,1,0
0.375,0.007000000000000006,0.3296666666666671,0.07254194189111225,0.3412457589799356,0.28699999999999987,0.06553777536659115,0.3127116050404276,0.27391666666666664,0.048849413010967624,0.31447262972353834,0.35554166666666664,0.23730992012220722,0.376642905527255,0,1
0.329,-0.045999999999999985,0.3573333333333338,0.02478574859336605,0.3351228794899678,0.3018333333333332,0.06278667586891695,0.317365432171734,0.28099999999999997,0.05025932749252568,0.31670760976607093,0.35541666666666666,0.2373236492487763,0.37283147308507464,0,2
0.532,0.203,0.41200000000000053,0.1064377752492051,0.4335614397449839,0.34949999999999987,0.10577097900653944,0.37868959440838146,0.3050833333333333,0.08654106574688707,0.34982951595590617,0.3642083333333333,0.23988765108885887,0.38556495523826867,0,3
1.184,0.6519999999999999,0.6816666666666671,0.44671728568898467,0.8087807198724919,0.5056666666666665,0.3451067467707181,0.6087782817202725,0.38283333333333336,0.2661871635909724,0.4781634365780745,0.40125000000000005,0.29176364019379264,0.44943975881920717,0,4
0.364,-0.82,0.6933333333333338,0.43315278289921444,0.5863903599362459,0.5253333333333332,0.33039834543573093,0.5388416298001947,0.38833333333333336,0.2649539697015447,0.4605998309506784,0.40425,0.2909605157734171,0.4426045781136706,1,0
0.33,-0.033999999999999975,0.6260000000000004,0.4835411047677338,0.458195179968123,0.5189999999999999,0.33435789208571387,0.4791725927144248,0.39233333333333337,0.26356138954825514,0.4405075492659587,0.40570833333333334,0.29047644208403467,0.433596211864577,0,1
0.318,-0.01200000000000001,0.33733333333333376,0.023860706890901764,0.3880975899840615,0.5095,0.34002926344654794,0.43312328051030347,0.39825,0.26078452442930583,0.4216602339942727,0.4045,0.29079142383143886,0.42434851491541087,0,2
0.294,-0.02400000000000002,0.31400000000000045,0.018330302779827903,0.3410487949920308,0.5036666666666665,0.3440218985277951,0.39337377179307387,0.40275,0.2582592513523803,0.4020201979951538,0.3985833333333333,0.29156622287028217,0.413920633722178,0,3
0.294,0.0,0.30200000000000043,0.0138564064605565,0.31752439749601535,0.4639999999999998,0.35368686715794506,0.36498126556648136,0.40675,0.25597234403171754,0.3854017059958994,0.351875,0.19568437597315377,0.4043269830244038,0,4
0.295,0.0010000000000000009,0.2943333333333338,0.0005773502693129888,0.30626219874800764,0.3158333333333332,0.02797439305272726,0.3449866182617724,0.41075,0.25361320764287915,0.37149375122729944,0.34204166666666663,0.19219023165845386,0.3955808243824515,0,5
0.247,-0.04799999999999999,0.27866666666666706,0.02742869543622983,0.2766310993740038,0.29633333333333317,0.028458156417246416,0.3169904416155517,0.41083333333333333,0.2535543095251763,0.3523408664230995,0.33520833333333333,0.19254699689814797,0.3836943584318554,0,6
0.295,0.04799999999999999,0.2790000000000004,0.027712812921104234,0.2858155496870019,0.2904999999999998,0.02329592239001909,0.3107074582968226,0.40474999999999994,0.2555433160222302,0.3435191946656996,0.33391666666666664,0.192715360428094,0.376598809757307,1,0
0.244,-0.05099999999999999,0.26200000000000045,0.028618176042510126,0.2649077748435009,0.2781666666666665,0.025325217998438867,0.29164818449773044,0.3938333333333333,0.259694167447137,0.32820854933251503,0.333875,0.1927355278500952,0.36599090497672243,1,0
0.24,-0.0040000000000000036,0.2596666666666671,0.030664855018953385,0.25245388742175046,0.2691666666666665,0.028024394135617747,0.27689156035552176,0.38641666666666663,0.26296438000519423,0.3146380032813589,0.33370833333333333,0.19281833738492485,0.35591163257858466,0,1
0.239,-0.0010000000000000009,0.24100000000000044,0.002645751311078332,0.24572694371087522,0.25999999999999984,0.027261694738254513,0.2660654002539441,0.36199999999999993,0.26181811868686306,0.30300138739191906,0.3335416666666666,0.19290186267423923,0.3465587019722979,0,2
0.244,0.0050000000000000044,0.24100000000000044,0.002645751311078332,0.2448634718554376,0.25149999999999983,0.021510462570613596,0.25976100018138865,0.2836666666666667,0.0411678014811194,0.29392425087008534,0.33325,0.19303733587956737,0.338354005814514,0,3
0.273,0.029000000000000026,0.25200000000000045,0.018357559750688215,0.2589317359277188,0.2558333333333332,0.02299057778022201,0.26354357155813474,0.2760833333333333,0.03249184046758,0.2907051353516107,0.3322083333333333,0.19330309140034513,0.33312568534935294,0,4
0.282,0.008999999999999952,0.26633333333333375,0.019857828011477986,0.2704658679638594,0.25366666666666654,0.01879006829866343,0.2688168368272391,0.2720833333333333,0.027877845010423792,0.2893658837590552,0.3322083333333333,0.19330309140034513,0.3290356305214047,0,5
0.245,-0.03699999999999998,0.2666666666666671,0.019295940851211182,0.2577329339819297,0.2538333333333332,0.01869135272441341,0.2620120263051708,0.266,0.02473495869855345,0.28254036318073905,0.332125,0.19334184920026126,0.3223127800796924,0,6
0.242,-0.0030000000000000027,0.25633333333333375,0.02227853974867801,0.24986646699096485,0.2541666666666665,0.01841104740823935,0.2562943045036934,0.26166666666666666,0.023925389075732963,0.2763033842298561,0.3322083333333333,0.19330084215986437,0.315887757673317,0,7
0.243,0.0010000000000000009,0.24333333333333376,0.0015275252316765632,0.2464332334954824,0.2548333333333332,0.017814787864817168,0.2524959317883524,0.2574166666666667,0.022121393731115064,0.2711797866560321,0.33208333333333334,0.19335997442632116,0.3100567370594517,0,8
0.242,-0.0010000000000000009,0.24233333333333376,0.0005773502692535864,0.2442166167477412,0.25449999999999984,0.018074844397719447,0.2494970941345374,0.253,0.019007175678508372,0.26669058870895024,0.33187500000000003,0.19345830075351492,0.3046121980946956,0,9
0.272,0.030000000000000027,0.2523333333333338,0.01703917055884531,0.2581083083738706,0.2543333333333332,0.017873630483716412,0.2559264958103839,0.25508333333333333,0.019649003367455762,0.2675074212152656,0.3329583333333333,0.19302882847696884,0.30200322224711995,0,10
0.276,0.0040000000000000036,0.2633333333333338,0.01858314648635788,0.26705415418693534,0.2533333333333332,0.0160955480387726,0.2616617827217028,0.2535,0.016681508543104875,0.2688139717975324,0.329125,0.19321610170098244,0.29992296446735034,0,11
0.244,-0.03200000000000003,0.26400000000000046,0.017435595774165633,0.25552707709346767,0.2531666666666665,0.016203908993463162,0.25661555908693057,0.2535,0.016681508543104875,0.2649964376748351,0.32366666666666666,0.19371351923971272,0.2954491273099623,0,12
0.245,0.0010000000000000009,0.25500000000000045,0.018193405398662738,0.25026353854673383,0.25366666666666654,0.015832456116106456,0.25329682791923613,0.2539166666666666,0.01637325054270798,0.26192006264793743,0.32016666666666665,0.19437070513453264,0.29141319712516534,0,13
0.347,0.10199999999999998,0.2786666666666671,0.059180514811324955,0.2986317692733669,0.27099999999999985,0.040119820538005675,0.2800691627994544,0.26291666666666663,0.0307761960356572,0.27500928377902395,0.31245833333333334,0.1892042786460542,0.29586014135515215,1,0
0.287,-0.06,0.2930000000000004,0.051264022471906534,0.2928158846366834,0.27849999999999986,0.037750496685497896,0.28204940199961026,0.26649999999999996,0.030876587187780295,0.2768540093514818,0.2750833333333333,0.03665220399885715,0.29515133004674,0,1
0.337,0.050000000000000044,0.3236666666666671,0.03214550253664591,0.31490794231834174,0.28933333333333316,0.04427489883295573,0.29774957285686443,0.2718333333333333,0.037018013633017904,0.2861072386820231,0.27395833333333336,0.03413206979379695,0.2984992236430008,0,2
0.312,-0.025000000000000022,0.31200000000000044,0.02500000000000324,0.31345397115917084,0.29533333333333317,0.044545108223782215,0.3018211234691889,0.2743333333333333,0.03874000359820385,0.2900907404232503,0.27320833333333333,0.03302697075276933,0.29957928575156073,0,3
1.216,0.9039999999999999,0.6216666666666671,0.5148595277678503,0.7647269855795854,0.45733333333333315,0.3734834222113059,0.5630150881922777,0.35525,0.2736644013120003,0.4325383188196733,0.310625,0.19541901747605595,0.37289294289143593,1,0
1.97,0.754,1.1660000000000004,0.8301301102839247,1.3673634927897926,0.7448333333333332,0.699226262855357,0.9650107772801984,0.49924999999999997,0.536789636297465,0.6690708851551082,0.38045833333333334,0.3909045228882562,0.5006615074601211,0,1
1.617,-0.353,1.6010000000000002,0.3772545559698403,1.4921817463948963,0.9564999999999998,0.7454090823165508,1.1512934123429988,0.6137499999999999,0.6176165513856116,0.8149061335927837,0.43558333333333327,0.46453229556532527,0.5899685868633114,0,2
1.218,-0.399,1.6016666666666672,0.37623441274468067,1.3550908731974483,1.1116666666666664,0.6713963558634118,1.1703524373878562,0.6950833333333333,0.6283811029988584,0.8769205745785092,0.47404166666666664,0.48990198479915054,0.6402110999142465,0,3
1.112,-0.10599999999999987,1.3156666666666672,0.26628994223089697,1.2335454365987242,1.240833333333333,0.5574321184383524,1.1536803124198973,0.7650833333333332,0.6237358791745897,0.9130866400279694,0.5100833333333333,0.504085820563082,0.6779542119211068,0,4
0.307,-0.8050000000000002,0.8790000000000006,0.4981937374154765,0.7702727182993621,1.24,0.5590996333391776,0.9117716517284982,0.7676666666666666,0.6215865818917587,0.8198425415621279,0.5105833333333333,0.5038691097002743,0.6482778749674183,0,5
0.284,-0.02300000000000002,0.5676666666666671,0.4715467456502419,0.527136359149681,1.0846666666666664,0.6828691431501861,0.732408322663213,0.7709999999999999,0.6186232514808416,0.7374052274756466,0.51225,0.5030144133123843,0.6191356449700248,0,6
0.354,0.07,0.31500000000000045,0.03567912554982743,0.4405681795748405,0.8153333333333331,0.5738235501150759,0.624291659045152,0.7800833333333334,0.6109504455925197,0.6784198078640087,0.517,0.5008654249526968,0.5979247933724229,0,7
0.348,-0.006000000000000005,0.32866666666666705,0.03879862540520852,0.39428408978742024,0.6038333333333332,0.43673901436289025,0.5453511850322514,0.7801666666666666,0.6108860678381766,0.6275859912695458,0.5215416666666667,0.49872463249570204,0.577930809902629,0,8
0.346,-0.0020000000000000018,0.3493333333333338,0.004163331998977281,0.3701420448937101,0.45849999999999985,0.3213258470773897,0.4883937035944653,0.7850833333333332,0.6067796452409963,0.5842650695357695,0.5257916666666667,0.4966871099041424,0.5593763451104188,0,9
0.325,-0.020999999999999963,0.33966666666666706,0.012741009902425321,0.34757102244685506,0.3273333333333332,0.02750757471440392,0.44170978828176094,0.7840833333333334,0.607594580491322,0.5443781357610358,0.5279583333333333,0.49564876055588175,0.5406262375015853,0,10
0.354,0.02899999999999997,0.34166666666666706,0.014977761292452945,0.3507855112234275,0.33516666666666656,0.02725007645252617,0.4166498487726864,0.7875833333333332,0.6047422378521493,0.5150891917977996,0.5309583333333333,0.49431142086452295,0.5256961385014585,0,11
0.302,-0.05199999999999999,0.32700000000000046,0.026057628441597612,0.32639275561171377,0.3381666666666665,0.020692188542262117,0.3838927491233475,0.7114166666666666,0.603435536714319,0.48230623921352267,0.5333333333333333,0.4930129786338807,0.5078004474213418,1,0
0.302,0.0,0.31933333333333375,0.030022213997866393,0.31419637780585685,0.32949999999999985,0.023441416339501517,0.3604948208023911,0.5724166666666667,0.46291732195900626,0.4545668177960576,0.5358333333333334,0.49162159950662393,0.4913364116276345,0,1
0.3,-0.0020000000000000018,0.3013333333333338,0.0011547005385256917,0.3070981889029284,0.32149999999999984,0.02404786892849012,0.3432105862874222,0.4626666666666667,0.3297013340843056,0.43078730736589493,0.5382083333333333,0.49028128387573866,0.4760294986974238,0,2
0.301,0.0010000000000000009,0.30100000000000043,0.0010000000001689647,0.3040490944514642,0.31399999999999983,0.021789905919985825,0.3311504187767301,0.38625,0.22987471884406405,0.41082002930960343,0.5406666666666666,0.4888773889732244,0.4620271388016299,0,3
0.309,0.008000000000000007,0.30333333333333373,0.004932882862350723,0.3065245472257321,0.3113333333333332,0.02114395106569482,0.3248217276976644,0.3193333333333333,0.02483887471224863,0.3951554094158183,0.5422083333333333,0.4880509577071257,0.44978496769749954,0,4
0.347,0.03799999999999998,0.31900000000000045,0.024576411454896235,0.326762273612866,0.31016666666666654,0.018323936986043576,0.33115837692690314,0.32266666666666666,0.025702257889281835,0.38774688489030773,0.5451666666666667,0.48658013922072485,0.4415621702816996,1,0
0.31,-0.03699999999999998,0.32200000000000045,0.02165640782771597,0.318381136806433,0.31149999999999983,0.017896927110591647,0.32511312637635936,0.3248333333333333,0.02311171813501987,0.3757858256764142,0.5479166666666667,0.4849879350060693,0.4310371966591636,1,0
0.294,-0.016000000000000014,0.31700000000000045,0.02718455443814287,0.30619056840321646,0.3101666666666665,0.019009646673952035,0.31622366169739957,0.3198333333333333,0.02271496636516956,0.3632033909569659,0.5499583333333333,0.4837588762620494,0.42007422092643054,0,1
0.292,-0.0020000000000000018,0.2986666666666671,0.009865765724649502,0.29909528420160825,0.3088333333333332,0.02011384266291488,0.30930261549814253,0.31516666666666665,0.022147576651097414,0.35224902311743267,0.5476666666666666,0.4848910829442448,0.40982828325231613,0,2
0.535,0.24300000000000005,0.3736666666666671,0.13972234371543357,0.41704764210080414,0.34783333333333316,0.09379427843247438,0.3737875824986733,0.3309166666666667,0.06728157701824253,0.380364558022443,0.5579999999999999,0.4817267852758198,0.4198420205921309,1,0
0.834,0.29899999999999993,0.5536666666666671,0.27148173664785247,0.625523821050402,0.4353333333333332,0.21582369347842373,0.5052768446419095,0.37333333333333335,0.15990413794938033,0.45015462601899026,0.5787083333333334,0.48249527856817576,0.4529746589447604,0,1
0.435,-0.39899999999999997,0.6013333333333338,0.20760619772380104,0.530261910525201,0.4499999999999999,0.21156842864662476,0.4851977461727925,0.38008333333333333,0.1607213615565995,0.44782314509299176,0.5838333333333333,0.4801868899453255,0.4515366862291796,0,2
0.275,-0.15999999999999998,0.5146666666666672,0.2878894463736624,0.4026309552626005,0.44416666666666654,0.2166226365518355,0.42514124726628033,0.3778333333333334,0.16209695938673668,0.4212349689248392,0.544625,0.46448548556908614,0.43741375133084526,0,3
0.238,-0.03700000000000003,0.3160000000000005,0.10470434565957759,0.32031547763130025,0.4348333333333332,0.2254146549509783,0.37167231947591456,0.3725,0.16582877258842307,0.3930449737056331,0.47245833333333326,0.35505712696099934,0.42146065122437765,0,4
0.237,-0.0010000000000000009,0.25000000000000044,0.021656407827712994,0.27865773881565015,0.4256666666666666,0.23336295050129227,0.33319451391136756,0.36725,0.1692937871383279,0.3690380546739973,0.4149583333333333,0.2609033602807741,0.40670379912642746,0,5
0.238,0.0010000000000000009,0.23766666666666714,0.0005773502693737706,0.25832886940782507,0.37616666666666654,0.23700414904948083,0.3059960813652625,0.36200000000000004,0.17248188310660661,0.3488783539549208,0.37412500000000004,0.1991334078712992,0.39320749519631326,0,6
0.244,0.006000000000000005,0.23966666666666714,0.00378593889722859,0.25116443470391253,0.27783333333333315,0.07835155816362842,0.28828291526090183,0.3565833333333333,0.17529531359878983,0.33274322257724065,0.33795833333333336,0.12390826872317094,0.38127089558060817,0,7
0.317,0.07300000000000001,0.2663333333333338,0.043981056528164274,0.28408221735195627,0.2581666666666665,0.03227021330373301,0.29648779661492985,0.35408333333333336,0.17565796223619012,0.33032118833458823,0.33837500000000004,0.12381641827635434,0.37612922393415954,1,0
0.278,-0.03899999999999998,0.2796666666666672,0.03652852766446517,0.28104110867597815,0.25866666666666654,0.032604703137253485,0.2912055690106642,0.3514166666666667,0.17662824768079702,0.3222717747446516,0.338125,0.12393697995353335,0.36827888601942677,0,1
0.245,-0.03300000000000003,0.28000000000000047,0.03604164258188387,0.2630205543379891,0.2598333333333332,0.03183342059327631,0.2780039778647601,0.3473333333333333,0.17863132848174368,0.31038380939932053,0.33358333333333334,0.12531938906396273,0.3584165751378727,0,2
0.243,-0.0020000000000000018,0.25533333333333386,0.01965536398374681,0.25301027716899455,0.2608333333333332,0.03105747360408488,0.2680028413319715,0.34325,0.18056080567347843,0.3000170694917328,0.3292083333333333,0.12662027420828886,0.3491832491268429,0,3
0.242,-0.0010000000000000009,0.24333333333333382,0.0015275252317252283,0.24750513858449727,0.26149999999999984,0.03050737615727979,0.26057345809426535,0.3188333333333333,0.1718756597783511,0.29109136649300466,0.32487499999999997,0.12779477858967936,0.34060858919669545,0,4
0.29,0.04799999999999999,0.2583333333333338,0.027428695436231977,0.2687525692922486,0.2691666666666665,0.031005913414515564,0.26898104149590385,0.2735,0.056990429818611896,0.2909234639556193,0.32341666666666663,0.12799283834132766,0.3365599020609598,0,5
0.392,0.10200000000000004,0.3080000000000005,0.07660287200882415,0.33037628464612434,0.28166666666666657,0.05773964553639419,0.30412931535421706,0.26991666666666664,0.04625317351930672,0.3064737002701394,0.325,0.1286211153129625,0.34099510989608306,0,6
0.353,-0.039000000000000035,0.3450000000000005,0.05146843692983428,0.34168814232306216,0.2941666666666665,0.06450865574997246,0.31809236811015507,0.2764166666666667,0.052138728117379414,0.3136315925362718,0.327125,0.12864589501554408,0.34195550110439643,0,7
0.297,-0.055999999999999994,0.34733333333333377,0.04775283586692695,0.3193440711615311,0.3028333333333332,0.059911323359348866,0.31206597722153934,0.2813333333333334,0.05095511988431867,0.31107288599223,0.3269166666666667,0.1286923924871262,0.33835906101604474,0,8
0.294,-0.0030000000000000027,0.31466666666666715,0.033231511150316896,0.3066720355807655,0.3113333333333332,0.0529364398752737,0.30690426944395666,0.2860833333333333,0.0490685204277727,0.30844628814727154,0.32666666666666666,0.12875276836760213,0.33481033613476113,0,9
0.341,0.04700000000000004,0.31066666666666715,0.026312227829160238,0.32383601779038274,0.32783333333333314,0.04111163663329983,0.3166459067456833,0.2946666666666667,0.04890126106077829,0.31345455150922974,0.32833333333333337,0.12866493953936803,0.3353055092439803,0,10
0.484,0.14299999999999996,0.3730000000000005,0.0989595877113499,0.40391800889519136,0.3601666666666665,0.07090110483390585,0.3644613619612024,0.31466666666666665,0.07057212085820658,0.3396923128155021,0.335625,0.13242547124622647,0.34720106850446186,1,0
0.442,-0.04199999999999998,0.42233333333333384,0.07350056689124056,0.4229590044475957,0.3684999999999998,0.07797627844416434,0.386615258543716,0.32508333333333334,0.07959609210752097,0.35543195699773256,0.33958333333333335,0.13418835453479616,0.35478498302410494,0,1
0.402,-0.03999999999999998,0.44266666666666715,0.041004064839156425,0.41247950222379787,0.3766666666666665,0.0785917722580966,0.3910108989597971,0.3354166666666667,0.08096515337234379,0.36259627130577365,0.3434166666666667,0.13461988891971402,0.3585621843821766,0,2
0.395,-0.007000000000000006,0.4130000000000005,0.025357444666219565,0.40373975111189897,0.39299999999999985,0.06822316322189899,0.39215064211414086,0.34791666666666665,0.07722983212268479,0.36758146033565464,0.347625,0.1345865851897803,0.36147720963160246,0,3
0.347,-0.04800000000000004,0.3813333333333338,0.029938826518981967,0.3753698755559495,0.4018333333333332,0.054988786735738655,0.37925045865295776,0.3565833333333333,0.06987060551585789,0.364415081822477,0.34991666666666665,0.13406549880941404,0.3603190328610743,0,4
0.346,-0.0010000000000000009,0.36266666666666714,0.028005951748399545,0.3606849377779747,0.40266666666666656,0.05390980121154733,0.3697503276092555,0.36525,0.06013790968947379,0.3615819923113267,0.34204166666666663,0.12814104971940465,0.35917351023218835,0,5
0.397,0.051000000000000045,0.3633333333333338,0.02916047553339425,0.37884246888898737,0.38816666666666655,0.036570024154606966,0.3775359482923254,0.3741666666666667,0.0557377517459944,0.3670309165711226,0.32383333333333336,0.07538404090516101,0.36219962941361333,0,6
0.357,-0.040000000000000036,0.36666666666666714,0.02683902631120748,0.36792123444449365,0.3739999999999999,0.02666833328128806,0.37166853449451814,0.37125,0.0556353795219066,0.3654876986371037,0.32058333333333333,0.07198787136171618,0.36178365906052423,0,7
0.342,-0.014999999999999958,0.3653333333333338,0.028431203515392828,0.3549606172222468,0.3639999999999999,0.025282404948933287,0.36319181035322723,0.37033333333333335,0.05605246460129935,0.36187420653908775,0.323375,0.07144034452667163,0.3602009663356823,0,8
0.467,0.125,0.38866666666666716,0.06825198409814692,0.41098030861112345,0.37599999999999983,0.04894895300210065,0.392851293109448,0.3845,0.0573022290539085,0.37804740553307425,0.33291666666666664,0.07475753076312554,0.36874488902882774,1,0
0.442,-0.025000000000000022,0.41700000000000054,0.06614378277661764,0.4264901543055617,0.3918333333333332,0.05289770001303025,0.40689378079246286,0.3968333333333333,0.05170692468719457,0.3878862662202936,0.34145833333333336,0.07503273440230333,0.37460529790652153,0,1
0.409,-0.03300000000000003,0.4393333333333338,0.029091808698218303,0.41774507715278086,0.40233333333333315,0.04800694394218975,0.407495557708902,0.4024999999999999,0.048668638399255844,0.39113453295563305,0.3485833333333333,0.07286910042743745,0.37735687407399987,0,2
0.409,0.0,0.42000000000000043,0.01905255888326771,0.41337253857639045,0.4043333333333332,0.04799027679299789,0.4079253983635014,0.39625000000000005,0.04154542967973587,0.3938830663470741,0.3554583333333334,0.07031171537406179,0.37988832414807994,0,3
0.274,-0.13499999999999995,0.3640000000000005,0.07794228634060167,0.34368626928819523,0.39049999999999985,0.07087100958785524,0.36966099883107245,0.38225000000000003,0.05177420382603019,0.3754395176782935,0.35366666666666663,0.07186501033289726,0.37141725821623356,0,4
0.263,-0.01100000000000001,0.3153333333333338,0.08130395644329767,0.3033431346440976,0.37733333333333324,0.08715197454256858,0.33918642773648033,0.3706666666666667,0.061575280360841866,0.3581411303431714,0.35304166666666664,0.07261301785714008,0.3627438775589349,0,5
0.272,0.009000000000000008,0.26966666666666717,0.005859465277106935,0.2876715673220488,0.34483333333333316,0.08330046018281344,0.3199903055260574,0.3604166666666666,0.06714226190213173,0.3448886487519143,0.3541666666666667,0.07105886516714913,0.3554843673542201,0,6
0.287,0.014999999999999958,0.27400000000000047,0.012124355652994124,0.2873357836610244,0.31899999999999984,0.07013415715613752,0.3105645039471838,0.3554166666666667,0.07038783254013496,0.3359827027900813,0.35600000000000004,0.06859078401779943,0.35000561796588253,0,7
0.318,0.031000000000000028,0.29233333333333383,0.023459184413223658,0.30266789183051224,0.3038333333333332,0.05498151204421765,0.3126889313908456,0.35308333333333336,0.07118791819523033,0.33321613313006876,0.35916666666666663,0.0647454323832596,0.34744516852861196,0,8
0.358,0.03999999999999998,0.32100000000000045,0.03559494346111989,0.3303339459152561,0.2953333333333332,0.03620865458241224,0.3256349509934611,0.3498333333333333,0.06987889957678006,0.3370290357254428,0.36200000000000004,0.06305277292804434,0.34828955504632303,0,9
0.357,-0.0010000000000000009,0.3443333333333338,0.02281081614790818,0.34366697295762805,0.30916666666666653,0.04184455360818724,0.33459639356675797,0.3498333333333334,0.06987889957678006,0.34010149176768234,0.3605416666666667,0.06273268281172188,0.34898639064261716,0,10
0.348,-0.009000000000000008,0.35433333333333383,0.0055075705473171975,0.345833486478814,0.3233333333333332,0.03722185737800399,0.3384259954048271,0.35033333333333333,0.06983920927041097,0.3413166468803466,0.3603333333333334,0.06276711037581721,0.34890747939120775,0,11
0.309,-0.03899999999999998,0.33800000000000047,0.02551470164435267,0.327416743239407,0.32949999999999985,0.029221567377569087,0.3300185681463051,0.33716666666666667,0.06005275458573425,0.3363448550526009,0.36083333333333334,0.062286621263384315,0.34571488103991116,0,12
0.302,-0.007000000000000006,0.31966666666666715,0.024785748593368226,0.3147083716197035,0.33199999999999985,0.025226969695185588,0.3220132629616465,0.32549999999999996,0.05070682220552673,0.3310610311983546,0.36116666666666664,0.06193381226318752,0.3422176905567183,0,13
0.342,0.040000000000000036,0.31766666666666715,0.02136195996002369,0.32835418580985176,0.33599999999999985,0.024454038521312105,0.3277237592583189,0.3199166666666667,0.043909945722289484,0.3327439494755308,0.36120833333333335,0.06191998986539014,0.34220027531218083,0,14
0.32,-0.02200000000000002,0.32133333333333386,0.02003330560176373,0.3241770929049259,0.3296666666666665,0.022455882674000522,0.3255169708987992,0.3125,0.033862019485515496,0.33078334186391073,0.35437500000000005,0.05660067022189505,0.3404242532872064,0,15
0.3,-0.020000000000000018,0.32066666666666716,0.021007935008792698,0.312088546452463,0.32016666666666654,0.020556426408023076,0.31822640778485656,0.3146666666666667,0.0319526164338817,0.3260474431156168,0.3484583333333333,0.05442264487660293,0.3371903130242299,0,16
0.298,-0.0020000000000000018,0.30600000000000044,0.012165525060609295,0.3050442732262315,0.3118333333333332,0.016809719410759393,0.3124474341320404,0.31758333333333333,0.028182710152081274,0.3217324518670604,0.344125,0.05411365856676842,0.33405508798229155,0,17
0.295,-0.0030000000000000027,0.29766666666666713,0.0025166114784843574,0.3000221366131157,0.30949999999999983,0.018196153439718865,0.3074624529514574,0.3195,0.025450486689420074,0.3176197669644357,0.3399583333333333,0.053875443439471024,0.33093068094370826,0,18
0.319,0.02400000000000002,0.30400000000000044,0.013076696830633887,0.30951106830655783,0.3123333333333332,0.018118130882308514,0.3107588949653267,0.32216666666666666,0.023323157954504688,0.3178321105083687,0.33879166666666666,0.05401930344728706,0.3299762264682116,0,19
0.369,0.04999999999999999,0.32766666666666716,0.0377535870260517,0.3392555341532789,0.31683333333333313,0.027751876813442086,0.32739921068951905,0.32641666666666663,0.02687160831313258,0.32570409350708124,0.33975,0.054355712471307105,0.3330981283507547,0,20
0.298,-0.07100000000000001,0.32866666666666716,0.03647373484212523,0.3186277670766394,0.31316666666666654,0.02868739560623205,0.3189994362067993,0.32141666666666663,0.02602955779088374,0.3214419252752226,0.335625,0.05357304034844826,0.3302902780826943,1,0
0.307,0.009000000000000008,0.32466666666666716,0.03865660788705674,0.31281388353831974,0.3143333333333332,0.028182737032950912,0.31557102586199953,0.31725,0.02371468666538601,0.31922009061749607,0.3335416666666666,0.05367776575300468,0.3284270558360788,0,1
0.261,-0.045999999999999985,0.2886666666666671,0.02437895267097488,0.2869069417691599,0.30816666666666653,0.03555512152515384,0.2999793041871425,0.31,0.02658434262358839,0.31026315359941975,0.33016666666666666,0.05563363595234389,0.3230328913691925,0,2
0.251,-0.010000000000000009,0.27300000000000046,0.02986636904614102,0.26895347088457994,0.30083333333333323,0.042644655780864876,0.28598521727653037,0.30516666666666664,0.03158490241566563,0.30114574535335514,0.32116666666666666,0.049689178829562246,0.3172702600596571,0,3
0.292,0.04099999999999998,0.26800000000000046,0.02137755832643866,0.28047673544228996,0.29633333333333317,0.04175962962800854,0.2877037266260931,0.30433333333333334,0.03180718424661367,0.2997387076066851,0.3149166666666667,0.04278349607307117,0.3152486392548845,0,4
0.242,-0.04999999999999999,0.26166666666666716,0.026652079343526203,0.26123836772114495,0.2751666666666665,0.027213354564779992,0.27464551901863793,0.296,0.034061441810100575,0.29085582951334893,0.30795833333333333,0.04032636333359081,0.30938874811449374,0,5
0.24,-0.0020000000000000018,0.25800000000000045,0.029461839725317237,0.25061918386057247,0.26549999999999985,0.027775888824693947,0.2647467992990271,0.28933333333333333,0.036666391183552326,0.28303185574206446,0.30091666666666667,0.036488135852269406,0.30383764826533427,0,6
0.239,-0.0010000000000000009,0.24033333333333382,0.0015275252317404377,0.24480959193028623,0.25416666666666654,0.020331420675113086,0.25739057092787654,0.28424999999999995,0.039194445339302615,0.27625772408943916,0.2994583333333333,0.03826677428913249,0.2986506364041075,0,7
0.24,0.0010000000000000009,0.23966666666666714,0.0005773502694233976,0.2424047959651431,0.25066666666666654,0.020723577554766285,0.2524218363770547,0.27941666666666665,0.04088444543819701,0.2706796126910639,0.2985,0.03948802790503405,0.2939585854917789,0,8
0.329,0.08900000000000002,0.2693333333333338,0.051675268101226385,0.2857023979825716,0.26366666666666655,0.0381296035472233,0.2743013116978962,0.28224999999999995,0.04317643507117718,0.27965197996936175,0.30087499999999995,0.039538987363636216,0.2967618986524366,1,0
0.26,-0.069,0.2763333333333338,0.046694039591083036,0.2728511989912858,0.2583333333333332,0.035522762655351287,0.27021522264135445,0.2773333333333333,0.04195307624074346,0.27662859843561377,0.29974999999999996,0.04032719440648344,0.2938209467602416,0,1
0.248,-0.01200000000000001,0.2790000000000005,0.0437149859887922,0.2604255994956429,0.2593333333333332,0.03505234181432705,0.263868016172396,0.26725,0.031039930295158353,0.2722241986762886,0.29683333333333334,0.04146519406494133,0.29015527101942235,0,2
0.247,-0.0010000000000000009,0.25166666666666715,0.0072341781380893455,0.25371279974782146,0.2604999999999999,0.034390405638807964,0.2590485829802829,0.263,0.029918069942626996,0.26834355272609034,0.29220833333333335,0.040525868460718185,0.28670284933786855,0,3
0.289,0.04199999999999998,0.2613333333333338,0.02396525262403082,0.2713563998739107,0.2688333333333332,0.03419600366517155,0.26760613070020206,0.2615,0.027894280938785983,0.2715214676913072,0.289375,0.038103762794940904,0.28688662139083904,0,4
0.403,0.11400000000000005,0.31300000000000044,0.08072174428244426,0.33717819993695536,0.2959999999999999,0.060972124778473774,0.3062900933572872,0.2733333333333333,0.04945215012025438,0.2917489342003369,0.2916666666666667,0.04310822242429386,0.2961756916795719,0,5
0.564,0.16099999999999992,0.4186666666666672,0.13816777241214293,0.4505890999684776,0.33516666666666656,0.126585017544212,0.37992149525520513,0.29941666666666666,0.09663658100264019,0.3336337135541312,0.3022916666666667,0.07037074439473634,0.31760163634520616,0,6
1.146,0.582,0.7043333333333338,0.39087380742809297,0.7982945499842388,0.48283333333333317,0.3467237613240093,0.5988010680394322,0.37058333333333326,0.26260875092160807,0.458613142238111,0.33745833333333336,0.186041131302286,0.3838735054375897,0,7
2.045,0.899,1.2516666666666671,0.7461329193470386,1.4216472749921194,0.7823333333333332,0.6997289951593179,1.0120007628853087,0.5208333333333334,0.5456300500477891,0.7026726588168632,0.40841666666666665,0.3951277082122991,0.5167636250025825,0,8
0.806,-1.2389999999999999,1.3323333333333338,0.6401721122739841,1.1138236374960597,0.8754999999999998,0.6496155016623311,0.9531434020609348,0.568,0.543606642544205,0.7185691728450381,0.4286666666666667,0.40277889788283644,0.539902535002376,0,9
0.872,0.06599999999999995,1.2410000000000003,0.6970659940063071,0.9929118187480299,0.9726666666666665,0.5847022034050058,0.9299595729006678,0.62075,0.5394756924341209,0.742173915484263,0.45250000000000007,0.4116597370771606,0.5664703322021859,0,10
0.999,0.127,0.8923333333333338,0.09809349281850512,0.9959559093740149,1.0719999999999998,0.5150444640999475,0.9496854092147626,0.684,0.5352544000073929,0.7816856207943764,0.48170833333333335,0.42487762730980305,0.601072705626011,0,11
0.917,-0.08199999999999996,0.9293333333333337,0.06439202849215235,0.9564779546870075,1.1308333333333331,0.4629355966726569,0.9403467208676877,0.733,0.5266465090120194,0.8025032175952416,0.507625,0.4319058686193417,0.6263468891759302,0,12
0.758,-0.15900000000000003,0.8913333333333338,0.1225329887554128,0.8572389773435037,1.0661666666666665,0.4868738714150399,0.888247657762634,0.7745000000000001,0.5051688286647811,0.7956565687344352,0.5259166666666667,0.4328650675056473,0.6368791380418558,0,13
0.791,0.03300000000000003,0.8220000000000005,0.08391066678319695,0.8241194886717519,0.8571666666666665,0.09027384264929,0.8604626126875957,0.81975,0.47726972076975294,0.7949401735445221,0.5435,0.4347806043432082,0.6492088069985074,0,14
0.387,-0.404,0.6453333333333338,0.22433085684616336,0.605559744335876,0.7873333333333332,0.21444128955653283,0.7251875804911397,0.8314166666666667,0.4635090385179995,0.7321801468453648,0.5472083333333333,0.432971429840322,0.6282321024386268,0,15
0.247,-0.14,0.4750000000000005,0.28247477763510204,0.426279872167938,0.6831666666666666,0.29987091667360594,0.5885625574936713,0.8279166666666665,0.46811293476785204,0.6575370473306933,0.5447083333333333,0.4345889091170391,0.5977335342435367,0,16
0.242,-0.0050000000000000044,0.2920000000000004,0.08231038816577259,0.33413993608396897,0.5569999999999998,0.2996604745374372,0.48954468392405087,0.8145000000000001,0.4834545198126441,0.5936082708182788,0.5439166666666667,0.43514514486714784,0.5692748515040539,0,17
0.242,0.0,0.24366666666666711,0.002886751345966186,0.2880699680419845,0.44449999999999984,0.2617898011764439,0.41881763137432204,0.7876666666666666,0.5069854459688601,0.5395146906923898,0.5435416666666666,0.4354123462097577,0.5430928633837296,0,18
0.255,0.013000000000000012,0.24633333333333376,0.00750555349947227,0.27153498402099224,0.3606666666666665,0.2182335140776244,0.3720125938388015,0.7134166666666667,0.5149184327874113,0.4957431998166375,0.5419999999999999,0.43640607336466697,0.5200454343130313,0,19
0.692,0.43699999999999994,0.3963333333333338,0.2561373329550645,0.48176749201049607,0.3441666666666665,0.1794941967492784,0.4634375670277153,0.6006666666666666,0.3002036682391537,0.525936553691001,0.56075,0.4326067850077995,0.5338017995679888,1,0
0.497,-0.19499999999999995,0.4813333333333338,0.2189208380518713,0.48938374600524803,0.3624999999999998,0.1900513088615861,0.4730268335912252,0.5749166666666666,0.2941819036314841,0.5214847762000778,0.5714583333333333,0.42747234633840325,0.5308576556025497,0,1
0.461,-0.035999999999999976,0.5500000000000005,0.12428596059089053,0.475191873002624,0.3981666666666665,0.18402545113833757,0.46959059542230375,0.5406666666666666,0.2800348463165192,0.5121794260154505,0.5807083333333333,0.4223366140647906,0.5252690431543457,0,2
0.295,-0.16600000000000004,0.41766666666666713,0.10774661634285128,0.385095936501312,0.40699999999999986,0.1761329043648631,0.4197075681587884,0.482,0.24709144424318524,0.4787672066284582,0.5830000000000001,0.4205529486386909,0.506847519701998,0,3
0.281,-0.013999999999999957,0.34566666666666707,0.10012658654589951,0.333047968250656,0.4134999999999998,0.16941753156034947,0.3800768343991346,0.42900000000000005,0.21085626297638138,0.4483414825317723,0.5810000000000001,0.42192529732375716,0.4887797181258382,0,4
0.354,0.07299999999999995,0.31000000000000044,0.03874274125562265,0.34352398412532803,0.4299999999999999,0.1551102833470496,0.37262631028509613,0.3953333333333333,0.1841063592469113,0.433827408296115,0.5849166666666666,0.4192437204078923,0.47799734067577115,0,5
0.362,0.008000000000000007,0.33233333333333376,0.04463556130859657,0.352761992062664,0.37499999999999983,0.08732239117203568,0.3695902216322115,0.3595833333333333,0.1355356097678862,0.42277703778902037,0.5896666666666667,0.4158929279709305,0.46871755342170945,0,6
0.354,-0.008000000000000007,0.3566666666666671,0.004618802153536282,0.353380996031332,0.35116666666666657,0.0636786201693212,0.3651358725944368,0.35683333333333334,0.13526326742746062,0.412195955052248,0.5941249999999999,0.4126205028204825,0.45954014914797275,0,7
0.329,-0.024999999999999967,0.34833333333333377,0.01721433511157202,0.34119049801566603,0.3291666666666665,0.034055347108327645,0.35481133756745487,0.36366666666666664,0.13122107184812548,0.39939657735190215,0.5957916666666666,0.41141346801808565,0.449096937216135,0,8
0.361,0.03199999999999997,0.3480000000000005,0.016822603841265705,0.351095249007833,0.3401666666666665,0.031365054864748436,0.3565795268338963,0.3735833333333333,0.12556523717924484,0.39348941160545564,0.5940416666666667,0.4123574303469268,0.4420491822388442,0,9
0.31,-0.05099999999999999,0.33333333333333376,0.025774664562967325,0.3305476245039165,0.3449999999999998,0.02091889098403673,0.34327109059564026,0.37925000000000003,0.12052017937409847,0.38064488674307784,0.5834583333333333,0.4164016642792083,0.43148524765973667,1,0
0.307,-0.0030000000000000027,0.32600000000000046,0.03034798181098936,0.3187738122519582,0.33716666666666656,0.025230272821923253,0.33290792185402873,0.38358333333333333,0.11651489045169691,0.36931490416721974,0.5485,0.4020936512155196,0.4215264278469577,0,1
0.306,-0.0010000000000000009,0.30766666666666714,0.0020816659994942924,0.3123869061259791,0.32783333333333314,0.024555379587142982,0.3252199441814491,0.35141666666666665,0.06593034662476617,0.35957414967995516,0.4760416666666667,0.2477650498507372,0.4122843136192011,0,2
0.326,0.020000000000000018,0.31300000000000044,0.01126942766959017,0.3191934530629895,0.32316666666666655,0.020989680003960957,0.32544281727246366,0.33716666666666667,0.047510445422492324,0.354408895883039,0.4560416666666666,0.23919729516550736,0.405381568529665,0,3
0.351,0.024999999999999967,0.32766666666666716,0.022546248764117652,0.33509672653149475,0.3268333333333332,0.0239283653154301,0.33274486948033116,0.328,0.0280875255391122,0.35388445036257143,0.4343333333333333,0.22289160295235178,0.4010310430472918,0,4
0.336,-0.014999999999999958,0.33766666666666706,0.012583057392124135,0.3355483632657474,0.3226666666666665,0.018304826321729417,0.3336749067716651,0.3314166666666667,0.026134123751211102,0.3511329964606374,0.4067083333333334,0.18825987569608055,0.3958285596035085,0,5
0.302,-0.03400000000000003,0.32966666666666705,0.025106440076870313,0.3187741816328737,0.3213333333333332,0.019653668020720154,0.3246249334083322,0.33316666666666667,0.0229617600423752,0.34357407392823164,0.3810833333333334,0.15463390613813827,0.38832227483522785,0,6
0.297,-0.0050000000000000044,0.3116666666666671,0.021221058723198908,0.30788709081643684,0.31966666666666654,0.021453826387585927,0.31673209529166585,0.32841666666666663,0.024126403240734468,0.3364088317854268,0.361875,0.1328805650395112,0.38101649284840966,0,7
0.298,0.0010000000000000009,0.29900000000000043,0.0026457513110844555,0.30294354540821844,0.3183333333333332,0.02268626603627574,0.3113800680654756,0.32308333333333333,0.02307875187006377,0.330499780741515,0.3413333333333333,0.0968910938010994,0.37437517342053694,0,8
0.335,0.03700000000000003,0.31000000000000044,0.0216564078277105,0.31897177270410926,0.3198333333333332,0.02357470395718,0.3181286200467683,0.32149999999999995,0.021352027793871794,0.3311921221658973,0.33916666666666667,0.09640569470221627,0.371225159546894,0,9
0.952,0.617,0.5283333333333338,0.36737220000067194,0.6354858863520546,0.4199999999999999,0.2612439472983097,0.4992347286048344,0.3734166666666667,0.1834381036720264,0.42670102644806696,0.3685416666666667,0.15605516838513392,0.4176871467831425,1,0
0.617,-0.33499999999999996,0.634666666666667,0.308879156521339,0.6262429431760272,0.4668333333333332,0.2682665962557931,0.5328819490034531,0.39475,0.1962980688091023,0.4559777916099028,0.3841666666666667,0.16151232734395315,0.4336321750404911,0,1
1.63,1.013,1.0663333333333338,0.5160875248766769,1.1281214715880137,0.6881666666666666,0.5275776404157673,0.8463442492881807,0.5047499999999999,0.40421891571051344,0.6365965929006869,0.442,0.29866369046136515,0.5293416010372518,0,2
0.931,-0.6989999999999998,1.0593333333333337,0.5185502225757256,1.0295607357940069,0.7938333333333332,0.4961158802806746,0.8705316066344149,0.55675,0.41641961463714317,0.6818894247621198,0.4701666666666666,0.31184662711111977,0.5614742729542717,0,3
1.285,0.35399999999999987,1.2820000000000003,0.34950965651896027,1.1572803678970034,0.9583333333333331,0.4612347197107658,0.9889511475960105,0.6383333333333333,0.45677333414712407,0.7746756671064091,0.494875,0.35119687436709823,0.61935633111793,0,4
1.078,-0.20699999999999985,1.0980000000000005,0.17784543851333745,1.1176401839485017,1.0821666666666665,0.34567465435965755,1.0143936768542932,0.701,0.46158718274311816,0.8213409490900385,0.5190833333333332,0.37082562603943403,0.6560478246284956,0,5
1.26,0.18199999999999994,1.207666666666667,0.11298819997386823,1.1888200919742509,1.1335,0.3453477957074607,1.0845669120387809,0.7767499999999999,0.4733645769671346,0.8888269569223404,0.552375,0.4000951856854785,0.704363998658216,0,6
1.114,-0.1459999999999999,1.1506666666666672,0.0963811876526469,1.1514100459871255,1.2163333333333333,0.24031867731549428,1.0929763657419862,0.8415833333333333,0.46061726536411635,0.9234689635496727,0.5865,0.4119404769159507,0.7371348787655587,0,7
1.359,0.24499999999999988,1.2443333333333337,0.12324907031428242,1.2552050229935627,1.1711666666666665,0.15859308517923698,1.1689831183871329,0.9296666666666668,0.44897020215627237,0.9904737383881845,0.6314166666666666,0.43529049936861863,0.7868840884643141,0,8
1.318,-0.040999999999999925,1.2636666666666672,0.13122626769566745,1.2866025114967814,1.2356666666666667,0.11373419304091761,1.2115593702765235,1.01475,0.4135195114666756,1.0408623940207715,0.6715833333333334,0.4527071149032888,0.829373361387169,0,9
0.434,-0.8840000000000001,1.0370000000000006,0.522615537465163,0.8603012557483907,1.0938333333333332,0.3418224197835314,0.9893995501975168,1.0260833333333335,0.39346721206435825,0.9474989487868067,0.6745833333333334,0.4508009217098988,0.7977434924761955,1,0
0.25,-0.184,0.6673333333333339,0.5709547559424772,0.5551506278741953,0.9558333333333332,0.48615899319735806,0.7781425358553691,1.019,0.4075523390816335,0.840191418204221,0.6702499999999999,0.4545011838124936,0.7539240130780999,0,1
0.291,0.04099999999999998,0.32500000000000046,0.09659710140578577,0.42307531393709763,0.7943333333333332,0.5243558588083754,0.6389589541824066,0.9639166666666665,0.45886945228727744,0.755700430788187,0.6686666666666666,0.45580599101950925,0.7168900920318518,0,2
0.345,0.05399999999999999,0.2953333333333337,0.04764801499887407,0.3840376569685488,0.6661666666666665,0.5245757968746452,0.5549706815588619,0.94125,0.4836146333976727,0.6925157491284659,0.668,0.45628699969093806,0.6871388846693036,0,3
0.378,0.03300000000000003,0.33800000000000036,0.043920382511991915,0.3810188284842744,0.5026666666666665,0.4046053220938512,0.5044076296849014,0.8369166666666666,0.4557673765367079,0.6441287108010095,0.6708333333333334,0.4541735606443944,0.6624077738957594,0,4
0.326,-0.05199999999999999,0.34966666666666707,0.026312227829148972,0.3535094142421372,0.3373333333333332,0.06474462654668085,0.453434021203501,0.7865000000000001,0.4773644500607685,0.5951858322162389,0.671625,0.45352789210041433,0.6354951519840987,0,5
0.297,-0.029000000000000026,0.33366666666666706,0.04104063027455853,0.32525470712106863,0.31449999999999984,0.04497443718383277,0.4087385865739293,0.7041666666666666,0.46869331576461165,0.549311088798356,0.67125,0.45384696233134897,0.6084155398253708,0,6
0.353,0.055999999999999994,0.32533333333333375,0.028005951748387218,0.3391273535605343,0.3316666666666665,0.03366699669808957,0.3928132761242352,0.64375,0.4628147332062032,0.5191093828293781,0.6723750000000001,0.4529865928047663,0.5879822966393412,0,7
0.788,0.43500000000000005,0.4793333333333338,0.2687756189339601,0.5635636767802672,0.41449999999999987,0.1849786474164044,0.5057237686601681,0.6044166666666667,0.42411950681453897,0.5604771700863969,0.6905833333333334,0.4482651502487537,0.603983712908194,1,0
0.923,0.135,0.6880000000000005,0.2978674201721304,0.7432818383901336,0.5108333333333333,0.2717155988651904,0.6249455490429772,0.5885,0.40647386139824754,0.6162499131500281,0.7150416666666666,0.4440715256887539,0.6295050158755385,0,1
0.951,0.027999999999999914,0.8873333333333338,0.08715694655811557,0.8471409191950667,0.6063333333333332,0.31321792200745635,0.7181039636021265,0.5545,0.34919322600948427,0.6677499265115623,0.7420833333333333,0.43753816396691336,0.6552246146054955,0,2
0.917,-0.03399999999999992,0.9303333333333338,0.018147543451781784,0.8820704595975334,0.7048333333333332,0.30008026703978546,0.7749314025729475,0.5210833333333333,0.282258572084451,0.7060960916636296,0.7679166666666667,0.42832290913836824,0.6761666454370558,0,3
0.599,-0.31800000000000006,0.8223333333333338,0.19415801125200605,0.7405352297987666,0.7551666666666667,0.23660635381719763,0.7246652875521054,0.5348333333333334,0.28164898635562885,0.689619769869225,0.7804583333333334,0.4182535094753025,0.6699933138020914,0,4
0.268,-0.33099999999999996,0.594666666666667,0.32452169932584435,0.5042676148993833,0.7409999999999998,0.26619616826694226,0.5941894911086467,0.5363333333333333,0.280037443383865,0.6247551898893442,0.7776666666666666,0.42156650583339855,0.6378338486979241,0,5
0.297,0.02899999999999997,0.3880000000000004,0.18330575550156636,0.4006338074496917,0.6591666666666666,0.3190764276261551,0.5092782079347477,0.5368333333333334,0.2795645423392155,0.5743313145217528,0.750375,0.4308885473267914,0.6105671408020903,0,6
0.246,-0.05099999999999999,0.27033333333333376,0.02557994005726318,0.32331690372484584,0.5463333333333332,0.32672904166398964,0.43405586281053404,0.5285833333333333,0.28709943109197383,0.5238188045953293,0.7349166666666668,0.44238306405458167,0.5814017695379231,0,7
0.246,0.0,0.2630000000000004,0.029444863728668065,0.2846584518624229,0.4288333333333332,0.27472416469373273,0.38032561629323863,0.5175833333333334,0.2957906072432575,0.4810774500422017,0.67725,0.4096243507112994,0.5545696279748893,0,8
0.365,0.119,0.2856666666666671,0.0687046820335645,0.32482922593121144,0.33683333333333315,0.1359049913236053,0.37594686878088474,0.5208333333333334,0.29370109521984256,0.4632193808049399,0.6536666666666667,0.41067184261748707,0.5394040577368981,0,9
0.672,0.30700000000000005,0.4276666666666671,0.21980521680190723,0.49841461296560574,0.3489999999999999,0.164358145523739,0.46053347770063197,0.5520833333333334,0.28760688395268186,0.4953394760657184,0.6281249999999999,0.3881437779886545,0.5500117331179463,0,10
0.665,-0.007000000000000006,0.5673333333333338,0.17526075811011907,0.5817073064828029,0.41516666666666646,0.20104468823291302,0.51895248407188,0.5780833333333334,0.2820217458841017,0.521441095132531,0.6109166666666667,0.37630606376085685,0.5592107944685106,0,11
0.498,-0.16700000000000004,0.6116666666666671,0.09850042301093805,0.5398536532414014,0.44866666666666655,0.19404088916171555,0.5129660600513428,0.5539166666666667,0.27472943990682336,0.5178347728044493,0.5791666666666667,0.3504153642981906,0.5543139309110298,0,12
0.247,-0.251,0.4700000000000004,0.21040199618824956,0.3934268266207007,0.4488333333333332,0.19383231584714966,0.4369757571795306,0.4975833333333333,0.2611396207302775,0.4761678846806879,0.5430416666666666,0.33732702223145133,0.5297288164381474,0,13
0.246,-0.0010000000000000009,0.33033333333333376,0.14520445355888117,0.31971341331035036,0.4488333333333332,0.19383231584714966,0.38241125512823615,0.43883333333333335,0.22692042391085132,0.440757440883659,0.49666666666666665,0.2939971408714405,0.5070305111230956,0,14
0.305,0.059,0.26600000000000046,0.0337786915081067,0.3123567066551752,0.4388333333333332,0.20045689478456258,0.3602937536630258,0.3878333333333333,0.17174972983085407,0.4198716807477114,0.45445833333333335,0.23841687625682045,0.49086807023324797,0,15
0.382,0.07700000000000001,0.31100000000000044,0.06819824044650949,0.3471783533275876,0.39049999999999985,0.16477954970202632,0.36649553833073273,0.36975,0.15840002582644944,0.4140452683249866,0.4522916666666666,0.23884677263279802,0.48215862461458814,0,16
0.353,-0.029000000000000026,0.3466666666666671,0.038888730158406055,0.3500891766637938,0.33849999999999986,0.09549188447194142,0.36263967023623767,0.37683333333333335,0.15530663706085837,0.404653688582681,0.45658333333333334,0.23596184597011705,0.4718259346454211,0,17
0.363,0.010000000000000009,0.3660000000000005,0.014730919862656974,0.3565445883318969,0.31599999999999984,0.059524784753937805,0.36274262159731263,0.38233333333333336,0.1533791104262676,0.3982454288007301,0.4595833333333334,0.23421634678529876,0.46311985987378745,0,18
0.336,-0.02699999999999997,0.3506666666666671,0.013650396819628607,0.34627229416594846,0.3308333333333332,0.04906084657513851,0.355101872569509,0.3898333333333333,0.14822024971050377,0.38866920898523316,0.4592083333333334,0.23441490143439003,0.45295027108388447,0,19
0.309,-0.027000000000000024,0.33600000000000046,0.02699999999999941,0.3276361470829742,0.3413333333333332,0.030506829836436156,0.34192990897822073,0.3950833333333333,0.1437095924762806,0.3764124076028896,0.4563333333333333,0.2358727856589115,0.44143424939717374,0,20
0.319,0.010000000000000009,0.32133333333333375,0.013650396819626742,0.3233180735414871,0.3436666666666665,0.027565679143987526,0.3353785064130148,0.39125000000000004,0.14519086184618518,0.36757972951013734,0.4560416666666667,0.23604522027462196,0.43163950944539986,0,21
0.345,0.025999999999999968,0.32433333333333375,0.018583146486353706,0.33415903677074354,0.33749999999999986,0.020510972673245118,0.3381275045807248,0.36399999999999993,0.11532247277644712,0.36410592497011623,0.4580416666666667,0.23483934918905366,0.4247083486897679,0,22
0.307,-0.03799999999999998,0.32366666666666705,0.019425069712443226,0.3205795183853718,0.3298333333333332,0.022094494035150056,0.32923393184337485,0.33416666666666667,0.06623626215483537,0.35532039805163684,0.45612500000000006,0.23591916679420435,0.41529168079458656,0,23
0.304,-0.0030000000000000027,0.3186666666666671,0.0228546129552279,0.31228975919268587,0.31999999999999984,0.0168997041394997,0.32202423703098204,0.318,0.04176993263974603,0.3474249521975389,0.4359583333333334,0.22682793309441882,0.40638834633101967,0,24
0.303,-0.0010000000000000009,0.3046666666666671,0.002081665999445684,0.3076448795963429,0.31449999999999984,0.015996874694846733,0.31658874073641574,0.32266666666666666,0.03582110432626504,0.3405903441671483,0.410125,0.20300167326361682,0.3981172786245381,0,25
0.333,0.030000000000000027,0.3133333333333338,0.017039170558840713,0.32032243979817143,0.31849999999999984,0.017294507798796266,0.3212776719545827,0.3299166666666667,0.026479694908096905,0.33942259891066395,0.38437499999999997,0.16750231990606954,0.39290789633457507,0,26
0.333,0.0,0.32300000000000045,0.017320508075687278,0.3266612198990857,0.3208333333333332,0.01829116362261542,0.3246269085389876,0.33225,0.025291482576368318,0.3384345067705618,0.36004166666666665,0.12336777084822538,0.3881152646278091,0,27
0.314,-0.019000000000000017,0.32666666666666716,0.010969655114600815,0.3203306099495429,0.31566666666666654,0.013966626889456681,0.3215906489564197,0.3265833333333333,0.02024602467530762,0.3346753518827831,0.3481666666666667,0.11261425759864983,0.38218604345758433,0,28
0.306,-0.008000000000000007,0.31766666666666715,0.013868429375140899,0.31316530497477146,0.31549999999999984,0.014096098751166151,0.31713617782601405,0.32266666666666666,0.01918964367162854,0.33026375928543183,0.34975,0.11170156279317262,0.3760911599809776,0,29
0.309,0.0030000000000000027,0.30966666666666715,0.004041451884317757,0.31108265248738576,0.3163333333333332,0.01341143790461313,0.31481155559001006,0.31816666666666665,0.014671142567778161,0.3269924117030577,0.35025,0.1114818175855427,0.3707238671824994,0,30
0.312,0.0030000000000000027,0.30900000000000044,0.002999999999986817,0.3115413262436929,0.3178333333333332,0.012056809970688444,0.31400825399286436,0.31616666666666665,0.013617057039826562,0.3246858868256642,0.353,0.10959649312067482,0.3660259578078994,0,31
0.259,-0.05299999999999999,0.2933333333333337,0.029771350881900298,0.28527066312184646,0.3054999999999998,0.024679951377639238,0.2982916099949031,0.312,0.021422163544113318,0.31458036577556203,0.35354166666666664,0.10907555385730415,0.3574638811832675,1,0
0.246,-0.013000000000000012,0.27233333333333376,0.03496188400720401,0.2656353315609232,0.29099999999999987,0.030225816779743925,0.28335114999635935,0.30591666666666667,0.028461962921326748,0.30402954027162943,0.3485833333333333,0.11121577799649035,0.34854677068860607,0,1
0.245,-0.0010000000000000009,0.25000000000000044,0.007810249675894606,0.2553176657804616,0.27949999999999986,0.03274599212121477,0.2723936785688281,0.2975833333333333,0.030541948301675996,0.2949480725375326,0.33079166666666665,0.08920420109364788,0.3402630290335176,0,2
0.258,0.013000000000000012,0.24966666666666712,0.0072341781380571785,0.25665883289023084,0.27149999999999985,0.030781487943286084,0.2682811989777344,0.2935,0.032388269481428644,0.28926375368560453,0.31383333333333335,0.055057808881601555,0.3336819867108362,0,3
0.292,0.033999999999999975,0.2650000000000004,0.024269322199019894,0.27432941644511544,0.26866666666666655,0.02721519183598263,0.2750579992698103,0.29250000000000004,0.032219418199162915,0.28968471465705,0.30525,0.038736849100866125,0.3303474277739693,0,4
0.279,-0.012999999999999956,0.27633333333333376,0.017156145643273005,0.27666470822255773,0.2631666666666665,0.018712740757818994,0.27618428519272165,0.29050000000000004,0.032253259172901706,0.2880409124021192,0.3065833333333333,0.03716346577498117,0.32623963355205177,0,5
0.244,-0.03500000000000003,0.2716666666666671,0.024826061575150965,0.26033235411127886,0.26066666666666655,0.020314198646989308,0.26698877513765834,0.28308333333333335,0.0318218287953478,0.28126538741717777,0.3065,0.037307185460161985,0.31966046286788763,0,6
0.245,0.0010000000000000009,0.25600000000000045,0.019924858845166895,0.25266617705563943,0.2604999999999999,0.020462160198832274,0.26070626795547025,0.27575,0.02931374173569608,0.2756860970453042,0.304,0.03936562172651981,0.31368762583845666,0,7
0.256,0.01100000000000001,0.24833333333333377,0.006658328118465188,0.2543330885278197,0.26233333333333314,0.019252705437660982,0.259361619968193,0.2709166666666667,0.027134206299738815,0.27265746673064206,0.29875,0.03683128396164442,0.3090726157713801,0,8
0.271,0.015000000000000013,0.2573333333333338,0.01305118130029468,0.2626665442639099,0.26449999999999985,0.019398453546679247,0.2626868714058521,0.268,0.024801026371756116,0.2724024718490048,0.29533333333333334,0.035353699353440196,0.3060268065096697,0,9
0.328,0.056999999999999995,0.2850000000000004,0.03798683982644359,0.2953332721319549,0.27049999999999985,0.031437239064565914,0.28134776528989436,0.26958333333333334,0.0280501444927159,0.28095593771838867,0.293875,0.033090537856834544,0.3077846619888961,0,10
0.395,0.067,0.33133333333333376,0.06206716791777521,0.3451666360659775,0.2898333333333332,0.06021101781791536,0.3138198323499245,0.2765,0.044732538492708376,0.2985011780694058,0.29633333333333334,0.038159467076187704,0.3147618890297844,0,11
0.434,0.03899999999999998,0.3856666666666671,0.05361280941466702,0.38958331803298873,0.32149999999999984,0.07847738527756025,0.34815702310708896,0.2910833333333333,0.06321601973801255,0.31934715067411257,0.30154166666666665,0.04738003539071704,0.32430093790740167,0,12
0.571,0.13699999999999996,0.46666666666666706,0.09243556314175595,0.48029165901649434,0.3758333333333332,0.11788030652602345,0.41182644507649213,0.31816666666666665,0.10066942601075551,0.35806297364732603,0.31204166666666666,0.07261840655795802,0.34403686287480956,0,13
0.593,0.02200000000000002,0.5326666666666671,0.08615296473908296,0.5366458295082471,0.4319999999999998,0.12911390320179514,0.46359031791178007,0.3471666666666667,0.12488746449456183,0.3942071315477374,0.322375,0.09244919286219827,0.3639539138448248,0,14
0.641,0.04800000000000004,0.6016666666666671,0.03579571668976332,0.5888229147541235,0.4936666666666665,0.12513619247311764,0.5142787985084143,0.3790833333333334,0.14700925037891785,0.4321752651557778,0.33629166666666666,0.11290915130881862,0.38611760073723883,0,15
1.948,1.307,1.060666666666667,0.7688278957824921,1.2684114573770617,0.7636666666666665,0.5879685932655493,0.9239134275060101,0.5170833333333333,0.4732015634980207,0.6653790705164273,0.40479166666666666,0.3474854991239943,0.5110681926782598,1,0
1.454,-0.494,1.347666666666667,0.6599563116853533,1.3612057286885308,0.9401666666666664,0.6135579570559482,1.0753667339328643,0.6150000000000001,0.536757436329062,0.7867053673600539,0.45275,0.4071341248927385,0.586502737263999,0,1
1.243,-0.21099999999999985,1.5483333333333338,0.36184296778206926,1.3021028643442656,1.075,0.5672195342193374,1.1232619528091887,0.6982499999999999,0.5512605595772804,0.8569045416123533,0.49066666666666664,0.4367911317250216,0.6390225182828791,0,2
1.439,0.19599999999999995,1.378666666666667,0.11772991690023046,1.3705514321721328,1.2196666666666665,0.5218427604812284,1.2134728234351349,0.7977500000000001,0.5694688314561225,0.9464576890566067,0.53675,0.47601600722080417,0.7030207168202488,0,3
1.96,0.5209999999999999,1.5473333333333337,0.37057297976692194,1.6652757160860663,1.4474999999999998,0.49102617038198876,1.4267663024536676,0.9397500000000001,0.6312042062597505,1.1023872753555901,0.6053333333333334,0.554614371838016,0.8035790594746288,0,4
0.808,-1.152,1.4023333333333339,0.5768746253158785,1.236637858043033,1.4753333333333332,0.43804185492560926,1.2499759303240483,0.9845,0.5976246161414233,1.057096925300884,0.62625,0.552295860378571,0.8039327347166586,1,0
0.751,-0.05700000000000005,1.1730000000000005,0.6821576064224464,0.9938189290215165,1.2758333333333332,0.4520723024767926,1.1074113788028916,1.01975,0.5670759328664595,1.0100050906392095,0.6446666666666666,0.54861411691221,0.7996981159393259,0,1
0.818,0.06699999999999995,0.7923333333333339,0.036143233576061126,0.9059094645107582,1.169833333333333,0.4758778904999356,1.024722413430637,1.055,0.5370632263438921,0.9804658459254849,0.6657500000000001,0.5449846627279499,0.80116226666418,0,2
0.659,-0.15899999999999992,0.7426666666666671,0.07982689605223027,0.7824547322553791,1.0725,0.5159561027839502,0.9202302953075978,1.07375,0.5169633581177348,0.9310095619369488,0.6824166666666667,0.5380772464882783,0.7897892853310456,0,3
0.51,-0.14900000000000002,0.6623333333333338,0.1540270539007137,0.6462273661276896,0.9176666666666665,0.5233158383487634,0.803021639505427,1.0686666666666667,0.5226252495958774,0.8662388601004952,0.6934166666666668,0.5314249848217104,0.767406142504562,0,4
0.523,0.013000000000000012,0.5640000000000005,0.08252878285785983,0.5846136830638449,0.6781666666666665,0.13743277144360183,0.7230154567895908,1.0628333333333333,0.5287716182270242,0.8134328816234959,0.7050000000000001,0.5242067298806602,0.747853651104197,0,5
0.346,-0.17700000000000005,0.4596666666666671,0.0986525890858058,0.4653068415319224,0.6011666666666665,0.17455247539542187,0.6152967548497077,1.03825,0.5563066722917902,0.7415201306044965,0.7086666666666668,0.5212435520749505,0.7157053590158613,0,6
0.25,-0.09599999999999997,0.37300000000000044,0.13848826665100297,0.3576534207659612,0.5176666666666665,0.2056099867872897,0.5109262534640769,0.8967499999999999,0.5185358977667109,0.6659016489730355,0.7069166666666667,0.5227715368209582,0.6784489302945924,0,7
0.248,-0.0020000000000000018,0.28133333333333377,0.056011903496778224,0.3028267103829806,0.4226666666666665,0.16718093990245878,0.43580446676005496,0.79625,0.5175835681317574,0.6016090875925686,0.705625,0.5239118588747221,0.644013015871025,0,8
0.253,0.0050000000000000044,0.2503333333333338,0.002516611478222384,0.2779133551914903,0.3549999999999998,0.1305434793469322,0.383574619114325,0.71375,0.5187993350034303,0.5479769202706349,0.706,0.5235701854865653,0.6127319746013431,0,9
0.332,0.07900000000000001,0.2776666666666671,0.0471204131277771,0.3049566775957452,0.3253333333333332,0.10623684232256532,0.3688390136530893,0.6215,0.4746582502658687,0.5147497017674604,0.709625,0.5205319864456411,0.5902734166332357,0,10
0.307,-0.025000000000000022,0.2973333333333338,0.0403773864103713,0.3059783387978726,0.28933333333333316,0.04454061816667607,0.35117072403792093,0.48375000000000007,0.2252134845793322,0.4827882091878511,0.71175,0.5187004874223423,0.5676115433025769,0,11
0.341,0.03400000000000003,0.3266666666666671,0.0176162803489417,0.32348916939893635,0.28849999999999987,0.04329780594906593,0.34826480288422923,0.44483333333333325,0.20337999961261108,0.4609746385435663,0.7146666666666666,0.5163056616306717,0.5494826198383708,0,12
0.312,-0.029000000000000026,0.32000000000000045,0.018357559750662954,0.3177445846994682,0.29883333333333323,0.039504008235489545,0.33790343063159234,0.40825,0.18162004544953822,0.4380554633830176,0.714,0.5168366994641973,0.5304840102513011,0,13
0.332,0.020000000000000018,0.3283333333333338,0.01484362938544725,0.32487229234973414,0.3128333333333332,0.03207127479021703,0.33621673616542314,0.36774999999999997,0.12830370574964822,0.42173923824716875,0.711375,0.5186840214720676,0.514605289431197,0,14
0.379,0.046999999999999986,0.34100000000000047,0.03439476704382817,0.35193614617486707,0.3338333333333332,0.02567034605667769,0.3484405258324451,0.34441666666666665,0.09037644336414721,0.4151639708245274,0.7090833333333334,0.5200824279708549,0.5037568662767012,0,15
0.349,-0.030000000000000027,0.3533333333333338,0.023797758998119336,0.35046807308743355,0.3366666666666665,0.026356529867749758,0.34860037559460366,0.331,0.07403316210260426,0.4049848983899847,0.6998333333333333,0.5245996955581577,0.4913763169745652,0,16
0.311,-0.03799999999999998,0.34633333333333377,0.03407834111767405,0.3307340365437168,0.3373333333333332,0.02549248255210905,0.3378574111390026,0.3133333333333333,0.04272604769360876,0.39052568325306397,0.6880833333333333,0.5302245559290389,0.4769462116166,0,17
0.307,-0.0040000000000000036,0.32233333333333375,0.023180451534266937,0.31886701827185837,0.3316666666666665,0.02815433655175681,0.32904100795643043,0.3100833333333333,0.04148046272500062,0.377675578137208,0.6741666666666667,0.535867250487403,0.46335051468727206,0,18
0.352,0.044999999999999984,0.32333333333333375,0.024906491790946807,0.3354335091359292,0.33833333333333315,0.02728858125058141,0.33560071996887886,0.3185833333333334,0.03838432050469882,0.3737254891930221,0.6076666666666667,0.46529753610077396,0.45444247351229033,0,19
0.316,-0.035999999999999976,0.32500000000000046,0.023811761799563912,0.32571675456796456,0.33566666666666656,0.028772672219826673,0.33000051426348487,0.32425,0.031400998826058256,0.36484464470178796,0.56025,0.432101563141777,0.4433670756313072,0,20
0.303,-0.013000000000000012,0.32366666666666705,0.025383721817978197,0.3143583772839823,0.32299999999999984,0.02175316068995333,0.3222860816167749,0.32841666666666663,0.023380093838138778,0.35533008397843596,0.5210833333333333,0.40953758830159415,0.4321377095808026,0,21
0.308,0.0050000000000000044,0.30900000000000044,0.006557438524236448,0.3111791886419911,0.31616666666666654,0.01808221962784448,0.31820434401198205,0.32641666666666663,0.024062261411675553,0.3480485325971381,0.4739583333333333,0.3615858162818807,0.4222066928143384,0,22
0.32,0.01200000000000001,0.3103333333333338,0.008736894948005053,0.31558959432099554,0.3176666666666665,0.01794064287224967,0.31871738857998716,0.3275,0.02339191779617919,0.3437333737360399,0.40562499999999996,0.1757512601228932,0.41403015738919136,0,23
0.339,0.019000000000000017,0.3223333333333338,0.015631165450231133,0.3272947971604978,0.32299999999999984,0.01886796226419089,0.3245124204142765,0.3273333333333333,0.02329390608308205,0.34300516239203377,0.38608333333333333,0.15376490148125005,0.40802774479805604,0,24
0.309,-0.030000000000000027,0.3226666666666671,0.015176736583748818,0.3181473985802489,0.3158333333333332,0.01285949713906439,0.32008030029591183,0.32708333333333334,0.023488714246869356,0.33777359894710546,0.36766666666666664,0.13326034234003023,0.4001055252142116,1,0
0.265,-0.043999999999999984,0.3043333333333338,0.03722006627254256,0.29157369929012444,0.3073333333333332,0.02440218569451542,0.304343071639937,0.32149999999999995,0.029426333290277183,0.3265776606475508,0.344625,0.09404892921750321,0.3892970831970747,0,1
0.249,-0.016000000000000014,0.27433333333333376,0.031069813860601012,0.2702868496450622,0.2983333333333332,0.03427924542153198,0.2885307654570979,0.31066666666666665,0.03025147128906122,0.314642635932543,0.3275416666666667,0.06812646754171682,0.3780733165413087,0,2
0.29,0.04099999999999998,0.26800000000000046,0.020663978319748776,0.2801434248225311,0.29533333333333317,0.03405094222880807,0.2889505467550699,0.30575,0.02817840888471359,0.3108514611736902,0.318375,0.05627943674205058,0.371027451218004,0,3
0.258,-0.03199999999999997,0.2656666666666671,0.021548395145169753,0.26907171241126554,0.28499999999999986,0.0344731779794519,0.28010753339647854,0.30133333333333334,0.03126523870877254,0.30272046714696865,0.3073333333333333,0.03712337440937627,0.3619852551205637,0,4
0.249,-0.009000000000000008,0.2656666666666671,0.021548395145169753,0.25903585620563274,0.26999999999999985,0.024380319932334405,0.2712196667117704,0.29650000000000004,0.03461344982939848,0.29445577989358884,0.3032916666666667,0.03800054824169223,0.3529464347109186,0,5
0.265,0.016000000000000014,0.2573333333333338,0.008020806276949745,0.2620179281028164,0.26266666666666655,0.01518771433329111,0.269442619079836,0.28925,0.03083718239695696,0.28992412144842133,0.30391666666666667,0.037200884359164896,0.3459107199340451,0,6
0.287,0.021999999999999964,0.2670000000000004,0.019078784028313867,0.2745089640514082,0.26633333333333314,0.01821720798228018,0.27445901362845426,0.28683333333333333,0.029664283186537146,0.28947425661020265,0.30554166666666666,0.035463366483194265,0.3411978623393215,0,7
0.288,0.0010000000000000009,0.2800000000000004,0.012999999999964372,0.2812544820257041,0.2728333333333332,0.0177473002642556,0.27832786687746736,0.28558333333333336,0.02923403475198319,0.2892474479009407,0.307,0.033893695707286835,0.33694203335217576,0,8
0.259,-0.02899999999999997,0.2780000000000004,0.016462077633126054,0.270127241012852,0.2676666666666665,0.016194649322219107,0.27280561919819096,0.2815,0.02924038303445034,0.28459399437771904,0.30395833333333333,0.03481563762436236,0.3307066706840017,0,9
0.486,0.22699999999999998,0.34433333333333377,0.12354081646699829,0.378063620506426,0.30566666666666653,0.08969206579552964,0.33371829942727926,0.29533333333333334,0.06567597226790563,0.3155795337042238,0.3114166666666667,0.05093637691037824,0.34313013702928163,1,0
0.29,-0.196,0.3450000000000004,0.1230893984061959,0.334031810253213,0.31249999999999983,0.08599709297414039,0.3212273567337709,0.29125,0.06422138556304853,0.3116442208266509,0.3092916666666667,0.05071187080538644,0.3388797260669391,1,0
0.352,0.062,0.3760000000000004,0.10017983829094203,0.3430159051266065,0.32699999999999985,0.08368990381164822,0.3300195405241221,0.29483333333333334,0.06646233838982646,0.3178528022379354,0.3109583333333333,0.051456591386370897,0.33992934798158403,0,1
0.33,-0.021999999999999964,0.32400000000000045,0.03143246729099016,0.33650795256330324,0.3341666666666665,0.08138898369355395,0.33001395751723006,0.30025,0.06645863375063753,0.31972160189363763,0.31087499999999996,0.05142264135068085,0.3391350001430573,0,2
0.368,0.03799999999999998,0.35000000000000037,0.019078784028318745,0.3522539762816516,0.34749999999999986,0.07882575721173195,0.34086711251230717,0.31016666666666665,0.0669923107301956,0.32714904775615494,0.3104166666666667,0.050834699435220024,0.34144420013161275,0,3
1.882,1.5139999999999998,0.8600000000000004,0.88528187601464,1.1171269881408257,0.6179999999999999,0.6227204830419525,0.781190794651648,0.44283333333333336,0.4581003925963949,0.5663568865629003,0.3742916666666667,0.32503517925545455,0.4646886641210838,1,0
1.862,-0.019999999999999796,1.3706666666666674,0.8683923844284536,1.489563494070413,0.8473333333333332,0.7941603532452808,1.089993424751177,0.5765,0.6085664974496898,0.7656865963224542,0.4389166666666667,0.4442354366643975,0.5764735709913971,0,1
0.91,-0.9520000000000001,1.551333333333334,0.555500975096656,1.1997817470352066,0.9506666666666664,0.7460151919811479,1.0385667319651266,0.6315833333333334,0.6061383667917509,0.787888658426692,0.4640416666666667,0.45340762725088496,0.6031556853120853,0,2
0.567,-0.3430000000000001,1.1130000000000004,0.6709418752768389,0.8833908735176033,0.9864999999999999,0.7160708763802661,0.9038333799750904,0.65675,0.5957141054688457,0.7539057878995086,0.4729999999999999,0.45322160814215223,0.6002632304871185,0,3
0.568,0.0010000000000000009,0.6816666666666671,0.19774309933176779,0.7256954367588015,1.0261666666666664,0.6780113322553458,0.8078809856964931,0.6801666666666666,0.5852901119543339,0.7253048974534303,0.48350000000000004,0.4523444243724814,0.5976821720481491,0,4
0.616,0.04800000000000004,0.5836666666666671,0.02800595174838906,0.6708477183794008,1.0675,0.6361288391513171,0.7530578469260665,0.7075,0.5728371972432099,0.7084887593836717,0.49654166666666666,0.4514252770914622,0.5991475982842972,0,5
0.915,0.29900000000000004,0.6996666666666672,0.1880221618143283,0.7929238591897004,0.9063333333333333,0.4954386608518446,0.7993270335186189,0.7621666666666665,0.5572342143990903,0.7402597194784915,0.5218333333333333,0.45736757804776373,0.6244157904215535,0,6
1.025,0.10999999999999988,0.8520000000000004,0.21165301793265445,0.9089619295948501,0.7668333333333331,0.20558153289308148,0.8638050239418706,0.8070833333333334,0.5546672152714376,0.7840659164818005,0.5512083333333333,0.46639169758874566,0.6564625271878292,0,7
1.064,0.039000000000000146,1.0013333333333339,0.07726793211503945,0.9864809647974251,0.7924999999999999,0.23459646203641363,0.9210035885299077,0.8715833333333333,0.5336768614285653,0.8271326985615235,0.5814166666666667,0.4754407489867725,0.6890655250128028,0,8
1.143,0.07899999999999996,1.0773333333333337,0.06011932578908869,1.0647404823987126,0.8884999999999997,0.24161187884705168,0.9844311346642198,0.9375,0.5120796280409398,0.8757276680135968,0.6161666666666666,0.4850456425557501,0.7253802830117786,0,9
1.207,0.06400000000000006,1.1380000000000006,0.07163099887619484,1.1358702411993562,0.9949999999999998,0.21097393203901355,1.0480222390458713,1.0105833333333334,0.4790104303919114,0.9266926421653512,0.6554166666666666,0.49343453965803585,0.7639098603708363,0,10
2.112,0.905,1.4873333333333338,0.5419228112317619,1.6239351205996782,1.2443333333333333,0.43671394146130577,1.3520158850327653,1.1559166666666667,0.5283512017817734,1.1090476202937587,0.7330416666666667,0.5676737794962328,0.8717570715411694,1,0
1.269,-0.8430000000000002,1.5293333333333339,0.5055554700854655,1.4464675602998391,1.303333333333333,0.40616679660783295,1.3282970607376896,1.1048333333333333,0.4791072822226664,1.1336556787101035,0.7738333333333335,0.5696246412191621,0.9035365058178759,1,0
0.913,-0.35599999999999987,1.4313333333333338,0.6157632120655924,1.1797337801499195,1.2846666666666666,0.4237115370941282,1.2096407576697783,1.0257500000000002,0.4170709826222106,1.0997086512162415,0.8011249999999999,0.5594356094198488,0.9042935853524459,0,1
0.651,-0.262,0.9443333333333337,0.3101891895816713,0.9153668900749597,1.215833333333333,0.4943822070692561,1.0500291126212702,1.0041666666666667,0.4301035463769886,1.0306765510291274,0.817875,0.5480887989384021,0.8840300985242503,0,2
0.349,-0.30200000000000005,0.6376666666666672,0.2822363076100116,0.6321834450374799,1.0835,0.6104246882294345,0.8497350804437644,0.9860000000000001,0.4541773782445496,0.9258032354861847,0.8213750000000001,0.5446622258036556,0.8412276906423104,0,3
0.303,-0.045999999999999985,0.43433333333333374,0.18904320493826915,0.4675917225187399,0.9328333333333331,0.6812953593462011,0.6935250574598317,0.9639166666666666,0.4819431234517472,0.8299873531036948,0.8220416666666667,0.5439890886986516,0.7981694753909256,0,4
0.286,-0.017000000000000015,0.3126666666666671,0.032593455375765565,0.3767958612593699,0.6284999999999998,0.3982620996278743,0.5770893267570226,0.9364166666666666,0.5120734070838145,0.7462969910877417,0.8219583333333333,0.5440746015956363,0.7571959173596516,0,5
0.333,0.04700000000000004,0.30733333333333374,0.023797758998107453,0.354897930629685,0.47249999999999986,0.2546085230309525,0.5073495191121591,0.8879166666666666,0.5410290629621469,0.6827128386127045,0.8250416666666666,0.5409462304844755,0.7232602439708795,0,6
0.337,0.0040000000000000036,0.31866666666666715,0.028360771028518295,0.34594896531484254,0.37649999999999983,0.13649285695597108,0.45867822793725654,0.8305833333333333,0.561257428917563,0.6295262480569038,0.8188333333333332,0.5458394147243929,0.6923594244532092,0,7
0.372,0.034999999999999976,0.34733333333333377,0.02145538005564428,0.35897448265742127,0.32999999999999985,0.031138400729697646,0.4339130199551832,0.7729166666666667,0.5705674142837339,0.5899068252789186,0.8222499999999999,0.5426324923363247,0.6667306704969524,0,8
0.359,-0.013000000000000012,0.3560000000000005,0.017691806012921193,0.3589872413287106,0.3316666666666665,0.03259243265958986,0.412509299967988,0.7075833333333335,0.569222988472938,0.5543826983129311,0.8225416666666666,0.5423705599268488,0.6421122168571962,0,9
0.308,-0.05099999999999999,0.34633333333333377,0.03382799629496453,0.3334936206643553,0.33249999999999985,0.03176633438096425,0.38264949997713427,0.6326666666666666,0.5565365843293426,0.5164776678032493,0.821625,0.5432570704235873,0.6153832395086205,0,10
0.305,-0.0030000000000000027,0.32400000000000045,0.030347981810965992,0.3192468103321776,0.33566666666666656,0.02675568475427034,0.3604639285550959,0.48208333333333336,0.3095299833716637,0.4839426419873648,0.819,0.5456910258123868,0.5905525803479309,0,11
0.314,0.009000000000000008,0.30900000000000044,0.004582575694810881,0.3166234051660888,0.33249999999999985,0.02821878806758418,0.34718852039649706,0.4025,0.18754611554107772,0.45779762014315484,0.7536666666666667,0.5052559976768283,0.5684283739200965,0,12
0.348,0.033999999999999975,0.32233333333333375,0.02267891825753714,0.3323117025830444,0.33433333333333315,0.028918275651737876,0.34742037171178364,0.35541666666666666,0.09660929593267872,0.4409056785826695,0.6905833333333332,0.452633733941087,0.5507941040064888,0,13
0.332,-0.01599999999999996,0.33133333333333376,0.017009801096194033,0.3321558512915222,0.3276666666666665,0.022366641828175805,0.34301455122270263,0.32883333333333337,0.02587674748896964,0.42415095880072035,0.6665,0.4558172784179527,0.5332905756859697,0,14
0.297,-0.03500000000000003,0.32566666666666705,0.026083200212628496,0.3145779256457611,0.3173333333333332,0.01907528942558712,0.3298675365876447,0.3245,0.026538137223146702,0.40458927283137874,0.65525,0.4616741039530712,0.5143873296310921,0,15
0.298,0.0010000000000000009,0.30900000000000044,0.019924858845137883,0.30628896282288054,0.3156666666666665,0.02044178726701551,0.32076252613403194,0.32408333333333333,0.02694255955089183,0.3881909231650128,0.644,0.46714982235011154,0.4970763432606048,0,16
0.298,0.0,0.29766666666666713,0.0005773502680007299,0.30214448141144024,0.31449999999999984,0.02135181491122598,0.31425894723859427,0.32508333333333334,0.02558926739987769,0.3743153965242416,0.63075,0.4724581646995912,0.48115023579975646,0,17
0.295,-0.0030000000000000027,0.29700000000000043,0.0017320508071718777,0.2985722407057201,0.3113333333333332,0.022800584787893544,0.3087563908847102,0.32191666666666663,0.02684114322637558,0.3621130278282044,0.6049166666666667,0.4731898154538801,0.46625821693577596,0,18
0.371,0.07600000000000001,0.32133333333333375,0.04303874223687361,0.33478612035286004,0.31516666666666654,0.030746815553320612,0.3265402792033644,0.32475000000000004,0.03016658295655251,0.363480254316173,0.5776666666666667,0.4667334838294099,0.4586375595809139,1,0
1.346,0.9750000000000001,0.6706666666666671,0.5860890148546835,0.84039306017643,0.4841666666666666,0.4232481147821804,0.6178144851452603,0.4059166666666667,0.2972101975288758,0.514637138267531,0.5894166666666667,0.48278295750572303,0.5296265548144409,1,0
0.429,-0.917,0.7153333333333337,0.5469427148553435,0.634696530088215,0.5061666666666665,0.4149223622157159,0.5638674893894716,0.41175,0.29689242771813074,0.5014621939186801,0.5596666666666666,0.4689888908174124,0.5215764304292856,1,0
0.495,0.066,0.7566666666666672,0.5114433823340895,0.5648482650441076,0.5389999999999998,0.40277189574249467,0.5441910638496226,0.42733333333333334,0.29585756196132423,0.5004680102388831,0.53,0.4483245136786737,0.5194503159949427,0,1
0.544,0.049000000000000044,0.4893333333333338,0.05770904030853886,0.5544241325220538,0.58,0.38548255472848963,0.5441364741783019,0.44725,0.2949166677369944,0.507165239432901,0.46466666666666673,0.2962014101288529,0.5214142907153474,0,2
0.92,0.376,0.6530000000000005,0.23252311713031865,0.7372120662610269,0.6841666666666666,0.3774267699391095,0.6515260529845013,0.49774999999999997,0.32077579964262487,0.570678279520147,0.45012500000000005,0.2615349860210783,0.5533011474581196,0,3
0.452,-0.468,0.6386666666666672,0.2479462307302395,0.5946060331305134,0.6976666666666665,0.3652367268863709,0.5945186092746437,0.5064166666666666,0.31775275074507603,0.5524200826708936,0.43091666666666667,0.24228153165215113,0.54519705566147,0,4
0.627,0.175,0.6663333333333338,0.23646634714760845,0.6108030165652567,0.5778333333333331,0.18192681678815142,0.6037990066247455,0.531,0.31442617286386954,0.5638939161061407,0.42991666666666667,0.2413815159283872,0.5517412912085524,0,5
0.827,0.19999999999999996,0.6353333333333339,0.18763883748662782,0.7189015082826283,0.6441666666666666,0.18921883274840676,0.6675707190176754,0.5751666666666667,0.3157895828016852,0.6043717751667345,0.4498333333333333,0.253814664781161,0.5737619879118683,0,6
1.445,0.6180000000000001,0.9663333333333338,0.4264285794049626,1.0819507541413143,0.8024999999999999,0.35991262828637,0.889693370726911,0.67075,0.38930103448943876,0.7336991943718523,0.4974166666666666,0.32277060324453744,0.6434610288789189,0,7
1.805,0.3599999999999999,1.3590000000000002,0.49463926249338785,1.4434753770706572,1.0126666666666666,0.5139745778408394,1.1512095505192221,0.7963333333333334,0.4885446538320529,0.8985147029300288,0.5607083333333333,0.41520539486805574,0.7363841465686054,0,8
1.415,-0.3899999999999999,1.5550000000000004,0.2170253441421149,1.4292376885353286,1.0951666666666666,0.5354057962580057,1.2265782503708729,0.8896666666666667,0.4910392195655218,0.9779739794023321,0.6057916666666666,0.4469354567901652,0.7906734148431169,0,9
1.289,-0.1260000000000001,1.5030000000000003,0.26902044531968794,1.3591188442676643,1.2346666666666666,0.433691902929567,1.244413035979195,0.9661666666666666,0.47410582503628335,1.025824136417358,0.6454583333333334,0.4639641083538482,0.8305395416556676,0,10
0.561,-0.7279999999999999,1.0883333333333338,0.46100903823388845,0.9600594221338321,1.2236666666666665,0.45261138592248096,1.049152168556568,0.9007499999999999,0.4710794422484306,0.9543127308146875,0.6533333333333333,0.46071340395055993,0.8089763783232142,0,11
1.498,0.9369999999999999,1.1160000000000005,0.491872951075785,1.2290297110669162,1.3354999999999997,0.41645155780715015,1.1773944061118342,0.9898333333333333,0.4748208912715197,1.0379569260739663,0.7007916666666666,0.48699084708537294,0.8640982680573572,1,0
1.811,0.31299999999999994,1.2900000000000007,0.650440619887782,1.520014855533458,1.3964999999999996,0.46020506298823144,1.3584245757941673,1.0995000000000001,0.5013742024766455,1.1568866297548945,0.7634166666666666,0.529102350308001,0.9398504066127688,0,1
0.575,-1.236,1.294666666666667,0.6425981118345552,1.0475074277667291,1.1914999999999998,0.5127930381742739,1.1345889827101194,1.1020833333333333,0.4983223597656699,1.067365609792603,0.7746666666666666,0.5217508706408587,0.9106623740837473,1,0
0.581,0.006000000000000005,0.9890000000000004,0.7118792032360555,0.8142537138833645,1.0524999999999998,0.5516548739927913,0.9764207019357996,1.0738333333333332,0.5187724730437038,0.9925401313629717,0.7857916666666668,0.5142945340499202,0.8842893841570475,0,1
0.479,-0.10199999999999998,0.5450000000000005,0.05723635208501413,0.6466268569416822,0.9174999999999999,0.5805575768173237,0.834300501382714,1.0760833333333333,0.5158807928429241,0.9135339573071299,0.7912500000000001,0.510124388070546,0.8518662334244838,0,2
0.508,0.029000000000000026,0.5226666666666672,0.05255790457517269,0.5773134284708411,0.9086666666666665,0.5874292014078542,0.7410717867019386,1.0661666666666665,0.5263360201056048,0.8511441177214176,0.7985833333333333,0.5044690637015171,0.8243569347505251,0,3
1.662,1.154,0.8830000000000005,0.6747895968374148,1.1196567142354206,0.9359999999999998,0.6230698195226619,1.0041941333585276,1.13575,0.5466459923104644,0.9758911765335072,0.8554583333333333,0.5220992725165589,0.891368379970483,0,4
1.978,0.31600000000000006,1.3826666666666672,0.7737863615581084,1.5488283571177104,0.9638333333333331,0.6717992011506632,1.2824243809703768,1.1801666666666668,0.5936876793450088,1.1300617647591216,0.9254583333333334,0.5556530023836567,0.9782989095728445,0,5
1.96,-0.018000000000000016,1.8666666666666671,0.17747488085173416,1.7544141785588552,1.1946666666666663,0.7453889365067535,1.4760174149788405,1.1930833333333333,0.6099803958598462,1.2577445701807952,0.9947083333333334,0.5772022084960818,1.056834996807017,0,6
1.046,-0.9139999999999999,1.661333333333334,0.532970293105851,1.4002070892794276,1.2721666666666664,0.6910138686500212,1.3531552964134577,1.1623333333333334,0.6070702121042044,1.2251684824606728,1.026,0.5576454382334795,1.0559681970624557,0,7
1.111,0.06499999999999995,1.3723333333333338,0.5099709142032867,1.2556035446397138,1.3774999999999997,0.5861384648698652,1.2839680688667554,1.1475,0.6058672972014443,1.2076041005436462,1.0568333333333333,0.540034513121448,1.0603707412974592,0,8
1.569,0.45799999999999996,1.2420000000000007,0.2850491185743298,1.4123017723198568,1.5543333333333331,0.40269425954024823,1.3654057634762538,1.2315,0.5867348014842213,1.2632034696907775,1.066125,0.5470983786025743,1.1010610819936626,0,9
1.115,-0.45399999999999996,1.2650000000000003,0.26327931935494364,1.2636508861599283,1.4631666666666667,0.4341351939968341,1.2938612596258956,1.1995833333333332,0.5813120673932127,1.2404029358921964,1.0947083333333334,0.5300178404845298,1.1021761954341696,0,10
1.234,0.119,1.3060000000000003,0.23540815618835836,1.2488254430799641,1.3391666666666666,0.3570923783374111,1.2767580425899254,1.1515,0.5491125898790136,1.2394178688318584,1.1255,0.5149137538588806,1.112722099799436,0,11
1.228,-0.006000000000000005,1.1923333333333337,0.06703978918027337,1.238412721539982,1.2171666666666665,0.1871869831656804,1.2628271732785181,1.2059166666666667,0.5182783489300882,1.2376612736269572,1.154,0.5000435633196287,1.1219443318154814,0,12
1.235,0.007000000000000117,1.2323333333333337,0.003785938897505615,1.236706360769991,1.2486666666666666,0.16748810903066738,1.2548765523417988,1.2604166666666667,0.47952807450912144,1.2372518469151175,1.1671250000000002,0.49776337249741487,1.130988785270243,0,13
1.322,0.08699999999999997,1.2616666666666672,0.05236729259123244,1.2793531803849956,1.2838333333333332,0.15444535171596693,1.2740546802441421,1.3306666666666667,0.4115799565164245,1.250290024312792,1.203375,0.4745578090501039,1.1462696824486236,0,14
1.018,-0.30400000000000005,1.191666666666667,0.15656415085624012,1.1486765901924978,1.192,0.10771629403206409,1.2008962001743873,1.3731666666666669,0.33880587988171845,1.2145530974954393,1.2196666666666667,0.4604111269258178,1.1360081078527338,1,0
0.379,-0.639,0.9063333333333338,0.4813152120319224,0.7638382950962489,1.0693333333333332,0.3529224655171002,0.9660687144102766,1.26625,0.4296353898153869,1.0860064671115257,1.2009999999999998,0.48542558647026435,1.075447459224515,0,1
0.262,-0.11699999999999999,0.5530000000000005,0.40692874069055357,0.5129191475481245,0.9073333333333332,0.4669002748624902,0.764906224578769,1.1232499999999999,0.4559699202599,0.9592362414020602,1.1517083333333333,0.5185073459013125,1.0103716624865537,0,2
0.264,0.0020000000000000018,0.30166666666666714,0.06698009654615399,0.38845957377406226,0.7466666666666666,0.4992288720283203,0.6217901604134064,0.9819166666666668,0.43541546686800214,0.852276819647897,1.0875,0.5293900509897753,0.9506619294876295,0,3
0.27,0.006000000000000005,0.2653333333333338,0.00416333199876798,0.32922978688703114,0.5858333333333332,0.4646901835273358,0.521278686009576,0.91725,0.4803398654740598,0.7626957704712974,1.0397916666666667,0.5497929237976527,0.8962089751286192,0,4
0.307,0.03699999999999998,0.28033333333333377,0.023288051299583338,0.31811489344351557,0.4166666666666665,0.2979219137067113,0.4600562042925543,0.8502500000000001,0.5062328111560043,0.6925887288603285,0.998875,0.5667205670230764,0.8490722571183297,0,5
0.26,-0.046999999999999986,0.2790000000000004,0.024758836806253362,0.2890574467217578,0.29033333333333317,0.04683873041265296,0.40289728878039593,0.7411666666666666,0.4774926621679584,0.6260366167279703,0.9863333333333332,0.5800070214467554,0.8019464765488634,0,6
0.271,0.01100000000000001,0.2793333333333338,0.024583192089963034,0.2800287233608789,0.2723333333333332,0.017534727447815902,0.36521234912885425,0.6708333333333333,0.4795770548255548,0.571415598769821,0.9352083333333333,0.5869803329174538,0.7594707584249544,0,7
0.278,0.007000000000000006,0.26966666666666717,0.009073771725803011,0.27901436168043947,0.27499999999999986,0.01685229954642751,0.3402945350920388,0.5911666666666666,0.45636266147427146,0.5262747374206177,0.8713333333333333,0.5707183624830757,0.7209530977509581,0,8
0.341,0.063,0.29666666666666713,0.03855299383098664,0.3100071808402197,0.2878333333333332,0.030551050172934854,0.3404960964943134,0.51725,0.41367513055097405,0.4977709316635996,0.8615833333333334,0.5779538808640342,0.6905568499308814,1,0
0.286,-0.05500000000000005,0.30166666666666714,0.034297716153296784,0.2980035904201098,0.29049999999999987,0.029358133455696996,0.32492578321022386,0.43816666666666665,0.3497609140108408,0.46519078833073807,0.8492916666666667,0.5872429672088317,0.6581923019364109,0,1
0.267,-0.01899999999999996,0.29800000000000043,0.03843175770113524,0.2825017952100549,0.2838333333333332,0.02940351452920526,0.3083755594358742,0.35025,0.21342323508167785,0.4346998978183168,0.8404583333333333,0.5946034103330651,0.626896917781498,0,2
0.274,0.007000000000000006,0.2756666666666671,0.009609023536864138,0.27825089760502747,0.2861666666666665,0.027636328748029897,0.2985539710256244,0.28825000000000006,0.03673028227995982,0.40997683661549883,0.8307083333333334,0.6021623700693506,0.5986651643589783,0,3
0.375,0.10099999999999998,0.30533333333333373,0.06043453758681477,0.32662544880251376,0.3034999999999998,0.04399431781494637,0.32039569358973174,0.28791666666666665,0.035839182045616834,0.404595784828499,0.7770833333333335,0.5818784361812654,0.5807719512102602,1,0
0.405,0.030000000000000027,0.3513333333333338,0.06863186820517354,0.3658127244012569,0.3246666666666665,0.05769113161196584,0.3445683525640941,0.29983333333333334,0.04811129773451197,0.4046579717779607,0.7115416666666666,0.5267020425882819,0.5667101951134393,0,1
0.319,-0.08600000000000002,0.36633333333333384,0.04365012409297794,0.3424063622006285,0.3209999999999999,0.05714192856390567,0.33726310897435297,0.30441666666666667,0.04699411633065201,0.3914798222736591,0.6431666666666667,0.45985741331385754,0.5468933795043642,0,2
0.408,0.08899999999999997,0.3773333333333338,0.05054041287259551,0.37520318110031425,0.3413333333333332,0.06354421033161994,0.35747364926739494,0.3159166666666667,0.054147036069884656,0.3940213880777115,0.6165833333333334,0.45396091736266847,0.5357819091440151,0,3
0.581,0.173,0.43600000000000044,0.13322537295875483,0.4781015905501571,0.39366666666666655,0.10551903461778415,0.4213383209052821,0.33875000000000005,0.09350947934447387,0.4227873283734482,0.5945,0.44158636951238933,0.5393993564124939,0,4
0.589,0.008000000000000007,0.5260000000000004,0.10226925246622122,0.5335507952750785,0.44616666666666654,0.11222195269495673,0.46924165778948723,0.3661666666666667,0.11425158310687025,0.4483585086236869,0.5536666666666666,0.3898343758312141,0.5433674078994944,0,5
0.604,0.015000000000000013,0.5913333333333338,0.011676186592090033,0.5687753976375393,0.4843333333333332,0.12171715847270298,0.5077440412782052,0.3939166666666667,0.1285778563809374,0.47230335345081204,0.532375,0.3713598761426682,0.5482180152675349,0,6
0.631,0.027000000000000024,0.6080000000000004,0.02128379665379366,0.5998876988187696,0.5219999999999998,0.12710625476349466,0.5429600294844322,0.42333333333333334,0.1395586115601895,0.49671822215068706,0.50725,0.34098237236090645,0.5548405740461321,0,7
0.731,0.09999999999999998,0.6553333333333339,0.06690540586031567,0.6654438494093848,0.5906666666666665,0.10484401111493709,0.5966857353460231,0.45583333333333337,0.16221413083460398,0.5327615725890429,0.48654166666666665,0.3088884671607697,0.5689333281224415,0,8
0.421,-0.31,0.5943333333333337,0.15821925715074422,0.5432219247046924,0.5928333333333332,0.10035221306313602,0.5464898109614451,0.4670833333333333,0.1538295741357612,0.5155674844984209,0.452625,0.2646552823547328,0.5570986618726462,1,0
0.536,0.11500000000000005,0.5626666666666672,0.1567109866388863,0.5396109623523462,0.5853333333333332,0.10305855940517047,0.543492722115318,0.48950000000000005,0.14109474573040995,0.5187109484217408,0.41987500000000005,0.19069354255956236,0.5554107689228346,0,1
0.405,-0.131,0.45400000000000046,0.07146327728280776,0.4723054811761731,0.5546666666666665,0.12646685995417561,0.5039233729395128,0.5004166666666667,0.12729883119747873,0.5012169563568576,0.39433333333333337,0.14190985095159572,0.5433779074090078,0,2
0.352,-0.05300000000000005,0.4310000000000005,0.09471536306217374,0.41215274058808654,0.5126666666666665,0.1469866207063388,0.4605166949567949,0.4985,0.12951272313771806,0.47826050153272565,0.3932083333333334,0.1421435218260196,0.5280676748162872,0,3
0.32,-0.03199999999999997,0.35900000000000043,0.042930175867321084,0.3660763702940433,0.4608333333333332,0.15167256398791823,0.4203690678262821,0.49141666666666667,0.13718829683278583,0.45391273206615246,0.39562500000000006,0.14029683206316235,0.5114222608309843,0,4
0.511,0.191,0.3943333333333338,0.10229532410297444,0.43853818514702164,0.4241666666666665,0.08541994302660935,0.4462636198759158,0.5074166666666667,0.1259909508535095,0.46269538867135973,0.4059166666666667,0.13927730133323696,0.5113884799645055,1,0
2.458,1.947,1.0963333333333338,1.183098615219093,1.4482690925735109,0.7636666666666665,0.8344326615531471,1.0210454427685112,0.6782499999999999,0.5736085337579991,0.769665328875766,0.4970833333333333,0.43933041113145116,0.6671174015673451,1,0
1.165,-1.2930000000000001,1.3780000000000008,0.9908223856978622,1.3066345462867555,0.8685,0.8396053239469139,1.0621753162632221,0.7269166666666668,0.5891705198965348,0.8304860475102636,0.5328333333333334,0.4577148026661498,0.7069480094419576,0,1
0.335,-0.8300000000000001,1.319333333333334,1.0698814576079616,0.8208172731433777,0.8568333333333333,0.8477804943891248,0.8544109401880159,0.7057500000000001,0.5990554876409437,0.7542574248163768,0.5359583333333333,0.45602397716964993,0.677192168686601,0,2
0.325,-0.010000000000000009,0.6083333333333338,0.482113402980392,0.5729086365716889,0.8523333333333332,0.8510613765567493,0.7031506715628685,0.6825,0.608700030616665,0.6882178209984727,0.5382083333333333,0.4547913978734782,0.649016795191673,0,3
0.887,0.562,0.5156666666666672,0.3216229676707395,0.7299543182858445,0.9468333333333332,0.8106502122781866,0.7556790511163347,0.7038333333333334,0.6112118860894078,0.7187996946910153,0.5635833333333333,0.4566277064730553,0.6680554515763392,0,4
1.465,0.5780000000000001,0.8923333333333338,0.5700187131431167,1.0974771591429222,1.1058333333333332,0.8015770497379955,0.9583421793688105,0.7650000000000001,0.6496936340936548,0.8335997416616284,0.6104166666666667,0.4892794983812768,0.7318110154502321,0,5
0.916,-0.549,1.0893333333333337,0.3256598429854921,1.0067385795714612,0.8488333333333333,0.4525520596204031,0.9462444138348647,0.80625,0.6415298653857198,0.8462767044829164,0.6366666666666666,0.4880159180107611,0.7465461342142136,0,6
0.942,0.025999999999999912,1.107666666666667,0.3097326804412725,0.9743692897857306,0.8116666666666665,0.4299877517635461,0.9450317241677605,0.8400833333333333,0.6366690960607319,0.8610033653316984,0.6647916666666667,0.4852278692994966,0.7621824434770765,0,7
1.074,0.13200000000000012,0.9773333333333337,0.0847191438420799,1.0241846448928653,0.9348333333333332,0.3674329417276966,0.9818798029769717,0.8958333333333334,0.6242774490027129,0.8937720783575909,0.6981250000000001,0.4846929384313527,0.7871278479989104,0,8
1.136,0.06199999999999983,1.050666666666667,0.09908245724312259,1.0800923224464327,1.0699999999999998,0.216326604928756,1.0259141449835512,0.9611666666666667,0.6028455000824825,0.9310379124564231,0.7298333333333334,0.4875190668883748,0.8150376201589976,0,9
1.578,0.44200000000000017,1.262666666666667,0.27484055984031147,1.3290461612232165,1.1851666666666665,0.27531103622388386,1.1836529607025366,1.066,0.5904665335755521,1.0305705413092812,0.7787083333333333,0.5117345166975856,0.8760746105462779,0,10
2.456,0.8779999999999999,1.7233333333333338,0.6718938408211056,1.8925230806116082,1.3503333333333334,0.5919478580640939,1.5471806862160975,1.2280833333333334,0.683838159792125,1.2498673811078533,0.86775,0.6055810899637969,1.0024686417025757,0,11
2.563,0.1070000000000002,2.1990000000000003,0.5404562887042812,2.227761540305804,1.6248333333333331,0.7185853927451271,1.8374147758686412,1.2368333333333332,0.7014510717509862,1.4518877840143376,0.9575416666666666,0.6885320225047586,1.1273111503663698,0,12
2.028,-0.5350000000000001,2.3490000000000006,0.2830953902839216,2.127880770152902,1.8058333333333332,0.6452194717045268,1.8918676970490294,1.30875,0.7367675253182903,1.5405204326275164,1.0178333333333334,0.7168958245020027,1.1993662583370601,0,13
1.258,-0.77,1.9496666666666673,0.6560170221368786,1.692940385076451,1.8364999999999998,0.6067024806278626,1.7107626407493066,1.3856666666666666,0.6711240683744818,1.4970557506848214,1.0457083333333335,0.7124893579169642,1.2040569576700955,0,14
0.924,-0.33399999999999996,1.403333333333334,0.5661672308897221,1.3084701925382256,1.8011666666666668,0.6595308686230452,1.4859733148209333,1.4355833333333334,0.603979599043384,1.408893327502541,1.0590416666666667,0.7068357215922529,1.181652401056488,0,15
1.004,0.07999999999999996,1.0620000000000005,0.17439036670642521,1.1562350962691128,1.7054999999999998,0.7356172238331576,1.348266653443524,1.4453333333333334,0.5951993299931069,1.346602046348304,1.0745833333333334,0.7010922482667388,1.1674402089719689,0,16
1.147,0.14300000000000002,1.0250000000000004,0.11297344820798086,1.1516175481345563,1.4873333333333332,0.6585978034177373,1.2907618953168027,1.4188333333333334,0.6012920683953452,1.3158940392177956,1.0919166666666666,0.6973609206309088,1.1658049922542115,0,17
1.12,-0.026999999999999913,1.0903333333333338,0.07597587336342283,1.1358087740672782,1.2468333333333332,0.3998971951222821,1.2419727823691449,1.4358333333333333,0.5885317375134556,1.28575649472275,1.1210416666666667,0.6825617652680211,1.1621405928738748,0,18
0.894,-0.2260000000000001,1.0536666666666672,0.13893283749112295,1.0149043870336392,1.0578333333333332,0.14109063280979586,1.142551987406532,1.4318333333333333,0.592344008362054,1.225486264765404,1.1359583333333332,0.6730662141447813,1.1406893454439648,0,19
