timestamp,consumption_kwh
2024-01-01 00:00:00,0.4788
2024-01-01 00:10:00,0.5669
2024-01-01 00:20:00,0.3432
2024-01-01 00:30:00,0.6288
2024-01-01 00:40:00,0.437
2024-01-01 00:50:00,0.2077
2024-01-01 01:00:00,0.2516
2024-01-01 01:10:00,0.4531
2024-01-01 01:20:00,0.409
2024-01-01 01:30:00,0.2596
2024-01-01 01:40:00,0.2459
2024-01-01 01:50:00,0.0883
2024-01-01 02:00:00,0.3122
2024-01-01 02:10:00,0.0587
2024-01-01 02:20:00,0.2347
2024-01-01 02:30:00,0.2855
2024-01-01 02:40:00,0.1551
2024-01-01 02:50:00,0.247
2024-01-01 03:00:00,0.335
2024-01-01 03:10:00,0.1771
2024-01-01 03:20:00,0.1327
2024-01-01 03:30:00,0.1436
2024-01-01 03:40:00,0.076
2024-01-01 03:50:00,0.0809
2024-01-01 04:00:00,0.2243
2024-01-01 04:10:00,0.1884
2024-01-01 04:20:00,0.2637
2024-01-01 04:30:00,0.1088
2024-01-01 04:40:00,0.2755
2024-01-01 04:50:00,0.414
2024-01-01 05:00:00,0.2243
2024-01-01 05:10:00,0.3614
2024-01-01 05:20:00,0.196
2024-01-01 05:30:00,0.2706
2024-01-01 05:40:00,0.4994
2024-01-01 05:50:00,0.4031
2024-01-01 06:00:00,0.6296
2024-01-01 06:10:00,0.5021
2024-01-01 06:20:00,0.5218
2024-01-01 06:30:00,0.3695
2024-01-01 06:40:00,0.4461
2024-01-01 06:50:00,0.4181
2024-01-01 07:00:00,0.3914
2024-01-01 07:10:00,0.5711
2024-01-01 07:20:00,0.5986
2024-01-01 07:30:00,0.5608
2024-01-01 07:40:00,0.4488
2024-01-01 07:50:00,0.5782
2024-01-01 08:00:00,0.371
2024-01-01 08:10:00,0.7162
2024-01-01 08:20:00,0.4814
2024-01-01 08:30:00,0.5332
2024-01-01 08:40:00,0.6986
2024-01-01 08:50:00,0.7584
2024-01-01 09:00:00,0.7917
2024-01-01 09:10:00,0.7599
2024-01-01 09:20:00,1.068
2024-01-01 09:30:00,0.8818
2024-01-01 09:40:00,1.0098
2024-01-01 09:50:00,1.2666
2024-01-01 10:00:00,1.2804
2024-01-01 10:10:00,1.6673
2024-01-01 10:20:00,1.5718
2024-01-01 10:30:00,1.9932
2024-01-01 10:40:00,2.0889
2024-01-01 10:50:00,2.2529
2024-01-01 11:00:00,2.4542
2024-01-01 11:10:00,2.3976
2024-01-01 11:20:00,2.3961
2024-01-01 11:30:00,2.5753
2024-01-01 11:40:00,2.5942
2024-01-01 11:50:00,2.6202
2024-01-01 12:00:00,2.7197
2024-01-01 12:10:00,2.6599
2024-01-01 12:20:00,2.5757
2024-01-01 12:30:00,2.561
2024-01-01 12:40:00,2.5523
2024-01-01 12:50:00,2.4852
2024-01-01 13:00:00,2.1054
2024-01-01 13:10:00,2.0994
2024-01-01 13:20:00,1.9718
2024-01-01 13:30:00,1.7202
2024-01-01 13:40:00,1.6792
2024-01-01 13:50:00,1.5625
2024-01-01 14:00:00,1.4629
2024-01-01 14:10:00,1.2916
2024-01-01 14:20:00,1.0802
2024-01-01 14:30:00,1.267
2024-01-01 14:40:00,1.0604
2024-01-01 14:50:00,0.9596
2024-01-01 15:00:00,0.9471
2024-01-01 15:10:00,0.8293
2024-01-01 15:20:00,0.9076
2024-01-01 15:30:00,0.7749
2024-01-01 15:40:00,0.7755
2024-01-01 15:50:00,0.8605
2024-01-01 16:00:00,0.9912
2024-01-01 16:10:00,1.0354
2024-01-01 16:20:00,1.0065
2024-01-01 16:30:00,1.0723
2024-01-01 16:40:00,1.1715
2024-01-01 16:50:00,1.2861
2024-01-01 17:00:00,1.4037
2024-01-01 17:10:00,1.3331
2024-01-01 17:20:00,1.5638
2024-01-01 17:30:00,1.5297
2024-01-01 17:40:00,1.6086
2024-01-01 17:50:00,1.7117
2024-01-01 18:00:00,1.6582
2024-01-01 18:10:00,1.6644
2024-01-01 18:20:00,1.5031
2024-01-01 18:30:00,1.6428
2024-01-01 18:40:00,1.4977
2024-01-01 18:50:00,1.3636
2024-01-01 19:00:00,1.3755
2024-01-01 19:10:00,1.4341
2024-01-01 19:20:00,0.9675
2024-01-01 19:30:00,0.9158
2024-01-01 19:40:00,1.1818
2024-01-01 19:50:00,0.8803
2024-01-01 20:00:00,0.7897
2024-01-01 20:10:00,0.7013
2024-01-01 20:20:00,0.7851
2024-01-01 20:30:00,0.8855
2024-01-01 20:40:00,0.5259
2024-01-01 20:50:00,0.5578
2024-01-01 21:00:00,0.5133
2024-01-01 21:10:00,0.6074
2024-01-01 21:20:00,0.6459
2024-01-01 21:30:00,0.6783
2024-01-01 21:40:00,0.5877
2024-01-01 21:50:00,0.7594
2024-01-01 22:00:00,0.4476
2024-01-01 22:10:00,0.42
2024-01-01 22:20:00,0.6494
2024-01-01 22:30:00,0.5141
2024-01-01 22:40:00,0.3638
2024-01-01 22:50:00,0.4696
2024-01-01 23:00:00,0.5266
2024-01-01 23:10:00,0.4363
2024-01-01 23:20:00,0.3995
2024-01-01 23:30:00,0.4801
2024-01-01 23:40:00,0.3944
2024-01-01 23:50:00,0.5644
2024-01-02 00:00:00,0.253
2024-01-02 00:10:00,0.4433
2024-01-02 00:20:00,0.471
2024-01-02 00:30:00,0.3926
2024-01-02 00:40:00,0.4913
2024-01-02 00:50:00,0.2233
2024-01-02 01:00:00,0.2666
2024-01-02 01:10:00,0.2785
2024-01-02 01:20:00,0.3565
2024-01-02 01:30:00,0.2801
2024-01-02 01:40:00,0.4457
2024-01-02 01:50:00,0.1245
2024-01-02 02:00:00,0.05
2024-01-02 02:10:00,0.3367
2024-01-02 02:20:00,0.05
2024-01-02 02:30:00,0.2188
2024-01-02 02:40:00,0.0526
2024-01-02 02:50:00,0.05
2024-01-02 03:00:00,0.113
2024-01-02 03:10:00,0.2405
2024-01-02 03:20:00,0.05
2024-01-02 03:30:00,0.2081
2024-01-02 03:40:00,0.2268
2024-01-02 03:50:00,0.05
2024-01-02 04:00:00,0.1575
2024-01-02 04:10:00,0.3628
2024-01-02 04:20:00,0.2964
2024-01-02 04:30:00,0.2321
2024-01-02 04:40:00,0.3268
2024-01-02 04:50:00,0.243
2024-01-02 05:00:00,0.4481
2024-01-02 05:10:00,0.4717
2024-01-02 05:20:00,0.3942
2024-01-02 05:30:00,0.4249
2024-01-02 05:40:00,0.3195
2024-01-02 05:50:00,0.2996
2024-01-02 06:00:00,0.4105
2024-01-02 06:10:00,0.4509
2024-01-02 06:20:00,0.5758
2024-01-02 06:30:00,0.5702
2024-01-02 06:40:00,0.5039
2024-01-02 06:50:00,0.6113
2024-01-02 07:00:00,0.4044
2024-01-02 07:10:00,0.6133
2024-01-02 07:20:00,0.434
2024-01-02 07:30:00,0.6458
2024-01-02 07:40:00,0.5312
2024-01-02 07:50:00,0.3463
2024-01-02 08:00:00,0.6362
2024-01-02 08:10:00,0.6659
2024-01-02 08:20:00,0.5666
2024-01-02 08:30:00,0.6092
2024-01-02 08:40:00,0.6723
2024-01-02 08:50:00,0.5468
2024-01-02 09:00:00,0.5639
2024-01-02 09:10:00,1.0026
2024-01-02 09:20:00,0.8739
2024-01-02 09:30:00,1.2377
2024-01-02 09:40:00,1.2971
2024-01-02 09:50:00,1.4362
2024-01-02 10:00:00,1.3442
2024-01-02 10:10:00,1.3869
2024-01-02 10:20:00,1.5838
2024-01-02 10:30:00,1.796
2024-01-02 10:40:00,1.7515
2024-01-02 10:50:00,2.0856
2024-01-02 11:00:00,2.2492
2024-01-02 11:10:00,2.2642
2024-01-02 11:20:00,2.3976
2024-01-02 11:30:00,2.5679
2024-01-02 11:40:00,2.6911
2024-01-02 11:50:00,2.6066
2024-01-02 12:00:00,2.7385
2024-01-02 12:10:00,2.7094
2024-01-02 12:20:00,2.6602
2024-01-02 12:30:00,2.5248
2024-01-02 12:40:00,2.3684
2024-01-02 12:50:00,2.5634
2024-01-02 13:00:00,2.3326
2024-01-02 13:10:00,2.234
2024-01-02 13:20:00,1.981
2024-01-02 13:30:00,1.8252
2024-01-02 13:40:00,1.7432
2024-01-02 13:50:00,1.3669
2024-01-02 14:00:00,1.302
2024-01-02 14:10:00,1.2063
2024-01-02 14:20:00,1.1248
2024-01-02 14:30:00,0.9796
2024-01-02 14:40:00,1.0125
2024-01-02 14:50:00,0.914
2024-01-02 15:00:00,0.9874
2024-01-02 15:10:00,1.0536
2024-01-02 15:20:00,0.6541
2024-01-02 15:30:00,0.7853
2024-01-02 15:40:00,0.7912
2024-01-02 15:50:00,0.7969
2024-01-02 16:00:00,0.7265
2024-01-02 16:10:00,0.7939
2024-01-02 16:20:00,0.9729
2024-01-02 16:30:00,0.9279
2024-01-02 16:40:00,1.1197
2024-01-02 16:50:00,1.165
2024-01-02 17:00:00,1.2902
2024-01-02 17:10:00,1.2638
2024-01-02 17:20:00,1.4502
2024-01-02 17:30:00,1.4099
2024-01-02 17:40:00,1.5623
2024-01-02 17:50:00,1.7101
2024-01-02 18:00:00,1.6123
2024-01-02 18:10:00,1.6077
2024-01-02 18:20:00,1.6264
2024-01-02 18:30:00,1.3552
2024-01-02 18:40:00,1.6025
2024-01-02 18:50:00,1.2478
2024-01-02 19:00:00,1.3555
2024-01-02 19:10:00,1.252
2024-01-02 19:20:00,0.9961
2024-01-02 19:30:00,1.0988
2024-01-02 19:40:00,0.9646
2024-01-02 19:50:00,1.0281
2024-01-02 20:00:00,0.7913
2024-01-02 20:10:00,0.7032
2024-01-02 20:20:00,0.6139
2024-01-02 20:30:00,0.4511
2024-01-02 20:40:00,0.5616
2024-01-02 20:50:00,0.5409
2024-01-02 21:00:00,0.5755
2024-01-02 21:10:00,0.3927
2024-01-02 21:20:00,0.5007
2024-01-02 21:30:00,0.5748
2024-01-02 21:40:00,0.5794
2024-01-02 21:50:00,0.3223
2024-01-02 22:00:00,0.5766
2024-01-02 22:10:00,0.4797
2024-01-02 22:20:00,0.4848
2024-01-02 22:30:00,0.2662
2024-01-02 22:40:00,0.6516
2024-01-02 22:50:00,0.5197
2024-01-02 23:00:00,0.3488
2024-01-02 23:10:00,0.5393
2024-01-02 23:20:00,0.5362
2024-01-02 23:30:00,0.624
2024-01-02 23:40:00,0.4708
2024-01-02 23:50:00,0.5029
2024-01-03 00:00:00,0.3839
2024-01-03 00:10:00,0.4948
2024-01-03 00:20:00,0.3414
2024-01-03 00:30:00,0.313
2024-01-03 00:40:00,0.3759
2024-01-03 00:50:00,0.2383
2024-01-03 01:00:00,0.4975
2024-01-03 01:10:00,0.5048
2024-01-03 01:20:00,0.2403
2024-01-03 01:30:00,0.1201
2024-01-03 01:40:00,0.2654
2024-01-03 01:50:00,0.1572
2024-01-03 02:00:00,0.2981
2024-01-03 02:10:00,0.0793
2024-01-03 02:20:00,0.2052
2024-01-03 02:30:00,0.1622
2024-01-03 02:40:00,0.0831
2024-01-03 02:50:00,0.1748
2024-01-03 03:00:00,0.2386
2024-01-03 03:10:00,0.1595
2024-01-03 03:20:00,0.1605
2024-01-03 03:30:00,0.0635
2024-01-03 03:40:00,0.2652
2024-01-03 03:50:00,0.2625
2024-01-03 04:00:00,0.1396
2024-01-03 04:10:00,0.193
2024-01-03 04:20:00,0.3732
2024-01-03 04:30:00,0.1454
2024-01-03 04:40:00,0.3461
2024-01-03 04:50:00,0.2562
2024-01-03 05:00:00,0.5151
2024-01-03 05:10:00,0.3673
2024-01-03 05:20:00,0.5088
2024-01-03 05:30:00,0.3264
2024-01-03 05:40:00,0.2952
2024-01-03 05:50:00,0.4121
2024-01-03 06:00:00,0.4752
2024-01-03 06:10:00,0.4094
2024-01-03 06:20:00,0.5461
2024-01-03 06:30:00,0.4578
2024-01-03 06:40:00,0.2781
2024-01-03 06:50:00,0.5484
2024-01-03 07:00:00,0.4114
2024-01-03 07:10:00,0.4702
2024-01-03 07:20:00,0.6692
2024-01-03 07:30:00,0.7
2024-01-03 07:40:00,0.4759
2024-01-03 07:50:00,0.6048
2024-01-03 08:00:00,0.509
2024-01-03 08:10:00,0.5573
2024-01-03 08:20:00,0.5527
2024-01-03 08:30:00,0.475
2024-01-03 08:40:00,0.699
2024-01-03 08:50:00,0.7694
2024-01-03 09:00:00,0.7346
2024-01-03 09:10:00,0.9827
2024-01-03 09:20:00,0.9143
2024-01-03 09:30:00,0.9902
2024-01-03 09:40:00,1.2147
2024-01-03 09:50:00,1.1274
2024-01-03 10:00:00,1.5024
2024-01-03 10:10:00,1.5102
2024-01-03 10:20:00,1.7943
2024-01-03 10:30:00,1.9726
2024-01-03 10:40:00,2.0563
2024-01-03 10:50:00,2.0556
2024-01-03 11:00:00,2.1482
2024-01-03 11:10:00,2.2543
2024-01-03 11:20:00,2.6163
2024-01-03 11:30:00,2.581
2024-01-03 11:40:00,2.6001
2024-01-03 11:50:00,2.6871
2024-01-03 12:00:00,2.822
2024-01-03 12:10:00,2.7782
2024-01-03 12:20:00,2.7039
2024-01-03 12:30:00,2.6583
2024-01-03 12:40:00,2.524
2024-01-03 12:50:00,2.428
2024-01-03 13:00:00,2.2956
2024-01-03 13:10:00,2.1371
2024-01-03 13:20:00,2.0681
2024-01-03 13:30:00,1.8809
2024-01-03 13:40:00,1.6089
2024-01-03 13:50:00,1.6059
2024-01-03 14:00:00,1.4406
2024-01-03 14:10:00,1.3494
2024-01-03 14:20:00,1.1619
2024-01-03 14:30:00,1.1506
2024-01-03 14:40:00,0.9747
2024-01-03 14:50:00,0.9798
2024-01-03 15:00:00,0.8039
2024-01-03 15:10:00,0.7689
2024-01-03 15:20:00,0.8419
2024-01-03 15:30:00,0.7387
2024-01-03 15:40:00,0.9986
2024-01-03 15:50:00,0.8563
2024-01-03 16:00:00,0.8389
2024-01-03 16:10:00,0.9692
2024-01-03 16:20:00,0.9024
2024-01-03 16:30:00,1.1165
2024-01-03 16:40:00,1.1952
2024-01-03 16:50:00,1.317
2024-01-03 17:00:00,1.2342
2024-01-03 17:10:00,1.2392
2024-01-03 17:20:00,1.3759
2024-01-03 17:30:00,1.4724
2024-01-03 17:40:00,1.7156
2024-01-03 17:50:00,1.7984
2024-01-03 18:00:00,1.6234
2024-01-03 18:10:00,1.5791
2024-01-03 18:20:00,1.5124
2024-01-03 18:30:00,1.5806
2024-01-03 18:40:00,1.6519
2024-01-03 18:50:00,1.5342
2024-01-03 19:00:00,1.3835
2024-01-03 19:10:00,1.2917
2024-01-03 19:20:00,1.1714
2024-01-03 19:30:00,0.9949
2024-01-03 19:40:00,0.8427
2024-01-03 19:50:00,0.8384
2024-01-03 20:00:00,0.8155
2024-01-03 20:10:00,0.5699
2024-01-03 20:20:00,0.6512
2024-01-03 20:30:00,0.5439
2024-01-03 20:40:00,0.6959
2024-01-03 20:50:00,0.5145
2024-01-03 21:00:00,0.5831
2024-01-03 21:10:00,0.466
2024-01-03 21:20:00,0.6853
2024-01-03 21:30:00,0.3479
2024-01-03 21:40:00,0.5604
2024-01-03 21:50:00,0.3815
2024-01-03 22:00:00,0.4558
2024-01-03 22:10:00,0.5258
2024-01-03 22:20:00,0.5297
2024-01-03 22:30:00,0.5265
2024-01-03 22:40:00,0.5183
2024-01-03 22:50:00,0.4387
2024-01-03 23:00:00,0.4864
2024-01-03 23:10:00,0.5058
2024-01-03 23:20:00,0.5222
2024-01-03 23:30:00,0.496
2024-01-03 23:40:00,0.5756
2024-01-03 23:50:00,0.5119
2024-01-04 00:00:00,0.4691
2024-01-04 00:10:00,0.3975
2024-01-04 00:20:00,0.3153
2024-01-04 00:30:00,0.4184
2024-01-04 00:40:00,0.5041
2024-01-04 00:50:00,0.4059
2024-01-04 01:00:00,0.2561
2024-01-04 01:10:00,0.3941
2024-01-04 01:20:00,0.2527
2024-01-04 01:30:00,0.3306
2024-01-04 01:40:00,0.1953
2024-01-04 01:50:00,0.2411
2024-01-04 02:00:00,0.1291
2024-01-04 02:10:00,0.109
2024-01-04 02:20:00,0.05
2024-01-04 02:30:00,0.2022
2024-01-04 02:40:00,0.188
2024-01-04 02:50:00,0.1937
2024-01-04 03:00:00,0.1786
2024-01-04 03:10:00,0.0748
2024-01-04 03:20:00,0.2476
2024-01-04 03:30:00,0.2503
2024-01-04 03:40:00,0.0722
2024-01-04 03:50:00,0.2115
2024-01-04 04:00:00,0.2684
2024-01-04 04:10:00,0.1588
2024-01-04 04:20:00,0.2025
2024-01-04 04:30:00,0.3126
2024-01-04 04:40:00,0.1352
2024-01-04 04:50:00,0.2038
2024-01-04 05:00:00,0.2389
2024-01-04 05:10:00,0.182
2024-01-04 05:20:00,0.4919
2024-01-04 05:30:00,0.2044
2024-01-04 05:40:00,0.4551
2024-01-04 05:50:00,0.5174
2024-01-04 06:00:00,0.4203
2024-01-04 06:10:00,0.3944
2024-01-04 06:20:00,0.4944
2024-01-04 06:30:00,0.4798
2024-01-04 06:40:00,0.5875
2024-01-04 06:50:00,0.2311
2024-01-04 07:00:00,0.4086
2024-01-04 07:10:00,0.5634
2024-01-04 07:20:00,0.5198
2024-01-04 07:30:00,0.5988
2024-01-04 07:40:00,0.5606
2024-01-04 07:50:00,0.5345
2024-01-04 08:00:00,0.5349
2024-01-04 08:10:00,0.8195
2024-01-04 08:20:00,0.7679
2024-01-04 08:30:00,0.6981
2024-01-04 08:40:00,0.6985
2024-01-04 08:50:00,0.7956
2024-01-04 09:00:00,0.8858
2024-01-04 09:10:00,0.9173
2024-01-04 09:20:00,0.8844
2024-01-04 09:30:00,1.2342
2024-01-04 09:40:00,1.1887
2024-01-04 09:50:00,1.4853
2024-01-04 10:00:00,1.4328
2024-01-04 10:10:00,1.5285
2024-01-04 10:20:00,1.8367
2024-01-04 10:30:00,1.8771
2024-01-04 10:40:00,2.009
2024-01-04 10:50:00,2.0204
2024-01-04 11:00:00,2.3432
2024-01-04 11:10:00,2.3525
2024-01-04 11:20:00,2.4655
2024-01-04 11:30:00,2.5498
2024-01-04 11:40:00,2.7085
2024-01-04 11:50:00,2.5514
2024-01-04 12:00:00,2.6975
2024-01-04 12:10:00,2.803
2024-01-04 12:20:00,2.54
2024-01-04 12:30:00,2.6162
2024-01-04 12:40:00,2.4472
2024-01-04 12:50:00,2.3615
2024-01-04 13:00:00,2.4429
2024-01-04 13:10:00,1.9757
2024-01-04 13:20:00,2.0728
2024-01-04 13:30:00,1.8002
2024-01-04 13:40:00,1.6471
2024-01-04 13:50:00,1.4445
2024-01-04 14:00:00,1.4937
2024-01-04 14:10:00,1.2714
2024-01-04 14:20:00,1.1425
2024-01-04 14:30:00,1.0822
2024-01-04 14:40:00,0.9655
2024-01-04 14:50:00,0.7089
2024-01-04 15:00:00,0.8019
2024-01-04 15:10:00,0.8985
2024-01-04 15:20:00,0.6324
2024-01-04 15:30:00,0.6642
2024-01-04 15:40:00,0.7366
2024-01-04 15:50:00,0.7285
2024-01-04 16:00:00,0.8351
2024-01-04 16:10:00,0.7794
2024-01-04 16:20:00,0.9133
2024-01-04 16:30:00,1.0211
2024-01-04 16:40:00,1.1724
2024-01-04 16:50:00,1.3181
2024-01-04 17:00:00,1.2543
2024-01-04 17:10:00,1.5526
2024-01-04 17:20:00,1.421
2024-01-04 17:30:00,1.586
2024-01-04 17:40:00,1.7446
2024-01-04 17:50:00,1.5955
2024-01-04 18:00:00,1.4543
2024-01-04 18:10:00,1.59
2024-01-04 18:20:00,1.4889
2024-01-04 18:30:00,1.4732
2024-01-04 18:40:00,1.634
2024-01-04 18:50:00,1.2357
2024-01-04 19:00:00,1.302
2024-01-04 19:10:00,1.0936
2024-01-04 19:20:00,1.0593
2024-01-04 19:30:00,1.0758
2024-01-04 19:40:00,0.9498
2024-01-04 19:50:00,0.8194
2024-01-04 20:00:00,0.7096
2024-01-04 20:10:00,0.7481
2024-01-04 20:20:00,0.8384
2024-01-04 20:30:00,0.5374
2024-01-04 20:40:00,0.7867
2024-01-04 20:50:00,0.6904
2024-01-04 21:00:00,0.6882
2024-01-04 21:10:00,0.5677
2024-01-04 21:20:00,0.6435
2024-01-04 21:30:00,0.418
2024-01-04 21:40:00,0.4468
2024-01-04 21:50:00,0.5866
2024-01-04 22:00:00,0.5372
2024-01-04 22:10:00,0.4912
2024-01-04 22:20:00,0.2548
2024-01-04 22:30:00,0.4609
2024-01-04 22:40:00,0.3866
2024-01-04 22:50:00,0.5531
2024-01-04 23:00:00,0.4845
2024-01-04 23:10:00,0.4407
2024-01-04 23:20:00,0.7678
2024-01-04 23:30:00,0.6073
2024-01-04 23:40:00,0.609
2024-01-04 23:50:00,0.7237
2024-01-05 00:00:00,0.5299
2024-01-05 00:10:00,0.3594
2024-01-05 00:20:00,0.3324
2024-01-05 00:30:00,0.5002
2024-01-05 00:40:00,0.178
2024-01-05 00:50:00,0.3544
2024-01-05 01:00:00,0.1213
2024-01-05 01:10:00,0.323
2024-01-05 01:20:00,0.3721
2024-01-05 01:30:00,0.2875
2024-01-05 01:40:00,0.3263
2024-01-05 01:50:00,0.4026
2024-01-05 02:00:00,0.1669
2024-01-05 02:10:00,0.4393
2024-01-05 02:20:00,0.1726
2024-01-05 02:30:00,0.2462
2024-01-05 02:40:00,0.0902
2024-01-05 02:50:00,0.3132
2024-01-05 03:00:00,0.2555
2024-01-05 03:10:00,0.2984
2024-01-05 03:20:00,0.1567
2024-01-05 03:30:00,0.05
2024-01-05 03:40:00,0.1973
2024-01-05 03:50:00,0.05
2024-01-05 04:00:00,0.1476
2024-01-05 04:10:00,0.2253
2024-01-05 04:20:00,0.4703
2024-01-05 04:30:00,0.2915
2024-01-05 04:40:00,0.3006
2024-01-05 04:50:00,0.3069
2024-01-05 05:00:00,0.2043
2024-01-05 05:10:00,0.3708
2024-01-05 05:20:00,0.3944
2024-01-05 05:30:00,0.307
2024-01-05 05:40:00,0.3028
2024-01-05 05:50:00,0.3888
2024-01-05 06:00:00,0.4569
2024-01-05 06:10:00,0.4162
2024-01-05 06:20:00,0.3668
2024-01-05 06:30:00,0.5094
2024-01-05 06:40:00,0.5418
2024-01-05 06:50:00,0.5069
2024-01-05 07:00:00,0.4451
2024-01-05 07:10:00,0.5676
2024-01-05 07:20:00,0.4966
2024-01-05 07:30:00,0.4056
2024-01-05 07:40:00,0.6389
2024-01-05 07:50:00,0.5842
2024-01-05 08:00:00,0.5542
2024-01-05 08:10:00,0.4308
2024-01-05 08:20:00,0.5409
2024-01-05 08:30:00,0.8515
2024-01-05 08:40:00,0.541
2024-01-05 08:50:00,0.7179
2024-01-05 09:00:00,0.8028
2024-01-05 09:10:00,0.909
2024-01-05 09:20:00,0.8115
2024-01-05 09:30:00,1.075
2024-01-05 09:40:00,0.9974
2024-01-05 09:50:00,1.2958
2024-01-05 10:00:00,1.3513
2024-01-05 10:10:00,1.4691
2024-01-05 10:20:00,1.7847
2024-01-05 10:30:00,1.8266
2024-01-05 10:40:00,2.0464
2024-01-05 10:50:00,2.1947
2024-01-05 11:00:00,2.4081
2024-01-05 11:10:00,2.2851
2024-01-05 11:20:00,2.6064
2024-01-05 11:30:00,2.6049
2024-01-05 11:40:00,2.6313
2024-01-05 11:50:00,2.5946
2024-01-05 12:00:00,2.7839
2024-01-05 12:10:00,2.6173
2024-01-05 12:20:00,2.7209
2024-01-05 12:30:00,2.7961
2024-01-05 12:40:00,2.6126
2024-01-05 12:50:00,2.5451
2024-01-05 13:00:00,2.2093
2024-01-05 13:10:00,2.2207
2024-01-05 13:20:00,1.8852
2024-01-05 13:30:00,1.8278
2024-01-05 13:40:00,1.8769
2024-01-05 13:50:00,1.4975
2024-01-05 14:00:00,1.5319
2024-01-05 14:10:00,1.3943
2024-01-05 14:20:00,1.2838
2024-01-05 14:30:00,0.9464
2024-01-05 14:40:00,1.0367
2024-01-05 14:50:00,0.8949
2024-01-05 15:00:00,0.9613
2024-01-05 15:10:00,0.6449
2024-01-05 15:20:00,0.8211
2024-01-05 15:30:00,0.7971
2024-01-05 15:40:00,0.5816
2024-01-05 15:50:00,0.7139
2024-01-05 16:00:00,0.6563
2024-01-05 16:10:00,0.8176
2024-01-05 16:20:00,1.0086
2024-01-05 16:30:00,1.0472
2024-01-05 16:40:00,1.1264
2024-01-05 16:50:00,1.0917
2024-01-05 17:00:00,1.3947
2024-01-05 17:10:00,1.3642
2024-01-05 17:20:00,1.4452
2024-01-05 17:30:00,1.5997
2024-01-05 17:40:00,1.455
2024-01-05 17:50:00,1.6071
2024-01-05 18:00:00,1.6367
2024-01-05 18:10:00,1.529
2024-01-05 18:20:00,1.6179
2024-01-05 18:30:00,1.5509
2024-01-05 18:40:00,1.4278
2024-01-05 18:50:00,1.347
2024-01-05 19:00:00,1.3264
2024-01-05 19:10:00,1.2622
2024-01-05 19:20:00,1.0982
2024-01-05 19:30:00,1.115
2024-01-05 19:40:00,0.9854
2024-01-05 19:50:00,0.6645
2024-01-05 20:00:00,0.6354
2024-01-05 20:10:00,0.8359
2024-01-05 20:20:00,0.6441
2024-01-05 20:30:00,0.6451
2024-01-05 20:40:00,0.7104
2024-01-05 20:50:00,0.5707
2024-01-05 21:00:00,0.5559
2024-01-05 21:10:00,0.4509
2024-01-05 21:20:00,0.5643
2024-01-05 21:30:00,0.5784
2024-01-05 21:40:00,0.4567
2024-01-05 21:50:00,0.4187
2024-01-05 22:00:00,0.7711
2024-01-05 22:10:00,0.4976
2024-01-05 22:20:00,0.4375
2024-01-05 22:30:00,0.5759
2024-01-05 22:40:00,0.4998
2024-01-05 22:50:00,0.396
2024-01-05 23:00:00,0.5528
2024-01-05 23:10:00,0.4191
2024-01-05 23:20:00,0.662
2024-01-05 23:30:00,0.5538
2024-01-05 23:40:00,0.4766
2024-01-05 23:50:00,0.5152
2024-01-06 00:00:00,0.5858
2024-01-06 00:10:00,0.4996
2024-01-06 00:20:00,0.6763
2024-01-06 00:30:00,0.5584
2024-01-06 00:40:00,0.4719
2024-01-06 00:50:00,0.3054
2024-01-06 01:00:00,0.3582
2024-01-06 01:10:00,0.3929
2024-01-06 01:20:00,0.2336
2024-01-06 01:30:00,0.4154
2024-01-06 01:40:00,0.1588
2024-01-06 01:50:00,0.1634
2024-01-06 02:00:00,0.1435
2024-01-06 02:10:00,0.2491
2024-01-06 02:20:00,0.0862
2024-01-06 02:30:00,0.05
2024-01-06 02:40:00,0.2755
2024-01-06 02:50:00,0.1223
2024-01-06 03:00:00,0.0599
2024-01-06 03:10:00,0.0912
2024-01-06 03:20:00,0.3384
2024-01-06 03:30:00,0.101
2024-01-06 03:40:00,0.1544
2024-01-06 03:50:00,0.13
2024-01-06 04:00:00,0.0764
2024-01-06 04:10:00,0.1529
2024-01-06 04:20:00,0.1261
2024-01-06 04:30:00,0.3816
2024-01-06 04:40:00,0.326
2024-01-06 04:50:00,0.5933
2024-01-06 05:00:00,0.3021
2024-01-06 05:10:00,0.3132
2024-01-06 05:20:00,0.5766
2024-01-06 05:30:00,0.5508
2024-01-06 05:40:00,0.5029
2024-01-06 05:50:00,0.3702
2024-01-06 06:00:00,0.6708
2024-01-06 06:10:00,0.5019
2024-01-06 06:20:00,0.4769
2024-01-06 06:30:00,0.6437
2024-01-06 06:40:00,0.5354
2024-01-06 06:50:00,0.4286
2024-01-06 07:00:00,0.5565
2024-01-06 07:10:00,0.4818
2024-01-06 07:20:00,0.2672
2024-01-06 07:30:00,0.4897
2024-01-06 07:40:00,0.5371
2024-01-06 07:50:00,0.4892
2024-01-06 08:00:00,0.6813
2024-01-06 08:10:00,0.5701
2024-01-06 08:20:00,0.726
2024-01-06 08:30:00,0.5925
2024-01-06 08:40:00,0.8532
2024-01-06 08:50:00,0.6911
2024-01-06 09:00:00,0.6523
2024-01-06 09:10:00,1.09
2024-01-06 09:20:00,0.9735
2024-01-06 09:30:00,1.341
2024-01-06 09:40:00,1.3413
2024-01-06 09:50:00,1.4961
2024-01-06 10:00:00,1.6654
2024-01-06 10:10:00,1.7254
2024-01-06 10:20:00,1.8869
2024-01-06 10:30:00,2.1667
2024-01-06 10:40:00,2.2138
2024-01-06 10:50:00,2.2896
2024-01-06 11:00:00,2.572
2024-01-06 11:10:00,2.4396
2024-01-06 11:20:00,2.9026
2024-01-06 11:30:00,3.0025
2024-01-06 11:40:00,3.0608
2024-01-06 11:50:00,3.1016
2024-01-06 12:00:00,2.9922
2024-01-06 12:10:00,2.9749
2024-01-06 12:20:00,2.818
2024-01-06 12:30:00,3.0433
2024-01-06 12:40:00,2.7222
2024-01-06 12:50:00,2.6851
2024-01-06 13:00:00,2.539
2024-01-06 13:10:00,2.2288
2024-01-06 13:20:00,2.0288
2024-01-06 13:30:00,2.0402
2024-01-06 13:40:00,1.8309
2024-01-06 13:50:00,1.7081
2024-01-06 14:00:00,1.672
2024-01-06 14:10:00,1.4469
2024-01-06 14:20:00,1.372
2024-01-06 14:30:00,1.2269
2024-01-06 14:40:00,1.0528
2024-01-06 14:50:00,0.9031
2024-01-06 15:00:00,0.9658
2024-01-06 15:10:00,0.9013
2024-01-06 15:20:00,0.9558
2024-01-06 15:30:00,0.8383
2024-01-06 15:40:00,0.8304
2024-01-06 15:50:00,0.8612
2024-01-06 16:00:00,0.8329
2024-01-06 16:10:00,1.1256
2024-01-06 16:20:00,1.1648
2024-01-06 16:30:00,1.011
2024-01-06 16:40:00,1.3028
2024-01-06 16:50:00,1.133
2024-01-06 17:00:00,1.5118
2024-01-06 17:10:00,1.4356
2024-01-06 17:20:00,1.6247
2024-01-06 17:30:00,1.4661
2024-01-06 17:40:00,1.5926
2024-01-06 17:50:00,1.7925
2024-01-06 18:00:00,1.6866
2024-01-06 18:10:00,1.6609
2024-01-06 18:20:00,1.8504
2024-01-06 18:30:00,1.8774
2024-01-06 18:40:00,1.6781
2024-01-06 18:50:00,1.3896
2024-01-06 19:00:00,1.5802
2024-01-06 19:10:00,1.1478
2024-01-06 19:20:00,1.1727
2024-01-06 19:30:00,1.1107
2024-01-06 19:40:00,1.2056
2024-01-06 19:50:00,1.0206
2024-01-06 20:00:00,0.8086
2024-01-06 20:10:00,0.6963
2024-01-06 20:20:00,0.8371
2024-01-06 20:30:00,0.6394
2024-01-06 20:40:00,0.679
2024-01-06 20:50:00,0.4926
2024-01-06 21:00:00,0.6653
2024-01-06 21:10:00,0.6414
2024-01-06 21:20:00,0.4568
2024-01-06 21:30:00,0.6759
2024-01-06 21:40:00,0.6224
2024-01-06 21:50:00,0.637
2024-01-06 22:00:00,0.5224
2024-01-06 22:10:00,0.5765
2024-01-06 22:20:00,0.5638
2024-01-06 22:30:00,0.5419
2024-01-06 22:40:00,0.5733
2024-01-06 22:50:00,0.6817
2024-01-06 23:00:00,0.6634
2024-01-06 23:10:00,0.4376
2024-01-06 23:20:00,0.6543
2024-01-06 23:30:00,0.6748
2024-01-06 23:40:00,0.5406
2024-01-06 23:50:00,0.6065
2024-01-07 00:00:00,0.5457
2024-01-07 00:10:00,0.3968
2024-01-07 00:20:00,0.4267
2024-01-07 00:30:00,0.5207
2024-01-07 00:40:00,0.3742
2024-01-07 00:50:00,0.4973
2024-01-07 01:00:00,0.504
2024-01-07 01:10:00,0.46
2024-01-07 01:20:00,0.5144
2024-01-07 01:30:00,0.2775
2024-01-07 01:40:00,0.2744
2024-01-07 01:50:00,0.2596
2024-01-07 02:00:00,0.194
2024-01-07 02:10:00,0.2292
2024-01-07 02:20:00,0.05
2024-01-07 02:30:00,0.1875
2024-01-07 02:40:00,0.05
2024-01-07 02:50:00,0.0707
2024-01-07 03:00:00,0.2403
2024-01-07 03:10:00,0.1471
2024-01-07 03:20:00,0.2367
2024-01-07 03:30:00,0.1449
2024-01-07 03:40:00,0.2776
2024-01-07 03:50:00,0.1511
2024-01-07 04:00:00,0.05
2024-01-07 04:10:00,0.2501
2024-01-07 04:20:00,0.05
2024-01-07 04:30:00,0.1413
2024-01-07 04:40:00,0.2281
2024-01-07 04:50:00,0.2449
2024-01-07 05:00:00,0.3191
2024-01-07 05:10:00,0.2956
2024-01-07 05:20:00,0.2833
2024-01-07 05:30:00,0.6
2024-01-07 05:40:00,0.3974
2024-01-07 05:50:00,0.2593
2024-01-07 06:00:00,0.4611
2024-01-07 06:10:00,0.3975
2024-01-07 06:20:00,0.4324
2024-01-07 06:30:00,0.6013
2024-01-07 06:40:00,0.4938
2024-01-07 06:50:00,0.4308
2024-01-07 07:00:00,0.598
2024-01-07 07:10:00,0.6758
2024-01-07 07:20:00,0.6228
2024-01-07 07:30:00,0.3335
2024-01-07 07:40:00,0.4793
2024-01-07 07:50:00,0.6106
2024-01-07 08:00:00,0.6004
2024-01-07 08:10:00,0.6162
2024-01-07 08:20:00,0.581
2024-01-07 08:30:00,0.5765
2024-01-07 08:40:00,0.9644
2024-01-07 08:50:00,0.8229
2024-01-07 09:00:00,0.9521
2024-01-07 09:10:00,0.9685
2024-01-07 09:20:00,1.0655
2024-01-07 09:30:00,1.161
2024-01-07 09:40:00,1.1749
2024-01-07 09:50:00,1.268
2024-01-07 10:00:00,1.6021
2024-01-07 10:10:00,1.7358
2024-01-07 10:20:00,1.9715
2024-01-07 10:30:00,2.1156
2024-01-07 10:40:00,2.1256
2024-01-07 10:50:00,2.4797
2024-01-07 11:00:00,2.5942
2024-01-07 11:10:00,2.7246
2024-01-07 11:20:00,3.0003
2024-01-07 11:30:00,3.0777
2024-01-07 11:40:00,3.015
2024-01-07 11:50:00,3.0472
2024-01-07 12:00:00,3.1139
2024-01-07 12:10:00,2.9322
2024-01-07 12:20:00,2.889
2024-01-07 12:30:00,2.9407
2024-01-07 12:40:00,2.6898
2024-01-07 12:50:00,2.7149
2024-01-07 13:00:00,2.5336
2024-01-07 13:10:00,2.2812
2024-01-07 13:20:00,2.2096
2024-01-07 13:30:00,2.1736
2024-01-07 13:40:00,1.8877
2024-01-07 13:50:00,1.7286
2024-01-07 14:00:00,1.601
2024-01-07 14:10:00,1.4727
2024-01-07 14:20:00,1.2652
2024-01-07 14:30:00,1.2194
2024-01-07 14:40:00,0.9814
2024-01-07 14:50:00,0.9251
2024-01-07 15:00:00,0.8738
2024-01-07 15:10:00,0.9414
2024-01-07 15:20:00,0.8818
2024-01-07 15:30:00,0.8414
2024-01-07 15:40:00,0.9307
2024-01-07 15:50:00,0.9236
2024-01-07 16:00:00,0.8974
2024-01-07 16:10:00,0.879
2024-01-07 16:20:00,0.9707
2024-01-07 16:30:00,0.9876
2024-01-07 16:40:00,1.2386
2024-01-07 16:50:00,1.2335
2024-01-07 17:00:00,1.3661
2024-01-07 17:10:00,1.495
2024-01-07 17:20:00,1.6958
2024-01-07 17:30:00,1.7548
2024-01-07 17:40:00,1.7099
2024-01-07 17:50:00,1.8752
2024-01-07 18:00:00,1.5585
2024-01-07 18:10:00,1.9356
2024-01-07 18:20:00,1.783
2024-01-07 18:30:00,1.6694
2024-01-07 18:40:00,1.498
2024-01-07 18:50:00,1.4576
2024-01-07 19:00:00,1.4672
2024-01-07 19:10:00,1.3693
2024-01-07 19:20:00,1.272
2024-01-07 19:30:00,1.0342
2024-01-07 19:40:00,0.9219
2024-01-07 19:50:00,0.9504
2024-01-07 20:00:00,0.9334
2024-01-07 20:10:00,0.7925
2024-01-07 20:20:00,0.8863
2024-01-07 20:30:00,0.6972
2024-01-07 20:40:00,0.6583
2024-01-07 20:50:00,0.6977
2024-01-07 21:00:00,0.7314
2024-01-07 21:10:00,0.4587
2024-01-07 21:20:00,0.4702
2024-01-07 21:30:00,0.5424
2024-01-07 21:40:00,0.8838
2024-01-07 21:50:00,0.5378
2024-01-07 22:00:00,0.5491
2024-01-07 22:10:00,0.6213
2024-01-07 22:20:00,0.6561
2024-01-07 22:30:00,0.5747
2024-01-07 22:40:00,0.6737
2024-01-07 22:50:00,0.4376
2024-01-07 23:00:00,0.4802
2024-01-07 23:10:00,0.673
2024-01-07 23:20:00,0.5578
2024-01-07 23:30:00,0.4304
2024-01-07 23:40:00,0.4244
2024-01-07 23:50:00,0.4755
2024-01-08 00:00:00,0.4522
2024-01-08 00:10:00,0.4855
2024-01-08 00:20:00,0.3905
2024-01-08 00:30:00,0.4443
2024-01-08 00:40:00,0.3422
2024-01-08 00:50:00,0.4864
2024-01-08 01:00:00,0.5953
2024-01-08 01:10:00,0.2755
2024-01-08 01:20:00,0.3361
2024-01-08 01:30:00,0.3008
2024-01-08 01:40:00,0.2476
2024-01-08 01:50:00,0.2725
2024-01-08 02:00:00,0.2301
2024-01-08 02:10:00,0.1123
2024-01-08 02:20:00,0.2837
2024-01-08 02:30:00,0.1722
2024-01-08 02:40:00,0.1136
2024-01-08 02:50:00,0.3964
2024-01-08 03:00:00,0.1404
2024-01-08 03:10:00,0.1776
2024-01-08 03:20:00,0.1696
2024-01-08 03:30:00,0.1391
2024-01-08 03:40:00,0.1969
2024-01-08 03:50:00,0.0749
2024-01-08 04:00:00,0.2418
2024-01-08 04:10:00,0.05
2024-01-08 04:20:00,0.1039
2024-01-08 04:30:00,0.4435
2024-01-08 04:40:00,0.1625
2024-01-08 04:50:00,0.1188
2024-01-08 05:00:00,0.2171
2024-01-08 05:10:00,0.5381
2024-01-08 05:20:00,0.2069
2024-01-08 05:30:00,0.3104
2024-01-08 05:40:00,0.2778
2024-01-08 05:50:00,0.4118
2024-01-08 06:00:00,0.4091
2024-01-08 06:10:00,0.4163
2024-01-08 06:20:00,0.6599
2024-01-08 06:30:00,0.363
2024-01-08 06:40:00,0.4802
2024-01-08 06:50:00,0.5312
2024-01-08 07:00:00,0.4059
2024-01-08 07:10:00,0.5594
2024-01-08 07:20:00,0.4783
2024-01-08 07:30:00,0.5646
2024-01-08 07:40:00,0.5272
2024-01-08 07:50:00,0.3466
2024-01-08 08:00:00,0.6996
2024-01-08 08:10:00,0.798
2024-01-08 08:20:00,0.6009
2024-01-08 08:30:00,0.5632
2024-01-08 08:40:00,0.8459
2024-01-08 08:50:00,0.9359
2024-01-08 09:00:00,0.7917
2024-01-08 09:10:00,0.8595
2024-01-08 09:20:00,0.9581
2024-01-08 09:30:00,0.8955
2024-01-08 09:40:00,1.1429
2024-01-08 09:50:00,1.4641
2024-01-08 10:00:00,1.4069
2024-01-08 10:10:00,1.4596
2024-01-08 10:20:00,1.7595
2024-01-08 10:30:00,1.7928
2024-01-08 10:40:00,2.0026
2024-01-08 10:50:00,2.0281
2024-01-08 11:00:00,2.189
2024-01-08 11:10:00,2.4919
2024-01-08 11:20:00,2.5389
2024-01-08 11:30:00,2.5389
2024-01-08 11:40:00,2.6946
2024-01-08 11:50:00,2.6626
2024-01-08 12:00:00,2.6587
2024-01-08 12:10:00,2.8398
2024-01-08 12:20:00,2.761
2024-01-08 12:30:00,2.6144
2024-01-08 12:40:00,2.5418
2024-01-08 12:50:00,2.4174
2024-01-08 13:00:00,2.3416
2024-01-08 13:10:00,2.0753
2024-01-08 13:20:00,2.096
2024-01-08 13:30:00,1.8959
2024-01-08 13:40:00,1.6852
2024-01-08 13:50:00,1.5175
2024-01-08 14:00:00,1.5121
2024-01-08 14:10:00,1.2842
2024-01-08 14:20:00,1.1124
2024-01-08 14:30:00,1.0401
2024-01-08 14:40:00,1.0661
2024-01-08 14:50:00,0.7541
2024-01-08 15:00:00,0.8213
2024-01-08 15:10:00,0.9215
2024-01-08 15:20:00,0.7715
2024-01-08 15:30:00,0.8057
2024-01-08 15:40:00,0.8933
2024-01-08 15:50:00,0.8958
2024-01-08 16:00:00,0.7996
2024-01-08 16:10:00,0.8817
2024-01-08 16:20:00,1.049
2024-01-08 16:30:00,1.1268
2024-01-08 16:40:00,1.1063
2024-01-08 16:50:00,1.1964
2024-01-08 17:00:00,1.3159
2024-01-08 17:10:00,1.5097
2024-01-08 17:20:00,1.5559
2024-01-08 17:30:00,1.5827
2024-01-08 17:40:00,1.4542
2024-01-08 17:50:00,1.5649
2024-01-08 18:00:00,1.5802
2024-01-08 18:10:00,1.7335
2024-01-08 18:20:00,1.5367
2024-01-08 18:30:00,1.6362
2024-01-08 18:40:00,1.3882
2024-01-08 18:50:00,1.3181
2024-01-08 19:00:00,1.3287
2024-01-08 19:10:00,1.3462
2024-01-08 19:20:00,1.0763
2024-01-08 19:30:00,0.7518
2024-01-08 19:40:00,0.7678
2024-01-08 19:50:00,0.8775
2024-01-08 20:00:00,0.6324
2024-01-08 20:10:00,0.6348
2024-01-08 20:20:00,0.6734
2024-01-08 20:30:00,0.3869
2024-01-08 20:40:00,0.5616
2024-01-08 20:50:00,0.4578
2024-01-08 21:00:00,0.405
2024-01-08 21:10:00,0.4603
2024-01-08 21:20:00,0.4231
2024-01-08 21:30:00,0.5694
2024-01-08 21:40:00,0.6368
2024-01-08 21:50:00,0.4771
2024-01-08 22:00:00,0.4515
2024-01-08 22:10:00,0.4681
2024-01-08 22:20:00,0.3977
2024-01-08 22:30:00,0.379
2024-01-08 22:40:00,0.3429
2024-01-08 22:50:00,0.3742
2024-01-08 23:00:00,0.6702
2024-01-08 23:10:00,0.4379
2024-01-08 23:20:00,0.2128
2024-01-08 23:30:00,0.4482
2024-01-08 23:40:00,0.3478
2024-01-08 23:50:00,0.5128
2024-01-09 00:00:00,0.4479
2024-01-09 00:10:00,0.4451
2024-01-09 00:20:00,0.42
2024-01-09 00:30:00,0.3692
2024-01-09 00:40:00,0.241
2024-01-09 00:50:00,0.3571
2024-01-09 01:00:00,0.4426
2024-01-09 01:10:00,0.4966
2024-01-09 01:20:00,0.2648
2024-01-09 01:30:00,0.2484
2024-01-09 01:40:00,0.2841
2024-01-09 01:50:00,0.3569
2024-01-09 02:00:00,0.1338
2024-01-09 02:10:00,0.2289
2024-01-09 02:20:00,0.07
2024-01-09 02:30:00,0.1853
2024-01-09 02:40:00,0.2494
2024-01-09 02:50:00,0.05
2024-01-09 03:00:00,0.0998
2024-01-09 03:10:00,0.2478
2024-01-09 03:20:00,0.2139
2024-01-09 03:30:00,0.2559
2024-01-09 03:40:00,0.2372
2024-01-09 03:50:00,0.1255
2024-01-09 04:00:00,0.4024
2024-01-09 04:10:00,0.2213
2024-01-09 04:20:00,0.05
2024-01-09 04:30:00,0.2331
2024-01-09 04:40:00,0.2417
2024-01-09 04:50:00,0.3948
2024-01-09 05:00:00,0.2957
2024-01-09 05:10:00,0.4746
2024-01-09 05:20:00,0.4425
2024-01-09 05:30:00,0.3066
2024-01-09 05:40:00,0.4103
2024-01-09 05:50:00,0.3624
2024-01-09 06:00:00,0.472
2024-01-09 06:10:00,0.387
2024-01-09 06:20:00,0.4826
2024-01-09 06:30:00,0.4565
2024-01-09 06:40:00,0.476
2024-01-09 06:50:00,0.7032
2024-01-09 07:00:00,0.4687
2024-01-09 07:10:00,0.3181
2024-01-09 07:20:00,0.6207
2024-01-09 07:30:00,0.6288
2024-01-09 07:40:00,0.341
2024-01-09 07:50:00,0.4825
2024-01-09 08:00:00,0.6135
2024-01-09 08:10:00,0.6444
2024-01-09 08:20:00,0.6191
2024-01-09 08:30:00,0.6558
2024-01-09 08:40:00,0.6027
2024-01-09 08:50:00,0.5081
2024-01-09 09:00:00,1.0149
2024-01-09 09:10:00,0.786
2024-01-09 09:20:00,0.9853
2024-01-09 09:30:00,1.0488
2024-01-09 09:40:00,1.2637
2024-01-09 09:50:00,1.3063
2024-01-09 10:00:00,1.4415
2024-01-09 10:10:00,1.3028
2024-01-09 10:20:00,1.6294
2024-01-09 10:30:00,1.9371
2024-01-09 10:40:00,2.0781
2024-01-09 10:50:00,2.0634
2024-01-09 11:00:00,2.1387
2024-01-09 11:10:00,2.4349
2024-01-09 11:20:00,2.2409
2024-01-09 11:30:00,2.5061
2024-01-09 11:40:00,2.8632
2024-01-09 11:50:00,2.8724
2024-01-09 12:00:00,2.7904
2024-01-09 12:10:00,2.7587
2024-01-09 12:20:00,2.4922
2024-01-09 12:30:00,2.5469
2024-01-09 12:40:00,2.5021
2024-01-09 12:50:00,2.3504
2024-01-09 13:00:00,2.2617
2024-01-09 13:10:00,2.2888
2024-01-09 13:20:00,1.959
2024-01-09 13:30:00,1.8295
2024-01-09 13:40:00,1.7883
2024-01-09 13:50:00,1.4269
2024-01-09 14:00:00,1.3463
2024-01-09 14:10:00,1.2277
2024-01-09 14:20:00,1.1898
2024-01-09 14:30:00,1.0458
2024-01-09 14:40:00,0.9596
2024-01-09 14:50:00,0.8502
2024-01-09 15:00:00,0.7511
2024-01-09 15:10:00,0.8768
2024-01-09 15:20:00,0.7559
2024-01-09 15:30:00,0.8416
2024-01-09 15:40:00,0.6748
2024-01-09 15:50:00,0.7414
2024-01-09 16:00:00,0.8229
2024-01-09 16:10:00,0.8835
2024-01-09 16:20:00,1.0356
2024-01-09 16:30:00,0.9916
2024-01-09 16:40:00,1.1916
2024-01-09 16:50:00,1.2413
2024-01-09 17:00:00,1.2806
2024-01-09 17:10:00,1.2802
2024-01-09 17:20:00,1.5273
2024-01-09 17:30:00,1.4233
2024-01-09 17:40:00,1.5625
2024-01-09 17:50:00,1.5896
2024-01-09 18:00:00,1.5844
2024-01-09 18:10:00,1.5554
2024-01-09 18:20:00,1.481
2024-01-09 18:30:00,1.3517
2024-01-09 18:40:00,1.588
2024-01-09 18:50:00,1.3203
2024-01-09 19:00:00,1.2699
2024-01-09 19:10:00,1.178
2024-01-09 19:20:00,1.2088
2024-01-09 19:30:00,1.2031
2024-01-09 19:40:00,0.9417
2024-01-09 19:50:00,0.8334
2024-01-09 20:00:00,0.6688
2024-01-09 20:10:00,0.5782
2024-01-09 20:20:00,0.4959
2024-01-09 20:30:00,0.5533
2024-01-09 20:40:00,0.3915
2024-01-09 20:50:00,0.6831
2024-01-09 21:00:00,0.5982
2024-01-09 21:10:00,0.5163
2024-01-09 21:20:00,0.6418
2024-01-09 21:30:00,0.4162
2024-01-09 21:40:00,0.436
2024-01-09 21:50:00,0.321
2024-01-09 22:00:00,0.5894
2024-01-09 22:10:00,0.4293
2024-01-09 22:20:00,0.5109
2024-01-09 22:30:00,0.6089
2024-01-09 22:40:00,0.6454
2024-01-09 22:50:00,0.5051
2024-01-09 23:00:00,0.5463
2024-01-09 23:10:00,0.4174
2024-01-09 23:20:00,0.6761
2024-01-09 23:30:00,0.4911
2024-01-09 23:40:00,0.5158
2024-01-09 23:50:00,0.467
2024-01-10 00:00:00,0.5734
2024-01-10 00:10:00,0.4602
2024-01-10 00:20:00,0.5009
2024-01-10 00:30:00,0.4425
2024-01-10 00:40:00,0.3652
2024-01-10 00:50:00,0.4582
2024-01-10 01:00:00,0.3758
2024-01-10 01:10:00,0.2197
2024-01-10 01:20:00,0.1902
2024-01-10 01:30:00,0.2767
2024-01-10 01:40:00,0.3252
2024-01-10 01:50:00,0.3718
2024-01-10 02:00:00,0.05
2024-01-10 02:10:00,0.1625
2024-01-10 02:20:00,0.2015
2024-01-10 02:30:00,0.1821
2024-01-10 02:40:00,0.2535
2024-01-10 02:50:00,0.2181
2024-01-10 03:00:00,0.054
2024-01-10 03:10:00,0.0511
2024-01-10 03:20:00,0.1838
2024-01-10 03:30:00,0.2516
2024-01-10 03:40:00,0.1669
2024-01-10 03:50:00,0.05
2024-01-10 04:00:00,0.0781
2024-01-10 04:10:00,0.2771
2024-01-10 04:20:00,0.1996
2024-01-10 04:30:00,0.2736
2024-01-10 04:40:00,0.3957
2024-01-10 04:50:00,0.1956
2024-01-10 05:00:00,0.2999
2024-01-10 05:10:00,0.313
2024-01-10 05:20:00,0.4229
2024-01-10 05:30:00,0.4846
2024-01-10 05:40:00,0.2771
2024-01-10 05:50:00,0.4401
2024-01-10 06:00:00,0.5412
2024-01-10 06:10:00,0.2804
2024-01-10 06:20:00,0.4695
2024-01-10 06:30:00,0.3629
2024-01-10 06:40:00,0.4279
2024-01-10 06:50:00,0.2485
2024-01-10 07:00:00,0.6449
2024-01-10 07:10:00,0.4768
2024-01-10 07:20:00,0.4393
2024-01-10 07:30:00,0.5617
2024-01-10 07:40:00,0.4356
2024-01-10 07:50:00,0.4398
2024-01-10 08:00:00,0.7219
2024-01-10 08:10:00,0.7738
2024-01-10 08:20:00,0.5614
2024-01-10 08:30:00,0.7619
2024-01-10 08:40:00,0.7333
2024-01-10 08:50:00,0.608
2024-01-10 09:00:00,0.7185
2024-01-10 09:10:00,1.0395
2024-01-10 09:20:00,0.8266
2024-01-10 09:30:00,1.2946
2024-01-10 09:40:00,1.1188
2024-01-10 09:50:00,1.455
2024-01-10 10:00:00,1.3979
2024-01-10 10:10:00,1.6488
2024-01-10 10:20:00,1.8551
2024-01-10 10:30:00,2.0048
2024-01-10 10:40:00,1.9575
2024-01-10 10:50:00,2.0765
2024-01-10 11:00:00,2.2922
2024-01-10 11:10:00,2.2962
2024-01-10 11:20:00,2.5597
2024-01-10 11:30:00,2.5432
2024-01-10 11:40:00,2.7999
2024-01-10 11:50:00,2.6755
2024-01-10 12:00:00,2.572
2024-01-10 12:10:00,2.8726
2024-01-10 12:20:00,2.71
2024-01-10 12:30:00,2.6283
2024-01-10 12:40:00,2.6453
2024-01-10 12:50:00,2.5135
2024-01-10 13:00:00,2.2244
2024-01-10 13:10:00,2.1175
2024-01-10 13:20:00,1.9052
2024-01-10 13:30:00,1.7203
2024-01-10 13:40:00,1.7751
2024-01-10 13:50:00,1.6107
2024-01-10 14:00:00,1.5088
2024-01-10 14:10:00,1.4318
2024-01-10 14:20:00,1.2637
2024-01-10 14:30:00,1.1685
2024-01-10 14:40:00,0.7848
2024-01-10 14:50:00,0.8875
2024-01-10 15:00:00,0.9561
2024-01-10 15:10:00,0.7004
2024-01-10 15:20:00,0.8002
2024-01-10 15:30:00,0.833
2024-01-10 15:40:00,0.8315
2024-01-10 15:50:00,0.8461
2024-01-10 16:00:00,0.9063
2024-01-10 16:10:00,0.9158
2024-01-10 16:20:00,0.8155
2024-01-10 16:30:00,1.087
2024-01-10 16:40:00,1.1473
2024-01-10 16:50:00,1.0608
2024-01-10 17:00:00,1.4314
2024-01-10 17:10:00,1.431
2024-01-10 17:20:00,1.316
2024-01-10 17:30:00,1.4367
2024-01-10 17:40:00,1.5109
2024-01-10 17:50:00,1.5412
2024-01-10 18:00:00,1.6371
2024-01-10 18:10:00,1.4994
2024-01-10 18:20:00,1.6786
2024-01-10 18:30:00,1.6205
2024-01-10 18:40:00,1.512
2024-01-10 18:50:00,1.3762
2024-01-10 19:00:00,1.3786
2024-01-10 19:10:00,1.1658
2024-01-10 19:20:00,1.0287
2024-01-10 19:30:00,1.1305
2024-01-10 19:40:00,0.959
2024-01-10 19:50:00,0.7821
2024-01-10 20:00:00,0.7407
2024-01-10 20:10:00,0.6501
2024-01-10 20:20:00,0.8767
2024-01-10 20:30:00,0.6344
2024-01-10 20:40:00,0.6173
2024-01-10 20:50:00,0.6483
2024-01-10 21:00:00,0.4353
2024-01-10 21:10:00,0.652
2024-01-10 21:20:00,0.471
2024-01-10 21:30:00,0.7072
2024-01-10 21:40:00,0.4876
2024-01-10 21:50:00,0.619
2024-01-10 22:00:00,0.2631
2024-01-10 22:10:00,0.3937
2024-01-10 22:20:00,0.4808
2024-01-10 22:30:00,0.3065
2024-01-10 22:40:00,0.5692
2024-01-10 22:50:00,0.5402
2024-01-10 23:00:00,0.4097
2024-01-10 23:10:00,0.5071
2024-01-10 23:20:00,0.5893
2024-01-10 23:30:00,0.2983
2024-01-10 23:40:00,0.3812
2024-01-10 23:50:00,0.4751
2024-01-11 00:00:00,0.4566
2024-01-11 00:10:00,0.4351
2024-01-11 00:20:00,0.5144
2024-01-11 00:30:00,0.4555
2024-01-11 00:40:00,0.4575
2024-01-11 00:50:00,0.2268
2024-01-11 01:00:00,0.3564
2024-01-11 01:10:00,0.2856
2024-01-11 01:20:00,0.4358
2024-01-11 01:30:00,0.2797
2024-01-11 01:40:00,0.168
2024-01-11 01:50:00,0.2935
2024-01-11 02:00:00,0.2394
2024-01-11 02:10:00,0.078
2024-01-11 02:20:00,0.118
2024-01-11 02:30:00,0.1197
2024-01-11 02:40:00,0.2756
2024-01-11 02:50:00,0.1731
2024-01-11 03:00:00,0.2255
2024-01-11 03:10:00,0.1035
2024-01-11 03:20:00,0.1863
2024-01-11 03:30:00,0.2832
2024-01-11 03:40:00,0.1167
2024-01-11 03:50:00,0.1717
2024-01-11 04:00:00,0.05
2024-01-11 04:10:00,0.1317
2024-01-11 04:20:00,0.2014
2024-01-11 04:30:00,0.1562
2024-01-11 04:40:00,0.4218
2024-01-11 04:50:00,0.2325
2024-01-11 05:00:00,0.4206
2024-01-11 05:10:00,0.3846
2024-01-11 05:20:00,0.3911
2024-01-11 05:30:00,0.5566
2024-01-11 05:40:00,0.1997
2024-01-11 05:50:00,0.4218
2024-01-11 06:00:00,0.347
2024-01-11 06:10:00,0.2705
2024-01-11 06:20:00,0.3572
2024-01-11 06:30:00,0.487
2024-01-11 06:40:00,0.4204
2024-01-11 06:50:00,0.5895
2024-01-11 07:00:00,0.4851
2024-01-11 07:10:00,0.4808
2024-01-11 07:20:00,0.4888
2024-01-11 07:30:00,0.5199
2024-01-11 07:40:00,0.4989
2024-01-11 07:50:00,0.4693
2024-01-11 08:00:00,0.6708
2024-01-11 08:10:00,0.5315
2024-01-11 08:20:00,0.5833
2024-01-11 08:30:00,0.6992
2024-01-11 08:40:00,0.7307
2024-01-11 08:50:00,0.6613
2024-01-11 09:00:00,0.8881
2024-01-11 09:10:00,0.9396
2024-01-11 09:20:00,0.9887
2024-01-11 09:30:00,1.0251
2024-01-11 09:40:00,1.1372
2024-01-11 09:50:00,1.2789
2024-01-11 10:00:00,1.3077
2024-01-11 10:10:00,1.5675
2024-01-11 10:20:00,1.8077
2024-01-11 10:30:00,1.9565
2024-01-11 10:40:00,1.9812
2024-01-11 10:50:00,2.2722
2024-01-11 11:00:00,2.4948
2024-01-11 11:10:00,2.3987
2024-01-11 11:20:00,2.6092
2024-01-11 11:30:00,2.4034
2024-01-11 11:40:00,2.5703
2024-01-11 11:50:00,2.7461
2024-01-11 12:00:00,2.6502
2024-01-11 12:10:00,2.941
2024-01-11 12:20:00,2.756
2024-01-11 12:30:00,2.7263
2024-01-11 12:40:00,2.5372
2024-01-11 12:50:00,2.3301
2024-01-11 13:00:00,2.2525
2024-01-11 13:10:00,2.1916
2024-01-11 13:20:00,1.9561
2024-01-11 13:30:00,1.937
2024-01-11 13:40:00,1.7912
2024-01-11 13:50:00,1.5746
2024-01-11 14:00:00,1.2526
2024-01-11 14:10:00,1.4773
2024-01-11 14:20:00,1.1669
2024-01-11 14:30:00,1.3549
2024-01-11 14:40:00,1.0595
2024-01-11 14:50:00,0.8987
2024-01-11 15:00:00,0.9059
2024-01-11 15:10:00,0.6166
2024-01-11 15:20:00,0.8949
2024-01-11 15:30:00,1.039
2024-01-11 15:40:00,0.5796
2024-01-11 15:50:00,0.7818
2024-01-11 16:00:00,0.8373
2024-01-11 16:10:00,0.9868
2024-01-11 16:20:00,1.174
2024-01-11 16:30:00,1.0764
2024-01-11 16:40:00,1.3348
2024-01-11 16:50:00,1.2248
2024-01-11 17:00:00,1.3408
2024-01-11 17:10:00,1.4128
2024-01-11 17:20:00,1.5784
2024-01-11 17:30:00,1.4787
2024-01-11 17:40:00,1.6517
2024-01-11 17:50:00,1.4773
2024-01-11 18:00:00,1.582
2024-01-11 18:10:00,1.536
2024-01-11 18:20:00,1.5772
2024-01-11 18:30:00,1.4868
2024-01-11 18:40:00,1.5657
2024-01-11 18:50:00,1.2862
2024-01-11 19:00:00,1.1139
2024-01-11 19:10:00,1.0596
2024-01-11 19:20:00,1.2024
2024-01-11 19:30:00,0.9162
2024-01-11 19:40:00,0.9686
2024-01-11 19:50:00,0.8224
2024-01-11 20:00:00,0.8662
2024-01-11 20:10:00,0.7019
2024-01-11 20:20:00,0.952
2024-01-11 20:30:00,0.8248
2024-01-11 20:40:00,0.571
2024-01-11 20:50:00,0.532
2024-01-11 21:00:00,0.871
2024-01-11 21:10:00,0.4354
2024-01-11 21:20:00,0.5271
2024-01-11 21:30:00,0.5273
2024-01-11 21:40:00,0.5195
2024-01-11 21:50:00,0.3422
2024-01-11 22:00:00,0.5633
2024-01-11 22:10:00,0.415
2024-01-11 22:20:00,0.6546
2024-01-11 22:30:00,0.3648
2024-01-11 22:40:00,0.5159
2024-01-11 22:50:00,0.2881
2024-01-11 23:00:00,0.2942
2024-01-11 23:10:00,0.4256
2024-01-11 23:20:00,0.4396
2024-01-11 23:30:00,0.656
2024-01-11 23:40:00,0.5054
2024-01-11 23:50:00,0.6387
2024-01-12 00:00:00,0.417
2024-01-12 00:10:00,0.5023
2024-01-12 00:20:00,0.3536
2024-01-12 00:30:00,0.3291
2024-01-12 00:40:00,0.2064
2024-01-12 00:50:00,0.4
2024-01-12 01:00:00,0.3686
2024-01-12 01:10:00,0.3946
2024-01-12 01:20:00,0.3116
2024-01-12 01:30:00,0.4653
2024-01-12 01:40:00,0.2529
2024-01-12 01:50:00,0.3078
2024-01-12 02:00:00,0.151
2024-01-12 02:10:00,0.0696
2024-01-12 02:20:00,0.2248
2024-01-12 02:30:00,0.1442
2024-01-12 02:40:00,0.2363
2024-01-12 02:50:00,0.1884
2024-01-12 03:00:00,0.0738
2024-01-12 03:10:00,0.2605
2024-01-12 03:20:00,0.066
2024-01-12 03:30:00,0.2156
2024-01-12 03:40:00,0.2812
2024-01-12 03:50:00,0.122
2024-01-12 04:00:00,0.299
2024-01-12 04:10:00,0.2484
2024-01-12 04:20:00,0.3205
2024-01-12 04:30:00,0.179
2024-01-12 04:40:00,0.3115
2024-01-12 04:50:00,0.1761
2024-01-12 05:00:00,0.5136
2024-01-12 05:10:00,0.1651
2024-01-12 05:20:00,0.3532
2024-01-12 05:30:00,0.3155
2024-01-12 05:40:00,0.494
2024-01-12 05:50:00,0.6346
2024-01-12 06:00:00,0.5213
2024-01-12 06:10:00,0.7636
2024-01-12 06:20:00,0.3397
2024-01-12 06:30:00,0.356
2024-01-12 06:40:00,0.4044
2024-01-12 06:50:00,0.5128
2024-01-12 07:00:00,0.4046
2024-01-12 07:10:00,0.439
2024-01-12 07:20:00,0.5838
2024-01-12 07:30:00,0.4067
2024-01-12 07:40:00,0.4283
2024-01-12 07:50:00,0.5155
2024-01-12 08:00:00,0.5424
2024-01-12 08:10:00,0.6959
2024-01-12 08:20:00,0.5326
2024-01-12 08:30:00,0.5853
2024-01-12 08:40:00,0.7582
2024-01-12 08:50:00,0.832
2024-01-12 09:00:00,0.9568
2024-01-12 09:10:00,0.9342
2024-01-12 09:20:00,0.9856
2024-01-12 09:30:00,1.1276
2024-01-12 09:40:00,1.1531
2024-01-12 09:50:00,1.2738
2024-01-12 10:00:00,1.2558
2024-01-12 10:10:00,1.6634
2024-01-12 10:20:00,1.7424
2024-01-12 10:30:00,1.9497
2024-01-12 10:40:00,1.7411
2024-01-12 10:50:00,2.1647
2024-01-12 11:00:00,2.2224
2024-01-12 11:10:00,2.5845
2024-01-12 11:20:00,2.6057
2024-01-12 11:30:00,2.6575
2024-01-12 11:40:00,2.6574
2024-01-12 11:50:00,2.7813
2024-01-12 12:00:00,2.6626
2024-01-12 12:10:00,2.7316
2024-01-12 12:20:00,2.6428
2024-01-12 12:30:00,2.8607
2024-01-12 12:40:00,2.6913
2024-01-12 12:50:00,2.5407
2024-01-12 13:00:00,2.1592
2024-01-12 13:10:00,2.2561
2024-01-12 13:20:00,2.042
2024-01-12 13:30:00,1.9953
2024-01-12 13:40:00,1.7552
2024-01-12 13:50:00,1.576
2024-01-12 14:00:00,1.4609
2024-01-12 14:10:00,1.1274
2024-01-12 14:20:00,1.1134
2024-01-12 14:30:00,1.1231
2024-01-12 14:40:00,1.1098
2024-01-12 14:50:00,0.8662
2024-01-12 15:00:00,0.8584
2024-01-12 15:10:00,0.6598
2024-01-12 15:20:00,0.9396
2024-01-12 15:30:00,0.895
2024-01-12 15:40:00,0.8551
2024-01-12 15:50:00,0.8526
2024-01-12 16:00:00,1.0045
2024-01-12 16:10:00,0.8202
2024-01-12 16:20:00,0.8736
2024-01-12 16:30:00,1.1459
2024-01-12 16:40:00,1.222
2024-01-12 16:50:00,1.0905
2024-01-12 17:00:00,1.2446
2024-01-12 17:10:00,1.5511
2024-01-12 17:20:00,1.5
2024-01-12 17:30:00,1.6022
2024-01-12 17:40:00,1.4566
2024-01-12 17:50:00,1.6687
2024-01-12 18:00:00,1.4712
2024-01-12 18:10:00,1.4043
2024-01-12 18:20:00,1.6437
2024-01-12 18:30:00,1.6644
2024-01-12 18:40:00,1.4295
2024-01-12 18:50:00,1.3217
2024-01-12 19:00:00,1.4602
2024-01-12 19:10:00,1.1779
2024-01-12 19:20:00,1.0982
2024-01-12 19:30:00,1.1843
2024-01-12 19:40:00,0.895
2024-01-12 19:50:00,0.7879
2024-01-12 20:00:00,0.8666
2024-01-12 20:10:00,0.655
2024-01-12 20:20:00,0.6622
2024-01-12 20:30:00,0.5042
2024-01-12 20:40:00,0.6221
2024-01-12 20:50:00,0.5849
2024-01-12 21:00:00,0.6555
2024-01-12 21:10:00,0.6299
2024-01-12 21:20:00,0.5887
2024-01-12 21:30:00,0.5653
2024-01-12 21:40:00,0.5133
2024-01-12 21:50:00,0.5779
2024-01-12 22:00:00,0.4033
2024-01-12 22:10:00,0.278
2024-01-12 22:20:00,0.6281
2024-01-12 22:30:00,0.5786
2024-01-12 22:40:00,0.4981
2024-01-12 22:50:00,0.618
2024-01-12 23:00:00,0.4373
2024-01-12 23:10:00,0.4398
2024-01-12 23:20:00,0.4259
2024-01-12 23:30:00,0.567
2024-01-12 23:40:00,0.352
2024-01-12 23:50:00,0.4336
2024-01-13 00:00:00,0.5303
2024-01-13 00:10:00,0.3662
2024-01-13 00:20:00,0.4036
2024-01-13 00:30:00,0.2289
2024-01-13 00:40:00,0.4887
2024-01-13 00:50:00,0.335
2024-01-13 01:00:00,0.2674
2024-01-13 01:10:00,0.2196
2024-01-13 01:20:00,0.2778
2024-01-13 01:30:00,0.1314
2024-01-13 01:40:00,0.4535
2024-01-13 01:50:00,0.05
2024-01-13 02:00:00,0.157
2024-01-13 02:10:00,0.1874
2024-01-13 02:20:00,0.0911
2024-01-13 02:30:00,0.1899
2024-01-13 02:40:00,0.0887
2024-01-13 02:50:00,0.3217
2024-01-13 03:00:00,0.0568
2024-01-13 03:10:00,0.05
2024-01-13 03:20:00,0.05
2024-01-13 03:30:00,0.2073
2024-01-13 03:40:00,0.1569
2024-01-13 03:50:00,0.252
2024-01-13 04:00:00,0.2522
2024-01-13 04:10:00,0.1662
2024-01-13 04:20:00,0.2103
2024-01-13 04:30:00,0.2509
2024-01-13 04:40:00,0.508
2024-01-13 04:50:00,0.4182
2024-01-13 05:00:00,0.5665
2024-01-13 05:10:00,0.4879
2024-01-13 05:20:00,0.4218
2024-01-13 05:30:00,0.3483
2024-01-13 05:40:00,0.4901
2024-01-13 05:50:00,0.4811
2024-01-13 06:00:00,0.4928
2024-01-13 06:10:00,0.4941
2024-01-13 06:20:00,0.3209
2024-01-13 06:30:00,0.6617
2024-01-13 06:40:00,0.5389
2024-01-13 06:50:00,0.4102
2024-01-13 07:00:00,0.6071
2024-01-13 07:10:00,0.4809
2024-01-13 07:20:00,0.6311
2024-01-13 07:30:00,0.6729
2024-01-13 07:40:00,0.6987
2024-01-13 07:50:00,0.5958
2024-01-13 08:00:00,0.5898
2024-01-13 08:10:00,0.5929
2024-01-13 08:20:00,0.6138
2024-01-13 08:30:00,0.7225
2024-01-13 08:40:00,0.7503
2024-01-13 08:50:00,0.7459
2024-01-13 09:00:00,0.7825
2024-01-13 09:10:00,0.9668
2024-01-13 09:20:00,1.0281
2024-01-13 09:30:00,1.0649
2024-01-13 09:40:00,1.383
2024-01-13 09:50:00,1.6109
2024-01-13 10:00:00,1.6754
2024-01-13 10:10:00,1.6623
2024-01-13 10:20:00,1.8915
2024-01-13 10:30:00,2.2166
2024-01-13 10:40:00,2.1112
2024-01-13 10:50:00,2.4685
2024-01-13 11:00:00,2.3982
2024-01-13 11:10:00,2.8506
2024-01-13 11:20:00,2.7602
2024-01-13 11:30:00,3.1251
2024-01-13 11:40:00,3.1484
2024-01-13 11:50:00,3.01
2024-01-13 12:00:00,2.964
2024-01-13 12:10:00,3.0402
2024-01-13 12:20:00,2.9576
2024-01-13 12:30:00,2.8621
2024-01-13 12:40:00,2.6375
2024-01-13 12:50:00,2.6308
2024-01-13 13:00:00,2.4322
2024-01-13 13:10:00,2.4458
2024-01-13 13:20:00,2.3283
2024-01-13 13:30:00,2.1377
2024-01-13 13:40:00,1.9326
2024-01-13 13:50:00,1.6519
2024-01-13 14:00:00,1.6044
2024-01-13 14:10:00,1.5204
2024-01-13 14:20:00,1.2527
2024-01-13 14:30:00,1.2082
2024-01-13 14:40:00,1.0827
2024-01-13 14:50:00,1.1813
2024-01-13 15:00:00,1.0355
2024-01-13 15:10:00,0.9643
2024-01-13 15:20:00,0.7028
2024-01-13 15:30:00,0.8807
2024-01-13 15:40:00,0.8548
2024-01-13 15:50:00,0.8782
2024-01-13 16:00:00,0.7793
2024-01-13 16:10:00,0.8837
2024-01-13 16:20:00,1.0564
2024-01-13 16:30:00,1.2571
2024-01-13 16:40:00,1.1778
2024-01-13 16:50:00,1.293
2024-01-13 17:00:00,1.608
2024-01-13 17:10:00,1.4933
2024-01-13 17:20:00,1.5945
2024-01-13 17:30:00,1.6671
2024-01-13 17:40:00,1.598
2024-01-13 17:50:00,1.8234
2024-01-13 18:00:00,1.7121
2024-01-13 18:10:00,1.7624
2024-01-13 18:20:00,1.7754
2024-01-13 18:30:00,1.8701
2024-01-13 18:40:00,1.4713
2024-01-13 18:50:00,1.603
2024-01-13 19:00:00,1.5073
2024-01-13 19:10:00,1.2554
2024-01-13 19:20:00,1.2772
2024-01-13 19:30:00,1.2825
2024-01-13 19:40:00,0.9486
2024-01-13 19:50:00,0.9644
2024-01-13 20:00:00,0.9055
2024-01-13 20:10:00,0.8536
2024-01-13 20:20:00,0.8225
2024-01-13 20:30:00,0.7175
2024-01-13 20:40:00,0.7164
2024-01-13 20:50:00,0.5458
2024-01-13 21:00:00,0.632
2024-01-13 21:10:00,0.5519
2024-01-13 21:20:00,0.4649
2024-01-13 21:30:00,0.5286
2024-01-13 21:40:00,0.6006
2024-01-13 21:50:00,0.6132
2024-01-13 22:00:00,0.4401
2024-01-13 22:10:00,0.4714
2024-01-13 22:20:00,0.6365
2024-01-13 22:30:00,0.6141
2024-01-13 22:40:00,0.6515
2024-01-13 22:50:00,0.6994
2024-01-13 23:00:00,0.6162
2024-01-13 23:10:00,0.5208
2024-01-13 23:20:00,0.5738
2024-01-13 23:30:00,0.7282
2024-01-13 23:40:00,0.8387
2024-01-13 23:50:00,0.6085
2024-01-14 00:00:00,0.5557
2024-01-14 00:10:00,0.56
2024-01-14 00:20:00,0.4727
2024-01-14 00:30:00,0.5672
2024-01-14 00:40:00,0.5296
2024-01-14 00:50:00,0.4398
2024-01-14 01:00:00,0.3461
2024-01-14 01:10:00,0.1976
2024-01-14 01:20:00,0.3934
2024-01-14 01:30:00,0.3112
2024-01-14 01:40:00,0.1859
2024-01-14 01:50:00,0.1172
2024-01-14 02:00:00,0.2685
2024-01-14 02:10:00,0.05
2024-01-14 02:20:00,0.1989
2024-01-14 02:30:00,0.2533
2024-01-14 02:40:00,0.2239
2024-01-14 02:50:00,0.1299
2024-01-14 03:00:00,0.05
2024-01-14 03:10:00,0.2276
2024-01-14 03:20:00,0.289
2024-01-14 03:30:00,0.1117
2024-01-14 03:40:00,0.2196
2024-01-14 03:50:00,0.3352
2024-01-14 04:00:00,0.2363
2024-01-14 04:10:00,0.1905
2024-01-14 04:20:00,0.3637
2024-01-14 04:30:00,0.2161
2024-01-14 04:40:00,0.1903
2024-01-14 04:50:00,0.4309
2024-01-14 05:00:00,0.3374
2024-01-14 05:10:00,0.3728
2024-01-14 05:20:00,0.3662
2024-01-14 05:30:00,0.4037
2024-01-14 05:40:00,0.611
2024-01-14 05:50:00,0.6542
2024-01-14 06:00:00,0.6825
2024-01-14 06:10:00,0.6249
2024-01-14 06:20:00,0.5736
2024-01-14 06:30:00,0.3933
2024-01-14 06:40:00,0.5261
2024-01-14 06:50:00,0.7682
2024-01-14 07:00:00,0.5163
2024-01-14 07:10:00,0.7188
2024-01-14 07:20:00,0.5813
2024-01-14 07:30:00,0.3178
2024-01-14 07:40:00,0.6618
2024-01-14 07:50:00,0.7396
2024-01-14 08:00:00,0.6273
2024-01-14 08:10:00,0.7798
2024-01-14 08:20:00,0.5204
2024-01-14 08:30:00,0.5869
2024-01-14 08:40:00,0.793
2024-01-14 08:50:00,0.8775
2024-01-14 09:00:00,1.034
2024-01-14 09:10:00,1.0431
2024-01-14 09:20:00,0.9539
2024-01-14 09:30:00,1.2022
2024-01-14 09:40:00,1.3621
2024-01-14 09:50:00,1.2487
2024-01-14 10:00:00,1.5774
2024-01-14 10:10:00,1.7036
2024-01-14 10:20:00,1.8342
2024-01-14 10:30:00,2.1158
2024-01-14 10:40:00,2.1173
2024-01-14 10:50:00,2.4359
2024-01-14 11:00:00,2.6031
2024-01-14 11:10:00,2.7949
2024-01-14 11:20:00,2.6955
2024-01-14 11:30:00,2.7565
2024-01-14 11:40:00,3.0083
2024-01-14 11:50:00,2.997
2024-01-14 12:00:00,3.3312
2024-01-14 12:10:00,3.0715
2024-01-14 12:20:00,2.9863
2024-01-14 12:30:00,2.8897
2024-01-14 12:40:00,2.6861
2024-01-14 12:50:00,2.7431
2024-01-14 13:00:00,2.5395
2024-01-14 13:10:00,2.3867
2024-01-14 13:20:00,2.2423
2024-01-14 13:30:00,2.0892
2024-01-14 13:40:00,1.7275
2024-01-14 13:50:00,1.8238
2024-01-14 14:00:00,1.5018
2024-01-14 14:10:00,1.4297
2024-01-14 14:20:00,1.4421
2024-01-14 14:30:00,1.3762
2024-01-14 14:40:00,0.929
2024-01-14 14:50:00,1.0198
2024-01-14 15:00:00,0.9792
2024-01-14 15:10:00,0.7541
2024-01-14 15:20:00,0.9561
2024-01-14 15:30:00,0.8765
2024-01-14 15:40:00,0.8911
2024-01-14 15:50:00,0.8043
2024-01-14 16:00:00,0.9785
2024-01-14 16:10:00,1.0779
2024-01-14 16:20:00,1.0777
2024-01-14 16:30:00,1.0961
2024-01-14 16:40:00,1.1952
2024-01-14 16:50:00,1.3572
2024-01-14 17:00:00,1.4371
2024-01-14 17:10:00,1.6159
2024-01-14 17:20:00,1.562
2024-01-14 17:30:00,1.5595
2024-01-14 17:40:00,1.7714
2024-01-14 17:50:00,1.7213
2024-01-14 18:00:00,1.8587
2024-01-14 18:10:00,1.7691
2024-01-14 18:20:00,1.7993
2024-01-14 18:30:00,1.5771
2024-01-14 18:40:00,1.62
2024-01-14 18:50:00,1.449
2024-01-14 19:00:00,1.3007
2024-01-14 19:10:00,1.2353
2024-01-14 19:20:00,1.1648
2024-01-14 19:30:00,1.2445
2024-01-14 19:40:00,0.9697
2024-01-14 19:50:00,0.8146
2024-01-14 20:00:00,0.8796
2024-01-14 20:10:00,0.8044
2024-01-14 20:20:00,0.6976
2024-01-14 20:30:00,0.6859
2024-01-14 20:40:00,0.7637
2024-01-14 20:50:00,0.7051
2024-01-14 21:00:00,0.675
2024-01-14 21:10:00,0.4822
2024-01-14 21:20:00,0.8775
2024-01-14 21:30:00,0.6855
2024-01-14 21:40:00,0.6263
2024-01-14 21:50:00,0.4541
2024-01-14 22:00:00,0.6626
2024-01-14 22:10:00,0.5159
2024-01-14 22:20:00,0.5455
2024-01-14 22:30:00,0.3961
2024-01-14 22:40:00,0.4396
2024-01-14 22:50:00,0.6073
2024-01-14 23:00:00,0.664
2024-01-14 23:10:00,0.6317
2024-01-14 23:20:00,0.6283
2024-01-14 23:30:00,0.5567
2024-01-14 23:40:00,0.5225
2024-01-14 23:50:00,0.592
2024-01-15 00:00:00,0.5394
2024-01-15 00:10:00,0.4443
2024-01-15 00:20:00,0.5493
2024-01-15 00:30:00,0.389
2024-01-15 00:40:00,0.2924
2024-01-15 00:50:00,0.3672
2024-01-15 01:00:00,0.3547
2024-01-15 01:10:00,0.3102
2024-01-15 01:20:00,0.4196
2024-01-15 01:30:00,0.3445
2024-01-15 01:40:00,0.0933
2024-01-15 01:50:00,0.3631
2024-01-15 02:00:00,0.05
2024-01-15 02:10:00,0.3763
2024-01-15 02:20:00,0.1251
2024-01-15 02:30:00,0.1349
2024-01-15 02:40:00,0.1478
2024-01-15 02:50:00,0.1924
2024-01-15 03:00:00,0.1538
2024-01-15 03:10:00,0.1405
2024-01-15 03:20:00,0.2847
2024-01-15 03:30:00,0.2104
2024-01-15 03:40:00,0.0579
2024-01-15 03:50:00,0.2353
2024-01-15 04:00:00,0.2367
2024-01-15 04:10:00,0.1551
2024-01-15 04:20:00,0.3157
2024-01-15 04:30:00,0.2482
2024-01-15 04:40:00,0.2693
2024-01-15 04:50:00,0.2935
2024-01-15 05:00:00,0.1014
2024-01-15 05:10:00,0.3156
2024-01-15 05:20:00,0.4619
2024-01-15 05:30:00,0.4084
2024-01-15 05:40:00,0.3001
2024-01-15 05:50:00,0.5408
2024-01-15 06:00:00,0.4281
2024-01-15 06:10:00,0.3476
2024-01-15 06:20:00,0.7004
2024-01-15 06:30:00,0.3832
2024-01-15 06:40:00,0.5841
2024-01-15 06:50:00,0.4262
2024-01-15 07:00:00,0.5234
2024-01-15 07:10:00,0.4264
2024-01-15 07:20:00,0.4004
2024-01-15 07:30:00,0.5855
2024-01-15 07:40:00,0.5848
2024-01-15 07:50:00,0.6726
2024-01-15 08:00:00,0.5722
2024-01-15 08:10:00,0.8199
2024-01-15 08:20:00,0.6526
2024-01-15 08:30:00,0.7172
2024-01-15 08:40:00,0.5676
2024-01-15 08:50:00,0.6941
2024-01-15 09:00:00,0.8699
2024-01-15 09:10:00,0.8832
2024-01-15 09:20:00,0.9961
2024-01-15 09:30:00,0.9937
2024-01-15 09:40:00,1.1978
2024-01-15 09:50:00,1.3195
2024-01-15 10:00:00,1.3223
2024-01-15 10:10:00,1.6461
2024-01-15 10:20:00,1.5598
2024-01-15 10:30:00,1.8996
2024-01-15 10:40:00,2.2092
2024-01-15 10:50:00,2.2481
2024-01-15 11:00:00,2.3868
2024-01-15 11:10:00,2.3566
2024-01-15 11:20:00,2.7337
2024-01-15 11:30:00,2.7847
2024-01-15 11:40:00,2.6296
2024-01-15 11:50:00,2.7076
2024-01-15 12:00:00,2.8944
2024-01-15 12:10:00,2.9347
2024-01-15 12:20:00,2.5875
2024-01-15 12:30:00,2.5467
2024-01-15 12:40:00,2.5424
2024-01-15 12:50:00,2.2293
2024-01-15 13:00:00,2.3215
2024-01-15 13:10:00,2.299
2024-01-15 13:20:00,1.8893
2024-01-15 13:30:00,1.8949
2024-01-15 13:40:00,1.6732
2024-01-15 13:50:00,1.7485
2024-01-15 14:00:00,1.3876
2024-01-15 14:10:00,1.4663
2024-01-15 14:20:00,1.1363
2024-01-15 14:30:00,1.1682
2024-01-15 14:40:00,1.0259
2024-01-15 14:50:00,0.912
2024-01-15 15:00:00,0.7877
2024-01-15 15:10:00,0.8563
2024-01-15 15:20:00,0.7535
2024-01-15 15:30:00,0.7185
2024-01-15 15:40:00,0.941
2024-01-15 15:50:00,0.8707
2024-01-15 16:00:00,0.9178
2024-01-15 16:10:00,0.866
2024-01-15 16:20:00,0.9511
2024-01-15 16:30:00,1.0201
2024-01-15 16:40:00,1.1618
2024-01-15 16:50:00,1.2799
2024-01-15 17:00:00,1.3011
2024-01-15 17:10:00,1.3098
2024-01-15 17:20:00,1.5421
2024-01-15 17:30:00,1.5343
2024-01-15 17:40:00,1.4361
2024-01-15 17:50:00,1.3974
2024-01-15 18:00:00,1.6509
2024-01-15 18:10:00,1.5272
2024-01-15 18:20:00,1.6218
2024-01-15 18:30:00,1.4509
2024-01-15 18:40:00,1.4754
2024-01-15 18:50:00,1.3453
2024-01-15 19:00:00,1.4707
2024-01-15 19:10:00,1.2983
2024-01-15 19:20:00,1.2449
2024-01-15 19:30:00,1.0223
2024-01-15 19:40:00,1.0172
2024-01-15 19:50:00,0.8667
2024-01-15 20:00:00,0.9359
2024-01-15 20:10:00,0.7225
2024-01-15 20:20:00,0.5403
2024-01-15 20:30:00,0.4393
2024-01-15 20:40:00,0.7734
2024-01-15 20:50:00,0.6288
2024-01-15 21:00:00,0.6159
2024-01-15 21:10:00,0.6958
2024-01-15 21:20:00,0.371
2024-01-15 21:30:00,0.4927
2024-01-15 21:40:00,0.4996
2024-01-15 21:50:00,0.5937
2024-01-15 22:00:00,0.4478
2024-01-15 22:10:00,0.3953
2024-01-15 22:20:00,0.3934
2024-01-15 22:30:00,0.6287
2024-01-15 22:40:00,0.4391
2024-01-15 22:50:00,0.4579
2024-01-15 23:00:00,0.5764
2024-01-15 23:10:00,0.443
2024-01-15 23:20:00,0.3423
2024-01-15 23:30:00,0.3546
2024-01-15 23:40:00,0.5071
2024-01-15 23:50:00,0.5625
2024-01-16 00:00:00,0.4378
2024-01-16 00:10:00,0.4876
2024-01-16 00:20:00,0.2677
2024-01-16 00:30:00,0.2566
2024-01-16 00:40:00,0.6165
2024-01-16 00:50:00,0.4921
2024-01-16 01:00:00,0.4216
2024-01-16 01:10:00,0.2529
2024-01-16 01:20:00,0.2682
2024-01-16 01:30:00,0.2642
2024-01-16 01:40:00,0.3682
2024-01-16 01:50:00,0.2502
2024-01-16 02:00:00,0.2372
2024-01-16 02:10:00,0.1447
2024-01-16 02:20:00,0.2333
2024-01-16 02:30:00,0.1843
2024-01-16 02:40:00,0.1585
2024-01-16 02:50:00,0.0798
2024-01-16 03:00:00,0.1427
2024-01-16 03:10:00,0.05
2024-01-16 03:20:00,0.1501
2024-01-16 03:30:00,0.163
2024-01-16 03:40:00,0.05
2024-01-16 03:50:00,0.1384
2024-01-16 04:00:00,0.067
2024-01-16 04:10:00,0.2598
2024-01-16 04:20:00,0.3005
2024-01-16 04:30:00,0.2218
2024-01-16 04:40:00,0.3469
2024-01-16 04:50:00,0.378
2024-01-16 05:00:00,0.3218
2024-01-16 05:10:00,0.5223
2024-01-16 05:20:00,0.3187
2024-01-16 05:30:00,0.5585
2024-01-16 05:40:00,0.4068
2024-01-16 05:50:00,0.3607
2024-01-16 06:00:00,0.4236
2024-01-16 06:10:00,0.3606
2024-01-16 06:20:00,0.5591
2024-01-16 06:30:00,0.329
2024-01-16 06:40:00,0.6359
2024-01-16 06:50:00,0.4103
2024-01-16 07:00:00,0.5943
2024-01-16 07:10:00,0.5199
2024-01-16 07:20:00,0.5522
2024-01-16 07:30:00,0.4751
2024-01-16 07:40:00,0.5804
2024-01-16 07:50:00,0.5725
2024-01-16 08:00:00,0.4308
2024-01-16 08:10:00,0.5025
2024-01-16 08:20:00,0.5727
2024-01-16 08:30:00,0.5861
2024-01-16 08:40:00,0.8299
2024-01-16 08:50:00,0.7575
2024-01-16 09:00:00,0.7414
2024-01-16 09:10:00,0.844
2024-01-16 09:20:00,0.9285
2024-01-16 09:30:00,1.0483
2024-01-16 09:40:00,1.08
2024-01-16 09:50:00,1.2284
2024-01-16 10:00:00,1.5193
2024-01-16 10:10:00,1.6029
2024-01-16 10:20:00,1.7173
2024-01-16 10:30:00,1.8845
2024-01-16 10:40:00,2.0313
2024-01-16 10:50:00,2.1627
2024-01-16 11:00:00,2.3748
2024-01-16 11:10:00,2.4946
2024-01-16 11:20:00,2.4037
2024-01-16 11:30:00,2.6382
2024-01-16 11:40:00,2.5677
2024-01-16 11:50:00,2.8231
2024-01-16 12:00:00,2.8502
2024-01-16 12:10:00,2.6985
2024-01-16 12:20:00,2.7067
2024-01-16 12:30:00,2.4402
2024-01-16 12:40:00,2.6582
2024-01-16 12:50:00,2.5213
2024-01-16 13:00:00,2.4383
2024-01-16 13:10:00,2.3326
2024-01-16 13:20:00,1.9141
2024-01-16 13:30:00,1.974
2024-01-16 13:40:00,1.8821
2024-01-16 13:50:00,1.4376
2024-01-16 14:00:00,1.4298
2024-01-16 14:10:00,1.2802
2024-01-16 14:20:00,1.2835
2024-01-16 14:30:00,0.8535
2024-01-16 14:40:00,1.184
2024-01-16 14:50:00,0.916
2024-01-16 15:00:00,0.9598
2024-01-16 15:10:00,0.8193
2024-01-16 15:20:00,0.848
2024-01-16 15:30:00,0.5566
2024-01-16 15:40:00,0.7565
2024-01-16 15:50:00,0.902
2024-01-16 16:00:00,0.8836
2024-01-16 16:10:00,0.7429
2024-01-16 16:20:00,0.9774
2024-01-16 16:30:00,0.9647
2024-01-16 16:40:00,1.0393
2024-01-16 16:50:00,1.0657
2024-01-16 17:00:00,1.3681
2024-01-16 17:10:00,1.5026
2024-01-16 17:20:00,1.6804
2024-01-16 17:30:00,1.386
2024-01-16 17:40:00,1.6595
2024-01-16 17:50:00,1.6968
2024-01-16 18:00:00,1.5657
2024-01-16 18:10:00,1.521
2024-01-16 18:20:00,1.4727
2024-01-16 18:30:00,1.4782
2024-01-16 18:40:00,1.4847
2024-01-16 18:50:00,1.5214
2024-01-16 19:00:00,1.4081
2024-01-16 19:10:00,1.0436
2024-01-16 19:20:00,1.0331
2024-01-16 19:30:00,1.1515
2024-01-16 19:40:00,0.8634
2024-01-16 19:50:00,0.8532
2024-01-16 20:00:00,0.6197
2024-01-16 20:10:00,0.8463
2024-01-16 20:20:00,0.4898
2024-01-16 20:30:00,0.476
2024-01-16 20:40:00,0.7126
2024-01-16 20:50:00,0.7739
2024-01-16 21:00:00,0.5333
2024-01-16 21:10:00,0.543
2024-01-16 21:20:00,0.6278
2024-01-16 21:30:00,0.5583
2024-01-16 21:40:00,0.4867
2024-01-16 21:50:00,0.4718
2024-01-16 22:00:00,0.3612
2024-01-16 22:10:00,0.5396
2024-01-16 22:20:00,0.506
2024-01-16 22:30:00,0.4708
2024-01-16 22:40:00,0.414
2024-01-16 22:50:00,0.4239
2024-01-16 23:00:00,0.5756
2024-01-16 23:10:00,0.6019
2024-01-16 23:20:00,0.4809
2024-01-16 23:30:00,0.4704
2024-01-16 23:40:00,0.4282
2024-01-16 23:50:00,0.6073
2024-01-17 00:00:00,0.4618
2024-01-17 00:10:00,0.4821
2024-01-17 00:20:00,0.4655
2024-01-17 00:30:00,0.381
2024-01-17 00:40:00,0.2752
2024-01-17 00:50:00,0.2698
2024-01-17 01:00:00,0.458
2024-01-17 01:10:00,0.2469
2024-01-17 01:20:00,0.2514
2024-01-17 01:30:00,0.1514
2024-01-17 01:40:00,0.1156
2024-01-17 01:50:00,0.1334
2024-01-17 02:00:00,0.3537
2024-01-17 02:10:00,0.2275
2024-01-17 02:20:00,0.1016
2024-01-17 02:30:00,0.2626
2024-01-17 02:40:00,0.1391
2024-01-17 02:50:00,0.2898
2024-01-17 03:00:00,0.3755
2024-01-17 03:10:00,0.2571
2024-01-17 03:20:00,0.1638
2024-01-17 03:30:00,0.2243
2024-01-17 03:40:00,0.1558
2024-01-17 03:50:00,0.05
2024-01-17 04:00:00,0.1194
2024-01-17 04:10:00,0.1151
2024-01-17 04:20:00,0.1695
2024-01-17 04:30:00,0.4442
2024-01-17 04:40:00,0.4047
2024-01-17 04:50:00,0.3635
2024-01-17 05:00:00,0.4265
2024-01-17 05:10:00,0.1803
2024-01-17 05:20:00,0.4646
2024-01-17 05:30:00,0.506
2024-01-17 05:40:00,0.206
2024-01-17 05:50:00,0.5223
2024-01-17 06:00:00,0.3171
2024-01-17 06:10:00,0.2743
2024-01-17 06:20:00,0.614
2024-01-17 06:30:00,0.3894
2024-01-17 06:40:00,0.4262
2024-01-17 06:50:00,0.6037
2024-01-17 07:00:00,0.4809
2024-01-17 07:10:00,0.5003
2024-01-17 07:20:00,0.5058
2024-01-17 07:30:00,0.5698
2024-01-17 07:40:00,0.5234
2024-01-17 07:50:00,0.5713
2024-01-17 08:00:00,0.5271
2024-01-17 08:10:00,0.6349
2024-01-17 08:20:00,0.6592
2024-01-17 08:30:00,0.8525
2024-01-17 08:40:00,0.6676
2024-01-17 08:50:00,0.7396
2024-01-17 09:00:00,0.8445
2024-01-17 09:10:00,0.991
2024-01-17 09:20:00,0.8713
2024-01-17 09:30:00,1.0891
2024-01-17 09:40:00,0.9387
2024-01-17 09:50:00,1.2847
2024-01-17 10:00:00,1.5522
2024-01-17 10:10:00,1.5143
2024-01-17 10:20:00,1.753
2024-01-17 10:30:00,1.8344
2024-01-17 10:40:00,1.9532
2024-01-17 10:50:00,2.2843
2024-01-17 11:00:00,2.2223
2024-01-17 11:10:00,2.4835
2024-01-17 11:20:00,2.5959
2024-01-17 11:30:00,2.5704
2024-01-17 11:40:00,2.7383
2024-01-17 11:50:00,2.6705
2024-01-17 12:00:00,2.8301
2024-01-17 12:10:00,2.6325
2024-01-17 12:20:00,2.6887
2024-01-17 12:30:00,2.6303
2024-01-17 12:40:00,2.6764
2024-01-17 12:50:00,2.4683
2024-01-17 13:00:00,2.4226
2024-01-17 13:10:00,2.2429
2024-01-17 13:20:00,2.0946
2024-01-17 13:30:00,1.8551
2024-01-17 13:40:00,1.8391
2024-01-17 13:50:00,1.554
2024-01-17 14:00:00,1.2763
2024-01-17 14:10:00,1.2972
2024-01-17 14:20:00,1.2452
2024-01-17 14:30:00,0.934
2024-01-17 14:40:00,0.9155
2024-01-17 14:50:00,0.8057
2024-01-17 15:00:00,0.9482
2024-01-17 15:10:00,0.9939
2024-01-17 15:20:00,0.7791
2024-01-17 15:30:00,0.8432
2024-01-17 15:40:00,0.8469
2024-01-17 15:50:00,0.9739
2024-01-17 16:00:00,0.7909
2024-01-17 16:10:00,0.8861
2024-01-17 16:20:00,0.9388
2024-01-17 16:30:00,1.0558
2024-01-17 16:40:00,1.3821
2024-01-17 16:50:00,1.2228
2024-01-17 17:00:00,1.2229
2024-01-17 17:10:00,1.2781
2024-01-17 17:20:00,1.596
2024-01-17 17:30:00,1.45
2024-01-17 17:40:00,1.6517
2024-01-17 17:50:00,1.5481
2024-01-17 18:00:00,1.4997
2024-01-17 18:10:00,1.6759
2024-01-17 18:20:00,1.5208
2024-01-17 18:30:00,1.5759
2024-01-17 18:40:00,1.5167
2024-01-17 18:50:00,1.4422
2024-01-17 19:00:00,1.2728
2024-01-17 19:10:00,1.2757
2024-01-17 19:20:00,1.0216
2024-01-17 19:30:00,0.7777
2024-01-17 19:40:00,1.0087
2024-01-17 19:50:00,0.8769
2024-01-17 20:00:00,0.7305
2024-01-17 20:10:00,0.585
2024-01-17 20:20:00,0.4786
2024-01-17 20:30:00,0.6465
2024-01-17 20:40:00,0.7734
2024-01-17 20:50:00,0.569
2024-01-17 21:00:00,0.5271
2024-01-17 21:10:00,0.5462
2024-01-17 21:20:00,0.7558
2024-01-17 21:30:00,0.6054
2024-01-17 21:40:00,0.4315
2024-01-17 21:50:00,0.524
2024-01-17 22:00:00,0.552
2024-01-17 22:10:00,0.4115
2024-01-17 22:20:00,0.592
2024-01-17 22:30:00,0.4336
2024-01-17 22:40:00,0.3639
2024-01-17 22:50:00,0.5224
2024-01-17 23:00:00,0.5064
2024-01-17 23:10:00,0.5144
2024-01-17 23:20:00,0.438
2024-01-17 23:30:00,0.4519
2024-01-17 23:40:00,0.6273
2024-01-17 23:50:00,0.5585
2024-01-18 00:00:00,0.3638
2024-01-18 00:10:00,0.2509
2024-01-18 00:20:00,0.3389
2024-01-18 00:30:00,0.4282
2024-01-18 00:40:00,0.3291
2024-01-18 00:50:00,0.2991
2024-01-18 01:00:00,0.2869
2024-01-18 01:10:00,0.3127
2024-01-18 01:20:00,0.3714
2024-01-18 01:30:00,0.2652
2024-01-18 01:40:00,0.2438
2024-01-18 01:50:00,0.1882
2024-01-18 02:00:00,0.1352
2024-01-18 02:10:00,0.2514
2024-01-18 02:20:00,0.2288
2024-01-18 02:30:00,0.3591
2024-01-18 02:40:00,0.2156
2024-01-18 02:50:00,0.1047
2024-01-18 03:00:00,0.0641
2024-01-18 03:10:00,0.2499
2024-01-18 03:20:00,0.0731
2024-01-18 03:30:00,0.2355
2024-01-18 03:40:00,0.0786
2024-01-18 03:50:00,0.1969
2024-01-18 04:00:00,0.0792
2024-01-18 04:10:00,0.2886
2024-01-18 04:20:00,0.1142
2024-01-18 04:30:00,0.2925
2024-01-18 04:40:00,0.2731
2024-01-18 04:50:00,0.3301
2024-01-18 05:00:00,0.3062
2024-01-18 05:10:00,0.3282
2024-01-18 05:20:00,0.4079
2024-01-18 05:30:00,0.3124
2024-01-18 05:40:00,0.3299
2024-01-18 05:50:00,0.4106
2024-01-18 06:00:00,0.4205
2024-01-18 06:10:00,0.3715
2024-01-18 06:20:00,0.5746
2024-01-18 06:30:00,0.4574
2024-01-18 06:40:00,0.4759
2024-01-18 06:50:00,0.3728
2024-01-18 07:00:00,0.7194
2024-01-18 07:10:00,0.7619
2024-01-18 07:20:00,0.4488
2024-01-18 07:30:00,0.6585
2024-01-18 07:40:00,0.5377
2024-01-18 07:50:00,0.7212
2024-01-18 08:00:00,0.612
2024-01-18 08:10:00,0.6107
2024-01-18 08:20:00,0.3789
2024-01-18 08:30:00,0.5759
2024-01-18 08:40:00,0.7089
2024-01-18 08:50:00,0.7791
2024-01-18 09:00:00,0.7004
2024-01-18 09:10:00,0.8231
2024-01-18 09:20:00,1.0374
2024-01-18 09:30:00,0.9422
2024-01-18 09:40:00,1.2047
2024-01-18 09:50:00,1.4378
2024-01-18 10:00:00,1.4858
2024-01-18 10:10:00,1.623
2024-01-18 10:20:00,1.5361
2024-01-18 10:30:00,1.8081
2024-01-18 10:40:00,2.2479
2024-01-18 10:50:00,2.1307
2024-01-18 11:00:00,2.457
2024-01-18 11:10:00,2.397
2024-01-18 11:20:00,2.5413
2024-01-18 11:30:00,2.7114
2024-01-18 11:40:00,2.7371
2024-01-18 11:50:00,2.8065
2024-01-18 12:00:00,2.7005
2024-01-18 12:10:00,2.6548
2024-01-18 12:20:00,2.6385
2024-01-18 12:30:00,2.6066
2024-01-18 12:40:00,2.5463
2024-01-18 12:50:00,2.562
2024-01-18 13:00:00,2.3395
2024-01-18 13:10:00,2.2394
2024-01-18 13:20:00,2.0572
2024-01-18 13:30:00,1.7797
2024-01-18 13:40:00,1.7415
2024-01-18 13:50:00,1.6052
2024-01-18 14:00:00,1.5276
2024-01-18 14:10:00,1.2139
2024-01-18 14:20:00,0.9978
2024-01-18 14:30:00,1.114
2024-01-18 14:40:00,1.041
2024-01-18 14:50:00,0.9123
2024-01-18 15:00:00,0.8738
2024-01-18 15:10:00,0.9158
2024-01-18 15:20:00,0.7555
2024-01-18 15:30:00,0.7634
2024-01-18 15:40:00,0.8055
2024-01-18 15:50:00,0.6979
2024-01-18 16:00:00,0.8423
2024-01-18 16:10:00,0.9032
2024-01-18 16:20:00,1.1381
2024-01-18 16:30:00,1.0202
2024-01-18 16:40:00,1.1535
2024-01-18 16:50:00,1.3135
2024-01-18 17:00:00,1.2267
2024-01-18 17:10:00,1.5333
2024-01-18 17:20:00,1.6495
2024-01-18 17:30:00,1.5355
2024-01-18 17:40:00,1.5339
2024-01-18 17:50:00,1.7814
2024-01-18 18:00:00,1.7085
2024-01-18 18:10:00,1.6262
2024-01-18 18:20:00,1.729
2024-01-18 18:30:00,1.6679
2024-01-18 18:40:00,1.4355
2024-01-18 18:50:00,1.4147
2024-01-18 19:00:00,1.3594
2024-01-18 19:10:00,1.2119
2024-01-18 19:20:00,0.9765
2024-01-18 19:30:00,0.931
2024-01-18 19:40:00,0.8036
2024-01-18 19:50:00,0.911
2024-01-18 20:00:00,0.6743
2024-01-18 20:10:00,0.7525
2024-01-18 20:20:00,0.8665
2024-01-18 20:30:00,0.7851
2024-01-18 20:40:00,0.4257
2024-01-18 20:50:00,0.4559
2024-01-18 21:00:00,0.4865
2024-01-18 21:10:00,0.4326
2024-01-18 21:20:00,0.3734
2024-01-18 21:30:00,0.53
2024-01-18 21:40:00,0.5962
2024-01-18 21:50:00,0.6174
2024-01-18 22:00:00,0.4721
2024-01-18 22:10:00,0.4907
2024-01-18 22:20:00,0.5525
2024-01-18 22:30:00,0.5054
2024-01-18 22:40:00,0.5969
2024-01-18 22:50:00,0.5586
2024-01-18 23:00:00,0.4778
2024-01-18 23:10:00,0.3297
2024-01-18 23:20:00,0.6652
2024-01-18 23:30:00,0.4467
2024-01-18 23:40:00,0.551
2024-01-18 23:50:00,0.3236
2024-01-19 00:00:00,0.4591
2024-01-19 00:10:00,0.4567
2024-01-19 00:20:00,0.4459
2024-01-19 00:30:00,0.7145
2024-01-19 00:40:00,0.3298
2024-01-19 00:50:00,0.4527
2024-01-19 01:00:00,0.3987
2024-01-19 01:10:00,0.2526
2024-01-19 01:20:00,0.3739
2024-01-19 01:30:00,0.2492
2024-01-19 01:40:00,0.3255
2024-01-19 01:50:00,0.4071
2024-01-19 02:00:00,0.2006
2024-01-19 02:10:00,0.1341
2024-01-19 02:20:00,0.26
2024-01-19 02:30:00,0.2945
2024-01-19 02:40:00,0.0665
2024-01-19 02:50:00,0.1095
2024-01-19 03:00:00,0.2224
2024-01-19 03:10:00,0.1416
2024-01-19 03:20:00,0.0594
2024-01-19 03:30:00,0.2089
2024-01-19 03:40:00,0.222
2024-01-19 03:50:00,0.1288
2024-01-19 04:00:00,0.1916
2024-01-19 04:10:00,0.1533
2024-01-19 04:20:00,0.1284
2024-01-19 04:30:00,0.216
2024-01-19 04:40:00,0.3008
2024-01-19 04:50:00,0.173
2024-01-19 05:00:00,0.304
2024-01-19 05:10:00,0.3795
2024-01-19 05:20:00,0.5125
2024-01-19 05:30:00,0.382
2024-01-19 05:40:00,0.3068
2024-01-19 05:50:00,0.4262
2024-01-19 06:00:00,0.4043
2024-01-19 06:10:00,0.528
2024-01-19 06:20:00,0.4491
2024-01-19 06:30:00,0.2206
2024-01-19 06:40:00,0.8685
2024-01-19 06:50:00,0.5206
2024-01-19 07:00:00,0.522
2024-01-19 07:10:00,0.3658
2024-01-19 07:20:00,0.3812
2024-01-19 07:30:00,0.5275
2024-01-19 07:40:00,0.5814
2024-01-19 07:50:00,0.6319
2024-01-19 08:00:00,0.6031
2024-01-19 08:10:00,0.4831
2024-01-19 08:20:00,0.3793
2024-01-19 08:30:00,0.6548
2024-01-19 08:40:00,0.6546
2024-01-19 08:50:00,0.6341
2024-01-19 09:00:00,0.906
2024-01-19 09:10:00,0.7398
2024-01-19 09:20:00,1.0453
2024-01-19 09:30:00,0.9412
2024-01-19 09:40:00,1.2066
2024-01-19 09:50:00,1.4095
2024-01-19 10:00:00,1.4158
2024-01-19 10:10:00,1.761
2024-01-19 10:20:00,1.9327
2024-01-19 10:30:00,1.917
2024-01-19 10:40:00,2.0998
2024-01-19 10:50:00,2.3001
2024-01-19 11:00:00,2.3887
2024-01-19 11:10:00,2.5058
2024-01-19 11:20:00,2.5208
2024-01-19 11:30:00,2.4953
2024-01-19 11:40:00,2.5924
2024-01-19 11:50:00,3.011
2024-01-19 12:00:00,2.819
2024-01-19 12:10:00,2.7482
2024-01-19 12:20:00,2.8577
2024-01-19 12:30:00,2.5891
2024-01-19 12:40:00,2.6316
2024-01-19 12:50:00,2.4699
2024-01-19 13:00:00,2.3805
2024-01-19 13:10:00,2.1608
2024-01-19 13:20:00,1.9498
2024-01-19 13:30:00,1.812
2024-01-19 13:40:00,1.6641
2024-01-19 13:50:00,1.5944
2024-01-19 14:00:00,1.2983
2024-01-19 14:10:00,1.1981
2024-01-19 14:20:00,1.2173
2024-01-19 14:30:00,1.0853
2024-01-19 14:40:00,1.0262
2024-01-19 14:50:00,0.9272
2024-01-19 15:00:00,1.1242
2024-01-19 15:10:00,0.8419
2024-01-19 15:20:00,0.7648
2024-01-19 15:30:00,0.8027
2024-01-19 15:40:00,0.9008
2024-01-19 15:50:00,0.8162
2024-01-19 16:00:00,0.9274
2024-01-19 16:10:00,0.9506
2024-01-19 16:20:00,0.9469
2024-01-19 16:30:00,1.0627
2024-01-19 16:40:00,1.2952
2024-01-19 16:50:00,1.2479
2024-01-19 17:00:00,1.2139
2024-01-19 17:10:00,1.366
2024-01-19 17:20:00,1.264
2024-01-19 17:30:00,1.5546
2024-01-19 17:40:00,1.7216
2024-01-19 17:50:00,1.4871
2024-01-19 18:00:00,1.6465
2024-01-19 18:10:00,1.7191
2024-01-19 18:20:00,1.698
2024-01-19 18:30:00,1.6662
2024-01-19 18:40:00,1.2846
2024-01-19 18:50:00,1.4425
2024-01-19 19:00:00,1.1532
2024-01-19 19:10:00,1.1111
2024-01-19 19:20:00,1.1995
2024-01-19 19:30:00,1.0422
2024-01-19 19:40:00,1.0136
2024-01-19 19:50:00,0.7701
2024-01-19 20:00:00,0.9414
2024-01-19 20:10:00,0.8033
2024-01-19 20:20:00,0.7733
2024-01-19 20:30:00,0.5353
2024-01-19 20:40:00,0.7276
2024-01-19 20:50:00,0.5531
2024-01-19 21:00:00,0.5039
2024-01-19 21:10:00,0.6129
2024-01-19 21:20:00,0.5979
2024-01-19 21:30:00,0.4472
2024-01-19 21:40:00,0.7322
2024-01-19 21:50:00,0.7043
2024-01-19 22:00:00,0.5809
2024-01-19 22:10:00,0.5618
2024-01-19 22:20:00,0.5507
2024-01-19 22:30:00,0.362
2024-01-19 22:40:00,0.5279
2024-01-19 22:50:00,0.5264
2024-01-19 23:00:00,0.4587
2024-01-19 23:10:00,0.4852
2024-01-19 23:20:00,0.278
2024-01-19 23:30:00,0.4064
2024-01-19 23:40:00,0.6083
2024-01-19 23:50:00,0.6892
2024-01-20 00:00:00,0.4127
2024-01-20 00:10:00,0.5104
2024-01-20 00:20:00,0.5847
2024-01-20 00:30:00,0.4031
2024-01-20 00:40:00,0.5005
2024-01-20 00:50:00,0.4049
2024-01-20 01:00:00,0.5006
2024-01-20 01:10:00,0.2248
2024-01-20 01:20:00,0.2128
2024-01-20 01:30:00,0.3206
2024-01-20 01:40:00,0.2718
2024-01-20 01:50:00,0.2268
2024-01-20 02:00:00,0.2619
2024-01-20 02:10:00,0.0857
2024-01-20 02:20:00,0.05
2024-01-20 02:30:00,0.1206
2024-01-20 02:40:00,0.1317
2024-01-20 02:50:00,0.1422
2024-01-20 03:00:00,0.2975
2024-01-20 03:10:00,0.2476
2024-01-20 03:20:00,0.2239
2024-01-20 03:30:00,0.1928
2024-01-20 03:40:00,0.1272
2024-01-20 03:50:00,0.0934
2024-01-20 04:00:00,0.0846
2024-01-20 04:10:00,0.163
2024-01-20 04:20:00,0.2579
2024-01-20 04:30:00,0.1772
2024-01-20 04:40:00,0.3402
2024-01-20 04:50:00,0.3336
2024-01-20 05:00:00,0.3419
2024-01-20 05:10:00,0.5245
2024-01-20 05:20:00,0.187
2024-01-20 05:30:00,0.417
2024-01-20 05:40:00,0.24
2024-01-20 05:50:00,0.5166
2024-01-20 06:00:00,0.5841
2024-01-20 06:10:00,0.3858
2024-01-20 06:20:00,0.4097
2024-01-20 06:30:00,0.3718
2024-01-20 06:40:00,0.5565
2024-01-20 06:50:00,0.5238
2024-01-20 07:00:00,0.5374
2024-01-20 07:10:00,0.5361
2024-01-20 07:20:00,0.484
2024-01-20 07:30:00,0.7045
2024-01-20 07:40:00,0.6307
2024-01-20 07:50:00,0.5004
2024-01-20 08:00:00,0.5682
2024-01-20 08:10:00,0.5757
2024-01-20 08:20:00,0.8344
2024-01-20 08:30:00,0.8036
2024-01-20 08:40:00,0.7673
2024-01-20 08:50:00,1.0085
2024-01-20 09:00:00,1.0522
2024-01-20 09:10:00,0.9656
2024-01-20 09:20:00,1.0426
2024-01-20 09:30:00,1.1561
2024-01-20 09:40:00,1.2194
2024-01-20 09:50:00,1.6233
2024-01-20 10:00:00,1.4964
2024-01-20 10:10:00,1.8408
2024-01-20 10:20:00,1.987
2024-01-20 10:30:00,2.0554
2024-01-20 10:40:00,2.4348
2024-01-20 10:50:00,2.2614
2024-01-20 11:00:00,2.5638
2024-01-20 11:10:00,2.6636
2024-01-20 11:20:00,2.931
2024-01-20 11:30:00,2.9704
2024-01-20 11:40:00,2.8365
2024-01-20 11:50:00,3.1788
2024-01-20 12:00:00,3.1188
2024-01-20 12:10:00,2.9513
2024-01-20 12:20:00,2.9743
2024-01-20 12:30:00,2.8051
2024-01-20 12:40:00,2.818
2024-01-20 12:50:00,2.7276
2024-01-20 13:00:00,2.5385
2024-01-20 13:10:00,2.3726
2024-01-20 13:20:00,2.0932
2024-01-20 13:30:00,2.1207
2024-01-20 13:40:00,1.7274
2024-01-20 13:50:00,1.76
2024-01-20 14:00:00,1.4219
2024-01-20 14:10:00,1.4625
2024-01-20 14:20:00,1.3256
2024-01-20 14:30:00,1.2502
2024-01-20 14:40:00,1.1959
2024-01-20 14:50:00,1.1313
2024-01-20 15:00:00,0.8001
2024-01-20 15:10:00,0.9078
2024-01-20 15:20:00,1.0854
2024-01-20 15:30:00,0.8851
2024-01-20 15:40:00,0.797
2024-01-20 15:50:00,0.8967
2024-01-20 16:00:00,0.9079
2024-01-20 16:10:00,0.886
2024-01-20 16:20:00,1.1621
2024-01-20 16:30:00,1.2171
2024-01-20 16:40:00,1.1173
2024-01-20 16:50:00,1.3387
2024-01-20 17:00:00,1.3894
2024-01-20 17:10:00,1.38
2024-01-20 17:20:00,1.4841
2024-01-20 17:30:00,1.571
2024-01-20 17:40:00,1.7463
2024-01-20 17:50:00,1.7404
2024-01-20 18:00:00,1.7016
2024-01-20 18:10:00,1.7462
2024-01-20 18:20:00,1.8253
2024-01-20 18:30:00,1.7304
2024-01-20 18:40:00,1.7214
2024-01-20 18:50:00,1.5108
2024-01-20 19:00:00,1.5967
2024-01-20 19:10:00,1.369
2024-01-20 19:20:00,1.1821
2024-01-20 19:30:00,1.1401
2024-01-20 19:40:00,0.9119
2024-01-20 19:50:00,0.9202
2024-01-20 20:00:00,0.9178
2024-01-20 20:10:00,0.8703
2024-01-20 20:20:00,0.713
2024-01-20 20:30:00,0.9822
2024-01-20 20:40:00,0.6553
2024-01-20 20:50:00,0.4764
2024-01-20 21:00:00,0.7438
2024-01-20 21:10:00,0.667
2024-01-20 21:20:00,0.6177
2024-01-20 21:30:00,0.5395
2024-01-20 21:40:00,0.6194
2024-01-20 21:50:00,0.7379
2024-01-20 22:00:00,0.5935
2024-01-20 22:10:00,0.4245
2024-01-20 22:20:00,0.225
2024-01-20 22:30:00,0.6081
2024-01-20 22:40:00,0.4706
2024-01-20 22:50:00,0.559
2024-01-20 23:00:00,0.4879
2024-01-20 23:10:00,0.4806
2024-01-20 23:20:00,0.4921
2024-01-20 23:30:00,0.5011
2024-01-20 23:40:00,0.6462
2024-01-20 23:50:00,0.6259
2024-01-21 00:00:00,0.387
2024-01-21 00:10:00,0.3858
2024-01-21 00:20:00,0.5136
2024-01-21 00:30:00,0.5611
2024-01-21 00:40:00,0.5373
2024-01-21 00:50:00,0.3087
2024-01-21 01:00:00,0.4811
2024-01-21 01:10:00,0.176
2024-01-21 01:20:00,0.3034
2024-01-21 01:30:00,0.3418
2024-01-21 01:40:00,0.0547
2024-01-21 01:50:00,0.4421
2024-01-21 02:00:00,0.3373
2024-01-21 02:10:00,0.2437
2024-01-21 02:20:00,0.0743
2024-01-21 02:30:00,0.164
2024-01-21 02:40:00,0.2499
2024-01-21 02:50:00,0.0586
2024-01-21 03:00:00,0.1528
2024-01-21 03:10:00,0.2619
2024-01-21 03:20:00,0.05
2024-01-21 03:30:00,0.2041
2024-01-21 03:40:00,0.05
2024-01-21 03:50:00,0.0847
2024-01-21 04:00:00,0.1542
2024-01-21 04:10:00,0.2842
2024-01-21 04:20:00,0.1925
2024-01-21 04:30:00,0.3057
2024-01-21 04:40:00,0.255
2024-01-21 04:50:00,0.3006
2024-01-21 05:00:00,0.5073
2024-01-21 05:10:00,0.294
2024-01-21 05:20:00,0.5096
2024-01-21 05:30:00,0.456
2024-01-21 05:40:00,0.4184
2024-01-21 05:50:00,0.3717
2024-01-21 06:00:00,0.394
2024-01-21 06:10:00,0.4478
2024-01-21 06:20:00,0.5179
2024-01-21 06:30:00,0.6029
2024-01-21 06:40:00,0.521
2024-01-21 06:50:00,0.5354
2024-01-21 07:00:00,0.5577
2024-01-21 07:10:00,0.6215
2024-01-21 07:20:00,0.6467
2024-01-21 07:30:00,0.4535
2024-01-21 07:40:00,0.5762
2024-01-21 07:50:00,0.7425
2024-01-21 08:00:00,0.5077
2024-01-21 08:10:00,0.6713
2024-01-21 08:20:00,0.6778
2024-01-21 08:30:00,0.6769
2024-01-21 08:40:00,0.9403
2024-01-21 08:50:00,0.8428
2024-01-21 09:00:00,1.0595
2024-01-21 09:10:00,0.9908
2024-01-21 09:20:00,1.1314
2024-01-21 09:30:00,1.1365
2024-01-21 09:40:00,1.2601
2024-01-21 09:50:00,1.4931
2024-01-21 10:00:00,1.6423
2024-01-21 10:10:00,1.8165
2024-01-21 10:20:00,1.9587
2024-01-21 10:30:00,1.9555
2024-01-21 10:40:00,2.1767
2024-01-21 10:50:00,2.5061
2024-01-21 11:00:00,2.3799
2024-01-21 11:10:00,2.746
2024-01-21 11:20:00,2.8282
2024-01-21 11:30:00,3.0246
2024-01-21 11:40:00,3.0556
2024-01-21 11:50:00,2.9932
2024-01-21 12:00:00,3.0041
2024-01-21 12:10:00,3.0074
2024-01-21 12:20:00,3.072
2024-01-21 12:30:00,2.7095
2024-01-21 12:40:00,2.8552
2024-01-21 12:50:00,2.6285
2024-01-21 13:00:00,2.5951
2024-01-21 13:10:00,2.4559
2024-01-21 13:20:00,2.0917
2024-01-21 13:30:00,2.0676
2024-01-21 13:40:00,1.9384
2024-01-21 13:50:00,1.7684
2024-01-21 14:00:00,1.5921
2024-01-21 14:10:00,1.3376
2024-01-21 14:20:00,1.2214
2024-01-21 14:30:00,1.0739
2024-01-21 14:40:00,1.1668
2024-01-21 14:50:00,1.0166
2024-01-21 15:00:00,0.9574
2024-01-21 15:10:00,0.7445
2024-01-21 15:20:00,0.8823
2024-01-21 15:30:00,0.9379
2024-01-21 15:40:00,0.6973
2024-01-21 15:50:00,0.8526
2024-01-21 16:00:00,0.7907
2024-01-21 16:10:00,0.9632
2024-01-21 16:20:00,0.9868
2024-01-21 16:30:00,1.1985
2024-01-21 16:40:00,1.2697
2024-01-21 16:50:00,1.4793
2024-01-21 17:00:00,1.4429
2024-01-21 17:10:00,1.5764
2024-01-21 17:20:00,1.5723
2024-01-21 17:30:00,1.5899
2024-01-21 17:40:00,1.8384
2024-01-21 17:50:00,1.9133
2024-01-21 18:00:00,1.8709
2024-01-21 18:10:00,1.8013
2024-01-21 18:20:00,1.6558
2024-01-21 18:30:00,1.8116
2024-01-21 18:40:00,1.6817
2024-01-21 18:50:00,1.7385
2024-01-21 19:00:00,1.3232
2024-01-21 19:10:00,1.4225
2024-01-21 19:20:00,1.2879
2024-01-21 19:30:00,1.0984
2024-01-21 19:40:00,1.1747
2024-01-21 19:50:00,0.9926
2024-01-21 20:00:00,0.7825
2024-01-21 20:10:00,0.7986
2024-01-21 20:20:00,0.6603
2024-01-21 20:30:00,0.663
2024-01-21 20:40:00,0.744
2024-01-21 20:50:00,0.7441
2024-01-21 21:00:00,0.6456
2024-01-21 21:10:00,0.5323
2024-01-21 21:20:00,0.6336
2024-01-21 21:30:00,0.6593
2024-01-21 21:40:00,0.3838
2024-01-21 21:50:00,0.5886
2024-01-21 22:00:00,0.5552
2024-01-21 22:10:00,0.6678
2024-01-21 22:20:00,0.6098
2024-01-21 22:30:00,0.619
2024-01-21 22:40:00,0.5219
2024-01-21 22:50:00,0.57
2024-01-21 23:00:00,0.664
2024-01-21 23:10:00,0.5631
2024-01-21 23:20:00,0.587
2024-01-21 23:30:00,0.4159
2024-01-21 23:40:00,0.5626
2024-01-21 23:50:00,0.3683
2024-01-22 00:00:00,0.4107
2024-01-22 00:10:00,0.4552
2024-01-22 00:20:00,0.5098
2024-01-22 00:30:00,0.3151
2024-01-22 00:40:00,0.4322
2024-01-22 00:50:00,0.5192
2024-01-22 01:00:00,0.2839
2024-01-22 01:10:00,0.1672
2024-01-22 01:20:00,0.3237
2024-01-22 01:30:00,0.1477
2024-01-22 01:40:00,0.1572
2024-01-22 01:50:00,0.3043
2024-01-22 02:00:00,0.374
2024-01-22 02:10:00,0.0629
2024-01-22 02:20:00,0.0818
2024-01-22 02:30:00,0.1116
2024-01-22 02:40:00,0.1008
2024-01-22 02:50:00,0.3489
2024-01-22 03:00:00,0.1025
2024-01-22 03:10:00,0.1168
2024-01-22 03:20:00,0.3172
2024-01-22 03:30:00,0.2132
2024-01-22 03:40:00,0.2541
2024-01-22 03:50:00,0.0724
2024-01-22 04:00:00,0.1333
2024-01-22 04:10:00,0.108
2024-01-22 04:20:00,0.3192
2024-01-22 04:30:00,0.3894
2024-01-22 04:40:00,0.2348
2024-01-22 04:50:00,0.2855
2024-01-22 05:00:00,0.316
2024-01-22 05:10:00,0.2177
2024-01-22 05:20:00,0.3275
2024-01-22 05:30:00,0.4926
2024-01-22 05:40:00,0.3458
2024-01-22 05:50:00,0.4586
2024-01-22 06:00:00,0.3323
2024-01-22 06:10:00,0.4606
2024-01-22 06:20:00,0.4289
2024-01-22 06:30:00,0.3718
2024-01-22 06:40:00,0.5807
2024-01-22 06:50:00,0.5934
2024-01-22 07:00:00,0.4185
2024-01-22 07:10:00,0.5008
2024-01-22 07:20:00,0.5346
2024-01-22 07:30:00,0.3577
2024-01-22 07:40:00,0.4106
2024-01-22 07:50:00,0.693
2024-01-22 08:00:00,0.4755
2024-01-22 08:10:00,0.7303
2024-01-22 08:20:00,0.4982
2024-01-22 08:30:00,0.7338
2024-01-22 08:40:00,0.6802
2024-01-22 08:50:00,0.7469
2024-01-22 09:00:00,1.0127
2024-01-22 09:10:00,0.7762
2024-01-22 09:20:00,1.0477
2024-01-22 09:30:00,1.1427
2024-01-22 09:40:00,1.5343
2024-01-22 09:50:00,1.2145
2024-01-22 10:00:00,1.3938
2024-01-22 10:10:00,1.681
2024-01-22 10:20:00,1.729
2024-01-22 10:30:00,1.8559
2024-01-22 10:40:00,2.151
2024-01-22 10:50:00,2.1777
2024-01-22 11:00:00,2.2561
2024-01-22 11:10:00,2.5462
2024-01-22 11:20:00,2.6228
2024-01-22 11:30:00,2.6453
2024-01-22 11:40:00,2.7082
2024-01-22 11:50:00,2.6943
2024-01-22 12:00:00,2.8723
2024-01-22 12:10:00,2.7498
2024-01-22 12:20:00,2.6672
2024-01-22 12:30:00,2.548
2024-01-22 12:40:00,2.6246
2024-01-22 12:50:00,2.4228
2024-01-22 13:00:00,2.1442
2024-01-22 13:10:00,2.0844
2024-01-22 13:20:00,2.0325
2024-01-22 13:30:00,1.8826
2024-01-22 13:40:00,1.7264
2024-01-22 13:50:00,1.5639
2024-01-22 14:00:00,1.3131
2024-01-22 14:10:00,1.2416
2024-01-22 14:20:00,1.3278
2024-01-22 14:30:00,1.2069
2024-01-22 14:40:00,1.0697
2024-01-22 14:50:00,0.9851
2024-01-22 15:00:00,0.9669
2024-01-22 15:10:00,0.7211
2024-01-22 15:20:00,0.8097
2024-01-22 15:30:00,0.6843
2024-01-22 15:40:00,0.6923
2024-01-22 15:50:00,0.8618
2024-01-22 16:00:00,0.9576
2024-01-22 16:10:00,0.8959
2024-01-22 16:20:00,1.1454
2024-01-22 16:30:00,1.0777
2024-01-22 16:40:00,1.063
2024-01-22 16:50:00,1.1206
2024-01-22 17:00:00,1.4205
2024-01-22 17:10:00,1.4174
2024-01-22 17:20:00,1.55
2024-01-22 17:30:00,1.2823
2024-01-22 17:40:00,1.6223
2024-01-22 17:50:00,1.5777
2024-01-22 18:00:00,1.4998
2024-01-22 18:10:00,1.6219
2024-01-22 18:20:00,1.7055
2024-01-22 18:30:00,1.7721
2024-01-22 18:40:00,1.5026
2024-01-22 18:50:00,1.3276
2024-01-22 19:00:00,1.233
2024-01-22 19:10:00,1.313
2024-01-22 19:20:00,1.0229
2024-01-22 19:30:00,1.0935
2024-01-22 19:40:00,0.9747
2024-01-22 19:50:00,0.8854
2024-01-22 20:00:00,0.6409
2024-01-22 20:10:00,0.7022
2024-01-22 20:20:00,0.5418
2024-01-22 20:30:00,0.5875
2024-01-22 20:40:00,0.705
2024-01-22 20:50:00,0.7106
2024-01-22 21:00:00,0.5891
2024-01-22 21:10:00,0.4959
2024-01-22 21:20:00,0.7009
2024-01-22 21:30:00,0.476
2024-01-22 21:40:00,0.4154
2024-01-22 21:50:00,0.5949
2024-01-22 22:00:00,0.5686
2024-01-22 22:10:00,0.4669
2024-01-22 22:20:00,0.5302
2024-01-22 22:30:00,0.5637
2024-01-22 22:40:00,0.5394
2024-01-22 22:50:00,0.5647
2024-01-22 23:00:00,0.4681
2024-01-22 23:10:00,0.5712
2024-01-22 23:20:00,0.5203
2024-01-22 23:30:00,0.4713
2024-01-22 23:40:00,0.4939
2024-01-22 23:50:00,0.5087
2024-01-23 00:00:00,0.3185
2024-01-23 00:10:00,0.3858
2024-01-23 00:20:00,0.4402
2024-01-23 00:30:00,0.2806
2024-01-23 00:40:00,0.3334
2024-01-23 00:50:00,0.6114
2024-01-23 01:00:00,0.2356
2024-01-23 01:10:00,0.2841
2024-01-23 01:20:00,0.2118
2024-01-23 01:30:00,0.2556
2024-01-23 01:40:00,0.1579
2024-01-23 01:50:00,0.188
2024-01-23 02:00:00,0.1148
2024-01-23 02:10:00,0.2688
2024-01-23 02:20:00,0.1639
2024-01-23 02:30:00,0.0555
2024-01-23 02:40:00,0.2399
2024-01-23 02:50:00,0.06
2024-01-23 03:00:00,0.05
2024-01-23 03:10:00,0.1555
2024-01-23 03:20:00,0.3465
2024-01-23 03:30:00,0.05
2024-01-23 03:40:00,0.05
2024-01-23 03:50:00,0.2385
2024-01-23 04:00:00,0.1224
2024-01-23 04:10:00,0.2735
2024-01-23 04:20:00,0.1557
2024-01-23 04:30:00,0.2815
2024-01-23 04:40:00,0.4697
2024-01-23 04:50:00,0.203
2024-01-23 05:00:00,0.4509
2024-01-23 05:10:00,0.441
2024-01-23 05:20:00,0.2466
2024-01-23 05:30:00,0.4718
2024-01-23 05:40:00,0.4413
2024-01-23 05:50:00,0.4591
2024-01-23 06:00:00,0.4975
2024-01-23 06:10:00,0.4407
2024-01-23 06:20:00,0.4929
2024-01-23 06:30:00,0.5189
2024-01-23 06:40:00,0.5771
2024-01-23 06:50:00,0.3568
2024-01-23 07:00:00,0.6453
2024-01-23 07:10:00,0.4077
2024-01-23 07:20:00,0.6071
2024-01-23 07:30:00,0.548
2024-01-23 07:40:00,0.4231
2024-01-23 07:50:00,0.618
2024-01-23 08:00:00,0.4884
2024-01-23 08:10:00,0.7123
2024-01-23 08:20:00,0.5626
2024-01-23 08:30:00,0.5195
2024-01-23 08:40:00,0.8658
2024-01-23 08:50:00,0.7833
2024-01-23 09:00:00,0.9151
2024-01-23 09:10:00,0.8178
2024-01-23 09:20:00,0.8006
2024-01-23 09:30:00,1.2565
2024-01-23 09:40:00,1.2
2024-01-23 09:50:00,1.3734
2024-01-23 10:00:00,1.5243
2024-01-23 10:10:00,1.5684
2024-01-23 10:20:00,1.7744
2024-01-23 10:30:00,2.0645
2024-01-23 10:40:00,2.0552
2024-01-23 10:50:00,2.302
2024-01-23 11:00:00,2.1497
2024-01-23 11:10:00,2.5898
2024-01-23 11:20:00,2.4371
2024-01-23 11:30:00,2.7816
2024-01-23 11:40:00,2.7875
2024-01-23 11:50:00,2.7805
2024-01-23 12:00:00,2.7942
2024-01-23 12:10:00,2.7648
2024-01-23 12:20:00,2.6664
2024-01-23 12:30:00,2.6601
2024-01-23 12:40:00,2.8101
2024-01-23 12:50:00,2.6077
2024-01-23 13:00:00,2.2619
2024-01-23 13:10:00,2.2349
2024-01-23 13:20:00,2.0686
2024-01-23 13:30:00,1.8919
2024-01-23 13:40:00,1.6531
2024-01-23 13:50:00,1.6492
2024-01-23 14:00:00,1.5476
2024-01-23 14:10:00,1.2477
2024-01-23 14:20:00,1.4068
2024-01-23 14:30:00,1.2572
2024-01-23 14:40:00,1.0683
2024-01-23 14:50:00,0.8144
2024-01-23 15:00:00,0.9179
2024-01-23 15:10:00,0.8626
2024-01-23 15:20:00,0.859
2024-01-23 15:30:00,0.9566
2024-01-23 15:40:00,0.7862
2024-01-23 15:50:00,1.0311
2024-01-23 16:00:00,0.9049
2024-01-23 16:10:00,0.8876
2024-01-23 16:20:00,1.222
2024-01-23 16:30:00,1.1412
2024-01-23 16:40:00,1.0969
2024-01-23 16:50:00,1.2396
2024-01-23 17:00:00,1.3843
2024-01-23 17:10:00,1.3916
2024-01-23 17:20:00,1.498
2024-01-23 17:30:00,1.4687
2024-01-23 17:40:00,1.4318
2024-01-23 17:50:00,1.642
2024-01-23 18:00:00,1.6557
2024-01-23 18:10:00,1.6834
2024-01-23 18:20:00,1.5412
2024-01-23 18:30:00,1.4138
2024-01-23 18:40:00,1.3841
2024-01-23 18:50:00,1.5062
2024-01-23 19:00:00,1.2453
2024-01-23 19:10:00,1.1743
2024-01-23 19:20:00,1.0931
2024-01-23 19:30:00,0.9709
2024-01-23 19:40:00,0.8775
2024-01-23 19:50:00,0.7813
2024-01-23 20:00:00,0.939
2024-01-23 20:10:00,0.8071
2024-01-23 20:20:00,0.8134
2024-01-23 20:30:00,0.7923
2024-01-23 20:40:00,0.3793
2024-01-23 20:50:00,0.6227
2024-01-23 21:00:00,0.5099
2024-01-23 21:10:00,0.6655
2024-01-23 21:20:00,0.4688
2024-01-23 21:30:00,0.4298
2024-01-23 21:40:00,0.3864
2024-01-23 21:50:00,0.4958
2024-01-23 22:00:00,0.6151
2024-01-23 22:10:00,0.5476
2024-01-23 22:20:00,0.4007
2024-01-23 22:30:00,0.7355
2024-01-23 22:40:00,0.5848
2024-01-23 22:50:00,0.5974
2024-01-23 23:00:00,0.648
2024-01-23 23:10:00,0.3554
2024-01-23 23:20:00,0.4282
2024-01-23 23:30:00,0.6016
2024-01-23 23:40:00,0.4382
2024-01-23 23:50:00,0.4918
2024-01-24 00:00:00,0.456
2024-01-24 00:10:00,0.3224
2024-01-24 00:20:00,0.3983
2024-01-24 00:30:00,0.5078
2024-01-24 00:40:00,0.4689
2024-01-24 00:50:00,0.4848
2024-01-24 01:00:00,0.45
2024-01-24 01:10:00,0.3635
2024-01-24 01:20:00,0.3283
2024-01-24 01:30:00,0.2931
2024-01-24 01:40:00,0.1771
2024-01-24 01:50:00,0.1096
2024-01-24 02:00:00,0.118
2024-01-24 02:10:00,0.1309
2024-01-24 02:20:00,0.0904
2024-01-24 02:30:00,0.1974
2024-01-24 02:40:00,0.1762
2024-01-24 02:50:00,0.187
2024-01-24 03:00:00,0.1912
2024-01-24 03:10:00,0.2756
2024-01-24 03:20:00,0.1552
2024-01-24 03:30:00,0.2569
2024-01-24 03:40:00,0.2077
2024-01-24 03:50:00,0.2765
2024-01-24 04:00:00,0.3484
2024-01-24 04:10:00,0.2703
2024-01-24 04:20:00,0.2502
2024-01-24 04:30:00,0.2775
2024-01-24 04:40:00,0.2486
2024-01-24 04:50:00,0.2726
2024-01-24 05:00:00,0.4393
2024-01-24 05:10:00,0.2772
2024-01-24 05:20:00,0.5576
2024-01-24 05:30:00,0.4013
2024-01-24 05:40:00,0.7209
2024-01-24 05:50:00,0.3814
2024-01-24 06:00:00,0.4896
2024-01-24 06:10:00,0.4413
2024-01-24 06:20:00,0.4074
2024-01-24 06:30:00,0.6019
2024-01-24 06:40:00,0.3927
2024-01-24 06:50:00,0.4427
2024-01-24 07:00:00,0.5757
2024-01-24 07:10:00,0.5985
2024-01-24 07:20:00,0.3926
2024-01-24 07:30:00,0.599
2024-01-24 07:40:00,0.5649
2024-01-24 07:50:00,0.4743
2024-01-24 08:00:00,0.5049
2024-01-24 08:10:00,0.403
2024-01-24 08:20:00,0.8064
2024-01-24 08:30:00,0.7715
2024-01-24 08:40:00,0.5846
2024-01-24 08:50:00,0.8462
2024-01-24 09:00:00,0.7722
2024-01-24 09:10:00,0.9958
2024-01-24 09:20:00,0.9416
2024-01-24 09:30:00,1.0543
2024-01-24 09:40:00,1.1737
2024-01-24 09:50:00,1.2606
2024-01-24 10:00:00,1.6008
2024-01-24 10:10:00,1.6942
2024-01-24 10:20:00,1.7654
2024-01-24 10:30:00,2.0105
2024-01-24 10:40:00,1.8989
2024-01-24 10:50:00,2.0883
2024-01-24 11:00:00,2.3999
2024-01-24 11:10:00,2.5547
2024-01-24 11:20:00,2.6211
2024-01-24 11:30:00,2.4965
2024-01-24 11:40:00,2.6464
2024-01-24 11:50:00,2.836
2024-01-24 12:00:00,3.0511
2024-01-24 12:10:00,2.9161
2024-01-24 12:20:00,2.9103
2024-01-24 12:30:00,2.7187
2024-01-24 12:40:00,2.6265
2024-01-24 12:50:00,2.3779
2024-01-24 13:00:00,2.4478
2024-01-24 13:10:00,2.2041
2024-01-24 13:20:00,2.1314
2024-01-24 13:30:00,1.9121
2024-01-24 13:40:00,1.784
2024-01-24 13:50:00,1.5983
2024-01-24 14:00:00,1.4876
2024-01-24 14:10:00,1.4331
2024-01-24 14:20:00,1.0865
2024-01-24 14:30:00,0.9573
2024-01-24 14:40:00,1.0576
2024-01-24 14:50:00,1.0831
2024-01-24 15:00:00,1.0484
2024-01-24 15:10:00,0.7133
2024-01-24 15:20:00,0.7686
2024-01-24 15:30:00,0.6508
2024-01-24 15:40:00,0.75
2024-01-24 15:50:00,0.9398
2024-01-24 16:00:00,0.8643
2024-01-24 16:10:00,0.8807
2024-01-24 16:20:00,1.038
2024-01-24 16:30:00,0.9803
2024-01-24 16:40:00,1.3034
2024-01-24 16:50:00,1.2338
2024-01-24 17:00:00,1.2826
2024-01-24 17:10:00,1.4675
2024-01-24 17:20:00,1.5808
2024-01-24 17:30:00,1.7124
2024-01-24 17:40:00,1.5817
2024-01-24 17:50:00,1.7424
2024-01-24 18:00:00,1.6543
2024-01-24 18:10:00,1.572
2024-01-24 18:20:00,1.5235
2024-01-24 18:30:00,1.4405
2024-01-24 18:40:00,1.4087
2024-01-24 18:50:00,1.5144
2024-01-24 19:00:00,1.3846
2024-01-24 19:10:00,1.0963
2024-01-24 19:20:00,0.9514
2024-01-24 19:30:00,0.9232
2024-01-24 19:40:00,0.8706
2024-01-24 19:50:00,0.8394
2024-01-24 20:00:00,0.9175
2024-01-24 20:10:00,0.6854
2024-01-24 20:20:00,0.8578
2024-01-24 20:30:00,0.4803
2024-01-24 20:40:00,0.5803
2024-01-24 20:50:00,0.6678
2024-01-24 21:00:00,0.6542
2024-01-24 21:10:00,0.521
2024-01-24 21:20:00,0.644
2024-01-24 21:30:00,0.6173
2024-01-24 21:40:00,0.4624
2024-01-24 21:50:00,0.5584
2024-01-24 22:00:00,0.5948
2024-01-24 22:10:00,0.4617
2024-01-24 22:20:00,0.6912
2024-01-24 22:30:00,0.4375
2024-01-24 22:40:00,0.5351
2024-01-24 22:50:00,0.3954
2024-01-24 23:00:00,0.5306
2024-01-24 23:10:00,0.4135
2024-01-24 23:20:00,0.4907
2024-01-24 23:30:00,0.3614
2024-01-24 23:40:00,0.6001
2024-01-24 23:50:00,0.5557
2024-01-25 00:00:00,0.5732
2024-01-25 00:10:00,0.4161
2024-01-25 00:20:00,0.5484
2024-01-25 00:30:00,0.4209
2024-01-25 00:40:00,0.4079
2024-01-25 00:50:00,0.5855
2024-01-25 01:00:00,0.3011
2024-01-25 01:10:00,0.4462
2024-01-25 01:20:00,0.3441
2024-01-25 01:30:00,0.2109
2024-01-25 01:40:00,0.1086
2024-01-25 01:50:00,0.1096
2024-01-25 02:00:00,0.3003
2024-01-25 02:10:00,0.3372
2024-01-25 02:20:00,0.1654
2024-01-25 02:30:00,0.1706
2024-01-25 02:40:00,0.2339
2024-01-25 02:50:00,0.1636
2024-01-25 03:00:00,0.2662
2024-01-25 03:10:00,0.1854
2024-01-25 03:20:00,0.1698
2024-01-25 03:30:00,0.0863
2024-01-25 03:40:00,0.0617
2024-01-25 03:50:00,0.05
2024-01-25 04:00:00,0.3106
2024-01-25 04:10:00,0.1983
2024-01-25 04:20:00,0.2001
2024-01-25 04:30:00,0.073
2024-01-25 04:40:00,0.2321
2024-01-25 04:50:00,0.2463
2024-01-25 05:00:00,0.2701
2024-01-25 05:10:00,0.4074
2024-01-25 05:20:00,0.4089
2024-01-25 05:30:00,0.281
2024-01-25 05:40:00,0.3056
2024-01-25 05:50:00,0.3214
2024-01-25 06:00:00,0.6463
2024-01-25 06:10:00,0.6264
2024-01-25 06:20:00,0.4022
2024-01-25 06:30:00,0.2986
2024-01-25 06:40:00,0.5168
2024-01-25 06:50:00,0.5157
2024-01-25 07:00:00,0.5495
2024-01-25 07:10:00,0.599
2024-01-25 07:20:00,0.5777
2024-01-25 07:30:00,0.43
2024-01-25 07:40:00,0.5823
2024-01-25 07:50:00,0.6523
2024-01-25 08:00:00,0.5123
2024-01-25 08:10:00,0.6373
2024-01-25 08:20:00,0.5804
2024-01-25 08:30:00,0.8706
2024-01-25 08:40:00,0.5819
2024-01-25 08:50:00,0.8831
2024-01-25 09:00:00,0.6638
2024-01-25 09:10:00,1.085
2024-01-25 09:20:00,0.8786
2024-01-25 09:30:00,1.1113
2024-01-25 09:40:00,1.0414
2024-01-25 09:50:00,1.1933
2024-01-25 10:00:00,1.5528
2024-01-25 10:10:00,1.7096
2024-01-25 10:20:00,1.781
2024-01-25 10:30:00,1.985
2024-01-25 10:40:00,2.1692
2024-01-25 10:50:00,2.146
2024-01-25 11:00:00,2.2161
2024-01-25 11:10:00,2.4835
2024-01-25 11:20:00,2.5394
2024-01-25 11:30:00,2.7277
2024-01-25 11:40:00,2.8116
2024-01-25 11:50:00,2.7304
2024-01-25 12:00:00,2.8831
2024-01-25 12:10:00,2.864
2024-01-25 12:20:00,2.8291
2024-01-25 12:30:00,2.648
2024-01-25 12:40:00,2.6752
2024-01-25 12:50:00,2.537
2024-01-25 13:00:00,2.4202
2024-01-25 13:10:00,2.3826
2024-01-25 13:20:00,2.0981
2024-01-25 13:30:00,1.8512
2024-01-25 13:40:00,1.6477
2024-01-25 13:50:00,1.7223
2024-01-25 14:00:00,1.5031
2024-01-25 14:10:00,1.5022
2024-01-25 14:20:00,1.012
2024-01-25 14:30:00,1.1994
2024-01-25 14:40:00,0.9904
2024-01-25 14:50:00,0.9051
2024-01-25 15:00:00,0.804
2024-01-25 15:10:00,0.9269
2024-01-25 15:20:00,0.8715
2024-01-25 15:30:00,0.6857
2024-01-25 15:40:00,0.8228
2024-01-25 15:50:00,0.8994
2024-01-25 16:00:00,0.8847
2024-01-25 16:10:00,1.0302
2024-01-25 16:20:00,0.956
2024-01-25 16:30:00,0.836
2024-01-25 16:40:00,1.1645
2024-01-25 16:50:00,1.253
2024-01-25 17:00:00,1.3559
2024-01-25 17:10:00,1.5216
2024-01-25 17:20:00,1.2939
2024-01-25 17:30:00,1.5313
2024-01-25 17:40:00,1.5129
2024-01-25 17:50:00,1.5155
2024-01-25 18:00:00,1.6395
2024-01-25 18:10:00,1.7058
2024-01-25 18:20:00,1.6337
2024-01-25 18:30:00,1.4838
2024-01-25 18:40:00,1.4706
2024-01-25 18:50:00,1.4979
2024-01-25 19:00:00,1.3842
2024-01-25 19:10:00,1.1669
2024-01-25 19:20:00,1.066
2024-01-25 19:30:00,0.8643
2024-01-25 19:40:00,0.9068
2024-01-25 19:50:00,0.6975
2024-01-25 20:00:00,1.0081
2024-01-25 20:10:00,0.6558
2024-01-25 20:20:00,0.8016
2024-01-25 20:30:00,0.8311
2024-01-25 20:40:00,0.6377
2024-01-25 20:50:00,0.5801
2024-01-25 21:00:00,0.4381
2024-01-25 21:10:00,0.505
2024-01-25 21:20:00,0.705
2024-01-25 21:30:00,0.572
2024-01-25 21:40:00,0.5343
2024-01-25 21:50:00,0.6589
2024-01-25 22:00:00,0.5948
2024-01-25 22:10:00,0.5088
2024-01-25 22:20:00,0.5441
2024-01-25 22:30:00,0.445
2024-01-25 22:40:00,0.4653
2024-01-25 22:50:00,0.5006
2024-01-25 23:00:00,0.5768
2024-01-25 23:10:00,0.3962
2024-01-25 23:20:00,0.5285
2024-01-25 23:30:00,0.4819
2024-01-25 23:40:00,0.4308
2024-01-25 23:50:00,0.4824
2024-01-26 00:00:00,0.233
2024-01-26 00:10:00,0.3758
2024-01-26 00:20:00,0.3258
2024-01-26 00:30:00,0.3896
2024-01-26 00:40:00,0.1692
2024-01-26 00:50:00,0.3937
2024-01-26 01:00:00,0.441
2024-01-26 01:10:00,0.3122
2024-01-26 01:20:00,0.3464
2024-01-26 01:30:00,0.2173
2024-01-26 01:40:00,0.0851
2024-01-26 01:50:00,0.2134
2024-01-26 02:00:00,0.2555
2024-01-26 02:10:00,0.05
2024-01-26 02:20:00,0.11
2024-01-26 02:30:00,0.1318
2024-01-26 02:40:00,0.4416
2024-01-26 02:50:00,0.1788
2024-01-26 03:00:00,0.05
2024-01-26 03:10:00,0.05
2024-01-26 03:20:00,0.2295
2024-01-26 03:30:00,0.405
2024-01-26 03:40:00,0.1284
2024-01-26 03:50:00,0.1299
2024-01-26 04:00:00,0.2306
2024-01-26 04:10:00,0.1334
2024-01-26 04:20:00,0.05
2024-01-26 04:30:00,0.3723
2024-01-26 04:40:00,0.2352
2024-01-26 04:50:00,0.4289
2024-01-26 05:00:00,0.274
2024-01-26 05:10:00,0.3869
2024-01-26 05:20:00,0.4828
2024-01-26 05:30:00,0.5248
2024-01-26 05:40:00,0.4593
2024-01-26 05:50:00,0.4704
2024-01-26 06:00:00,0.5279
2024-01-26 06:10:00,0.5243
2024-01-26 06:20:00,0.359
2024-01-26 06:30:00,0.3698
2024-01-26 06:40:00,0.2938
2024-01-26 06:50:00,0.5884
2024-01-26 07:00:00,0.479
2024-01-26 07:10:00,0.6076
2024-01-26 07:20:00,0.5737
2024-01-26 07:30:00,0.4423
2024-01-26 07:40:00,0.5417
2024-01-26 07:50:00,0.5223
2024-01-26 08:00:00,0.5247
2024-01-26 08:10:00,0.6997
2024-01-26 08:20:00,0.8877
2024-01-26 08:30:00,0.7836
2024-01-26 08:40:00,0.7129
2024-01-26 08:50:00,0.8946
2024-01-26 09:00:00,1.0034
2024-01-26 09:10:00,0.7678
2024-01-26 09:20:00,1.1167
2024-01-26 09:30:00,1.1709
2024-01-26 09:40:00,1.3249
2024-01-26 09:50:00,1.4116
2024-01-26 10:00:00,1.4424
2024-01-26 10:10:00,1.8125
2024-01-26 10:20:00,1.7936
2024-01-26 10:30:00,1.8703
2024-01-26 10:40:00,2.1184
2024-01-26 10:50:00,2.315
2024-01-26 11:00:00,2.369
2024-01-26 11:10:00,2.5279
2024-01-26 11:20:00,2.6098
2024-01-26 11:30:00,2.6268
2024-01-26 11:40:00,2.6787
2024-01-26 11:50:00,2.6624
2024-01-26 12:00:00,2.9687
2024-01-26 12:10:00,2.7804
2024-01-26 12:20:00,2.4181
2024-01-26 12:30:00,2.7325
2024-01-26 12:40:00,2.6386
2024-01-26 12:50:00,2.3021
2024-01-26 13:00:00,2.2765
2024-01-26 13:10:00,2.1305
2024-01-26 13:20:00,1.9941
2024-01-26 13:30:00,2.036
2024-01-26 13:40:00,1.7465
2024-01-26 13:50:00,1.5692
2024-01-26 14:00:00,1.5818
2024-01-26 14:10:00,1.3867
2024-01-26 14:20:00,1.0426
2024-01-26 14:30:00,1.0483
2024-01-26 14:40:00,1.0503
2024-01-26 14:50:00,0.8484
2024-01-26 15:00:00,1.0847
2024-01-26 15:10:00,0.8495
2024-01-26 15:20:00,0.736
2024-01-26 15:30:00,0.6888
2024-01-26 15:40:00,0.9002
2024-01-26 15:50:00,0.7652
2024-01-26 16:00:00,0.9062
2024-01-26 16:10:00,0.8057
2024-01-26 16:20:00,0.9935
2024-01-26 16:30:00,0.9994
2024-01-26 16:40:00,1.116
2024-01-26 16:50:00,1.1572
2024-01-26 17:00:00,1.4293
2024-01-26 17:10:00,1.364
2024-01-26 17:20:00,1.477
2024-01-26 17:30:00,1.5479
2024-01-26 17:40:00,1.7688
2024-01-26 17:50:00,1.7278
2024-01-26 18:00:00,1.7282
2024-01-26 18:10:00,1.4803
2024-01-26 18:20:00,1.5404
2024-01-26 18:30:00,1.6738
2024-01-26 18:40:00,1.3703
2024-01-26 18:50:00,1.4154
2024-01-26 19:00:00,1.2114
2024-01-26 19:10:00,1.1276
2024-01-26 19:20:00,1.2975
2024-01-26 19:30:00,1.1094
2024-01-26 19:40:00,1.0494
2024-01-26 19:50:00,0.9508
2024-01-26 20:00:00,0.7887
2024-01-26 20:10:00,0.6732
2024-01-26 20:20:00,0.6516
2024-01-26 20:30:00,0.6311
2024-01-26 20:40:00,0.7947
2024-01-26 20:50:00,0.4574
2024-01-26 21:00:00,0.5158
2024-01-26 21:10:00,0.465
2024-01-26 21:20:00,0.6511
2024-01-26 21:30:00,0.723
2024-01-26 21:40:00,0.5631
2024-01-26 21:50:00,0.5676
2024-01-26 22:00:00,0.5351
2024-01-26 22:10:00,0.5681
2024-01-26 22:20:00,0.6006
2024-01-26 22:30:00,0.5652
2024-01-26 22:40:00,0.5721
2024-01-26 22:50:00,0.5995
2024-01-26 23:00:00,0.344
2024-01-26 23:10:00,0.5219
2024-01-26 23:20:00,0.5522
2024-01-26 23:30:00,0.5633
2024-01-26 23:40:00,0.5046
2024-01-26 23:50:00,0.5377
2024-01-27 00:00:00,0.4404
2024-01-27 00:10:00,0.3199
2024-01-27 00:20:00,0.5783
2024-01-27 00:30:00,0.3466
2024-01-27 00:40:00,0.4215
2024-01-27 00:50:00,0.3378
2024-01-27 01:00:00,0.5444
2024-01-27 01:10:00,0.3489
2024-01-27 01:20:00,0.2956
2024-01-27 01:30:00,0.3706
2024-01-27 01:40:00,0.4806
2024-01-27 01:50:00,0.2755
2024-01-27 02:00:00,0.1688
2024-01-27 02:10:00,0.2503
2024-01-27 02:20:00,0.05
2024-01-27 02:30:00,0.177
2024-01-27 02:40:00,0.3718
2024-01-27 02:50:00,0.1882
2024-01-27 03:00:00,0.1832
2024-01-27 03:10:00,0.1745
2024-01-27 03:20:00,0.1328
2024-01-27 03:30:00,0.2038
2024-01-27 03:40:00,0.2499
2024-01-27 03:50:00,0.1475
2024-01-27 04:00:00,0.05
2024-01-27 04:10:00,0.2815
2024-01-27 04:20:00,0.4783
2024-01-27 04:30:00,0.2582
2024-01-27 04:40:00,0.1796
2024-01-27 04:50:00,0.4246
2024-01-27 05:00:00,0.5601
2024-01-27 05:10:00,0.4657
2024-01-27 05:20:00,0.6101
2024-01-27 05:30:00,0.5396
2024-01-27 05:40:00,0.551
2024-01-27 05:50:00,0.4462
2024-01-27 06:00:00,0.5418
2024-01-27 06:10:00,0.5235
2024-01-27 06:20:00,0.5314
2024-01-27 06:30:00,0.5221
2024-01-27 06:40:00,0.5786
2024-01-27 06:50:00,0.4342
2024-01-27 07:00:00,0.6525
2024-01-27 07:10:00,0.4912
2024-01-27 07:20:00,0.5625
2024-01-27 07:30:00,0.6307
2024-01-27 07:40:00,0.5172
2024-01-27 07:50:00,0.4288
2024-01-27 08:00:00,0.6068
2024-01-27 08:10:00,0.5269
2024-01-27 08:20:00,0.7725
2024-01-27 08:30:00,0.6249
2024-01-27 08:40:00,0.9369
2024-01-27 08:50:00,0.8462
2024-01-27 09:00:00,0.9226
2024-01-27 09:10:00,0.8012
2024-01-27 09:20:00,1.1098
2024-01-27 09:30:00,1.1971
2024-01-27 09:40:00,1.1988
2024-01-27 09:50:00,1.4742
2024-01-27 10:00:00,1.5743
2024-01-27 10:10:00,1.751
2024-01-27 10:20:00,1.9411
2024-01-27 10:30:00,2.0611
2024-01-27 10:40:00,2.3026
2024-01-27 10:50:00,2.4345
2024-01-27 11:00:00,2.6466
2024-01-27 11:10:00,2.6887
2024-01-27 11:20:00,2.7588
2024-01-27 11:30:00,2.8956
2024-01-27 11:40:00,3.1857
2024-01-27 11:50:00,3.1832
2024-01-27 12:00:00,3.2245
2024-01-27 12:10:00,3.2158
2024-01-27 12:20:00,2.9948
2024-01-27 12:30:00,2.9961
2024-01-27 12:40:00,2.873
2024-01-27 12:50:00,2.8076
2024-01-27 13:00:00,2.5706
2024-01-27 13:10:00,2.4528
2024-01-27 13:20:00,2.2858
2024-01-27 13:30:00,2.1626
2024-01-27 13:40:00,2.0059
2024-01-27 13:50:00,1.7851
2024-01-27 14:00:00,1.6313
2024-01-27 14:10:00,1.4956
2024-01-27 14:20:00,1.505
2024-01-27 14:30:00,1.0498
2024-01-27 14:40:00,1.0246
2024-01-27 14:50:00,1.1049
2024-01-27 15:00:00,0.9984
2024-01-27 15:10:00,0.9497
2024-01-27 15:20:00,0.9605
2024-01-27 15:30:00,0.9039
2024-01-27 15:40:00,0.8336
2024-01-27 15:50:00,0.9773
2024-01-27 16:00:00,0.9585
2024-01-27 16:10:00,0.9697
2024-01-27 16:20:00,1.1558
2024-01-27 16:30:00,1.2361
2024-01-27 16:40:00,1.2857
2024-01-27 16:50:00,1.5342
2024-01-27 17:00:00,1.5942
2024-01-27 17:10:00,1.6568
2024-01-27 17:20:00,1.8996
2024-01-27 17:30:00,1.7011
2024-01-27 17:40:00,1.7245
2024-01-27 17:50:00,1.8913
2024-01-27 18:00:00,1.7915
2024-01-27 18:10:00,1.8057
2024-01-27 18:20:00,1.6707
2024-01-27 18:30:00,1.7736
2024-01-27 18:40:00,1.4914
2024-01-27 18:50:00,1.5404
2024-01-27 19:00:00,1.4503
2024-01-27 19:10:00,1.3048
2024-01-27 19:20:00,1.0685
2024-01-27 19:30:00,0.9665
2024-01-27 19:40:00,0.9732
2024-01-27 19:50:00,1.0149
2024-01-27 20:00:00,0.9131
2024-01-27 20:10:00,0.8162
2024-01-27 20:20:00,0.6736
2024-01-27 20:30:00,0.7505
2024-01-27 20:40:00,0.4998
2024-01-27 20:50:00,0.4114
2024-01-27 21:00:00,0.6049
2024-01-27 21:10:00,0.5582
2024-01-27 21:20:00,0.7022
2024-01-27 21:30:00,0.6081
2024-01-27 21:40:00,0.7514
2024-01-27 21:50:00,0.5274
2024-01-27 22:00:00,0.6281
2024-01-27 22:10:00,0.5524
2024-01-27 22:20:00,0.7147
2024-01-27 22:30:00,0.5553
2024-01-27 22:40:00,0.6607
2024-01-27 22:50:00,0.4673
2024-01-27 23:00:00,0.5333
2024-01-27 23:10:00,0.5664
2024-01-27 23:20:00,0.7011
2024-01-27 23:30:00,0.355
2024-01-27 23:40:00,0.5414
2024-01-27 23:50:00,0.538
2024-01-28 00:00:00,0.3055
2024-01-28 00:10:00,0.4518
2024-01-28 00:20:00,0.3266
2024-01-28 00:30:00,0.2276
2024-01-28 00:40:00,0.412
2024-01-28 00:50:00,0.3837
2024-01-28 01:00:00,0.3617
2024-01-28 01:10:00,0.3826
2024-01-28 01:20:00,0.2392
2024-01-28 01:30:00,0.4753
2024-01-28 01:40:00,0.262
2024-01-28 01:50:00,0.3639
2024-01-28 02:00:00,0.05
2024-01-28 02:10:00,0.0975
2024-01-28 02:20:00,0.2413
2024-01-28 02:30:00,0.15
2024-01-28 02:40:00,0.0653
2024-01-28 02:50:00,0.05
2024-01-28 03:00:00,0.246
2024-01-28 03:10:00,0.2378
2024-01-28 03:20:00,0.197
2024-01-28 03:30:00,0.1231
2024-01-28 03:40:00,0.0613
2024-01-28 03:50:00,0.1756
2024-01-28 04:00:00,0.0753
2024-01-28 04:10:00,0.1601
2024-01-28 04:20:00,0.3915
2024-01-28 04:30:00,0.1112
2024-01-28 04:40:00,0.3949
2024-01-28 04:50:00,0.5068
2024-01-28 05:00:00,0.4679
2024-01-28 05:10:00,0.4532
2024-01-28 05:20:00,0.392
2024-01-28 05:30:00,0.3963
2024-01-28 05:40:00,0.2562
2024-01-28 05:50:00,0.5024
2024-01-28 06:00:00,0.4738
2024-01-28 06:10:00,0.4574
2024-01-28 06:20:00,0.5365
2024-01-28 06:30:00,0.5545
2024-01-28 06:40:00,0.4933
2024-01-28 06:50:00,0.7259
2024-01-28 07:00:00,0.6452
2024-01-28 07:10:00,0.6695
2024-01-28 07:20:00,0.5781
2024-01-28 07:30:00,0.6496
2024-01-28 07:40:00,0.5213
2024-01-28 07:50:00,0.693
2024-01-28 08:00:00,0.6256
2024-01-28 08:10:00,0.5688
2024-01-28 08:20:00,0.7
2024-01-28 08:30:00,0.7122
2024-01-28 08:40:00,1.0218
2024-01-28 08:50:00,0.8915
2024-01-28 09:00:00,1.076
2024-01-28 09:10:00,1.1139
2024-01-28 09:20:00,1.1006
2024-01-28 09:30:00,1.1625
2024-01-28 09:40:00,1.1566
2024-01-28 09:50:00,1.3805
2024-01-28 10:00:00,1.6828
2024-01-28 10:10:00,1.7451
2024-01-28 10:20:00,1.979
2024-01-28 10:30:00,1.9083
2024-01-28 10:40:00,2.3266
2024-01-28 10:50:00,2.5564
2024-01-28 11:00:00,2.4255
2024-01-28 11:10:00,2.7827
2024-01-28 11:20:00,3.0039
2024-01-28 11:30:00,3.1388
2024-01-28 11:40:00,2.9956
2024-01-28 11:50:00,3.1701
2024-01-28 12:00:00,3.2507
2024-01-28 12:10:00,3.1322
2024-01-28 12:20:00,3.1744
2024-01-28 12:30:00,2.9673
2024-01-28 12:40:00,2.909
2024-01-28 12:50:00,2.6835
2024-01-28 13:00:00,2.5869
2024-01-28 13:10:00,2.4905
2024-01-28 13:20:00,2.2123
2024-01-28 13:30:00,2.0901
2024-01-28 13:40:00,2.0193
2024-01-28 13:50:00,1.9836
2024-01-28 14:00:00,1.4164
2024-01-28 14:10:00,1.6729
2024-01-28 14:20:00,1.3164
2024-01-28 14:30:00,1.3211
2024-01-28 14:40:00,1.2393
2024-01-28 14:50:00,1.1955
2024-01-28 15:00:00,0.9
2024-01-28 15:10:00,0.9022
2024-01-28 15:20:00,0.8897
2024-01-28 15:30:00,0.8481
2024-01-28 15:40:00,1.0227
2024-01-28 15:50:00,0.908
2024-01-28 16:00:00,0.7959
2024-01-28 16:10:00,0.9526
2024-01-28 16:20:00,0.9305
2024-01-28 16:30:00,1.1499
2024-01-28 16:40:00,1.3333
2024-01-28 16:50:00,1.299
2024-01-28 17:00:00,1.4234
2024-01-28 17:10:00,1.5315
2024-01-28 17:20:00,1.6594
2024-01-28 17:30:00,1.7699
2024-01-28 17:40:00,1.8543
2024-01-28 17:50:00,2.0335
2024-01-28 18:00:00,1.8318
2024-01-28 18:10:00,1.8808
2024-01-28 18:20:00,1.6131
2024-01-28 18:30:00,1.6775
2024-01-28 18:40:00,1.6139
2024-01-28 18:50:00,1.4506
2024-01-28 19:00:00,1.4004
2024-01-28 19:10:00,1.3397
2024-01-28 19:20:00,1.1956
2024-01-28 19:30:00,1.4048
2024-01-28 19:40:00,1.1006
2024-01-28 19:50:00,1.1625
2024-01-28 20:00:00,1.0347
2024-01-28 20:10:00,0.7551
2024-01-28 20:20:00,0.767
2024-01-28 20:30:00,0.6739
2024-01-28 20:40:00,0.6645
2024-01-28 20:50:00,0.5544
2024-01-28 21:00:00,0.586
2024-01-28 21:10:00,0.6497
2024-01-28 21:20:00,0.635
2024-01-28 21:30:00,0.6185
2024-01-28 21:40:00,0.5812
2024-01-28 21:50:00,0.6691
2024-01-28 22:00:00,0.5546
2024-01-28 22:10:00,0.7176
2024-01-28 22:20:00,0.3926
2024-01-28 22:30:00,0.6423
2024-01-28 22:40:00,0.625
2024-01-28 22:50:00,0.5084
2024-01-28 23:00:00,0.5402
2024-01-28 23:10:00,0.6221
2024-01-28 23:20:00,0.6672
2024-01-28 23:30:00,0.4006
2024-01-28 23:40:00,0.6383
2024-01-28 23:50:00,0.5297
2024-01-29 00:00:00,0.5797
2024-01-29 00:10:00,0.2696
2024-01-29 00:20:00,0.6822
2024-01-29 00:30:00,0.3308
2024-01-29 00:40:00,0.5419
2024-01-29 00:50:00,0.3693
2024-01-29 01:00:00,0.2698
2024-01-29 01:10:00,0.3518
2024-01-29 01:20:00,0.4008
2024-01-29 01:30:00,0.1144
2024-01-29 01:40:00,0.3117
2024-01-29 01:50:00,0.213
2024-01-29 02:00:00,0.246
2024-01-29 02:10:00,0.1658
2024-01-29 02:20:00,0.1
2024-01-29 02:30:00,0.05
2024-01-29 02:40:00,0.2244
2024-01-29 02:50:00,0.2239
2024-01-29 03:00:00,0.2234
2024-01-29 03:10:00,0.1999
2024-01-29 03:20:00,0.2517
2024-01-29 03:30:00,0.2978
2024-01-29 03:40:00,0.05
2024-01-29 03:50:00,0.05
2024-01-29 04:00:00,0.3601
2024-01-29 04:10:00,0.0801
2024-01-29 04:20:00,0.133
2024-01-29 04:30:00,0.241
2024-01-29 04:40:00,0.1325
2024-01-29 04:50:00,0.2872
2024-01-29 05:00:00,0.2569
2024-01-29 05:10:00,0.353
2024-01-29 05:20:00,0.427
2024-01-29 05:30:00,0.3853
2024-01-29 05:40:00,0.3985
2024-01-29 05:50:00,0.4798
2024-01-29 06:00:00,0.5724
2024-01-29 06:10:00,0.6403
2024-01-29 06:20:00,0.4684
2024-01-29 06:30:00,0.6817
2024-01-29 06:40:00,0.5946
2024-01-29 06:50:00,0.3908
2024-01-29 07:00:00,0.3948
2024-01-29 07:10:00,0.4702
2024-01-29 07:20:00,0.6802
2024-01-29 07:30:00,0.4948
2024-01-29 07:40:00,0.3669
2024-01-29 07:50:00,0.5474
2024-01-29 08:00:00,0.3901
2024-01-29 08:10:00,0.5053
2024-01-29 08:20:00,0.5807
2024-01-29 08:30:00,0.6899
2024-01-29 08:40:00,0.8212
2024-01-29 08:50:00,0.8414
2024-01-29 09:00:00,0.7179
2024-01-29 09:10:00,0.8739
2024-01-29 09:20:00,1.0062
2024-01-29 09:30:00,1.0725
2024-01-29 09:40:00,1.1845
2024-01-29 09:50:00,1.1639
2024-01-29 10:00:00,1.3564
2024-01-29 10:10:00,1.576
2024-01-29 10:20:00,1.4581
2024-01-29 10:30:00,1.9862
2024-01-29 10:40:00,1.9396
2024-01-29 10:50:00,2.2962
2024-01-29 11:00:00,2.4298
2024-01-29 11:10:00,2.4452
2024-01-29 11:20:00,2.7125
2024-01-29 11:30:00,2.779
2024-01-29 11:40:00,2.7421
2024-01-29 11:50:00,2.7729
2024-01-29 12:00:00,2.939
2024-01-29 12:10:00,2.8383
2024-01-29 12:20:00,2.8775
2024-01-29 12:30:00,2.4658
2024-01-29 12:40:00,2.6224
2024-01-29 12:50:00,2.342
2024-01-29 13:00:00,2.3675
2024-01-29 13:10:00,2.2993
2024-01-29 13:20:00,2.2514
2024-01-29 13:30:00,1.8294
2024-01-29 13:40:00,1.7165
2024-01-29 13:50:00,1.6094
2024-01-29 14:00:00,1.3786
2024-01-29 14:10:00,1.4409
2024-01-29 14:20:00,1.2151
2024-01-29 14:30:00,1.1271
2024-01-29 14:40:00,1.0846
2024-01-29 14:50:00,0.9388
2024-01-29 15:00:00,0.8039
2024-01-29 15:10:00,0.8356
2024-01-29 15:20:00,0.7293
2024-01-29 15:30:00,0.8155
2024-01-29 15:40:00,0.9107
2024-01-29 15:50:00,0.7162
2024-01-29 16:00:00,0.7187
2024-01-29 16:10:00,0.9298
2024-01-29 16:20:00,0.9141
2024-01-29 16:30:00,1.0709
2024-01-29 16:40:00,1.1847
2024-01-29 16:50:00,1.0279
2024-01-29 17:00:00,1.4015
2024-01-29 17:10:00,1.3023
2024-01-29 17:20:00,1.4957
2024-01-29 17:30:00,1.4984
2024-01-29 17:40:00,1.5594
2024-01-29 17:50:00,1.8154
2024-01-29 18:00:00,1.6883
2024-01-29 18:10:00,1.7357
2024-01-29 18:20:00,1.6282
2024-01-29 18:30:00,1.6237
2024-01-29 18:40:00,1.5357
2024-01-29 18:50:00,1.4387
2024-01-29 19:00:00,1.4344
2024-01-29 19:10:00,1.2451
2024-01-29 19:20:00,1.3629
2024-01-29 19:30:00,1.1381
2024-01-29 19:40:00,0.8414
2024-01-29 19:50:00,0.8586
2024-01-29 20:00:00,0.8458
2024-01-29 20:10:00,0.7501
2024-01-29 20:20:00,0.7635
2024-01-29 20:30:00,0.7328
2024-01-29 20:40:00,0.4838
2024-01-29 20:50:00,0.7217
2024-01-29 21:00:00,0.524
2024-01-29 21:10:00,0.4991
2024-01-29 21:20:00,0.4879
2024-01-29 21:30:00,0.6209
2024-01-29 21:40:00,0.5079
2024-01-29 21:50:00,0.4645
2024-01-29 22:00:00,0.4859
2024-01-29 22:10:00,0.3472
2024-01-29 22:20:00,0.4414
2024-01-29 22:30:00,0.401
2024-01-29 22:40:00,0.4976
2024-01-29 22:50:00,0.5907
2024-01-29 23:00:00,0.5795
2024-01-29 23:10:00,0.6497
2024-01-29 23:20:00,0.6274
2024-01-29 23:30:00,0.4711
2024-01-29 23:40:00,0.5259
2024-01-29 23:50:00,0.5207
2024-01-30 00:00:00,0.2528
2024-01-30 00:10:00,0.3325
2024-01-30 00:20:00,0.4215
2024-01-30 00:30:00,0.4027
2024-01-30 00:40:00,0.4507
2024-01-30 00:50:00,0.4232
2024-01-30 01:00:00,0.1751
2024-01-30 01:10:00,0.3777
2024-01-30 01:20:00,0.3161
2024-01-30 01:30:00,0.3324
2024-01-30 01:40:00,0.3486
2024-01-30 01:50:00,0.2002
2024-01-30 02:00:00,0.3131
2024-01-30 02:10:00,0.076
2024-01-30 02:20:00,0.0628
2024-01-30 02:30:00,0.2003
2024-01-30 02:40:00,0.1205
2024-01-30 02:50:00,0.1836
2024-01-30 03:00:00,0.3567
2024-01-30 03:10:00,0.1968
2024-01-30 03:20:00,0.1786
2024-01-30 03:30:00,0.0705
2024-01-30 03:40:00,0.05
2024-01-30 03:50:00,0.1577
2024-01-30 04:00:00,0.2953
2024-01-30 04:10:00,0.1822
2024-01-30 04:20:00,0.2821
2024-01-30 04:30:00,0.4128
2024-01-30 04:40:00,0.4384
2024-01-30 04:50:00,0.3687
2024-01-30 05:00:00,0.3692
2024-01-30 05:10:00,0.225
2024-01-30 05:20:00,0.3366
2024-01-30 05:30:00,0.3921
2024-01-30 05:40:00,0.3533
2024-01-30 05:50:00,0.4795
2024-01-30 06:00:00,0.6598
2024-01-30 06:10:00,0.6325
2024-01-30 06:20:00,0.5154
2024-01-30 06:30:00,0.5778
2024-01-30 06:40:00,0.4348
2024-01-30 06:50:00,0.6612
2024-01-30 07:00:00,0.3654
2024-01-30 07:10:00,0.62
2024-01-30 07:20:00,0.586
2024-01-30 07:30:00,0.4701
2024-01-30 07:40:00,0.5361
2024-01-30 07:50:00,0.4577
2024-01-30 08:00:00,0.4798
2024-01-30 08:10:00,0.4526
2024-01-30 08:20:00,0.7171
2024-01-30 08:30:00,0.7965
2024-01-30 08:40:00,0.5036
2024-01-30 08:50:00,0.9569
2024-01-30 09:00:00,0.8358
2024-01-30 09:10:00,0.9414
2024-01-30 09:20:00,0.8528
2024-01-30 09:30:00,1.2324
2024-01-30 09:40:00,1.2332
2024-01-30 09:50:00,1.4519
2024-01-30 10:00:00,1.5959
2024-01-30 10:10:00,1.7521
2024-01-30 10:20:00,1.7052
2024-01-30 10:30:00,1.9041
2024-01-30 10:40:00,2.0187
2024-01-30 10:50:00,2.3203
2024-01-30 11:00:00,2.4066
2024-01-30 11:10:00,2.6101
2024-01-30 11:20:00,2.7275
2024-01-30 11:30:00,2.5358
2024-01-30 11:40:00,2.9121
2024-01-30 11:50:00,2.9142
2024-01-30 12:00:00,2.7964
2024-01-30 12:10:00,2.8541
2024-01-30 12:20:00,2.7647
2024-01-30 12:30:00,2.7702
2024-01-30 12:40:00,2.5791
2024-01-30 12:50:00,2.5512
2024-01-30 13:00:00,2.3802
2024-01-30 13:10:00,2.1879
2024-01-30 13:20:00,2.0995
2024-01-30 13:30:00,2.1966
2024-01-30 13:40:00,1.7031
2024-01-30 13:50:00,1.5963
2024-01-30 14:00:00,1.4114
2024-01-30 14:10:00,1.2886
2024-01-30 14:20:00,1.3054
2024-01-30 14:30:00,1.188
2024-01-30 14:40:00,1.0234
2024-01-30 14:50:00,1.05
2024-01-30 15:00:00,0.9663
2024-01-30 15:10:00,0.8269
2024-01-30 15:20:00,0.6627
2024-01-30 15:30:00,0.8888
2024-01-30 15:40:00,0.8292
2024-01-30 15:50:00,0.8371
2024-01-30 16:00:00,0.8266
2024-01-30 16:10:00,1.0007
2024-01-30 16:20:00,1.0271
2024-01-30 16:30:00,1.0455
2024-01-30 16:40:00,1.0317
2024-01-30 16:50:00,1.3508
2024-01-30 17:00:00,1.395
2024-01-30 17:10:00,1.4469
2024-01-30 17:20:00,1.2344
2024-01-30 17:30:00,1.5628
2024-01-30 17:40:00,1.5928
2024-01-30 17:50:00,1.5865
2024-01-30 18:00:00,1.7342
2024-01-30 18:10:00,1.7191
2024-01-30 18:20:00,1.6591
2024-01-30 18:30:00,1.6678
2024-01-30 18:40:00,1.3938
2024-01-30 18:50:00,1.3699
2024-01-30 19:00:00,1.3331
2024-01-30 19:10:00,1.169
2024-01-30 19:20:00,1.2087
2024-01-30 19:30:00,0.9914
2024-01-30 19:40:00,1.0865
2024-01-30 19:50:00,0.7844
2024-01-30 20:00:00,1.0205
2024-01-30 20:10:00,0.9497
2024-01-30 20:20:00,0.6864
2024-01-30 20:30:00,0.7687
2024-01-30 20:40:00,0.5806
2024-01-30 20:50:00,0.6958
2024-01-30 21:00:00,0.5569
2024-01-30 21:10:00,0.431
2024-01-30 21:20:00,0.1953
2024-01-30 21:30:00,0.5139
2024-01-30 21:40:00,0.5632
2024-01-30 21:50:00,0.6646
2024-01-30 22:00:00,0.5327
2024-01-30 22:10:00,0.6277
2024-01-30 22:20:00,0.481
2024-01-30 22:30:00,0.492
2024-01-30 22:40:00,0.6307
2024-01-30 22:50:00,0.2786
2024-01-30 23:00:00,0.5262
2024-01-30 23:10:00,0.4848
2024-01-30 23:20:00,0.6608
2024-01-30 23:30:00,0.4719
2024-01-30 23:40:00,0.5764
2024-01-30 23:50:00,0.6168
2024-01-31 00:00:00,0.3193
2024-01-31 00:10:00,0.4409
2024-01-31 00:20:00,0.3957
2024-01-31 00:30:00,0.5152
2024-01-31 00:40:00,0.4676
2024-01-31 00:50:00,0.354
2024-01-31 01:00:00,0.2479
2024-01-31 01:10:00,0.4301
2024-01-31 01:20:00,0.2919
2024-01-31 01:30:00,0.1086
2024-01-31 01:40:00,0.089
2024-01-31 01:50:00,0.2586
2024-01-31 02:00:00,0.0613
2024-01-31 02:10:00,0.3512
2024-01-31 02:20:00,0.0639
2024-01-31 02:30:00,0.1576
2024-01-31 02:40:00,0.1735
2024-01-31 02:50:00,0.0847
2024-01-31 03:00:00,0.05
2024-01-31 03:10:00,0.1767
2024-01-31 03:20:00,0.0823
2024-01-31 03:30:00,0.1693
2024-01-31 03:40:00,0.1454
2024-01-31 03:50:00,0.1915
2024-01-31 04:00:00,0.345
2024-01-31 04:10:00,0.1602
2024-01-31 04:20:00,0.1954
2024-01-31 04:30:00,0.1039
2024-01-31 04:40:00,0.2792
2024-01-31 04:50:00,0.3673
2024-01-31 05:00:00,0.3043
2024-01-31 05:10:00,0.4191
2024-01-31 05:20:00,0.3824
2024-01-31 05:30:00,0.2906
2024-01-31 05:40:00,0.4704
2024-01-31 05:50:00,0.4347
2024-01-31 06:00:00,0.4816
2024-01-31 06:10:00,0.4247
2024-01-31 06:20:00,0.4261
2024-01-31 06:30:00,0.5163
2024-01-31 06:40:00,0.4853
2024-01-31 06:50:00,0.6879
2024-01-31 07:00:00,0.6022
2024-01-31 07:10:00,0.5839
2024-01-31 07:20:00,0.5195
2024-01-31 07:30:00,0.3438
2024-01-31 07:40:00,0.477
2024-01-31 07:50:00,0.5072
2024-01-31 08:00:00,0.5624
2024-01-31 08:10:00,0.6093
2024-01-31 08:20:00,0.7068
2024-01-31 08:30:00,0.7042
2024-01-31 08:40:00,0.8367
2024-01-31 08:50:00,0.743
2024-01-31 09:00:00,0.8639
2024-01-31 09:10:00,0.9481
2024-01-31 09:20:00,1.026
2024-01-31 09:30:00,1.2301
2024-01-31 09:40:00,1.2953
2024-01-31 09:50:00,1.208
2024-01-31 10:00:00,1.4644
2024-01-31 10:10:00,1.6195
2024-01-31 10:20:00,1.9876
2024-01-31 10:30:00,1.8947
2024-01-31 10:40:00,1.9846
2024-01-31 10:50:00,2.2777
2024-01-31 11:00:00,2.4264
2024-01-31 11:10:00,2.4994
2024-01-31 11:20:00,2.5979
2024-01-31 11:30:00,2.8073
2024-01-31 11:40:00,2.6956
2024-01-31 11:50:00,2.789
2024-01-31 12:00:00,2.7851
2024-01-31 12:10:00,2.9325
2024-01-31 12:20:00,2.8095
2024-01-31 12:30:00,2.6059
2024-01-31 12:40:00,2.5235
2024-01-31 12:50:00,2.6942
2024-01-31 13:00:00,2.4852
2024-01-31 13:10:00,2.3184
2024-01-31 13:20:00,2.0846
2024-01-31 13:30:00,2.0795
2024-01-31 13:40:00,1.6638
2024-01-31 13:50:00,1.6989
2024-01-31 14:00:00,1.4359
2024-01-31 14:10:00,1.322
2024-01-31 14:20:00,1.2982
2024-01-31 14:30:00,1.1037
2024-01-31 14:40:00,0.982
2024-01-31 14:50:00,0.8992
2024-01-31 15:00:00,0.6895
2024-01-31 15:10:00,0.9206
2024-01-31 15:20:00,0.7166
2024-01-31 15:30:00,0.9928
2024-01-31 15:40:00,0.7846
2024-01-31 15:50:00,0.967
2024-01-31 16:00:00,0.6936
2024-01-31 16:10:00,1.0007
2024-01-31 16:20:00,1.0925
2024-01-31 16:30:00,1.2011
2024-01-31 16:40:00,1.0031
2024-01-31 16:50:00,1.1755
2024-01-31 17:00:00,1.394
2024-01-31 17:10:00,1.4382
2024-01-31 17:20:00,1.5316
2024-01-31 17:30:00,1.5328
2024-01-31 17:40:00,1.7743
2024-01-31 17:50:00,1.9115
2024-01-31 18:00:00,1.6715
2024-01-31 18:10:00,1.6953
2024-01-31 18:20:00,1.6234
2024-01-31 18:30:00,1.6946
2024-01-31 18:40:00,1.5811
2024-01-31 18:50:00,1.3106
2024-01-31 19:00:00,1.2662
2024-01-31 19:10:00,1.132
2024-01-31 19:20:00,1.4071
2024-01-31 19:30:00,1.1086
2024-01-31 19:40:00,0.8985
2024-01-31 19:50:00,0.8112
2024-01-31 20:00:00,0.889
2024-01-31 20:10:00,0.8383
2024-01-31 20:20:00,0.7766
2024-01-31 20:30:00,0.6124
2024-01-31 20:40:00,0.6521
2024-01-31 20:50:00,0.6064
2024-01-31 21:00:00,0.4817
2024-01-31 21:10:00,0.4677
2024-01-31 21:20:00,0.5906
2024-01-31 21:30:00,0.5612
2024-01-31 21:40:00,0.5914
2024-01-31 21:50:00,0.6114
2024-01-31 22:00:00,0.6798
2024-01-31 22:10:00,0.4506
2024-01-31 22:20:00,0.5901
2024-01-31 22:30:00,0.6014
2024-01-31 22:40:00,0.4948
2024-01-31 22:50:00,0.538
2024-01-31 23:00:00,0.497
2024-01-31 23:10:00,0.7364
2024-01-31 23:20:00,0.536
2024-01-31 23:30:00,0.5706
2024-01-31 23:40:00,0.4991
2024-01-31 23:50:00,0.4775
2024-02-01 00:00:00,0.339
2024-02-01 00:10:00,0.5655
2024-02-01 00:20:00,0.5163
2024-02-01 00:30:00,0.3911
2024-02-01 00:40:00,0.3106
2024-02-01 00:50:00,0.3959
2024-02-01 01:00:00,0.3033
2024-02-01 01:10:00,0.3045
2024-02-01 01:20:00,0.1728
2024-02-01 01:30:00,0.2926
2024-02-01 01:40:00,0.2663
2024-02-01 01:50:00,0.3246
2024-02-01 02:00:00,0.174
2024-02-01 02:10:00,0.1321
2024-02-01 02:20:00,0.05
2024-02-01 02:30:00,0.2679
2024-02-01 02:40:00,0.2471
2024-02-01 02:50:00,0.1607
2024-02-01 03:00:00,0.05
2024-02-01 03:10:00,0.05
2024-02-01 03:20:00,0.1031
2024-02-01 03:30:00,0.2544
2024-02-01 03:40:00,0.1869
2024-02-01 03:50:00,0.05
2024-02-01 04:00:00,0.2295
2024-02-01 04:10:00,0.1312
2024-02-01 04:20:00,0.1904
2024-02-01 04:30:00,0.368
2024-02-01 04:40:00,0.3757
2024-02-01 04:50:00,0.4361
2024-02-01 05:00:00,0.3508
2024-02-01 05:10:00,0.4662
2024-02-01 05:20:00,0.3421
2024-02-01 05:30:00,0.3956
2024-02-01 05:40:00,0.4072
2024-02-01 05:50:00,0.4583
2024-02-01 06:00:00,0.3413
2024-02-01 06:10:00,0.4595
2024-02-01 06:20:00,0.6375
2024-02-01 06:30:00,0.392
2024-02-01 06:40:00,0.3762
2024-02-01 06:50:00,0.3914
2024-02-01 07:00:00,0.7893
2024-02-01 07:10:00,0.5767
2024-02-01 07:20:00,0.511
2024-02-01 07:30:00,0.554
2024-02-01 07:40:00,0.5813
2024-02-01 07:50:00,0.5087
2024-02-01 08:00:00,0.539
2024-02-01 08:10:00,0.5977
2024-02-01 08:20:00,0.5696
2024-02-01 08:30:00,0.6381
2024-02-01 08:40:00,0.7571
2024-02-01 08:50:00,0.6756
2024-02-01 09:00:00,1.1003
2024-02-01 09:10:00,0.9903
2024-02-01 09:20:00,0.8759
2024-02-01 09:30:00,0.8556
2024-02-01 09:40:00,1.1479
2024-02-01 09:50:00,1.4103
2024-02-01 10:00:00,1.527
2024-02-01 10:10:00,1.6121
2024-02-01 10:20:00,1.7148
2024-02-01 10:30:00,1.84
2024-02-01 10:40:00,2.0455
2024-02-01 10:50:00,2.1358
2024-02-01 11:00:00,2.3401
2024-02-01 11:10:00,2.6433
2024-02-01 11:20:00,2.5465
2024-02-01 11:30:00,2.7773
2024-02-01 11:40:00,2.8612
2024-02-01 11:50:00,2.7191
2024-02-01 12:00:00,2.757
2024-02-01 12:10:00,2.934
2024-02-01 12:20:00,2.6923
2024-02-01 12:30:00,2.7105
2024-02-01 12:40:00,2.8277
2024-02-01 12:50:00,2.6083
2024-02-01 13:00:00,2.3887
2024-02-01 13:10:00,2.3215
2024-02-01 13:20:00,2.0807
2024-02-01 13:30:00,2.0332
2024-02-01 13:40:00,1.572
2024-02-01 13:50:00,1.612
2024-02-01 14:00:00,1.2737
2024-02-01 14:10:00,1.3649
2024-02-01 14:20:00,1.2037
2024-02-01 14:30:00,1.2557
2024-02-01 14:40:00,1.0981
2024-02-01 14:50:00,0.8974
2024-02-01 15:00:00,0.8488
2024-02-01 15:10:00,0.8836
2024-02-01 15:20:00,0.7611
2024-02-01 15:30:00,0.8049
2024-02-01 15:40:00,0.9462
2024-02-01 15:50:00,0.7543
2024-02-01 16:00:00,0.8309
2024-02-01 16:10:00,0.8981
2024-02-01 16:20:00,1.3109
2024-02-01 16:30:00,1.1331
2024-02-01 16:40:00,1.2707
2024-02-01 16:50:00,1.3243
2024-02-01 17:00:00,1.4218
2024-02-01 17:10:00,1.4727
2024-02-01 17:20:00,1.5409
2024-02-01 17:30:00,1.4259
2024-02-01 17:40:00,1.6573
2024-02-01 17:50:00,1.6422
2024-02-01 18:00:00,1.718
2024-02-01 18:10:00,1.6452
2024-02-01 18:20:00,1.6963
2024-02-01 18:30:00,1.6624
2024-02-01 18:40:00,1.2091
2024-02-01 18:50:00,1.3759
2024-02-01 19:00:00,1.1436
2024-02-01 19:10:00,1.2586
2024-02-01 19:20:00,1.1092
2024-02-01 19:30:00,1.1821
2024-02-01 19:40:00,0.9801
2024-02-01 19:50:00,0.8314
2024-02-01 20:00:00,0.9034
2024-02-01 20:10:00,0.717
2024-02-01 20:20:00,0.648
2024-02-01 20:30:00,0.6953
2024-02-01 20:40:00,0.7837
2024-02-01 20:50:00,0.6815
2024-02-01 21:00:00,0.6328
2024-02-01 21:10:00,0.8362
2024-02-01 21:20:00,0.4769
2024-02-01 21:30:00,0.4669
2024-02-01 21:40:00,0.5514
2024-02-01 21:50:00,0.6846
2024-02-01 22:00:00,0.4364
2024-02-01 22:10:00,0.7044
2024-02-01 22:20:00,0.3839
2024-02-01 22:30:00,0.5151
2024-02-01 22:40:00,0.5441
2024-02-01 22:50:00,0.4382
2024-02-01 23:00:00,0.4642
2024-02-01 23:10:00,0.6059
2024-02-01 23:20:00,0.6704
2024-02-01 23:30:00,0.3147
2024-02-01 23:40:00,0.5442
2024-02-01 23:50:00,0.5148
2024-02-02 00:00:00,0.4806
2024-02-02 00:10:00,0.4244
2024-02-02 00:20:00,0.3111
2024-02-02 00:30:00,0.576
2024-02-02 00:40:00,0.5171
2024-02-02 00:50:00,0.368
2024-02-02 01:00:00,0.3048
2024-02-02 01:10:00,0.2662
2024-02-02 01:20:00,0.05
2024-02-02 01:30:00,0.3066
2024-02-02 01:40:00,0.321
2024-02-02 01:50:00,0.2292
2024-02-02 02:00:00,0.1807
2024-02-02 02:10:00,0.179
2024-02-02 02:20:00,0.0727
2024-02-02 02:30:00,0.1081
2024-02-02 02:40:00,0.1414
2024-02-02 02:50:00,0.2277
2024-02-02 03:00:00,0.296
2024-02-02 03:10:00,0.1352
2024-02-02 03:20:00,0.0536
2024-02-02 03:30:00,0.1616
2024-02-02 03:40:00,0.3592
2024-02-02 03:50:00,0.0699
2024-02-02 04:00:00,0.278
2024-02-02 04:10:00,0.349
2024-02-02 04:20:00,0.207
2024-02-02 04:30:00,0.2012
2024-02-02 04:40:00,0.357
2024-02-02 04:50:00,0.3625
2024-02-02 05:00:00,0.4231
2024-02-02 05:10:00,0.5858
2024-02-02 05:20:00,0.418
2024-02-02 05:30:00,0.3028
2024-02-02 05:40:00,0.4471
2024-02-02 05:50:00,0.4807
2024-02-02 06:00:00,0.5973
2024-02-02 06:10:00,0.463
2024-02-02 06:20:00,0.4522
2024-02-02 06:30:00,0.3649
2024-02-02 06:40:00,0.5646
2024-02-02 06:50:00,0.8518
2024-02-02 07:00:00,0.5016
2024-02-02 07:10:00,0.5761
2024-02-02 07:20:00,0.484
2024-02-02 07:30:00,0.4198
2024-02-02 07:40:00,0.6027
2024-02-02 07:50:00,0.5763
2024-02-02 08:00:00,0.3529
2024-02-02 08:10:00,0.7753
2024-02-02 08:20:00,0.6846
2024-02-02 08:30:00,0.6862
2024-02-02 08:40:00,0.6806
2024-02-02 08:50:00,0.8169
2024-02-02 09:00:00,0.8857
2024-02-02 09:10:00,0.9564
2024-02-02 09:20:00,1.111
2024-02-02 09:30:00,1.2345
2024-02-02 09:40:00,1.4189
2024-02-02 09:50:00,1.26
2024-02-02 10:00:00,1.4227
2024-02-02 10:10:00,1.6615
2024-02-02 10:20:00,1.6995
2024-02-02 10:30:00,1.8713
2024-02-02 10:40:00,2.1362
2024-02-02 10:50:00,2.3302
2024-02-02 11:00:00,2.5109
2024-02-02 11:10:00,2.4945
2024-02-02 11:20:00,2.6735
2024-02-02 11:30:00,2.7443
2024-02-02 11:40:00,2.7905
2024-02-02 11:50:00,2.7494
2024-02-02 12:00:00,2.7509
2024-02-02 12:10:00,2.8977
2024-02-02 12:20:00,2.7055
2024-02-02 12:30:00,2.5423
2024-02-02 12:40:00,2.6241
2024-02-02 12:50:00,2.6594
2024-02-02 13:00:00,2.104
2024-02-02 13:10:00,2.2117
2024-02-02 13:20:00,2.1568
2024-02-02 13:30:00,1.7517
2024-02-02 13:40:00,1.7578
2024-02-02 13:50:00,1.5142
2024-02-02 14:00:00,1.3837
2024-02-02 14:10:00,1.3104
2024-02-02 14:20:00,1.1167
2024-02-02 14:30:00,1.0005
2024-02-02 14:40:00,1.0224
2024-02-02 14:50:00,1.174
2024-02-02 15:00:00,0.9664
2024-02-02 15:10:00,0.9477
2024-02-02 15:20:00,0.8992
2024-02-02 15:30:00,0.7395
2024-02-02 15:40:00,0.8467
2024-02-02 15:50:00,0.9482
2024-02-02 16:00:00,0.9597
2024-02-02 16:10:00,0.9496
2024-02-02 16:20:00,1.0484
2024-02-02 16:30:00,1.32
2024-02-02 16:40:00,1.2431
2024-02-02 16:50:00,1.2177
2024-02-02 17:00:00,1.3327
2024-02-02 17:10:00,1.3219
2024-02-02 17:20:00,1.7411
2024-02-02 17:30:00,1.7336
2024-02-02 17:40:00,1.6321
2024-02-02 17:50:00,1.8734
2024-02-02 18:00:00,1.729
2024-02-02 18:10:00,1.6115
2024-02-02 18:20:00,1.7129
2024-02-02 18:30:00,1.6104
2024-02-02 18:40:00,1.5862
2024-02-02 18:50:00,1.2843
2024-02-02 19:00:00,1.2502
2024-02-02 19:10:00,1.3852
2024-02-02 19:20:00,1.3101
2024-02-02 19:30:00,1.1895
2024-02-02 19:40:00,1.1826
2024-02-02 19:50:00,0.9389
2024-02-02 20:00:00,0.8614
2024-02-02 20:10:00,0.6586
2024-02-02 20:20:00,0.6407
2024-02-02 20:30:00,0.458
2024-02-02 20:40:00,0.5911
2024-02-02 20:50:00,0.3911
2024-02-02 21:00:00,0.685
2024-02-02 21:10:00,0.6007
2024-02-02 21:20:00,0.3483
2024-02-02 21:30:00,0.5241
2024-02-02 21:40:00,0.7344
2024-02-02 21:50:00,0.5213
2024-02-02 22:00:00,0.4315
2024-02-02 22:10:00,0.3511
2024-02-02 22:20:00,0.353
2024-02-02 22:30:00,0.5815
2024-02-02 22:40:00,0.4841
2024-02-02 22:50:00,0.4921
2024-02-02 23:00:00,0.4841
2024-02-02 23:10:00,0.513
2024-02-02 23:20:00,0.4042
2024-02-02 23:30:00,0.5585
2024-02-02 23:40:00,0.3846
2024-02-02 23:50:00,0.4513
2024-02-03 00:00:00,0.6186
2024-02-03 00:10:00,0.54
2024-02-03 00:20:00,0.5533
2024-02-03 00:30:00,0.6796
2024-02-03 00:40:00,0.4359
2024-02-03 00:50:00,0.4189
2024-02-03 01:00:00,0.3631
2024-02-03 01:10:00,0.316
2024-02-03 01:20:00,0.2289
2024-02-03 01:30:00,0.3072
2024-02-03 01:40:00,0.3031
2024-02-03 01:50:00,0.2783
2024-02-03 02:00:00,0.215
2024-02-03 02:10:00,0.2751
2024-02-03 02:20:00,0.1771
2024-02-03 02:30:00,0.1332
2024-02-03 02:40:00,0.0814
2024-02-03 02:50:00,0.05
2024-02-03 03:00:00,0.3202
2024-02-03 03:10:00,0.1042
2024-02-03 03:20:00,0.0815
2024-02-03 03:30:00,0.1324
2024-02-03 03:40:00,0.1463
2024-02-03 03:50:00,0.3463
2024-02-03 04:00:00,0.1758
2024-02-03 04:10:00,0.5006
2024-02-03 04:20:00,0.274
2024-02-03 04:30:00,0.5045
2024-02-03 04:40:00,0.4193
2024-02-03 04:50:00,0.3965
2024-02-03 05:00:00,0.5473
2024-02-03 05:10:00,0.5291
2024-02-03 05:20:00,0.5055
2024-02-03 05:30:00,0.6966
2024-02-03 05:40:00,0.4353
2024-02-03 05:50:00,0.4034
2024-02-03 06:00:00,0.4508
2024-02-03 06:10:00,0.7069
2024-02-03 06:20:00,0.6882
2024-02-03 06:30:00,0.5004
2024-02-03 06:40:00,0.3261
2024-02-03 06:50:00,0.5488
2024-02-03 07:00:00,0.4757
2024-02-03 07:10:00,0.5354
2024-02-03 07:20:00,0.488
2024-02-03 07:30:00,0.4426
2024-02-03 07:40:00,0.8044
2024-02-03 07:50:00,0.5633
2024-02-03 08:00:00,0.7928
2024-02-03 08:10:00,0.6545
2024-02-03 08:20:00,0.5952
2024-02-03 08:30:00,0.7986
2024-02-03 08:40:00,0.7571
2024-02-03 08:50:00,0.8345
2024-02-03 09:00:00,0.9403
2024-02-03 09:10:00,0.928
2024-02-03 09:20:00,0.9441
2024-02-03 09:30:00,1.212
2024-02-03 09:40:00,1.4383
2024-02-03 09:50:00,1.3899
2024-02-03 10:00:00,1.6456
2024-02-03 10:10:00,1.9409
2024-02-03 10:20:00,1.9489
2024-02-03 10:30:00,2.1379
2024-02-03 10:40:00,2.3062
2024-02-03 10:50:00,2.3993
2024-02-03 11:00:00,2.5259
2024-02-03 11:10:00,2.67
2024-02-03 11:20:00,2.9307
2024-02-03 11:30:00,3.0719
2024-02-03 11:40:00,3.1523
2024-02-03 11:50:00,3.0805
2024-02-03 12:00:00,3.2434
2024-02-03 12:10:00,3.1491
2024-02-03 12:20:00,3.0789
2024-02-03 12:30:00,2.6622
2024-02-03 12:40:00,2.8122
2024-02-03 12:50:00,2.6169
2024-02-03 13:00:00,2.6881
2024-02-03 13:10:00,2.4774
2024-02-03 13:20:00,2.1941
2024-02-03 13:30:00,2.1608
2024-02-03 13:40:00,1.8174
2024-02-03 13:50:00,1.689
2024-02-03 14:00:00,1.5641
2024-02-03 14:10:00,1.5417
2024-02-03 14:20:00,1.4937
2024-02-03 14:30:00,1.1764
2024-02-03 14:40:00,1.265
2024-02-03 14:50:00,1.0526
2024-02-03 15:00:00,1.0047
2024-02-03 15:10:00,0.9262
2024-02-03 15:20:00,0.883
2024-02-03 15:30:00,0.9353
2024-02-03 15:40:00,0.9724
2024-02-03 15:50:00,0.835
2024-02-03 16:00:00,0.947
2024-02-03 16:10:00,1.1915
2024-02-03 16:20:00,1.1153
2024-02-03 16:30:00,1.2114
2024-02-03 16:40:00,1.3935
2024-02-03 16:50:00,1.3259
2024-02-03 17:00:00,1.4727
2024-02-03 17:10:00,1.6539
2024-02-03 17:20:00,1.7832
2024-02-03 17:30:00,1.4963
2024-02-03 17:40:00,1.7149
2024-02-03 17:50:00,1.7235
2024-02-03 18:00:00,1.8225
2024-02-03 18:10:00,1.7303
2024-02-03 18:20:00,1.8533
2024-02-03 18:30:00,1.7472
2024-02-03 18:40:00,1.7438
2024-02-03 18:50:00,1.6608
2024-02-03 19:00:00,1.5342
2024-02-03 19:10:00,1.3283
2024-02-03 19:20:00,1.267
2024-02-03 19:30:00,1.1083
2024-02-03 19:40:00,0.9218
2024-02-03 19:50:00,1.066
2024-02-03 20:00:00,0.8846
2024-02-03 20:10:00,0.6757
2024-02-03 20:20:00,0.8234
2024-02-03 20:30:00,0.7011
2024-02-03 20:40:00,0.4805
2024-02-03 20:50:00,0.5202
2024-02-03 21:00:00,0.5654
2024-02-03 21:10:00,0.64
2024-02-03 21:20:00,0.6856
2024-02-03 21:30:00,0.6736
2024-02-03 21:40:00,0.6524
2024-02-03 21:50:00,0.5846
2024-02-03 22:00:00,0.7575
2024-02-03 22:10:00,0.6534
2024-02-03 22:20:00,0.6044
2024-02-03 22:30:00,0.6382
2024-02-03 22:40:00,0.5411
2024-02-03 22:50:00,0.575
2024-02-03 23:00:00,0.3724
2024-02-03 23:10:00,0.5418
2024-02-03 23:20:00,0.7564
2024-02-03 23:30:00,0.5953
2024-02-03 23:40:00,0.5911
2024-02-03 23:50:00,0.6803
2024-02-04 00:00:00,0.554
2024-02-04 00:10:00,0.4244
2024-02-04 00:20:00,0.4878
2024-02-04 00:30:00,0.3517
2024-02-04 00:40:00,0.4609
2024-02-04 00:50:00,0.3336
2024-02-04 01:00:00,0.4829
2024-02-04 01:10:00,0.3098
2024-02-04 01:20:00,0.2479
2024-02-04 01:30:00,0.2879
2024-02-04 01:40:00,0.3045
2024-02-04 01:50:00,0.1169
2024-02-04 02:00:00,0.1568
2024-02-04 02:10:00,0.1932
2024-02-04 02:20:00,0.3082
2024-02-04 02:30:00,0.05
2024-02-04 02:40:00,0.2359
2024-02-04 02:50:00,0.136
2024-02-04 03:00:00,0.1249
2024-02-04 03:10:00,0.1062
2024-02-04 03:20:00,0.138
2024-02-04 03:30:00,0.2364
2024-02-04 03:40:00,0.1207
2024-02-04 03:50:00,0.3486
2024-02-04 04:00:00,0.2713
2024-02-04 04:10:00,0.2574
2024-02-04 04:20:00,0.2514
2024-02-04 04:30:00,0.4182
2024-02-04 04:40:00,0.464
2024-02-04 04:50:00,0.2448
2024-02-04 05:00:00,0.3199
2024-02-04 05:10:00,0.4809
2024-02-04 05:20:00,0.5363
2024-02-04 05:30:00,0.4354
2024-02-04 05:40:00,0.4115
2024-02-04 05:50:00,0.5115
2024-02-04 06:00:00,0.6668
2024-02-04 06:10:00,0.5365
2024-02-04 06:20:00,0.4174
2024-02-04 06:30:00,0.5646
2024-02-04 06:40:00,0.6406
2024-02-04 06:50:00,0.5601
2024-02-04 07:00:00,0.7036
2024-02-04 07:10:00,0.6722
2024-02-04 07:20:00,0.5881
2024-02-04 07:30:00,0.6087
2024-02-04 07:40:00,0.4327
2024-02-04 07:50:00,0.7536
2024-02-04 08:00:00,0.6195
2024-02-04 08:10:00,0.6376
2024-02-04 08:20:00,0.6542
2024-02-04 08:30:00,0.7944
2024-02-04 08:40:00,0.6844
2024-02-04 08:50:00,0.7579
2024-02-04 09:00:00,0.9218
2024-02-04 09:10:00,0.9479
2024-02-04 09:20:00,1.1412
2024-02-04 09:30:00,1.1598
2024-02-04 09:40:00,1.5033
2024-02-04 09:50:00,1.5514
2024-02-04 10:00:00,1.7005
2024-02-04 10:10:00,1.7323
2024-02-04 10:20:00,2.2011
2024-02-04 10:30:00,2.0883
2024-02-04 10:40:00,2.2324
2024-02-04 10:50:00,2.5415
2024-02-04 11:00:00,2.6483
2024-02-04 11:10:00,2.6908
2024-02-04 11:20:00,3.1174
2024-02-04 11:30:00,3.0977
2024-02-04 11:40:00,3.0763
2024-02-04 11:50:00,3.3627
2024-02-04 12:00:00,3.2194
2024-02-04 12:10:00,3.1214
2024-02-04 12:20:00,3.3041
2024-02-04 12:30:00,3.0661
2024-02-04 12:40:00,2.9594
2024-02-04 12:50:00,2.7341
2024-02-04 13:00:00,2.6339
2024-02-04 13:10:00,2.4302
2024-02-04 13:20:00,2.4484
2024-02-04 13:30:00,1.9723
2024-02-04 13:40:00,2.0989
2024-02-04 13:50:00,1.7081
2024-02-04 14:00:00,1.6315
2024-02-04 14:10:00,1.4602
2024-02-04 14:20:00,1.3036
2024-02-04 14:30:00,1.3056
2024-02-04 14:40:00,1.1337
2024-02-04 14:50:00,0.9825
2024-02-04 15:00:00,0.9978
2024-02-04 15:10:00,0.8643
2024-02-04 15:20:00,0.8501
2024-02-04 15:30:00,0.7428
2024-02-04 15:40:00,0.8546
2024-02-04 15:50:00,0.9742
2024-02-04 16:00:00,0.9709
2024-02-04 16:10:00,1.2074
2024-02-04 16:20:00,1.3603
2024-02-04 16:30:00,1.1379
2024-02-04 16:40:00,1.1952
2024-02-04 16:50:00,1.4909
2024-02-04 17:00:00,1.5116
2024-02-04 17:10:00,1.6879
2024-02-04 17:20:00,1.7015
2024-02-04 17:30:00,1.7158
2024-02-04 17:40:00,1.7722
2024-02-04 17:50:00,1.8691
2024-02-04 18:00:00,1.8162
2024-02-04 18:10:00,1.9469
2024-02-04 18:20:00,1.6591
2024-02-04 18:30:00,1.8537
2024-02-04 18:40:00,1.4698
2024-02-04 18:50:00,1.5821
2024-02-04 19:00:00,1.4352
2024-02-04 19:10:00,1.2121
2024-02-04 19:20:00,1.0523
2024-02-04 19:30:00,1.0462
2024-02-04 19:40:00,1.0642
2024-02-04 19:50:00,0.9117
2024-02-04 20:00:00,0.7901
2024-02-04 20:10:00,0.9623
2024-02-04 20:20:00,0.6475
2024-02-04 20:30:00,0.7924
2024-02-04 20:40:00,0.5985
2024-02-04 20:50:00,0.5462
2024-02-04 21:00:00,0.5759
2024-02-04 21:10:00,0.6818
2024-02-04 21:20:00,0.4705
2024-02-04 21:30:00,0.6278
2024-02-04 21:40:00,0.4969
2024-02-04 21:50:00,0.5107
2024-02-04 22:00:00,0.6261
2024-02-04 22:10:00,0.8015
2024-02-04 22:20:00,0.4919
2024-02-04 22:30:00,0.6543
2024-02-04 22:40:00,0.5506
2024-02-04 22:50:00,0.5341
2024-02-04 23:00:00,0.6885
2024-02-04 23:10:00,0.4969
2024-02-04 23:20:00,0.4658
2024-02-04 23:30:00,0.6272
2024-02-04 23:40:00,0.7407
2024-02-04 23:50:00,0.6562
2024-02-05 00:00:00,0.3311
2024-02-05 00:10:00,0.3964
2024-02-05 00:20:00,0.5398
2024-02-05 00:30:00,0.5816
2024-02-05 00:40:00,0.4257
2024-02-05 00:50:00,0.322
2024-02-05 01:00:00,0.5196
2024-02-05 01:10:00,0.321
2024-02-05 01:20:00,0.2402
2024-02-05 01:30:00,0.1948
2024-02-05 01:40:00,0.1244
2024-02-05 01:50:00,0.4996
2024-02-05 02:00:00,0.3322
2024-02-05 02:10:00,0.1007
2024-02-05 02:20:00,0.3319
2024-02-05 02:30:00,0.212
2024-02-05 02:40:00,0.2061
2024-02-05 02:50:00,0.0869
2024-02-05 03:00:00,0.1073
2024-02-05 03:10:00,0.1545
2024-02-05 03:20:00,0.05
2024-02-05 03:30:00,0.11
2024-02-05 03:40:00,0.1592
2024-02-05 03:50:00,0.2973
2024-02-05 04:00:00,0.1285
2024-02-05 04:10:00,0.2975
2024-02-05 04:20:00,0.05
2024-02-05 04:30:00,0.389
2024-02-05 04:40:00,0.2107
2024-02-05 04:50:00,0.3416
2024-02-05 05:00:00,0.3957
2024-02-05 05:10:00,0.401
2024-02-05 05:20:00,0.3923
2024-02-05 05:30:00,0.2995
2024-02-05 05:40:00,0.3532
2024-02-05 05:50:00,0.5581
2024-02-05 06:00:00,0.4128
2024-02-05 06:10:00,0.4743
2024-02-05 06:20:00,0.3459
2024-02-05 06:30:00,0.5899
2024-02-05 06:40:00,0.3799
2024-02-05 06:50:00,0.6107
2024-02-05 07:00:00,0.4197
2024-02-05 07:10:00,0.6345
2024-02-05 07:20:00,0.542
2024-02-05 07:30:00,0.4943
2024-02-05 07:40:00,0.7216
2024-02-05 07:50:00,0.5689
2024-02-05 08:00:00,0.5577
2024-02-05 08:10:00,0.7077
2024-02-05 08:20:00,0.4976
2024-02-05 08:30:00,0.4288
2024-02-05 08:40:00,0.8416
2024-02-05 08:50:00,0.6959
2024-02-05 09:00:00,0.9304
2024-02-05 09:10:00,0.9246
2024-02-05 09:20:00,0.8919
2024-02-05 09:30:00,1.1702
2024-02-05 09:40:00,1.1822
2024-02-05 09:50:00,1.2414
2024-02-05 10:00:00,1.3809
2024-02-05 10:10:00,1.4587
2024-02-05 10:20:00,1.825
2024-02-05 10:30:00,1.8474
2024-02-05 10:40:00,2.0936
2024-02-05 10:50:00,2.2311
2024-02-05 11:00:00,2.2988
2024-02-05 11:10:00,2.3716
2024-02-05 11:20:00,2.8913
2024-02-05 11:30:00,2.7262
2024-02-05 11:40:00,2.9824
2024-02-05 11:50:00,2.959
2024-02-05 12:00:00,2.8247
2024-02-05 12:10:00,2.8606
2024-02-05 12:20:00,2.8153
2024-02-05 12:30:00,2.9155
2024-02-05 12:40:00,2.7209
2024-02-05 12:50:00,2.4433
2024-02-05 13:00:00,2.4283
2024-02-05 13:10:00,2.33
2024-02-05 13:20:00,1.9802
2024-02-05 13:30:00,1.9913
2024-02-05 13:40:00,1.9209
2024-02-05 13:50:00,1.549
2024-02-05 14:00:00,1.4185
2024-02-05 14:10:00,1.4722
2024-02-05 14:20:00,1.1986
2024-02-05 14:30:00,1.0275
2024-02-05 14:40:00,1.1207
2024-02-05 14:50:00,1.0129
2024-02-05 15:00:00,0.9037
2024-02-05 15:10:00,0.9626
2024-02-05 15:20:00,0.9424
2024-02-05 15:30:00,0.8042
2024-02-05 15:40:00,1.0164
2024-02-05 15:50:00,1.0001
2024-02-05 16:00:00,0.682
2024-02-05 16:10:00,0.8309
2024-02-05 16:20:00,0.775
2024-02-05 16:30:00,1.0456
2024-02-05 16:40:00,1.0427
2024-02-05 16:50:00,1.1729
2024-02-05 17:00:00,1.4546
2024-02-05 17:10:00,1.2576
2024-02-05 17:20:00,1.5255
2024-02-05 17:30:00,1.5919
2024-02-05 17:40:00,1.6221
2024-02-05 17:50:00,1.6751
2024-02-05 18:00:00,1.4493
2024-02-05 18:10:00,1.5803
2024-02-05 18:20:00,1.7831
2024-02-05 18:30:00,1.4573
2024-02-05 18:40:00,1.6751
2024-02-05 18:50:00,1.2863
2024-02-05 19:00:00,1.1839
2024-02-05 19:10:00,1.1462
2024-02-05 19:20:00,1.2584
2024-02-05 19:30:00,0.9976
2024-02-05 19:40:00,0.9992
2024-02-05 19:50:00,0.8921
2024-02-05 20:00:00,0.8085
2024-02-05 20:10:00,0.8803
2024-02-05 20:20:00,0.7788
2024-02-05 20:30:00,0.5452
2024-02-05 20:40:00,0.5982
2024-02-05 20:50:00,0.7738
2024-02-05 21:00:00,0.6112
2024-02-05 21:10:00,0.4134
2024-02-05 21:20:00,0.4095
2024-02-05 21:30:00,0.6343
2024-02-05 21:40:00,0.61
2024-02-05 21:50:00,0.4439
2024-02-05 22:00:00,0.6082
2024-02-05 22:10:00,0.6917
2024-02-05 22:20:00,0.6765
2024-02-05 22:30:00,0.6905
2024-02-05 22:40:00,0.5852
2024-02-05 22:50:00,0.5116
2024-02-05 23:00:00,0.489
2024-02-05 23:10:00,0.5274
2024-02-05 23:20:00,0.4415
2024-02-05 23:30:00,0.4931
2024-02-05 23:40:00,0.6566
2024-02-05 23:50:00,0.3681
2024-02-06 00:00:00,0.3183
2024-02-06 00:10:00,0.5416
2024-02-06 00:20:00,0.4075
2024-02-06 00:30:00,0.2315
2024-02-06 00:40:00,0.3972
2024-02-06 00:50:00,0.36
2024-02-06 01:00:00,0.3124
2024-02-06 01:10:00,0.3975
2024-02-06 01:20:00,0.1678
2024-02-06 01:30:00,0.274
2024-02-06 01:40:00,0.2232
2024-02-06 01:50:00,0.2203
2024-02-06 02:00:00,0.05
2024-02-06 02:10:00,0.1143
2024-02-06 02:20:00,0.1609
2024-02-06 02:30:00,0.213
2024-02-06 02:40:00,0.3436
2024-02-06 02:50:00,0.2395
2024-02-06 03:00:00,0.205
2024-02-06 03:10:00,0.2861
2024-02-06 03:20:00,0.1285
2024-02-06 03:30:00,0.3143
2024-02-06 03:40:00,0.2708
2024-02-06 03:50:00,0.122
2024-02-06 04:00:00,0.3828
2024-02-06 04:10:00,0.2613
2024-02-06 04:20:00,0.4636
2024-02-06 04:30:00,0.303
2024-02-06 04:40:00,0.245
2024-02-06 04:50:00,0.2522
2024-02-06 05:00:00,0.32
2024-02-06 05:10:00,0.3234
2024-02-06 05:20:00,0.5306
2024-02-06 05:30:00,0.4214
2024-02-06 05:40:00,0.2814
2024-02-06 05:50:00,0.4803
2024-02-06 06:00:00,0.4857
2024-02-06 06:10:00,0.4384
2024-02-06 06:20:00,0.5225
2024-02-06 06:30:00,0.5003
2024-02-06 06:40:00,0.5759
2024-02-06 06:50:00,0.5772
2024-02-06 07:00:00,0.5631
2024-02-06 07:10:00,0.4039
2024-02-06 07:20:00,0.7535
2024-02-06 07:30:00,0.3953
2024-02-06 07:40:00,0.5494
2024-02-06 07:50:00,0.4671
2024-02-06 08:00:00,0.6343
2024-02-06 08:10:00,0.6314
2024-02-06 08:20:00,0.6296
2024-02-06 08:30:00,0.8342
2024-02-06 08:40:00,0.8376
2024-02-06 08:50:00,0.7478
2024-02-06 09:00:00,0.9255
2024-02-06 09:10:00,1.0776
2024-02-06 09:20:00,1.1198
2024-02-06 09:30:00,1.0973
2024-02-06 09:40:00,1.0658
2024-02-06 09:50:00,1.3834
2024-02-06 10:00:00,1.5548
2024-02-06 10:10:00,1.5572
2024-02-06 10:20:00,1.7893
2024-02-06 10:30:00,1.9352
2024-02-06 10:40:00,2.2386
2024-02-06 10:50:00,2.4376
2024-02-06 11:00:00,2.5136
2024-02-06 11:10:00,2.5187
2024-02-06 11:20:00,2.7561
2024-02-06 11:30:00,2.7995
2024-02-06 11:40:00,2.7962
2024-02-06 11:50:00,3.0555
2024-02-06 12:00:00,2.7868
2024-02-06 12:10:00,2.9066
2024-02-06 12:20:00,2.8877
2024-02-06 12:30:00,2.7059
2024-02-06 12:40:00,2.6973
2024-02-06 12:50:00,2.6219
2024-02-06 13:00:00,2.4208
2024-02-06 13:10:00,2.2998
2024-02-06 13:20:00,2.111
2024-02-06 13:30:00,2.0242
2024-02-06 13:40:00,1.7658
2024-02-06 13:50:00,1.6057
2024-02-06 14:00:00,1.4945
2024-02-06 14:10:00,1.4763
2024-02-06 14:20:00,1.0609
2024-02-06 14:30:00,1.0363
2024-02-06 14:40:00,1.2614
2024-02-06 14:50:00,0.984
2024-02-06 15:00:00,0.8548
2024-02-06 15:10:00,0.9307
2024-02-06 15:20:00,0.7454
2024-02-06 15:30:00,0.6033
2024-02-06 15:40:00,0.8555
2024-02-06 15:50:00,0.7698
2024-02-06 16:00:00,0.8918
2024-02-06 16:10:00,0.9681
2024-02-06 16:20:00,1.016
2024-02-06 16:30:00,0.9086
2024-02-06 16:40:00,1.168
2024-02-06 16:50:00,1.3005
2024-02-06 17:00:00,1.2073
2024-02-06 17:10:00,1.2831
2024-02-06 17:20:00,1.4076
2024-02-06 17:30:00,1.6563
2024-02-06 17:40:00,1.4327
2024-02-06 17:50:00,1.7472
2024-02-06 18:00:00,1.714
2024-02-06 18:10:00,1.6377
2024-02-06 18:20:00,1.4829
2024-02-06 18:30:00,1.4994
2024-02-06 18:40:00,1.5886
2024-02-06 18:50:00,1.5546
2024-02-06 19:00:00,1.2352
2024-02-06 19:10:00,1.3572
2024-02-06 19:20:00,1.2155
2024-02-06 19:30:00,1.0529
2024-02-06 19:40:00,0.8921
2024-02-06 19:50:00,0.8278
2024-02-06 20:00:00,0.9973
2024-02-06 20:10:00,0.7718
2024-02-06 20:20:00,0.8355
2024-02-06 20:30:00,0.6845
2024-02-06 20:40:00,0.5813
2024-02-06 20:50:00,0.6586
2024-02-06 21:00:00,0.7958
2024-02-06 21:10:00,0.5005
2024-02-06 21:20:00,0.6453
2024-02-06 21:30:00,0.5651
2024-02-06 21:40:00,0.3955
2024-02-06 21:50:00,0.3895
2024-02-06 22:00:00,0.489
2024-02-06 22:10:00,0.5672
2024-02-06 22:20:00,0.6193
2024-02-06 22:30:00,0.3737
2024-02-06 22:40:00,0.5956
2024-02-06 22:50:00,0.5182
2024-02-06 23:00:00,0.5303
2024-02-06 23:10:00,0.5887
2024-02-06 23:20:00,0.7044
2024-02-06 23:30:00,0.5601
2024-02-06 23:40:00,0.3941
2024-02-06 23:50:00,0.511
2024-02-07 00:00:00,0.5582
2024-02-07 00:10:00,0.5477
2024-02-07 00:20:00,0.5096
2024-02-07 00:30:00,0.3736
2024-02-07 00:40:00,0.2671
2024-02-07 00:50:00,0.4399
2024-02-07 01:00:00,0.2345
2024-02-07 01:10:00,0.3987
2024-02-07 01:20:00,0.3709
2024-02-07 01:30:00,0.2263
2024-02-07 01:40:00,0.2333
2024-02-07 01:50:00,0.2367
2024-02-07 02:00:00,0.1292
2024-02-07 02:10:00,0.05
2024-02-07 02:20:00,0.1552
2024-02-07 02:30:00,0.1656
2024-02-07 02:40:00,0.2952
2024-02-07 02:50:00,0.0809
2024-02-07 03:00:00,0.266
2024-02-07 03:10:00,0.05
2024-02-07 03:20:00,0.05
2024-02-07 03:30:00,0.129
2024-02-07 03:40:00,0.065
2024-02-07 03:50:00,0.05
2024-02-07 04:00:00,0.3851
2024-02-07 04:10:00,0.1717
2024-02-07 04:20:00,0.4757
2024-02-07 04:30:00,0.1736
2024-02-07 04:40:00,0.1307
2024-02-07 04:50:00,0.4585
2024-02-07 05:00:00,0.2834
2024-02-07 05:10:00,0.3949
2024-02-07 05:20:00,0.2684
2024-02-07 05:30:00,0.421
2024-02-07 05:40:00,0.3062
2024-02-07 05:50:00,0.4523
2024-02-07 06:00:00,0.4264
2024-02-07 06:10:00,0.509
2024-02-07 06:20:00,0.5589
2024-02-07 06:30:00,0.5295
2024-02-07 06:40:00,0.5583
2024-02-07 06:50:00,0.5095
2024-02-07 07:00:00,0.4838
2024-02-07 07:10:00,0.5815
2024-02-07 07:20:00,0.5312
2024-02-07 07:30:00,0.5443
2024-02-07 07:40:00,0.6028
2024-02-07 07:50:00,0.474
2024-02-07 08:00:00,0.7384
2024-02-07 08:10:00,0.5935
2024-02-07 08:20:00,0.6597
2024-02-07 08:30:00,0.6789
2024-02-07 08:40:00,0.7929
2024-02-07 08:50:00,0.8155
2024-02-07 09:00:00,0.8411
2024-02-07 09:10:00,1.0672
2024-02-07 09:20:00,0.6906
2024-02-07 09:30:00,1.2366
2024-02-07 09:40:00,1.3185
2024-02-07 09:50:00,1.1691
2024-02-07 10:00:00,1.5828
2024-02-07 10:10:00,1.7421
2024-02-07 10:20:00,1.8455
2024-02-07 10:30:00,1.7901
2024-02-07 10:40:00,2.1709
2024-02-07 10:50:00,2.3558
2024-02-07 11:00:00,2.342
2024-02-07 11:10:00,2.5747
2024-02-07 11:20:00,2.6095
2024-02-07 11:30:00,2.8267
2024-02-07 11:40:00,2.776
2024-02-07 11:50:00,2.7919
2024-02-07 12:00:00,2.8604
2024-02-07 12:10:00,2.7158
2024-02-07 12:20:00,2.7935
2024-02-07 12:30:00,2.7744
2024-02-07 12:40:00,2.7319
2024-02-07 12:50:00,2.5555
2024-02-07 13:00:00,2.2562
2024-02-07 13:10:00,2.3907
2024-02-07 13:20:00,2.2468
2024-02-07 13:30:00,1.9583
2024-02-07 13:40:00,1.7158
2024-02-07 13:50:00,1.5859
2024-02-07 14:00:00,1.474
2024-02-07 14:10:00,1.3875
2024-02-07 14:20:00,1.2068
2024-02-07 14:30:00,1.0428
2024-02-07 14:40:00,1.1375
2024-02-07 14:50:00,0.9834
2024-02-07 15:00:00,0.7914
2024-02-07 15:10:00,0.8815
2024-02-07 15:20:00,0.8412
2024-02-07 15:30:00,0.7428
2024-02-07 15:40:00,0.9406
2024-02-07 15:50:00,0.8575
2024-02-07 16:00:00,0.8611
2024-02-07 16:10:00,0.928
2024-02-07 16:20:00,1.0475
2024-02-07 16:30:00,1.0737
2024-02-07 16:40:00,1.1588
2024-02-07 16:50:00,1.3642
2024-02-07 17:00:00,1.2072
2024-02-07 17:10:00,1.3117
2024-02-07 17:20:00,1.5942
2024-02-07 17:30:00,1.8253
2024-02-07 17:40:00,1.7223
2024-02-07 17:50:00,1.8528
2024-02-07 18:00:00,1.6335
2024-02-07 18:10:00,1.6019
2024-02-07 18:20:00,1.6787
2024-02-07 18:30:00,1.6764
2024-02-07 18:40:00,1.3813
2024-02-07 18:50:00,1.4094
2024-02-07 19:00:00,1.3374
2024-02-07 19:10:00,1.1768
2024-02-07 19:20:00,1.0922
2024-02-07 19:30:00,1.1393
2024-02-07 19:40:00,1.0141
2024-02-07 19:50:00,0.9669
2024-02-07 20:00:00,0.8498
2024-02-07 20:10:00,0.6676
2024-02-07 20:20:00,0.7457
2024-02-07 20:30:00,0.566
2024-02-07 20:40:00,0.5962
2024-02-07 20:50:00,0.4974
2024-02-07 21:00:00,0.5197
2024-02-07 21:10:00,0.5747
2024-02-07 21:20:00,0.5089
2024-02-07 21:30:00,0.4584
2024-02-07 21:40:00,0.655
2024-02-07 21:50:00,0.5254
2024-02-07 22:00:00,0.4821
2024-02-07 22:10:00,0.4249
2024-02-07 22:20:00,0.3449
2024-02-07 22:30:00,0.5092
2024-02-07 22:40:00,0.3932
2024-02-07 22:50:00,0.602
2024-02-07 23:00:00,0.5336
2024-02-07 23:10:00,0.6864
2024-02-07 23:20:00,0.5528
2024-02-07 23:30:00,0.4578
2024-02-07 23:40:00,0.3424
2024-02-07 23:50:00,0.6111
2024-02-08 00:00:00,0.3437
2024-02-08 00:10:00,0.4189
2024-02-08 00:20:00,0.611
2024-02-08 00:30:00,0.4863
2024-02-08 00:40:00,0.4434
2024-02-08 00:50:00,0.4758
2024-02-08 01:00:00,0.4471
2024-02-08 01:10:00,0.4879
2024-02-08 01:20:00,0.2417
2024-02-08 01:30:00,0.2357
2024-02-08 01:40:00,0.1526
2024-02-08 01:50:00,0.2138
2024-02-08 02:00:00,0.1777
2024-02-08 02:10:00,0.05
2024-02-08 02:20:00,0.0939
2024-02-08 02:30:00,0.3032
2024-02-08 02:40:00,0.1838
2024-02-08 02:50:00,0.2309
2024-02-08 03:00:00,0.1473
2024-02-08 03:10:00,0.05
2024-02-08 03:20:00,0.1465
2024-02-08 03:30:00,0.2635
2024-02-08 03:40:00,0.05
2024-02-08 03:50:00,0.2417
2024-02-08 04:00:00,0.05
2024-02-08 04:10:00,0.2191
2024-02-08 04:20:00,0.2993
2024-02-08 04:30:00,0.2422
2024-02-08 04:40:00,0.5492
2024-02-08 04:50:00,0.2805
2024-02-08 05:00:00,0.2986
2024-02-08 05:10:00,0.4019
2024-02-08 05:20:00,0.329
2024-02-08 05:30:00,0.2812
2024-02-08 05:40:00,0.3342
2024-02-08 05:50:00,0.536
2024-02-08 06:00:00,0.4439
2024-02-08 06:10:00,0.6568
2024-02-08 06:20:00,0.4529
2024-02-08 06:30:00,0.577
2024-02-08 06:40:00,0.565
2024-02-08 06:50:00,0.4755
2024-02-08 07:00:00,0.4401
2024-02-08 07:10:00,0.362
2024-02-08 07:20:00,0.5984
2024-02-08 07:30:00,0.6722
2024-02-08 07:40:00,0.4048
2024-02-08 07:50:00,0.541
2024-02-08 08:00:00,0.5295
2024-02-08 08:10:00,0.6743
2024-02-08 08:20:00,0.6153
2024-02-08 08:30:00,0.8165
2024-02-08 08:40:00,0.6902
2024-02-08 08:50:00,0.6589
2024-02-08 09:00:00,0.8003
2024-02-08 09:10:00,0.8877
2024-02-08 09:20:00,1.0649
2024-02-08 09:30:00,1.0764
2024-02-08 09:40:00,1.272
2024-02-08 09:50:00,1.2754
2024-02-08 10:00:00,1.4623
2024-02-08 10:10:00,1.5599
2024-02-08 10:20:00,1.707
2024-02-08 10:30:00,2.076
2024-02-08 10:40:00,2.0338
2024-02-08 10:50:00,2.2233
2024-02-08 11:00:00,2.5068
2024-02-08 11:10:00,2.6088
2024-02-08 11:20:00,2.8123
2024-02-08 11:30:00,2.7899
2024-02-08 11:40:00,2.7509
2024-02-08 11:50:00,3.0593
2024-02-08 12:00:00,2.9262
2024-02-08 12:10:00,2.8381
2024-02-08 12:20:00,2.8167
2024-02-08 12:30:00,2.7596
2024-02-08 12:40:00,2.6246
2024-02-08 12:50:00,2.3963
2024-02-08 13:00:00,2.5652
2024-02-08 13:10:00,2.2562
2024-02-08 13:20:00,2.1242
2024-02-08 13:30:00,2.1573
2024-02-08 13:40:00,1.725
2024-02-08 13:50:00,1.7067
2024-02-08 14:00:00,1.417
2024-02-08 14:10:00,1.3935
2024-02-08 14:20:00,1.259
2024-02-08 14:30:00,1.2092
2024-02-08 14:40:00,1.1573
2024-02-08 14:50:00,0.901
2024-02-08 15:00:00,1.0394
2024-02-08 15:10:00,1.0022
2024-02-08 15:20:00,0.8011
2024-02-08 15:30:00,0.815
2024-02-08 15:40:00,0.7727
2024-02-08 15:50:00,0.8145
2024-02-08 16:00:00,0.7636
2024-02-08 16:10:00,1.0153
2024-02-08 16:20:00,0.7994
2024-02-08 16:30:00,1.0126
2024-02-08 16:40:00,1.1638
2024-02-08 16:50:00,1.3892
2024-02-08 17:00:00,1.2963
2024-02-08 17:10:00,1.4815
2024-02-08 17:20:00,1.5103
2024-02-08 17:30:00,1.6802
2024-02-08 17:40:00,1.6743
2024-02-08 17:50:00,1.7515
2024-02-08 18:00:00,1.624
2024-02-08 18:10:00,1.5664
2024-02-08 18:20:00,1.6719
2024-02-08 18:30:00,1.5343
2024-02-08 18:40:00,1.5174
2024-02-08 18:50:00,1.4643
2024-02-08 19:00:00,1.466
2024-02-08 19:10:00,1.3249
2024-02-08 19:20:00,1.0818
2024-02-08 19:30:00,0.9418
2024-02-08 19:40:00,1.1391
2024-02-08 19:50:00,0.7299
2024-02-08 20:00:00,0.7719
2024-02-08 20:10:00,0.8204
2024-02-08 20:20:00,0.8682
2024-02-08 20:30:00,0.6431
2024-02-08 20:40:00,0.631
2024-02-08 20:50:00,0.5142
2024-02-08 21:00:00,0.5942
2024-02-08 21:10:00,0.4514
2024-02-08 21:20:00,0.4803
2024-02-08 21:30:00,0.6238
2024-02-08 21:40:00,0.4985
2024-02-08 21:50:00,0.6298
2024-02-08 22:00:00,0.5202
2024-02-08 22:10:00,0.397
2024-02-08 22:20:00,0.6496
2024-02-08 22:30:00,0.4006
2024-02-08 22:40:00,0.4715
2024-02-08 22:50:00,0.5115
2024-02-08 23:00:00,0.6319
2024-02-08 23:10:00,0.4786
2024-02-08 23:20:00,0.4385
2024-02-08 23:30:00,0.5474
2024-02-08 23:40:00,0.5097
2024-02-08 23:50:00,0.4844
2024-02-09 00:00:00,0.4958
2024-02-09 00:10:00,0.34
2024-02-09 00:20:00,0.272
2024-02-09 00:30:00,0.6396
2024-02-09 00:40:00,0.4153
2024-02-09 00:50:00,0.3993
2024-02-09 01:00:00,0.2787
2024-02-09 01:10:00,0.42
2024-02-09 01:20:00,0.2489
2024-02-09 01:30:00,0.05
2024-02-09 01:40:00,0.1885
2024-02-09 01:50:00,0.1893
2024-02-09 02:00:00,0.1741
2024-02-09 02:10:00,0.1473
2024-02-09 02:20:00,0.095
2024-02-09 02:30:00,0.0854
2024-02-09 02:40:00,0.1297
2024-02-09 02:50:00,0.05
2024-02-09 03:00:00,0.05
2024-02-09 03:10:00,0.1693
2024-02-09 03:20:00,0.171
2024-02-09 03:30:00,0.2475
2024-02-09 03:40:00,0.134
2024-02-09 03:50:00,0.05
2024-02-09 04:00:00,0.05
2024-02-09 04:10:00,0.1284
2024-02-09 04:20:00,0.2875
2024-02-09 04:30:00,0.4179
2024-02-09 04:40:00,0.3077
2024-02-09 04:50:00,0.2089
2024-02-09 05:00:00,0.2689
2024-02-09 05:10:00,0.2971
2024-02-09 05:20:00,0.3644
2024-02-09 05:30:00,0.538
2024-02-09 05:40:00,0.5644
2024-02-09 05:50:00,0.4436
2024-02-09 06:00:00,0.4933
2024-02-09 06:10:00,0.4074
2024-02-09 06:20:00,0.3266
2024-02-09 06:30:00,0.6855
2024-02-09 06:40:00,0.2823
2024-02-09 06:50:00,0.3382
2024-02-09 07:00:00,0.7083
2024-02-09 07:10:00,0.5375
2024-02-09 07:20:00,0.4311
2024-02-09 07:30:00,0.6213
2024-02-09 07:40:00,0.6418
2024-02-09 07:50:00,0.4455
2024-02-09 08:00:00,0.5437
2024-02-09 08:10:00,0.7076
2024-02-09 08:20:00,0.5673
2024-02-09 08:30:00,0.7133
2024-02-09 08:40:00,0.872
2024-02-09 08:50:00,0.5443
2024-02-09 09:00:00,0.8142
2024-02-09 09:10:00,0.9509
2024-02-09 09:20:00,0.8343
2024-02-09 09:30:00,1.0622
2024-02-09 09:40:00,1.334
2024-02-09 09:50:00,1.2857
2024-02-09 10:00:00,1.3452
2024-02-09 10:10:00,1.7535
2024-02-09 10:20:00,1.8383
2024-02-09 10:30:00,1.944
2024-02-09 10:40:00,2.0981
2024-02-09 10:50:00,2.3637
2024-02-09 11:00:00,2.4348
2024-02-09 11:10:00,2.6015
2024-02-09 11:20:00,2.5823
2024-02-09 11:30:00,2.5534
2024-02-09 11:40:00,2.8767
2024-02-09 11:50:00,2.9673
2024-02-09 12:00:00,2.8491
2024-02-09 12:10:00,2.946
2024-02-09 12:20:00,2.781
2024-02-09 12:30:00,2.7361
2024-02-09 12:40:00,2.8268
2024-02-09 12:50:00,2.5079
2024-02-09 13:00:00,2.3705
2024-02-09 13:10:00,2.0742
2024-02-09 13:20:00,2.1776
2024-02-09 13:30:00,1.881
2024-02-09 13:40:00,1.8103
2024-02-09 13:50:00,1.6117
2024-02-09 14:00:00,1.4536
2024-02-09 14:10:00,1.3513
2024-02-09 14:20:00,1.2363
2024-02-09 14:30:00,1.2491
2024-02-09 14:40:00,1.1899
2024-02-09 14:50:00,1.0252
2024-02-09 15:00:00,1.0261
2024-02-09 15:10:00,0.9399
2024-02-09 15:20:00,0.8766
2024-02-09 15:30:00,0.9622
2024-02-09 15:40:00,0.6923
2024-02-09 15:50:00,0.7777
2024-02-09 16:00:00,0.8029
2024-02-09 16:10:00,0.9086
2024-02-09 16:20:00,1.0742
2024-02-09 16:30:00,0.9721
2024-02-09 16:40:00,1.2201
2024-02-09 16:50:00,1.2021
2024-02-09 17:00:00,1.3178
2024-02-09 17:10:00,1.4605
2024-02-09 17:20:00,1.6885
2024-02-09 17:30:00,1.5165
2024-02-09 17:40:00,1.6308
2024-02-09 17:50:00,1.5628
2024-02-09 18:00:00,1.609
2024-02-09 18:10:00,1.5611
2024-02-09 18:20:00,1.6617
2024-02-09 18:30:00,1.6276
2024-02-09 18:40:00,1.585
2024-02-09 18:50:00,1.359
2024-02-09 19:00:00,1.3943
2024-02-09 19:10:00,1.2591
2024-02-09 19:20:00,1.1456
2024-02-09 19:30:00,0.9335
2024-02-09 19:40:00,0.9849
2024-02-09 19:50:00,0.9078
2024-02-09 20:00:00,0.8284
2024-02-09 20:10:00,0.7968
2024-02-09 20:20:00,0.7747
2024-02-09 20:30:00,0.5531
2024-02-09 20:40:00,0.6073
2024-02-09 20:50:00,0.6541
2024-02-09 21:00:00,0.5554
2024-02-09 21:10:00,0.663
2024-02-09 21:20:00,0.565
2024-02-09 21:30:00,0.3526
2024-02-09 21:40:00,0.6265
2024-02-09 21:50:00,0.527
2024-02-09 22:00:00,0.3592
2024-02-09 22:10:00,0.5093
2024-02-09 22:20:00,0.4066
2024-02-09 22:30:00,0.6081
2024-02-09 22:40:00,0.5288
2024-02-09 22:50:00,0.4397
2024-02-09 23:00:00,0.6131
2024-02-09 23:10:00,0.5777
2024-02-09 23:20:00,0.5083
2024-02-09 23:30:00,0.4072
2024-02-09 23:40:00,0.4475
2024-02-09 23:50:00,0.446
2024-02-10 00:00:00,0.5969
2024-02-10 00:10:00,0.3389
2024-02-10 00:20:00,0.4845
2024-02-10 00:30:00,0.4438
2024-02-10 00:40:00,0.5495
2024-02-10 00:50:00,0.4439
2024-02-10 01:00:00,0.4466
2024-02-10 01:10:00,0.3111
2024-02-10 01:20:00,0.2098
2024-02-10 01:30:00,0.2689
2024-02-10 01:40:00,0.3478
2024-02-10 01:50:00,0.3169
2024-02-10 02:00:00,0.1674
2024-02-10 02:10:00,0.0981
2024-02-10 02:20:00,0.07
2024-02-10 02:30:00,0.162
2024-02-10 02:40:00,0.1894
2024-02-10 02:50:00,0.323
2024-02-10 03:00:00,0.188
2024-02-10 03:10:00,0.2371
2024-02-10 03:20:00,0.0977
2024-02-10 03:30:00,0.1799
2024-02-10 03:40:00,0.1897
2024-02-10 03:50:00,0.1701
2024-02-10 04:00:00,0.2083
2024-02-10 04:10:00,0.2521
2024-02-10 04:20:00,0.3182
2024-02-10 04:30:00,0.4184
2024-02-10 04:40:00,0.1064
2024-02-10 04:50:00,0.4751
2024-02-10 05:00:00,0.222
2024-02-10 05:10:00,0.4516
2024-02-10 05:20:00,0.6816
2024-02-10 05:30:00,0.4648
2024-02-10 05:40:00,0.5075
2024-02-10 05:50:00,0.4765
2024-02-10 06:00:00,0.5899
2024-02-10 06:10:00,0.5728
2024-02-10 06:20:00,0.4805
2024-02-10 06:30:00,0.5465
2024-02-10 06:40:00,0.4548
2024-02-10 06:50:00,0.5627
2024-02-10 07:00:00,0.5403
2024-02-10 07:10:00,0.6038
2024-02-10 07:20:00,0.5279
2024-02-10 07:30:00,0.5877
2024-02-10 07:40:00,0.6226
2024-02-10 07:50:00,0.6453
2024-02-10 08:00:00,0.6849
2024-02-10 08:10:00,0.6654
2024-02-10 08:20:00,0.6361
2024-02-10 08:30:00,0.7627
2024-02-10 08:40:00,0.7856
2024-02-10 08:50:00,0.9654
2024-02-10 09:00:00,1.0493
2024-02-10 09:10:00,0.8812
2024-02-10 09:20:00,1.178
2024-02-10 09:30:00,1.31
2024-02-10 09:40:00,1.2196
2024-02-10 09:50:00,1.5515
2024-02-10 10:00:00,1.7347
2024-02-10 10:10:00,1.7117
2024-02-10 10:20:00,1.9521
2024-02-10 10:30:00,2.1673
2024-02-10 10:40:00,2.3787
2024-02-10 10:50:00,2.3912
2024-02-10 11:00:00,2.7648
2024-02-10 11:10:00,2.5912
2024-02-10 11:20:00,3.0527
2024-02-10 11:30:00,3.0784
2024-02-10 11:40:00,3.0376
2024-02-10 11:50:00,3.2332
2024-02-10 12:00:00,3.0579
2024-02-10 12:10:00,3.1583
2024-02-10 12:20:00,3.1237
2024-02-10 12:30:00,3.047
2024-02-10 12:40:00,2.8364
2024-02-10 12:50:00,2.7446
2024-02-10 13:00:00,2.662
2024-02-10 13:10:00,2.4177
2024-02-10 13:20:00,2.3494
2024-02-10 13:30:00,2.0884
2024-02-10 13:40:00,2.0776
2024-02-10 13:50:00,1.966
2024-02-10 14:00:00,1.6202
2024-02-10 14:10:00,1.5933
2024-02-10 14:20:00,1.3449
2024-02-10 14:30:00,1.1526
2024-02-10 14:40:00,1.1005
2024-02-10 14:50:00,1.066
2024-02-10 15:00:00,0.8113
2024-02-10 15:10:00,1.0037
2024-02-10 15:20:00,0.9195
2024-02-10 15:30:00,0.9995
2024-02-10 15:40:00,0.9674
2024-02-10 15:50:00,0.9439
2024-02-10 16:00:00,0.9391
2024-02-10 16:10:00,1.1862
2024-02-10 16:20:00,1.3246
2024-02-10 16:30:00,1.1596
2024-02-10 16:40:00,1.3927
2024-02-10 16:50:00,1.3179
2024-02-10 17:00:00,1.4308
2024-02-10 17:10:00,1.5479
2024-02-10 17:20:00,1.7429
2024-02-10 17:30:00,1.6412
2024-02-10 17:40:00,1.9599
2024-02-10 17:50:00,1.9337
2024-02-10 18:00:00,1.9177
2024-02-10 18:10:00,1.8098
2024-02-10 18:20:00,1.8862
2024-02-10 18:30:00,1.454
2024-02-10 18:40:00,1.714
2024-02-10 18:50:00,1.5958
2024-02-10 19:00:00,1.2911
2024-02-10 19:10:00,1.4149
2024-02-10 19:20:00,1.3272
2024-02-10 19:30:00,0.9795
2024-02-10 19:40:00,0.9492
2024-02-10 19:50:00,1.1859
2024-02-10 20:00:00,0.8825
2024-02-10 20:10:00,0.9311
2024-02-10 20:20:00,0.8894
2024-02-10 20:30:00,0.7695
2024-02-10 20:40:00,0.7945
2024-02-10 20:50:00,0.4523
2024-02-10 21:00:00,0.6182
2024-02-10 21:10:00,0.3165
2024-02-10 21:20:00,0.4378
2024-02-10 21:30:00,0.5491
2024-02-10 21:40:00,0.531
2024-02-10 21:50:00,0.5975
2024-02-10 22:00:00,0.5885
2024-02-10 22:10:00,0.6021
2024-02-10 22:20:00,0.605
2024-02-10 22:30:00,0.6201
2024-02-10 22:40:00,0.4904
2024-02-10 22:50:00,0.5136
2024-02-10 23:00:00,0.5822
2024-02-10 23:10:00,0.5837
2024-02-10 23:20:00,0.4775
2024-02-10 23:30:00,0.6939
2024-02-10 23:40:00,0.6582
2024-02-10 23:50:00,0.4997
2024-02-11 00:00:00,0.5021
2024-02-11 00:10:00,0.7085
2024-02-11 00:20:00,0.5058
2024-02-11 00:30:00,0.509
2024-02-11 00:40:00,0.3856
2024-02-11 00:50:00,0.3898
2024-02-11 01:00:00,0.5447
2024-02-11 01:10:00,0.3754
2024-02-11 01:20:00,0.3263
2024-02-11 01:30:00,0.3026
2024-02-11 01:40:00,0.5249
2024-02-11 01:50:00,0.2437
2024-02-11 02:00:00,0.1277
2024-02-11 02:10:00,0.1188
2024-02-11 02:20:00,0.254
2024-02-11 02:30:00,0.05
2024-02-11 02:40:00,0.221
2024-02-11 02:50:00,0.1035
2024-02-11 03:00:00,0.05
2024-02-11 03:10:00,0.0779
2024-02-11 03:20:00,0.1787
2024-02-11 03:30:00,0.3154
2024-02-11 03:40:00,0.2672
2024-02-11 03:50:00,0.155
2024-02-11 04:00:00,0.308
2024-02-11 04:10:00,0.204
2024-02-11 04:20:00,0.1237
2024-02-11 04:30:00,0.304
2024-02-11 04:40:00,0.1828
2024-02-11 04:50:00,0.4433
2024-02-11 05:00:00,0.4742
2024-02-11 05:10:00,0.3332
2024-02-11 05:20:00,0.4612
2024-02-11 05:30:00,0.4832
2024-02-11 05:40:00,0.5773
2024-02-11 05:50:00,0.3836
2024-02-11 06:00:00,0.5837
2024-02-11 06:10:00,0.4055
2024-02-11 06:20:00,0.6264
2024-02-11 06:30:00,0.6649
2024-02-11 06:40:00,0.5004
2024-02-11 06:50:00,0.6972
2024-02-11 07:00:00,0.4256
2024-02-11 07:10:00,0.7008
2024-02-11 07:20:00,0.7434
2024-02-11 07:30:00,0.6444
2024-02-11 07:40:00,0.6029
2024-02-11 07:50:00,0.6695
2024-02-11 08:00:00,0.5979
2024-02-11 08:10:00,0.9461
2024-02-11 08:20:00,0.6569
2024-02-11 08:30:00,0.8872
2024-02-11 08:40:00,0.7303
2024-02-11 08:50:00,1.0237
2024-02-11 09:00:00,1.1366
2024-02-11 09:10:00,1.0583
2024-02-11 09:20:00,1.1463
2024-02-11 09:30:00,1.1341
2024-02-11 09:40:00,1.2483
2024-02-11 09:50:00,1.5252
2024-02-11 10:00:00,1.7929
2024-02-11 10:10:00,1.7541
2024-02-11 10:20:00,2.1989
2024-02-11 10:30:00,2.0903
2024-02-11 10:40:00,2.3474
2024-02-11 10:50:00,2.5163
2024-02-11 11:00:00,2.6422
2024-02-11 11:10:00,2.5932
2024-02-11 11:20:00,2.862
2024-02-11 11:30:00,3.047
2024-02-11 11:40:00,3.094
2024-02-11 11:50:00,3.2143
2024-02-11 12:00:00,3.2422
2024-02-11 12:10:00,3.1266
2024-02-11 12:20:00,3.0074
2024-02-11 12:30:00,3.1819
2024-02-11 12:40:00,2.7884
2024-02-11 12:50:00,2.7381
2024-02-11 13:00:00,2.5676
2024-02-11 13:10:00,2.5681
2024-02-11 13:20:00,2.4568
2024-02-11 13:30:00,2.1351
2024-02-11 13:40:00,2.003
2024-02-11 13:50:00,1.8548
2024-02-11 14:00:00,1.8324
2024-02-11 14:10:00,1.3258
2024-02-11 14:20:00,1.4422
2024-02-11 14:30:00,1.2854
2024-02-11 14:40:00,1.1074
2024-02-11 14:50:00,1.0914
2024-02-11 15:00:00,1.0653
2024-02-11 15:10:00,1.0006
2024-02-11 15:20:00,1.1279
2024-02-11 15:30:00,0.9133
2024-02-11 15:40:00,0.9104
2024-02-11 15:50:00,0.9149
2024-02-11 16:00:00,1.0312
2024-02-11 16:10:00,1.0319
2024-02-11 16:20:00,1.1103
2024-02-11 16:30:00,1.1967
2024-02-11 16:40:00,1.2766
2024-02-11 16:50:00,1.3294
2024-02-11 17:00:00,1.5332
2024-02-11 17:10:00,1.56
2024-02-11 17:20:00,1.7379
2024-02-11 17:30:00,1.7619
2024-02-11 17:40:00,1.7685
2024-02-11 17:50:00,1.9987
2024-02-11 18:00:00,1.8436
2024-02-11 18:10:00,1.9037
2024-02-11 18:20:00,1.7354
2024-02-11 18:30:00,1.5453
2024-02-11 18:40:00,1.6153
2024-02-11 18:50:00,1.3679
2024-02-11 19:00:00,1.4578
2024-02-11 19:10:00,1.5229
2024-02-11 19:20:00,1.1791
2024-02-11 19:30:00,0.9557
2024-02-11 19:40:00,1.2192
2024-02-11 19:50:00,0.9331
2024-02-11 20:00:00,0.9006
2024-02-11 20:10:00,0.9134
2024-02-11 20:20:00,0.83
2024-02-11 20:30:00,0.806
2024-02-11 20:40:00,0.7837
2024-02-11 20:50:00,0.4898
2024-02-11 21:00:00,0.5006
2024-02-11 21:10:00,0.7425
2024-02-11 21:20:00,0.535
2024-02-11 21:30:00,0.5371
2024-02-11 21:40:00,0.472
2024-02-11 21:50:00,0.5536
2024-02-11 22:00:00,0.5564
2024-02-11 22:10:00,0.4957
2024-02-11 22:20:00,0.4829
2024-02-11 22:30:00,0.6194
2024-02-11 22:40:00,0.5063
2024-02-11 22:50:00,0.5261
2024-02-11 23:00:00,0.368
2024-02-11 23:10:00,0.7803
2024-02-11 23:20:00,0.6806
2024-02-11 23:30:00,0.5369
2024-02-11 23:40:00,0.4965
2024-02-11 23:50:00,0.5875
2024-02-12 00:00:00,0.4743
2024-02-12 00:10:00,0.3344
2024-02-12 00:20:00,0.1907
2024-02-12 00:30:00,0.3746
2024-02-12 00:40:00,0.25
2024-02-12 00:50:00,0.4004
2024-02-12 01:00:00,0.376
2024-02-12 01:10:00,0.2341
2024-02-12 01:20:00,0.2499
2024-02-12 01:30:00,0.4511
2024-02-12 01:40:00,0.3236
2024-02-12 01:50:00,0.173
2024-02-12 02:00:00,0.421
2024-02-12 02:10:00,0.05
2024-02-12 02:20:00,0.0788
2024-02-12 02:30:00,0.1491
2024-02-12 02:40:00,0.05
2024-02-12 02:50:00,0.3391
2024-02-12 03:00:00,0.1784
2024-02-12 03:10:00,0.0811
2024-02-12 03:20:00,0.2049
2024-02-12 03:30:00,0.1747
2024-02-12 03:40:00,0.1297
2024-02-12 03:50:00,0.05
2024-02-12 04:00:00,0.05
2024-02-12 04:10:00,0.4369
2024-02-12 04:20:00,0.1108
2024-02-12 04:30:00,0.4446
2024-02-12 04:40:00,0.2189
2024-02-12 04:50:00,0.4104
2024-02-12 05:00:00,0.4048
2024-02-12 05:10:00,0.4499
2024-02-12 05:20:00,0.4797
2024-02-12 05:30:00,0.2663
2024-02-12 05:40:00,0.3785
2024-02-12 05:50:00,0.3257
2024-02-12 06:00:00,0.4957
2024-02-12 06:10:00,0.3566
2024-02-12 06:20:00,0.3013
2024-02-12 06:30:00,0.4847
2024-02-12 06:40:00,0.2955
2024-02-12 06:50:00,0.5495
2024-02-12 07:00:00,0.4048
2024-02-12 07:10:00,0.4537
2024-02-12 07:20:00,0.3177
2024-02-12 07:30:00,0.7201
2024-02-12 07:40:00,0.4202
2024-02-12 07:50:00,0.5445
2024-02-12 08:00:00,0.42
2024-02-12 08:10:00,0.5387
2024-02-12 08:20:00,0.8265
2024-02-12 08:30:00,0.7173
2024-02-12 08:40:00,0.6598
2024-02-12 08:50:00,0.783
2024-02-12 09:00:00,0.7953
2024-02-12 09:10:00,0.9189
2024-02-12 09:20:00,1.0916
2024-02-12 09:30:00,1.0861
2024-02-12 09:40:00,1.2561
2024-02-12 09:50:00,1.3847
2024-02-12 10:00:00,1.4665
2024-02-12 10:10:00,1.5728
2024-02-12 10:20:00,1.7479
2024-02-12 10:30:00,2.028
2024-02-12 10:40:00,2.1939
2024-02-12 10:50:00,2.1554
2024-02-12 11:00:00,2.3881
2024-02-12 11:10:00,2.471
2024-02-12 11:20:00,2.7412
2024-02-12 11:30:00,2.7081
2024-02-12 11:40:00,3.0449
2024-02-12 11:50:00,2.8894
2024-02-12 12:00:00,3.0003
2024-02-12 12:10:00,2.7662
2024-02-12 12:20:00,2.826
2024-02-12 12:30:00,2.8168
2024-02-12 12:40:00,2.558
2024-02-12 12:50:00,2.5484
2024-02-12 13:00:00,2.5195
2024-02-12 13:10:00,2.2368
2024-02-12 13:20:00,2.0311
2024-02-12 13:30:00,2.1394
2024-02-12 13:40:00,1.685
2024-02-12 13:50:00,1.6648
2024-02-12 14:00:00,1.4328
2024-02-12 14:10:00,1.2744
2024-02-12 14:20:00,1.3191
2024-02-12 14:30:00,1.1151
2024-02-12 14:40:00,1.0822
2024-02-12 14:50:00,0.7381
2024-02-12 15:00:00,0.9525
2024-02-12 15:10:00,0.7856
2024-02-12 15:20:00,0.6422
2024-02-12 15:30:00,1.0082
2024-02-12 15:40:00,0.8863
2024-02-12 15:50:00,0.872
2024-02-12 16:00:00,1.0132
2024-02-12 16:10:00,0.9669
2024-02-12 16:20:00,0.9295
2024-02-12 16:30:00,1.0701
2024-02-12 16:40:00,1.1063
2024-02-12 16:50:00,1.2154
2024-02-12 17:00:00,1.2317
2024-02-12 17:10:00,1.3488
2024-02-12 17:20:00,1.6154
2024-02-12 17:30:00,1.6267
2024-02-12 17:40:00,1.5945
2024-02-12 17:50:00,1.5739
2024-02-12 18:00:00,1.6468
2024-02-12 18:10:00,1.5076
2024-02-12 18:20:00,1.6559
2024-02-12 18:30:00,1.6855
2024-02-12 18:40:00,1.7585
2024-02-12 18:50:00,1.3293
2024-02-12 19:00:00,1.4388
2024-02-12 19:10:00,1.1817
2024-02-12 19:20:00,1.0427
2024-02-12 19:30:00,0.9486
2024-02-12 19:40:00,0.9872
2024-02-12 19:50:00,0.7995
2024-02-12 20:00:00,0.7605
2024-02-12 20:10:00,0.7156
2024-02-12 20:20:00,0.6338
2024-02-12 20:30:00,0.5841
2024-02-12 20:40:00,0.3884
2024-02-12 20:50:00,0.6134
2024-02-12 21:00:00,0.5911
2024-02-12 21:10:00,0.4894
2024-02-12 21:20:00,0.5941
2024-02-12 21:30:00,0.6898
2024-02-12 21:40:00,0.5469
2024-02-12 21:50:00,0.6738
2024-02-12 22:00:00,0.762
2024-02-12 22:10:00,0.7896
2024-02-12 22:20:00,0.4166
2024-02-12 22:30:00,0.4164
2024-02-12 22:40:00,0.4899
2024-02-12 22:50:00,0.5469
2024-02-12 23:00:00,0.6926
2024-02-12 23:10:00,0.5966
2024-02-12 23:20:00,0.4135
2024-02-12 23:30:00,0.4726
2024-02-12 23:40:00,0.5295
2024-02-12 23:50:00,0.3848
2024-02-13 00:00:00,0.4779
2024-02-13 00:10:00,0.3437
2024-02-13 00:20:00,0.2813
2024-02-13 00:30:00,0.3331
2024-02-13 00:40:00,0.448
2024-02-13 00:50:00,0.4242
2024-02-13 01:00:00,0.3683
2024-02-13 01:10:00,0.431
2024-02-13 01:20:00,0.3923
2024-02-13 01:30:00,0.2955
2024-02-13 01:40:00,0.253
2024-02-13 01:50:00,0.2314
2024-02-13 02:00:00,0.1773
2024-02-13 02:10:00,0.05
2024-02-13 02:20:00,0.2739
2024-02-13 02:30:00,0.2001
2024-02-13 02:40:00,0.05
2024-02-13 02:50:00,0.3031
2024-02-13 03:00:00,0.1013
2024-02-13 03:10:00,0.1495
2024-02-13 03:20:00,0.2627
2024-02-13 03:30:00,0.1823
2024-02-13 03:40:00,0.2938
2024-02-13 03:50:00,0.1328
2024-02-13 04:00:00,0.3612
2024-02-13 04:10:00,0.1407
2024-02-13 04:20:00,0.3782
2024-02-13 04:30:00,0.05
2024-02-13 04:40:00,0.1938
2024-02-13 04:50:00,0.3616
2024-02-13 05:00:00,0.3186
2024-02-13 05:10:00,0.3763
2024-02-13 05:20:00,0.4111
2024-02-13 05:30:00,0.3089
2024-02-13 05:40:00,0.335
2024-02-13 05:50:00,0.4863
2024-02-13 06:00:00,0.4107
2024-02-13 06:10:00,0.6236
2024-02-13 06:20:00,0.4808
2024-02-13 06:30:00,0.581
2024-02-13 06:40:00,0.5613
2024-02-13 06:50:00,0.4642
2024-02-13 07:00:00,0.3332
2024-02-13 07:10:00,0.6569
2024-02-13 07:20:00,0.4485
2024-02-13 07:30:00,0.5153
2024-02-13 07:40:00,0.5521
2024-02-13 07:50:00,0.5765
2024-02-13 08:00:00,0.6961
2024-02-13 08:10:00,0.6236
2024-02-13 08:20:00,0.6394
2024-02-13 08:30:00,0.7902
2024-02-13 08:40:00,0.7931
2024-02-13 08:50:00,0.7138
2024-02-13 09:00:00,0.7377
2024-02-13 09:10:00,0.8468
2024-02-13 09:20:00,1.0135
2024-02-13 09:30:00,0.996
2024-02-13 09:40:00,1.2446
2024-02-13 09:50:00,1.3498
2024-02-13 10:00:00,1.2467
2024-02-13 10:10:00,1.5078
2024-02-13 10:20:00,1.514
2024-02-13 10:30:00,1.926
2024-02-13 10:40:00,2.2256
2024-02-13 10:50:00,2.0828
2024-02-13 11:00:00,2.2848
2024-02-13 11:10:00,2.5329
2024-02-13 11:20:00,2.558
2024-02-13 11:30:00,2.6516
2024-02-13 11:40:00,2.8823
2024-02-13 11:50:00,2.8215
2024-02-13 12:00:00,2.7368
2024-02-13 12:10:00,2.6623
2024-02-13 12:20:00,3.049
2024-02-13 12:30:00,2.8713
2024-02-13 12:40:00,2.6193
2024-02-13 12:50:00,2.5582
2024-02-13 13:00:00,2.3684
2024-02-13 13:10:00,2.3232
2024-02-13 13:20:00,2.0334
2024-02-13 13:30:00,1.9071
2024-02-13 13:40:00,1.8498
2024-02-13 13:50:00,1.7966
2024-02-13 14:00:00,1.5795
2024-02-13 14:10:00,1.4931
2024-02-13 14:20:00,1.2151
2024-02-13 14:30:00,1.0747
2024-02-13 14:40:00,0.849
2024-02-13 14:50:00,0.972
2024-02-13 15:00:00,0.9412
2024-02-13 15:10:00,0.8286
2024-02-13 15:20:00,0.7534
2024-02-13 15:30:00,0.945
2024-02-13 15:40:00,0.8903
2024-02-13 15:50:00,0.9815
2024-02-13 16:00:00,0.794
2024-02-13 16:10:00,0.8724
2024-02-13 16:20:00,1.1308
2024-02-13 16:30:00,1.0842
2024-02-13 16:40:00,1.1186
2024-02-13 16:50:00,1.217
2024-02-13 17:00:00,1.3579
2024-02-13 17:10:00,1.5478
2024-02-13 17:20:00,1.5117
2024-02-13 17:30:00,1.6745
2024-02-13 17:40:00,1.6935
2024-02-13 17:50:00,1.5909
2024-02-13 18:00:00,1.6014
2024-02-13 18:10:00,1.633
2024-02-13 18:20:00,1.5115
2024-02-13 18:30:00,1.5414
2024-02-13 18:40:00,1.675
2024-02-13 18:50:00,1.4382
2024-02-13 19:00:00,1.2734
2024-02-13 19:10:00,1.4455
2024-02-13 19:20:00,1.0639
2024-02-13 19:30:00,0.9666
2024-02-13 19:40:00,1.0973
2024-02-13 19:50:00,0.9598
2024-02-13 20:00:00,0.8092
2024-02-13 20:10:00,0.8437
2024-02-13 20:20:00,0.7387
2024-02-13 20:30:00,0.5475
2024-02-13 20:40:00,0.3923
2024-02-13 20:50:00,0.5487
2024-02-13 21:00:00,0.6936
2024-02-13 21:10:00,0.527
2024-02-13 21:20:00,0.6047
2024-02-13 21:30:00,0.5692
2024-02-13 21:40:00,0.3758
2024-02-13 21:50:00,0.5007
2024-02-13 22:00:00,0.5747
2024-02-13 22:10:00,0.4584
2024-02-13 22:20:00,0.4998
2024-02-13 22:30:00,0.5745
2024-02-13 22:40:00,0.5422
2024-02-13 22:50:00,0.6394
2024-02-13 23:00:00,0.5729
2024-02-13 23:10:00,0.4389
2024-02-13 23:20:00,0.4867
2024-02-13 23:30:00,0.5364
2024-02-13 23:40:00,0.6682
2024-02-13 23:50:00,0.487
2024-02-14 00:00:00,0.3038
2024-02-14 00:10:00,0.5071
2024-02-14 00:20:00,0.3713
2024-02-14 00:30:00,0.2997
2024-02-14 00:40:00,0.4092
2024-02-14 00:50:00,0.4815
2024-02-14 01:00:00,0.3016
2024-02-14 01:10:00,0.3818
2024-02-14 01:20:00,0.3723
2024-02-14 01:30:00,0.3546
2024-02-14 01:40:00,0.1734
2024-02-14 01:50:00,0.1066
2024-02-14 02:00:00,0.0938
2024-02-14 02:10:00,0.2473
2024-02-14 02:20:00,0.2272
2024-02-14 02:30:00,0.0648
2024-02-14 02:40:00,0.3738
2024-02-14 02:50:00,0.0529
2024-02-14 03:00:00,0.2604
2024-02-14 03:10:00,0.3125
2024-02-14 03:20:00,0.1715
2024-02-14 03:30:00,0.0835
2024-02-14 03:40:00,0.0857
2024-02-14 03:50:00,0.142
2024-02-14 04:00:00,0.3004
2024-02-14 04:10:00,0.0987
2024-02-14 04:20:00,0.0628
2024-02-14 04:30:00,0.3116
2024-02-14 04:40:00,0.3623
2024-02-14 04:50:00,0.529
2024-02-14 05:00:00,0.2208
2024-02-14 05:10:00,0.3708
2024-02-14 05:20:00,0.5236
2024-02-14 05:30:00,0.4405
2024-02-14 05:40:00,0.4276
2024-02-14 05:50:00,0.5426
2024-02-14 06:00:00,0.4179
2024-02-14 06:10:00,0.5752
2024-02-14 06:20:00,0.3753
2024-02-14 06:30:00,0.3577
2024-02-14 06:40:00,0.4903
2024-02-14 06:50:00,0.2685
2024-02-14 07:00:00,0.5403
2024-02-14 07:10:00,0.3658
2024-02-14 07:20:00,0.5752
2024-02-14 07:30:00,0.5749
2024-02-14 07:40:00,0.5611
2024-02-14 07:50:00,0.6259
2024-02-14 08:00:00,0.621
2024-02-14 08:10:00,0.5944
2024-02-14 08:20:00,0.836
2024-02-14 08:30:00,0.7285
2024-02-14 08:40:00,0.8111
2024-02-14 08:50:00,0.8956
2024-02-14 09:00:00,0.9202
2024-02-14 09:10:00,1.1366
2024-02-14 09:20:00,1.0362
2024-02-14 09:30:00,1.1212
2024-02-14 09:40:00,1.172
2024-02-14 09:50:00,1.3387
2024-02-14 10:00:00,1.4296
2024-02-14 10:10:00,1.718
2024-02-14 10:20:00,1.7134
2024-02-14 10:30:00,1.9701
2024-02-14 10:40:00,2.1766
2024-02-14 10:50:00,2.2895
2024-02-14 11:00:00,2.3302
2024-02-14 11:10:00,2.6221
2024-02-14 11:20:00,2.6589
2024-02-14 11:30:00,2.4744
2024-02-14 11:40:00,2.7331
2024-02-14 11:50:00,3.0145
2024-02-14 12:00:00,3.0373
2024-02-14 12:10:00,2.927
2024-02-14 12:20:00,2.9099
2024-02-14 12:30:00,2.6839
2024-02-14 12:40:00,2.6415
2024-02-14 12:50:00,2.6759
2024-02-14 13:00:00,2.4626
2024-02-14 13:10:00,2.2813
2024-02-14 13:20:00,2.1026
2024-02-14 13:30:00,2.0811
2024-02-14 13:40:00,1.9186
2024-02-14 13:50:00,1.7181
2024-02-14 14:00:00,1.5138
2024-02-14 14:10:00,1.3357
2024-02-14 14:20:00,1.3171
2024-02-14 14:30:00,1.0282
2024-02-14 14:40:00,0.9546
2024-02-14 14:50:00,0.8208
2024-02-14 15:00:00,1.0278
2024-02-14 15:10:00,0.7876
2024-02-14 15:20:00,0.8725
2024-02-14 15:30:00,0.8091
2024-02-14 15:40:00,1.1179
2024-02-14 15:50:00,0.8954
2024-02-14 16:00:00,0.7041
2024-02-14 16:10:00,1.0619
2024-02-14 16:20:00,0.973
2024-02-14 16:30:00,1.0701
2024-02-14 16:40:00,1.1097
2024-02-14 16:50:00,1.288
2024-02-14 17:00:00,1.3789
2024-02-14 17:10:00,1.3846
2024-02-14 17:20:00,1.4787
2024-02-14 17:30:00,1.6074
2024-02-14 17:40:00,1.4144
2024-02-14 17:50:00,1.5365
2024-02-14 18:00:00,1.8583
2024-02-14 18:10:00,1.7127
2024-02-14 18:20:00,1.5946
2024-02-14 18:30:00,1.425
2024-02-14 18:40:00,1.5198
2024-02-14 18:50:00,1.5415
2024-02-14 19:00:00,1.6155
2024-02-14 19:10:00,1.4445
2024-02-14 19:20:00,1.0696
2024-02-14 19:30:00,1.0144
2024-02-14 19:40:00,0.8283
2024-02-14 19:50:00,0.8105
2024-02-14 20:00:00,0.8018
2024-02-14 20:10:00,0.7247
2024-02-14 20:20:00,0.9149
2024-02-14 20:30:00,0.5354
2024-02-14 20:40:00,0.6283
2024-02-14 20:50:00,0.3998
2024-02-14 21:00:00,0.6188
2024-02-14 21:10:00,0.4363
2024-02-14 21:20:00,0.6696
2024-02-14 21:30:00,0.5223
2024-02-14 21:40:00,0.4056
2024-02-14 21:50:00,0.3317
2024-02-14 22:00:00,0.4416
2024-02-14 22:10:00,0.5617
2024-02-14 22:20:00,0.5788
2024-02-14 22:30:00,0.4862
2024-02-14 22:40:00,0.6282
2024-02-14 22:50:00,0.4217
2024-02-14 23:00:00,0.2425
2024-02-14 23:10:00,0.5633
2024-02-14 23:20:00,0.664
2024-02-14 23:30:00,0.6649
2024-02-14 23:40:00,0.405
2024-02-14 23:50:00,0.4805
2024-02-15 00:00:00,0.55
2024-02-15 00:10:00,0.4009
2024-02-15 00:20:00,0.4579
2024-02-15 00:30:00,0.3571
2024-02-15 00:40:00,0.2989
2024-02-15 00:50:00,0.295
2024-02-15 01:00:00,0.455
2024-02-15 01:10:00,0.3339
2024-02-15 01:20:00,0.4317
2024-02-15 01:30:00,0.3277
2024-02-15 01:40:00,0.4076
2024-02-15 01:50:00,0.3008
2024-02-15 02:00:00,0.2684
2024-02-15 02:10:00,0.1563
2024-02-15 02:20:00,0.4616
2024-02-15 02:30:00,0.1719
2024-02-15 02:40:00,0.05
2024-02-15 02:50:00,0.1875
2024-02-15 03:00:00,0.0624
2024-02-15 03:10:00,0.2624
2024-02-15 03:20:00,0.2333
2024-02-15 03:30:00,0.1415
2024-02-15 03:40:00,0.0719
2024-02-15 03:50:00,0.183
2024-02-15 04:00:00,0.1284
2024-02-15 04:10:00,0.2977
2024-02-15 04:20:00,0.3026
2024-02-15 04:30:00,0.5693
2024-02-15 04:40:00,0.26
2024-02-15 04:50:00,0.3022
2024-02-15 05:00:00,0.344
2024-02-15 05:10:00,0.3736
2024-02-15 05:20:00,0.5106
2024-02-15 05:30:00,0.4013
2024-02-15 05:40:00,0.6449
2024-02-15 05:50:00,0.5223
2024-02-15 06:00:00,0.4298
2024-02-15 06:10:00,0.4165
2024-02-15 06:20:00,0.6053
2024-02-15 06:30:00,0.5131
2024-02-15 06:40:00,0.5191
2024-02-15 06:50:00,0.4656
2024-02-15 07:00:00,0.5263
2024-02-15 07:10:00,0.4758
2024-02-15 07:20:00,0.6838
2024-02-15 07:30:00,0.6287
2024-02-15 07:40:00,0.551
2024-02-15 07:50:00,0.564
2024-02-15 08:00:00,0.6105
2024-02-15 08:10:00,0.6239
2024-02-15 08:20:00,0.5579
2024-02-15 08:30:00,0.4999
2024-02-15 08:40:00,0.655
2024-02-15 08:50:00,0.7763
2024-02-15 09:00:00,0.7806
2024-02-15 09:10:00,1.0133
2024-02-15 09:20:00,0.9979
2024-02-15 09:30:00,1.3105
2024-02-15 09:40:00,1.1822
2024-02-15 09:50:00,1.3799
2024-02-15 10:00:00,1.4755
2024-02-15 10:10:00,1.6962
2024-02-15 10:20:00,1.9133
2024-02-15 10:30:00,2.0257
2024-02-15 10:40:00,1.92
2024-02-15 10:50:00,2.327
2024-02-15 11:00:00,2.3215
2024-02-15 11:10:00,2.5242
2024-02-15 11:20:00,2.7395
2024-02-15 11:30:00,2.6528
2024-02-15 11:40:00,2.9503
2024-02-15 11:50:00,2.8423
2024-02-15 12:00:00,3.1092
2024-02-15 12:10:00,2.8845
2024-02-15 12:20:00,3.0052
2024-02-15 12:30:00,2.8846
2024-02-15 12:40:00,2.6095
2024-02-15 12:50:00,2.4251
2024-02-15 13:00:00,2.4341
2024-02-15 13:10:00,2.2191
2024-02-15 13:20:00,2.2816
2024-02-15 13:30:00,1.9412
2024-02-15 13:40:00,1.7784
2024-02-15 13:50:00,1.5154
2024-02-15 14:00:00,1.5508
2024-02-15 14:10:00,1.2555
2024-02-15 14:20:00,1.2935
2024-02-15 14:30:00,1.1977
2024-02-15 14:40:00,0.9703
2024-02-15 14:50:00,1.0627
2024-02-15 15:00:00,0.8779
2024-02-15 15:10:00,0.7135
2024-02-15 15:20:00,0.9876
2024-02-15 15:30:00,0.7302
2024-02-15 15:40:00,0.8798
2024-02-15 15:50:00,0.8948
2024-02-15 16:00:00,0.9303
2024-02-15 16:10:00,0.9826
2024-02-15 16:20:00,0.9158
2024-02-15 16:30:00,1.2605
2024-02-15 16:40:00,1.2739
2024-02-15 16:50:00,1.3174
2024-02-15 17:00:00,1.2289
2024-02-15 17:10:00,1.353
2024-02-15 17:20:00,1.597
2024-02-15 17:30:00,1.3987
2024-02-15 17:40:00,1.6844
2024-02-15 17:50:00,1.5494
2024-02-15 18:00:00,1.6064
2024-02-15 18:10:00,1.5407
2024-02-15 18:20:00,1.6736
2024-02-15 18:30:00,1.7081
2024-02-15 18:40:00,1.5619
2024-02-15 18:50:00,1.4904
2024-02-15 19:00:00,1.3699
2024-02-15 19:10:00,1.325
2024-02-15 19:20:00,1.2063
2024-02-15 19:30:00,0.7937
2024-02-15 19:40:00,1.0672
2024-02-15 19:50:00,0.9758
2024-02-15 20:00:00,0.7878
2024-02-15 20:10:00,0.5648
2024-02-15 20:20:00,0.7345
2024-02-15 20:30:00,0.7003
2024-02-15 20:40:00,0.5895
2024-02-15 20:50:00,0.6255
2024-02-15 21:00:00,0.6936
2024-02-15 21:10:00,0.8109
2024-02-15 21:20:00,0.5747
2024-02-15 21:30:00,0.5854
2024-02-15 21:40:00,0.4641
2024-02-15 21:50:00,0.4925
2024-02-15 22:00:00,0.5265
2024-02-15 22:10:00,0.6561
2024-02-15 22:20:00,0.6192
2024-02-15 22:30:00,0.7295
2024-02-15 22:40:00,0.3872
2024-02-15 22:50:00,0.4036
2024-02-15 23:00:00,0.646
2024-02-15 23:10:00,0.6806
2024-02-15 23:20:00,0.539
2024-02-15 23:30:00,0.0891
2024-02-15 23:40:00,0.4612
2024-02-15 23:50:00,0.5691
2024-02-16 00:00:00,0.3882
2024-02-16 00:10:00,0.4826
2024-02-16 00:20:00,0.6377
2024-02-16 00:30:00,0.5718
2024-02-16 00:40:00,0.4891
2024-02-16 00:50:00,0.3786
2024-02-16 01:00:00,0.3104
2024-02-16 01:10:00,0.4087
2024-02-16 01:20:00,0.3073
2024-02-16 01:30:00,0.282
2024-02-16 01:40:00,0.0921
2024-02-16 01:50:00,0.1477
2024-02-16 02:00:00,0.2679
2024-02-16 02:10:00,0.0585
2024-02-16 02:20:00,0.1874
2024-02-16 02:30:00,0.2021
2024-02-16 02:40:00,0.2079
2024-02-16 02:50:00,0.2169
2024-02-16 03:00:00,0.2236
2024-02-16 03:10:00,0.0985
2024-02-16 03:20:00,0.05
2024-02-16 03:30:00,0.0735
2024-02-16 03:40:00,0.2338
2024-02-16 03:50:00,0.05
2024-02-16 04:00:00,0.0886
2024-02-16 04:10:00,0.1146
2024-02-16 04:20:00,0.0626
2024-02-16 04:30:00,0.1613
2024-02-16 04:40:00,0.4049
2024-02-16 04:50:00,0.2613
2024-02-16 05:00:00,0.185
2024-02-16 05:10:00,0.334
2024-02-16 05:20:00,0.4594
2024-02-16 05:30:00,0.2463
2024-02-16 05:40:00,0.5435
2024-02-16 05:50:00,0.3205
2024-02-16 06:00:00,0.4394
2024-02-16 06:10:00,0.4504
2024-02-16 06:20:00,0.4456
2024-02-16 06:30:00,0.5043
2024-02-16 06:40:00,0.5967
2024-02-16 06:50:00,0.522
2024-02-16 07:00:00,0.4725
2024-02-16 07:10:00,0.586
2024-02-16 07:20:00,0.569
2024-02-16 07:30:00,0.4907
2024-02-16 07:40:00,0.5734
2024-02-16 07:50:00,0.5084
2024-02-16 08:00:00,0.5153
2024-02-16 08:10:00,0.7057
2024-02-16 08:20:00,0.699
2024-02-16 08:30:00,0.7678
2024-02-16 08:40:00,0.7991
2024-02-16 08:50:00,0.7013
2024-02-16 09:00:00,0.9554
2024-02-16 09:10:00,0.9026
2024-02-16 09:20:00,1.1149
2024-02-16 09:30:00,1.1119
2024-02-16 09:40:00,1.2711
2024-02-16 09:50:00,1.4017
2024-02-16 10:00:00,1.5874
2024-02-16 10:10:00,1.4906
2024-02-16 10:20:00,1.6511
2024-02-16 10:30:00,2.0343
2024-02-16 10:40:00,2.1611
2024-02-16 10:50:00,2.202
2024-02-16 11:00:00,2.4617
2024-02-16 11:10:00,2.4172
2024-02-16 11:20:00,2.9999
2024-02-16 11:30:00,2.899
2024-02-16 11:40:00,2.9001
2024-02-16 11:50:00,2.8884
2024-02-16 12:00:00,2.8335
2024-02-16 12:10:00,2.7499
2024-02-16 12:20:00,2.8265
2024-02-16 12:30:00,2.6819
2024-02-16 12:40:00,2.5934
2024-02-16 12:50:00,2.4164
2024-02-16 13:00:00,2.4504
2024-02-16 13:10:00,2.2423
2024-02-16 13:20:00,2.1795
2024-02-16 13:30:00,2.0138
2024-02-16 13:40:00,1.8334
2024-02-16 13:50:00,1.9228
2024-02-16 14:00:00,1.5929
2024-02-16 14:10:00,1.2484
2024-02-16 14:20:00,1.2965
2024-02-16 14:30:00,1.1355
2024-02-16 14:40:00,0.9123
2024-02-16 14:50:00,0.8259
2024-02-16 15:00:00,0.9517
2024-02-16 15:10:00,0.9313
2024-02-16 15:20:00,0.7293
2024-02-16 15:30:00,0.9205
2024-02-16 15:40:00,0.8585
2024-02-16 15:50:00,0.9728
2024-02-16 16:00:00,1.0013
2024-02-16 16:10:00,0.9307
2024-02-16 16:20:00,1.1775
2024-02-16 16:30:00,0.9802
2024-02-16 16:40:00,1.4186
2024-02-16 16:50:00,1.1834
2024-02-16 17:00:00,1.3589
2024-02-16 17:10:00,1.3957
2024-02-16 17:20:00,1.4953
2024-02-16 17:30:00,1.8932
2024-02-16 17:40:00,1.6061
2024-02-16 17:50:00,1.7696
2024-02-16 18:00:00,1.6716
2024-02-16 18:10:00,1.7774
2024-02-16 18:20:00,1.5964
2024-02-16 18:30:00,1.6239
2024-02-16 18:40:00,1.5917
2024-02-16 18:50:00,1.3741
2024-02-16 19:00:00,1.6304
2024-02-16 19:10:00,1.3263
2024-02-16 19:20:00,1.1383
2024-02-16 19:30:00,0.9967
2024-02-16 19:40:00,0.9868
2024-02-16 19:50:00,0.7751
2024-02-16 20:00:00,1.0032
2024-02-16 20:10:00,0.8062
2024-02-16 20:20:00,0.7023
2024-02-16 20:30:00,0.773
2024-02-16 20:40:00,0.5621
2024-02-16 20:50:00,0.4919
2024-02-16 21:00:00,0.5741
2024-02-16 21:10:00,0.5845
2024-02-16 21:20:00,0.6137
2024-02-16 21:30:00,0.405
2024-02-16 21:40:00,0.5014
2024-02-16 21:50:00,0.2349
2024-02-16 22:00:00,0.4224
2024-02-16 22:10:00,0.6105
2024-02-16 22:20:00,0.634
2024-02-16 22:30:00,0.423
2024-02-16 22:40:00,0.5043
2024-02-16 22:50:00,0.5391
2024-02-16 23:00:00,0.6442
2024-02-16 23:10:00,0.6892
2024-02-16 23:20:00,0.5515
2024-02-16 23:30:00,0.5102
2024-02-16 23:40:00,0.3918
2024-02-16 23:50:00,0.547
2024-02-17 00:00:00,0.734
2024-02-17 00:10:00,0.6401
2024-02-17 00:20:00,0.5107
2024-02-17 00:30:00,0.503
2024-02-17 00:40:00,0.3807
2024-02-17 00:50:00,0.3883
2024-02-17 01:00:00,0.411
2024-02-17 01:10:00,0.3817
2024-02-17 01:20:00,0.4367
2024-02-17 01:30:00,0.4002
2024-02-17 01:40:00,0.3243
2024-02-17 01:50:00,0.1415
2024-02-17 02:00:00,0.1161
2024-02-17 02:10:00,0.0968
2024-02-17 02:20:00,0.2007
2024-02-17 02:30:00,0.05
2024-02-17 02:40:00,0.1765
2024-02-17 02:50:00,0.318
2024-02-17 03:00:00,0.2438
2024-02-17 03:10:00,0.1421
2024-02-17 03:20:00,0.1073
2024-02-17 03:30:00,0.2577
2024-02-17 03:40:00,0.2077
2024-02-17 03:50:00,0.161
2024-02-17 04:00:00,0.1533
2024-02-17 04:10:00,0.249
2024-02-17 04:20:00,0.242
2024-02-17 04:30:00,0.3824
2024-02-17 04:40:00,0.4598
2024-02-17 04:50:00,0.2299
2024-02-17 05:00:00,0.2737
2024-02-17 05:10:00,0.5589
2024-02-17 05:20:00,0.4663
2024-02-17 05:30:00,0.3597
2024-02-17 05:40:00,0.5919
2024-02-17 05:50:00,0.5458
2024-02-17 06:00:00,0.7477
2024-02-17 06:10:00,0.5174
2024-02-17 06:20:00,0.6634
2024-02-17 06:30:00,0.4176
2024-02-17 06:40:00,0.7109
2024-02-17 06:50:00,0.6737
2024-02-17 07:00:00,0.7474
2024-02-17 07:10:00,0.706
2024-02-17 07:20:00,0.5938
2024-02-17 07:30:00,0.4969
2024-02-17 07:40:00,0.5665
2024-02-17 07:50:00,0.4665
2024-02-17 08:00:00,0.5707
2024-02-17 08:10:00,0.731
2024-02-17 08:20:00,0.7158
2024-02-17 08:30:00,0.7383
2024-02-17 08:40:00,0.7307
2024-02-17 08:50:00,0.6928
2024-02-17 09:00:00,0.9601
2024-02-17 09:10:00,1.0647
2024-02-17 09:20:00,1.0262
2024-02-17 09:30:00,1.1849
2024-02-17 09:40:00,1.5194
2024-02-17 09:50:00,1.6217
2024-02-17 10:00:00,1.5101
2024-02-17 10:10:00,1.813
2024-02-17 10:20:00,2.1373
2024-02-17 10:30:00,2.1446
2024-02-17 10:40:00,2.3136
2024-02-17 10:50:00,2.6196
2024-02-17 11:00:00,2.7694
2024-02-17 11:10:00,2.9104
2024-02-17 11:20:00,2.9179
2024-02-17 11:30:00,3.1143
2024-02-17 11:40:00,3.2745
2024-02-17 11:50:00,3.1674
2024-02-17 12:00:00,3.1481
2024-02-17 12:10:00,3.2954
2024-02-17 12:20:00,3.3296
2024-02-17 12:30:00,3.2596
2024-02-17 12:40:00,2.9067
2024-02-17 12:50:00,2.7896
2024-02-17 13:00:00,2.568
2024-02-17 13:10:00,2.5225
2024-02-17 13:20:00,2.2338
2024-02-17 13:30:00,2.1147
2024-02-17 13:40:00,2.0638
2024-02-17 13:50:00,1.8635
2024-02-17 14:00:00,1.4824
2024-02-17 14:10:00,1.6706
2024-02-17 14:20:00,1.2685
2024-02-17 14:30:00,1.1603
2024-02-17 14:40:00,1.0285
2024-02-17 14:50:00,0.9999
2024-02-17 15:00:00,0.9084
2024-02-17 15:10:00,0.8615
2024-02-17 15:20:00,0.6719
2024-02-17 15:30:00,0.9198
2024-02-17 15:40:00,0.9372
2024-02-17 15:50:00,1.164
2024-02-17 16:00:00,1.0313
2024-02-17 16:10:00,0.9926
2024-02-17 16:20:00,0.9965
2024-02-17 16:30:00,1.1936
2024-02-17 16:40:00,1.3438
2024-02-17 16:50:00,1.3496
2024-02-17 17:00:00,1.5078
2024-02-17 17:10:00,1.7892
2024-02-17 17:20:00,1.6497
2024-02-17 17:30:00,1.5742
2024-02-17 17:40:00,1.907
2024-02-17 17:50:00,1.8864
2024-02-17 18:00:00,1.6958
2024-02-17 18:10:00,1.8969
2024-02-17 18:20:00,1.7181
2024-02-17 18:30:00,1.8041
2024-02-17 18:40:00,1.8743
2024-02-17 18:50:00,1.5749
2024-02-17 19:00:00,1.6001
2024-02-17 19:10:00,1.2627
2024-02-17 19:20:00,1.1265
2024-02-17 19:30:00,1.3761
2024-02-17 19:40:00,1.1074
2024-02-17 19:50:00,1.0511
2024-02-17 20:00:00,1.0237
2024-02-17 20:10:00,0.7875
2024-02-17 20:20:00,0.8655
2024-02-17 20:30:00,0.8034
2024-02-17 20:40:00,0.5689
2024-02-17 20:50:00,0.8203
2024-02-17 21:00:00,0.7772
2024-02-17 21:10:00,0.5013
2024-02-17 21:20:00,0.6374
2024-02-17 21:30:00,0.5855
2024-02-17 21:40:00,0.7443
2024-02-17 21:50:00,0.4571
2024-02-17 22:00:00,0.9556
2024-02-17 22:10:00,0.5761
2024-02-17 22:20:00,0.6662
2024-02-17 22:30:00,0.7303
2024-02-17 22:40:00,0.5715
2024-02-17 22:50:00,0.5793
2024-02-17 23:00:00,0.5404
2024-02-17 23:10:00,0.502
2024-02-17 23:20:00,0.6177
2024-02-17 23:30:00,0.577
2024-02-17 23:40:00,0.5395
2024-02-17 23:50:00,0.5454
2024-02-18 00:00:00,0.5847
2024-02-18 00:10:00,0.4319
2024-02-18 00:20:00,0.469
2024-02-18 00:30:00,0.563
2024-02-18 00:40:00,0.4748
2024-02-18 00:50:00,0.3195
2024-02-18 01:00:00,0.3943
2024-02-18 01:10:00,0.4107
2024-02-18 01:20:00,0.4349
2024-02-18 01:30:00,0.2287
2024-02-18 01:40:00,0.2167
2024-02-18 01:50:00,0.1721
2024-02-18 02:00:00,0.1479
2024-02-18 02:10:00,0.2263
2024-02-18 02:20:00,0.2368
2024-02-18 02:30:00,0.2824
2024-02-18 02:40:00,0.1682
2024-02-18 02:50:00,0.05
2024-02-18 03:00:00,0.2443
2024-02-18 03:10:00,0.1932
2024-02-18 03:20:00,0.1833
2024-02-18 03:30:00,0.05
2024-02-18 03:40:00,0.1577
2024-02-18 03:50:00,0.0665
2024-02-18 04:00:00,0.2606
2024-02-18 04:10:00,0.1987
2024-02-18 04:20:00,0.2206
2024-02-18 04:30:00,0.1506
2024-02-18 04:40:00,0.4387
2024-02-18 04:50:00,0.3412
2024-02-18 05:00:00,0.4054
2024-02-18 05:10:00,0.351
2024-02-18 05:20:00,0.2851
2024-02-18 05:30:00,0.4202
2024-02-18 05:40:00,0.4569
2024-02-18 05:50:00,0.5415
2024-02-18 06:00:00,0.4925
2024-02-18 06:10:00,0.4697
2024-02-18 06:20:00,0.4028
2024-02-18 06:30:00,0.568
2024-02-18 06:40:00,0.4923
2024-02-18 06:50:00,0.712
2024-02-18 07:00:00,0.6026
2024-02-18 07:10:00,0.6518
2024-02-18 07:20:00,0.5795
2024-02-18 07:30:00,0.6349
2024-02-18 07:40:00,0.5383
2024-02-18 07:50:00,0.5255
2024-02-18 08:00:00,0.6651
2024-02-18 08:10:00,0.7462
2024-02-18 08:20:00,0.5267
2024-02-18 08:30:00,0.7115
2024-02-18 08:40:00,0.9951
2024-02-18 08:50:00,0.9189
2024-02-18 09:00:00,1.0967
2024-02-18 09:10:00,0.9644
2024-02-18 09:20:00,1.0808
2024-02-18 09:30:00,1.3362
2024-02-18 09:40:00,1.429
2024-02-18 09:50:00,1.4979
2024-02-18 10:00:00,1.534
2024-02-18 10:10:00,1.9391
2024-02-18 10:20:00,2.245
2024-02-18 10:30:00,2.0113
2024-02-18 10:40:00,2.4834
2024-02-18 10:50:00,2.4662
2024-02-18 11:00:00,2.6403
2024-02-18 11:10:00,2.8469
2024-02-18 11:20:00,2.8267
2024-02-18 11:30:00,3.0476
2024-02-18 11:40:00,2.9673
2024-02-18 11:50:00,3.2235
2024-02-18 12:00:00,3.4152
2024-02-18 12:10:00,3.1119
2024-02-18 12:20:00,3.1116
2024-02-18 12:30:00,3.0394
2024-02-18 12:40:00,3.046
2024-02-18 12:50:00,2.8606
2024-02-18 13:00:00,2.7659
2024-02-18 13:10:00,2.4628
2024-02-18 13:20:00,2.3871
2024-02-18 13:30:00,1.8329
2024-02-18 13:40:00,2.0626
2024-02-18 13:50:00,1.7047
2024-02-18 14:00:00,1.6325
2024-02-18 14:10:00,1.5897
2024-02-18 14:20:00,1.2251
2024-02-18 14:30:00,1.3667
2024-02-18 14:40:00,1.1412
2024-02-18 14:50:00,1.2125
2024-02-18 15:00:00,0.9089
2024-02-18 15:10:00,0.7685
2024-02-18 15:20:00,0.9165
2024-02-18 15:30:00,0.9665
2024-02-18 15:40:00,0.9821
2024-02-18 15:50:00,0.827
2024-02-18 16:00:00,0.8213
2024-02-18 16:10:00,1.0122
2024-02-18 16:20:00,1.1695
2024-02-18 16:30:00,1.2511
2024-02-18 16:40:00,1.4576
2024-02-18 16:50:00,1.3641
2024-02-18 17:00:00,1.3189
2024-02-18 17:10:00,1.7208
2024-02-18 17:20:00,1.7094
2024-02-18 17:30:00,1.793
2024-02-18 17:40:00,1.8983
2024-02-18 17:50:00,1.9833
2024-02-18 18:00:00,1.8664
2024-02-18 18:10:00,1.9738
2024-02-18 18:20:00,1.8751
2024-02-18 18:30:00,1.6963
2024-02-18 18:40:00,1.6621
2024-02-18 18:50:00,1.656
2024-02-18 19:00:00,1.4225
2024-02-18 19:10:00,1.4756
2024-02-18 19:20:00,1.2956
2024-02-18 19:30:00,1.2138
2024-02-18 19:40:00,1.2218
2024-02-18 19:50:00,1.0242
2024-02-18 20:00:00,0.9166
2024-02-18 20:10:00,0.833
2024-02-18 20:20:00,0.7704
2024-02-18 20:30:00,0.7681
2024-02-18 20:40:00,0.8355
2024-02-18 20:50:00,0.6085
2024-02-18 21:00:00,0.5784
2024-02-18 21:10:00,0.7588
2024-02-18 21:20:00,0.5614
2024-02-18 21:30:00,0.6308
2024-02-18 21:40:00,0.5439
2024-02-18 21:50:00,0.4309
2024-02-18 22:00:00,0.6158
2024-02-18 22:10:00,0.7057
2024-02-18 22:20:00,0.5868
2024-02-18 22:30:00,0.444
2024-02-18 22:40:00,0.6027
2024-02-18 22:50:00,0.5159
2024-02-18 23:00:00,0.3293
2024-02-18 23:10:00,0.5831
2024-02-18 23:20:00,0.6429
2024-02-18 23:30:00,0.7089
2024-02-18 23:40:00,0.7668
2024-02-18 23:50:00,0.6562
2024-02-19 00:00:00,0.573
2024-02-19 00:10:00,0.3372
2024-02-19 00:20:00,0.6115
2024-02-19 00:30:00,0.5573
2024-02-19 00:40:00,0.3729
2024-02-19 00:50:00,0.4545
2024-02-19 01:00:00,0.4191
2024-02-19 01:10:00,0.481
2024-02-19 01:20:00,0.2907
2024-02-19 01:30:00,0.2023
2024-02-19 01:40:00,0.199
2024-02-19 01:50:00,0.3096
2024-02-19 02:00:00,0.05
2024-02-19 02:10:00,0.05
2024-02-19 02:20:00,0.2508
2024-02-19 02:30:00,0.1889
2024-02-19 02:40:00,0.1632
2024-02-19 02:50:00,0.05
2024-02-19 03:00:00,0.05
2024-02-19 03:10:00,0.0979
2024-02-19 03:20:00,0.1975
2024-02-19 03:30:00,0.1028
2024-02-19 03:40:00,0.2514
2024-02-19 03:50:00,0.0737
2024-02-19 04:00:00,0.1414
2024-02-19 04:10:00,0.2902
2024-02-19 04:20:00,0.2103
2024-02-19 04:30:00,0.2442
2024-02-19 04:40:00,0.2415
2024-02-19 04:50:00,0.2511
2024-02-19 05:00:00,0.3965
2024-02-19 05:10:00,0.4347
2024-02-19 05:20:00,0.4324
2024-02-19 05:30:00,0.3692
2024-02-19 05:40:00,0.4295
2024-02-19 05:50:00,0.6257
2024-02-19 06:00:00,0.3384
2024-02-19 06:10:00,0.6814
2024-02-19 06:20:00,0.5133
2024-02-19 06:30:00,0.4945
2024-02-19 06:40:00,0.6158
2024-02-19 06:50:00,0.321
2024-02-19 07:00:00,0.6728
2024-02-19 07:10:00,0.7278
2024-02-19 07:20:00,0.6588
2024-02-19 07:30:00,0.3492
2024-02-19 07:40:00,0.6474
2024-02-19 07:50:00,0.7501
2024-02-19 08:00:00,0.7581
2024-02-19 08:10:00,0.4863
2024-02-19 08:20:00,0.7581
2024-02-19 08:30:00,0.8725
2024-02-19 08:40:00,0.7409
2024-02-19 08:50:00,0.6473
2024-02-19 09:00:00,0.941
2024-02-19 09:10:00,1.0408
2024-02-19 09:20:00,1.0113
2024-02-19 09:30:00,1.009
2024-02-19 09:40:00,1.3419
2024-02-19 09:50:00,1.2949
2024-02-19 10:00:00,1.5507
2024-02-19 10:10:00,1.8152
2024-02-19 10:20:00,1.6487
2024-02-19 10:30:00,2.0642
2024-02-19 10:40:00,2.1116
2024-02-19 10:50:00,2.2689
2024-02-19 11:00:00,2.4846
2024-02-19 11:10:00,2.4891
2024-02-19 11:20:00,2.5647
2024-02-19 11:30:00,2.5984
2024-02-19 11:40:00,2.9702
2024-02-19 11:50:00,2.853
2024-02-19 12:00:00,2.9617
2024-02-19 12:10:00,2.8417
2024-02-19 12:20:00,2.7309
2024-02-19 12:30:00,2.8421
2024-02-19 12:40:00,2.715
2024-02-19 12:50:00,2.5427
2024-02-19 13:00:00,2.4635
2024-02-19 13:10:00,2.1913
2024-02-19 13:20:00,2.239
2024-02-19 13:30:00,2.1037
2024-02-19 13:40:00,1.8922
2024-02-19 13:50:00,1.625
2024-02-19 14:00:00,1.5214
2024-02-19 14:10:00,1.5358
2024-02-19 14:20:00,1.3828
2024-02-19 14:30:00,1.344
2024-02-19 14:40:00,0.9718
2024-02-19 14:50:00,0.8842
2024-02-19 15:00:00,0.9227
2024-02-19 15:10:00,0.9051
2024-02-19 15:20:00,0.8224
2024-02-19 15:30:00,0.7872
2024-02-19 15:40:00,0.9594
2024-02-19 15:50:00,0.8469
2024-02-19 16:00:00,0.7737
2024-02-19 16:10:00,0.8396
2024-02-19 16:20:00,1.042
2024-02-19 16:30:00,1.3964
2024-02-19 16:40:00,1.0858
2024-02-19 16:50:00,1.2439
2024-02-19 17:00:00,1.6086
2024-02-19 17:10:00,1.4087
2024-02-19 17:20:00,1.5835
2024-02-19 17:30:00,1.7936
2024-02-19 17:40:00,1.5626
2024-02-19 17:50:00,1.659
2024-02-19 18:00:00,1.6522
2024-02-19 18:10:00,1.5374
2024-02-19 18:20:00,1.8131
2024-02-19 18:30:00,1.5449
2024-02-19 18:40:00,1.4462
2024-02-19 18:50:00,1.4065
2024-02-19 19:00:00,1.4519
2024-02-19 19:10:00,1.2735
2024-02-19 19:20:00,1.0855
2024-02-19 19:30:00,1.1108
2024-02-19 19:40:00,1.0621
2024-02-19 19:50:00,0.8972
2024-02-19 20:00:00,0.8042
2024-02-19 20:10:00,0.8672
2024-02-19 20:20:00,0.6955
2024-02-19 20:30:00,0.8314
2024-02-19 20:40:00,0.5605
2024-02-19 20:50:00,0.5314
2024-02-19 21:00:00,0.4986
2024-02-19 21:10:00,0.5498
2024-02-19 21:20:00,0.5627
2024-02-19 21:30:00,0.4219
2024-02-19 21:40:00,0.5585
2024-02-19 21:50:00,0.6015
2024-02-19 22:00:00,0.3959
2024-02-19 22:10:00,0.4886
2024-02-19 22:20:00,0.5964
2024-02-19 22:30:00,0.43
2024-02-19 22:40:00,0.5069
2024-02-19 22:50:00,0.6471
2024-02-19 23:00:00,0.7176
2024-02-19 23:10:00,0.582
2024-02-19 23:20:00,0.521
2024-02-19 23:30:00,0.4878
2024-02-19 23:40:00,0.629
2024-02-19 23:50:00,0.6513
2024-02-20 00:00:00,0.3645
2024-02-20 00:10:00,0.5572
2024-02-20 00:20:00,0.3891
2024-02-20 00:30:00,0.3451
2024-02-20 00:40:00,0.3946
2024-02-20 00:50:00,0.4859
2024-02-20 01:00:00,0.3923
2024-02-20 01:10:00,0.3626
2024-02-20 01:20:00,0.3414
2024-02-20 01:30:00,0.324
2024-02-20 01:40:00,0.2369
2024-02-20 01:50:00,0.2833
2024-02-20 02:00:00,0.1276
2024-02-20 02:10:00,0.2344
2024-02-20 02:20:00,0.2472
2024-02-20 02:30:00,0.2315
2024-02-20 02:40:00,0.2366
2024-02-20 02:50:00,0.208
2024-02-20 03:00:00,0.2789
2024-02-20 03:10:00,0.05
2024-02-20 03:20:00,0.2469
2024-02-20 03:30:00,0.3591
2024-02-20 03:40:00,0.0994
2024-02-20 03:50:00,0.0959
2024-02-20 04:00:00,0.3222
2024-02-20 04:10:00,0.1275
2024-02-20 04:20:00,0.1816
2024-02-20 04:30:00,0.2942
2024-02-20 04:40:00,0.2262
2024-02-20 04:50:00,0.4219
2024-02-20 05:00:00,0.2823
2024-02-20 05:10:00,0.4228
2024-02-20 05:20:00,0.4386
2024-02-20 05:30:00,0.5976
2024-02-20 05:40:00,0.5666
2024-02-20 05:50:00,0.4137
2024-02-20 06:00:00,0.3545
2024-02-20 06:10:00,0.5771
2024-02-20 06:20:00,0.4385
2024-02-20 06:30:00,0.4794
2024-02-20 06:40:00,0.415
2024-02-20 06:50:00,0.5962
2024-02-20 07:00:00,0.4707
2024-02-20 07:10:00,0.5391
2024-02-20 07:20:00,0.5486
2024-02-20 07:30:00,0.5784
2024-02-20 07:40:00,0.6377
2024-02-20 07:50:00,0.5618
2024-02-20 08:00:00,0.5303
2024-02-20 08:10:00,0.4418
2024-02-20 08:20:00,0.6674
2024-02-20 08:30:00,0.678
2024-02-20 08:40:00,0.6677
2024-02-20 08:50:00,0.7997
2024-02-20 09:00:00,0.9446
2024-02-20 09:10:00,1.0475
2024-02-20 09:20:00,0.8728
2024-02-20 09:30:00,1.0931
2024-02-20 09:40:00,1.3411
2024-02-20 09:50:00,1.5328
2024-02-20 10:00:00,1.4308
2024-02-20 10:10:00,1.7989
2024-02-20 10:20:00,1.6815
2024-02-20 10:30:00,2.0903
2024-02-20 10:40:00,2.1063
2024-02-20 10:50:00,2.4456
2024-02-20 11:00:00,2.3892
2024-02-20 11:10:00,2.5379
2024-02-20 11:20:00,2.6716
2024-02-20 11:30:00,2.626
2024-02-20 11:40:00,2.6737
2024-02-20 11:50:00,2.9442
2024-02-20 12:00:00,3.0066
2024-02-20 12:10:00,2.9539
2024-02-20 12:20:00,2.7246
2024-02-20 12:30:00,2.8278
2024-02-20 12:40:00,2.586
2024-02-20 12:50:00,2.6098
2024-02-20 13:00:00,2.549
2024-02-20 13:10:00,2.3264
2024-02-20 13:20:00,2.282
2024-02-20 13:30:00,1.9615
2024-02-20 13:40:00,1.7965
2024-02-20 13:50:00,1.6706
2024-02-20 14:00:00,1.3827
2024-02-20 14:10:00,1.34
2024-02-20 14:20:00,1.2245
2024-02-20 14:30:00,1.1174
2024-02-20 14:40:00,1.0777
2024-02-20 14:50:00,0.8242
2024-02-20 15:00:00,0.7957
2024-02-20 15:10:00,0.9785
2024-02-20 15:20:00,0.6368
2024-02-20 15:30:00,0.8886
2024-02-20 15:40:00,0.7962
2024-02-20 15:50:00,0.8728
2024-02-20 16:00:00,1.052
2024-02-20 16:10:00,0.9374
2024-02-20 16:20:00,1.0809
2024-02-20 16:30:00,1.1032
2024-02-20 16:40:00,1.1737
2024-02-20 16:50:00,1.2534
2024-02-20 17:00:00,1.4396
2024-02-20 17:10:00,1.3855
2024-02-20 17:20:00,1.4263
2024-02-20 17:30:00,1.6152
2024-02-20 17:40:00,1.6787
2024-02-20 17:50:00,1.5092
2024-02-20 18:00:00,1.7013
2024-02-20 18:10:00,1.5682
2024-02-20 18:20:00,1.7206
2024-02-20 18:30:00,1.4247
2024-02-20 18:40:00,1.7279
2024-02-20 18:50:00,1.4186
2024-02-20 19:00:00,1.2739
2024-02-20 19:10:00,1.2352
2024-02-20 19:20:00,1.2215
2024-02-20 19:30:00,1.16
2024-02-20 19:40:00,0.9544
2024-02-20 19:50:00,0.7567
2024-02-20 20:00:00,0.7073
2024-02-20 20:10:00,0.795
2024-02-20 20:20:00,0.8128
2024-02-20 20:30:00,0.783
2024-02-20 20:40:00,0.6537
2024-02-20 20:50:00,0.7068
2024-02-20 21:00:00,0.7808
2024-02-20 21:10:00,0.6933
2024-02-20 21:20:00,0.6552
2024-02-20 21:30:00,0.4743
2024-02-20 21:40:00,0.6457
2024-02-20 21:50:00,0.5917
2024-02-20 22:00:00,0.608
2024-02-20 22:10:00,0.6674
2024-02-20 22:20:00,0.576
2024-02-20 22:30:00,0.5292
2024-02-20 22:40:00,0.4321
2024-02-20 22:50:00,0.5092
2024-02-20 23:00:00,0.56
2024-02-20 23:10:00,0.5663
2024-02-20 23:20:00,0.5629
2024-02-20 23:30:00,0.6345
2024-02-20 23:40:00,0.625
2024-02-20 23:50:00,0.5323
2024-02-21 00:00:00,0.3959
2024-02-21 00:10:00,0.5049
2024-02-21 00:20:00,0.6749
2024-02-21 00:30:00,0.4636
2024-02-21 00:40:00,0.3808
2024-02-21 00:50:00,0.4407
2024-02-21 01:00:00,0.4213
2024-02-21 01:10:00,0.3932
2024-02-21 01:20:00,0.4437
2024-02-21 01:30:00,0.3161
2024-02-21 01:40:00,0.3811
2024-02-21 01:50:00,0.2434
2024-02-21 02:00:00,0.345
2024-02-21 02:10:00,0.2901
2024-02-21 02:20:00,0.2539
2024-02-21 02:30:00,0.2406
2024-02-21 02:40:00,0.3919
2024-02-21 02:50:00,0.2694
2024-02-21 03:00:00,0.0768
2024-02-21 03:10:00,0.1863
2024-02-21 03:20:00,0.1352
2024-02-21 03:30:00,0.3682
2024-02-21 03:40:00,0.2868
2024-02-21 03:50:00,0.3727
2024-02-21 04:00:00,0.1177
2024-02-21 04:10:00,0.3305
2024-02-21 04:20:00,0.1121
2024-02-21 04:30:00,0.1183
2024-02-21 04:40:00,0.2667
2024-02-21 04:50:00,0.486
2024-02-21 05:00:00,0.2625
2024-02-21 05:10:00,0.3855
2024-02-21 05:20:00,0.5294
2024-02-21 05:30:00,0.5163
2024-02-21 05:40:00,0.6722
2024-02-21 05:50:00,0.4674
2024-02-21 06:00:00,0.4373
2024-02-21 06:10:00,0.3844
2024-02-21 06:20:00,0.4676
2024-02-21 06:30:00,0.4032
2024-02-21 06:40:00,0.3419
2024-02-21 06:50:00,0.7252
2024-02-21 07:00:00,0.5408
2024-02-21 07:10:00,0.8023
2024-02-21 07:20:00,0.4672
2024-02-21 07:30:00,0.5177
2024-02-21 07:40:00,0.4946
2024-02-21 07:50:00,0.5226
2024-02-21 08:00:00,0.6925
2024-02-21 08:10:00,0.6851
2024-02-21 08:20:00,0.7453
2024-02-21 08:30:00,0.8286
2024-02-21 08:40:00,0.8502
2024-02-21 08:50:00,0.6934
2024-02-21 09:00:00,0.8075
2024-02-21 09:10:00,0.9494
2024-02-21 09:20:00,1.4001
2024-02-21 09:30:00,1.2076
2024-02-21 09:40:00,1.257
2024-02-21 09:50:00,1.4419
2024-02-21 10:00:00,1.4537
2024-02-21 10:10:00,1.689
2024-02-21 10:20:00,1.9138
2024-02-21 10:30:00,1.9746
2024-02-21 10:40:00,2.061
2024-02-21 10:50:00,2.2839
2024-02-21 11:00:00,2.4061
2024-02-21 11:10:00,2.4358
2024-02-21 11:20:00,2.6305
2024-02-21 11:30:00,2.6432
2024-02-21 11:40:00,2.7292
2024-02-21 11:50:00,2.782
2024-02-21 12:00:00,3.006
2024-02-21 12:10:00,3.045
2024-02-21 12:20:00,2.6992
2024-02-21 12:30:00,2.9406
2024-02-21 12:40:00,2.575
2024-02-21 12:50:00,2.6463
2024-02-21 13:00:00,2.4641
2024-02-21 13:10:00,2.3556
2024-02-21 13:20:00,2.0207
2024-02-21 13:30:00,1.7973
2024-02-21 13:40:00,1.7397
2024-02-21 13:50:00,1.7083
2024-02-21 14:00:00,1.7142
2024-02-21 14:10:00,1.2787
2024-02-21 14:20:00,1.2474
2024-02-21 14:30:00,1.072
2024-02-21 14:40:00,1.0503
2024-02-21 14:50:00,0.7801
2024-02-21 15:00:00,1.0609
2024-02-21 15:10:00,0.8685
2024-02-21 15:20:00,0.9301
2024-02-21 15:30:00,0.8046
2024-02-21 15:40:00,0.8534
2024-02-21 15:50:00,0.9706
2024-02-21 16:00:00,0.9102
2024-02-21 16:10:00,0.9683
2024-02-21 16:20:00,0.94
2024-02-21 16:30:00,1.045
2024-02-21 16:40:00,1.0845
2024-02-21 16:50:00,1.2042
2024-02-21 17:00:00,1.496
2024-02-21 17:10:00,1.641
2024-02-21 17:20:00,1.4163
2024-02-21 17:30:00,1.6489
2024-02-21 17:40:00,1.6293
2024-02-21 17:50:00,1.833
2024-02-21 18:00:00,1.7176
2024-02-21 18:10:00,1.6919
2024-02-21 18:20:00,1.5851
2024-02-21 18:30:00,1.4535
2024-02-21 18:40:00,1.613
2024-02-21 18:50:00,1.4892
2024-02-21 19:00:00,1.3995
2024-02-21 19:10:00,1.2049
2024-02-21 19:20:00,1.1525
2024-02-21 19:30:00,1.1512
2024-02-21 19:40:00,1.081
2024-02-21 19:50:00,0.7836
2024-02-21 20:00:00,0.766
2024-02-21 20:10:00,0.6281
2024-02-21 20:20:00,0.735
2024-02-21 20:30:00,0.7604
2024-02-21 20:40:00,0.6097
2024-02-21 20:50:00,0.5444
2024-02-21 21:00:00,0.5566
2024-02-21 21:10:00,0.8054
2024-02-21 21:20:00,0.6828
2024-02-21 21:30:00,0.6287
2024-02-21 21:40:00,0.582
2024-02-21 21:50:00,0.5448
2024-02-21 22:00:00,0.4529
2024-02-21 22:10:00,0.4357
2024-02-21 22:20:00,0.4839
2024-02-21 22:30:00,0.4447
2024-02-21 22:40:00,0.4788
2024-02-21 22:50:00,0.5292
2024-02-21 23:00:00,0.5367
2024-02-21 23:10:00,0.4771
2024-02-21 23:20:00,0.5886
2024-02-21 23:30:00,0.5201
2024-02-21 23:40:00,0.5605
2024-02-21 23:50:00,0.4646
2024-02-22 00:00:00,0.5504
2024-02-22 00:10:00,0.4136
2024-02-22 00:20:00,0.6115
2024-02-22 00:30:00,0.4094
2024-02-22 00:40:00,0.4013
2024-02-22 00:50:00,0.4468
2024-02-22 01:00:00,0.4433
2024-02-22 01:10:00,0.427
2024-02-22 01:20:00,0.4843
2024-02-22 01:30:00,0.3439
2024-02-22 01:40:00,0.2421
2024-02-22 01:50:00,0.1676
2024-02-22 02:00:00,0.1805
2024-02-22 02:10:00,0.318
2024-02-22 02:20:00,0.05
2024-02-22 02:30:00,0.08
2024-02-22 02:40:00,0.14
2024-02-22 02:50:00,0.0786
2024-02-22 03:00:00,0.121
2024-02-22 03:10:00,0.3425
2024-02-22 03:20:00,0.1321
2024-02-22 03:30:00,0.203
2024-02-22 03:40:00,0.05
2024-02-22 03:50:00,0.0594
2024-02-22 04:00:00,0.2872
2024-02-22 04:10:00,0.3874
2024-02-22 04:20:00,0.2709
2024-02-22 04:30:00,0.2472
2024-02-22 04:40:00,0.3564
2024-02-22 04:50:00,0.0753
2024-02-22 05:00:00,0.3851
2024-02-22 05:10:00,0.2829
2024-02-22 05:20:00,0.4903
2024-02-22 05:30:00,0.2129
2024-02-22 05:40:00,0.3881
2024-02-22 05:50:00,0.4635
2024-02-22 06:00:00,0.4057
2024-02-22 06:10:00,0.4567
2024-02-22 06:20:00,0.5953
2024-02-22 06:30:00,0.5116
2024-02-22 06:40:00,0.429
2024-02-22 06:50:00,0.6234
2024-02-22 07:00:00,0.5615
2024-02-22 07:10:00,0.5729
2024-02-22 07:20:00,0.4624
2024-02-22 07:30:00,0.3064
2024-02-22 07:40:00,0.4821
2024-02-22 07:50:00,0.4865
2024-02-22 08:00:00,0.5444
2024-02-22 08:10:00,0.5449
2024-02-22 08:20:00,0.6697
2024-02-22 08:30:00,0.7832
2024-02-22 08:40:00,0.8478
2024-02-22 08:50:00,0.8787
2024-02-22 09:00:00,0.7709
2024-02-22 09:10:00,0.9441
2024-02-22 09:20:00,1.1849
2024-02-22 09:30:00,0.973
2024-02-22 09:40:00,1.3824
2024-02-22 09:50:00,1.2763
2024-02-22 10:00:00,1.5449
2024-02-22 10:10:00,1.7057
2024-02-22 10:20:00,1.8391
2024-02-22 10:30:00,2.2023
2024-02-22 10:40:00,2.1087
2024-02-22 10:50:00,2.13
2024-02-22 11:00:00,2.4761
2024-02-22 11:10:00,2.5571
2024-02-22 11:20:00,2.7458
2024-02-22 11:30:00,2.8735
2024-02-22 11:40:00,2.8523
2024-02-22 11:50:00,2.9426
2024-02-22 12:00:00,2.928
2024-02-22 12:10:00,3.0781
2024-02-22 12:20:00,2.8186
2024-02-22 12:30:00,2.7166
2024-02-22 12:40:00,2.7784
2024-02-22 12:50:00,2.4813
2024-02-22 13:00:00,2.4799
2024-02-22 13:10:00,2.2773
2024-02-22 13:20:00,2.1292
2024-02-22 13:30:00,2.2242
2024-02-22 13:40:00,1.9452
2024-02-22 13:50:00,1.7694
2024-02-22 14:00:00,1.5731
2024-02-22 14:10:00,1.3139
2024-02-22 14:20:00,1.2846
2024-02-22 14:30:00,1.2064
2024-02-22 14:40:00,1.0729
2024-02-22 14:50:00,0.9836
2024-02-22 15:00:00,0.8723
2024-02-22 15:10:00,0.8943
2024-02-22 15:20:00,0.7866
2024-02-22 15:30:00,0.899
2024-02-22 15:40:00,0.6336
2024-02-22 15:50:00,0.9944
2024-02-22 16:00:00,0.7668
2024-02-22 16:10:00,0.8457
2024-02-22 16:20:00,1.0612
2024-02-22 16:30:00,1.1535
2024-02-22 16:40:00,1.3948
2024-02-22 16:50:00,1.3089
2024-02-22 17:00:00,1.3682
2024-02-22 17:10:00,1.4807
2024-02-22 17:20:00,1.7016
2024-02-22 17:30:00,1.8534
2024-02-22 17:40:00,1.6443
2024-02-22 17:50:00,1.7493
2024-02-22 18:00:00,1.6983
2024-02-22 18:10:00,1.6849
2024-02-22 18:20:00,1.8491
2024-02-22 18:30:00,1.5157
2024-02-22 18:40:00,1.305
2024-02-22 18:50:00,1.4871
2024-02-22 19:00:00,1.4832
2024-02-22 19:10:00,1.2881
2024-02-22 19:20:00,1.2184
2024-02-22 19:30:00,1.1484
2024-02-22 19:40:00,0.9949
2024-02-22 19:50:00,0.958
2024-02-22 20:00:00,0.8841
2024-02-22 20:10:00,0.572
2024-02-22 20:20:00,0.7269
2024-02-22 20:30:00,0.5153
2024-02-22 20:40:00,0.6344
2024-02-22 20:50:00,0.5618
2024-02-22 21:00:00,0.6942
2024-02-22 21:10:00,0.5998
2024-02-22 21:20:00,0.6115
2024-02-22 21:30:00,0.537
2024-02-22 21:40:00,0.6557
2024-02-22 21:50:00,0.3869
2024-02-22 22:00:00,0.4545
2024-02-22 22:10:00,0.671
2024-02-22 22:20:00,0.4977
2024-02-22 22:30:00,0.326
2024-02-22 22:40:00,0.6854
2024-02-22 22:50:00,0.6476
2024-02-22 23:00:00,0.6108
2024-02-22 23:10:00,0.5491
2024-02-22 23:20:00,0.7057
2024-02-22 23:30:00,0.6654
2024-02-22 23:40:00,0.6943
2024-02-22 23:50:00,0.6091
2024-02-23 00:00:00,0.4939
2024-02-23 00:10:00,0.4276
2024-02-23 00:20:00,0.3242
2024-02-23 00:30:00,0.4825
2024-02-23 00:40:00,0.4698
2024-02-23 00:50:00,0.3529
2024-02-23 01:00:00,0.4238
2024-02-23 01:10:00,0.3021
2024-02-23 01:20:00,0.3938
2024-02-23 01:30:00,0.1898
2024-02-23 01:40:00,0.1435
2024-02-23 01:50:00,0.1967
2024-02-23 02:00:00,0.277
2024-02-23 02:10:00,0.0539
2024-02-23 02:20:00,0.267
2024-02-23 02:30:00,0.05
2024-02-23 02:40:00,0.1373
2024-02-23 02:50:00,0.05
2024-02-23 03:00:00,0.05
2024-02-23 03:10:00,0.1987
2024-02-23 03:20:00,0.1442
2024-02-23 03:30:00,0.05
2024-02-23 03:40:00,0.1104
2024-02-23 03:50:00,0.214
2024-02-23 04:00:00,0.1573
2024-02-23 04:10:00,0.2009
2024-02-23 04:20:00,0.2092
2024-02-23 04:30:00,0.2198
2024-02-23 04:40:00,0.2475
2024-02-23 04:50:00,0.2729
2024-02-23 05:00:00,0.2872
2024-02-23 05:10:00,0.2862
2024-02-23 05:20:00,0.3734
2024-02-23 05:30:00,0.3685
2024-02-23 05:40:00,0.3442
2024-02-23 05:50:00,0.5446
2024-02-23 06:00:00,0.6057
2024-02-23 06:10:00,0.4948
2024-02-23 06:20:00,0.512
2024-02-23 06:30:00,0.4453
2024-02-23 06:40:00,0.6293
2024-02-23 06:50:00,0.7037
2024-02-23 07:00:00,0.5205
2024-02-23 07:10:00,0.492
2024-02-23 07:20:00,0.5864
2024-02-23 07:30:00,0.5746
2024-02-23 07:40:00,0.5232
2024-02-23 07:50:00,0.6349
2024-02-23 08:00:00,0.7001
2024-02-23 08:10:00,0.5511
2024-02-23 08:20:00,0.9133
2024-02-23 08:30:00,0.5424
2024-02-23 08:40:00,0.6557
2024-02-23 08:50:00,0.8192
2024-02-23 09:00:00,1.0862
2024-02-23 09:10:00,0.8829
2024-02-23 09:20:00,0.9228
2024-02-23 09:30:00,1.1875
2024-02-23 09:40:00,1.2239
2024-02-23 09:50:00,1.4438
2024-02-23 10:00:00,1.5099
2024-02-23 10:10:00,1.5803
2024-02-23 10:20:00,2.0567
2024-02-23 10:30:00,1.6859
2024-02-23 10:40:00,2.3229
2024-02-23 10:50:00,2.3895
2024-02-23 11:00:00,2.3683
2024-02-23 11:10:00,2.7638
2024-02-23 11:20:00,2.5557
2024-02-23 11:30:00,2.8888
2024-02-23 11:40:00,2.6501
2024-02-23 11:50:00,2.7872
2024-02-23 12:00:00,2.8015
2024-02-23 12:10:00,2.8267
2024-02-23 12:20:00,2.8596
2024-02-23 12:30:00,2.7054
2024-02-23 12:40:00,2.4893
2024-02-23 12:50:00,2.623
2024-02-23 13:00:00,2.448
2024-02-23 13:10:00,2.3374
2024-02-23 13:20:00,2.1586
2024-02-23 13:30:00,2.0778
2024-02-23 13:40:00,1.816
2024-02-23 13:50:00,1.7701
2024-02-23 14:00:00,1.4439
2024-02-23 14:10:00,1.3125
2024-02-23 14:20:00,1.3973
2024-02-23 14:30:00,1.2848
2024-02-23 14:40:00,1.1114
2024-02-23 14:50:00,0.8862
2024-02-23 15:00:00,0.816
2024-02-23 15:10:00,1.0006
2024-02-23 15:20:00,0.9673
2024-02-23 15:30:00,0.8231
2024-02-23 15:40:00,1.0702
2024-02-23 15:50:00,0.9052
2024-02-23 16:00:00,0.7881
2024-02-23 16:10:00,0.9258
2024-02-23 16:20:00,1.0219
2024-02-23 16:30:00,1.1092
2024-02-23 16:40:00,1.3131
2024-02-23 16:50:00,1.1849
2024-02-23 17:00:00,1.2404
2024-02-23 17:10:00,1.5232
2024-02-23 17:20:00,1.4934
2024-02-23 17:30:00,1.8548
2024-02-23 17:40:00,1.7587
2024-02-23 17:50:00,1.6441
2024-02-23 18:00:00,1.8287
2024-02-23 18:10:00,1.769
2024-02-23 18:20:00,1.7262
2024-02-23 18:30:00,1.5976
2024-02-23 18:40:00,1.582
2024-02-23 18:50:00,1.2465
2024-02-23 19:00:00,1.4962
2024-02-23 19:10:00,0.9237
2024-02-23 19:20:00,1.1251
2024-02-23 19:30:00,0.9146
2024-02-23 19:40:00,0.9346
2024-02-23 19:50:00,0.8958
2024-02-23 20:00:00,0.7113
2024-02-23 20:10:00,0.4912
2024-02-23 20:20:00,0.7369
2024-02-23 20:30:00,0.8819
2024-02-23 20:40:00,0.6037
2024-02-23 20:50:00,0.7078
2024-02-23 21:00:00,0.7418
2024-02-23 21:10:00,0.3859
2024-02-23 21:20:00,0.519
2024-02-23 21:30:00,0.429
2024-02-23 21:40:00,0.4704
2024-02-23 21:50:00,0.7174
2024-02-23 22:00:00,0.5669
2024-02-23 22:10:00,0.6218
2024-02-23 22:20:00,0.5374
2024-02-23 22:30:00,0.42
2024-02-23 22:40:00,0.6085
2024-02-23 22:50:00,0.6657
2024-02-23 23:00:00,0.572
2024-02-23 23:10:00,0.5891
2024-02-23 23:20:00,0.4166
2024-02-23 23:30:00,0.6108
2024-02-23 23:40:00,0.6747
2024-02-23 23:50:00,0.5805
2024-02-24 00:00:00,0.3506
2024-02-24 00:10:00,0.6783
2024-02-24 00:20:00,0.4022
2024-02-24 00:30:00,0.5148
2024-02-24 00:40:00,0.5481
2024-02-24 00:50:00,0.535
2024-02-24 01:00:00,0.2191
2024-02-24 01:10:00,0.381
2024-02-24 01:20:00,0.3431
2024-02-24 01:30:00,0.45
2024-02-24 01:40:00,0.3201
2024-02-24 01:50:00,0.3879
2024-02-24 02:00:00,0.2677
2024-02-24 02:10:00,0.1795
2024-02-24 02:20:00,0.1978
2024-02-24 02:30:00,0.3308
2024-02-24 02:40:00,0.05
2024-02-24 02:50:00,0.269
2024-02-24 03:00:00,0.1156
2024-02-24 03:10:00,0.0941
2024-02-24 03:20:00,0.2807
2024-02-24 03:30:00,0.0901
2024-02-24 03:40:00,0.2161
2024-02-24 03:50:00,0.1381
2024-02-24 04:00:00,0.05
2024-02-24 04:10:00,0.2909
2024-02-24 04:20:00,0.2868
2024-02-24 04:30:00,0.1151
2024-02-24 04:40:00,0.2682
2024-02-24 04:50:00,0.1886
2024-02-24 05:00:00,0.4723
2024-02-24 05:10:00,0.5659
2024-02-24 05:20:00,0.5378
2024-02-24 05:30:00,0.5751
2024-02-24 05:40:00,0.4452
2024-02-24 05:50:00,0.57
2024-02-24 06:00:00,0.5302
2024-02-24 06:10:00,0.5633
2024-02-24 06:20:00,0.6522
2024-02-24 06:30:00,0.6841
2024-02-24 06:40:00,0.5364
2024-02-24 06:50:00,0.4426
2024-02-24 07:00:00,0.5724
2024-02-24 07:10:00,0.5772
2024-02-24 07:20:00,0.6365
2024-02-24 07:30:00,0.7017
2024-02-24 07:40:00,0.4397
2024-02-24 07:50:00,0.5801
2024-02-24 08:00:00,0.5711
2024-02-24 08:10:00,0.8184
2024-02-24 08:20:00,0.7048
2024-02-24 08:30:00,0.7147
2024-02-24 08:40:00,0.8696
2024-02-24 08:50:00,0.8169
2024-02-24 09:00:00,0.947
2024-02-24 09:10:00,1.2154
2024-02-24 09:20:00,1.312
2024-02-24 09:30:00,1.2063
2024-02-24 09:40:00,1.3567
2024-02-24 09:50:00,1.4545
2024-02-24 10:00:00,1.4777
2024-02-24 10:10:00,1.938
2024-02-24 10:20:00,2.2481
2024-02-24 10:30:00,2.1372
2024-02-24 10:40:00,2.2755
2024-02-24 10:50:00,2.5008
2024-02-24 11:00:00,2.6982
2024-02-24 11:10:00,2.7233
2024-02-24 11:20:00,2.9191
2024-02-24 11:30:00,3.1711
2024-02-24 11:40:00,3.16
2024-02-24 11:50:00,3.322
2024-02-24 12:00:00,3.2475
2024-02-24 12:10:00,3.086
2024-02-24 12:20:00,3.0896
2024-02-24 12:30:00,3.0945
2024-02-24 12:40:00,2.8528
2024-02-24 12:50:00,2.7118
2024-02-24 13:00:00,2.5707
2024-02-24 13:10:00,2.5801
2024-02-24 13:20:00,2.3212
2024-02-24 13:30:00,2.3009
2024-02-24 13:40:00,1.9182
2024-02-24 13:50:00,1.5917
2024-02-24 14:00:00,1.6622
2024-02-24 14:10:00,1.689
2024-02-24 14:20:00,1.3904
2024-02-24 14:30:00,1.1281
2024-02-24 14:40:00,0.9981
2024-02-24 14:50:00,1.1934
2024-02-24 15:00:00,0.9244
2024-02-24 15:10:00,1.1097
2024-02-24 15:20:00,0.9903
2024-02-24 15:30:00,0.8363
2024-02-24 15:40:00,1.0372
2024-02-24 15:50:00,0.8538
2024-02-24 16:00:00,0.8449
2024-02-24 16:10:00,0.963
2024-02-24 16:20:00,1.2014
2024-02-24 16:30:00,1.3255
2024-02-24 16:40:00,1.2686
2024-02-24 16:50:00,1.223
2024-02-24 17:00:00,1.3567
2024-02-24 17:10:00,1.504
2024-02-24 17:20:00,1.5707
2024-02-24 17:30:00,1.8019
2024-02-24 17:40:00,2.0263
2024-02-24 17:50:00,1.9477
2024-02-24 18:00:00,1.7671
2024-02-24 18:10:00,1.7978
2024-02-24 18:20:00,1.7809
2024-02-24 18:30:00,1.8114
2024-02-24 18:40:00,1.8526
2024-02-24 18:50:00,1.5572
2024-02-24 19:00:00,1.6562
2024-02-24 19:10:00,1.6057
2024-02-24 19:20:00,1.2525
2024-02-24 19:30:00,1.1451
2024-02-24 19:40:00,1.0482
2024-02-24 19:50:00,1.0007
2024-02-24 20:00:00,0.8791
2024-02-24 20:10:00,0.9347
2024-02-24 20:20:00,0.6337
2024-02-24 20:30:00,0.6878
2024-02-24 20:40:00,0.7363
2024-02-24 20:50:00,0.7607
2024-02-24 21:00:00,0.8706
2024-02-24 21:10:00,0.5052
2024-02-24 21:20:00,0.5565
2024-02-24 21:30:00,0.3863
2024-02-24 21:40:00,0.4957
2024-02-24 21:50:00,0.4256
2024-02-24 22:00:00,0.5475
2024-02-24 22:10:00,0.5749
2024-02-24 22:20:00,0.6435
2024-02-24 22:30:00,0.5659
2024-02-24 22:40:00,0.6423
2024-02-24 22:50:00,0.6064
2024-02-24 23:00:00,0.4915
2024-02-24 23:10:00,0.4261
2024-02-24 23:20:00,0.6531
2024-02-24 23:30:00,0.7593
2024-02-24 23:40:00,0.8482
2024-02-24 23:50:00,0.6882
2024-02-25 00:00:00,0.6765
2024-02-25 00:10:00,0.5613
2024-02-25 00:20:00,0.5273
2024-02-25 00:30:00,0.4876
2024-02-25 00:40:00,0.4426
2024-02-25 00:50:00,0.4881
2024-02-25 01:00:00,0.3474
2024-02-25 01:10:00,0.3548
2024-02-25 01:20:00,0.2205
2024-02-25 01:30:00,0.3539
2024-02-25 01:40:00,0.1785
2024-02-25 01:50:00,0.2467
2024-02-25 02:00:00,0.264
2024-02-25 02:10:00,0.2457
2024-02-25 02:20:00,0.2557
2024-02-25 02:30:00,0.1572
2024-02-25 02:40:00,0.2272
2024-02-25 02:50:00,0.1299
2024-02-25 03:00:00,0.05
2024-02-25 03:10:00,0.2316
2024-02-25 03:20:00,0.2084
2024-02-25 03:30:00,0.2799
2024-02-25 03:40:00,0.176
2024-02-25 03:50:00,0.05
2024-02-25 04:00:00,0.2048
2024-02-25 04:10:00,0.332
2024-02-25 04:20:00,0.322
2024-02-25 04:30:00,0.2917
2024-02-25 04:40:00,0.172
2024-02-25 04:50:00,0.267
2024-02-25 05:00:00,0.4472
2024-02-25 05:10:00,0.261
2024-02-25 05:20:00,0.4215
2024-02-25 05:30:00,0.4805
2024-02-25 05:40:00,0.6125
2024-02-25 05:50:00,0.5772
2024-02-25 06:00:00,0.6279
2024-02-25 06:10:00,0.5754
2024-02-25 06:20:00,0.4724
2024-02-25 06:30:00,0.5057
2024-02-25 06:40:00,0.4826
2024-02-25 06:50:00,0.643
2024-02-25 07:00:00,0.5223
2024-02-25 07:10:00,0.5603
2024-02-25 07:20:00,0.6108
2024-02-25 07:30:00,0.7831
2024-02-25 07:40:00,0.6975
2024-02-25 07:50:00,0.5705
2024-02-25 08:00:00,0.6833
2024-02-25 08:10:00,0.859
2024-02-25 08:20:00,0.7878
2024-02-25 08:30:00,0.6069
2024-02-25 08:40:00,0.725
2024-02-25 08:50:00,0.7778
2024-02-25 09:00:00,1.0935
2024-02-25 09:10:00,1.1606
2024-02-25 09:20:00,1.0719
2024-02-25 09:30:00,1.1835
2024-02-25 09:40:00,1.3806
2024-02-25 09:50:00,1.5253
2024-02-25 10:00:00,1.5756
2024-02-25 10:10:00,1.8111
2024-02-25 10:20:00,1.8624
2024-02-25 10:30:00,2.3108
2024-02-25 10:40:00,2.1833
2024-02-25 10:50:00,2.3533
2024-02-25 11:00:00,2.7357
2024-02-25 11:10:00,2.7158
2024-02-25 11:20:00,2.9176
2024-02-25 11:30:00,3.0788
2024-02-25 11:40:00,3.2176
2024-02-25 11:50:00,3.1758
2024-02-25 12:00:00,3.3919
2024-02-25 12:10:00,3.1978
2024-02-25 12:20:00,3.2692
2024-02-25 12:30:00,3.1003
2024-02-25 12:40:00,3.1809
2024-02-25 12:50:00,2.9454
2024-02-25 13:00:00,2.6967
2024-02-25 13:10:00,2.5937
2024-02-25 13:20:00,2.3339
2024-02-25 13:30:00,2.1576
2024-02-25 13:40:00,1.8793
2024-02-25 13:50:00,1.7583
2024-02-25 14:00:00,1.8829
2024-02-25 14:10:00,1.4053
2024-02-25 14:20:00,1.3227
2024-02-25 14:30:00,1.2571
2024-02-25 14:40:00,1.1556
2024-02-25 14:50:00,1.113
2024-02-25 15:00:00,0.9592
2024-02-25 15:10:00,1.0009
2024-02-25 15:20:00,1.04
2024-02-25 15:30:00,1.0407
2024-02-25 15:40:00,0.8946
2024-02-25 15:50:00,1.0082
2024-02-25 16:00:00,0.8759
2024-02-25 16:10:00,0.9785
2024-02-25 16:20:00,1.0082
2024-02-25 16:30:00,1.2083
2024-02-25 16:40:00,1.2234
2024-02-25 16:50:00,1.2591
2024-02-25 17:00:00,1.4752
2024-02-25 17:10:00,1.4394
2024-02-25 17:20:00,1.8344
2024-02-25 17:30:00,1.7213
2024-02-25 17:40:00,1.9327
2024-02-25 17:50:00,1.8206
2024-02-25 18:00:00,1.7622
2024-02-25 18:10:00,1.9865
2024-02-25 18:20:00,1.8413
2024-02-25 18:30:00,1.9628
2024-02-25 18:40:00,1.6504
2024-02-25 18:50:00,1.5609
2024-02-25 19:00:00,1.6042
2024-02-25 19:10:00,1.4978
2024-02-25 19:20:00,1.304
2024-02-25 19:30:00,1.5173
2024-02-25 19:40:00,1.0572
2024-02-25 19:50:00,0.8684
2024-02-25 20:00:00,0.8155
2024-02-25 20:10:00,0.8196
2024-02-25 20:20:00,0.9412
2024-02-25 20:30:00,0.7233
2024-02-25 20:40:00,0.8606
2024-02-25 20:50:00,0.7178
2024-02-25 21:00:00,0.76
2024-02-25 21:10:00,0.6734
2024-02-25 21:20:00,0.6602
2024-02-25 21:30:00,0.6887
2024-02-25 21:40:00,0.5506
2024-02-25 21:50:00,0.5474
2024-02-25 22:00:00,0.6351
2024-02-25 22:10:00,0.7924
2024-02-25 22:20:00,0.443
2024-02-25 22:30:00,0.3934
2024-02-25 22:40:00,0.5695
2024-02-25 22:50:00,0.6987
2024-02-25 23:00:00,0.6005
2024-02-25 23:10:00,0.4784
2024-02-25 23:20:00,0.6032
2024-02-25 23:30:00,0.4219
2024-02-25 23:40:00,0.6581
2024-02-25 23:50:00,0.5643
2024-02-26 00:00:00,0.4747
2024-02-26 00:10:00,0.5115
2024-02-26 00:20:00,0.4729
2024-02-26 00:30:00,0.3794
2024-02-26 00:40:00,0.5157
2024-02-26 00:50:00,0.4686
2024-02-26 01:00:00,0.186
2024-02-26 01:10:00,0.3133
2024-02-26 01:20:00,0.1998
2024-02-26 01:30:00,0.152
2024-02-26 01:40:00,0.3032
2024-02-26 01:50:00,0.1795
2024-02-26 02:00:00,0.1804
2024-02-26 02:10:00,0.1033
2024-02-26 02:20:00,0.1995
2024-02-26 02:30:00,0.2303
2024-02-26 02:40:00,0.3795
2024-02-26 02:50:00,0.1444
2024-02-26 03:00:00,0.05
2024-02-26 03:10:00,0.1121
2024-02-26 03:20:00,0.2472
2024-02-26 03:30:00,0.0852
2024-02-26 03:40:00,0.05
2024-02-26 03:50:00,0.0951
2024-02-26 04:00:00,0.1413
2024-02-26 04:10:00,0.1131
2024-02-26 04:20:00,0.2715
2024-02-26 04:30:00,0.2709
2024-02-26 04:40:00,0.3868
2024-02-26 04:50:00,0.2917
2024-02-26 05:00:00,0.4193
2024-02-26 05:10:00,0.3398
2024-02-26 05:20:00,0.2995
2024-02-26 05:30:00,0.3794
2024-02-26 05:40:00,0.2908
2024-02-26 05:50:00,0.6481
2024-02-26 06:00:00,0.498
2024-02-26 06:10:00,0.4166
2024-02-26 06:20:00,0.469
2024-02-26 06:30:00,0.2709
2024-02-26 06:40:00,0.6674
2024-02-26 06:50:00,0.665
2024-02-26 07:00:00,0.5491
2024-02-26 07:10:00,0.5776
2024-02-26 07:20:00,0.427
2024-02-26 07:30:00,0.4437
2024-02-26 07:40:00,0.4051
2024-02-26 07:50:00,0.5733
2024-02-26 08:00:00,0.7141
2024-02-26 08:10:00,0.5931
2024-02-26 08:20:00,0.6957
2024-02-26 08:30:00,0.7955
2024-02-26 08:40:00,0.5805
2024-02-26 08:50:00,0.9825
2024-02-26 09:00:00,0.9796
2024-02-26 09:10:00,0.9931
2024-02-26 09:20:00,1.1246
2024-02-26 09:30:00,1.2328
2024-02-26 09:40:00,1.2814
2024-02-26 09:50:00,1.5239
2024-02-26 10:00:00,1.4759
2024-02-26 10:10:00,1.7168
2024-02-26 10:20:00,1.9591
2024-02-26 10:30:00,1.7177
2024-02-26 10:40:00,2.1905
2024-02-26 10:50:00,2.3749
2024-02-26 11:00:00,2.2788
2024-02-26 11:10:00,2.6118
2024-02-26 11:20:00,2.621
2024-02-26 11:30:00,2.8353
2024-02-26 11:40:00,2.8568
2024-02-26 11:50:00,2.8151
2024-02-26 12:00:00,3.0354
2024-02-26 12:10:00,2.8679
2024-02-26 12:20:00,2.8933
2024-02-26 12:30:00,2.9271
2024-02-26 12:40:00,2.6087
2024-02-26 12:50:00,2.5846
2024-02-26 13:00:00,2.4003
2024-02-26 13:10:00,2.2756
2024-02-26 13:20:00,2.363
2024-02-26 13:30:00,2.0335
2024-02-26 13:40:00,1.86
2024-02-26 13:50:00,1.7258
2024-02-26 14:00:00,1.5687
2024-02-26 14:10:00,1.2056
2024-02-26 14:20:00,1.4929
2024-02-26 14:30:00,1.0059
2024-02-26 14:40:00,1.2302
2024-02-26 14:50:00,1.0396
2024-02-26 15:00:00,0.9335
2024-02-26 15:10:00,0.8397
2024-02-26 15:20:00,1.1028
2024-02-26 15:30:00,0.8922
2024-02-26 15:40:00,0.8401
2024-02-26 15:50:00,0.8082
2024-02-26 16:00:00,0.8358
2024-02-26 16:10:00,0.961
2024-02-26 16:20:00,0.9311
2024-02-26 16:30:00,1.1716
2024-02-26 16:40:00,1.1268
2024-02-26 16:50:00,1.3845
2024-02-26 17:00:00,1.4756
2024-02-26 17:10:00,1.4615
2024-02-26 17:20:00,1.6064
2024-02-26 17:30:00,1.68
2024-02-26 17:40:00,1.5227
2024-02-26 17:50:00,1.8745
2024-02-26 18:00:00,1.6865
2024-02-26 18:10:00,1.7702
2024-02-26 18:20:00,1.7397
2024-02-26 18:30:00,1.3653
2024-02-26 18:40:00,1.4785
2024-02-26 18:50:00,1.5448
2024-02-26 19:00:00,1.3744
2024-02-26 19:10:00,1.3397
2024-02-26 19:20:00,1.1818
2024-02-26 19:30:00,1.2001
2024-02-26 19:40:00,0.9988
2024-02-26 19:50:00,1.0481
2024-02-26 20:00:00,0.7352
2024-02-26 20:10:00,0.758
2024-02-26 20:20:00,0.6589
2024-02-26 20:30:00,0.714
2024-02-26 20:40:00,0.6127
2024-02-26 20:50:00,0.5906
2024-02-26 21:00:00,0.5225
2024-02-26 21:10:00,0.5315
2024-02-26 21:20:00,0.5652
2024-02-26 21:30:00,0.3561
2024-02-26 21:40:00,0.3224
2024-02-26 21:50:00,0.5546
2024-02-26 22:00:00,0.2692
2024-02-26 22:10:00,0.5251
2024-02-26 22:20:00,0.5056
2024-02-26 22:30:00,0.5968
2024-02-26 22:40:00,0.475
2024-02-26 22:50:00,0.6989
2024-02-26 23:00:00,0.6266
2024-02-26 23:10:00,0.3904
2024-02-26 23:20:00,0.5132
2024-02-26 23:30:00,0.6943
2024-02-26 23:40:00,0.4718
2024-02-26 23:50:00,0.5363
2024-02-27 00:00:00,0.6238
2024-02-27 00:10:00,0.4151
2024-02-27 00:20:00,0.565
2024-02-27 00:30:00,0.3429
2024-02-27 00:40:00,0.1239
2024-02-27 00:50:00,0.5121
2024-02-27 01:00:00,0.4076
2024-02-27 01:10:00,0.387
2024-02-27 01:20:00,0.1988
2024-02-27 01:30:00,0.1777
2024-02-27 01:40:00,0.365
2024-02-27 01:50:00,0.2459
2024-02-27 02:00:00,0.1831
2024-02-27 02:10:00,0.1925
2024-02-27 02:20:00,0.3135
2024-02-27 02:30:00,0.235
2024-02-27 02:40:00,0.1151
2024-02-27 02:50:00,0.05
2024-02-27 03:00:00,0.2214
2024-02-27 03:10:00,0.0702
2024-02-27 03:20:00,0.05
2024-02-27 03:30:00,0.2942
2024-02-27 03:40:00,0.2498
2024-02-27 03:50:00,0.209
2024-02-27 04:00:00,0.071
2024-02-27 04:10:00,0.4005
2024-02-27 04:20:00,0.3528
2024-02-27 04:30:00,0.2487
2024-02-27 04:40:00,0.2566
2024-02-27 04:50:00,0.3444
2024-02-27 05:00:00,0.316
2024-02-27 05:10:00,0.6105
2024-02-27 05:20:00,0.3743
2024-02-27 05:30:00,0.3273
2024-02-27 05:40:00,0.6119
2024-02-27 05:50:00,0.4128
2024-02-27 06:00:00,0.5628
2024-02-27 06:10:00,0.5641
2024-02-27 06:20:00,0.5014
2024-02-27 06:30:00,0.4191
2024-02-27 06:40:00,0.5196
2024-02-27 06:50:00,0.4148
2024-02-27 07:00:00,0.5365
2024-02-27 07:10:00,0.6234
2024-02-27 07:20:00,0.726
2024-02-27 07:30:00,0.4549
2024-02-27 07:40:00,0.5503
2024-02-27 07:50:00,0.5375
2024-02-27 08:00:00,0.6359
2024-02-27 08:10:00,0.4798
2024-02-27 08:20:00,0.5686
2024-02-27 08:30:00,0.5291
2024-02-27 08:40:00,0.5998
2024-02-27 08:50:00,0.7326
2024-02-27 09:00:00,1.0317
2024-02-27 09:10:00,0.9773
2024-02-27 09:20:00,1.0396
2024-02-27 09:30:00,1.2714
2024-02-27 09:40:00,1.2916
2024-02-27 09:50:00,1.43
2024-02-27 10:00:00,1.4752
2024-02-27 10:10:00,1.6083
2024-02-27 10:20:00,1.6974
2024-02-27 10:30:00,1.9285
2024-02-27 10:40:00,2.1206
2024-02-27 10:50:00,2.3389
2024-02-27 11:00:00,2.4481
2024-02-27 11:10:00,2.5494
2024-02-27 11:20:00,2.6115
2024-02-27 11:30:00,2.838
2024-02-27 11:40:00,2.819
2024-02-27 11:50:00,2.9477
2024-02-27 12:00:00,2.7356
2024-02-27 12:10:00,2.9459
2024-02-27 12:20:00,2.9435
2024-02-27 12:30:00,2.8601
2024-02-27 12:40:00,2.6831
2024-02-27 12:50:00,2.6776
2024-02-27 13:00:00,2.3246
2024-02-27 13:10:00,2.2959
2024-02-27 13:20:00,2.1299
2024-02-27 13:30:00,2.0932
2024-02-27 13:40:00,1.6282
2024-02-27 13:50:00,1.5691
2024-02-27 14:00:00,1.7018
2024-02-27 14:10:00,1.1464
2024-02-27 14:20:00,1.3457
2024-02-27 14:30:00,1.0833
2024-02-27 14:40:00,1.0833
2024-02-27 14:50:00,1.12
2024-02-27 15:00:00,0.9456
2024-02-27 15:10:00,1.0144
2024-02-27 15:20:00,0.7938
2024-02-27 15:30:00,0.7964
2024-02-27 15:40:00,0.9177
2024-02-27 15:50:00,0.8185
2024-02-27 16:00:00,0.9618
2024-02-27 16:10:00,1.0752
2024-02-27 16:20:00,1.1119
2024-02-27 16:30:00,0.9467
2024-02-27 16:40:00,1.1583
2024-02-27 16:50:00,1.3133
2024-02-27 17:00:00,1.3542
2024-02-27 17:10:00,1.4762
2024-02-27 17:20:00,1.5792
2024-02-27 17:30:00,1.5657
2024-02-27 17:40:00,1.6511
2024-02-27 17:50:00,1.5847
2024-02-27 18:00:00,1.6658
2024-02-27 18:10:00,1.5494
2024-02-27 18:20:00,1.6805
2024-02-27 18:30:00,1.5964
2024-02-27 18:40:00,1.4539
2024-02-27 18:50:00,1.6406
2024-02-27 19:00:00,1.3449
2024-02-27 19:10:00,1.3006
2024-02-27 19:20:00,1.1097
2024-02-27 19:30:00,1.0366
2024-02-27 19:40:00,1.0207
2024-02-27 19:50:00,0.8733
2024-02-27 20:00:00,0.8343
2024-02-27 20:10:00,0.8521
2024-02-27 20:20:00,0.667
2024-02-27 20:30:00,0.5425
2024-02-27 20:40:00,0.4885
2024-02-27 20:50:00,0.758
2024-02-27 21:00:00,0.6866
2024-02-27 21:10:00,0.6436
2024-02-27 21:20:00,0.5231
2024-02-27 21:30:00,0.4254
2024-02-27 21:40:00,0.5248
2024-02-27 21:50:00,0.5398
2024-02-27 22:00:00,0.4334
2024-02-27 22:10:00,0.3979
2024-02-27 22:20:00,0.3707
2024-02-27 22:30:00,0.6088
2024-02-27 22:40:00,0.4221
2024-02-27 22:50:00,0.5733
2024-02-27 23:00:00,0.5024
2024-02-27 23:10:00,0.6011
2024-02-27 23:20:00,0.5757
2024-02-27 23:30:00,0.5189
2024-02-27 23:40:00,0.5551
2024-02-27 23:50:00,0.531
2024-02-28 00:00:00,0.4222
2024-02-28 00:10:00,0.5676
2024-02-28 00:20:00,0.4108
2024-02-28 00:30:00,0.4256
2024-02-28 00:40:00,0.2715
2024-02-28 00:50:00,0.417
2024-02-28 01:00:00,0.303
2024-02-28 01:10:00,0.2892
2024-02-28 01:20:00,0.2244
2024-02-28 01:30:00,0.2669
2024-02-28 01:40:00,0.05
2024-02-28 01:50:00,0.29
2024-02-28 02:00:00,0.1911
2024-02-28 02:10:00,0.1238
2024-02-28 02:20:00,0.05
2024-02-28 02:30:00,0.2061
2024-02-28 02:40:00,0.0993
2024-02-28 02:50:00,0.2934
2024-02-28 03:00:00,0.2114
2024-02-28 03:10:00,0.3162
2024-02-28 03:20:00,0.1764
2024-02-28 03:30:00,0.2705
2024-02-28 03:40:00,0.209
2024-02-28 03:50:00,0.1255
2024-02-28 04:00:00,0.2137
2024-02-28 04:10:00,0.1384
2024-02-28 04:20:00,0.457
2024-02-28 04:30:00,0.2692
2024-02-28 04:40:00,0.311
2024-02-28 04:50:00,0.3759
2024-02-28 05:00:00,0.2554
2024-02-28 05:10:00,0.5218
2024-02-28 05:20:00,0.3106
2024-02-28 05:30:00,0.3093
2024-02-28 05:40:00,0.4368
2024-02-28 05:50:00,0.3422
2024-02-28 06:00:00,0.6408
2024-02-28 06:10:00,0.4739
2024-02-28 06:20:00,0.1855
2024-02-28 06:30:00,0.5368
2024-02-28 06:40:00,0.5803
2024-02-28 06:50:00,0.4901
2024-02-28 07:00:00,0.4037
2024-02-28 07:10:00,0.5363
2024-02-28 07:20:00,0.5065
2024-02-28 07:30:00,0.4666
2024-02-28 07:40:00,0.4695
2024-02-28 07:50:00,0.6061
2024-02-28 08:00:00,0.6993
2024-02-28 08:10:00,0.6786
2024-02-28 08:20:00,0.4892
2024-02-28 08:30:00,0.7604
2024-02-28 08:40:00,0.8215
2024-02-28 08:50:00,0.9387
2024-02-28 09:00:00,0.7704
2024-02-28 09:10:00,0.9377
2024-02-28 09:20:00,1.0907
2024-02-28 09:30:00,1.0849
2024-02-28 09:40:00,1.3095
2024-02-28 09:50:00,1.3811
2024-02-28 10:00:00,1.4391
2024-02-28 10:10:00,1.5974
2024-02-28 10:20:00,1.955
2024-02-28 10:30:00,1.8906
2024-02-28 10:40:00,2.0336
2024-02-28 10:50:00,2.3409
2024-02-28 11:00:00,2.4508
2024-02-28 11:10:00,2.4569
2024-02-28 11:20:00,2.653
2024-02-28 11:30:00,2.7188
2024-02-28 11:40:00,2.8071
2024-02-28 11:50:00,3.1673
2024-02-28 12:00:00,2.8992
2024-02-28 12:10:00,2.8266
2024-02-28 12:20:00,3.0734
2024-02-28 12:30:00,2.8893
2024-02-28 12:40:00,2.7775
2024-02-28 12:50:00,2.5049
2024-02-28 13:00:00,2.5732
2024-02-28 13:10:00,2.3884
2024-02-28 13:20:00,2.1658
2024-02-28 13:30:00,1.8197
2024-02-28 13:40:00,1.8298
2024-02-28 13:50:00,1.8493
2024-02-28 14:00:00,1.5504
2024-02-28 14:10:00,1.353
2024-02-28 14:20:00,1.2425
2024-02-28 14:30:00,1.1384
2024-02-28 14:40:00,0.9788
2024-02-28 14:50:00,0.9753
2024-02-28 15:00:00,1.0613
2024-02-28 15:10:00,1.0047
2024-02-28 15:20:00,0.7683
2024-02-28 15:30:00,0.9607
2024-02-28 15:40:00,0.9159
2024-02-28 15:50:00,0.9265
2024-02-28 16:00:00,0.9461
2024-02-28 16:10:00,0.8646
2024-02-28 16:20:00,0.9854
2024-02-28 16:30:00,1.1888
2024-02-28 16:40:00,1.0728
2024-02-28 16:50:00,1.1822
2024-02-28 17:00:00,1.4104
2024-02-28 17:10:00,1.3906
2024-02-28 17:20:00,1.6334
2024-02-28 17:30:00,1.5443
2024-02-28 17:40:00,1.6963
2024-02-28 17:50:00,1.7371
2024-02-28 18:00:00,1.6669
2024-02-28 18:10:00,1.6796
2024-02-28 18:20:00,1.6022
2024-02-28 18:30:00,1.6152
2024-02-28 18:40:00,1.4507
2024-02-28 18:50:00,1.4409
2024-02-28 19:00:00,1.4454
2024-02-28 19:10:00,1.1593
2024-02-28 19:20:00,1.1259
2024-02-28 19:30:00,1.1308
2024-02-28 19:40:00,0.7814
2024-02-28 19:50:00,1.0928
2024-02-28 20:00:00,0.9392
2024-02-28 20:10:00,0.6182
2024-02-28 20:20:00,0.509
2024-02-28 20:30:00,0.6792
2024-02-28 20:40:00,0.5297
2024-02-28 20:50:00,0.7108
2024-02-28 21:00:00,0.6334
2024-02-28 21:10:00,0.5909
2024-02-28 21:20:00,0.5102
2024-02-28 21:30:00,0.7191
2024-02-28 21:40:00,0.6288
2024-02-28 21:50:00,0.6099
2024-02-28 22:00:00,0.667
2024-02-28 22:10:00,0.4434
2024-02-28 22:20:00,0.6727
2024-02-28 22:30:00,0.5171
2024-02-28 22:40:00,0.5766
2024-02-28 22:50:00,0.5272
2024-02-28 23:00:00,0.3549
2024-02-28 23:10:00,0.6383
2024-02-28 23:20:00,0.3601
2024-02-28 23:30:00,0.4459
2024-02-28 23:40:00,0.4972
2024-02-28 23:50:00,0.3471
2024-02-29 00:00:00,0.3741
2024-02-29 00:10:00,0.4945
2024-02-29 00:20:00,0.4188
2024-02-29 00:30:00,0.4082
2024-02-29 00:40:00,0.3219
2024-02-29 00:50:00,0.3945
2024-02-29 01:00:00,0.3318
2024-02-29 01:10:00,0.173
2024-02-29 01:20:00,0.2886
2024-02-29 01:30:00,0.1553
2024-02-29 01:40:00,0.3401
2024-02-29 01:50:00,0.1828
2024-02-29 02:00:00,0.4473
2024-02-29 02:10:00,0.2674
2024-02-29 02:20:00,0.1499
2024-02-29 02:30:00,0.2208
2024-02-29 02:40:00,0.05
2024-02-29 02:50:00,0.2591
2024-02-29 03:00:00,0.0809
2024-02-29 03:10:00,0.1719
2024-02-29 03:20:00,0.0901
2024-02-29 03:30:00,0.1007
2024-02-29 03:40:00,0.1448
2024-02-29 03:50:00,0.1784
2024-02-29 04:00:00,0.1924
2024-02-29 04:10:00,0.2218
2024-02-29 04:20:00,0.0878
2024-02-29 04:30:00,0.5127
2024-02-29 04:40:00,0.3319
2024-02-29 04:50:00,0.3809
2024-02-29 05:00:00,0.3304
2024-02-29 05:10:00,0.3026
2024-02-29 05:20:00,0.4286
2024-02-29 05:30:00,0.4638
2024-02-29 05:40:00,0.584
2024-02-29 05:50:00,0.6783
2024-02-29 06:00:00,0.6327
2024-02-29 06:10:00,0.3207
2024-02-29 06:20:00,0.462
2024-02-29 06:30:00,0.5508
2024-02-29 06:40:00,0.4853
2024-02-29 06:50:00,0.5283
2024-02-29 07:00:00,0.3253
2024-02-29 07:10:00,0.6385
2024-02-29 07:20:00,0.3676
2024-02-29 07:30:00,0.4074
2024-02-29 07:40:00,0.4748
2024-02-29 07:50:00,0.5812
2024-02-29 08:00:00,0.4472
2024-02-29 08:10:00,0.527
2024-02-29 08:20:00,0.7775
2024-02-29 08:30:00,0.6882
2024-02-29 08:40:00,0.7882
2024-02-29 08:50:00,0.6764
2024-02-29 09:00:00,0.8607
2024-02-29 09:10:00,0.9305
2024-02-29 09:20:00,0.9553
2024-02-29 09:30:00,1.1335
2024-02-29 09:40:00,1.0662
2024-02-29 09:50:00,1.4285
2024-02-29 10:00:00,1.4851
2024-02-29 10:10:00,1.6491
2024-02-29 10:20:00,1.9167
2024-02-29 10:30:00,2.0351
2024-02-29 10:40:00,2.1204
2024-02-29 10:50:00,2.1967
2024-02-29 11:00:00,2.5887
2024-02-29 11:10:00,2.4562
2024-02-29 11:20:00,2.7701
2024-02-29 11:30:00,2.643
2024-02-29 11:40:00,2.9654
2024-02-29 11:50:00,3.0182
2024-02-29 12:00:00,2.7406
2024-02-29 12:10:00,2.9621
2024-02-29 12:20:00,2.9103
2024-02-29 12:30:00,2.8731
2024-02-29 12:40:00,2.7438
2024-02-29 12:50:00,2.4941
2024-02-29 13:00:00,2.4343
2024-02-29 13:10:00,2.4752
2024-02-29 13:20:00,2.042
2024-02-29 13:30:00,2.0252
2024-02-29 13:40:00,1.9484
2024-02-29 13:50:00,1.5786
2024-02-29 14:00:00,1.3879
2024-02-29 14:10:00,1.2651
2024-02-29 14:20:00,1.3059
2024-02-29 14:30:00,1.0278
2024-02-29 14:40:00,1.0461
2024-02-29 14:50:00,1.1174
2024-02-29 15:00:00,0.9126
2024-02-29 15:10:00,0.7947
2024-02-29 15:20:00,0.857
2024-02-29 15:30:00,0.827
2024-02-29 15:40:00,0.8857
2024-02-29 15:50:00,1.0258
2024-02-29 16:00:00,0.9433
2024-02-29 16:10:00,1.1618
2024-02-29 16:20:00,1.0723
2024-02-29 16:30:00,1.0297
2024-02-29 16:40:00,1.4233
2024-02-29 16:50:00,1.2748
2024-02-29 17:00:00,1.2754
2024-02-29 17:10:00,1.7031
2024-02-29 17:20:00,1.479
2024-02-29 17:30:00,1.5438
2024-02-29 17:40:00,1.6181
2024-02-29 17:50:00,1.7221
2024-02-29 18:00:00,1.8096
2024-02-29 18:10:00,1.4401
2024-02-29 18:20:00,1.7643
2024-02-29 18:30:00,1.5629
2024-02-29 18:40:00,1.5068
2024-02-29 18:50:00,1.636
2024-02-29 19:00:00,1.393
2024-02-29 19:10:00,1.3188
2024-02-29 19:20:00,1.1707
2024-02-29 19:30:00,1.1562
2024-02-29 19:40:00,1.1518
2024-02-29 19:50:00,0.6605
2024-02-29 20:00:00,0.9438
2024-02-29 20:10:00,0.9274
2024-02-29 20:20:00,0.7701
2024-02-29 20:30:00,0.6091
2024-02-29 20:40:00,0.527
2024-02-29 20:50:00,0.8513
2024-02-29 21:00:00,0.504
2024-02-29 21:10:00,0.7308
2024-02-29 21:20:00,0.6067
2024-02-29 21:30:00,0.7642
2024-02-29 21:40:00,0.5221
2024-02-29 21:50:00,0.3893
2024-02-29 22:00:00,0.5477
2024-02-29 22:10:00,0.3971
2024-02-29 22:20:00,0.8124
2024-02-29 22:30:00,0.6069
2024-02-29 22:40:00,0.6214
2024-02-29 22:50:00,0.6212
2024-02-29 23:00:00,0.4738
2024-02-29 23:10:00,0.5298
2024-02-29 23:20:00,0.554
2024-02-29 23:30:00,0.7374
2024-02-29 23:40:00,0.4272
2024-02-29 23:50:00,0.4701
2024-03-01 00:00:00,0.4482
2024-03-01 00:10:00,0.403
2024-03-01 00:20:00,0.308
2024-03-01 00:30:00,0.1645
2024-03-01 00:40:00,0.231
2024-03-01 00:50:00,0.5001
2024-03-01 01:00:00,0.3638
2024-03-01 01:10:00,0.421
2024-03-01 01:20:00,0.2506
2024-03-01 01:30:00,0.2699
2024-03-01 01:40:00,0.4119
2024-03-01 01:50:00,0.3774
2024-03-01 02:00:00,0.2895
2024-03-01 02:10:00,0.1911
2024-03-01 02:20:00,0.2148
2024-03-01 02:30:00,0.2001
2024-03-01 02:40:00,0.1463
2024-03-01 02:50:00,0.1226
2024-03-01 03:00:00,0.2752
2024-03-01 03:10:00,0.05
2024-03-01 03:20:00,0.3117
2024-03-01 03:30:00,0.1355
2024-03-01 03:40:00,0.05
2024-03-01 03:50:00,0.1163
2024-03-01 04:00:00,0.1079
2024-03-01 04:10:00,0.1646
2024-03-01 04:20:00,0.1912
2024-03-01 04:30:00,0.2164
2024-03-01 04:40:00,0.2781
2024-03-01 04:50:00,0.331
2024-03-01 05:00:00,0.4411
2024-03-01 05:10:00,0.3658
2024-03-01 05:20:00,0.4465
2024-03-01 05:30:00,0.4359
2024-03-01 05:40:00,0.5082
2024-03-01 05:50:00,0.4755
2024-03-01 06:00:00,0.4207
2024-03-01 06:10:00,0.406
2024-03-01 06:20:00,0.5295
2024-03-01 06:30:00,0.645
2024-03-01 06:40:00,0.5028
2024-03-01 06:50:00,0.463
2024-03-01 07:00:00,0.5146
2024-03-01 07:10:00,0.4914
2024-03-01 07:20:00,0.4889
2024-03-01 07:30:00,0.4207
2024-03-01 07:40:00,0.5523
2024-03-01 07:50:00,0.615
2024-03-01 08:00:00,0.5018
2024-03-01 08:10:00,0.5457
2024-03-01 08:20:00,0.5683
2024-03-01 08:30:00,0.5613
2024-03-01 08:40:00,0.6499
2024-03-01 08:50:00,0.7809
2024-03-01 09:00:00,0.7326
2024-03-01 09:10:00,0.9311
2024-03-01 09:20:00,0.9653
2024-03-01 09:30:00,1.0466
2024-03-01 09:40:00,1.2941
2024-03-01 09:50:00,1.3217
2024-03-01 10:00:00,1.4793
2024-03-01 10:10:00,1.806
2024-03-01 10:20:00,1.741
2024-03-01 10:30:00,2.1501
2024-03-01 10:40:00,2.1192
2024-03-01 10:50:00,2.1966
2024-03-01 11:00:00,2.4024
2024-03-01 11:10:00,2.5992
2024-03-01 11:20:00,2.8348
2024-03-01 11:30:00,2.8849
2024-03-01 11:40:00,2.8823
2024-03-01 11:50:00,3.0455
2024-03-01 12:00:00,2.7461
2024-03-01 12:10:00,2.9445
2024-03-01 12:20:00,2.9069
2024-03-01 12:30:00,2.8373
2024-03-01 12:40:00,2.5484
2024-03-01 12:50:00,2.4907
2024-03-01 13:00:00,2.4414
2024-03-01 13:10:00,2.422
2024-03-01 13:20:00,2.3461
2024-03-01 13:30:00,1.9281
2024-03-01 13:40:00,1.7038
2024-03-01 13:50:00,1.7606
2024-03-01 14:00:00,1.7923
2024-03-01 14:10:00,1.5036
2024-03-01 14:20:00,1.1926
2024-03-01 14:30:00,1.4423
2024-03-01 14:40:00,1.1292
2024-03-01 14:50:00,0.902
2024-03-01 15:00:00,1.1119
2024-03-01 15:10:00,0.7861
2024-03-01 15:20:00,0.783
2024-03-01 15:30:00,0.9072
2024-03-01 15:40:00,0.8386
2024-03-01 15:50:00,0.8683
2024-03-01 16:00:00,0.9082
2024-03-01 16:10:00,1.0706
2024-03-01 16:20:00,0.7951
2024-03-01 16:30:00,1.1357
2024-03-01 16:40:00,1.1664
2024-03-01 16:50:00,1.2131
2024-03-01 17:00:00,1.3065
2024-03-01 17:10:00,1.2082
2024-03-01 17:20:00,1.4737
2024-03-01 17:30:00,1.7514
2024-03-01 17:40:00,1.7577
2024-03-01 17:50:00,1.6879
2024-03-01 18:00:00,1.5767
2024-03-01 18:10:00,1.7885
2024-03-01 18:20:00,1.8039
2024-03-01 18:30:00,1.7231
2024-03-01 18:40:00,1.4525
2024-03-01 18:50:00,1.3792
2024-03-01 19:00:00,1.5384
2024-03-01 19:10:00,1.1541
2024-03-01 19:20:00,1.2243
2024-03-01 19:30:00,0.903
2024-03-01 19:40:00,0.9607
2024-03-01 19:50:00,0.9672
2024-03-01 20:00:00,0.833
2024-03-01 20:10:00,0.8257
2024-03-01 20:20:00,0.598
2024-03-01 20:30:00,0.5954
2024-03-01 20:40:00,0.6909
2024-03-01 20:50:00,0.6853
2024-03-01 21:00:00,0.6169
2024-03-01 21:10:00,0.6742
2024-03-01 21:20:00,0.4024
2024-03-01 21:30:00,0.5134
2024-03-01 21:40:00,0.7367
2024-03-01 21:50:00,0.6789
2024-03-01 22:00:00,0.6113
2024-03-01 22:10:00,0.5307
2024-03-01 22:20:00,0.6486
2024-03-01 22:30:00,0.5873
2024-03-01 22:40:00,0.3922
2024-03-01 22:50:00,0.6433
2024-03-01 23:00:00,0.457
2024-03-01 23:10:00,0.6195
2024-03-01 23:20:00,0.3818
2024-03-01 23:30:00,0.7033
2024-03-01 23:40:00,0.5159
2024-03-01 23:50:00,0.4324
2024-03-02 00:00:00,0.4646
2024-03-02 00:10:00,0.4841
2024-03-02 00:20:00,0.4991
2024-03-02 00:30:00,0.6107
2024-03-02 00:40:00,0.4625
2024-03-02 00:50:00,0.2125
2024-03-02 01:00:00,0.2785
2024-03-02 01:10:00,0.6472
2024-03-02 01:20:00,0.3536
2024-03-02 01:30:00,0.403
2024-03-02 01:40:00,0.245
2024-03-02 01:50:00,0.1441
2024-03-02 02:00:00,0.1669
2024-03-02 02:10:00,0.2009
2024-03-02 02:20:00,0.1334
2024-03-02 02:30:00,0.3713
2024-03-02 02:40:00,0.1178
2024-03-02 02:50:00,0.074
2024-03-02 03:00:00,0.2603
2024-03-02 03:10:00,0.2727
2024-03-02 03:20:00,0.1824
2024-03-02 03:30:00,0.1192
2024-03-02 03:40:00,0.05
2024-03-02 03:50:00,0.3101
2024-03-02 04:00:00,0.3018
2024-03-02 04:10:00,0.2006
2024-03-02 04:20:00,0.2818
2024-03-02 04:30:00,0.2853
2024-03-02 04:40:00,0.5029
2024-03-02 04:50:00,0.2677
2024-03-02 05:00:00,0.3395
2024-03-02 05:10:00,0.358
2024-03-02 05:20:00,0.4866
2024-03-02 05:30:00,0.4847
2024-03-02 05:40:00,0.52
2024-03-02 05:50:00,0.4303
2024-03-02 06:00:00,0.6828
2024-03-02 06:10:00,0.5026
2024-03-02 06:20:00,0.6785
2024-03-02 06:30:00,0.8838
2024-03-02 06:40:00,0.4915
2024-03-02 06:50:00,0.6211
2024-03-02 07:00:00,0.5815
2024-03-02 07:10:00,0.8058
2024-03-02 07:20:00,0.5836
2024-03-02 07:30:00,0.647
2024-03-02 07:40:00,0.6576
2024-03-02 07:50:00,0.641
2024-03-02 08:00:00,0.7471
2024-03-02 08:10:00,0.7067
2024-03-02 08:20:00,0.7782
2024-03-02 08:30:00,0.792
2024-03-02 08:40:00,0.7602
2024-03-02 08:50:00,0.8545
2024-03-02 09:00:00,1.0098
2024-03-02 09:10:00,1.0953
2024-03-02 09:20:00,1.2646
2024-03-02 09:30:00,1.4403
2024-03-02 09:40:00,1.331
2024-03-02 09:50:00,1.5389
2024-03-02 10:00:00,1.6609
2024-03-02 10:10:00,1.7345
2024-03-02 10:20:00,2.0743
2024-03-02 10:30:00,2.2723
2024-03-02 10:40:00,2.2635
2024-03-02 10:50:00,2.5057
2024-03-02 11:00:00,2.6585
2024-03-02 11:10:00,2.7029
2024-03-02 11:20:00,2.979
2024-03-02 11:30:00,2.9734
2024-03-02 11:40:00,3.1818
2024-03-02 11:50:00,3.2409
2024-03-02 12:00:00,3.2694
2024-03-02 12:10:00,3.2581
2024-03-02 12:20:00,3.3191
2024-03-02 12:30:00,3.0071
2024-03-02 12:40:00,2.9068
2024-03-02 12:50:00,2.9194
2024-03-02 13:00:00,2.6927
2024-03-02 13:10:00,2.6561
2024-03-02 13:20:00,2.428
2024-03-02 13:30:00,2.3875
2024-03-02 13:40:00,2.0106
2024-03-02 13:50:00,1.7002
2024-03-02 14:00:00,1.7193
2024-03-02 14:10:00,1.5262
2024-03-02 14:20:00,1.4487
2024-03-02 14:30:00,1.3391
2024-03-02 14:40:00,1.114
2024-03-02 14:50:00,0.9791
2024-03-02 15:00:00,0.9965
2024-03-02 15:10:00,0.7231
2024-03-02 15:20:00,0.9384
2024-03-02 15:30:00,0.8779
2024-03-02 15:40:00,1.0121
2024-03-02 15:50:00,0.7532
2024-03-02 16:00:00,0.9962
2024-03-02 16:10:00,1.2136
2024-03-02 16:20:00,1.1988
2024-03-02 16:30:00,1.317
2024-03-02 16:40:00,1.3499
2024-03-02 16:50:00,1.2521
2024-03-02 17:00:00,1.538
2024-03-02 17:10:00,1.6612
2024-03-02 17:20:00,1.6024
2024-03-02 17:30:00,1.7733
2024-03-02 17:40:00,1.5533
2024-03-02 17:50:00,1.8458
2024-03-02 18:00:00,1.8475
2024-03-02 18:10:00,2.0186
2024-03-02 18:20:00,1.7814
2024-03-02 18:30:00,1.7564
2024-03-02 18:40:00,1.6977
2024-03-02 18:50:00,1.5544
2024-03-02 19:00:00,1.5832
2024-03-02 19:10:00,1.2044
2024-03-02 19:20:00,1.4088
2024-03-02 19:30:00,1.1885
2024-03-02 19:40:00,1.2208
2024-03-02 19:50:00,0.7256
2024-03-02 20:00:00,0.6767
2024-03-02 20:10:00,0.8221
2024-03-02 20:20:00,0.8439
2024-03-02 20:30:00,0.6902
2024-03-02 20:40:00,0.7659
2024-03-02 20:50:00,0.7759
2024-03-02 21:00:00,0.7215
2024-03-02 21:10:00,0.6482
2024-03-02 21:20:00,0.635
2024-03-02 21:30:00,0.5551
2024-03-02 21:40:00,0.6048
2024-03-02 21:50:00,0.5036
2024-03-02 22:00:00,0.5247
2024-03-02 22:10:00,0.6527
2024-03-02 22:20:00,0.5538
2024-03-02 22:30:00,0.5256
2024-03-02 22:40:00,0.6438
2024-03-02 22:50:00,0.6366
2024-03-02 23:00:00,0.5769
2024-03-02 23:10:00,0.5834
2024-03-02 23:20:00,0.6398
2024-03-02 23:30:00,0.6951
2024-03-02 23:40:00,0.6183
2024-03-02 23:50:00,0.479
2024-03-03 00:00:00,0.5117
2024-03-03 00:10:00,0.4775
2024-03-03 00:20:00,0.3947
2024-03-03 00:30:00,0.529
2024-03-03 00:40:00,0.5133
2024-03-03 00:50:00,0.5025
2024-03-03 01:00:00,0.3027
2024-03-03 01:10:00,0.3875
2024-03-03 01:20:00,0.3397
2024-03-03 01:30:00,0.3389
2024-03-03 01:40:00,0.289
2024-03-03 01:50:00,0.2435
2024-03-03 02:00:00,0.2019
2024-03-03 02:10:00,0.2989
2024-03-03 02:20:00,0.0934
2024-03-03 02:30:00,0.1623
2024-03-03 02:40:00,0.2877
2024-03-03 02:50:00,0.0985
2024-03-03 03:00:00,0.1036
2024-03-03 03:10:00,0.253
2024-03-03 03:20:00,0.05
2024-03-03 03:30:00,0.2457
2024-03-03 03:40:00,0.1306
2024-03-03 03:50:00,0.2292
2024-03-03 04:00:00,0.0931
2024-03-03 04:10:00,0.3632
2024-03-03 04:20:00,0.1543
2024-03-03 04:30:00,0.3807
2024-03-03 04:40:00,0.2228
2024-03-03 04:50:00,0.5526
2024-03-03 05:00:00,0.3947
2024-03-03 05:10:00,0.6251
2024-03-03 05:20:00,0.374
2024-03-03 05:30:00,0.4352
2024-03-03 05:40:00,0.6214
2024-03-03 05:50:00,0.3761
2024-03-03 06:00:00,0.4648
2024-03-03 06:10:00,0.5979
2024-03-03 06:20:00,0.4583
2024-03-03 06:30:00,0.6225
2024-03-03 06:40:00,0.5963
2024-03-03 06:50:00,0.436
2024-03-03 07:00:00,0.6919
2024-03-03 07:10:00,0.4769
2024-03-03 07:20:00,0.6892
2024-03-03 07:30:00,0.6354
2024-03-03 07:40:00,0.5899
2024-03-03 07:50:00,0.541
2024-03-03 08:00:00,0.7049
2024-03-03 08:10:00,0.6107
2024-03-03 08:20:00,0.8513
2024-03-03 08:30:00,0.8956
2024-03-03 08:40:00,0.9854
2024-03-03 08:50:00,0.9101
2024-03-03 09:00:00,0.9145
2024-03-03 09:10:00,1.0113
2024-03-03 09:20:00,1.1039
2024-03-03 09:30:00,1.2802
2024-03-03 09:40:00,1.4278
2024-03-03 09:50:00,1.6498
2024-03-03 10:00:00,1.6835
2024-03-03 10:10:00,1.7063
2024-03-03 10:20:00,1.9786
2024-03-03 10:30:00,2.3518
2024-03-03 10:40:00,2.2173
2024-03-03 10:50:00,2.619
2024-03-03 11:00:00,2.6687
2024-03-03 11:10:00,2.7676
2024-03-03 11:20:00,3.0244
2024-03-03 11:30:00,3.2463
2024-03-03 11:40:00,3.2024
2024-03-03 11:50:00,3.1901
2024-03-03 12:00:00,3.103
2024-03-03 12:10:00,3.2065
2024-03-03 12:20:00,3.0351
2024-03-03 12:30:00,3.0593
2024-03-03 12:40:00,2.9786
2024-03-03 12:50:00,2.62
2024-03-03 13:00:00,2.8468
2024-03-03 13:10:00,2.4216
2024-03-03 13:20:00,2.355
2024-03-03 13:30:00,2.2507
2024-03-03 13:40:00,2.1522
2024-03-03 13:50:00,1.7706
2024-03-03 14:00:00,1.4356
2024-03-03 14:10:00,1.6424
2024-03-03 14:20:00,1.2713
2024-03-03 14:30:00,1.3097
2024-03-03 14:40:00,1.2105
2024-03-03 14:50:00,0.7556
2024-03-03 15:00:00,0.8504
2024-03-03 15:10:00,0.9158
2024-03-03 15:20:00,0.6727
2024-03-03 15:30:00,0.7856
2024-03-03 15:40:00,0.9389
2024-03-03 15:50:00,0.9437
2024-03-03 16:00:00,1.0265
2024-03-03 16:10:00,1.1016
2024-03-03 16:20:00,0.9639
2024-03-03 16:30:00,1.0914
2024-03-03 16:40:00,1.3931
2024-03-03 16:50:00,1.5718
2024-03-03 17:00:00,1.4258
2024-03-03 17:10:00,1.6475
2024-03-03 17:20:00,1.7922
2024-03-03 17:30:00,1.8111
2024-03-03 17:40:00,1.8199
2024-03-03 17:50:00,1.8165
2024-03-03 18:00:00,2.0911
2024-03-03 18:10:00,1.8894
2024-03-03 18:20:00,1.882
2024-03-03 18:30:00,1.8168
2024-03-03 18:40:00,1.6256
2024-03-03 18:50:00,1.6198
2024-03-03 19:00:00,1.4802
2024-03-03 19:10:00,1.3707
2024-03-03 19:20:00,1.3278
2024-03-03 19:30:00,1.0991
2024-03-03 19:40:00,0.971
2024-03-03 19:50:00,1.0514
2024-03-03 20:00:00,0.8679
2024-03-03 20:10:00,0.8175
2024-03-03 20:20:00,0.601
2024-03-03 20:30:00,0.8425
2024-03-03 20:40:00,0.7605
2024-03-03 20:50:00,0.7491
2024-03-03 21:00:00,0.6942
2024-03-03 21:10:00,0.4868
2024-03-03 21:20:00,0.6488
2024-03-03 21:30:00,0.5561
2024-03-03 21:40:00,0.5145
2024-03-03 21:50:00,0.6565
2024-03-03 22:00:00,0.7695
2024-03-03 22:10:00,0.7511
2024-03-03 22:20:00,0.6627
2024-03-03 22:30:00,0.5967
2024-03-03 22:40:00,0.5777
2024-03-03 22:50:00,0.5086
2024-03-03 23:00:00,0.5719
2024-03-03 23:10:00,0.6896
2024-03-03 23:20:00,0.781
2024-03-03 23:30:00,0.517
2024-03-03 23:40:00,0.3991
2024-03-03 23:50:00,0.5455
2024-03-04 00:00:00,0.576
2024-03-04 00:10:00,0.6786
2024-03-04 00:20:00,0.5859
2024-03-04 00:30:00,0.5645
2024-03-04 00:40:00,0.3297
2024-03-04 00:50:00,0.309
2024-03-04 01:00:00,0.2331
2024-03-04 01:10:00,0.2716
2024-03-04 01:20:00,0.401
2024-03-04 01:30:00,0.4428
2024-03-04 01:40:00,0.2857
2024-03-04 01:50:00,0.1971
2024-03-04 02:00:00,0.0891
2024-03-04 02:10:00,0.16
2024-03-04 02:20:00,0.1837
2024-03-04 02:30:00,0.05
2024-03-04 02:40:00,0.2555
2024-03-04 02:50:00,0.121
2024-03-04 03:00:00,0.2495
2024-03-04 03:10:00,0.1623
2024-03-04 03:20:00,0.1931
2024-03-04 03:30:00,0.0932
2024-03-04 03:40:00,0.1289
2024-03-04 03:50:00,0.2354
2024-03-04 04:00:00,0.1826
2024-03-04 04:10:00,0.1121
2024-03-04 04:20:00,0.2623
2024-03-04 04:30:00,0.3189
2024-03-04 04:40:00,0.4469
2024-03-04 04:50:00,0.4534
2024-03-04 05:00:00,0.3591
2024-03-04 05:10:00,0.3364
2024-03-04 05:20:00,0.392
2024-03-04 05:30:00,0.3838
2024-03-04 05:40:00,0.5058
2024-03-04 05:50:00,0.5761
2024-03-04 06:00:00,0.6104
2024-03-04 06:10:00,0.4577
2024-03-04 06:20:00,0.4584
2024-03-04 06:30:00,0.4768
2024-03-04 06:40:00,0.3337
2024-03-04 06:50:00,0.414
2024-03-04 07:00:00,0.538
2024-03-04 07:10:00,0.5867
2024-03-04 07:20:00,0.606
2024-03-04 07:30:00,0.4883
2024-03-04 07:40:00,0.529
2024-03-04 07:50:00,0.5658
2024-03-04 08:00:00,0.5733
2024-03-04 08:10:00,0.7037
2024-03-04 08:20:00,0.5338
2024-03-04 08:30:00,0.5866
2024-03-04 08:40:00,0.7173
2024-03-04 08:50:00,0.6659
2024-03-04 09:00:00,0.6787
2024-03-04 09:10:00,0.7977
2024-03-04 09:20:00,1.0137
2024-03-04 09:30:00,1.2051
2024-03-04 09:40:00,1.3244
2024-03-04 09:50:00,1.5476
2024-03-04 10:00:00,1.5399
2024-03-04 10:10:00,1.7036
2024-03-04 10:20:00,1.8121
2024-03-04 10:30:00,1.9778
2024-03-04 10:40:00,2.3668
2024-03-04 10:50:00,2.3415
2024-03-04 11:00:00,2.4982
2024-03-04 11:10:00,2.4837
2024-03-04 11:20:00,2.7565
2024-03-04 11:30:00,2.8772
2024-03-04 11:40:00,2.9934
2024-03-04 11:50:00,2.9891
2024-03-04 12:00:00,2.9282
2024-03-04 12:10:00,2.9092
2024-03-04 12:20:00,2.8752
2024-03-04 12:30:00,2.8221
2024-03-04 12:40:00,2.8423
2024-03-04 12:50:00,2.7055
2024-03-04 13:00:00,2.5388
2024-03-04 13:10:00,2.5187
2024-03-04 13:20:00,1.8938
2024-03-04 13:30:00,1.953
2024-03-04 13:40:00,1.8378
2024-03-04 13:50:00,1.6156
2024-03-04 14:00:00,1.4413
2024-03-04 14:10:00,1.2243
2024-03-04 14:20:00,1.2392
2024-03-04 14:30:00,1.2482
2024-03-04 14:40:00,1.1403
2024-03-04 14:50:00,0.9081
2024-03-04 15:00:00,0.9426
2024-03-04 15:10:00,1.0109
2024-03-04 15:20:00,0.695
2024-03-04 15:30:00,0.8205
2024-03-04 15:40:00,0.8717
2024-03-04 15:50:00,0.8676
2024-03-04 16:00:00,0.9914
2024-03-04 16:10:00,0.8116
2024-03-04 16:20:00,0.9293
2024-03-04 16:30:00,1.178
2024-03-04 16:40:00,1.0279
2024-03-04 16:50:00,1.3724
2024-03-04 17:00:00,1.4301
2024-03-04 17:10:00,1.5494
2024-03-04 17:20:00,1.5101
2024-03-04 17:30:00,1.677
2024-03-04 17:40:00,1.5611
2024-03-04 17:50:00,1.6694
2024-03-04 18:00:00,1.7254
2024-03-04 18:10:00,1.6203
2024-03-04 18:20:00,1.6985
2024-03-04 18:30:00,1.5089
2024-03-04 18:40:00,1.5797
2024-03-04 18:50:00,1.6432
2024-03-04 19:00:00,1.2502
2024-03-04 19:10:00,1.2757
2024-03-04 19:20:00,1.0173
2024-03-04 19:30:00,0.9999
2024-03-04 19:40:00,1.0632
2024-03-04 19:50:00,0.8677
2024-03-04 20:00:00,0.9122
2024-03-04 20:10:00,0.8107
2024-03-04 20:20:00,0.7158
2024-03-04 20:30:00,0.576
2024-03-04 20:40:00,0.7127
2024-03-04 20:50:00,0.6475
2024-03-04 21:00:00,0.4435
2024-03-04 21:10:00,0.4843
2024-03-04 21:20:00,0.2925
2024-03-04 21:30:00,0.4248
2024-03-04 21:40:00,0.5243
2024-03-04 21:50:00,0.4462
2024-03-04 22:00:00,0.466
2024-03-04 22:10:00,0.6865
2024-03-04 22:20:00,0.6492
2024-03-04 22:30:00,0.4762
2024-03-04 22:40:00,0.6246
2024-03-04 22:50:00,0.6664
2024-03-04 23:00:00,0.6067
2024-03-04 23:10:00,0.5746
2024-03-04 23:20:00,0.6545
2024-03-04 23:30:00,0.6216
2024-03-04 23:40:00,0.4233
2024-03-04 23:50:00,0.5257
2024-03-05 00:00:00,0.4308
2024-03-05 00:10:00,0.587
2024-03-05 00:20:00,0.3972
2024-03-05 00:30:00,0.361
2024-03-05 00:40:00,0.5176
2024-03-05 00:50:00,0.4173
2024-03-05 01:00:00,0.5769
2024-03-05 01:10:00,0.2522
2024-03-05 01:20:00,0.2579
2024-03-05 01:30:00,0.3927
2024-03-05 01:40:00,0.1234
2024-03-05 01:50:00,0.3548
2024-03-05 02:00:00,0.0751
2024-03-05 02:10:00,0.2324
2024-03-05 02:20:00,0.05
2024-03-05 02:30:00,0.168
2024-03-05 02:40:00,0.05
2024-03-05 02:50:00,0.3561
2024-03-05 03:00:00,0.0563
2024-03-05 03:10:00,0.0806
2024-03-05 03:20:00,0.217
2024-03-05 03:30:00,0.1034
2024-03-05 03:40:00,0.2335
2024-03-05 03:50:00,0.1003
2024-03-05 04:00:00,0.1171
2024-03-05 04:10:00,0.22
2024-03-05 04:20:00,0.1296
2024-03-05 04:30:00,0.3202
2024-03-05 04:40:00,0.3976
2024-03-05 04:50:00,0.3937
2024-03-05 05:00:00,0.4301
2024-03-05 05:10:00,0.199
2024-03-05 05:20:00,0.3689
2024-03-05 05:30:00,0.4138
2024-03-05 05:40:00,0.601
2024-03-05 05:50:00,0.4141
2024-03-05 06:00:00,0.2566
2024-03-05 06:10:00,0.3989
2024-03-05 06:20:00,0.4439
2024-03-05 06:30:00,0.3036
2024-03-05 06:40:00,0.6242
2024-03-05 06:50:00,0.3777
2024-03-05 07:00:00,0.5864
2024-03-05 07:10:00,0.4399
2024-03-05 07:20:00,0.7079
2024-03-05 07:30:00,0.5392
2024-03-05 07:40:00,0.5306
2024-03-05 07:50:00,0.646
2024-03-05 08:00:00,0.5111
2024-03-05 08:10:00,0.6929
2024-03-05 08:20:00,0.6169
2024-03-05 08:30:00,0.6426
2024-03-05 08:40:00,0.7389
2024-03-05 08:50:00,0.694
2024-03-05 09:00:00,0.8503
2024-03-05 09:10:00,0.9816
2024-03-05 09:20:00,0.8078
2024-03-05 09:30:00,1.252
2024-03-05 09:40:00,1.3417
2024-03-05 09:50:00,1.2043
2024-03-05 10:00:00,1.3297
2024-03-05 10:10:00,1.7654
2024-03-05 10:20:00,1.9149
2024-03-05 10:30:00,2.0617
2024-03-05 10:40:00,2.0176
2024-03-05 10:50:00,2.4999
2024-03-05 11:00:00,2.3896
2024-03-05 11:10:00,2.6239
2024-03-05 11:20:00,2.7426
2024-03-05 11:30:00,2.9726
2024-03-05 11:40:00,2.8969
2024-03-05 11:50:00,2.9697
2024-03-05 12:00:00,2.9352
2024-03-05 12:10:00,2.8085
2024-03-05 12:20:00,2.6526
2024-03-05 12:30:00,2.8166
2024-03-05 12:40:00,2.5762
2024-03-05 12:50:00,2.6351
2024-03-05 13:00:00,2.4802
2024-03-05 13:10:00,2.3298
2024-03-05 13:20:00,2.0556
2024-03-05 13:30:00,2.1041
2024-03-05 13:40:00,1.8876
2024-03-05 13:50:00,1.5658
2024-03-05 14:00:00,1.7422
2024-03-05 14:10:00,1.3759
2024-03-05 14:20:00,1.1377
2024-03-05 14:30:00,1.0838
2024-03-05 14:40:00,0.9127
2024-03-05 14:50:00,1.1199
2024-03-05 15:00:00,1.0293
2024-03-05 15:10:00,0.9497
2024-03-05 15:20:00,0.9028
2024-03-05 15:30:00,0.9618
2024-03-05 15:40:00,0.8194
2024-03-05 15:50:00,0.9094
2024-03-05 16:00:00,0.8258
2024-03-05 16:10:00,0.9467
2024-03-05 16:20:00,1.0756
2024-03-05 16:30:00,0.8024
2024-03-05 16:40:00,1.1369
2024-03-05 16:50:00,1.3086
2024-03-05 17:00:00,1.3783
2024-03-05 17:10:00,1.431
2024-03-05 17:20:00,1.617
2024-03-05 17:30:00,1.5564
2024-03-05 17:40:00,1.5573
2024-03-05 17:50:00,1.8305
2024-03-05 18:00:00,1.8272
2024-03-05 18:10:00,1.6514
2024-03-05 18:20:00,1.671
2024-03-05 18:30:00,1.7091
2024-03-05 18:40:00,1.5583
2024-03-05 18:50:00,1.523
2024-03-05 19:00:00,1.4244
2024-03-05 19:10:00,1.2469
2024-03-05 19:20:00,1.2316
2024-03-05 19:30:00,0.9874
2024-03-05 19:40:00,1.0331
2024-03-05 19:50:00,0.904
2024-03-05 20:00:00,0.8024
2024-03-05 20:10:00,0.6509
2024-03-05 20:20:00,0.7359
2024-03-05 20:30:00,0.6832
2024-03-05 20:40:00,0.5607
2024-03-05 20:50:00,0.4578
2024-03-05 21:00:00,0.4323
2024-03-05 21:10:00,0.5558
2024-03-05 21:20:00,0.6005
2024-03-05 21:30:00,0.7467
2024-03-05 21:40:00,0.5515
2024-03-05 21:50:00,0.3896
2024-03-05 22:00:00,0.5288
2024-03-05 22:10:00,0.673
2024-03-05 22:20:00,0.4784
2024-03-05 22:30:00,0.6579
2024-03-05 22:40:00,0.5632
2024-03-05 22:50:00,0.61
2024-03-05 23:00:00,0.7311
2024-03-05 23:10:00,0.3614
2024-03-05 23:20:00,0.6347
2024-03-05 23:30:00,0.5355
2024-03-05 23:40:00,0.4501
2024-03-05 23:50:00,0.5349
2024-03-06 00:00:00,0.6554
2024-03-06 00:10:00,0.6056
2024-03-06 00:20:00,0.2554
2024-03-06 00:30:00,0.3596
2024-03-06 00:40:00,0.5095
2024-03-06 00:50:00,0.3895
2024-03-06 01:00:00,0.3642
2024-03-06 01:10:00,0.1818
2024-03-06 01:20:00,0.2355
2024-03-06 01:30:00,0.1449
2024-03-06 01:40:00,0.0861
2024-03-06 01:50:00,0.0972
2024-03-06 02:00:00,0.1032
2024-03-06 02:10:00,0.0953
2024-03-06 02:20:00,0.0794
2024-03-06 02:30:00,0.2657
2024-03-06 02:40:00,0.0729
2024-03-06 02:50:00,0.3062
2024-03-06 03:00:00,0.1152
2024-03-06 03:10:00,0.2075
2024-03-06 03:20:00,0.2107
2024-03-06 03:30:00,0.0738
2024-03-06 03:40:00,0.1308
2024-03-06 03:50:00,0.1212
2024-03-06 04:00:00,0.2333
2024-03-06 04:10:00,0.2101
2024-03-06 04:20:00,0.1766
2024-03-06 04:30:00,0.2926
2024-03-06 04:40:00,0.344
2024-03-06 04:50:00,0.5237
2024-03-06 05:00:00,0.3728
2024-03-06 05:10:00,0.3927
2024-03-06 05:20:00,0.4582
2024-03-06 05:30:00,0.3418
2024-03-06 05:40:00,0.2833
2024-03-06 05:50:00,0.4414
2024-03-06 06:00:00,0.5943
2024-03-06 06:10:00,0.623
2024-03-06 06:20:00,0.3224
2024-03-06 06:30:00,0.5862
2024-03-06 06:40:00,0.3092
2024-03-06 06:50:00,0.581
2024-03-06 07:00:00,0.5821
2024-03-06 07:10:00,0.3771
2024-03-06 07:20:00,0.6576
2024-03-06 07:30:00,0.7415
2024-03-06 07:40:00,0.5726
2024-03-06 07:50:00,0.6077
2024-03-06 08:00:00,0.7601
2024-03-06 08:10:00,0.5232
2024-03-06 08:20:00,0.5554
2024-03-06 08:30:00,0.6186
2024-03-06 08:40:00,0.7519
2024-03-06 08:50:00,0.807
2024-03-06 09:00:00,0.8146
2024-03-06 09:10:00,0.9183
2024-03-06 09:20:00,0.9855
2024-03-06 09:30:00,1.0945
2024-03-06 09:40:00,1.1841
2024-03-06 09:50:00,1.3147
2024-03-06 10:00:00,1.3317
2024-03-06 10:10:00,1.6599
2024-03-06 10:20:00,1.6441
2024-03-06 10:30:00,2.0758
2024-03-06 10:40:00,2.1058
2024-03-06 10:50:00,2.3067
2024-03-06 11:00:00,2.4294
2024-03-06 11:10:00,2.5773
2024-03-06 11:20:00,2.8456
2024-03-06 11:30:00,2.6801
2024-03-06 11:40:00,2.724
2024-03-06 11:50:00,2.9421
2024-03-06 12:00:00,2.8953
2024-03-06 12:10:00,2.9661
2024-03-06 12:20:00,2.958
2024-03-06 12:30:00,2.7046
2024-03-06 12:40:00,2.7796
2024-03-06 12:50:00,2.4997
2024-03-06 13:00:00,2.4744
2024-03-06 13:10:00,2.1953
2024-03-06 13:20:00,2.1756
2024-03-06 13:30:00,1.9997
2024-03-06 13:40:00,1.7311
2024-03-06 13:50:00,1.5493
2024-03-06 14:00:00,1.6115
2024-03-06 14:10:00,1.3526
2024-03-06 14:20:00,1.3732
2024-03-06 14:30:00,1.1061
2024-03-06 14:40:00,1.1946
2024-03-06 14:50:00,0.8898
2024-03-06 15:00:00,1.0691
2024-03-06 15:10:00,0.8938
2024-03-06 15:20:00,0.8882
2024-03-06 15:30:00,0.7371
2024-03-06 15:40:00,0.9171
2024-03-06 15:50:00,0.9442
2024-03-06 16:00:00,0.8752
2024-03-06 16:10:00,0.7493
2024-03-06 16:20:00,0.92
2024-03-06 16:30:00,1.0
2024-03-06 16:40:00,1.2447
2024-03-06 16:50:00,1.2465
2024-03-06 17:00:00,1.3425
2024-03-06 17:10:00,1.4207
2024-03-06 17:20:00,1.7061
2024-03-06 17:30:00,1.6328
2024-03-06 17:40:00,1.7004
2024-03-06 17:50:00,1.6513
2024-03-06 18:00:00,1.7211
2024-03-06 18:10:00,1.6149
2024-03-06 18:20:00,1.7134
2024-03-06 18:30:00,1.5109
2024-03-06 18:40:00,1.6294
2024-03-06 18:50:00,1.3975
2024-03-06 19:00:00,1.4726
2024-03-06 19:10:00,1.4704
2024-03-06 19:20:00,1.1809
2024-03-06 19:30:00,1.2158
2024-03-06 19:40:00,1.0695
2024-03-06 19:50:00,0.7688
2024-03-06 20:00:00,0.8502
2024-03-06 20:10:00,0.8263
2024-03-06 20:20:00,0.783
2024-03-06 20:30:00,0.6976
2024-03-06 20:40:00,0.6616
2024-03-06 20:50:00,0.6184
2024-03-06 21:00:00,0.6104
2024-03-06 21:10:00,0.4592
2024-03-06 21:20:00,0.5466
2024-03-06 21:30:00,0.4168
2024-03-06 21:40:00,0.5066
2024-03-06 21:50:00,0.4934
2024-03-06 22:00:00,0.4844
2024-03-06 22:10:00,0.443
2024-03-06 22:20:00,0.574
2024-03-06 22:30:00,0.5146
2024-03-06 22:40:00,0.5039
2024-03-06 22:50:00,0.4049
2024-03-06 23:00:00,0.5158
2024-03-06 23:10:00,0.66
2024-03-06 23:20:00,0.6615
2024-03-06 23:30:00,0.5827
2024-03-06 23:40:00,0.5159
2024-03-06 23:50:00,0.6013
2024-03-07 00:00:00,0.4199
2024-03-07 00:10:00,0.4424
2024-03-07 00:20:00,0.3816
2024-03-07 00:30:00,0.5277
2024-03-07 00:40:00,0.4935
2024-03-07 00:50:00,0.3884
2024-03-07 01:00:00,0.5394
2024-03-07 01:10:00,0.3801
2024-03-07 01:20:00,0.3458
2024-03-07 01:30:00,0.3058
2024-03-07 01:40:00,0.1254
2024-03-07 01:50:00,0.1337
2024-03-07 02:00:00,0.1907
2024-03-07 02:10:00,0.1669
2024-03-07 02:20:00,0.2227
2024-03-07 02:30:00,0.0969
2024-03-07 02:40:00,0.1708
2024-03-07 02:50:00,0.1726
2024-03-07 03:00:00,0.1765
2024-03-07 03:10:00,0.1654
2024-03-07 03:20:00,0.05
2024-03-07 03:30:00,0.05
2024-03-07 03:40:00,0.0695
2024-03-07 03:50:00,0.1185
2024-03-07 04:00:00,0.0783
2024-03-07 04:10:00,0.2175
2024-03-07 04:20:00,0.3606
2024-03-07 04:30:00,0.3535
2024-03-07 04:40:00,0.3569
2024-03-07 04:50:00,0.4374
2024-03-07 05:00:00,0.2738
2024-03-07 05:10:00,0.3463
2024-03-07 05:20:00,0.4771
2024-03-07 05:30:00,0.3896
2024-03-07 05:40:00,0.4141
2024-03-07 05:50:00,0.6591
2024-03-07 06:00:00,0.497
2024-03-07 06:10:00,0.6763
2024-03-07 06:20:00,0.3283
2024-03-07 06:30:00,0.4568
2024-03-07 06:40:00,0.5689
2024-03-07 06:50:00,0.5448
2024-03-07 07:00:00,0.337
2024-03-07 07:10:00,0.5269
2024-03-07 07:20:00,0.8053
2024-03-07 07:30:00,0.5922
2024-03-07 07:40:00,0.6397
2024-03-07 07:50:00,0.5296
2024-03-07 08:00:00,0.6369
2024-03-07 08:10:00,0.635
2024-03-07 08:20:00,0.7778
2024-03-07 08:30:00,0.8117
2024-03-07 08:40:00,0.7894
2024-03-07 08:50:00,0.8112
2024-03-07 09:00:00,0.7026
2024-03-07 09:10:00,0.7775
2024-03-07 09:20:00,1.0483
2024-03-07 09:30:00,1.2319
2024-03-07 09:40:00,1.395
2024-03-07 09:50:00,1.3027
2024-03-07 10:00:00,1.3819
2024-03-07 10:10:00,1.7767
2024-03-07 10:20:00,1.7594
2024-03-07 10:30:00,1.8443
2024-03-07 10:40:00,2.1138
2024-03-07 10:50:00,2.269
2024-03-07 11:00:00,2.6004
2024-03-07 11:10:00,2.69
2024-03-07 11:20:00,2.6473
2024-03-07 11:30:00,2.9569
2024-03-07 11:40:00,2.9008
2024-03-07 11:50:00,3.0381
2024-03-07 12:00:00,3.0795
2024-03-07 12:10:00,2.9058
2024-03-07 12:20:00,2.9454
2024-03-07 12:30:00,2.7764
2024-03-07 12:40:00,2.8141
2024-03-07 12:50:00,2.6126
2024-03-07 13:00:00,2.5646
2024-03-07 13:10:00,2.4729
2024-03-07 13:20:00,2.2185
2024-03-07 13:30:00,1.9937
2024-03-07 13:40:00,1.8349
2024-03-07 13:50:00,1.3906
2024-03-07 14:00:00,1.4661
2024-03-07 14:10:00,1.4921
2024-03-07 14:20:00,1.3699
2024-03-07 14:30:00,1.0877
2024-03-07 14:40:00,1.0815
2024-03-07 14:50:00,0.9663
2024-03-07 15:00:00,0.9914
2024-03-07 15:10:00,1.0978
2024-03-07 15:20:00,0.9196
2024-03-07 15:30:00,0.7711
2024-03-07 15:40:00,0.8369
2024-03-07 15:50:00,1.0085
2024-03-07 16:00:00,0.7673
2024-03-07 16:10:00,0.9018
2024-03-07 16:20:00,1.103
2024-03-07 16:30:00,1.2415
2024-03-07 16:40:00,1.2614
2024-03-07 16:50:00,1.2332
2024-03-07 17:00:00,1.4416
2024-03-07 17:10:00,1.5197
2024-03-07 17:20:00,1.5953
2024-03-07 17:30:00,1.6196
2024-03-07 17:40:00,1.687
2024-03-07 17:50:00,1.6236
2024-03-07 18:00:00,1.9733
2024-03-07 18:10:00,1.7293
2024-03-07 18:20:00,1.735
2024-03-07 18:30:00,1.6048
2024-03-07 18:40:00,1.6405
2024-03-07 18:50:00,1.3421
2024-03-07 19:00:00,1.2041
2024-03-07 19:10:00,1.2775
2024-03-07 19:20:00,1.3869
2024-03-07 19:30:00,1.2062
2024-03-07 19:40:00,0.9142
2024-03-07 19:50:00,0.9642
2024-03-07 20:00:00,0.776
2024-03-07 20:10:00,0.8193
2024-03-07 20:20:00,0.7741
2024-03-07 20:30:00,0.7729
2024-03-07 20:40:00,0.4889
2024-03-07 20:50:00,0.4917
2024-03-07 21:00:00,0.5899
2024-03-07 21:10:00,0.4787
2024-03-07 21:20:00,0.4596
2024-03-07 21:30:00,0.5896
2024-03-07 21:40:00,0.4652
2024-03-07 21:50:00,0.7786
2024-03-07 22:00:00,0.4969
2024-03-07 22:10:00,0.5215
2024-03-07 22:20:00,0.5772
2024-03-07 22:30:00,0.396
2024-03-07 22:40:00,0.5972
2024-03-07 22:50:00,0.5802
2024-03-07 23:00:00,0.511
2024-03-07 23:10:00,0.5732
2024-03-07 23:20:00,0.5886
2024-03-07 23:30:00,0.6893
2024-03-07 23:40:00,0.7957
2024-03-07 23:50:00,0.4396
2024-03-08 00:00:00,0.3572
2024-03-08 00:10:00,0.4829
2024-03-08 00:20:00,0.2482
2024-03-08 00:30:00,0.5021
2024-03-08 00:40:00,0.4271
2024-03-08 00:50:00,0.4289
2024-03-08 01:00:00,0.3361
2024-03-08 01:10:00,0.3646
2024-03-08 01:20:00,0.3576
2024-03-08 01:30:00,0.3011
2024-03-08 01:40:00,0.1173
2024-03-08 01:50:00,0.2404
2024-03-08 02:00:00,0.3817
2024-03-08 02:10:00,0.1958
2024-03-08 02:20:00,0.1775
2024-03-08 02:30:00,0.3198
2024-03-08 02:40:00,0.0893
2024-03-08 02:50:00,0.2528
2024-03-08 03:00:00,0.1108
2024-03-08 03:10:00,0.2725
2024-03-08 03:20:00,0.2436
2024-03-08 03:30:00,0.1226
2024-03-08 03:40:00,0.1372
2024-03-08 03:50:00,0.2695
2024-03-08 04:00:00,0.05
2024-03-08 04:10:00,0.179
2024-03-08 04:20:00,0.3138
2024-03-08 04:30:00,0.2503
2024-03-08 04:40:00,0.3239
2024-03-08 04:50:00,0.135
2024-03-08 05:00:00,0.2811
2024-03-08 05:10:00,0.4602
2024-03-08 05:20:00,0.3408
2024-03-08 05:30:00,0.3071
2024-03-08 05:40:00,0.5626
2024-03-08 05:50:00,0.5248
2024-03-08 06:00:00,0.3789
2024-03-08 06:10:00,0.5141
2024-03-08 06:20:00,0.4054
2024-03-08 06:30:00,0.505
2024-03-08 06:40:00,0.5459
2024-03-08 06:50:00,0.4549
2024-03-08 07:00:00,0.6171
2024-03-08 07:10:00,0.6399
2024-03-08 07:20:00,0.5847
2024-03-08 07:30:00,0.6093
2024-03-08 07:40:00,0.4343
2024-03-08 07:50:00,0.7306
2024-03-08 08:00:00,0.6039
2024-03-08 08:10:00,0.5431
2024-03-08 08:20:00,0.681
2024-03-08 08:30:00,0.778
2024-03-08 08:40:00,0.8003
2024-03-08 08:50:00,0.6961
2024-03-08 09:00:00,0.9468
2024-03-08 09:10:00,0.9435
2024-03-08 09:20:00,1.0909
2024-03-08 09:30:00,1.065
2024-03-08 09:40:00,1.3672
2024-03-08 09:50:00,1.4108
2024-03-08 10:00:00,1.6527
2024-03-08 10:10:00,1.531
2024-03-08 10:20:00,1.7019
2024-03-08 10:30:00,1.9793
2024-03-08 10:40:00,2.3113
2024-03-08 10:50:00,2.5178
2024-03-08 11:00:00,2.3811
2024-03-08 11:10:00,2.6104
2024-03-08 11:20:00,2.7382
2024-03-08 11:30:00,2.8906
2024-03-08 11:40:00,2.9786
2024-03-08 11:50:00,2.8224
2024-03-08 12:00:00,2.9551
2024-03-08 12:10:00,2.733
2024-03-08 12:20:00,2.9712
2024-03-08 12:30:00,2.785
2024-03-08 12:40:00,2.6022
2024-03-08 12:50:00,2.6384
2024-03-08 13:00:00,2.4331
2024-03-08 13:10:00,2.4481
2024-03-08 13:20:00,2.0759
2024-03-08 13:30:00,2.2266
2024-03-08 13:40:00,1.9292
2024-03-08 13:50:00,1.8161
2024-03-08 14:00:00,1.4355
2024-03-08 14:10:00,1.5786
2024-03-08 14:20:00,1.1524
2024-03-08 14:30:00,1.1409
2024-03-08 14:40:00,1.1962
2024-03-08 14:50:00,1.0366
2024-03-08 15:00:00,0.7991
2024-03-08 15:10:00,0.991
2024-03-08 15:20:00,0.8833
2024-03-08 15:30:00,0.797
2024-03-08 15:40:00,0.6911
2024-03-08 15:50:00,0.9123
2024-03-08 16:00:00,0.8924
2024-03-08 16:10:00,0.9795
2024-03-08 16:20:00,0.8741
2024-03-08 16:30:00,1.0709
2024-03-08 16:40:00,1.2493
2024-03-08 16:50:00,1.4823
2024-03-08 17:00:00,1.3683
2024-03-08 17:10:00,1.6235
2024-03-08 17:20:00,1.6399
2024-03-08 17:30:00,1.6537
2024-03-08 17:40:00,1.5816
2024-03-08 17:50:00,1.6184
2024-03-08 18:00:00,1.7881
2024-03-08 18:10:00,1.6621
2024-03-08 18:20:00,1.6197
2024-03-08 18:30:00,1.6096
2024-03-08 18:40:00,1.5406
2024-03-08 18:50:00,1.563
2024-03-08 19:00:00,1.329
2024-03-08 19:10:00,1.3614
2024-03-08 19:20:00,1.2262
2024-03-08 19:30:00,0.9187
2024-03-08 19:40:00,1.0251
2024-03-08 19:50:00,0.6464
2024-03-08 20:00:00,0.7506
2024-03-08 20:10:00,0.8234
2024-03-08 20:20:00,0.7231
2024-03-08 20:30:00,0.5039
2024-03-08 20:40:00,0.534
2024-03-08 20:50:00,0.3578
2024-03-08 21:00:00,0.4636
2024-03-08 21:10:00,0.6402
2024-03-08 21:20:00,0.5152
2024-03-08 21:30:00,0.5798
2024-03-08 21:40:00,0.5585
2024-03-08 21:50:00,0.5565
2024-03-08 22:00:00,0.6529
2024-03-08 22:10:00,0.5286
2024-03-08 22:20:00,0.6389
2024-03-08 22:30:00,0.2994
2024-03-08 22:40:00,0.6578
2024-03-08 22:50:00,0.4174
2024-03-08 23:00:00,0.439
2024-03-08 23:10:00,0.4757
2024-03-08 23:20:00,0.6545
2024-03-08 23:30:00,0.4572
2024-03-08 23:40:00,0.4805
2024-03-08 23:50:00,0.4499
2024-03-09 00:00:00,0.5615
2024-03-09 00:10:00,0.5946
2024-03-09 00:20:00,0.6724
2024-03-09 00:30:00,0.7211
2024-03-09 00:40:00,0.5226
2024-03-09 00:50:00,0.4682
2024-03-09 01:00:00,0.2816
2024-03-09 01:10:00,0.5641
2024-03-09 01:20:00,0.3632
2024-03-09 01:30:00,0.2805
2024-03-09 01:40:00,0.3159
2024-03-09 01:50:00,0.1821
2024-03-09 02:00:00,0.05
2024-03-09 02:10:00,0.2461
2024-03-09 02:20:00,0.3146
2024-03-09 02:30:00,0.236
2024-03-09 02:40:00,0.1796
2024-03-09 02:50:00,0.1816
2024-03-09 03:00:00,0.1975
2024-03-09 03:10:00,0.1945
2024-03-09 03:20:00,0.1742
2024-03-09 03:30:00,0.1828
2024-03-09 03:40:00,0.3358
2024-03-09 03:50:00,0.2362
2024-03-09 04:00:00,0.2265
2024-03-09 04:10:00,0.3116
2024-03-09 04:20:00,0.3431
2024-03-09 04:30:00,0.404
2024-03-09 04:40:00,0.266
2024-03-09 04:50:00,0.3252
2024-03-09 05:00:00,0.322
2024-03-09 05:10:00,0.5084
2024-03-09 05:20:00,0.5295
2024-03-09 05:30:00,0.354
2024-03-09 05:40:00,0.5414
2024-03-09 05:50:00,0.658
2024-03-09 06:00:00,0.5133
2024-03-09 06:10:00,0.582
2024-03-09 06:20:00,0.6355
2024-03-09 06:30:00,0.4405
2024-03-09 06:40:00,0.5967
2024-03-09 06:50:00,0.7169
2024-03-09 07:00:00,0.5382
2024-03-09 07:10:00,0.6888
2024-03-09 07:20:00,0.6172
2024-03-09 07:30:00,0.5576
2024-03-09 07:40:00,0.6283
2024-03-09 07:50:00,0.6016
2024-03-09 08:00:00,0.5859
2024-03-09 08:10:00,0.6753
2024-03-09 08:20:00,0.7403
2024-03-09 08:30:00,0.7576
2024-03-09 08:40:00,0.798
2024-03-09 08:50:00,0.9082
2024-03-09 09:00:00,1.0119
2024-03-09 09:10:00,0.9307
2024-03-09 09:20:00,1.1203
2024-03-09 09:30:00,1.063
2024-03-09 09:40:00,1.3734
2024-03-09 09:50:00,1.5478
2024-03-09 10:00:00,1.7452
2024-03-09 10:10:00,1.8694
2024-03-09 10:20:00,2.0823
2024-03-09 10:30:00,2.2115
2024-03-09 10:40:00,2.3149
2024-03-09 10:50:00,2.4437
2024-03-09 11:00:00,2.6922
2024-03-09 11:10:00,2.7907
2024-03-09 11:20:00,2.9848
2024-03-09 11:30:00,3.0534
2024-03-09 11:40:00,3.2229
2024-03-09 11:50:00,3.2341
2024-03-09 12:00:00,3.2902
2024-03-09 12:10:00,3.2735
2024-03-09 12:20:00,3.163
2024-03-09 12:30:00,3.0908
2024-03-09 12:40:00,3.047
2024-03-09 12:50:00,3.112
2024-03-09 13:00:00,2.6198
2024-03-09 13:10:00,2.5598
2024-03-09 13:20:00,2.2635
2024-03-09 13:30:00,2.204
2024-03-09 13:40:00,1.962
2024-03-09 13:50:00,1.8452
2024-03-09 14:00:00,1.7087
2024-03-09 14:10:00,1.4917
2024-03-09 14:20:00,1.2235
2024-03-09 14:30:00,1.4214
2024-03-09 14:40:00,1.2569
2024-03-09 14:50:00,1.0721
2024-03-09 15:00:00,0.9265
2024-03-09 15:10:00,0.9743
2024-03-09 15:20:00,0.9709
2024-03-09 15:30:00,1.0
2024-03-09 15:40:00,1.0166
2024-03-09 15:50:00,1.0614
2024-03-09 16:00:00,0.8262
2024-03-09 16:10:00,1.0305
2024-03-09 16:20:00,1.2359
2024-03-09 16:30:00,1.1324
2024-03-09 16:40:00,1.4441
2024-03-09 16:50:00,1.606
2024-03-09 17:00:00,1.6477
2024-03-09 17:10:00,1.6942
2024-03-09 17:20:00,1.6736
2024-03-09 17:30:00,1.8226
2024-03-09 17:40:00,1.7176
2024-03-09 17:50:00,1.81
2024-03-09 18:00:00,1.829
2024-03-09 18:10:00,1.8935
2024-03-09 18:20:00,1.8112
2024-03-09 18:30:00,1.8177
2024-03-09 18:40:00,1.8015
2024-03-09 18:50:00,1.5502
2024-03-09 19:00:00,1.5333
2024-03-09 19:10:00,1.3687
2024-03-09 19:20:00,1.3203
2024-03-09 19:30:00,1.264
2024-03-09 19:40:00,1.188
2024-03-09 19:50:00,1.0722
2024-03-09 20:00:00,0.9661
2024-03-09 20:10:00,0.7133
2024-03-09 20:20:00,0.6889
2024-03-09 20:30:00,0.6668
2024-03-09 20:40:00,0.7468
2024-03-09 20:50:00,0.5519
2024-03-09 21:00:00,0.6918
2024-03-09 21:10:00,0.6674
2024-03-09 21:20:00,0.4349
2024-03-09 21:30:00,0.5107
2024-03-09 21:40:00,0.7176
2024-03-09 21:50:00,0.6787
2024-03-09 22:00:00,0.521
2024-03-09 22:10:00,0.5007
2024-03-09 22:20:00,0.3579
2024-03-09 22:30:00,0.7493
2024-03-09 22:40:00,0.6058
2024-03-09 22:50:00,0.7898
2024-03-09 23:00:00,0.5821
2024-03-09 23:10:00,0.6294
2024-03-09 23:20:00,0.6902
2024-03-09 23:30:00,0.7649
2024-03-09 23:40:00,0.6511
2024-03-09 23:50:00,0.6013
2024-03-10 00:00:00,0.539
2024-03-10 00:10:00,0.416
2024-03-10 00:20:00,0.4641
2024-03-10 00:30:00,0.4865
2024-03-10 00:40:00,0.5961
2024-03-10 00:50:00,0.3889
2024-03-10 01:00:00,0.5098
2024-03-10 01:10:00,0.3652
2024-03-10 01:20:00,0.4662
2024-03-10 01:30:00,0.3772
2024-03-10 01:40:00,0.3382
2024-03-10 01:50:00,0.3437
2024-03-10 02:00:00,0.2995
2024-03-10 02:10:00,0.2955
2024-03-10 02:20:00,0.3936
2024-03-10 02:30:00,0.3421
2024-03-10 02:40:00,0.2271
2024-03-10 02:50:00,0.1362
2024-03-10 03:00:00,0.2171
2024-03-10 03:10:00,0.05
2024-03-10 03:20:00,0.2633
2024-03-10 03:30:00,0.0744
2024-03-10 03:40:00,0.2927
2024-03-10 03:50:00,0.3871
2024-03-10 04:00:00,0.071
2024-03-10 04:10:00,0.2408
2024-03-10 04:20:00,0.1708
2024-03-10 04:30:00,0.1367
2024-03-10 04:40:00,0.3312
2024-03-10 04:50:00,0.437
2024-03-10 05:00:00,0.4791
2024-03-10 05:10:00,0.4473
2024-03-10 05:20:00,0.2916
2024-03-10 05:30:00,0.494
2024-03-10 05:40:00,0.3534
2024-03-10 05:50:00,0.3784
2024-03-10 06:00:00,0.4375
2024-03-10 06:10:00,0.6559
2024-03-10 06:20:00,0.6173
2024-03-10 06:30:00,0.6052
2024-03-10 06:40:00,0.4956
2024-03-10 06:50:00,0.5512
2024-03-10 07:00:00,0.4608
2024-03-10 07:10:00,0.7424
2024-03-10 07:20:00,0.8346
2024-03-10 07:30:00,0.6811
2024-03-10 07:40:00,0.7115
2024-03-10 07:50:00,0.6386
2024-03-10 08:00:00,0.5131
2024-03-10 08:10:00,0.6167
2024-03-10 08:20:00,0.6873
2024-03-10 08:30:00,0.7362
2024-03-10 08:40:00,0.7634
2024-03-10 08:50:00,0.8909
2024-03-10 09:00:00,0.8743
2024-03-10 09:10:00,1.2625
2024-03-10 09:20:00,1.0096
2024-03-10 09:30:00,1.3498
2024-03-10 09:40:00,1.3643
2024-03-10 09:50:00,1.5799
2024-03-10 10:00:00,1.74
2024-03-10 10:10:00,1.8708
2024-03-10 10:20:00,1.9153
2024-03-10 10:30:00,2.173
2024-03-10 10:40:00,2.4007
2024-03-10 10:50:00,2.5674
2024-03-10 11:00:00,2.6178
2024-03-10 11:10:00,2.9981
2024-03-10 11:20:00,2.7492
2024-03-10 11:30:00,3.0793
2024-03-10 11:40:00,3.0907
2024-03-10 11:50:00,3.2493
2024-03-10 12:00:00,3.349
2024-03-10 12:10:00,3.0904
2024-03-10 12:20:00,3.4182
2024-03-10 12:30:00,3.1246
2024-03-10 12:40:00,3.0367
2024-03-10 12:50:00,2.7251
2024-03-10 13:00:00,2.7157
2024-03-10 13:10:00,2.6543
2024-03-10 13:20:00,2.4055
2024-03-10 13:30:00,2.2214
2024-03-10 13:40:00,2.0254
2024-03-10 13:50:00,1.7204
2024-03-10 14:00:00,1.5558
2024-03-10 14:10:00,1.6584
2024-03-10 14:20:00,1.4909
2024-03-10 14:30:00,1.3826
2024-03-10 14:40:00,1.0914
2024-03-10 14:50:00,1.07
2024-03-10 15:00:00,1.1397
2024-03-10 15:10:00,0.8435
2024-03-10 15:20:00,1.0483
2024-03-10 15:30:00,0.8649
2024-03-10 15:40:00,0.8454
2024-03-10 15:50:00,0.9537
2024-03-10 16:00:00,0.8891
2024-03-10 16:10:00,0.8719
2024-03-10 16:20:00,1.1449
2024-03-10 16:30:00,1.2789
2024-03-10 16:40:00,1.4445
2024-03-10 16:50:00,1.4865
2024-03-10 17:00:00,1.726
2024-03-10 17:10:00,1.7651
2024-03-10 17:20:00,1.7931
2024-03-10 17:30:00,1.8423
2024-03-10 17:40:00,1.9763
2024-03-10 17:50:00,1.6679
2024-03-10 18:00:00,1.8532
2024-03-10 18:10:00,1.7026
2024-03-10 18:20:00,1.9178
2024-03-10 18:30:00,1.7182
2024-03-10 18:40:00,2.0166
2024-03-10 18:50:00,1.5703
2024-03-10 19:00:00,1.5299
2024-03-10 19:10:00,1.3709
2024-03-10 19:20:00,1.2532
2024-03-10 19:30:00,1.0714
2024-03-10 19:40:00,0.9685
2024-03-10 19:50:00,0.7878
2024-03-10 20:00:00,0.9798
2024-03-10 20:10:00,0.8134
2024-03-10 20:20:00,0.9909
2024-03-10 20:30:00,0.6252
2024-03-10 20:40:00,0.859
2024-03-10 20:50:00,0.8386
2024-03-10 21:00:00,0.7861
2024-03-10 21:10:00,0.6648
2024-03-10 21:20:00,0.595
2024-03-10 21:30:00,0.7474
2024-03-10 21:40:00,0.5344
2024-03-10 21:50:00,0.6363
2024-03-10 22:00:00,0.602
2024-03-10 22:10:00,0.5153
2024-03-10 22:20:00,0.6311
2024-03-10 22:30:00,0.6767
2024-03-10 22:40:00,0.509
2024-03-10 22:50:00,0.6478
2024-03-10 23:00:00,0.3787
2024-03-10 23:10:00,0.4966
2024-03-10 23:20:00,0.5557
2024-03-10 23:30:00,0.6371
2024-03-10 23:40:00,0.6883
2024-03-10 23:50:00,0.6097
2024-03-11 00:00:00,0.5444
2024-03-11 00:10:00,0.4574
2024-03-11 00:20:00,0.4974
2024-03-11 00:30:00,0.4731
2024-03-11 00:40:00,0.3656
2024-03-11 00:50:00,0.3573
2024-03-11 01:00:00,0.4271
2024-03-11 01:10:00,0.5209
2024-03-11 01:20:00,0.4316
2024-03-11 01:30:00,0.1687
2024-03-11 01:40:00,0.1397
2024-03-11 01:50:00,0.1701
2024-03-11 02:00:00,0.2065
2024-03-11 02:10:00,0.1768
2024-03-11 02:20:00,0.2881
2024-03-11 02:30:00,0.2936
2024-03-11 02:40:00,0.1647
2024-03-11 02:50:00,0.1413
2024-03-11 03:00:00,0.2158
2024-03-11 03:10:00,0.2704
2024-03-11 03:20:00,0.2193
2024-03-11 03:30:00,0.1209
2024-03-11 03:40:00,0.1029
2024-03-11 03:50:00,0.0609
2024-03-11 04:00:00,0.2159
2024-03-11 04:10:00,0.2859
2024-03-11 04:20:00,0.3257
2024-03-11 04:30:00,0.3968
2024-03-11 04:40:00,0.459
2024-03-11 04:50:00,0.2022
2024-03-11 05:00:00,0.4076
2024-03-11 05:10:00,0.4368
2024-03-11 05:20:00,0.4092
2024-03-11 05:30:00,0.3552
2024-03-11 05:40:00,0.6017
2024-03-11 05:50:00,0.4151
2024-03-11 06:00:00,0.2693
2024-03-11 06:10:00,0.5031
2024-03-11 06:20:00,0.4881
2024-03-11 06:30:00,0.7069
2024-03-11 06:40:00,0.5782
2024-03-11 06:50:00,0.5061
2024-03-11 07:00:00,0.5241
2024-03-11 07:10:00,0.5303
2024-03-11 07:20:00,0.781
2024-03-11 07:30:00,0.6364
2024-03-11 07:40:00,0.4399
2024-03-11 07:50:00,0.5709
2024-03-11 08:00:00,0.6117
2024-03-11 08:10:00,0.527
2024-03-11 08:20:00,0.4892
2024-03-11 08:30:00,0.7642
2024-03-11 08:40:00,0.6699
2024-03-11 08:50:00,0.9309
2024-03-11 09:00:00,0.8734
2024-03-11 09:10:00,0.9037
2024-03-11 09:20:00,0.8009
2024-03-11 09:30:00,1.2693
2024-03-11 09:40:00,1.2941
2024-03-11 09:50:00,1.3501
2024-03-11 10:00:00,1.4474
2024-03-11 10:10:00,1.8473
2024-03-11 10:20:00,1.7388
2024-03-11 10:30:00,1.9699
2024-03-11 10:40:00,2.2253
2024-03-11 10:50:00,2.4706
2024-03-11 11:00:00,2.4526
2024-03-11 11:10:00,2.5361
2024-03-11 11:20:00,2.7167
2024-03-11 11:30:00,2.9141
2024-03-11 11:40:00,3.008
2024-03-11 11:50:00,2.8014
2024-03-11 12:00:00,2.9653
2024-03-11 12:10:00,2.7955
2024-03-11 12:20:00,2.9835
2024-03-11 12:30:00,2.866
2024-03-11 12:40:00,2.6354
2024-03-11 12:50:00,2.7631
2024-03-11 13:00:00,2.5079
2024-03-11 13:10:00,2.3484
2024-03-11 13:20:00,2.151
2024-03-11 13:30:00,2.007
2024-03-11 13:40:00,1.8088
2024-03-11 13:50:00,1.6161
2024-03-11 14:00:00,1.6639
2024-03-11 14:10:00,1.3529
2024-03-11 14:20:00,1.2232
2024-03-11 14:30:00,1.151
2024-03-11 14:40:00,1.21
2024-03-11 14:50:00,1.1007
2024-03-11 15:00:00,0.8851
2024-03-11 15:10:00,1.0016
2024-03-11 15:20:00,0.8616
2024-03-11 15:30:00,0.7557
2024-03-11 15:40:00,0.7991
2024-03-11 15:50:00,1.0077
2024-03-11 16:00:00,1.1186
2024-03-11 16:10:00,0.9976
2024-03-11 16:20:00,0.9778
2024-03-11 16:30:00,1.1022
2024-03-11 16:40:00,1.1271
2024-03-11 16:50:00,1.2352
2024-03-11 17:00:00,1.3197
2024-03-11 17:10:00,1.4738
2024-03-11 17:20:00,1.5759
2024-03-11 17:30:00,1.6183
2024-03-11 17:40:00,1.6636
2024-03-11 17:50:00,1.7945
2024-03-11 18:00:00,1.7064
2024-03-11 18:10:00,1.7012
2024-03-11 18:20:00,1.6665
2024-03-11 18:30:00,1.7848
2024-03-11 18:40:00,1.5105
2024-03-11 18:50:00,1.5351
2024-03-11 19:00:00,1.3071
2024-03-11 19:10:00,1.3185
2024-03-11 19:20:00,1.2389
2024-03-11 19:30:00,1.1964
2024-03-11 19:40:00,0.9589
2024-03-11 19:50:00,0.8034
2024-03-11 20:00:00,0.7632
2024-03-11 20:10:00,0.8749
2024-03-11 20:20:00,0.9336
2024-03-11 20:30:00,0.7653
2024-03-11 20:40:00,0.5208
2024-03-11 20:50:00,0.6998
2024-03-11 21:00:00,0.5045
2024-03-11 21:10:00,0.5484
2024-03-11 21:20:00,0.5907
2024-03-11 21:30:00,0.5993
2024-03-11 21:40:00,0.5646
2024-03-11 21:50:00,0.4941
2024-03-11 22:00:00,0.6576
2024-03-11 22:10:00,0.4971
2024-03-11 22:20:00,0.6742
2024-03-11 22:30:00,0.4121
2024-03-11 22:40:00,0.5692
2024-03-11 22:50:00,0.4247
2024-03-11 23:00:00,0.4638
2024-03-11 23:10:00,0.4958
2024-03-11 23:20:00,0.6991
2024-03-11 23:30:00,0.6778
2024-03-11 23:40:00,0.6344
2024-03-11 23:50:00,0.5503
2024-03-12 00:00:00,0.5068
2024-03-12 00:10:00,0.6004
2024-03-12 00:20:00,0.5273
2024-03-12 00:30:00,0.4399
2024-03-12 00:40:00,0.5654
2024-03-12 00:50:00,0.4745
2024-03-12 01:00:00,0.3915
2024-03-12 01:10:00,0.2939
2024-03-12 01:20:00,0.2562
2024-03-12 01:30:00,0.2481
2024-03-12 01:40:00,0.298
2024-03-12 01:50:00,0.3073
2024-03-12 02:00:00,0.0523
2024-03-12 02:10:00,0.05
2024-03-12 02:20:00,0.069
2024-03-12 02:30:00,0.1234
2024-03-12 02:40:00,0.2838
2024-03-12 02:50:00,0.1361
2024-03-12 03:00:00,0.1897
2024-03-12 03:10:00,0.206
2024-03-12 03:20:00,0.0618
2024-03-12 03:30:00,0.3102
2024-03-12 03:40:00,0.0977
2024-03-12 03:50:00,0.328
2024-03-12 04:00:00,0.1841
2024-03-12 04:10:00,0.19
2024-03-12 04:20:00,0.1413
2024-03-12 04:30:00,0.3015
2024-03-12 04:40:00,0.5366
2024-03-12 04:50:00,0.3812
2024-03-12 05:00:00,0.3944
2024-03-12 05:10:00,0.3264
2024-03-12 05:20:00,0.476
2024-03-12 05:30:00,0.4541
2024-03-12 05:40:00,0.4512
2024-03-12 05:50:00,0.5237
2024-03-12 06:00:00,0.3073
2024-03-12 06:10:00,0.4913
2024-03-12 06:20:00,0.3924
2024-03-12 06:30:00,0.5243
2024-03-12 06:40:00,0.4571
2024-03-12 06:50:00,0.4714
2024-03-12 07:00:00,0.4107
2024-03-12 07:10:00,0.663
2024-03-12 07:20:00,0.4918
2024-03-12 07:30:00,0.5067
2024-03-12 07:40:00,0.734
2024-03-12 07:50:00,0.6525
2024-03-12 08:00:00,0.4109
2024-03-12 08:10:00,0.7766
2024-03-12 08:20:00,0.8327
2024-03-12 08:30:00,0.8605
2024-03-12 08:40:00,0.8176
2024-03-12 08:50:00,0.6962
2024-03-12 09:00:00,0.8681
2024-03-12 09:10:00,0.8068
2024-03-12 09:20:00,0.9565
2024-03-12 09:30:00,1.0366
2024-03-12 09:40:00,1.2027
2024-03-12 09:50:00,1.4121
2024-03-12 10:00:00,1.4928
2024-03-12 10:10:00,1.6395
2024-03-12 10:20:00,1.8171
2024-03-12 10:30:00,2.1578
2024-03-12 10:40:00,2.3858
2024-03-12 10:50:00,2.2817
2024-03-12 11:00:00,2.5091
2024-03-12 11:10:00,2.5268
2024-03-12 11:20:00,2.8056
2024-03-12 11:30:00,2.7775
2024-03-12 11:40:00,2.8255
2024-03-12 11:50:00,3.1407
2024-03-12 12:00:00,2.8197
2024-03-12 12:10:00,2.6952
2024-03-12 12:20:00,2.9701
2024-03-12 12:30:00,2.7884
2024-03-12 12:40:00,2.6643
2024-03-12 12:50:00,2.8842
2024-03-12 13:00:00,2.5487
2024-03-12 13:10:00,2.3213
2024-03-12 13:20:00,2.0992
2024-03-12 13:30:00,2.0534
2024-03-12 13:40:00,1.6746
2024-03-12 13:50:00,1.6395
2024-03-12 14:00:00,1.5381
2024-03-12 14:10:00,1.4242
2024-03-12 14:20:00,1.2623
2024-03-12 14:30:00,1.0952
2024-03-12 14:40:00,1.1602
2024-03-12 14:50:00,0.8229
2024-03-12 15:00:00,0.8973
2024-03-12 15:10:00,0.8276
2024-03-12 15:20:00,0.9524
2024-03-12 15:30:00,0.7946
2024-03-12 15:40:00,0.8909
2024-03-12 15:50:00,0.9041
2024-03-12 16:00:00,0.7273
2024-03-12 16:10:00,0.9595
2024-03-12 16:20:00,0.8607
2024-03-12 16:30:00,1.1504
2024-03-12 16:40:00,1.1309
2024-03-12 16:50:00,1.4163
2024-03-12 17:00:00,1.3739
2024-03-12 17:10:00,1.4055
2024-03-12 17:20:00,1.6847
2024-03-12 17:30:00,1.5468
2024-03-12 17:40:00,1.7761
2024-03-12 17:50:00,1.7661
2024-03-12 18:00:00,1.6937
2024-03-12 18:10:00,1.585
2024-03-12 18:20:00,1.8092
2024-03-12 18:30:00,1.6814
2024-03-12 18:40:00,1.4833
2024-03-12 18:50:00,1.5007
2024-03-12 19:00:00,1.4833
2024-03-12 19:10:00,1.2954
2024-03-12 19:20:00,1.2088
2024-03-12 19:30:00,1.1917
2024-03-12 19:40:00,1.1516
2024-03-12 19:50:00,0.9033
2024-03-12 20:00:00,0.7083
2024-03-12 20:10:00,0.6486
2024-03-12 20:20:00,0.6567
2024-03-12 20:30:00,0.5887
2024-03-12 20:40:00,0.4791
2024-03-12 20:50:00,0.8049
2024-03-12 21:00:00,0.652
2024-03-12 21:10:00,0.5313
2024-03-12 21:20:00,0.569
2024-03-12 21:30:00,0.3854
2024-03-12 21:40:00,0.6741
2024-03-12 21:50:00,0.3595
2024-03-12 22:00:00,0.6029
2024-03-12 22:10:00,0.3663
2024-03-12 22:20:00,0.5076
2024-03-12 22:30:00,0.6726
2024-03-12 22:40:00,0.3845
2024-03-12 22:50:00,0.5328
2024-03-12 23:00:00,0.6103
2024-03-12 23:10:00,0.5938
2024-03-12 23:20:00,0.5544
2024-03-12 23:30:00,0.5969
2024-03-12 23:40:00,0.4862
2024-03-12 23:50:00,0.7406
2024-03-13 00:00:00,0.3272
2024-03-13 00:10:00,0.5902
2024-03-13 00:20:00,0.4763
2024-03-13 00:30:00,0.5
2024-03-13 00:40:00,0.4964
2024-03-13 00:50:00,0.4488
2024-03-13 01:00:00,0.2864
2024-03-13 01:10:00,0.3114
2024-03-13 01:20:00,0.1661
2024-03-13 01:30:00,0.252
2024-03-13 01:40:00,0.2847
2024-03-13 01:50:00,0.2846
2024-03-13 02:00:00,0.2359
2024-03-13 02:10:00,0.05
2024-03-13 02:20:00,0.108
2024-03-13 02:30:00,0.098
2024-03-13 02:40:00,0.05
2024-03-13 02:50:00,0.0807
2024-03-13 03:00:00,0.1644
2024-03-13 03:10:00,0.3056
2024-03-13 03:20:00,0.069
2024-03-13 03:30:00,0.0514
2024-03-13 03:40:00,0.1043
2024-03-13 03:50:00,0.2059
2024-03-13 04:00:00,0.3192
2024-03-13 04:10:00,0.2152
2024-03-13 04:20:00,0.1079
2024-03-13 04:30:00,0.1586
2024-03-13 04:40:00,0.3301
2024-03-13 04:50:00,0.4395
2024-03-13 05:00:00,0.5491
2024-03-13 05:10:00,0.2751
2024-03-13 05:20:00,0.431
2024-03-13 05:30:00,0.3355
2024-03-13 05:40:00,0.3678
2024-03-13 05:50:00,0.3762
2024-03-13 06:00:00,0.4557
2024-03-13 06:10:00,0.4134
2024-03-13 06:20:00,0.7603
2024-03-13 06:30:00,0.4757
2024-03-13 06:40:00,0.6286
2024-03-13 06:50:00,0.4713
2024-03-13 07:00:00,0.7677
2024-03-13 07:10:00,0.5856
2024-03-13 07:20:00,0.6436
2024-03-13 07:30:00,0.5103
2024-03-13 07:40:00,0.6789
2024-03-13 07:50:00,0.6295
2024-03-13 08:00:00,0.5768
2024-03-13 08:10:00,0.5304
2024-03-13 08:20:00,0.6444
2024-03-13 08:30:00,0.6731
2024-03-13 08:40:00,0.8381
2024-03-13 08:50:00,0.7836
2024-03-13 09:00:00,0.6813
2024-03-13 09:10:00,1.0168
2024-03-13 09:20:00,1.1729
2024-03-13 09:30:00,0.9817
2024-03-13 09:40:00,1.4465
2024-03-13 09:50:00,1.536
2024-03-13 10:00:00,1.4749
2024-03-13 10:10:00,1.5774
2024-03-13 10:20:00,1.9524
2024-03-13 10:30:00,1.8719
2024-03-13 10:40:00,2.1037
2024-03-13 10:50:00,2.1964
2024-03-13 11:00:00,2.4773
2024-03-13 11:10:00,2.7588
2024-03-13 11:20:00,2.7677
2024-03-13 11:30:00,2.9284
2024-03-13 11:40:00,2.8628
2024-03-13 11:50:00,2.9517
2024-03-13 12:00:00,2.8341
2024-03-13 12:10:00,2.9323
2024-03-13 12:20:00,2.8234
2024-03-13 12:30:00,2.8106
2024-03-13 12:40:00,2.7074
2024-03-13 12:50:00,2.5809
2024-03-13 13:00:00,2.6877
2024-03-13 13:10:00,2.5051
2024-03-13 13:20:00,2.3127
2024-03-13 13:30:00,2.1894
2024-03-13 13:40:00,1.9908
2024-03-13 13:50:00,1.6897
2024-03-13 14:00:00,1.5301
2024-03-13 14:10:00,1.4271
2024-03-13 14:20:00,1.2561
2024-03-13 14:30:00,1.0611
2024-03-13 14:40:00,1.0983
2024-03-13 14:50:00,0.832
2024-03-13 15:00:00,0.9393
2024-03-13 15:10:00,0.7804
2024-03-13 15:20:00,0.8435
2024-03-13 15:30:00,0.86
2024-03-13 15:40:00,0.8123
2024-03-13 15:50:00,0.7072
2024-03-13 16:00:00,0.7925
2024-03-13 16:10:00,1.0124
2024-03-13 16:20:00,0.9797
2024-03-13 16:30:00,1.1719
2024-03-13 16:40:00,1.2055
2024-03-13 16:50:00,1.2784
2024-03-13 17:00:00,1.4274
2024-03-13 17:10:00,1.4158
2024-03-13 17:20:00,1.6055
2024-03-13 17:30:00,1.5929
2024-03-13 17:40:00,1.9411
2024-03-13 17:50:00,1.6068
2024-03-13 18:00:00,1.6954
2024-03-13 18:10:00,1.6877
2024-03-13 18:20:00,1.5506
2024-03-13 18:30:00,1.7047
2024-03-13 18:40:00,1.5184
2024-03-13 18:50:00,1.239
2024-03-13 19:00:00,1.4529
2024-03-13 19:10:00,1.2212
2024-03-13 19:20:00,1.175
2024-03-13 19:30:00,1.1567
2024-03-13 19:40:00,0.9619
2024-03-13 19:50:00,0.8784
2024-03-13 20:00:00,1.0889
2024-03-13 20:10:00,0.5639
2024-03-13 20:20:00,0.5976
2024-03-13 20:30:00,0.5734
2024-03-13 20:40:00,0.8266
2024-03-13 20:50:00,0.5559
2024-03-13 21:00:00,0.6235
2024-03-13 21:10:00,0.5365
2024-03-13 21:20:00,0.6328
2024-03-13 21:30:00,0.5631
2024-03-13 21:40:00,0.584
2024-03-13 21:50:00,0.6835
2024-03-13 22:00:00,0.5962
2024-03-13 22:10:00,0.4769
2024-03-13 22:20:00,0.5805
2024-03-13 22:30:00,0.7905
2024-03-13 22:40:00,0.6047
2024-03-13 22:50:00,0.5631
2024-03-13 23:00:00,0.4107
2024-03-13 23:10:00,0.6201
2024-03-13 23:20:00,0.6348
2024-03-13 23:30:00,0.5789
2024-03-13 23:40:00,0.559
2024-03-13 23:50:00,0.8308
2024-03-14 00:00:00,0.574
2024-03-14 00:10:00,0.5982
2024-03-14 00:20:00,0.4643
2024-03-14 00:30:00,0.4254
2024-03-14 00:40:00,0.4803
2024-03-14 00:50:00,0.3802
2024-03-14 01:00:00,0.3626
2024-03-14 01:10:00,0.3865
2024-03-14 01:20:00,0.2601
2024-03-14 01:30:00,0.304
2024-03-14 01:40:00,0.2606
2024-03-14 01:50:00,0.3207
2024-03-14 02:00:00,0.1358
2024-03-14 02:10:00,0.05
2024-03-14 02:20:00,0.1333
2024-03-14 02:30:00,0.2041
2024-03-14 02:40:00,0.2608
2024-03-14 02:50:00,0.0951
2024-03-14 03:00:00,0.2186
2024-03-14 03:10:00,0.2779
2024-03-14 03:20:00,0.2395
2024-03-14 03:30:00,0.0853
2024-03-14 03:40:00,0.096
2024-03-14 03:50:00,0.2157
2024-03-14 04:00:00,0.3594
2024-03-14 04:10:00,0.2254
2024-03-14 04:20:00,0.2361
2024-03-14 04:30:00,0.145
2024-03-14 04:40:00,0.275
2024-03-14 04:50:00,0.2687
2024-03-14 05:00:00,0.3704
2024-03-14 05:10:00,0.2422
2024-03-14 05:20:00,0.3844
2024-03-14 05:30:00,0.3378
2024-03-14 05:40:00,0.5519
2024-03-14 05:50:00,0.3888
2024-03-14 06:00:00,0.4321
2024-03-14 06:10:00,0.5301
2024-03-14 06:20:00,0.4673
2024-03-14 06:30:00,0.7579
2024-03-14 06:40:00,0.6231
2024-03-14 06:50:00,0.5392
2024-03-14 07:00:00,0.5814
2024-03-14 07:10:00,0.3164
2024-03-14 07:20:00,0.6833
2024-03-14 07:30:00,0.6209
2024-03-14 07:40:00,0.5742
2024-03-14 07:50:00,0.6528
2024-03-14 08:00:00,0.6838
2024-03-14 08:10:00,0.597
2024-03-14 08:20:00,0.7065
2024-03-14 08:30:00,0.8106
2024-03-14 08:40:00,0.797
2024-03-14 08:50:00,0.7819
2024-03-14 09:00:00,0.9035
2024-03-14 09:10:00,1.0908
2024-03-14 09:20:00,1.1225
2024-03-14 09:30:00,1.0325
2024-03-14 09:40:00,1.3253
2024-03-14 09:50:00,1.4424
2024-03-14 10:00:00,1.6551
2024-03-14 10:10:00,1.6932
2024-03-14 10:20:00,1.811
2024-03-14 10:30:00,1.873
2024-03-14 10:40:00,2.1021
2024-03-14 10:50:00,2.4498
2024-03-14 11:00:00,2.4977
2024-03-14 11:10:00,2.6035
2024-03-14 11:20:00,2.8611
2024-03-14 11:30:00,2.9369
2024-03-14 11:40:00,2.8258
2024-03-14 11:50:00,3.0635
2024-03-14 12:00:00,2.7923
2024-03-14 12:10:00,2.9893
2024-03-14 12:20:00,2.9335
2024-03-14 12:30:00,2.9429
2024-03-14 12:40:00,2.7697
2024-03-14 12:50:00,2.5891
2024-03-14 13:00:00,2.4615
2024-03-14 13:10:00,2.5987
2024-03-14 13:20:00,2.1804
2024-03-14 13:30:00,2.0705
2024-03-14 13:40:00,1.6476
2024-03-14 13:50:00,1.61
2024-03-14 14:00:00,1.5952
2024-03-14 14:10:00,1.2428
2024-03-14 14:20:00,1.3327
2024-03-14 14:30:00,1.0932
2024-03-14 14:40:00,0.9658
2024-03-14 14:50:00,0.9162
2024-03-14 15:00:00,1.0788
2024-03-14 15:10:00,0.9136
2024-03-14 15:20:00,0.761
2024-03-14 15:30:00,0.9189
2024-03-14 15:40:00,0.931
2024-03-14 15:50:00,0.8335
2024-03-14 16:00:00,1.0076
2024-03-14 16:10:00,1.0677
2024-03-14 16:20:00,1.1211
2024-03-14 16:30:00,1.049
2024-03-14 16:40:00,1.0872
2024-03-14 16:50:00,1.1296
2024-03-14 17:00:00,1.3277
2024-03-14 17:10:00,1.4472
2024-03-14 17:20:00,1.5376
2024-03-14 17:30:00,1.6309
2024-03-14 17:40:00,1.8615
2024-03-14 17:50:00,1.687
2024-03-14 18:00:00,1.727
2024-03-14 18:10:00,1.5385
2024-03-14 18:20:00,1.9094
2024-03-14 18:30:00,1.5013
2024-03-14 18:40:00,1.4913
2024-03-14 18:50:00,1.5472
2024-03-14 19:00:00,1.4086
2024-03-14 19:10:00,1.4498
2024-03-14 19:20:00,1.2581
2024-03-14 19:30:00,1.0814
2024-03-14 19:40:00,1.1033
2024-03-14 19:50:00,1.0323
2024-03-14 20:00:00,0.7768
2024-03-14 20:10:00,0.876
2024-03-14 20:20:00,0.7043
2024-03-14 20:30:00,0.6725
2024-03-14 20:40:00,0.6623
2024-03-14 20:50:00,0.5826
2024-03-14 21:00:00,0.5563
2024-03-14 21:10:00,0.6827
2024-03-14 21:20:00,0.4199
2024-03-14 21:30:00,0.4585
2024-03-14 21:40:00,0.6264
2024-03-14 21:50:00,0.5477
2024-03-14 22:00:00,0.6515
2024-03-14 22:10:00,0.5865
2024-03-14 22:20:00,0.4162
2024-03-14 22:30:00,0.5551
2024-03-14 22:40:00,0.6019
2024-03-14 22:50:00,0.5716
2024-03-14 23:00:00,0.5012
2024-03-14 23:10:00,0.5205
2024-03-14 23:20:00,0.4919
2024-03-14 23:30:00,0.4153
2024-03-14 23:40:00,0.4016
2024-03-14 23:50:00,0.5868
2024-03-15 00:00:00,0.4016
2024-03-15 00:10:00,0.532
2024-03-15 00:20:00,0.3983
2024-03-15 00:30:00,0.3074
2024-03-15 00:40:00,0.3765
2024-03-15 00:50:00,0.603
2024-03-15 01:00:00,0.3582
2024-03-15 01:10:00,0.4049
2024-03-15 01:20:00,0.3284
2024-03-15 01:30:00,0.1416
2024-03-15 01:40:00,0.3976
2024-03-15 01:50:00,0.1993
2024-03-15 02:00:00,0.0659
2024-03-15 02:10:00,0.1211
2024-03-15 02:20:00,0.1438
2024-03-15 02:30:00,0.2394
2024-03-15 02:40:00,0.0963
2024-03-15 02:50:00,0.4265
2024-03-15 03:00:00,0.0707
2024-03-15 03:10:00,0.2256
2024-03-15 03:20:00,0.05
2024-03-15 03:30:00,0.152
2024-03-15 03:40:00,0.2011
2024-03-15 03:50:00,0.0604
2024-03-15 04:00:00,0.3469
2024-03-15 04:10:00,0.2675
2024-03-15 04:20:00,0.2209
2024-03-15 04:30:00,0.3245
2024-03-15 04:40:00,0.2522
2024-03-15 04:50:00,0.4655
2024-03-15 05:00:00,0.4694
2024-03-15 05:10:00,0.431
2024-03-15 05:20:00,0.4786
2024-03-15 05:30:00,0.2912
2024-03-15 05:40:00,0.6048
2024-03-15 05:50:00,0.465
2024-03-15 06:00:00,0.592
2024-03-15 06:10:00,0.5771
2024-03-15 06:20:00,0.6138
2024-03-15 06:30:00,0.4174
2024-03-15 06:40:00,0.4382
2024-03-15 06:50:00,0.7625
2024-03-15 07:00:00,0.3929
2024-03-15 07:10:00,0.4425
2024-03-15 07:20:00,0.5647
2024-03-15 07:30:00,0.5745
2024-03-15 07:40:00,0.5277
2024-03-15 07:50:00,0.6581
2024-03-15 08:00:00,0.7055
2024-03-15 08:10:00,0.6371
2024-03-15 08:20:00,0.642
2024-03-15 08:30:00,0.7038
2024-03-15 08:40:00,0.7021
2024-03-15 08:50:00,0.6377
2024-03-15 09:00:00,0.9044
2024-03-15 09:10:00,1.0296
2024-03-15 09:20:00,1.0292
2024-03-15 09:30:00,0.9228
2024-03-15 09:40:00,1.21
2024-03-15 09:50:00,1.4882
2024-03-15 10:00:00,1.3956
2024-03-15 10:10:00,1.7602
2024-03-15 10:20:00,1.8043
2024-03-15 10:30:00,2.0088
2024-03-15 10:40:00,2.1039
2024-03-15 10:50:00,2.2165
2024-03-15 11:00:00,2.6224
2024-03-15 11:10:00,2.6962
2024-03-15 11:20:00,2.7972
2024-03-15 11:30:00,2.92
2024-03-15 11:40:00,2.951
2024-03-15 11:50:00,3.0391
2024-03-15 12:00:00,2.8931
2024-03-15 12:10:00,3.0824
2024-03-15 12:20:00,3.0296
2024-03-15 12:30:00,2.8673
2024-03-15 12:40:00,2.704
2024-03-15 12:50:00,2.4924
2024-03-15 13:00:00,2.5021
2024-03-15 13:10:00,2.4989
2024-03-15 13:20:00,2.057
2024-03-15 13:30:00,2.1135
2024-03-15 13:40:00,1.8034
2024-03-15 13:50:00,1.6549
2024-03-15 14:00:00,1.4265
2024-03-15 14:10:00,1.3296
2024-03-15 14:20:00,1.343
2024-03-15 14:30:00,1.2433
2024-03-15 14:40:00,1.0932
2024-03-15 14:50:00,0.9394
2024-03-15 15:00:00,0.8161
2024-03-15 15:10:00,0.8868
2024-03-15 15:20:00,0.8159
2024-03-15 15:30:00,0.8628
2024-03-15 15:40:00,0.8162
2024-03-15 15:50:00,0.8425
2024-03-15 16:00:00,0.928
2024-03-15 16:10:00,1.0027
2024-03-15 16:20:00,1.1588
2024-03-15 16:30:00,1.0831
2024-03-15 16:40:00,1.2602
2024-03-15 16:50:00,1.4798
2024-03-15 17:00:00,1.4511
2024-03-15 17:10:00,1.601
2024-03-15 17:20:00,1.5048
2024-03-15 17:30:00,1.5643
2024-03-15 17:40:00,1.673
2024-03-15 17:50:00,1.7165
2024-03-15 18:00:00,1.8397
2024-03-15 18:10:00,1.648
2024-03-15 18:20:00,1.6785
2024-03-15 18:30:00,1.7411
2024-03-15 18:40:00,1.5842
2024-03-15 18:50:00,1.4772
2024-03-15 19:00:00,1.4085
2024-03-15 19:10:00,1.1733
2024-03-15 19:20:00,1.0722
2024-03-15 19:30:00,0.9312
2024-03-15 19:40:00,1.02
2024-03-15 19:50:00,1.0084
2024-03-15 20:00:00,0.9198
2024-03-15 20:10:00,0.8944
2024-03-15 20:20:00,0.8722
2024-03-15 20:30:00,0.6977
2024-03-15 20:40:00,0.6418
2024-03-15 20:50:00,0.7686
2024-03-15 21:00:00,0.53
2024-03-15 21:10:00,0.4666
2024-03-15 21:20:00,0.5392
2024-03-15 21:30:00,0.5193
2024-03-15 21:40:00,0.564
2024-03-15 21:50:00,0.4703
2024-03-15 22:00:00,0.5896
2024-03-15 22:10:00,0.494
2024-03-15 22:20:00,0.6726
2024-03-15 22:30:00,0.4296
2024-03-15 22:40:00,0.5347
2024-03-15 22:50:00,0.5149
2024-03-15 23:00:00,0.5713
2024-03-15 23:10:00,0.6408
2024-03-15 23:20:00,0.5747
2024-03-15 23:30:00,0.5352
2024-03-15 23:40:00,0.6172
2024-03-15 23:50:00,0.6324
2024-03-16 00:00:00,0.5647
2024-03-16 00:10:00,0.5608
2024-03-16 00:20:00,0.5684
2024-03-16 00:30:00,0.3184
2024-03-16 00:40:00,0.4241
2024-03-16 00:50:00,0.4707
2024-03-16 01:00:00,0.3756
2024-03-16 01:10:00,0.3457
2024-03-16 01:20:00,0.3803
2024-03-16 01:30:00,0.3502
2024-03-16 01:40:00,0.3248
2024-03-16 01:50:00,0.1673
2024-03-16 02:00:00,0.075
2024-03-16 02:10:00,0.2701
2024-03-16 02:20:00,0.1067
2024-03-16 02:30:00,0.0998
2024-03-16 02:40:00,0.0908
2024-03-16 02:50:00,0.296
2024-03-16 03:00:00,0.2021
2024-03-16 03:10:00,0.2152
2024-03-16 03:20:00,0.2499
2024-03-16 03:30:00,0.1767
2024-03-16 03:40:00,0.2822
2024-03-16 03:50:00,0.0699
2024-03-16 04:00:00,0.1082
2024-03-16 04:10:00,0.1325
2024-03-16 04:20:00,0.3203
2024-03-16 04:30:00,0.3611
2024-03-16 04:40:00,0.2956
2024-03-16 04:50:00,0.3513
2024-03-16 05:00:00,0.5316
2024-03-16 05:10:00,0.3638
2024-03-16 05:20:00,0.4889
2024-03-16 05:30:00,0.4145
2024-03-16 05:40:00,0.6137
2024-03-16 05:50:00,0.5855
2024-03-16 06:00:00,0.3988
2024-03-16 06:10:00,0.5265
2024-03-16 06:20:00,0.3565
2024-03-16 06:30:00,0.6646
2024-03-16 06:40:00,0.7883
2024-03-16 06:50:00,0.3737
2024-03-16 07:00:00,0.4569
2024-03-16 07:10:00,0.6244
2024-03-16 07:20:00,0.6148
2024-03-16 07:30:00,0.5862
2024-03-16 07:40:00,0.4664
2024-03-16 07:50:00,0.6888
2024-03-16 08:00:00,0.7658
2024-03-16 08:10:00,0.9879
2024-03-16 08:20:00,0.8667
2024-03-16 08:30:00,0.6471
2024-03-16 08:40:00,0.8262
2024-03-16 08:50:00,0.9479
2024-03-16 09:00:00,0.8933
2024-03-16 09:10:00,1.1268
2024-03-16 09:20:00,1.2199
2024-03-16 09:30:00,1.3885
2024-03-16 09:40:00,1.4747
2024-03-16 09:50:00,1.5666
2024-03-16 10:00:00,1.6303
2024-03-16 10:10:00,1.7312
2024-03-16 10:20:00,2.0564
2024-03-16 10:30:00,2.1723
2024-03-16 10:40:00,2.36
2024-03-16 10:50:00,2.6764
2024-03-16 11:00:00,2.8649
2024-03-16 11:10:00,2.7538
2024-03-16 11:20:00,2.9862
2024-03-16 11:30:00,3.0701
2024-03-16 11:40:00,3.2236
2024-03-16 11:50:00,3.0139
2024-03-16 12:00:00,3.1107
2024-03-16 12:10:00,3.2288
2024-03-16 12:20:00,3.2707
2024-03-16 12:30:00,3.121
2024-03-16 12:40:00,3.0745
2024-03-16 12:50:00,2.8972
2024-03-16 13:00:00,2.8559
2024-03-16 13:10:00,2.7132
2024-03-16 13:20:00,2.3154
2024-03-16 13:30:00,2.3022
2024-03-16 13:40:00,2.0873
2024-03-16 13:50:00,2.1141
2024-03-16 14:00:00,1.6193
2024-03-16 14:10:00,1.5343
2024-03-16 14:20:00,1.3035
2024-03-16 14:30:00,1.186
2024-03-16 14:40:00,1.2156
2024-03-16 14:50:00,1.1095
2024-03-16 15:00:00,1.0736
2024-03-16 15:10:00,1.0211
2024-03-16 15:20:00,0.9145
2024-03-16 15:30:00,0.902
2024-03-16 15:40:00,0.8365
2024-03-16 15:50:00,0.8896
2024-03-16 16:00:00,0.9981
2024-03-16 16:10:00,1.0844
2024-03-16 16:20:00,1.2116
2024-03-16 16:30:00,1.2899
2024-03-16 16:40:00,1.4825
2024-03-16 16:50:00,1.3327
2024-03-16 17:00:00,1.5107
2024-03-16 17:10:00,1.5452
2024-03-16 17:20:00,1.8521
2024-03-16 17:30:00,1.7505
2024-03-16 17:40:00,1.9742
2024-03-16 17:50:00,2.04
2024-03-16 18:00:00,1.9481
2024-03-16 18:10:00,1.9232
2024-03-16 18:20:00,1.8608
2024-03-16 18:30:00,1.766
2024-03-16 18:40:00,1.6759
2024-03-16 18:50:00,1.6121
2024-03-16 19:00:00,1.7062
2024-03-16 19:10:00,1.311
2024-03-16 19:20:00,1.3263
2024-03-16 19:30:00,1.2707
2024-03-16 19:40:00,1.0712
2024-03-16 19:50:00,1.0502
2024-03-16 20:00:00,0.7775
2024-03-16 20:10:00,0.9909
2024-03-16 20:20:00,0.913
2024-03-16 20:30:00,0.742
2024-03-16 20:40:00,0.6254
2024-03-16 20:50:00,0.7626
2024-03-16 21:00:00,0.5455
2024-03-16 21:10:00,0.5427
2024-03-16 21:20:00,0.6253
2024-03-16 21:30:00,0.7734
2024-03-16 21:40:00,0.6794
2024-03-16 21:50:00,0.5463
2024-03-16 22:00:00,0.4399
2024-03-16 22:10:00,0.6104
2024-03-16 22:20:00,0.6302
2024-03-16 22:30:00,0.597
2024-03-16 22:40:00,0.7844
2024-03-16 22:50:00,0.5903
2024-03-16 23:00:00,0.3751
2024-03-16 23:10:00,0.5625
2024-03-16 23:20:00,0.6486
2024-03-16 23:30:00,0.6418
2024-03-16 23:40:00,0.5855
2024-03-16 23:50:00,0.5689
2024-03-17 00:00:00,0.3381
2024-03-17 00:10:00,0.5309
2024-03-17 00:20:00,0.4701
2024-03-17 00:30:00,0.5079
2024-03-17 00:40:00,0.5085
2024-03-17 00:50:00,0.5574
2024-03-17 01:00:00,0.3094
2024-03-17 01:10:00,0.2452
2024-03-17 01:20:00,0.2856
2024-03-17 01:30:00,0.237
2024-03-17 01:40:00,0.1957
2024-03-17 01:50:00,0.3911
2024-03-17 02:00:00,0.2317
2024-03-17 02:10:00,0.3869
2024-03-17 02:20:00,0.1807
2024-03-17 02:30:00,0.0638
2024-03-17 02:40:00,0.1002
2024-03-17 02:50:00,0.2835
2024-03-17 03:00:00,0.0676
2024-03-17 03:10:00,0.2368
2024-03-17 03:20:00,0.1453
2024-03-17 03:30:00,0.088
2024-03-17 03:40:00,0.3197
2024-03-17 03:50:00,0.1308
2024-03-17 04:00:00,0.1341
2024-03-17 04:10:00,0.2388
2024-03-17 04:20:00,0.2274
2024-03-17 04:30:00,0.5321
2024-03-17 04:40:00,0.449
2024-03-17 04:50:00,0.3156
2024-03-17 05:00:00,0.3574
2024-03-17 05:10:00,0.2314
2024-03-17 05:20:00,0.4733
2024-03-17 05:30:00,0.4085
2024-03-17 05:40:00,0.5131
2024-03-17 05:50:00,0.3262
2024-03-17 06:00:00,0.5362
2024-03-17 06:10:00,0.7226
2024-03-17 06:20:00,0.57
2024-03-17 06:30:00,0.4974
2024-03-17 06:40:00,0.5818
2024-03-17 06:50:00,0.5855
2024-03-17 07:00:00,0.819
2024-03-17 07:10:00,0.5747
2024-03-17 07:20:00,0.4966
2024-03-17 07:30:00,0.6296
2024-03-17 07:40:00,0.66
2024-03-17 07:50:00,0.7129
2024-03-17 08:00:00,0.7529
2024-03-17 08:10:00,0.899
2024-03-17 08:20:00,0.6767
2024-03-17 08:30:00,0.7086
2024-03-17 08:40:00,0.6423
2024-03-17 08:50:00,0.9552
2024-03-17 09:00:00,0.8737
2024-03-17 09:10:00,1.1384
2024-03-17 09:20:00,1.1008
2024-03-17 09:30:00,1.4379
2024-03-17 09:40:00,1.2517
2024-03-17 09:50:00,1.641
2024-03-17 10:00:00,1.7851
2024-03-17 10:10:00,1.9139
2024-03-17 10:20:00,1.9236
2024-03-17 10:30:00,2.2667
2024-03-17 10:40:00,2.4044
2024-03-17 10:50:00,2.3822
2024-03-17 11:00:00,2.8849
2024-03-17 11:10:00,2.8439
2024-03-17 11:20:00,3.1566
2024-03-17 11:30:00,3.1079
2024-03-17 11:40:00,3.2916
2024-03-17 11:50:00,3.1558
2024-03-17 12:00:00,3.2796
2024-03-17 12:10:00,3.2562
2024-03-17 12:20:00,3.161
2024-03-17 12:30:00,3.0278
2024-03-17 12:40:00,2.7018
2024-03-17 12:50:00,2.794
2024-03-17 13:00:00,2.7994
2024-03-17 13:10:00,2.4261
2024-03-17 13:20:00,2.2736
2024-03-17 13:30:00,2.0712
2024-03-17 13:40:00,2.0582
2024-03-17 13:50:00,1.775
2024-03-17 14:00:00,1.8218
2024-03-17 14:10:00,1.6201
2024-03-17 14:20:00,1.4273
2024-03-17 14:30:00,1.3142
2024-03-17 14:40:00,1.1012
2024-03-17 14:50:00,1.0131
2024-03-17 15:00:00,1.091
2024-03-17 15:10:00,1.0609
2024-03-17 15:20:00,1.0087
2024-03-17 15:30:00,0.8796
2024-03-17 15:40:00,0.8948
2024-03-17 15:50:00,0.8669
2024-03-17 16:00:00,1.081
2024-03-17 16:10:00,0.8689
2024-03-17 16:20:00,0.9206
2024-03-17 16:30:00,1.029
2024-03-17 16:40:00,1.1131
2024-03-17 16:50:00,1.5662
2024-03-17 17:00:00,1.6132
2024-03-17 17:10:00,1.5146
2024-03-17 17:20:00,1.7144
2024-03-17 17:30:00,1.948
2024-03-17 17:40:00,1.9094
2024-03-17 17:50:00,2.1069
2024-03-17 18:00:00,1.8961
2024-03-17 18:10:00,1.8291
2024-03-17 18:20:00,1.7495
2024-03-17 18:30:00,1.8008
2024-03-17 18:40:00,1.814
2024-03-17 18:50:00,1.6374
2024-03-17 19:00:00,1.4885
2024-03-17 19:10:00,1.5414
2024-03-17 19:20:00,1.3592
2024-03-17 19:30:00,1.1887
2024-03-17 19:40:00,1.0235
2024-03-17 19:50:00,0.9836
2024-03-17 20:00:00,0.9756
2024-03-17 20:10:00,0.7807
2024-03-17 20:20:00,0.6768
2024-03-17 20:30:00,0.7041
2024-03-17 20:40:00,0.7088
2024-03-17 20:50:00,0.8199
2024-03-17 21:00:00,0.5446
2024-03-17 21:10:00,0.6661
2024-03-17 21:20:00,0.6031
2024-03-17 21:30:00,0.5991
2024-03-17 21:40:00,0.7695
2024-03-17 21:50:00,0.6194
2024-03-17 22:00:00,0.517
2024-03-17 22:10:00,0.6954
2024-03-17 22:20:00,0.6868
2024-03-17 22:30:00,0.5044
2024-03-17 22:40:00,0.4847
2024-03-17 22:50:00,0.6448
2024-03-17 23:00:00,0.6003
2024-03-17 23:10:00,0.5564
2024-03-17 23:20:00,0.7091
2024-03-17 23:30:00,0.5442
2024-03-17 23:40:00,0.6455
2024-03-17 23:50:00,0.7208
2024-03-18 00:00:00,0.4554
2024-03-18 00:10:00,0.2921
2024-03-18 00:20:00,0.418
2024-03-18 00:30:00,0.4582
2024-03-18 00:40:00,0.5181
2024-03-18 00:50:00,0.3419
2024-03-18 01:00:00,0.5406
2024-03-18 01:10:00,0.2108
2024-03-18 01:20:00,0.3283
2024-03-18 01:30:00,0.2585
2024-03-18 01:40:00,0.3877
2024-03-18 01:50:00,0.0769
2024-03-18 02:00:00,0.2398
2024-03-18 02:10:00,0.1481
2024-03-18 02:20:00,0.3175
2024-03-18 02:30:00,0.0818
2024-03-18 02:40:00,0.2061
2024-03-18 02:50:00,0.0808
2024-03-18 03:00:00,0.1834
2024-03-18 03:10:00,0.1277
2024-03-18 03:20:00,0.1261
2024-03-18 03:30:00,0.05
2024-03-18 03:40:00,0.2061
2024-03-18 03:50:00,0.0643
2024-03-18 04:00:00,0.0855
2024-03-18 04:10:00,0.0688
2024-03-18 04:20:00,0.1474
2024-03-18 04:30:00,0.3325
2024-03-18 04:40:00,0.3571
2024-03-18 04:50:00,0.4071
2024-03-18 05:00:00,0.2656
2024-03-18 05:10:00,0.4156
2024-03-18 05:20:00,0.3564
2024-03-18 05:30:00,0.5349
2024-03-18 05:40:00,0.5012
2024-03-18 05:50:00,0.4098
2024-03-18 06:00:00,0.5942
2024-03-18 06:10:00,0.5534
2024-03-18 06:20:00,0.3748
2024-03-18 06:30:00,0.3556
2024-03-18 06:40:00,0.3962
2024-03-18 06:50:00,0.7033
2024-03-18 07:00:00,0.444
2024-03-18 07:10:00,0.7405
2024-03-18 07:20:00,0.4543
2024-03-18 07:30:00,0.4533
2024-03-18 07:40:00,0.6704
2024-03-18 07:50:00,0.6898
2024-03-18 08:00:00,0.6716
2024-03-18 08:10:00,0.7073
2024-03-18 08:20:00,0.5894
2024-03-18 08:30:00,0.7902
2024-03-18 08:40:00,0.7767
2024-03-18 08:50:00,0.772
2024-03-18 09:00:00,0.8848
2024-03-18 09:10:00,1.0602
2024-03-18 09:20:00,1.085
2024-03-18 09:30:00,0.9349
2024-03-18 09:40:00,1.3578
2024-03-18 09:50:00,1.4808
2024-03-18 10:00:00,1.5033
2024-03-18 10:10:00,1.7043
2024-03-18 10:20:00,1.8623
2024-03-18 10:30:00,1.8151
2024-03-18 10:40:00,2.1349
2024-03-18 10:50:00,2.2966
2024-03-18 11:00:00,2.4661
2024-03-18 11:10:00,2.5652
2024-03-18 11:20:00,2.8022
2024-03-18 11:30:00,2.7516
2024-03-18 11:40:00,2.9951
2024-03-18 11:50:00,3.0097
2024-03-18 12:00:00,3.0991
2024-03-18 12:10:00,3.1215
2024-03-18 12:20:00,3.0782
2024-03-18 12:30:00,2.714
2024-03-18 12:40:00,2.7704
2024-03-18 12:50:00,2.5461
2024-03-18 13:00:00,2.8102
2024-03-18 13:10:00,2.3946
2024-03-18 13:20:00,2.3173
2024-03-18 13:30:00,2.0576
2024-03-18 13:40:00,1.5892
2024-03-18 13:50:00,1.6172
2024-03-18 14:00:00,1.4773
2024-03-18 14:10:00,1.3675
2024-03-18 14:20:00,1.3158
2024-03-18 14:30:00,1.2177
2024-03-18 14:40:00,0.8082
2024-03-18 14:50:00,0.967
2024-03-18 15:00:00,0.8789
2024-03-18 15:10:00,1.0198
2024-03-18 15:20:00,0.9127
2024-03-18 15:30:00,0.8244
2024-03-18 15:40:00,0.8717
2024-03-18 15:50:00,0.7044
2024-03-18 16:00:00,0.9793
2024-03-18 16:10:00,0.929
2024-03-18 16:20:00,0.9569
2024-03-18 16:30:00,1.2496
2024-03-18 16:40:00,1.2345
2024-03-18 16:50:00,1.2344
2024-03-18 17:00:00,1.3351
2024-03-18 17:10:00,1.523
2024-03-18 17:20:00,1.5976
2024-03-18 17:30:00,1.6412
2024-03-18 17:40:00,1.5706
2024-03-18 17:50:00,1.6182
2024-03-18 18:00:00,1.6599
2024-03-18 18:10:00,1.7034
2024-03-18 18:20:00,1.6852
2024-03-18 18:30:00,1.6196
2024-03-18 18:40:00,1.5531
2024-03-18 18:50:00,1.6682
2024-03-18 19:00:00,1.4712
2024-03-18 19:10:00,1.4064
2024-03-18 19:20:00,1.2345
2024-03-18 19:30:00,1.0986
2024-03-18 19:40:00,1.0415
2024-03-18 19:50:00,0.9402
2024-03-18 20:00:00,0.925
2024-03-18 20:10:00,0.6834
2024-03-18 20:20:00,0.8002
2024-03-18 20:30:00,0.7007
2024-03-18 20:40:00,0.4683
2024-03-18 20:50:00,0.6303
2024-03-18 21:00:00,0.4702
2024-03-18 21:10:00,0.5317
2024-03-18 21:20:00,0.5578
2024-03-18 21:30:00,0.4148
2024-03-18 21:40:00,0.5545
2024-03-18 21:50:00,0.5628
2024-03-18 22:00:00,0.6288
2024-03-18 22:10:00,0.5062
2024-03-18 22:20:00,0.5779
2024-03-18 22:30:00,0.5402
2024-03-18 22:40:00,0.5075
2024-03-18 22:50:00,0.382
2024-03-18 23:00:00,0.5377
2024-03-18 23:10:00,0.6233
2024-03-18 23:20:00,0.4554
2024-03-18 23:30:00,0.527
2024-03-18 23:40:00,0.5417
2024-03-18 23:50:00,0.659
2024-03-19 00:00:00,0.4925
2024-03-19 00:10:00,0.5039
2024-03-19 00:20:00,0.4576
2024-03-19 00:30:00,0.3902
2024-03-19 00:40:00,0.3045
2024-03-19 00:50:00,0.3657
2024-03-19 01:00:00,0.4077
2024-03-19 01:10:00,0.3531
2024-03-19 01:20:00,0.46
2024-03-19 01:30:00,0.3771
2024-03-19 01:40:00,0.3771
2024-03-19 01:50:00,0.05
2024-03-19 02:00:00,0.3552
2024-03-19 02:10:00,0.1993
2024-03-19 02:20:00,0.2056
2024-03-19 02:30:00,0.2543
2024-03-19 02:40:00,0.1668
2024-03-19 02:50:00,0.0576
2024-03-19 03:00:00,0.3094
2024-03-19 03:10:00,0.0878
2024-03-19 03:20:00,0.0661
2024-03-19 03:30:00,0.1412
2024-03-19 03:40:00,0.1261
2024-03-19 03:50:00,0.173
2024-03-19 04:00:00,0.1875
2024-03-19 04:10:00,0.3591
2024-03-19 04:20:00,0.299
2024-03-19 04:30:00,0.1968
2024-03-19 04:40:00,0.24
2024-03-19 04:50:00,0.302
2024-03-19 05:00:00,0.33
2024-03-19 05:10:00,0.3428
2024-03-19 05:20:00,0.3079
2024-03-19 05:30:00,0.4686
2024-03-19 05:40:00,0.4132
2024-03-19 05:50:00,0.3805
2024-03-19 06:00:00,0.5388
2024-03-19 06:10:00,0.5876
2024-03-19 06:20:00,0.4891
2024-03-19 06:30:00,0.7011
2024-03-19 06:40:00,0.7527
2024-03-19 06:50:00,0.5882
2024-03-19 07:00:00,0.4988
2024-03-19 07:10:00,0.58
2024-03-19 07:20:00,0.4388
2024-03-19 07:30:00,0.4837
2024-03-19 07:40:00,0.4144
2024-03-19 07:50:00,0.5346
2024-03-19 08:00:00,0.4929
2024-03-19 08:10:00,0.7023
2024-03-19 08:20:00,0.5949
2024-03-19 08:30:00,0.7348
2024-03-19 08:40:00,0.8278
2024-03-19 08:50:00,0.9259
2024-03-19 09:00:00,0.8403
2024-03-19 09:10:00,0.9855
2024-03-19 09:20:00,1.0804
2024-03-19 09:30:00,1.2783
2024-03-19 09:40:00,1.3475
2024-03-19 09:50:00,1.5301
2024-03-19 10:00:00,1.3753
2024-03-19 10:10:00,1.6268
2024-03-19 10:20:00,1.9548
2024-03-19 10:30:00,2.0718
2024-03-19 10:40:00,2.1633
2024-03-19 10:50:00,2.2862
2024-03-19 11:00:00,2.5616
2024-03-19 11:10:00,2.4207
2024-03-19 11:20:00,2.8161
2024-03-19 11:30:00,2.8426
2024-03-19 11:40:00,2.8562
2024-03-19 11:50:00,2.9994
2024-03-19 12:00:00,2.9254
2024-03-19 12:10:00,2.9521
2024-03-19 12:20:00,2.9005
2024-03-19 12:30:00,2.908
2024-03-19 12:40:00,2.7529
2024-03-19 12:50:00,2.4278
2024-03-19 13:00:00,2.3438
2024-03-19 13:10:00,2.2256
2024-03-19 13:20:00,2.2221
2024-03-19 13:30:00,2.0705
2024-03-19 13:40:00,2.0204
2024-03-19 13:50:00,1.5947
2024-03-19 14:00:00,1.6773
2024-03-19 14:10:00,1.2132
2024-03-19 14:20:00,1.2821
2024-03-19 14:30:00,1.1925
2024-03-19 14:40:00,1.0954
2024-03-19 14:50:00,0.9601
2024-03-19 15:00:00,0.9396
2024-03-19 15:10:00,0.7585
2024-03-19 15:20:00,0.9402
2024-03-19 15:30:00,0.868
2024-03-19 15:40:00,0.8859
2024-03-19 15:50:00,0.8455
2024-03-19 16:00:00,0.8807
2024-03-19 16:10:00,1.0214
2024-03-19 16:20:00,1.197
2024-03-19 16:30:00,0.9792
2024-03-19 16:40:00,1.0631
2024-03-19 16:50:00,1.328
2024-03-19 17:00:00,1.3628
2024-03-19 17:10:00,1.4993
2024-03-19 17:20:00,1.5669
2024-03-19 17:30:00,1.701
2024-03-19 17:40:00,1.6629
2024-03-19 17:50:00,1.6036
2024-03-19 18:00:00,1.6563
2024-03-19 18:10:00,1.7076
2024-03-19 18:20:00,1.5645
2024-03-19 18:30:00,1.6324
2024-03-19 18:40:00,1.5712
2024-03-19 18:50:00,1.4448
2024-03-19 19:00:00,1.4077
2024-03-19 19:10:00,1.1266
2024-03-19 19:20:00,1.0931
2024-03-19 19:30:00,0.9774
2024-03-19 19:40:00,1.0888
2024-03-19 19:50:00,1.1486
2024-03-19 20:00:00,0.7564
2024-03-19 20:10:00,0.7577
2024-03-19 20:20:00,0.6586
2024-03-19 20:30:00,0.7064
2024-03-19 20:40:00,0.5884
2024-03-19 20:50:00,0.6502
2024-03-19 21:00:00,0.6675
2024-03-19 21:10:00,0.463
2024-03-19 21:20:00,0.6011
2024-03-19 21:30:00,0.3863
2024-03-19 21:40:00,0.5344
2024-03-19 21:50:00,0.5237
2024-03-19 22:00:00,0.5306
2024-03-19 22:10:00,0.5205
2024-03-19 22:20:00,0.5011
2024-03-19 22:30:00,0.5234
2024-03-19 22:40:00,0.5733
2024-03-19 22:50:00,0.5759
2024-03-19 23:00:00,0.5606
2024-03-19 23:10:00,0.4916
2024-03-19 23:20:00,0.657
2024-03-19 23:30:00,0.7015
2024-03-19 23:40:00,0.4201
2024-03-19 23:50:00,0.5653
2024-03-20 00:00:00,0.4428
2024-03-20 00:10:00,0.5678
2024-03-20 00:20:00,0.4574
2024-03-20 00:30:00,0.4449
2024-03-20 00:40:00,0.4676
2024-03-20 00:50:00,0.3646
2024-03-20 01:00:00,0.5362
2024-03-20 01:10:00,0.3919
2024-03-20 01:20:00,0.4053
2024-03-20 01:30:00,0.2606
2024-03-20 01:40:00,0.2409
2024-03-20 01:50:00,0.3056
2024-03-20 02:00:00,0.2685
2024-03-20 02:10:00,0.05
2024-03-20 02:20:00,0.1775
2024-03-20 02:30:00,0.2121
2024-03-20 02:40:00,0.1517
2024-03-20 02:50:00,0.2026
2024-03-20 03:00:00,0.1559
2024-03-20 03:10:00,0.05
2024-03-20 03:20:00,0.05
2024-03-20 03:30:00,0.2622
2024-03-20 03:40:00,0.1403
2024-03-20 03:50:00,0.1916
2024-03-20 04:00:00,0.197
2024-03-20 04:10:00,0.1419
2024-03-20 04:20:00,0.2065
2024-03-20 04:30:00,0.3155
2024-03-20 04:40:00,0.3552
2024-03-20 04:50:00,0.5598
2024-03-20 05:00:00,0.3208
2024-03-20 05:10:00,0.5614
2024-03-20 05:20:00,0.3321
2024-03-20 05:30:00,0.4886
2024-03-20 05:40:00,0.4767
2024-03-20 05:50:00,0.4632
2024-03-20 06:00:00,0.4899
2024-03-20 06:10:00,0.4408
2024-03-20 06:20:00,0.6042
2024-03-20 06:30:00,0.4388
2024-03-20 06:40:00,0.563
2024-03-20 06:50:00,0.6143
2024-03-20 07:00:00,0.6843
2024-03-20 07:10:00,0.6504
2024-03-20 07:20:00,0.6187
2024-03-20 07:30:00,0.5073
2024-03-20 07:40:00,0.5042
2024-03-20 07:50:00,0.4838
2024-03-20 08:00:00,0.493
2024-03-20 08:10:00,0.64
2024-03-20 08:20:00,0.5973
2024-03-20 08:30:00,0.8273
2024-03-20 08:40:00,0.6953
2024-03-20 08:50:00,0.8185
2024-03-20 09:00:00,0.8494
2024-03-20 09:10:00,0.8144
2024-03-20 09:20:00,1.1554
2024-03-20 09:30:00,1.221
2024-03-20 09:40:00,1.3506
2024-03-20 09:50:00,1.4597
2024-03-20 10:00:00,1.4663
2024-03-20 10:10:00,1.6198
2024-03-20 10:20:00,1.8974
2024-03-20 10:30:00,2.1687
2024-03-20 10:40:00,2.2151
2024-03-20 10:50:00,2.4322
2024-03-20 11:00:00,2.431
2024-03-20 11:10:00,2.7293
2024-03-20 11:20:00,2.6958
2024-03-20 11:30:00,2.8584
2024-03-20 11:40:00,2.8694
2024-03-20 11:50:00,3.039
2024-03-20 12:00:00,3.0552
2024-03-20 12:10:00,2.8024
2024-03-20 12:20:00,3.0386
2024-03-20 12:30:00,3.0721
2024-03-20 12:40:00,2.7023
2024-03-20 12:50:00,2.6069
2024-03-20 13:00:00,2.6077
2024-03-20 13:10:00,2.3414
2024-03-20 13:20:00,2.1767
2024-03-20 13:30:00,2.2051
2024-03-20 13:40:00,1.7185
2024-03-20 13:50:00,1.6177
2024-03-20 14:00:00,1.5886
2024-03-20 14:10:00,1.2455
2024-03-20 14:20:00,1.2434
2024-03-20 14:30:00,1.1301
2024-03-20 14:40:00,1.1678
2024-03-20 14:50:00,1.0606
2024-03-20 15:00:00,0.7598
2024-03-20 15:10:00,0.813
2024-03-20 15:20:00,0.785
2024-03-20 15:30:00,0.8216
2024-03-20 15:40:00,0.7402
2024-03-20 15:50:00,0.9188
2024-03-20 16:00:00,0.8444
2024-03-20 16:10:00,1.0281
2024-03-20 16:20:00,1.0381
2024-03-20 16:30:00,1.0216
2024-03-20 16:40:00,1.3467
2024-03-20 16:50:00,1.4436
2024-03-20 17:00:00,1.4255
2024-03-20 17:10:00,1.4634
2024-03-20 17:20:00,1.4642
2024-03-20 17:30:00,1.7465
2024-03-20 17:40:00,1.7743
2024-03-20 17:50:00,1.6435
2024-03-20 18:00:00,1.6672
2024-03-20 18:10:00,1.7699
2024-03-20 18:20:00,1.5729
2024-03-20 18:30:00,1.5741
2024-03-20 18:40:00,1.4615
2024-03-20 18:50:00,1.3802
2024-03-20 19:00:00,1.3152
2024-03-20 19:10:00,1.379
2024-03-20 19:20:00,1.0134
2024-03-20 19:30:00,1.1354
2024-03-20 19:40:00,1.0269
2024-03-20 19:50:00,1.0151
2024-03-20 20:00:00,0.8705
2024-03-20 20:10:00,0.7435
2024-03-20 20:20:00,0.6466
2024-03-20 20:30:00,0.7835
2024-03-20 20:40:00,0.6992
2024-03-20 20:50:00,0.5728
2024-03-20 21:00:00,0.6921
2024-03-20 21:10:00,0.5409
2024-03-20 21:20:00,0.574
2024-03-20 21:30:00,0.5055
2024-03-20 21:40:00,0.6136
2024-03-20 21:50:00,0.4569
2024-03-20 22:00:00,0.5238
2024-03-20 22:10:00,0.4865
2024-03-20 22:20:00,0.5772
2024-03-20 22:30:00,0.589
2024-03-20 22:40:00,0.4393
2024-03-20 22:50:00,0.5901
2024-03-20 23:00:00,0.4016
2024-03-20 23:10:00,0.7684
2024-03-20 23:20:00,0.498
2024-03-20 23:30:00,0.654
2024-03-20 23:40:00,0.5692
2024-03-20 23:50:00,0.5733
2024-03-21 00:00:00,0.3732
2024-03-21 00:10:00,0.5598
2024-03-21 00:20:00,0.4636
2024-03-21 00:30:00,0.4867
2024-03-21 00:40:00,0.4091
2024-03-21 00:50:00,0.4074
2024-03-21 01:00:00,0.2799
2024-03-21 01:10:00,0.3257
2024-03-21 01:20:00,0.2702
2024-03-21 01:30:00,0.2122
2024-03-21 01:40:00,0.2667
2024-03-21 01:50:00,0.2609
2024-03-21 02:00:00,0.2225
2024-03-21 02:10:00,0.1625
2024-03-21 02:20:00,0.2059
2024-03-21 02:30:00,0.189
2024-03-21 02:40:00,0.1745
2024-03-21 02:50:00,0.1814
2024-03-21 03:00:00,0.2831
2024-03-21 03:10:00,0.05
2024-03-21 03:20:00,0.1329
2024-03-21 03:30:00,0.1986
2024-03-21 03:40:00,0.05
2024-03-21 03:50:00,0.3109
2024-03-21 04:00:00,0.2229
2024-03-21 04:10:00,0.3202
2024-03-21 04:20:00,0.3652
2024-03-21 04:30:00,0.324
2024-03-21 04:40:00,0.089
2024-03-21 04:50:00,0.3558
2024-03-21 05:00:00,0.3898
2024-03-21 05:10:00,0.2858
2024-03-21 05:20:00,0.2393
2024-03-21 05:30:00,0.486
2024-03-21 05:40:00,0.3342
2024-03-21 05:50:00,0.6821
2024-03-21 06:00:00,0.5169
2024-03-21 06:10:00,0.6383
2024-03-21 06:20:00,0.5171
2024-03-21 06:30:00,0.5984
2024-03-21 06:40:00,0.5367
2024-03-21 06:50:00,0.6394
2024-03-21 07:00:00,0.3422
2024-03-21 07:10:00,0.6422
2024-03-21 07:20:00,0.6284
2024-03-21 07:30:00,0.5558
2024-03-21 07:40:00,0.5421
2024-03-21 07:50:00,0.5679
2024-03-21 08:00:00,0.6448
2024-03-21 08:10:00,0.7617
2024-03-21 08:20:00,0.6168
2024-03-21 08:30:00,0.5374
2024-03-21 08:40:00,1.0019
2024-03-21 08:50:00,0.8764
2024-03-21 09:00:00,0.837
2024-03-21 09:10:00,1.0739
2024-03-21 09:20:00,1.1402
2024-03-21 09:30:00,1.201
2024-03-21 09:40:00,1.2222
2024-03-21 09:50:00,1.4674
2024-03-21 10:00:00,1.6517
2024-03-21 10:10:00,1.5223
2024-03-21 10:20:00,1.8752
2024-03-21 10:30:00,2.0448
2024-03-21 10:40:00,2.2037
2024-03-21 10:50:00,2.3397
2024-03-21 11:00:00,2.6029
2024-03-21 11:10:00,2.5991
2024-03-21 11:20:00,2.7383
2024-03-21 11:30:00,2.8668
2024-03-21 11:40:00,2.8891
2024-03-21 11:50:00,2.8123
2024-03-21 12:00:00,2.9872
2024-03-21 12:10:00,2.9735
2024-03-21 12:20:00,2.8704
2024-03-21 12:30:00,2.822
2024-03-21 12:40:00,2.4206
2024-03-21 12:50:00,2.7412
2024-03-21 13:00:00,2.5746
2024-03-21 13:10:00,2.2016
2024-03-21 13:20:00,2.1102
2024-03-21 13:30:00,2.1609
2024-03-21 13:40:00,1.739
2024-03-21 13:50:00,1.745
2024-03-21 14:00:00,1.4981
2024-03-21 14:10:00,1.4489
2024-03-21 14:20:00,1.2861
2024-03-21 14:30:00,1.1403
2024-03-21 14:40:00,1.1108
2024-03-21 14:50:00,0.9423
2024-03-21 15:00:00,0.75
2024-03-21 15:10:00,0.7898
2024-03-21 15:20:00,0.7495
2024-03-21 15:30:00,0.6831
2024-03-21 15:40:00,0.8871
2024-03-21 15:50:00,0.8566
2024-03-21 16:00:00,0.9495
2024-03-21 16:10:00,1.0216
2024-03-21 16:20:00,1.1143
2024-03-21 16:30:00,1.1599
2024-03-21 16:40:00,1.1103
2024-03-21 16:50:00,1.3601
2024-03-21 17:00:00,1.4191
2024-03-21 17:10:00,1.7068
2024-03-21 17:20:00,1.571
2024-03-21 17:30:00,1.6781
2024-03-21 17:40:00,1.6831
2024-03-21 17:50:00,1.7303
2024-03-21 18:00:00,1.7345
2024-03-21 18:10:00,1.6812
2024-03-21 18:20:00,1.7087
2024-03-21 18:30:00,1.6993
2024-03-21 18:40:00,1.5241
2024-03-21 18:50:00,1.565
2024-03-21 19:00:00,1.459
2024-03-21 19:10:00,1.2007
2024-03-21 19:20:00,1.0928
2024-03-21 19:30:00,1.1372
2024-03-21 19:40:00,0.9427
2024-03-21 19:50:00,0.8139
2024-03-21 20:00:00,1.0167
2024-03-21 20:10:00,0.685
2024-03-21 20:20:00,0.576
2024-03-21 20:30:00,0.6063
2024-03-21 20:40:00,0.6728
2024-03-21 20:50:00,0.6296
2024-03-21 21:00:00,0.7901
2024-03-21 21:10:00,0.5089
2024-03-21 21:20:00,0.5979
2024-03-21 21:30:00,0.6789
2024-03-21 21:40:00,0.4945
2024-03-21 21:50:00,0.6268
2024-03-21 22:00:00,0.3706
2024-03-21 22:10:00,0.728
2024-03-21 22:20:00,0.6504
2024-03-21 22:30:00,0.4822
2024-03-21 22:40:00,0.6328
2024-03-21 22:50:00,0.6809
2024-03-21 23:00:00,0.4206
2024-03-21 23:10:00,0.4893
2024-03-21 23:20:00,0.6839
2024-03-21 23:30:00,0.556
2024-03-21 23:40:00,0.5929
2024-03-21 23:50:00,0.5563
2024-03-22 00:00:00,0.579
2024-03-22 00:10:00,0.5268
2024-03-22 00:20:00,0.4695
2024-03-22 00:30:00,0.2296
2024-03-22 00:40:00,0.4823
2024-03-22 00:50:00,0.4674
2024-03-22 01:00:00,0.2447
2024-03-22 01:10:00,0.224
2024-03-22 01:20:00,0.3641
2024-03-22 01:30:00,0.3022
2024-03-22 01:40:00,0.0558
2024-03-22 01:50:00,0.1424
2024-03-22 02:00:00,0.2288
2024-03-22 02:10:00,0.2404
2024-03-22 02:20:00,0.1064
2024-03-22 02:30:00,0.1501
2024-03-22 02:40:00,0.0769
2024-03-22 02:50:00,0.2972
2024-03-22 03:00:00,0.1823
2024-03-22 03:10:00,0.098
2024-03-22 03:20:00,0.05
2024-03-22 03:30:00,0.05
2024-03-22 03:40:00,0.346
2024-03-22 03:50:00,0.1554
2024-03-22 04:00:00,0.1575
2024-03-22 04:10:00,0.2033
2024-03-22 04:20:00,0.1903
2024-03-22 04:30:00,0.2721
2024-03-22 04:40:00,0.3158
2024-03-22 04:50:00,0.3427
2024-03-22 05:00:00,0.2425
2024-03-22 05:10:00,0.4838
2024-03-22 05:20:00,0.3631
2024-03-22 05:30:00,0.3741
2024-03-22 05:40:00,0.3888
2024-03-22 05:50:00,0.3708
2024-03-22 06:00:00,0.5175
2024-03-22 06:10:00,0.5928
2024-03-22 06:20:00,0.4418
2024-03-22 06:30:00,0.3391
2024-03-22 06:40:00,0.4288
2024-03-22 06:50:00,0.4942
2024-03-22 07:00:00,0.423
2024-03-22 07:10:00,0.4937
2024-03-22 07:20:00,0.5066
2024-03-22 07:30:00,0.5698
2024-03-22 07:40:00,0.4376
2024-03-22 07:50:00,0.656
2024-03-22 08:00:00,0.7828
2024-03-22 08:10:00,0.7834
2024-03-22 08:20:00,0.612
2024-03-22 08:30:00,0.7746
2024-03-22 08:40:00,0.8087
2024-03-22 08:50:00,0.8051
2024-03-22 09:00:00,0.8941
2024-03-22 09:10:00,1.0236
2024-03-22 09:20:00,1.1354
2024-03-22 09:30:00,1.0709
2024-03-22 09:40:00,1.345
2024-03-22 09:50:00,1.5676
2024-03-22 10:00:00,1.6313
2024-03-22 10:10:00,1.8484
2024-03-22 10:20:00,1.5949
2024-03-22 10:30:00,2.0751
2024-03-22 10:40:00,2.2041
2024-03-22 10:50:00,2.4384
2024-03-22 11:00:00,2.3724
2024-03-22 11:10:00,2.5703
2024-03-22 11:20:00,2.8293
2024-03-22 11:30:00,2.73
2024-03-22 11:40:00,2.9319
2024-03-22 11:50:00,2.95
2024-03-22 12:00:00,2.947
2024-03-22 12:10:00,3.009
2024-03-22 12:20:00,2.7961
2024-03-22 12:30:00,2.758
2024-03-22 12:40:00,2.7254
2024-03-22 12:50:00,2.5009
2024-03-22 13:00:00,2.6082
2024-03-22 13:10:00,2.2561
2024-03-22 13:20:00,2.2569
2024-03-22 13:30:00,1.929
2024-03-22 13:40:00,1.9254
2024-03-22 13:50:00,1.5367
2024-03-22 14:00:00,1.6886
2024-03-22 14:10:00,1.5217
2024-03-22 14:20:00,1.2261
2024-03-22 14:30:00,1.0864
2024-03-22 14:40:00,1.118
2024-03-22 14:50:00,0.8393
2024-03-22 15:00:00,0.9321
2024-03-22 15:10:00,0.802
2024-03-22 15:20:00,0.829
2024-03-22 15:30:00,0.7793
2024-03-22 15:40:00,0.7706
2024-03-22 15:50:00,1.0446
2024-03-22 16:00:00,0.9924
2024-03-22 16:10:00,0.8218
2024-03-22 16:20:00,0.9513
2024-03-22 16:30:00,1.2052
2024-03-22 16:40:00,1.3054
2024-03-22 16:50:00,1.164
2024-03-22 17:00:00,1.4671
2024-03-22 17:10:00,1.5147
2024-03-22 17:20:00,1.3765
2024-03-22 17:30:00,1.5999
2024-03-22 17:40:00,1.6794
2024-03-22 17:50:00,1.7307
2024-03-22 18:00:00,1.6048
2024-03-22 18:10:00,1.6488
2024-03-22 18:20:00,1.6291
2024-03-22 18:30:00,1.584
2024-03-22 18:40:00,1.5145
2024-03-22 18:50:00,1.4686
2024-03-22 19:00:00,1.4189
2024-03-22 19:10:00,1.4665
2024-03-22 19:20:00,1.2766
2024-03-22 19:30:00,1.2243
2024-03-22 19:40:00,0.9536
2024-03-22 19:50:00,0.8184
2024-03-22 20:00:00,0.9254
2024-03-22 20:10:00,0.7802
2024-03-22 20:20:00,0.8016
2024-03-22 20:30:00,0.5966
2024-03-22 20:40:00,0.7147
2024-03-22 20:50:00,0.6049
2024-03-22 21:00:00,0.5554
2024-03-22 21:10:00,0.5492
2024-03-22 21:20:00,0.6235
2024-03-22 21:30:00,0.6436
2024-03-22 21:40:00,0.5239
2024-03-22 21:50:00,0.591
2024-03-22 22:00:00,0.588
2024-03-22 22:10:00,0.6261
2024-03-22 22:20:00,0.6498
2024-03-22 22:30:00,0.7315
2024-03-22 22:40:00,0.5035
2024-03-22 22:50:00,0.6957
2024-03-22 23:00:00,0.5613
2024-03-22 23:10:00,0.44
2024-03-22 23:20:00,0.4844
2024-03-22 23:30:00,0.596
2024-03-22 23:40:00,0.6218
2024-03-22 23:50:00,0.4477
2024-03-23 00:00:00,0.4626
2024-03-23 00:10:00,0.4699
2024-03-23 00:20:00,0.4185
2024-03-23 00:30:00,0.2959
2024-03-23 00:40:00,0.2383
2024-03-23 00:50:00,0.3959
2024-03-23 01:00:00,0.4309
2024-03-23 01:10:00,0.4409
2024-03-23 01:20:00,0.2074
2024-03-23 01:30:00,0.1766
2024-03-23 01:40:00,0.2259
2024-03-23 01:50:00,0.2474
2024-03-23 02:00:00,0.3181
2024-03-23 02:10:00,0.2618
2024-03-23 02:20:00,0.1446
2024-03-23 02:30:00,0.2173
2024-03-23 02:40:00,0.097
2024-03-23 02:50:00,0.1888
2024-03-23 03:00:00,0.1751
2024-03-23 03:10:00,0.3218
2024-03-23 03:20:00,0.2307
2024-03-23 03:30:00,0.1043
2024-03-23 03:40:00,0.1053
2024-03-23 03:50:00,0.1567
2024-03-23 04:00:00,0.0608
2024-03-23 04:10:00,0.2241
2024-03-23 04:20:00,0.2643
2024-03-23 04:30:00,0.3578
2024-03-23 04:40:00,0.4048
2024-03-23 04:50:00,0.3852
2024-03-23 05:00:00,0.2427
2024-03-23 05:10:00,0.3121
2024-03-23 05:20:00,0.3999
2024-03-23 05:30:00,0.5493
2024-03-23 05:40:00,0.5671
2024-03-23 05:50:00,0.4988
2024-03-23 06:00:00,0.7759
2024-03-23 06:10:00,0.7099
2024-03-23 06:20:00,0.6896
2024-03-23 06:30:00,0.6459
2024-03-23 06:40:00,0.6307
2024-03-23 06:50:00,0.6316
2024-03-23 07:00:00,0.4204
2024-03-23 07:10:00,0.5039
2024-03-23 07:20:00,0.5958
2024-03-23 07:30:00,0.6414
2024-03-23 07:40:00,0.6292
2024-03-23 07:50:00,0.6851
2024-03-23 08:00:00,0.4682
2024-03-23 08:10:00,0.7553
2024-03-23 08:20:00,0.7438
2024-03-23 08:30:00,0.7599
2024-03-23 08:40:00,0.9219
2024-03-23 08:50:00,0.7861
2024-03-23 09:00:00,0.9405
2024-03-23 09:10:00,1.0795
2024-03-23 09:20:00,1.0667
2024-03-23 09:30:00,1.0672
2024-03-23 09:40:00,1.2823
2024-03-23 09:50:00,1.535
2024-03-23 10:00:00,1.6729
2024-03-23 10:10:00,1.8628
2024-03-23 10:20:00,1.9731
2024-03-23 10:30:00,2.0863
2024-03-23 10:40:00,2.4097
2024-03-23 10:50:00,2.5532
2024-03-23 11:00:00,2.7978
2024-03-23 11:10:00,2.8089
2024-03-23 11:20:00,2.8118
2024-03-23 11:30:00,2.8598
2024-03-23 11:40:00,3.159
2024-03-23 11:50:00,3.2604
2024-03-23 12:00:00,3.2408
2024-03-23 12:10:00,3.1911
2024-03-23 12:20:00,3.04
2024-03-23 12:30:00,2.9314
2024-03-23 12:40:00,3.0507
2024-03-23 12:50:00,2.861
2024-03-23 13:00:00,2.6979
2024-03-23 13:10:00,2.4161
2024-03-23 13:20:00,2.3001
2024-03-23 13:30:00,2.2232
2024-03-23 13:40:00,2.0694
2024-03-23 13:50:00,1.8513
2024-03-23 14:00:00,1.8408
2024-03-23 14:10:00,1.4919
2024-03-23 14:20:00,1.5386
2024-03-23 14:30:00,1.3079
2024-03-23 14:40:00,1.1905
2024-03-23 14:50:00,1.1846
2024-03-23 15:00:00,0.9593
2024-03-23 15:10:00,0.9384
2024-03-23 15:20:00,0.8178
2024-03-23 15:30:00,1.0218
2024-03-23 15:40:00,0.9692
2024-03-23 15:50:00,1.0716
2024-03-23 16:00:00,1.0265
2024-03-23 16:10:00,1.1773
2024-03-23 16:20:00,1.0684
2024-03-23 16:30:00,1.3305
2024-03-23 16:40:00,1.29
2024-03-23 16:50:00,1.4334
2024-03-23 17:00:00,1.6102
2024-03-23 17:10:00,1.8702
2024-03-23 17:20:00,1.8101
2024-03-23 17:30:00,1.8961
2024-03-23 17:40:00,1.8082
2024-03-23 17:50:00,1.9146
2024-03-23 18:00:00,1.9014
2024-03-23 18:10:00,2.0389
2024-03-23 18:20:00,1.8464
2024-03-23 18:30:00,1.9346
2024-03-23 18:40:00,1.5933
2024-03-23 18:50:00,1.7703
2024-03-23 19:00:00,1.441
2024-03-23 19:10:00,1.5037
2024-03-23 19:20:00,1.2223
2024-03-23 19:30:00,1.264
2024-03-23 19:40:00,1.0059
2024-03-23 19:50:00,1.1145
2024-03-23 20:00:00,1.0145
2024-03-23 20:10:00,0.8002
2024-03-23 20:20:00,0.8594
2024-03-23 20:30:00,0.8482
2024-03-23 20:40:00,0.6226
2024-03-23 20:50:00,0.5814
2024-03-23 21:00:00,0.5547
2024-03-23 21:10:00,0.5233
2024-03-23 21:20:00,0.5244
2024-03-23 21:30:00,0.7155
2024-03-23 21:40:00,0.6725
2024-03-23 21:50:00,0.4428
2024-03-23 22:00:00,0.5585
2024-03-23 22:10:00,0.4918
2024-03-23 22:20:00,0.6925
2024-03-23 22:30:00,0.5606
2024-03-23 22:40:00,0.4507
2024-03-23 22:50:00,0.6219
2024-03-23 23:00:00,0.6653
2024-03-23 23:10:00,0.5092
2024-03-23 23:20:00,0.578
2024-03-23 23:30:00,0.5142
2024-03-23 23:40:00,0.7289
2024-03-23 23:50:00,0.5613
2024-03-24 00:00:00,0.4669
2024-03-24 00:10:00,0.5182
2024-03-24 00:20:00,0.4842
2024-03-24 00:30:00,0.5528
2024-03-24 00:40:00,0.5819
2024-03-24 00:50:00,0.5565
2024-03-24 01:00:00,0.3675
2024-03-24 01:10:00,0.4059
2024-03-24 01:20:00,0.4925
2024-03-24 01:30:00,0.4639
2024-03-24 01:40:00,0.1912
2024-03-24 01:50:00,0.3064
2024-03-24 02:00:00,0.2596
2024-03-24 02:10:00,0.2827
2024-03-24 02:20:00,0.3057
2024-03-24 02:30:00,0.0773
2024-03-24 02:40:00,0.1123
2024-03-24 02:50:00,0.2721
2024-03-24 03:00:00,0.1962
2024-03-24 03:10:00,0.05
2024-03-24 03:20:00,0.05
2024-03-24 03:30:00,0.2476
2024-03-24 03:40:00,0.2653
2024-03-24 03:50:00,0.0551
2024-03-24 04:00:00,0.3272
2024-03-24 04:10:00,0.2274
2024-03-24 04:20:00,0.1765
2024-03-24 04:30:00,0.2552
2024-03-24 04:40:00,0.2214
2024-03-24 04:50:00,0.3138
2024-03-24 05:00:00,0.2189
2024-03-24 05:10:00,0.4269
2024-03-24 05:20:00,0.5192
2024-03-24 05:30:00,0.3495
2024-03-24 05:40:00,0.507
2024-03-24 05:50:00,0.4434
2024-03-24 06:00:00,0.6069
2024-03-24 06:10:00,0.3224
2024-03-24 06:20:00,0.6369
2024-03-24 06:30:00,0.3942
2024-03-24 06:40:00,0.564
2024-03-24 06:50:00,0.5223
2024-03-24 07:00:00,0.565
2024-03-24 07:10:00,0.4562
2024-03-24 07:20:00,0.7842
2024-03-24 07:30:00,0.5001
2024-03-24 07:40:00,0.521
2024-03-24 07:50:00,0.8375
2024-03-24 08:00:00,0.711
2024-03-24 08:10:00,0.5794
2024-03-24 08:20:00,0.7249
2024-03-24 08:30:00,0.7553
2024-03-24 08:40:00,0.6606
2024-03-24 08:50:00,0.815
2024-03-24 09:00:00,0.9618
2024-03-24 09:10:00,1.1779
2024-03-24 09:20:00,1.1334
2024-03-24 09:30:00,1.2565
2024-03-24 09:40:00,1.3164
2024-03-24 09:50:00,1.6514
2024-03-24 10:00:00,1.7884
2024-03-24 10:10:00,1.9439
2024-03-24 10:20:00,2.0506
2024-03-24 10:30:00,2.0582
2024-03-24 10:40:00,2.5052
2024-03-24 10:50:00,2.5761
2024-03-24 11:00:00,2.7038
2024-03-24 11:10:00,2.9291
2024-03-24 11:20:00,3.0369
2024-03-24 11:30:00,3.014
2024-03-24 11:40:00,3.1677
2024-03-24 11:50:00,3.0579
2024-03-24 12:00:00,3.2733
2024-03-24 12:10:00,3.3813
2024-03-24 12:20:00,3.0203
2024-03-24 12:30:00,3.1338
2024-03-24 12:40:00,3.0814
2024-03-24 12:50:00,2.966
2024-03-24 13:00:00,2.6602
2024-03-24 13:10:00,2.4605
2024-03-24 13:20:00,2.3385
2024-03-24 13:30:00,2.3383
2024-03-24 13:40:00,1.8704
2024-03-24 13:50:00,1.7466
2024-03-24 14:00:00,1.6574
2024-03-24 14:10:00,1.4522
2024-03-24 14:20:00,1.406
2024-03-24 14:30:00,1.4279
2024-03-24 14:40:00,1.0595
2024-03-24 14:50:00,1.0769
2024-03-24 15:00:00,1.0211
2024-03-24 15:10:00,0.938
2024-03-24 15:20:00,0.7825
2024-03-24 15:30:00,0.8647
2024-03-24 15:40:00,0.8724
2024-03-24 15:50:00,1.0253
2024-03-24 16:00:00,1.0481
2024-03-24 16:10:00,0.912
2024-03-24 16:20:00,1.1046
2024-03-24 16:30:00,1.182
2024-03-24 16:40:00,1.5255
2024-03-24 16:50:00,1.4627
2024-03-24 17:00:00,1.4299
2024-03-24 17:10:00,1.56
2024-03-24 17:20:00,1.6906
2024-03-24 17:30:00,1.8413
2024-03-24 17:40:00,1.9116
2024-03-24 17:50:00,1.9193
2024-03-24 18:00:00,1.8904
2024-03-24 18:10:00,1.8849
2024-03-24 18:20:00,1.8485
2024-03-24 18:30:00,1.6238
2024-03-24 18:40:00,1.7177
2024-03-24 18:50:00,1.573
2024-03-24 19:00:00,1.3621
2024-03-24 19:10:00,1.6604
2024-03-24 19:20:00,1.3401
2024-03-24 19:30:00,1.2038
2024-03-24 19:40:00,1.0652
2024-03-24 19:50:00,1.0841
2024-03-24 20:00:00,0.814
2024-03-24 20:10:00,0.8292
2024-03-24 20:20:00,0.7066
2024-03-24 20:30:00,0.8258
2024-03-24 20:40:00,0.6325
2024-03-24 20:50:00,0.7951
2024-03-24 21:00:00,0.652
2024-03-24 21:10:00,0.7222
2024-03-24 21:20:00,0.6721
2024-03-24 21:30:00,0.7291
2024-03-24 21:40:00,0.5233
2024-03-24 21:50:00,0.7031
2024-03-24 22:00:00,0.4234
2024-03-24 22:10:00,0.612
2024-03-24 22:20:00,0.5519
2024-03-24 22:30:00,0.4653
2024-03-24 22:40:00,0.5159
2024-03-24 22:50:00,0.5409
2024-03-24 23:00:00,0.5851
2024-03-24 23:10:00,0.5522
2024-03-24 23:20:00,0.6126
2024-03-24 23:30:00,0.5216
2024-03-24 23:40:00,0.5569
2024-03-24 23:50:00,0.5757
2024-03-25 00:00:00,0.5084
2024-03-25 00:10:00,0.5607
2024-03-25 00:20:00,0.5445
2024-03-25 00:30:00,0.4638
2024-03-25 00:40:00,0.4616
2024-03-25 00:50:00,0.426
2024-03-25 01:00:00,0.3375
2024-03-25 01:10:00,0.4314
2024-03-25 01:20:00,0.221
2024-03-25 01:30:00,0.0782
2024-03-25 01:40:00,0.1493
2024-03-25 01:50:00,0.365
2024-03-25 02:00:00,0.168
2024-03-25 02:10:00,0.2002
2024-03-25 02:20:00,0.1375
2024-03-25 02:30:00,0.2211
2024-03-25 02:40:00,0.172
2024-03-25 02:50:00,0.1581
2024-03-25 03:00:00,0.2263
2024-03-25 03:10:00,0.1183
2024-03-25 03:20:00,0.2021
2024-03-25 03:30:00,0.1474
2024-03-25 03:40:00,0.1542
2024-03-25 03:50:00,0.091
2024-03-25 04:00:00,0.176
2024-03-25 04:10:00,0.1706
2024-03-25 04:20:00,0.3665
2024-03-25 04:30:00,0.1146
2024-03-25 04:40:00,0.4014
2024-03-25 04:50:00,0.1669
2024-03-25 05:00:00,0.4227
2024-03-25 05:10:00,0.3111
2024-03-25 05:20:00,0.4753
2024-03-25 05:30:00,0.4281
2024-03-25 05:40:00,0.3162
2024-03-25 05:50:00,0.6122
2024-03-25 06:00:00,0.5687
2024-03-25 06:10:00,0.5539
2024-03-25 06:20:00,0.4504
2024-03-25 06:30:00,0.6048
2024-03-25 06:40:00,0.4036
2024-03-25 06:50:00,0.3166
2024-03-25 07:00:00,0.3903
2024-03-25 07:10:00,0.4617
2024-03-25 07:20:00,0.4866
2024-03-25 07:30:00,0.5282
2024-03-25 07:40:00,0.5445
2024-03-25 07:50:00,0.5333
2024-03-25 08:00:00,0.4055
2024-03-25 08:10:00,0.6601
2024-03-25 08:20:00,0.6444
2024-03-25 08:30:00,0.6385
2024-03-25 08:40:00,0.8939
2024-03-25 08:50:00,0.7858
2024-03-25 09:00:00,0.8828
2024-03-25 09:10:00,1.0355
2024-03-25 09:20:00,0.8987
2024-03-25 09:30:00,1.1505
2024-03-25 09:40:00,1.3503
2024-03-25 09:50:00,1.3927
2024-03-25 10:00:00,1.4137
2024-03-25 10:10:00,1.6475
2024-03-25 10:20:00,1.8733
2024-03-25 10:30:00,1.8061
2024-03-25 10:40:00,2.0438
2024-03-25 10:50:00,2.5345
2024-03-25 11:00:00,2.5349
2024-03-25 11:10:00,2.7709
2024-03-25 11:20:00,2.8276
2024-03-25 11:30:00,2.8771
2024-03-25 11:40:00,2.8785
2024-03-25 11:50:00,2.9917
2024-03-25 12:00:00,3.1134
2024-03-25 12:10:00,3.0361
2024-03-25 12:20:00,2.9261
2024-03-25 12:30:00,2.8205
2024-03-25 12:40:00,2.7909
2024-03-25 12:50:00,2.5695
2024-03-25 13:00:00,2.5365
2024-03-25 13:10:00,2.2677
2024-03-25 13:20:00,2.1443
2024-03-25 13:30:00,1.915
2024-03-25 13:40:00,1.8122
2024-03-25 13:50:00,1.6303
2024-03-25 14:00:00,1.7179
2024-03-25 14:10:00,1.3197
2024-03-25 14:20:00,1.3207
2024-03-25 14:30:00,1.075
2024-03-25 14:40:00,1.0775
2024-03-25 14:50:00,1.0215
2024-03-25 15:00:00,0.7441
2024-03-25 15:10:00,0.7436
2024-03-25 15:20:00,0.7595
2024-03-25 15:30:00,0.7139
2024-03-25 15:40:00,0.8593
2024-03-25 15:50:00,0.899
2024-03-25 16:00:00,0.8086
2024-03-25 16:10:00,0.9828
2024-03-25 16:20:00,0.9972
2024-03-25 16:30:00,1.1103
2024-03-25 16:40:00,1.1465
2024-03-25 16:50:00,1.3521
2024-03-25 17:00:00,1.5616
2024-03-25 17:10:00,1.5665
2024-03-25 17:20:00,1.711
2024-03-25 17:30:00,1.501
2024-03-25 17:40:00,1.6265
2024-03-25 17:50:00,1.7835
2024-03-25 18:00:00,1.8887
2024-03-25 18:10:00,1.7913
2024-03-25 18:20:00,1.5899
2024-03-25 18:30:00,1.5951
2024-03-25 18:40:00,1.6008
2024-03-25 18:50:00,1.4663
2024-03-25 19:00:00,1.3089
2024-03-25 19:10:00,1.2609
2024-03-25 19:20:00,1.1888
2024-03-25 19:30:00,0.9848
2024-03-25 19:40:00,1.1008
2024-03-25 19:50:00,0.8754
2024-03-25 20:00:00,0.8385
2024-03-25 20:10:00,0.8859
2024-03-25 20:20:00,0.7165
2024-03-25 20:30:00,0.7833
2024-03-25 20:40:00,0.5473
2024-03-25 20:50:00,0.6661
2024-03-25 21:00:00,0.6858
2024-03-25 21:10:00,0.5032
2024-03-25 21:20:00,0.5569
2024-03-25 21:30:00,0.5508
2024-03-25 21:40:00,0.5818
2024-03-25 21:50:00,0.6044
2024-03-25 22:00:00,0.4632
2024-03-25 22:10:00,0.5466
2024-03-25 22:20:00,0.7106
2024-03-25 22:30:00,0.6561
2024-03-25 22:40:00,0.6297
2024-03-25 22:50:00,0.5308
2024-03-25 23:00:00,0.7628
2024-03-25 23:10:00,0.6528
2024-03-25 23:20:00,0.5535
2024-03-25 23:30:00,0.5718
2024-03-25 23:40:00,0.5038
2024-03-25 23:50:00,0.5891
2024-03-26 00:00:00,0.5496
2024-03-26 00:10:00,0.5462
2024-03-26 00:20:00,0.4412
2024-03-26 00:30:00,0.2928
2024-03-26 00:40:00,0.4428
2024-03-26 00:50:00,0.4655
2024-03-26 01:00:00,0.2711
2024-03-26 01:10:00,0.3323
2024-03-26 01:20:00,0.4467
2024-03-26 01:30:00,0.1627
2024-03-26 01:40:00,0.2251
2024-03-26 01:50:00,0.3735
2024-03-26 02:00:00,0.2134
2024-03-26 02:10:00,0.1203
2024-03-26 02:20:00,0.1642
2024-03-26 02:30:00,0.2475
2024-03-26 02:40:00,0.1446
2024-03-26 02:50:00,0.2247
2024-03-26 03:00:00,0.1884
2024-03-26 03:10:00,0.1966
2024-03-26 03:20:00,0.2311
2024-03-26 03:30:00,0.1355
2024-03-26 03:40:00,0.0705
2024-03-26 03:50:00,0.2203
2024-03-26 04:00:00,0.1844
2024-03-26 04:10:00,0.18
2024-03-26 04:20:00,0.3061
2024-03-26 04:30:00,0.4108
2024-03-26 04:40:00,0.2971
2024-03-26 04:50:00,0.3423
2024-03-26 05:00:00,0.2508
2024-03-26 05:10:00,0.3726
2024-03-26 05:20:00,0.4409
2024-03-26 05:30:00,0.4383
2024-03-26 05:40:00,0.4233
2024-03-26 05:50:00,0.549
2024-03-26 06:00:00,0.4969
2024-03-26 06:10:00,0.7626
2024-03-26 06:20:00,0.5353
2024-03-26 06:30:00,0.2491
2024-03-26 06:40:00,0.4208
2024-03-26 06:50:00,0.5926
2024-03-26 07:00:00,0.4823
2024-03-26 07:10:00,0.4958
2024-03-26 07:20:00,0.4382
2024-03-26 07:30:00,0.5241
2024-03-26 07:40:00,0.603
2024-03-26 07:50:00,0.637
2024-03-26 08:00:00,0.5152
2024-03-26 08:10:00,0.7215
2024-03-26 08:20:00,0.5518
2024-03-26 08:30:00,0.7521
2024-03-26 08:40:00,0.7879
2024-03-26 08:50:00,0.7167
2024-03-26 09:00:00,0.7717
2024-03-26 09:10:00,0.9943
2024-03-26 09:20:00,0.9919
2024-03-26 09:30:00,1.1339
2024-03-26 09:40:00,1.34
2024-03-26 09:50:00,1.45
2024-03-26 10:00:00,1.4527
2024-03-26 10:10:00,1.6907
2024-03-26 10:20:00,1.7612
2024-03-26 10:30:00,2.104
2024-03-26 10:40:00,2.333
2024-03-26 10:50:00,2.253
2024-03-26 11:00:00,2.4837
2024-03-26 11:10:00,2.7147
2024-03-26 11:20:00,2.7438
2024-03-26 11:30:00,2.8943
2024-03-26 11:40:00,2.9151
2024-03-26 11:50:00,2.8483
2024-03-26 12:00:00,2.9808
2024-03-26 12:10:00,3.0667
2024-03-26 12:20:00,2.9413
2024-03-26 12:30:00,3.0006
2024-03-26 12:40:00,2.5643
2024-03-26 12:50:00,2.661
2024-03-26 13:00:00,2.4223
2024-03-26 13:10:00,2.2503
2024-03-26 13:20:00,2.3135
2024-03-26 13:30:00,1.9926
2024-03-26 13:40:00,1.8213
2024-03-26 13:50:00,1.7333
2024-03-26 14:00:00,1.3337
2024-03-26 14:10:00,1.5448
2024-03-26 14:20:00,1.4728
2024-03-26 14:30:00,1.2614
2024-03-26 14:40:00,1.1142
2024-03-26 14:50:00,0.971
2024-03-26 15:00:00,0.8218
2024-03-26 15:10:00,1.0029
2024-03-26 15:20:00,0.9468
2024-03-26 15:30:00,0.8894
2024-03-26 15:40:00,0.8844
2024-03-26 15:50:00,0.9049
2024-03-26 16:00:00,0.8624
2024-03-26 16:10:00,1.2206
2024-03-26 16:20:00,1.0112
2024-03-26 16:30:00,1.0777
2024-03-26 16:40:00,1.3216
2024-03-26 16:50:00,1.3006
2024-03-26 17:00:00,1.3964
2024-03-26 17:10:00,1.6308
2024-03-26 17:20:00,1.6397
2024-03-26 17:30:00,1.7145
2024-03-26 17:40:00,1.5526
2024-03-26 17:50:00,1.7673
2024-03-26 18:00:00,1.6376
2024-03-26 18:10:00,1.681
2024-03-26 18:20:00,1.7103
2024-03-26 18:30:00,1.6352
2024-03-26 18:40:00,1.6331
2024-03-26 18:50:00,1.5601
2024-03-26 19:00:00,1.4736
2024-03-26 19:10:00,1.1557
2024-03-26 19:20:00,1.4267
2024-03-26 19:30:00,1.0911
2024-03-26 19:40:00,1.1238
2024-03-26 19:50:00,0.668
2024-03-26 20:00:00,0.8194
2024-03-26 20:10:00,0.6364
2024-03-26 20:20:00,0.643
2024-03-26 20:30:00,0.6904
2024-03-26 20:40:00,0.6169
2024-03-26 20:50:00,0.7543
2024-03-26 21:00:00,0.7789
2024-03-26 21:10:00,0.4896
2024-03-26 21:20:00,0.5261
2024-03-26 21:30:00,0.4636
2024-03-26 21:40:00,0.6765
2024-03-26 21:50:00,0.5729
2024-03-26 22:00:00,0.5576
2024-03-26 22:10:00,0.5839
2024-03-26 22:20:00,0.5204
2024-03-26 22:30:00,0.4652
2024-03-26 22:40:00,0.5555
2024-03-26 22:50:00,0.5235
2024-03-26 23:00:00,0.5847
2024-03-26 23:10:00,0.3867
2024-03-26 23:20:00,0.5685
2024-03-26 23:30:00,0.4809
2024-03-26 23:40:00,0.5649
2024-03-26 23:50:00,0.6403
2024-03-27 00:00:00,0.4347
2024-03-27 00:10:00,0.5956
2024-03-27 00:20:00,0.2852
2024-03-27 00:30:00,0.5946
2024-03-27 00:40:00,0.5425
2024-03-27 00:50:00,0.3062
2024-03-27 01:00:00,0.2812
2024-03-27 01:10:00,0.1919
2024-03-27 01:20:00,0.4047
2024-03-27 01:30:00,0.25
2024-03-27 01:40:00,0.2132
2024-03-27 01:50:00,0.1125
2024-03-27 02:00:00,0.3788
2024-03-27 02:10:00,0.0756
2024-03-27 02:20:00,0.1674
2024-03-27 02:30:00,0.1866
2024-03-27 02:40:00,0.1251
2024-03-27 02:50:00,0.1049
2024-03-27 03:00:00,0.128
2024-03-27 03:10:00,0.2215
2024-03-27 03:20:00,0.1303
2024-03-27 03:30:00,0.3275
2024-03-27 03:40:00,0.0873
2024-03-27 03:50:00,0.2483
2024-03-27 04:00:00,0.05
2024-03-27 04:10:00,0.1471
2024-03-27 04:20:00,0.1719
2024-03-27 04:30:00,0.1727
2024-03-27 04:40:00,0.3409
2024-03-27 04:50:00,0.3304
2024-03-27 05:00:00,0.1412
2024-03-27 05:10:00,0.5945
2024-03-27 05:20:00,0.4364
2024-03-27 05:30:00,0.4405
2024-03-27 05:40:00,0.5906
2024-03-27 05:50:00,0.5754
2024-03-27 06:00:00,0.4613
2024-03-27 06:10:00,0.3085
2024-03-27 06:20:00,0.571
2024-03-27 06:30:00,0.4276
2024-03-27 06:40:00,0.656
2024-03-27 06:50:00,0.4619
2024-03-27 07:00:00,0.5015
2024-03-27 07:10:00,0.4197
2024-03-27 07:20:00,0.436
2024-03-27 07:30:00,0.5609
2024-03-27 07:40:00,0.5634
2024-03-27 07:50:00,0.5509
2024-03-27 08:00:00,0.8226
2024-03-27 08:10:00,0.7014
2024-03-27 08:20:00,0.6721
2024-03-27 08:30:00,0.4326
2024-03-27 08:40:00,0.8369
2024-03-27 08:50:00,1.1097
2024-03-27 09:00:00,0.8584
2024-03-27 09:10:00,0.8751
2024-03-27 09:20:00,1.0644
2024-03-27 09:30:00,1.01
2024-03-27 09:40:00,1.3176
2024-03-27 09:50:00,1.5523
2024-03-27 10:00:00,1.4774
2024-03-27 10:10:00,1.6324
2024-03-27 10:20:00,1.8469
2024-03-27 10:30:00,1.9672
2024-03-27 10:40:00,2.0284
2024-03-27 10:50:00,2.2993
2024-03-27 11:00:00,2.4285
2024-03-27 11:10:00,2.7599
2024-03-27 11:20:00,2.8573
2024-03-27 11:30:00,2.9783
2024-03-27 11:40:00,2.9904
2024-03-27 11:50:00,2.975
2024-03-27 12:00:00,2.8818
2024-03-27 12:10:00,3.087
2024-03-27 12:20:00,2.9451
2024-03-27 12:30:00,2.7138
2024-03-27 12:40:00,2.6504
2024-03-27 12:50:00,2.497
2024-03-27 13:00:00,2.2822
2024-03-27 13:10:00,2.377
2024-03-27 13:20:00,2.0565
2024-03-27 13:30:00,1.9428
2024-03-27 13:40:00,1.8605
2024-03-27 13:50:00,1.6803
2024-03-27 14:00:00,1.4778
2024-03-27 14:10:00,1.5614
2024-03-27 14:20:00,1.1299
2024-03-27 14:30:00,1.0217
2024-03-27 14:40:00,1.1189
2024-03-27 14:50:00,0.9302
2024-03-27 15:00:00,0.863
2024-03-27 15:10:00,0.7757
2024-03-27 15:20:00,0.8891
2024-03-27 15:30:00,0.867
2024-03-27 15:40:00,0.8631
2024-03-27 15:50:00,0.8166
2024-03-27 16:00:00,0.84
2024-03-27 16:10:00,0.9543
2024-03-27 16:20:00,1.1365
2024-03-27 16:30:00,1.2773
2024-03-27 16:40:00,1.3208
2024-03-27 16:50:00,1.3543
2024-03-27 17:00:00,1.4967
2024-03-27 17:10:00,1.3713
2024-03-27 17:20:00,1.5007
2024-03-27 17:30:00,1.6942
2024-03-27 17:40:00,1.6827
2024-03-27 17:50:00,1.7612
2024-03-27 18:00:00,1.8363
2024-03-27 18:10:00,1.8091
2024-03-27 18:20:00,1.5839
2024-03-27 18:30:00,1.6402
2024-03-27 18:40:00,1.4758
2024-03-27 18:50:00,1.4054
2024-03-27 19:00:00,1.2181
2024-03-27 19:10:00,1.3036
2024-03-27 19:20:00,1.0121
2024-03-27 19:30:00,1.1331
2024-03-27 19:40:00,1.1384
2024-03-27 19:50:00,0.9726
2024-03-27 20:00:00,0.8512
2024-03-27 20:10:00,0.936
2024-03-27 20:20:00,0.762
2024-03-27 20:30:00,0.5992
2024-03-27 20:40:00,0.6629
2024-03-27 20:50:00,0.819
2024-03-27 21:00:00,0.4928
2024-03-27 21:10:00,0.4484
2024-03-27 21:20:00,0.6364
2024-03-27 21:30:00,0.5443
2024-03-27 21:40:00,0.5078
2024-03-27 21:50:00,0.4312
2024-03-27 22:00:00,0.3594
2024-03-27 22:10:00,0.4071
2024-03-27 22:20:00,0.7131
2024-03-27 22:30:00,0.55
2024-03-27 22:40:00,0.3542
2024-03-27 22:50:00,0.6686
2024-03-27 23:00:00,0.6736
2024-03-27 23:10:00,0.6729
2024-03-27 23:20:00,0.5077
2024-03-27 23:30:00,0.523
2024-03-27 23:40:00,0.5636
2024-03-27 23:50:00,0.69
2024-03-28 00:00:00,0.4349
2024-03-28 00:10:00,0.4006
2024-03-28 00:20:00,0.5289
2024-03-28 00:30:00,0.5611
2024-03-28 00:40:00,0.4134
2024-03-28 00:50:00,0.462
2024-03-28 01:00:00,0.3803
2024-03-28 01:10:00,0.3163
2024-03-28 01:20:00,0.2297
2024-03-28 01:30:00,0.1677
2024-03-28 01:40:00,0.1921
2024-03-28 01:50:00,0.1272
2024-03-28 02:00:00,0.226
2024-03-28 02:10:00,0.2947
2024-03-28 02:20:00,0.1854
2024-03-28 02:30:00,0.0729
2024-03-28 02:40:00,0.2505
2024-03-28 02:50:00,0.1947
2024-03-28 03:00:00,0.2145
2024-03-28 03:10:00,0.113
2024-03-28 03:20:00,0.2783
2024-03-28 03:30:00,0.2778
2024-03-28 03:40:00,0.1466
2024-03-28 03:50:00,0.2447
2024-03-28 04:00:00,0.3078
2024-03-28 04:10:00,0.1783
2024-03-28 04:20:00,0.2454
2024-03-28 04:30:00,0.2911
2024-03-28 04:40:00,0.2028
2024-03-28 04:50:00,0.3857
2024-03-28 05:00:00,0.4714
2024-03-28 05:10:00,0.3806
2024-03-28 05:20:00,0.4528
2024-03-28 05:30:00,0.5803
2024-03-28 05:40:00,0.4191
2024-03-28 05:50:00,0.5126
2024-03-28 06:00:00,0.4342
2024-03-28 06:10:00,0.4441
2024-03-28 06:20:00,0.5488
2024-03-28 06:30:00,0.5481
2024-03-28 06:40:00,0.5876
2024-03-28 06:50:00,0.5472
2024-03-28 07:00:00,0.5932
2024-03-28 07:10:00,0.7207
2024-03-28 07:20:00,0.6683
2024-03-28 07:30:00,0.6058
2024-03-28 07:40:00,0.6342
2024-03-28 07:50:00,0.5687
2024-03-28 08:00:00,0.6014
2024-03-28 08:10:00,0.6904
2024-03-28 08:20:00,0.6799
2024-03-28 08:30:00,0.7877
2024-03-28 08:40:00,0.8811
2024-03-28 08:50:00,0.8001
2024-03-28 09:00:00,0.6763
2024-03-28 09:10:00,1.1597
2024-03-28 09:20:00,0.9829
2024-03-28 09:30:00,1.1727
2024-03-28 09:40:00,1.3443
2024-03-28 09:50:00,1.5433
2024-03-28 10:00:00,1.7253
2024-03-28 10:10:00,1.66
2024-03-28 10:20:00,1.9741
2024-03-28 10:30:00,2.0373
2024-03-28 10:40:00,2.4542
2024-03-28 10:50:00,2.4481
2024-03-28 11:00:00,2.4697
2024-03-28 11:10:00,2.5443
2024-03-28 11:20:00,2.4794
2024-03-28 11:30:00,2.9063
2024-03-28 11:40:00,3.0114
2024-03-28 11:50:00,3.0292
2024-03-28 12:00:00,2.7342
2024-03-28 12:10:00,2.8289
2024-03-28 12:20:00,2.9587
2024-03-28 12:30:00,3.0174
2024-03-28 12:40:00,2.7365
2024-03-28 12:50:00,2.7328
2024-03-28 13:00:00,2.3842
2024-03-28 13:10:00,2.3591
2024-03-28 13:20:00,2.153
2024-03-28 13:30:00,2.1373
2024-03-28 13:40:00,1.8029
2024-03-28 13:50:00,1.867
2024-03-28 14:00:00,1.5185
2024-03-28 14:10:00,1.3027
2024-03-28 14:20:00,1.1791
2024-03-28 14:30:00,1.1079
2024-03-28 14:40:00,1.1103
2024-03-28 14:50:00,0.9319
2024-03-28 15:00:00,0.8475
2024-03-28 15:10:00,0.9726
2024-03-28 15:20:00,0.5342
2024-03-28 15:30:00,0.8016
2024-03-28 15:40:00,0.7178
2024-03-28 15:50:00,0.7882
2024-03-28 16:00:00,0.9396
2024-03-28 16:10:00,0.9502
2024-03-28 16:20:00,1.0104
2024-03-28 16:30:00,1.2396
2024-03-28 16:40:00,1.2084
2024-03-28 16:50:00,1.4845
2024-03-28 17:00:00,1.4699
2024-03-28 17:10:00,1.393
2024-03-28 17:20:00,1.7656
2024-03-28 17:30:00,1.6697
2024-03-28 17:40:00,1.8819
2024-03-28 17:50:00,1.701
2024-03-28 18:00:00,1.7658
2024-03-28 18:10:00,1.7701
2024-03-28 18:20:00,1.6763
2024-03-28 18:30:00,1.7664
2024-03-28 18:40:00,1.7613
2024-03-28 18:50:00,1.254
2024-03-28 19:00:00,1.4708
2024-03-28 19:10:00,1.201
2024-03-28 19:20:00,0.9314
2024-03-28 19:30:00,1.1455
2024-03-28 19:40:00,1.0546
2024-03-28 19:50:00,0.9877
2024-03-28 20:00:00,0.8832
2024-03-28 20:10:00,0.8702
2024-03-28 20:20:00,0.669
2024-03-28 20:30:00,0.7119
2024-03-28 20:40:00,0.7203
2024-03-28 20:50:00,0.7584
2024-03-28 21:00:00,0.6065
2024-03-28 21:10:00,0.5651
2024-03-28 21:20:00,0.5695
2024-03-28 21:30:00,0.4474
2024-03-28 21:40:00,0.638
2024-03-28 21:50:00,0.4114
2024-03-28 22:00:00,0.5936
2024-03-28 22:10:00,0.5612
2024-03-28 22:20:00,0.3966
2024-03-28 22:30:00,0.4016
2024-03-28 22:40:00,0.4652
2024-03-28 22:50:00,0.5159
2024-03-28 23:00:00,0.6982
2024-03-28 23:10:00,0.539
2024-03-28 23:20:00,0.6046
2024-03-28 23:30:00,0.6766
2024-03-28 23:40:00,0.6573
2024-03-28 23:50:00,0.5492
2024-03-29 00:00:00,0.4199
2024-03-29 00:10:00,0.5259
2024-03-29 00:20:00,0.3908
2024-03-29 00:30:00,0.6217
2024-03-29 00:40:00,0.5055
2024-03-29 00:50:00,0.4158
2024-03-29 01:00:00,0.4204
2024-03-29 01:10:00,0.3593
2024-03-29 01:20:00,0.2758
2024-03-29 01:30:00,0.333
2024-03-29 01:40:00,0.2293
2024-03-29 01:50:00,0.4185
2024-03-29 02:00:00,0.1284
2024-03-29 02:10:00,0.2238
2024-03-29 02:20:00,0.0867
2024-03-29 02:30:00,0.0857
2024-03-29 02:40:00,0.05
2024-03-29 02:50:00,0.2061
2024-03-29 03:00:00,0.1117
2024-03-29 03:10:00,0.2733
2024-03-29 03:20:00,0.2063
2024-03-29 03:30:00,0.1798
2024-03-29 03:40:00,0.05
2024-03-29 03:50:00,0.2314
2024-03-29 04:00:00,0.1314
2024-03-29 04:10:00,0.0815
2024-03-29 04:20:00,0.2966
2024-03-29 04:30:00,0.1573
2024-03-29 04:40:00,0.1035
2024-03-29 04:50:00,0.4712
2024-03-29 05:00:00,0.3131
2024-03-29 05:10:00,0.2206
2024-03-29 05:20:00,0.3226
2024-03-29 05:30:00,0.3684
2024-03-29 05:40:00,0.5741
2024-03-29 05:50:00,0.3103
2024-03-29 06:00:00,0.3573
2024-03-29 06:10:00,0.6019
2024-03-29 06:20:00,0.4697
2024-03-29 06:30:00,0.5468
2024-03-29 06:40:00,0.483
2024-03-29 06:50:00,0.7416
2024-03-29 07:00:00,0.4178
2024-03-29 07:10:00,0.5824
2024-03-29 07:20:00,0.7126
2024-03-29 07:30:00,0.5345
2024-03-29 07:40:00,0.5084
2024-03-29 07:50:00,0.6753
2024-03-29 08:00:00,0.7178
2024-03-29 08:10:00,0.5612
2024-03-29 08:20:00,0.8174
2024-03-29 08:30:00,0.7136
2024-03-29 08:40:00,0.8053
2024-03-29 08:50:00,0.9592
2024-03-29 09:00:00,0.9542
2024-03-29 09:10:00,0.9563
2024-03-29 09:20:00,0.981
2024-03-29 09:30:00,1.4242
2024-03-29 09:40:00,1.1927
2024-03-29 09:50:00,1.4343
2024-03-29 10:00:00,1.5958
2024-03-29 10:10:00,1.7523
2024-03-29 10:20:00,2.068
2024-03-29 10:30:00,2.0224
2024-03-29 10:40:00,2.1705
2024-03-29 10:50:00,2.4934
2024-03-29 11:00:00,2.474
2024-03-29 11:10:00,2.7114
2024-03-29 11:20:00,2.7617
2024-03-29 11:30:00,2.9311
2024-03-29 11:40:00,2.9833
2024-03-29 11:50:00,2.9146
2024-03-29 12:00:00,2.7854
2024-03-29 12:10:00,2.7875
2024-03-29 12:20:00,2.7268
2024-03-29 12:30:00,2.8299
2024-03-29 12:40:00,2.507
2024-03-29 12:50:00,2.6079
2024-03-29 13:00:00,2.5012
2024-03-29 13:10:00,2.4242
2024-03-29 13:20:00,2.2311
2024-03-29 13:30:00,2.1089
2024-03-29 13:40:00,1.8984
2024-03-29 13:50:00,1.6671
2024-03-29 14:00:00,1.5388
2024-03-29 14:10:00,1.3246
2024-03-29 14:20:00,1.3056
2024-03-29 14:30:00,1.0118
2024-03-29 14:40:00,1.1799
2024-03-29 14:50:00,0.8973
2024-03-29 15:00:00,0.945
2024-03-29 15:10:00,0.9159
2024-03-29 15:20:00,0.9717
2024-03-29 15:30:00,0.6765
2024-03-29 15:40:00,0.8188
2024-03-29 15:50:00,0.9301
2024-03-29 16:00:00,1.0904
2024-03-29 16:10:00,0.9669
2024-03-29 16:20:00,0.9806
2024-03-29 16:30:00,1.3234
2024-03-29 16:40:00,1.2901
2024-03-29 16:50:00,1.4413
2024-03-29 17:00:00,1.2778
2024-03-29 17:10:00,1.5419
2024-03-29 17:20:00,1.464
2024-03-29 17:30:00,1.5115
2024-03-29 17:40:00,1.753
2024-03-29 17:50:00,1.7929
2024-03-29 18:00:00,1.6905
2024-03-29 18:10:00,1.8702
2024-03-29 18:20:00,1.6563
2024-03-29 18:30:00,1.6123
2024-03-29 18:40:00,1.5645
2024-03-29 18:50:00,1.4591
2024-03-29 19:00:00,1.5172
2024-03-29 19:10:00,1.1863
2024-03-29 19:20:00,1.1153
2024-03-29 19:30:00,0.9747
2024-03-29 19:40:00,1.1911
2024-03-29 19:50:00,0.8873
2024-03-29 20:00:00,0.7693
2024-03-29 20:10:00,0.754
2024-03-29 20:20:00,0.8143
2024-03-29 20:30:00,0.752
2024-03-29 20:40:00,0.593
2024-03-29 20:50:00,0.5832
2024-03-29 21:00:00,0.4566
2024-03-29 21:10:00,0.6004
2024-03-29 21:20:00,0.7033
2024-03-29 21:30:00,0.5087
2024-03-29 21:40:00,0.6247
2024-03-29 21:50:00,0.499
2024-03-29 22:00:00,0.445
2024-03-29 22:10:00,0.6209
2024-03-29 22:20:00,0.7865
2024-03-29 22:30:00,0.6054
2024-03-29 22:40:00,0.5092
2024-03-29 22:50:00,0.5154
2024-03-29 23:00:00,0.7411
2024-03-29 23:10:00,0.5808
2024-03-29 23:20:00,0.4734
2024-03-29 23:30:00,0.5438
2024-03-29 23:40:00,0.5715
2024-03-29 23:50:00,0.5969
2024-03-30 00:00:00,0.6907
2024-03-30 00:10:00,0.6513
2024-03-30 00:20:00,0.5251
2024-03-30 00:30:00,0.4802
2024-03-30 00:40:00,0.5002
2024-03-30 00:50:00,0.3736
2024-03-30 01:00:00,0.504
2024-03-30 01:10:00,0.3553
2024-03-30 01:20:00,0.393
2024-03-30 01:30:00,0.4828
2024-03-30 01:40:00,0.3342
2024-03-30 01:50:00,0.2704
2024-03-30 02:00:00,0.1657
2024-03-30 02:10:00,0.1824
2024-03-30 02:20:00,0.0679
2024-03-30 02:30:00,0.2348
2024-03-30 02:40:00,0.05
2024-03-30 02:50:00,0.2783
2024-03-30 03:00:00,0.2547
2024-03-30 03:10:00,0.1913
2024-03-30 03:20:00,0.1282
2024-03-30 03:30:00,0.1799
2024-03-30 03:40:00,0.05
2024-03-30 03:50:00,0.2726
2024-03-30 04:00:00,0.2011
2024-03-30 04:10:00,0.3988
2024-03-30 04:20:00,0.3182
2024-03-30 04:30:00,0.3346
2024-03-30 04:40:00,0.384
2024-03-30 04:50:00,0.2781
2024-03-30 05:00:00,0.361
2024-03-30 05:10:00,0.4478
2024-03-30 05:20:00,0.4305
2024-03-30 05:30:00,0.4269
2024-03-30 05:40:00,0.4774
2024-03-30 05:50:00,0.5287
2024-03-30 06:00:00,0.7723
2024-03-30 06:10:00,0.5217
2024-03-30 06:20:00,0.4984
2024-03-30 06:30:00,0.5611
2024-03-30 06:40:00,0.7355
2024-03-30 06:50:00,0.7509
2024-03-30 07:00:00,0.7964
2024-03-30 07:10:00,0.6157
2024-03-30 07:20:00,0.6827
2024-03-30 07:30:00,0.5242
2024-03-30 07:40:00,0.6068
2024-03-30 07:50:00,0.547
2024-03-30 08:00:00,0.7265
2024-03-30 08:10:00,0.7092
2024-03-30 08:20:00,0.7609
2024-03-30 08:30:00,0.6947
2024-03-30 08:40:00,0.915
2024-03-30 08:50:00,0.6507
2024-03-30 09:00:00,0.9399
2024-03-30 09:10:00,1.0414
2024-03-30 09:20:00,0.9509
2024-03-30 09:30:00,1.3071
2024-03-30 09:40:00,1.3815
2024-03-30 09:50:00,1.5989
2024-03-30 10:00:00,1.8993
2024-03-30 10:10:00,1.8987
2024-03-30 10:20:00,2.1381
2024-03-30 10:30:00,2.3576
2024-03-30 10:40:00,2.4474
2024-03-30 10:50:00,2.4856
2024-03-30 11:00:00,2.5725
2024-03-30 11:10:00,2.9237
2024-03-30 11:20:00,2.9766
2024-03-30 11:30:00,3.2514
2024-03-30 11:40:00,3.1545
2024-03-30 11:50:00,3.2491
2024-03-30 12:00:00,3.151
2024-03-30 12:10:00,3.2162
2024-03-30 12:20:00,3.1077
2024-03-30 12:30:00,3.038
2024-03-30 12:40:00,3.0114
2024-03-30 12:50:00,2.8257
2024-03-30 13:00:00,2.9997
2024-03-30 13:10:00,2.6561
2024-03-30 13:20:00,2.5073
2024-03-30 13:30:00,2.2096
2024-03-30 13:40:00,2.0534
2024-03-30 13:50:00,1.8265
2024-03-30 14:00:00,1.9668
2024-03-30 14:10:00,1.5399
2024-03-30 14:20:00,1.3508
2024-03-30 14:30:00,1.2119
2024-03-30 14:40:00,1.2143
2024-03-30 14:50:00,1.2344
2024-03-30 15:00:00,1.1314
2024-03-30 15:10:00,0.8965
2024-03-30 15:20:00,0.8629
2024-03-30 15:30:00,1.0538
2024-03-30 15:40:00,1.1466
2024-03-30 15:50:00,0.9482
2024-03-30 16:00:00,1.1275
2024-03-30 16:10:00,0.9213
2024-03-30 16:20:00,1.0598
2024-03-30 16:30:00,1.1319
2024-03-30 16:40:00,1.3722
2024-03-30 16:50:00,1.4165
2024-03-30 17:00:00,1.5625
2024-03-30 17:10:00,1.7607
2024-03-30 17:20:00,1.6644
2024-03-30 17:30:00,1.8157
2024-03-30 17:40:00,1.7306
2024-03-30 17:50:00,2.017
2024-03-30 18:00:00,2.0223
2024-03-30 18:10:00,1.936
2024-03-30 18:20:00,1.8747
2024-03-30 18:30:00,1.7524
2024-03-30 18:40:00,1.5855
2024-03-30 18:50:00,1.6624
2024-03-30 19:00:00,1.6041
2024-03-30 19:10:00,1.6216
2024-03-30 19:20:00,1.2705
2024-03-30 19:30:00,1.2303
2024-03-30 19:40:00,1.2145
2024-03-30 19:50:00,1.1262
2024-03-30 20:00:00,0.8686
2024-03-30 20:10:00,0.8331
2024-03-30 20:20:00,0.7498
2024-03-30 20:30:00,0.664
2024-03-30 20:40:00,0.8628
2024-03-30 20:50:00,0.6917
2024-03-30 21:00:00,0.655
2024-03-30 21:10:00,0.6699
2024-03-30 21:20:00,0.6379
2024-03-30 21:30:00,0.6015
2024-03-30 21:40:00,0.5411
2024-03-30 21:50:00,0.7695
2024-03-30 22:00:00,0.553
2024-03-30 22:10:00,0.5151
2024-03-30 22:20:00,0.5989
2024-03-30 22:30:00,0.8219
2024-03-30 22:40:00,0.5235
2024-03-30 22:50:00,0.6763
2024-03-30 23:00:00,0.5806
2024-03-30 23:10:00,0.6296
2024-03-30 23:20:00,0.6973
2024-03-30 23:30:00,0.4331
2024-03-30 23:40:00,0.5154
2024-03-30 23:50:00,0.6958
