timestamp,consumption_kwh
2024-01-01 00:00:00,0.5834
2024-01-01 00:10:00,0.5681
2024-01-01 00:20:00,0.2608
2024-01-01 00:30:00,0.63
2024-01-01 00:40:00,0.159
2024-01-01 00:50:00,0.2697
2024-01-01 01:00:00,0.42
2024-01-01 01:10:00,0.2038
2024-01-01 01:20:00,0.3544
2024-01-01 01:30:00,0.3335
2024-01-01 01:40:00,0.2518
2024-01-01 01:50:00,0.3877
2024-01-01 02:00:00,0.2126
2024-01-01 02:10:00,0.2669
2024-01-01 02:20:00,0.3914
2024-01-01 02:30:00,0.3277
2024-01-01 02:40:00,0.3193
2024-01-01 02:50:00,0.05
2024-01-01 03:00:00,0.2737
2024-01-01 03:10:00,0.0648
2024-01-01 03:20:00,0.05
2024-01-01 03:30:00,0.1983
2024-01-01 03:40:00,0.0838
2024-01-01 03:50:00,0.3508
2024-01-01 04:00:00,0.369
2024-01-01 04:10:00,0.05
2024-01-01 04:20:00,0.1556
2024-01-01 04:30:00,0.0784
2024-01-01 04:40:00,0.2454
2024-01-01 04:50:00,0.4001
2024-01-01 05:00:00,0.3118
2024-01-01 05:10:00,0.275
2024-01-01 05:20:00,0.5725
2024-01-01 05:30:00,0.05
2024-01-01 05:40:00,0.587
2024-01-01 05:50:00,0.3297
2024-01-01 06:00:00,0.4081
2024-01-01 06:10:00,0.3479
2024-01-01 06:20:00,0.6645
2024-01-01 06:30:00,0.2533
2024-01-01 06:40:00,0.4437
2024-01-01 06:50:00,0.5242
2024-01-01 07:00:00,0.206
2024-01-01 07:10:00,0.3116
2024-01-01 07:20:00,0.4288
2024-01-01 07:30:00,0.3191
2024-01-01 07:40:00,0.3306
2024-01-01 07:50:00,0.4011
2024-01-01 08:00:00,0.5515
2024-01-01 08:10:00,0.4029
2024-01-01 08:20:00,0.6163
2024-01-01 08:30:00,0.3051
2024-01-01 08:40:00,0.267
2024-01-01 08:50:00,0.7439
2024-01-01 09:00:00,0.3563
2024-01-01 09:10:00,0.2583
2024-01-01 09:20:00,0.1937
2024-01-01 09:30:00,0.6163
2024-01-01 09:40:00,0.4038
2024-01-01 09:50:00,0.417
2024-01-01 10:00:00,0.4312
2024-01-01 10:10:00,0.607
2024-01-01 10:20:00,0.4281
2024-01-01 10:30:00,0.8066
2024-01-01 10:40:00,0.4751
2024-01-01 10:50:00,0.6143
2024-01-01 11:00:00,0.5758
2024-01-01 11:10:00,0.4496
2024-01-01 11:20:00,0.367
2024-01-01 11:30:00,0.5048
2024-01-01 11:40:00,0.5316
2024-01-01 11:50:00,0.3691
2024-01-01 12:00:00,0.48
2024-01-01 12:10:00,0.6405
2024-01-01 12:20:00,0.7655
2024-01-01 12:30:00,0.5832
2024-01-01 12:40:00,0.7345
2024-01-01 12:50:00,0.3607
2024-01-01 13:00:00,0.5604
2024-01-01 13:10:00,0.6559
2024-01-01 13:20:00,0.3207
2024-01-01 13:30:00,0.3824
2024-01-01 13:40:00,0.716
2024-01-01 13:50:00,0.3093
2024-01-01 14:00:00,0.2546
2024-01-01 14:10:00,0.6854
2024-01-01 14:20:00,0.6364
2024-01-01 14:30:00,0.5226
2024-01-01 14:40:00,0.4523
2024-01-01 14:50:00,0.3953
2024-01-01 15:00:00,0.5061
2024-01-01 15:10:00,0.7047
2024-01-01 15:20:00,0.5088
2024-01-01 15:30:00,0.8054
2024-01-01 15:40:00,0.3555
2024-01-01 15:50:00,0.5002
2024-01-01 16:00:00,0.4643
2024-01-01 16:10:00,0.3795
2024-01-01 16:20:00,0.5474
2024-01-01 16:30:00,0.6682
2024-01-01 16:40:00,0.728
2024-01-01 16:50:00,1.0285
2024-01-01 17:00:00,0.8371
2024-01-01 17:10:00,1.0168
2024-01-01 17:20:00,0.9445
2024-01-01 17:30:00,1.2907
2024-01-01 17:40:00,1.518
2024-01-01 17:50:00,1.3723
2024-01-01 18:00:00,1.2929
2024-01-01 18:10:00,1.5228
2024-01-01 18:20:00,1.8236
2024-01-01 18:30:00,2.0371
2024-01-01 18:40:00,2.2691
2024-01-01 18:50:00,2.4347
2024-01-01 19:00:00,2.5697
2024-01-01 19:10:00,2.6737
2024-01-01 19:20:00,3.0224
2024-01-01 19:30:00,3.4212
2024-01-01 19:40:00,3.4589
2024-01-01 19:50:00,3.5258
2024-01-01 20:00:00,3.7115
2024-01-01 20:10:00,3.5799
2024-01-01 20:20:00,3.6013
2024-01-01 20:30:00,3.5679
2024-01-01 20:40:00,3.6233
2024-01-01 20:50:00,3.5004
2024-01-01 21:00:00,3.6282
2024-01-01 21:10:00,3.2239
2024-01-01 21:20:00,2.9931
2024-01-01 21:30:00,3.1992
2024-01-01 21:40:00,2.6173
2024-01-01 21:50:00,2.4755
2024-01-01 22:00:00,2.2849
2024-01-01 22:10:00,1.8155
2024-01-01 22:20:00,1.9501
2024-01-01 22:30:00,1.6536
2024-01-01 22:40:00,1.6033
2024-01-01 22:50:00,1.0996
2024-01-01 23:00:00,1.0696
2024-01-01 23:10:00,0.9352
2024-01-01 23:20:00,0.8639
2024-01-01 23:30:00,0.52
2024-01-01 23:40:00,0.6854
2024-01-01 23:50:00,0.4
2024-01-02 00:00:00,0.4737
2024-01-02 00:10:00,0.0922
2024-01-02 00:20:00,0.1238
2024-01-02 00:30:00,0.5131
2024-01-02 00:40:00,0.2956
2024-01-02 00:50:00,0.2153
2024-01-02 01:00:00,0.5388
2024-01-02 01:10:00,0.3811
2024-01-02 01:20:00,0.4457
2024-01-02 01:30:00,0.2725
2024-01-02 01:40:00,0.6819
2024-01-02 01:50:00,0.1723
2024-01-02 02:00:00,0.5086
2024-01-02 02:10:00,0.223
2024-01-02 02:20:00,0.05
2024-01-02 02:30:00,0.2815
2024-01-02 02:40:00,0.2486
2024-01-02 02:50:00,0.05
2024-01-02 03:00:00,0.0567
2024-01-02 03:10:00,0.193
2024-01-02 03:20:00,0.2539
2024-01-02 03:30:00,0.05
2024-01-02 03:40:00,0.3775
2024-01-02 03:50:00,0.1581
2024-01-02 04:00:00,0.05
2024-01-02 04:10:00,0.4041
2024-01-02 04:20:00,0.2764
2024-01-02 04:30:00,0.4798
2024-01-02 04:40:00,0.3805
2024-01-02 04:50:00,0.3317
2024-01-02 05:00:00,0.3253
2024-01-02 05:10:00,0.4359
2024-01-02 05:20:00,0.3155
2024-01-02 05:30:00,0.2624
2024-01-02 05:40:00,0.4931
2024-01-02 05:50:00,0.3898
2024-01-02 06:00:00,0.425
2024-01-02 06:10:00,0.5905
2024-01-02 06:20:00,0.416
2024-01-02 06:30:00,0.4403
2024-01-02 06:40:00,0.3521
2024-01-02 06:50:00,0.5098
2024-01-02 07:00:00,0.5002
2024-01-02 07:10:00,0.5848
2024-01-02 07:20:00,0.3643
2024-01-02 07:30:00,0.3836
2024-01-02 07:40:00,0.5719
2024-01-02 07:50:00,0.4915
2024-01-02 08:00:00,0.3182
2024-01-02 08:10:00,0.6504
2024-01-02 08:20:00,0.1999
2024-01-02 08:30:00,0.5725
2024-01-02 08:40:00,0.2652
2024-01-02 08:50:00,0.7379
2024-01-02 09:00:00,0.2234
2024-01-02 09:10:00,0.6279
2024-01-02 09:20:00,0.4429
2024-01-02 09:30:00,0.4001
2024-01-02 09:40:00,0.4829
2024-01-02 09:50:00,0.5499
2024-01-02 10:00:00,0.3195
2024-01-02 10:10:00,0.3328
2024-01-02 10:20:00,0.5526
2024-01-02 10:30:00,0.199
2024-01-02 10:40:00,0.3675
2024-01-02 10:50:00,0.9112
2024-01-02 11:00:00,0.3099
2024-01-02 11:10:00,0.6273
2024-01-02 11:20:00,0.3673
2024-01-02 11:30:00,0.5315
2024-01-02 11:40:00,0.5533
2024-01-02 11:50:00,0.6245
2024-01-02 12:00:00,0.4251
2024-01-02 12:10:00,0.7535
2024-01-02 12:20:00,0.3667
2024-01-02 12:30:00,0.4903
2024-01-02 12:40:00,0.492
2024-01-02 12:50:00,0.2869
2024-01-02 13:00:00,0.4123
2024-01-02 13:10:00,0.4794
2024-01-02 13:20:00,0.3904
2024-01-02 13:30:00,0.8215
2024-01-02 13:40:00,0.3297
2024-01-02 13:50:00,0.6325
2024-01-02 14:00:00,0.5844
2024-01-02 14:10:00,0.4542
2024-01-02 14:20:00,0.3272
2024-01-02 14:30:00,0.3426
2024-01-02 14:40:00,0.3815
2024-01-02 14:50:00,0.1933
2024-01-02 15:00:00,0.3134
2024-01-02 15:10:00,0.2454
2024-01-02 15:20:00,0.675
2024-01-02 15:30:00,0.5732
2024-01-02 15:40:00,0.6082
2024-01-02 15:50:00,0.5916
2024-01-02 16:00:00,0.5454
2024-01-02 16:10:00,0.7615
2024-01-02 16:20:00,0.4788
2024-01-02 16:30:00,0.6218
2024-01-02 16:40:00,0.7616
2024-01-02 16:50:00,0.5049
2024-01-02 17:00:00,1.2321
2024-01-02 17:10:00,0.8488
2024-01-02 17:20:00,0.9561
2024-01-02 17:30:00,1.2278
2024-01-02 17:40:00,1.2958
2024-01-02 17:50:00,1.2986
2024-01-02 18:00:00,1.4617
2024-01-02 18:10:00,1.3799
2024-01-02 18:20:00,1.6983
2024-01-02 18:30:00,2.0466
2024-01-02 18:40:00,2.2315
2024-01-02 18:50:00,2.5494
2024-01-02 19:00:00,2.5512
2024-01-02 19:10:00,2.5617
2024-01-02 19:20:00,3.1215
2024-01-02 19:30:00,3.3591
2024-01-02 19:40:00,3.4414
2024-01-02 19:50:00,3.4219
2024-01-02 20:00:00,3.7146
2024-01-02 20:10:00,4.1508
2024-01-02 20:20:00,3.6956
2024-01-02 20:30:00,3.4842
2024-01-02 20:40:00,3.555
2024-01-02 20:50:00,3.6584
2024-01-02 21:00:00,3.2071
2024-01-02 21:10:00,3.3214
2024-01-02 21:20:00,3.1713
2024-01-02 21:30:00,3.1388
2024-01-02 21:40:00,2.8822
2024-01-02 21:50:00,2.5827
2024-01-02 22:00:00,1.8934
2024-01-02 22:10:00,2.1247
2024-01-02 22:20:00,1.871
2024-01-02 22:30:00,1.5968
2024-01-02 22:40:00,1.1104
2024-01-02 22:50:00,1.0852
2024-01-02 23:00:00,0.8799
2024-01-02 23:10:00,0.6273
2024-01-02 23:20:00,0.8241
2024-01-02 23:30:00,0.6187
2024-01-02 23:40:00,1.0627
2024-01-02 23:50:00,0.5888
2024-01-03 00:00:00,0.6142
2024-01-03 00:10:00,0.1763
2024-01-03 00:20:00,0.3222
2024-01-03 00:30:00,0.405
2024-01-03 00:40:00,0.2415
2024-01-03 00:50:00,0.3003
2024-01-03 01:00:00,0.3157
2024-01-03 01:10:00,0.297
2024-01-03 01:20:00,0.5932
2024-01-03 01:30:00,0.3542
2024-01-03 01:40:00,0.352
2024-01-03 01:50:00,0.344
2024-01-03 02:00:00,0.3389
2024-01-03 02:10:00,0.2199
2024-01-03 02:20:00,0.1715
2024-01-03 02:30:00,0.2342
2024-01-03 02:40:00,0.375
2024-01-03 02:50:00,0.3657
2024-01-03 03:00:00,0.1591
2024-01-03 03:10:00,0.3119
2024-01-03 03:20:00,0.1723
2024-01-03 03:30:00,0.2143
2024-01-03 03:40:00,0.1486
2024-01-03 03:50:00,0.2051
2024-01-03 04:00:00,0.4482
2024-01-03 04:10:00,0.2769
2024-01-03 04:20:00,0.3003
2024-01-03 04:30:00,0.0804
2024-01-03 04:40:00,0.2686
2024-01-03 04:50:00,0.2958
2024-01-03 05:00:00,0.224
2024-01-03 05:10:00,0.3669
2024-01-03 05:20:00,0.3134
2024-01-03 05:30:00,0.4024
2024-01-03 05:40:00,0.42
2024-01-03 05:50:00,0.2683
2024-01-03 06:00:00,0.3603
2024-01-03 06:10:00,0.4389
2024-01-03 06:20:00,0.6109
2024-01-03 06:30:00,0.4767
2024-01-03 06:40:00,0.3429
2024-01-03 06:50:00,0.5052
2024-01-03 07:00:00,0.704
2024-01-03 07:10:00,0.5873
2024-01-03 07:20:00,0.5334
2024-01-03 07:30:00,0.5613
2024-01-03 07:40:00,0.6693
2024-01-03 07:50:00,0.6152
2024-01-03 08:00:00,0.5393
2024-01-03 08:10:00,0.6149
2024-01-03 08:20:00,0.2926
2024-01-03 08:30:00,0.2297
2024-01-03 08:40:00,0.4787
2024-01-03 08:50:00,0.4655
2024-01-03 09:00:00,0.3737
2024-01-03 09:10:00,0.5791
2024-01-03 09:20:00,0.1759
2024-01-03 09:30:00,0.3751
2024-01-03 09:40:00,0.3826
2024-01-03 09:50:00,0.2099
2024-01-03 10:00:00,0.6795
2024-01-03 10:10:00,0.2514
2024-01-03 10:20:00,0.3671
2024-01-03 10:30:00,0.5915
2024-01-03 10:40:00,0.5522
2024-01-03 10:50:00,0.2891
2024-01-03 11:00:00,0.5577
2024-01-03 11:10:00,0.4988
2024-01-03 11:20:00,0.8053
2024-01-03 11:30:00,0.5159
2024-01-03 11:40:00,0.4341
2024-01-03 11:50:00,0.3269
2024-01-03 12:00:00,0.3437
2024-01-03 12:10:00,0.3315
2024-01-03 12:20:00,0.661
2024-01-03 12:30:00,0.458
2024-01-03 12:40:00,0.5401
2024-01-03 12:50:00,0.6825
2024-01-03 13:00:00,0.1016
2024-01-03 13:10:00,0.6472
2024-01-03 13:20:00,0.4638
2024-01-03 13:30:00,0.5208
2024-01-03 13:40:00,0.3314
2024-01-03 13:50:00,0.3425
2024-01-03 14:00:00,0.5294
2024-01-03 14:10:00,0.8142
2024-01-03 14:20:00,0.6076
2024-01-03 14:30:00,0.6479
2024-01-03 14:40:00,0.4306
2024-01-03 14:50:00,0.3713
2024-01-03 15:00:00,0.347
2024-01-03 15:10:00,0.3948
2024-01-03 15:20:00,0.1654
2024-01-03 15:30:00,0.3719
2024-01-03 15:40:00,0.4064
2024-01-03 15:50:00,0.4772
2024-01-03 16:00:00,0.5403
2024-01-03 16:10:00,0.597
2024-01-03 16:20:00,0.5685
2024-01-03 16:30:00,0.5188
2024-01-03 16:40:00,0.3553
2024-01-03 16:50:00,0.617
2024-01-03 17:00:00,0.6221
2024-01-03 17:10:00,0.9148
2024-01-03 17:20:00,1.0715
2024-01-03 17:30:00,1.1804
2024-01-03 17:40:00,1.2726
2024-01-03 17:50:00,1.2734
2024-01-03 18:00:00,1.3644
2024-01-03 18:10:00,1.4941
2024-01-03 18:20:00,1.5564
2024-01-03 18:30:00,2.1186
2024-01-03 18:40:00,2.1396
2024-01-03 18:50:00,2.1802
2024-01-03 19:00:00,2.4463
2024-01-03 19:10:00,2.6408
2024-01-03 19:20:00,2.9706
2024-01-03 19:30:00,3.3051
2024-01-03 19:40:00,3.2558
2024-01-03 19:50:00,3.1099
2024-01-03 20:00:00,3.531
2024-01-03 20:10:00,3.6145
2024-01-03 20:20:00,3.6461
2024-01-03 20:30:00,3.5883
2024-01-03 20:40:00,3.677
2024-01-03 20:50:00,3.5759
2024-01-03 21:00:00,3.4454
2024-01-03 21:10:00,3.3592
2024-01-03 21:20:00,3.051
2024-01-03 21:30:00,2.8367
2024-01-03 21:40:00,2.8938
2024-01-03 21:50:00,2.5379
2024-01-03 22:00:00,2.3427
2024-01-03 22:10:00,2.1712
2024-01-03 22:20:00,1.8447
2024-01-03 22:30:00,1.6983
2024-01-03 22:40:00,1.1335
2024-01-03 22:50:00,1.2328
2024-01-03 23:00:00,1.028
2024-01-03 23:10:00,1.1816
2024-01-03 23:20:00,0.964
2024-01-03 23:30:00,0.6441
2024-01-03 23:40:00,0.7251
2024-01-03 23:50:00,0.6395
2024-01-04 00:00:00,0.4885
2024-01-04 00:10:00,0.259
2024-01-04 00:20:00,0.456
2024-01-04 00:30:00,0.3564
2024-01-04 00:40:00,0.4203
2024-01-04 00:50:00,0.2552
2024-01-04 01:00:00,0.2608
2024-01-04 01:10:00,0.5083
2024-01-04 01:20:00,0.1574
2024-01-04 01:30:00,0.151
2024-01-04 01:40:00,0.2725
2024-01-04 01:50:00,0.1474
2024-01-04 02:00:00,0.1144
2024-01-04 02:10:00,0.2482
2024-01-04 02:20:00,0.05
2024-01-04 02:30:00,0.0581
2024-01-04 02:40:00,0.5097
2024-01-04 02:50:00,0.2658
2024-01-04 03:00:00,0.0833
2024-01-04 03:10:00,0.2596
2024-01-04 03:20:00,0.2867
2024-01-04 03:30:00,0.3585
2024-01-04 03:40:00,0.2007
2024-01-04 03:50:00,0.379
2024-01-04 04:00:00,0.05
2024-01-04 04:10:00,0.1048
2024-01-04 04:20:00,0.3048
2024-01-04 04:30:00,0.3471
2024-01-04 04:40:00,0.1784
2024-01-04 04:50:00,0.3711
2024-01-04 05:00:00,0.255
2024-01-04 05:10:00,0.3223
2024-01-04 05:20:00,0.5317
2024-01-04 05:30:00,0.527
2024-01-04 05:40:00,0.2524
2024-01-04 05:50:00,0.2533
2024-01-04 06:00:00,0.3587
2024-01-04 06:10:00,0.4235
2024-01-04 06:20:00,0.3349
2024-01-04 06:30:00,0.5946
2024-01-04 06:40:00,0.4946
2024-01-04 06:50:00,0.5066
2024-01-04 07:00:00,0.2582
2024-01-04 07:10:00,0.6252
2024-01-04 07:20:00,0.05
2024-01-04 07:30:00,0.5778
2024-01-04 07:40:00,0.5937
2024-01-04 07:50:00,0.3893
2024-01-04 08:00:00,0.6455
2024-01-04 08:10:00,0.4454
2024-01-04 08:20:00,0.4645
2024-01-04 08:30:00,0.5062
2024-01-04 08:40:00,0.9334
2024-01-04 08:50:00,0.6571
2024-01-04 09:00:00,0.5607
2024-01-04 09:10:00,0.3186
2024-01-04 09:20:00,0.4771
2024-01-04 09:30:00,0.3336
2024-01-04 09:40:00,0.5789
2024-01-04 09:50:00,0.4766
2024-01-04 10:00:00,0.2869
2024-01-04 10:10:00,0.4677
2024-01-04 10:20:00,0.3282
2024-01-04 10:30:00,0.4783
2024-01-04 10:40:00,0.3267
2024-01-04 10:50:00,0.4597
2024-01-04 11:00:00,0.5682
2024-01-04 11:10:00,0.4476
2024-01-04 11:20:00,0.3969
2024-01-04 11:30:00,0.4861
2024-01-04 11:40:00,0.5602
2024-01-04 11:50:00,0.2895
2024-01-04 12:00:00,0.4947
2024-01-04 12:10:00,0.6532
2024-01-04 12:20:00,0.5416
2024-01-04 12:30:00,0.4643
2024-01-04 12:40:00,0.5516
2024-01-04 12:50:00,0.5235
2024-01-04 13:00:00,0.5687
2024-01-04 13:10:00,0.1521
2024-01-04 13:20:00,0.2227
2024-01-04 13:30:00,0.6065
2024-01-04 13:40:00,0.2301
2024-01-04 13:50:00,0.5163
2024-01-04 14:00:00,0.4035
2024-01-04 14:10:00,0.3073
2024-01-04 14:20:00,0.5098
2024-01-04 14:30:00,0.4885
2024-01-04 14:40:00,0.7762
2024-01-04 14:50:00,0.3679
2024-01-04 15:00:00,0.6804
2024-01-04 15:10:00,0.5211
2024-01-04 15:20:00,0.3745
2024-01-04 15:30:00,0.6008
2024-01-04 15:40:00,0.5756
2024-01-04 15:50:00,0.5092
2024-01-04 16:00:00,0.5608
2024-01-04 16:10:00,0.4534
2024-01-04 16:20:00,0.4471
2024-01-04 16:30:00,0.7203
2024-01-04 16:40:00,0.6166
2024-01-04 16:50:00,0.6917
2024-01-04 17:00:00,0.8104
2024-01-04 17:10:00,0.8851
2024-01-04 17:20:00,0.7213
2024-01-04 17:30:00,1.2332
2024-01-04 17:40:00,1.1778
2024-01-04 17:50:00,1.2638
2024-01-04 18:00:00,1.5082
2024-01-04 18:10:00,1.6425
2024-01-04 18:20:00,1.8985
2024-01-04 18:30:00,2.0516
2024-01-04 18:40:00,2.2746
2024-01-04 18:50:00,2.5711
2024-01-04 19:00:00,2.7042
2024-01-04 19:10:00,2.7483
2024-01-04 19:20:00,2.7974
2024-01-04 19:30:00,3.3969
2024-01-04 19:40:00,3.2742
2024-01-04 19:50:00,3.3788
2024-01-04 20:00:00,3.3008
2024-01-04 20:10:00,3.6907
2024-01-04 20:20:00,3.7042
2024-01-04 20:30:00,3.4572
2024-01-04 20:40:00,3.7144
2024-01-04 20:50:00,3.4933
2024-01-04 21:00:00,3.8546
2024-01-04 21:10:00,3.2138
2024-01-04 21:20:00,3.0519
2024-01-04 21:30:00,2.7801
2024-01-04 21:40:00,2.8799
2024-01-04 21:50:00,2.3995
2024-01-04 22:00:00,2.1112
2024-01-04 22:10:00,2.0945
2024-01-04 22:20:00,1.5598
2024-01-04 22:30:00,1.6537
2024-01-04 22:40:00,1.6384
2024-01-04 22:50:00,1.2879
2024-01-04 23:00:00,1.1517
2024-01-04 23:10:00,1.0609
2024-01-04 23:20:00,1.0818
2024-01-04 23:30:00,0.9205
2024-01-04 23:40:00,0.7355
2024-01-04 23:50:00,0.7503
2024-01-05 00:00:00,0.2878
2024-01-05 00:10:00,0.5286
2024-01-05 00:20:00,0.2514
2024-01-05 00:30:00,0.3359
2024-01-05 00:40:00,0.05
2024-01-05 00:50:00,0.4243
2024-01-05 01:00:00,0.2522
2024-01-05 01:10:00,0.4991
2024-01-05 01:20:00,0.3739
2024-01-05 01:30:00,0.4665
2024-01-05 01:40:00,0.1179
2024-01-05 01:50:00,0.4191
2024-01-05 02:00:00,0.5632
2024-01-05 02:10:00,0.3473
2024-01-05 02:20:00,0.3384
2024-01-05 02:30:00,0.2349
2024-01-05 02:40:00,0.123
2024-01-05 02:50:00,0.3112
2024-01-05 03:00:00,0.05
2024-01-05 03:10:00,0.1343
2024-01-05 03:20:00,0.05
2024-01-05 03:30:00,0.1039
2024-01-05 03:40:00,0.3162
2024-01-05 03:50:00,0.3085
2024-01-05 04:00:00,0.2549
2024-01-05 04:10:00,0.2889
2024-01-05 04:20:00,0.05
2024-01-05 04:30:00,0.242
2024-01-05 04:40:00,0.2132
2024-01-05 04:50:00,0.2336
2024-01-05 05:00:00,0.4387
2024-01-05 05:10:00,0.235
2024-01-05 05:20:00,0.2875
2024-01-05 05:30:00,0.0779
2024-01-05 05:40:00,0.3581
2024-01-05 05:50:00,0.249
2024-01-05 06:00:00,0.4325
2024-01-05 06:10:00,0.2852
2024-01-05 06:20:00,0.4495
2024-01-05 06:30:00,0.4171
2024-01-05 06:40:00,0.6936
2024-01-05 06:50:00,0.5205
2024-01-05 07:00:00,0.1725
2024-01-05 07:10:00,0.2607
2024-01-05 07:20:00,0.4602
2024-01-05 07:30:00,0.3135
2024-01-05 07:40:00,0.05
2024-01-05 07:50:00,0.6569
2024-01-05 08:00:00,0.5629
2024-01-05 08:10:00,0.5334
2024-01-05 08:20:00,0.3643
2024-01-05 08:30:00,0.5197
2024-01-05 08:40:00,0.35
2024-01-05 08:50:00,0.4865
2024-01-05 09:00:00,0.3177
2024-01-05 09:10:00,0.6833
2024-01-05 09:20:00,0.2203
2024-01-05 09:30:00,0.6407
2024-01-05 09:40:00,0.4617
2024-01-05 09:50:00,0.3825
2024-01-05 10:00:00,0.481
2024-01-05 10:10:00,0.5659
2024-01-05 10:20:00,0.6609
2024-01-05 10:30:00,0.5029
2024-01-05 10:40:00,0.3223
2024-01-05 10:50:00,0.4643
2024-01-05 11:00:00,0.7284
2024-01-05 11:10:00,0.6581
2024-01-05 11:20:00,0.5922
2024-01-05 11:30:00,0.5753
2024-01-05 11:40:00,0.5608
2024-01-05 11:50:00,0.6297
2024-01-05 12:00:00,0.3874
2024-01-05 12:10:00,0.2526
2024-01-05 12:20:00,0.4663
2024-01-05 12:30:00,0.3333
2024-01-05 12:40:00,0.2977
2024-01-05 12:50:00,0.3479
2024-01-05 13:00:00,0.8287
2024-01-05 13:10:00,0.4764
2024-01-05 13:20:00,0.5103
2024-01-05 13:30:00,0.2727
2024-01-05 13:40:00,0.1797
2024-01-05 13:50:00,0.3335
2024-01-05 14:00:00,0.6724
2024-01-05 14:10:00,0.5072
2024-01-05 14:20:00,0.5475
2024-01-05 14:30:00,0.5694
2024-01-05 14:40:00,0.3713
2024-01-05 14:50:00,0.6702
2024-01-05 15:00:00,0.3698
2024-01-05 15:10:00,0.6795
2024-01-05 15:20:00,0.5403
2024-01-05 15:30:00,0.2129
2024-01-05 15:40:00,0.3789
2024-01-05 15:50:00,0.2364
2024-01-05 16:00:00,0.6957
2024-01-05 16:10:00,0.5396
2024-01-05 16:20:00,0.2372
2024-01-05 16:30:00,0.6631
2024-01-05 16:40:00,0.57
2024-01-05 16:50:00,0.4817
2024-01-05 17:00:00,1.0206
2024-01-05 17:10:00,0.862
2024-01-05 17:20:00,0.8923
2024-01-05 17:30:00,0.9811
2024-01-05 17:40:00,0.9335
2024-01-05 17:50:00,1.0994
2024-01-05 18:00:00,1.6373
2024-01-05 18:10:00,1.5371
2024-01-05 18:20:00,1.7881
2024-01-05 18:30:00,1.6657
2024-01-05 18:40:00,1.9708
2024-01-05 18:50:00,2.4616
2024-01-05 19:00:00,2.6302
2024-01-05 19:10:00,3.0374
2024-01-05 19:20:00,3.1694
2024-01-05 19:30:00,3.1144
2024-01-05 19:40:00,3.3832
2024-01-05 19:50:00,3.4047
2024-01-05 20:00:00,3.8721
2024-01-05 20:10:00,3.8149
2024-01-05 20:20:00,3.71
2024-01-05 20:30:00,3.7172
2024-01-05 20:40:00,3.8658
2024-01-05 20:50:00,3.6575
2024-01-05 21:00:00,3.6873
2024-01-05 21:10:00,2.9725
2024-01-05 21:20:00,3.1886
2024-01-05 21:30:00,2.8361
2024-01-05 21:40:00,2.9536
2024-01-05 21:50:00,2.6891
2024-01-05 22:00:00,2.2264
2024-01-05 22:10:00,2.2202
2024-01-05 22:20:00,2.0356
2024-01-05 22:30:00,1.5722
2024-01-05 22:40:00,1.743
2024-01-05 22:50:00,1.199
2024-01-05 23:00:00,1.0246
2024-01-05 23:10:00,1.061
2024-01-05 23:20:00,0.7728
2024-01-05 23:30:00,0.7524
2024-01-05 23:40:00,0.8815
2024-01-05 23:50:00,0.618
2024-01-06 00:00:00,0.3773
2024-01-06 00:10:00,0.6739
2024-01-06 00:20:00,0.4995
2024-01-06 00:30:00,0.7167
2024-01-06 00:40:00,0.6722
2024-01-06 00:50:00,0.7674
2024-01-06 01:00:00,0.6598
2024-01-06 01:10:00,0.6627
2024-01-06 01:20:00,0.3731
2024-01-06 01:30:00,0.5678
2024-01-06 01:40:00,0.7163
2024-01-06 01:50:00,0.2921
2024-01-06 02:00:00,0.6412
2024-01-06 02:10:00,0.2669
2024-01-06 02:20:00,0.2023
2024-01-06 02:30:00,0.3589
2024-01-06 02:40:00,0.4103
2024-01-06 02:50:00,0.4325
2024-01-06 03:00:00,0.1491
2024-01-06 03:10:00,0.3609
2024-01-06 03:20:00,0.2
2024-01-06 03:30:00,0.0911
2024-01-06 03:40:00,0.1908
2024-01-06 03:50:00,0.2366
2024-01-06 04:00:00,0.4495
2024-01-06 04:10:00,0.5683
2024-01-06 04:20:00,0.2
2024-01-06 04:30:00,0.5
2024-01-06 04:40:00,0.297
2024-01-06 04:50:00,0.5935
2024-01-06 05:00:00,0.4303
2024-01-06 05:10:00,0.389
2024-01-06 05:20:00,0.6878
2024-01-06 05:30:00,0.4989
2024-01-06 05:40:00,0.5565
2024-01-06 05:50:00,0.2858
2024-01-06 06:00:00,0.7735
2024-01-06 06:10:00,0.7655
2024-01-06 06:20:00,0.6522
2024-01-06 06:30:00,0.4296
2024-01-06 06:40:00,0.8461
2024-01-06 06:50:00,0.5696
2024-01-06 07:00:00,0.6053
2024-01-06 07:10:00,1.023
2024-01-06 07:20:00,0.5729
2024-01-06 07:30:00,0.7914
2024-01-06 07:40:00,0.7657
2024-01-06 07:50:00,0.7408
2024-01-06 08:00:00,0.7252
2024-01-06 08:10:00,0.7399
2024-01-06 08:20:00,0.7245
2024-01-06 08:30:00,0.6762
2024-01-06 08:40:00,0.9108
2024-01-06 08:50:00,0.4874
2024-01-06 09:00:00,0.8375
2024-01-06 09:10:00,0.8077
2024-01-06 09:20:00,0.7892
2024-01-06 09:30:00,0.852
2024-01-06 09:40:00,0.6705
2024-01-06 09:50:00,0.4041
2024-01-06 10:00:00,0.6736
2024-01-06 10:10:00,0.5358
2024-01-06 10:20:00,0.5747
2024-01-06 10:30:00,0.4981
2024-01-06 10:40:00,0.6129
2024-01-06 10:50:00,0.595
2024-01-06 11:00:00,0.3278
2024-01-06 11:10:00,0.7895
2024-01-06 11:20:00,1.0175
2024-01-06 11:30:00,0.7754
2024-01-06 11:40:00,0.654
2024-01-06 11:50:00,0.6762
2024-01-06 12:00:00,0.6213
2024-01-06 12:10:00,0.698
2024-01-06 12:20:00,0.6789
2024-01-06 12:30:00,0.5583
2024-01-06 12:40:00,0.9369
2024-01-06 12:50:00,0.4614
2024-01-06 13:00:00,0.7923
2024-01-06 13:10:00,0.6694
2024-01-06 13:20:00,0.9698
2024-01-06 13:30:00,0.7359
2024-01-06 13:40:00,0.6309
2024-01-06 13:50:00,0.648
2024-01-06 14:00:00,0.6916
2024-01-06 14:10:00,0.5148
2024-01-06 14:20:00,0.5722
2024-01-06 14:30:00,0.4208
2024-01-06 14:40:00,0.5522
2024-01-06 14:50:00,0.7076
2024-01-06 15:00:00,0.7427
2024-01-06 15:10:00,0.4066
2024-01-06 15:20:00,0.691
2024-01-06 15:30:00,0.807
2024-01-06 15:40:00,0.7128
2024-01-06 15:50:00,0.6618
2024-01-06 16:00:00,0.7207
2024-01-06 16:10:00,0.7345
2024-01-06 16:20:00,0.7624
2024-01-06 16:30:00,0.937
2024-01-06 16:40:00,1.3229
2024-01-06 16:50:00,0.9457
2024-01-06 17:00:00,1.1067
2024-01-06 17:10:00,1.2623
2024-01-06 17:20:00,1.3026
2024-01-06 17:30:00,1.7276
2024-01-06 17:40:00,1.3866
2024-01-06 17:50:00,1.8647
2024-01-06 18:00:00,2.2915
2024-01-06 18:10:00,2.3703
2024-01-06 18:20:00,2.5563
2024-01-06 18:30:00,3.0272
2024-01-06 18:40:00,3.3916
2024-01-06 18:50:00,3.5899
2024-01-06 19:00:00,3.7435
2024-01-06 19:10:00,4.2337
2024-01-06 19:20:00,4.3955
2024-01-06 19:30:00,4.8394
2024-01-06 19:40:00,5.1951
2024-01-06 19:50:00,4.792
2024-01-06 20:00:00,5.3671
2024-01-06 20:10:00,5.2083
2024-01-06 20:20:00,5.8979
2024-01-06 20:30:00,5.4653
2024-01-06 20:40:00,5.5903
2024-01-06 20:50:00,5.3552
2024-01-06 21:00:00,5.0644
2024-01-06 21:10:00,4.8183
2024-01-06 21:20:00,4.9211
2024-01-06 21:30:00,4.5173
2024-01-06 21:40:00,4.3304
2024-01-06 21:50:00,3.6973
2024-01-06 22:00:00,3.3783
2024-01-06 22:10:00,2.9473
2024-01-06 22:20:00,2.6114
2024-01-06 22:30:00,2.1873
2024-01-06 22:40:00,2.0727
2024-01-06 22:50:00,1.6888
2024-01-06 23:00:00,1.6528
2024-01-06 23:10:00,1.4234
2024-01-06 23:20:00,1.2831
2024-01-06 23:30:00,1.3616
2024-01-06 23:40:00,1.0003
2024-01-06 23:50:00,1.037
2024-01-07 00:00:00,0.9399
2024-01-07 00:10:00,0.8154
2024-01-07 00:20:00,0.7775
2024-01-07 00:30:00,0.5415
2024-01-07 00:40:00,0.6028
2024-01-07 00:50:00,0.3495
2024-01-07 01:00:00,0.599
2024-01-07 01:10:00,0.5408
2024-01-07 01:20:00,0.4775
2024-01-07 01:30:00,0.6018
2024-01-07 01:40:00,0.2403
2024-01-07 01:50:00,0.6411
2024-01-07 02:00:00,0.5069
2024-01-07 02:10:00,0.339
2024-01-07 02:20:00,0.3082
2024-01-07 02:30:00,0.3869
2024-01-07 02:40:00,0.5313
2024-01-07 02:50:00,0.3113
2024-01-07 03:00:00,0.3152
2024-01-07 03:10:00,0.2988
2024-01-07 03:20:00,0.5705
2024-01-07 03:30:00,0.2595
2024-01-07 03:40:00,0.326
2024-01-07 03:50:00,0.5691
2024-01-07 04:00:00,0.3937
2024-01-07 04:10:00,0.5664
2024-01-07 04:20:00,0.2847
2024-01-07 04:30:00,0.4169
2024-01-07 04:40:00,0.6966
2024-01-07 04:50:00,0.3982
2024-01-07 05:00:00,0.5015
2024-01-07 05:10:00,0.5857
2024-01-07 05:20:00,0.42
2024-01-07 05:30:00,0.5255
2024-01-07 05:40:00,0.6214
2024-01-07 05:50:00,0.6264
2024-01-07 06:00:00,0.8242
2024-01-07 06:10:00,0.8742
2024-01-07 06:20:00,0.5236
2024-01-07 06:30:00,0.6761
2024-01-07 06:40:00,0.7666
2024-01-07 06:50:00,0.8977
2024-01-07 07:00:00,0.7818
2024-01-07 07:10:00,0.7205
2024-01-07 07:20:00,0.7791
2024-01-07 07:30:00,0.7819
2024-01-07 07:40:00,0.5429
2024-01-07 07:50:00,0.7119
2024-01-07 08:00:00,0.9025
2024-01-07 08:10:00,0.653
2024-01-07 08:20:00,0.7039
2024-01-07 08:30:00,0.6483
2024-01-07 08:40:00,0.3378
2024-01-07 08:50:00,0.688
2024-01-07 09:00:00,0.7303
2024-01-07 09:10:00,0.6082
2024-01-07 09:20:00,0.5119
2024-01-07 09:30:00,0.553
2024-01-07 09:40:00,0.7998
2024-01-07 09:50:00,0.981
2024-01-07 10:00:00,0.8925
2024-01-07 10:10:00,0.4835
2024-01-07 10:20:00,0.8134
2024-01-07 10:30:00,0.5857
2024-01-07 10:40:00,0.5978
2024-01-07 10:50:00,0.6159
2024-01-07 11:00:00,0.7911
2024-01-07 11:10:00,0.8291
2024-01-07 11:20:00,0.6705
2024-01-07 11:30:00,0.673
2024-01-07 11:40:00,0.7548
2024-01-07 11:50:00,0.7704
2024-01-07 12:00:00,0.8616
2024-01-07 12:10:00,0.4925
2024-01-07 12:20:00,0.6882
2024-01-07 12:30:00,0.525
2024-01-07 12:40:00,0.6775
2024-01-07 12:50:00,0.6513
2024-01-07 13:00:00,0.6782
2024-01-07 13:10:00,0.5653
2024-01-07 13:20:00,0.4622
2024-01-07 13:30:00,0.3713
2024-01-07 13:40:00,0.6659
2024-01-07 13:50:00,0.6212
2024-01-07 14:00:00,0.5849
2024-01-07 14:10:00,0.8853
2024-01-07 14:20:00,0.559
2024-01-07 14:30:00,0.9018
2024-01-07 14:40:00,0.9349
2024-01-07 14:50:00,0.4016
2024-01-07 15:00:00,0.7123
2024-01-07 15:10:00,0.6443
2024-01-07 15:20:00,0.2755
2024-01-07 15:30:00,0.5066
2024-01-07 15:40:00,0.8543
2024-01-07 15:50:00,1.0605
2024-01-07 16:00:00,0.9187
2024-01-07 16:10:00,0.865
2024-01-07 16:20:00,0.8556
2024-01-07 16:30:00,1.1643
2024-01-07 16:40:00,1.3
2024-01-07 16:50:00,0.9703
2024-01-07 17:00:00,0.8556
2024-01-07 17:10:00,0.9566
2024-01-07 17:20:00,1.6054
2024-01-07 17:30:00,1.5574
2024-01-07 17:40:00,1.7715
2024-01-07 17:50:00,1.6777
2024-01-07 18:00:00,2.058
2024-01-07 18:10:00,2.3726
2024-01-07 18:20:00,2.7134
2024-01-07 18:30:00,2.9044
2024-01-07 18:40:00,3.1034
2024-01-07 18:50:00,3.4443
2024-01-07 19:00:00,4.0489
2024-01-07 19:10:00,4.2062
2024-01-07 19:20:00,4.5522
2024-01-07 19:30:00,4.5977
2024-01-07 19:40:00,4.5347
2024-01-07 19:50:00,5.1097
2024-01-07 20:00:00,5.226
2024-01-07 20:10:00,5.5266
2024-01-07 20:20:00,6.0302
2024-01-07 20:30:00,5.6455
2024-01-07 20:40:00,5.8944
2024-01-07 20:50:00,5.4513
2024-01-07 21:00:00,5.0957
2024-01-07 21:10:00,5.0139
2024-01-07 21:20:00,4.9552
2024-01-07 21:30:00,4.6528
2024-01-07 21:40:00,3.9567
2024-01-07 21:50:00,3.7308
2024-01-07 22:00:00,3.1242
2024-01-07 22:10:00,3.1142
2024-01-07 22:20:00,2.8902
2024-01-07 22:30:00,2.352
2024-01-07 22:40:00,1.9621
2024-01-07 22:50:00,1.8631
2024-01-07 23:00:00,1.6507
2024-01-07 23:10:00,1.4115
2024-01-07 23:20:00,1.268
2024-01-07 23:30:00,1.0854
2024-01-07 23:40:00,1.1564
2024-01-07 23:50:00,1.0349
2024-01-08 00:00:00,0.2745
2024-01-08 00:10:00,0.2618
2024-01-08 00:20:00,0.3654
2024-01-08 00:30:00,0.5027
2024-01-08 00:40:00,0.4016
2024-01-08 00:50:00,0.2688
2024-01-08 01:00:00,0.3891
2024-01-08 01:10:00,0.2839
2024-01-08 01:20:00,0.4484
2024-01-08 01:30:00,0.3488
2024-01-08 01:40:00,0.234
2024-01-08 01:50:00,0.2989
2024-01-08 02:00:00,0.4453
2024-01-08 02:10:00,0.1479
2024-01-08 02:20:00,0.281
2024-01-08 02:30:00,0.1995
2024-01-08 02:40:00,0.2664
2024-01-08 02:50:00,0.0994
2024-01-08 03:00:00,0.2125
2024-01-08 03:10:00,0.3638
2024-01-08 03:20:00,0.0618
2024-01-08 03:30:00,0.05
2024-01-08 03:40:00,0.05
2024-01-08 03:50:00,0.0578
2024-01-08 04:00:00,0.3374
2024-01-08 04:10:00,0.0533
2024-01-08 04:20:00,0.2366
2024-01-08 04:30:00,0.3916
2024-01-08 04:40:00,0.3789
2024-01-08 04:50:00,0.2757
2024-01-08 05:00:00,0.3785
2024-01-08 05:10:00,0.3813
2024-01-08 05:20:00,0.3457
2024-01-08 05:30:00,0.3605
2024-01-08 05:40:00,0.7388
2024-01-08 05:50:00,0.5348
2024-01-08 06:00:00,0.7941
2024-01-08 06:10:00,0.3546
2024-01-08 06:20:00,0.4225
2024-01-08 06:30:00,0.2403
2024-01-08 06:40:00,0.3227
2024-01-08 06:50:00,0.7326
2024-01-08 07:00:00,0.3715
2024-01-08 07:10:00,0.7397
2024-01-08 07:20:00,0.2668
2024-01-08 07:30:00,0.2964
2024-01-08 07:40:00,0.4041
2024-01-08 07:50:00,0.4463
2024-01-08 08:00:00,0.5948
2024-01-08 08:10:00,0.5242
2024-01-08 08:20:00,0.3944
2024-01-08 08:30:00,0.437
2024-01-08 08:40:00,0.4093
2024-01-08 08:50:00,0.32
2024-01-08 09:00:00,0.324
2024-01-08 09:10:00,0.6114
2024-01-08 09:20:00,0.1831
2024-01-08 09:30:00,0.6999
2024-01-08 09:40:00,0.4059
2024-01-08 09:50:00,0.3414
2024-01-08 10:00:00,0.5683
2024-01-08 10:10:00,0.6801
2024-01-08 10:20:00,0.625
2024-01-08 10:30:00,0.5326
2024-01-08 10:40:00,0.6203
2024-01-08 10:50:00,0.1998
2024-01-08 11:00:00,0.379
2024-01-08 11:10:00,0.3206
2024-01-08 11:20:00,0.641
2024-01-08 11:30:00,0.3998
2024-01-08 11:40:00,0.5841
2024-01-08 11:50:00,0.5377
2024-01-08 12:00:00,0.328
2024-01-08 12:10:00,0.3693
2024-01-08 12:20:00,0.6514
2024-01-08 12:30:00,0.341
2024-01-08 12:40:00,0.4761
2024-01-08 12:50:00,0.34
2024-01-08 13:00:00,0.4103
2024-01-08 13:10:00,0.4505
2024-01-08 13:20:00,0.34
2024-01-08 13:30:00,0.3134
2024-01-08 13:40:00,0.5006
2024-01-08 13:50:00,0.3311
2024-01-08 14:00:00,0.3365
2024-01-08 14:10:00,0.3177
2024-01-08 14:20:00,0.4475
2024-01-08 14:30:00,0.6016
2024-01-08 14:40:00,0.6874
2024-01-08 14:50:00,0.3545
2024-01-08 15:00:00,0.7887
2024-01-08 15:10:00,0.3193
2024-01-08 15:20:00,0.638
2024-01-08 15:30:00,0.3745
2024-01-08 15:40:00,0.362
2024-01-08 15:50:00,0.394
2024-01-08 16:00:00,0.515
2024-01-08 16:10:00,0.632
2024-01-08 16:20:00,0.6737
2024-01-08 16:30:00,0.4671
2024-01-08 16:40:00,0.5042
2024-01-08 16:50:00,0.5689
2024-01-08 17:00:00,0.7546
2024-01-08 17:10:00,0.817
2024-01-08 17:20:00,0.7967
2024-01-08 17:30:00,1.0846
2024-01-08 17:40:00,1.5035
2024-01-08 17:50:00,1.2234
2024-01-08 18:00:00,1.384
2024-01-08 18:10:00,1.6971
2024-01-08 18:20:00,1.7065
2024-01-08 18:30:00,2.0788
2024-01-08 18:40:00,2.0675
2024-01-08 18:50:00,2.6523
2024-01-08 19:00:00,2.6332
2024-01-08 19:10:00,2.69
2024-01-08 19:20:00,2.8888
2024-01-08 19:30:00,3.0817
2024-01-08 19:40:00,3.5284
2024-01-08 19:50:00,3.2726
2024-01-08 20:00:00,3.4747
2024-01-08 20:10:00,3.5696
2024-01-08 20:20:00,3.6936
2024-01-08 20:30:00,3.6579
2024-01-08 20:40:00,3.4367
2024-01-08 20:50:00,3.5216
2024-01-08 21:00:00,3.4493
2024-01-08 21:10:00,3.2176
2024-01-08 21:20:00,3.2321
2024-01-08 21:30:00,3.0603
2024-01-08 21:40:00,2.6868
2024-01-08 21:50:00,2.4994
2024-01-08 22:00:00,1.9042
2024-01-08 22:10:00,1.9328
2024-01-08 22:20:00,1.9243
2024-01-08 22:30:00,1.5024
2024-01-08 22:40:00,1.2658
2024-01-08 22:50:00,1.5491
2024-01-08 23:00:00,1.3329
2024-01-08 23:10:00,1.0041
2024-01-08 23:20:00,0.9993
2024-01-08 23:30:00,0.408
2024-01-08 23:40:00,0.554
2024-01-08 23:50:00,0.5465
2024-01-09 00:00:00,0.3871
2024-01-09 00:10:00,0.3405
2024-01-09 00:20:00,0.05
2024-01-09 00:30:00,0.4506
2024-01-09 00:40:00,0.4614
2024-01-09 00:50:00,0.606
2024-01-09 01:00:00,0.2321
2024-01-09 01:10:00,0.2034
2024-01-09 01:20:00,0.05
2024-01-09 01:30:00,0.2552
2024-01-09 01:40:00,0.4168
2024-01-09 01:50:00,0.1728
2024-01-09 02:00:00,0.5699
2024-01-09 02:10:00,0.1952
2024-01-09 02:20:00,0.2429
2024-01-09 02:30:00,0.05
2024-01-09 02:40:00,0.2457
2024-01-09 02:50:00,0.05
2024-01-09 03:00:00,0.3003
2024-01-09 03:10:00,0.3065
2024-01-09 03:20:00,0.4065
2024-01-09 03:30:00,0.0574
2024-01-09 03:40:00,0.245
2024-01-09 03:50:00,0.3183
2024-01-09 04:00:00,0.3147
2024-01-09 04:10:00,0.1348
2024-01-09 04:20:00,0.05
2024-01-09 04:30:00,0.3513
2024-01-09 04:40:00,0.2939
2024-01-09 04:50:00,0.2489
2024-01-09 05:00:00,0.4649
2024-01-09 05:10:00,0.359
2024-01-09 05:20:00,0.182
2024-01-09 05:30:00,0.103
2024-01-09 05:40:00,0.2347
2024-01-09 05:50:00,0.7729
2024-01-09 06:00:00,0.5309
2024-01-09 06:10:00,0.458
2024-01-09 06:20:00,0.4085
2024-01-09 06:30:00,0.4036
2024-01-09 06:40:00,0.6198
2024-01-09 06:50:00,0.3744
2024-01-09 07:00:00,0.537
2024-01-09 07:10:00,0.4001
2024-01-09 07:20:00,0.7449
2024-01-09 07:30:00,0.5664
2024-01-09 07:40:00,0.6427
2024-01-09 07:50:00,0.3688
2024-01-09 08:00:00,0.6156
2024-01-09 08:10:00,0.4104
2024-01-09 08:20:00,0.474
2024-01-09 08:30:00,0.7029
2024-01-09 08:40:00,0.3013
2024-01-09 08:50:00,0.4883
2024-01-09 09:00:00,0.5235
2024-01-09 09:10:00,0.5359
2024-01-09 09:20:00,0.3903
2024-01-09 09:30:00,0.7709
2024-01-09 09:40:00,0.2637
2024-01-09 09:50:00,0.6768
2024-01-09 10:00:00,0.6402
2024-01-09 10:10:00,0.7431
2024-01-09 10:20:00,0.2197
2024-01-09 10:30:00,0.3276
2024-01-09 10:40:00,0.6817
2024-01-09 10:50:00,0.1764
2024-01-09 11:00:00,0.217
2024-01-09 11:10:00,0.3847
2024-01-09 11:20:00,0.4867
2024-01-09 11:30:00,0.6968
2024-01-09 11:40:00,0.4301
2024-01-09 11:50:00,0.3667
2024-01-09 12:00:00,0.5046
2024-01-09 12:10:00,0.5284
2024-01-09 12:20:00,0.5241
2024-01-09 12:30:00,0.4312
2024-01-09 12:40:00,0.1647
2024-01-09 12:50:00,0.3203
2024-01-09 13:00:00,0.671
2024-01-09 13:10:00,0.4861
2024-01-09 13:20:00,0.4097
2024-01-09 13:30:00,0.6259
2024-01-09 13:40:00,0.2887
2024-01-09 13:50:00,0.4246
2024-01-09 14:00:00,0.4794
2024-01-09 14:10:00,0.3929
2024-01-09 14:20:00,0.4749
2024-01-09 14:30:00,0.4325
2024-01-09 14:40:00,0.2522
2024-01-09 14:50:00,0.4912
2024-01-09 15:00:00,0.2675
2024-01-09 15:10:00,0.4955
2024-01-09 15:20:00,0.6822
2024-01-09 15:30:00,0.4412
2024-01-09 15:40:00,0.3176
2024-01-09 15:50:00,0.4873
2024-01-09 16:00:00,0.3987
2024-01-09 16:10:00,0.6349
2024-01-09 16:20:00,0.5518
2024-01-09 16:30:00,0.8659
2024-01-09 16:40:00,0.828
2024-01-09 16:50:00,0.6844
2024-01-09 17:00:00,0.8797
2024-01-09 17:10:00,0.7907
2024-01-09 17:20:00,0.9456
2024-01-09 17:30:00,0.9914
2024-01-09 17:40:00,1.2806
2024-01-09 17:50:00,1.5158
2024-01-09 18:00:00,1.5708
2024-01-09 18:10:00,1.7536
2024-01-09 18:20:00,1.9311
2024-01-09 18:30:00,2.0638
2024-01-09 18:40:00,2.0073
2024-01-09 18:50:00,2.6358
2024-01-09 19:00:00,2.8556
2024-01-09 19:10:00,2.7516
2024-01-09 19:20:00,2.9255
2024-01-09 19:30:00,3.2549
2024-01-09 19:40:00,3.4096
2024-01-09 19:50:00,3.4373
2024-01-09 20:00:00,3.3922
2024-01-09 20:10:00,3.7046
2024-01-09 20:20:00,3.7836
2024-01-09 20:30:00,3.8124
2024-01-09 20:40:00,3.7176
2024-01-09 20:50:00,3.5458
2024-01-09 21:00:00,3.618
2024-01-09 21:10:00,3.3261
2024-01-09 21:20:00,3.0636
2024-01-09 21:30:00,2.8992
2024-01-09 21:40:00,2.4403
2024-01-09 21:50:00,2.4408
2024-01-09 22:00:00,2.3346
2024-01-09 22:10:00,2.0497
2024-01-09 22:20:00,2.0041
2024-01-09 22:30:00,1.5285
2024-01-09 22:40:00,1.4514
2024-01-09 22:50:00,1.328
2024-01-09 23:00:00,1.4129
2024-01-09 23:10:00,0.957
2024-01-09 23:20:00,0.673
2024-01-09 23:30:00,0.8701
2024-01-09 23:40:00,0.9529
2024-01-09 23:50:00,0.5695
2024-01-10 00:00:00,0.5493
2024-01-10 00:10:00,0.5989
2024-01-10 00:20:00,0.5572
2024-01-10 00:30:00,0.4121
2024-01-10 00:40:00,0.2757
2024-01-10 00:50:00,0.3541
2024-01-10 01:00:00,0.4197
2024-01-10 01:10:00,0.4707
2024-01-10 01:20:00,0.3674
2024-01-10 01:30:00,0.2427
2024-01-10 01:40:00,0.3654
2024-01-10 01:50:00,0.394
2024-01-10 02:00:00,0.3057
2024-01-10 02:10:00,0.1086
2024-01-10 02:20:00,0.194
2024-01-10 02:30:00,0.3529
2024-01-10 02:40:00,0.05
2024-01-10 02:50:00,0.05
2024-01-10 03:00:00,0.4228
2024-01-10 03:10:00,0.2749
2024-01-10 03:20:00,0.294
2024-01-10 03:30:00,0.05
2024-01-10 03:40:00,0.3318
2024-01-10 03:50:00,0.2753
2024-01-10 04:00:00,0.05
2024-01-10 04:10:00,0.4786
2024-01-10 04:20:00,0.3059
2024-01-10 04:30:00,0.2403
2024-01-10 04:40:00,0.2606
2024-01-10 04:50:00,0.05
2024-01-10 05:00:00,0.4399
2024-01-10 05:10:00,0.4056
2024-01-10 05:20:00,0.3514
2024-01-10 05:30:00,0.585
2024-01-10 05:40:00,0.1971
2024-01-10 05:50:00,0.3251
2024-01-10 06:00:00,0.2957
2024-01-10 06:10:00,0.3886
2024-01-10 06:20:00,0.4466
2024-01-10 06:30:00,0.5059
2024-01-10 06:40:00,0.3934
2024-01-10 06:50:00,0.317
2024-01-10 07:00:00,0.704
2024-01-10 07:10:00,0.8148
2024-01-10 07:20:00,0.4761
2024-01-10 07:30:00,0.3422
2024-01-10 07:40:00,0.6779
2024-01-10 07:50:00,0.2401
2024-01-10 08:00:00,0.4074
2024-01-10 08:10:00,0.3535
2024-01-10 08:20:00,0.2842
2024-01-10 08:30:00,0.4163
2024-01-10 08:40:00,0.3288
2024-01-10 08:50:00,0.4604
2024-01-10 09:00:00,0.4626
2024-01-10 09:10:00,0.3654
2024-01-10 09:20:00,0.403
2024-01-10 09:30:00,0.424
2024-01-10 09:40:00,0.5801
2024-01-10 09:50:00,0.4363
2024-01-10 10:00:00,0.5823
2024-01-10 10:10:00,0.5465
2024-01-10 10:20:00,0.5443
2024-01-10 10:30:00,0.6668
2024-01-10 10:40:00,0.2907
2024-01-10 10:50:00,0.3876
2024-01-10 11:00:00,0.7231
2024-01-10 11:10:00,0.42
2024-01-10 11:20:00,0.05
2024-01-10 11:30:00,0.4282
2024-01-10 11:40:00,0.4789
2024-01-10 11:50:00,0.0661
2024-01-10 12:00:00,0.6587
2024-01-10 12:10:00,0.3516
2024-01-10 12:20:00,0.5079
2024-01-10 12:30:00,0.4247
2024-01-10 12:40:00,0.2654
2024-01-10 12:50:00,0.2981
2024-01-10 13:00:00,0.3184
2024-01-10 13:10:00,0.6215
2024-01-10 13:20:00,0.4366
2024-01-10 13:30:00,0.3805
2024-01-10 13:40:00,0.3187
2024-01-10 13:50:00,0.6385
2024-01-10 14:00:00,0.679
2024-01-10 14:10:00,0.6375
2024-01-10 14:20:00,0.5343
2024-01-10 14:30:00,0.5049
2024-01-10 14:40:00,0.2804
2024-01-10 14:50:00,0.4278
2024-01-10 15:00:00,0.3649
2024-01-10 15:10:00,0.1976
2024-01-10 15:20:00,0.6353
2024-01-10 15:30:00,0.3798
2024-01-10 15:40:00,0.6734
2024-01-10 15:50:00,0.6394
2024-01-10 16:00:00,0.6078
2024-01-10 16:10:00,0.6385
2024-01-10 16:20:00,0.4825
2024-01-10 16:30:00,0.8891
2024-01-10 16:40:00,0.661
2024-01-10 16:50:00,0.7537
2024-01-10 17:00:00,0.6762
2024-01-10 17:10:00,0.7113
2024-01-10 17:20:00,1.0135
2024-01-10 17:30:00,1.0798
2024-01-10 17:40:00,1.049
2024-01-10 17:50:00,1.087
2024-01-10 18:00:00,1.2627
2024-01-10 18:10:00,1.7972
2024-01-10 18:20:00,1.7034
2024-01-10 18:30:00,1.9333
2024-01-10 18:40:00,2.399
2024-01-10 18:50:00,2.2159
2024-01-10 19:00:00,2.4798
2024-01-10 19:10:00,2.6756
2024-01-10 19:20:00,3.2283
2024-01-10 19:30:00,3.4667
2024-01-10 19:40:00,3.4447
2024-01-10 19:50:00,3.5903
2024-01-10 20:00:00,3.498
2024-01-10 20:10:00,3.9563
2024-01-10 20:20:00,3.7466
2024-01-10 20:30:00,3.837
2024-01-10 20:40:00,3.6549
2024-01-10 20:50:00,3.5516
2024-01-10 21:00:00,3.7236
2024-01-10 21:10:00,3.4022
2024-01-10 21:20:00,3.3557
2024-01-10 21:30:00,2.969
2024-01-10 21:40:00,2.579
2024-01-10 21:50:00,2.3843
2024-01-10 22:00:00,2.2501
2024-01-10 22:10:00,1.9077
2024-01-10 22:20:00,1.6125
2024-01-10 22:30:00,1.7506
2024-01-10 22:40:00,1.2986
2024-01-10 22:50:00,1.2316
2024-01-10 23:00:00,1.1074
2024-01-10 23:10:00,0.8484
2024-01-10 23:20:00,1.0485
2024-01-10 23:30:00,0.5764
2024-01-10 23:40:00,0.7133
2024-01-10 23:50:00,0.6557
2024-01-11 00:00:00,0.4157
2024-01-11 00:10:00,0.2207
2024-01-11 00:20:00,0.5359
2024-01-11 00:30:00,0.5055
2024-01-11 00:40:00,0.2798
2024-01-11 00:50:00,0.473
2024-01-11 01:00:00,0.4077
2024-01-11 01:10:00,0.1429
2024-01-11 01:20:00,0.1897
2024-01-11 01:30:00,0.4709
2024-01-11 01:40:00,0.329
2024-01-11 01:50:00,0.1807
2024-01-11 02:00:00,0.1204
2024-01-11 02:10:00,0.1571
2024-01-11 02:20:00,0.1549
2024-01-11 02:30:00,0.0842
2024-01-11 02:40:00,0.05
2024-01-11 02:50:00,0.3695
2024-01-11 03:00:00,0.3425
2024-01-11 03:10:00,0.05
2024-01-11 03:20:00,0.2237
2024-01-11 03:30:00,0.0757
2024-01-11 03:40:00,0.1823
2024-01-11 03:50:00,0.1827
2024-01-11 04:00:00,0.185
2024-01-11 04:10:00,0.5658
2024-01-11 04:20:00,0.2165
2024-01-11 04:30:00,0.1789
2024-01-11 04:40:00,0.2034
2024-01-11 04:50:00,0.4916
2024-01-11 05:00:00,0.1036
2024-01-11 05:10:00,0.2525
2024-01-11 05:20:00,0.5981
2024-01-11 05:30:00,0.4305
2024-01-11 05:40:00,0.4341
2024-01-11 05:50:00,0.7351
2024-01-11 06:00:00,0.4608
2024-01-11 06:10:00,0.3249
2024-01-11 06:20:00,0.3948
2024-01-11 06:30:00,0.2718
2024-01-11 06:40:00,0.6345
2024-01-11 06:50:00,0.5355
2024-01-11 07:00:00,0.6205
2024-01-11 07:10:00,0.6358
2024-01-11 07:20:00,0.3932
2024-01-11 07:30:00,0.3148
2024-01-11 07:40:00,0.4495
2024-01-11 07:50:00,0.327
2024-01-11 08:00:00,0.4831
2024-01-11 08:10:00,0.6285
2024-01-11 08:20:00,0.4337
2024-01-11 08:30:00,0.4816
2024-01-11 08:40:00,0.4451
2024-01-11 08:50:00,0.5797
2024-01-11 09:00:00,0.3591
2024-01-11 09:10:00,0.1299
2024-01-11 09:20:00,0.53
2024-01-11 09:30:00,0.6075
2024-01-11 09:40:00,0.5263
2024-01-11 09:50:00,0.3633
2024-01-11 10:00:00,0.2891
2024-01-11 10:10:00,0.5336
2024-01-11 10:20:00,0.4806
2024-01-11 10:30:00,0.4405
2024-01-11 10:40:00,0.7327
2024-01-11 10:50:00,0.3174
2024-01-11 11:00:00,0.7256
2024-01-11 11:10:00,0.4641
2024-01-11 11:20:00,0.184
2024-01-11 11:30:00,0.4325
2024-01-11 11:40:00,0.6033
2024-01-11 11:50:00,0.4046
2024-01-11 12:00:00,0.2382
2024-01-11 12:10:00,0.4347
2024-01-11 12:20:00,0.3308
2024-01-11 12:30:00,0.5332
2024-01-11 12:40:00,0.5754
2024-01-11 12:50:00,0.301
2024-01-11 13:00:00,0.3536
2024-01-11 13:10:00,0.5729
2024-01-11 13:20:00,0.3307
2024-01-11 13:30:00,0.2972
2024-01-11 13:40:00,0.2829
2024-01-11 13:50:00,0.5127
2024-01-11 14:00:00,0.5065
2024-01-11 14:10:00,0.358
2024-01-11 14:20:00,0.462
2024-01-11 14:30:00,0.6912
2024-01-11 14:40:00,0.3174
2024-01-11 14:50:00,0.1727
2024-01-11 15:00:00,0.5365
2024-01-11 15:10:00,0.4556
2024-01-11 15:20:00,0.3711
2024-01-11 15:30:00,0.5827
2024-01-11 15:40:00,0.6207
2024-01-11 15:50:00,0.1767
2024-01-11 16:00:00,0.4273
2024-01-11 16:10:00,0.8951
2024-01-11 16:20:00,0.6633
2024-01-11 16:30:00,0.7128
2024-01-11 16:40:00,0.8315
2024-01-11 16:50:00,0.7122
2024-01-11 17:00:00,0.8943
2024-01-11 17:10:00,0.9601
2024-01-11 17:20:00,1.0243
2024-01-11 17:30:00,1.0006
2024-01-11 17:40:00,1.1951
2024-01-11 17:50:00,1.2167
2024-01-11 18:00:00,1.4575
2024-01-11 18:10:00,1.4452
2024-01-11 18:20:00,1.6798
2024-01-11 18:30:00,1.945
2024-01-11 18:40:00,2.0435
2024-01-11 18:50:00,2.3125
2024-01-11 19:00:00,2.5686
2024-01-11 19:10:00,2.8559
2024-01-11 19:20:00,3.1329
2024-01-11 19:30:00,3.1034
2024-01-11 19:40:00,3.5377
2024-01-11 19:50:00,3.6193
2024-01-11 20:00:00,3.6666
2024-01-11 20:10:00,3.6934
2024-01-11 20:20:00,3.7605
2024-01-11 20:30:00,3.8933
2024-01-11 20:40:00,3.8604
2024-01-11 20:50:00,3.798
2024-01-11 21:00:00,3.486
2024-01-11 21:10:00,3.4099
2024-01-11 21:20:00,3.3447
2024-01-11 21:30:00,2.842
2024-01-11 21:40:00,2.6629
2024-01-11 21:50:00,2.4783
2024-01-11 22:00:00,2.3733
2024-01-11 22:10:00,2.1423
2024-01-11 22:20:00,1.7469
2024-01-11 22:30:00,1.3466
2024-01-11 22:40:00,1.4196
2024-01-11 22:50:00,1.0752
2024-01-11 23:00:00,0.8413
2024-01-11 23:10:00,0.7486
2024-01-11 23:20:00,0.8812
2024-01-11 23:30:00,0.9494
2024-01-11 23:40:00,0.681
2024-01-11 23:50:00,0.6515
2024-01-12 00:00:00,0.6021
2024-01-12 00:10:00,0.1844
2024-01-12 00:20:00,0.4841
2024-01-12 00:30:00,0.3929
2024-01-12 00:40:00,0.4667
2024-01-12 00:50:00,0.295
2024-01-12 01:00:00,0.2294
2024-01-12 01:10:00,0.3567
2024-01-12 01:20:00,0.5657
2024-01-12 01:30:00,0.4298
2024-01-12 01:40:00,0.2069
2024-01-12 01:50:00,0.0647
2024-01-12 02:00:00,0.05
2024-01-12 02:10:00,0.4323
2024-01-12 02:20:00,0.0787
2024-01-12 02:30:00,0.1626
2024-01-12 02:40:00,0.4018
2024-01-12 02:50:00,0.05
2024-01-12 03:00:00,0.4211
2024-01-12 03:10:00,0.1608
2024-01-12 03:20:00,0.05
2024-01-12 03:30:00,0.1743
2024-01-12 03:40:00,0.1136
2024-01-12 03:50:00,0.301
2024-01-12 04:00:00,0.1524
2024-01-12 04:10:00,0.05
2024-01-12 04:20:00,0.25
2024-01-12 04:30:00,0.0972
2024-01-12 04:40:00,0.349
2024-01-12 04:50:00,0.1575
2024-01-12 05:00:00,0.2789
2024-01-12 05:10:00,0.3949
2024-01-12 05:20:00,0.3499
2024-01-12 05:30:00,0.4322
2024-01-12 05:40:00,0.5081
2024-01-12 05:50:00,0.2423
2024-01-12 06:00:00,0.415
2024-01-12 06:10:00,0.05
2024-01-12 06:20:00,0.475
2024-01-12 06:30:00,0.3978
2024-01-12 06:40:00,0.2994
2024-01-12 06:50:00,0.4975
2024-01-12 07:00:00,0.6286
2024-01-12 07:10:00,0.3833
2024-01-12 07:20:00,0.3144
2024-01-12 07:30:00,0.482
2024-01-12 07:40:00,0.2578
2024-01-12 07:50:00,0.3597
2024-01-12 08:00:00,0.6426
2024-01-12 08:10:00,0.4688
2024-01-12 08:20:00,0.1778
2024-01-12 08:30:00,0.1903
2024-01-12 08:40:00,0.4843
2024-01-12 08:50:00,0.5894
2024-01-12 09:00:00,0.2175
2024-01-12 09:10:00,0.5276
2024-01-12 09:20:00,0.6597
2024-01-12 09:30:00,0.7434
2024-01-12 09:40:00,0.5099
2024-01-12 09:50:00,0.5362
2024-01-12 10:00:00,0.1402
2024-01-12 10:10:00,0.7752
2024-01-12 10:20:00,0.3739
2024-01-12 10:30:00,0.3202
2024-01-12 10:40:00,0.4219
2024-01-12 10:50:00,0.687
2024-01-12 11:00:00,0.7914
2024-01-12 11:10:00,0.479
2024-01-12 11:20:00,0.6099
2024-01-12 11:30:00,0.4667
2024-01-12 11:40:00,0.3045
2024-01-12 11:50:00,0.6817
2024-01-12 12:00:00,0.3669
2024-01-12 12:10:00,0.6905
2024-01-12 12:20:00,0.655
2024-01-12 12:30:00,0.5523
2024-01-12 12:40:00,0.7346
2024-01-12 12:50:00,0.7951
2024-01-12 13:00:00,0.434
2024-01-12 13:10:00,0.339
2024-01-12 13:20:00,0.1807
2024-01-12 13:30:00,0.7971
2024-01-12 13:40:00,0.3946
2024-01-12 13:50:00,0.631
2024-01-12 14:00:00,0.3498
2024-01-12 14:10:00,0.6921
2024-01-12 14:20:00,0.357
2024-01-12 14:30:00,0.2842
2024-01-12 14:40:00,0.4331
2024-01-12 14:50:00,0.3865
2024-01-12 15:00:00,0.5586
2024-01-12 15:10:00,0.4653
2024-01-12 15:20:00,0.5726
2024-01-12 15:30:00,0.4422
2024-01-12 15:40:00,0.396
2024-01-12 15:50:00,0.4214
2024-01-12 16:00:00,0.8329
2024-01-12 16:10:00,0.5822
2024-01-12 16:20:00,0.2792
2024-01-12 16:30:00,0.5345
2024-01-12 16:40:00,0.6713
2024-01-12 16:50:00,0.9877
2024-01-12 17:00:00,0.9305
2024-01-12 17:10:00,0.7157
2024-01-12 17:20:00,1.3079
2024-01-12 17:30:00,1.0461
2024-01-12 17:40:00,1.3584
2024-01-12 17:50:00,1.1341
2024-01-12 18:00:00,1.0985
2024-01-12 18:10:00,1.4121
2024-01-12 18:20:00,1.314
2024-01-12 18:30:00,2.3078
2024-01-12 18:40:00,2.2212
2024-01-12 18:50:00,2.2538
2024-01-12 19:00:00,2.6657
2024-01-12 19:10:00,2.829
2024-01-12 19:20:00,3.0891
2024-01-12 19:30:00,3.3601
2024-01-12 19:40:00,3.3
2024-01-12 19:50:00,3.3528
2024-01-12 20:00:00,3.7217
2024-01-12 20:10:00,3.7973
2024-01-12 20:20:00,3.7344
2024-01-12 20:30:00,4.0485
2024-01-12 20:40:00,3.6178
2024-01-12 20:50:00,3.4693
2024-01-12 21:00:00,3.5488
2024-01-12 21:10:00,3.2315
2024-01-12 21:20:00,3.2232
2024-01-12 21:30:00,2.8159
2024-01-12 21:40:00,2.6555
2024-01-12 21:50:00,2.764
2024-01-12 22:00:00,2.1816
2024-01-12 22:10:00,1.8888
2024-01-12 22:20:00,1.9604
2024-01-12 22:30:00,1.4181
2024-01-12 22:40:00,1.2812
2024-01-12 22:50:00,1.3016
2024-01-12 23:00:00,1.2075
2024-01-12 23:10:00,1.123
2024-01-12 23:20:00,0.7216
2024-01-12 23:30:00,0.836
2024-01-12 23:40:00,0.6065
2024-01-12 23:50:00,0.5301
2024-01-13 00:00:00,0.8187
2024-01-13 00:10:00,0.5428
2024-01-13 00:20:00,0.652
2024-01-13 00:30:00,0.6164
2024-01-13 00:40:00,0.4132
2024-01-13 00:50:00,0.6973
2024-01-13 01:00:00,0.6132
2024-01-13 01:10:00,0.2064
2024-01-13 01:20:00,0.5201
2024-01-13 01:30:00,0.336
2024-01-13 01:40:00,0.59
2024-01-13 01:50:00,0.1828
2024-01-13 02:00:00,0.3217
2024-01-13 02:10:00,0.4073
2024-01-13 02:20:00,0.3417
2024-01-13 02:30:00,0.4322
2024-01-13 02:40:00,0.0783
2024-01-13 02:50:00,0.5466
2024-01-13 03:00:00,0.3752
2024-01-13 03:10:00,0.5028
2024-01-13 03:20:00,0.4372
2024-01-13 03:30:00,0.316
2024-01-13 03:40:00,0.141
2024-01-13 03:50:00,0.2684
2024-01-13 04:00:00,0.6136
2024-01-13 04:10:00,0.6074
2024-01-13 04:20:00,0.3325
2024-01-13 04:30:00,0.05
2024-01-13 04:40:00,0.4466
2024-01-13 04:50:00,0.4612
2024-01-13 05:00:00,0.4917
2024-01-13 05:10:00,0.6317
2024-01-13 05:20:00,0.7052
2024-01-13 05:30:00,0.7417
2024-01-13 05:40:00,0.6771
2024-01-13 05:50:00,0.3552
2024-01-13 06:00:00,0.587
2024-01-13 06:10:00,0.9947
2024-01-13 06:20:00,0.7143
2024-01-13 06:30:00,0.7209
2024-01-13 06:40:00,0.7257
2024-01-13 06:50:00,0.7389
2024-01-13 07:00:00,0.3229
2024-01-13 07:10:00,0.6474
2024-01-13 07:20:00,0.6799
2024-01-13 07:30:00,0.8795
2024-01-13 07:40:00,0.6957
2024-01-13 07:50:00,0.4425
2024-01-13 08:00:00,0.7546
2024-01-13 08:10:00,0.57
2024-01-13 08:20:00,0.5084
2024-01-13 08:30:00,0.5661
2024-01-13 08:40:00,0.7727
2024-01-13 08:50:00,0.8803
2024-01-13 09:00:00,0.764
2024-01-13 09:10:00,0.7864
2024-01-13 09:20:00,0.7626
2024-01-13 09:30:00,0.7068
2024-01-13 09:40:00,0.7962
2024-01-13 09:50:00,0.3288
2024-01-13 10:00:00,0.7083
2024-01-13 10:10:00,0.5349
2024-01-13 10:20:00,0.8661
2024-01-13 10:30:00,0.6696
2024-01-13 10:40:00,0.6963
2024-01-13 10:50:00,0.4659
2024-01-13 11:00:00,0.8442
2024-01-13 11:10:00,0.7858
2024-01-13 11:20:00,0.7752
2024-01-13 11:30:00,0.5697
2024-01-13 11:40:00,0.5756
2024-01-13 11:50:00,0.7252
2024-01-13 12:00:00,0.5875
2024-01-13 12:10:00,0.7569
2024-01-13 12:20:00,0.3675
2024-01-13 12:30:00,0.6185
2024-01-13 12:40:00,0.9612
2024-01-13 12:50:00,0.7576
2024-01-13 13:00:00,0.7167
2024-01-13 13:10:00,0.9896
2024-01-13 13:20:00,0.3414
2024-01-13 13:30:00,0.5697
2024-01-13 13:40:00,0.632
2024-01-13 13:50:00,0.8212
2024-01-13 14:00:00,0.8242
2024-01-13 14:10:00,0.5636
2024-01-13 14:20:00,0.8441
2024-01-13 14:30:00,0.6353
2024-01-13 14:40:00,0.8796
2024-01-13 14:50:00,0.5459
2024-01-13 15:00:00,0.6865
2024-01-13 15:10:00,0.6374
2024-01-13 15:20:00,0.8775
2024-01-13 15:30:00,0.6517
2024-01-13 15:40:00,0.7387
2024-01-13 15:50:00,0.8409
2024-01-13 16:00:00,0.8725
2024-01-13 16:10:00,0.9573
2024-01-13 16:20:00,0.8986
2024-01-13 16:30:00,0.8578
2024-01-13 16:40:00,0.9346
2024-01-13 16:50:00,1.0723
2024-01-13 17:00:00,1.204
2024-01-13 17:10:00,1.2613
2024-01-13 17:20:00,1.4234
2024-01-13 17:30:00,1.3517
2024-01-13 17:40:00,1.8607
2024-01-13 17:50:00,1.992
2024-01-13 18:00:00,2.3418
2024-01-13 18:10:00,2.4399
2024-01-13 18:20:00,2.4469
2024-01-13 18:30:00,2.9385
2024-01-13 18:40:00,3.2599
2024-01-13 18:50:00,3.7072
2024-01-13 19:00:00,3.5938
2024-01-13 19:10:00,4.2152
2024-01-13 19:20:00,4.5797
2024-01-13 19:30:00,4.6782
2024-01-13 19:40:00,5.0362
2024-01-13 19:50:00,5.1434
2024-01-13 20:00:00,5.2974
2024-01-13 20:10:00,5.4649
2024-01-13 20:20:00,5.4833
2024-01-13 20:30:00,5.6963
2024-01-13 20:40:00,5.4258
2024-01-13 20:50:00,5.2815
2024-01-13 21:00:00,5.5046
2024-01-13 21:10:00,5.1529
2024-01-13 21:20:00,4.4533
2024-01-13 21:30:00,4.3052
2024-01-13 21:40:00,4.1177
2024-01-13 21:50:00,3.7764
2024-01-13 22:00:00,3.1467
2024-01-13 22:10:00,3.1926
2024-01-13 22:20:00,2.8062
2024-01-13 22:30:00,2.4406
2024-01-13 22:40:00,2.2853
2024-01-13 22:50:00,1.894
2024-01-13 23:00:00,1.6705
2024-01-13 23:10:00,1.6462
2024-01-13 23:20:00,1.4182
2024-01-13 23:30:00,0.9958
2024-01-13 23:40:00,1.1115
2024-01-13 23:50:00,0.8336
2024-01-14 00:00:00,0.7151
2024-01-14 00:10:00,0.6981
2024-01-14 00:20:00,0.404
2024-01-14 00:30:00,0.5761
2024-01-14 00:40:00,0.6148
2024-01-14 00:50:00,0.4881
2024-01-14 01:00:00,0.5775
2024-01-14 01:10:00,0.6263
2024-01-14 01:20:00,0.4749
2024-01-14 01:30:00,0.4866
2024-01-14 01:40:00,0.6338
2024-01-14 01:50:00,0.4714
2024-01-14 02:00:00,0.4061
2024-01-14 02:10:00,0.21
2024-01-14 02:20:00,0.435
2024-01-14 02:30:00,0.368
2024-01-14 02:40:00,0.4993
2024-01-14 02:50:00,0.3065
2024-01-14 03:00:00,0.05
2024-01-14 03:10:00,0.05
2024-01-14 03:20:00,0.4171
2024-01-14 03:30:00,0.2329
2024-01-14 03:40:00,0.3998
2024-01-14 03:50:00,0.3708
2024-01-14 04:00:00,0.3509
2024-01-14 04:10:00,0.386
2024-01-14 04:20:00,0.2965
2024-01-14 04:30:00,0.4505
2024-01-14 04:40:00,0.3918
2024-01-14 04:50:00,0.4496
2024-01-14 05:00:00,0.4817
2024-01-14 05:10:00,0.5196
2024-01-14 05:20:00,0.7133
2024-01-14 05:30:00,0.5749
2024-01-14 05:40:00,0.7651
2024-01-14 05:50:00,0.8573
2024-01-14 06:00:00,0.7678
2024-01-14 06:10:00,0.7306
2024-01-14 06:20:00,0.7086
2024-01-14 06:30:00,0.7969
2024-01-14 06:40:00,0.6866
2024-01-14 06:50:00,0.8257
2024-01-14 07:00:00,0.7739
2024-01-14 07:10:00,0.6308
2024-01-14 07:20:00,0.8214
2024-01-14 07:30:00,0.7024
2024-01-14 07:40:00,0.6741
2024-01-14 07:50:00,0.6195
2024-01-14 08:00:00,0.7165
2024-01-14 08:10:00,0.8415
2024-01-14 08:20:00,0.8257
2024-01-14 08:30:00,0.7457
2024-01-14 08:40:00,0.7828
2024-01-14 08:50:00,0.8837
2024-01-14 09:00:00,0.6705
2024-01-14 09:10:00,0.5257
2024-01-14 09:20:00,0.8882
2024-01-14 09:30:00,0.6136
2024-01-14 09:40:00,0.5895
2024-01-14 09:50:00,0.4237
2024-01-14 10:00:00,0.7788
2024-01-14 10:10:00,0.4499
2024-01-14 10:20:00,0.5806
2024-01-14 10:30:00,0.7814
2024-01-14 10:40:00,0.8014
2024-01-14 10:50:00,0.5954
2024-01-14 11:00:00,0.673
2024-01-14 11:10:00,0.5622
2024-01-14 11:20:00,0.6109
2024-01-14 11:30:00,0.7331
2024-01-14 11:40:00,0.6179
2024-01-14 11:50:00,0.6565
2024-01-14 12:00:00,0.4734
2024-01-14 12:10:00,0.8631
2024-01-14 12:20:00,0.7696
2024-01-14 12:30:00,0.8121
2024-01-14 12:40:00,0.8867
2024-01-14 12:50:00,0.5694
2024-01-14 13:00:00,0.6394
2024-01-14 13:10:00,0.409
2024-01-14 13:20:00,1.1644
2024-01-14 13:30:00,0.671
2024-01-14 13:40:00,0.8494
2024-01-14 13:50:00,0.5081
2024-01-14 14:00:00,0.8437
2024-01-14 14:10:00,0.9736
2024-01-14 14:20:00,0.6868
2024-01-14 14:30:00,0.5457
2024-01-14 14:40:00,0.6785
2024-01-14 14:50:00,0.3683
2024-01-14 15:00:00,0.7008
2024-01-14 15:10:00,0.8356
2024-01-14 15:20:00,0.7152
2024-01-14 15:30:00,0.689
2024-01-14 15:40:00,0.8257
2024-01-14 15:50:00,0.8571
2024-01-14 16:00:00,0.5434
2024-01-14 16:10:00,0.8393
2024-01-14 16:20:00,1.2341
2024-01-14 16:30:00,0.7222
2024-01-14 16:40:00,0.9763
2024-01-14 16:50:00,1.3619
2024-01-14 17:00:00,1.3347
2024-01-14 17:10:00,1.2091
2024-01-14 17:20:00,1.4544
2024-01-14 17:30:00,1.5823
2024-01-14 17:40:00,1.6521
2024-01-14 17:50:00,1.9578
2024-01-14 18:00:00,2.1542
2024-01-14 18:10:00,2.4619
2024-01-14 18:20:00,2.6011
2024-01-14 18:30:00,2.8071
2024-01-14 18:40:00,3.2906
2024-01-14 18:50:00,3.8606
2024-01-14 19:00:00,3.9249
2024-01-14 19:10:00,4.1682
2024-01-14 19:20:00,4.6253
2024-01-14 19:30:00,4.7637
2024-01-14 19:40:00,5.3158
2024-01-14 19:50:00,5.2479
2024-01-14 20:00:00,5.5233
2024-01-14 20:10:00,5.4246
2024-01-14 20:20:00,5.6771
2024-01-14 20:30:00,5.6468
2024-01-14 20:40:00,5.5392
2024-01-14 20:50:00,5.3531
2024-01-14 21:00:00,5.1548
2024-01-14 21:10:00,5.0617
2024-01-14 21:20:00,4.8369
2024-01-14 21:30:00,4.4102
2024-01-14 21:40:00,4.133
2024-01-14 21:50:00,3.73
2024-01-14 22:00:00,3.3921
2024-01-14 22:10:00,2.9951
2024-01-14 22:20:00,2.6908
2024-01-14 22:30:00,2.778
2024-01-14 22:40:00,2.1329
2024-01-14 22:50:00,1.9268
2024-01-14 23:00:00,1.6723
2024-01-14 23:10:00,1.3761
2024-01-14 23:20:00,1.4498
2024-01-14 23:30:00,1.0807
2024-01-14 23:40:00,1.177
2024-01-14 23:50:00,0.8851
2024-01-15 00:00:00,0.2833
2024-01-15 00:10:00,0.4735
2024-01-15 00:20:00,0.2429
2024-01-15 00:30:00,0.4775
2024-01-15 00:40:00,0.2051
2024-01-15 00:50:00,0.322
2024-01-15 01:00:00,0.1396
2024-01-15 01:10:00,0.7614
2024-01-15 01:20:00,0.0723
2024-01-15 01:30:00,0.3041
2024-01-15 01:40:00,0.4563
2024-01-15 01:50:00,0.423
2024-01-15 02:00:00,0.3789
2024-01-15 02:10:00,0.1887
2024-01-15 02:20:00,0.426
2024-01-15 02:30:00,0.3498
2024-01-15 02:40:00,0.2368
2024-01-15 02:50:00,0.2362
2024-01-15 03:00:00,0.1529
2024-01-15 03:10:00,0.0637
2024-01-15 03:20:00,0.3905
2024-01-15 03:30:00,0.4096
2024-01-15 03:40:00,0.0908
2024-01-15 03:50:00,0.2133
2024-01-15 04:00:00,0.2297
2024-01-15 04:10:00,0.2627
2024-01-15 04:20:00,0.2945
2024-01-15 04:30:00,0.4446
2024-01-15 04:40:00,0.2083
2024-01-15 04:50:00,0.2108
2024-01-15 05:00:00,0.5398
2024-01-15 05:10:00,0.3005
2024-01-15 05:20:00,0.1947
2024-01-15 05:30:00,0.3244
2024-01-15 05:40:00,0.3591
2024-01-15 05:50:00,0.6519
2024-01-15 06:00:00,0.566
2024-01-15 06:10:00,0.6067
2024-01-15 06:20:00,0.5637
2024-01-15 06:30:00,0.5877
2024-01-15 06:40:00,0.3466
2024-01-15 06:50:00,0.4232
2024-01-15 07:00:00,0.3071
2024-01-15 07:10:00,0.426
2024-01-15 07:20:00,0.5617
2024-01-15 07:30:00,0.4804
2024-01-15 07:40:00,0.6578
2024-01-15 07:50:00,0.2904
2024-01-15 08:00:00,0.5371
2024-01-15 08:10:00,0.2752
2024-01-15 08:20:00,0.4768
2024-01-15 08:30:00,0.5739
2024-01-15 08:40:00,0.4307
2024-01-15 08:50:00,0.5457
2024-01-15 09:00:00,0.3191
2024-01-15 09:10:00,0.2135
2024-01-15 09:20:00,0.5466
2024-01-15 09:30:00,0.7247
2024-01-15 09:40:00,0.3137
2024-01-15 09:50:00,0.6464
2024-01-15 10:00:00,0.4696
2024-01-15 10:10:00,0.2628
2024-01-15 10:20:00,0.2934
2024-01-15 10:30:00,0.4655
2024-01-15 10:40:00,0.4025
2024-01-15 10:50:00,0.2662
2024-01-15 11:00:00,0.209
2024-01-15 11:10:00,0.3361
2024-01-15 11:20:00,0.4922
2024-01-15 11:30:00,0.4622
2024-01-15 11:40:00,0.3879
2024-01-15 11:50:00,0.4934
2024-01-15 12:00:00,0.6191
2024-01-15 12:10:00,0.5222
2024-01-15 12:20:00,0.4449
2024-01-15 12:30:00,0.6023
2024-01-15 12:40:00,0.3192
2024-01-15 12:50:00,0.4294
2024-01-15 13:00:00,0.433
2024-01-15 13:10:00,0.2777
2024-01-15 13:20:00,0.4003
2024-01-15 13:30:00,0.1521
2024-01-15 13:40:00,0.7503
2024-01-15 13:50:00,0.323
2024-01-15 14:00:00,0.7018
2024-01-15 14:10:00,0.47
2024-01-15 14:20:00,0.5497
2024-01-15 14:30:00,0.3926
2024-01-15 14:40:00,0.4985
2024-01-15 14:50:00,0.5668
2024-01-15 15:00:00,0.5718
2024-01-15 15:10:00,0.5922
2024-01-15 15:20:00,0.4262
2024-01-15 15:30:00,0.4168
2024-01-15 15:40:00,0.2597
2024-01-15 15:50:00,0.5906
2024-01-15 16:00:00,0.6918
2024-01-15 16:10:00,0.7943
2024-01-15 16:20:00,0.6262
2024-01-15 16:30:00,0.5014
2024-01-15 16:40:00,0.4063
2024-01-15 16:50:00,0.8716
2024-01-15 17:00:00,0.5117
2024-01-15 17:10:00,0.8082
2024-01-15 17:20:00,0.9175
2024-01-15 17:30:00,1.047
2024-01-15 17:40:00,1.1842
2024-01-15 17:50:00,1.3363
2024-01-15 18:00:00,1.1051
2024-01-15 18:10:00,1.6359
2024-01-15 18:20:00,1.4786
2024-01-15 18:30:00,2.1134
2024-01-15 18:40:00,2.1196
2024-01-15 18:50:00,2.0841
2024-01-15 19:00:00,2.4921
2024-01-15 19:10:00,2.7328
2024-01-15 19:20:00,3.1935
2024-01-15 19:30:00,3.2283
2024-01-15 19:40:00,3.4163
2024-01-15 19:50:00,3.684
2024-01-15 20:00:00,3.6058
2024-01-15 20:10:00,3.8133
2024-01-15 20:20:00,3.8454
2024-01-15 20:30:00,3.5525
2024-01-15 20:40:00,3.9277
2024-01-15 20:50:00,3.414
2024-01-15 21:00:00,3.6458
2024-01-15 21:10:00,3.1262
2024-01-15 21:20:00,3.259
2024-01-15 21:30:00,3.2388
2024-01-15 21:40:00,2.7008
2024-01-15 21:50:00,2.4576
2024-01-15 22:00:00,2.3482
2024-01-15 22:10:00,1.9719
2024-01-15 22:20:00,2.0688
2024-01-15 22:30:00,1.6146
2024-01-15 22:40:00,1.3459
2024-01-15 22:50:00,1.1417
2024-01-15 23:00:00,0.9335
2024-01-15 23:10:00,0.8517
2024-01-15 23:20:00,0.7864
2024-01-15 23:30:00,0.6781
2024-01-15 23:40:00,0.5819
2024-01-15 23:50:00,0.9397
2024-01-16 00:00:00,0.2738
2024-01-16 00:10:00,0.4417
2024-01-16 00:20:00,0.4985
2024-01-16 00:30:00,0.4926
2024-01-16 00:40:00,0.3763
2024-01-16 00:50:00,0.3347
2024-01-16 01:00:00,0.4229
2024-01-16 01:10:00,0.3785
2024-01-16 01:20:00,0.2823
2024-01-16 01:30:00,0.0691
2024-01-16 01:40:00,0.2153
2024-01-16 01:50:00,0.0962
2024-01-16 02:00:00,0.1517
2024-01-16 02:10:00,0.2419
2024-01-16 02:20:00,0.2777
2024-01-16 02:30:00,0.4804
2024-01-16 02:40:00,0.1248
2024-01-16 02:50:00,0.3168
2024-01-16 03:00:00,0.2449
2024-01-16 03:10:00,0.395
2024-01-16 03:20:00,0.2919
2024-01-16 03:30:00,0.062
2024-01-16 03:40:00,0.05
2024-01-16 03:50:00,0.2836
2024-01-16 04:00:00,0.1725
2024-01-16 04:10:00,0.1212
2024-01-16 04:20:00,0.0954
2024-01-16 04:30:00,0.3275
2024-01-16 04:40:00,0.5473
2024-01-16 04:50:00,0.2772
2024-01-16 05:00:00,0.4437
2024-01-16 05:10:00,0.3554
2024-01-16 05:20:00,0.1917
2024-01-16 05:30:00,0.5083
2024-01-16 05:40:00,0.2454
2024-01-16 05:50:00,0.4229
2024-01-16 06:00:00,0.3771
2024-01-16 06:10:00,0.5696
2024-01-16 06:20:00,0.2831
2024-01-16 06:30:00,0.5054
2024-01-16 06:40:00,0.3249
2024-01-16 06:50:00,0.3774
2024-01-16 07:00:00,0.05
2024-01-16 07:10:00,0.7724
2024-01-16 07:20:00,0.5427
2024-01-16 07:30:00,0.3462
2024-01-16 07:40:00,0.2934
2024-01-16 07:50:00,0.3884
2024-01-16 08:00:00,0.5707
2024-01-16 08:10:00,0.1797
2024-01-16 08:20:00,0.4425
2024-01-16 08:30:00,0.7295
2024-01-16 08:40:00,0.2939
2024-01-16 08:50:00,0.4762
2024-01-16 09:00:00,0.7946
2024-01-16 09:10:00,0.559
2024-01-16 09:20:00,0.4831
2024-01-16 09:30:00,0.5402
2024-01-16 09:40:00,0.4041
2024-01-16 09:50:00,0.6592
2024-01-16 10:00:00,0.4043
2024-01-16 10:10:00,0.1704
2024-01-16 10:20:00,0.4055
2024-01-16 10:30:00,0.3192
2024-01-16 10:40:00,0.4221
2024-01-16 10:50:00,0.4254
2024-01-16 11:00:00,0.6438
2024-01-16 11:10:00,0.5685
2024-01-16 11:20:00,0.5037
2024-01-16 11:30:00,0.4638
2024-01-16 11:40:00,0.3054
2024-01-16 11:50:00,0.1371
2024-01-16 12:00:00,0.4812
2024-01-16 12:10:00,0.5834
2024-01-16 12:20:00,0.448
2024-01-16 12:30:00,0.384
2024-01-16 12:40:00,0.5339
2024-01-16 12:50:00,0.4518
2024-01-16 13:00:00,0.7171
2024-01-16 13:10:00,0.6492
2024-01-16 13:20:00,0.6083
2024-01-16 13:30:00,0.5781
2024-01-16 13:40:00,0.271
2024-01-16 13:50:00,0.5642
2024-01-16 14:00:00,0.5215
2024-01-16 14:10:00,0.5564
2024-01-16 14:20:00,0.54
2024-01-16 14:30:00,0.5349
2024-01-16 14:40:00,0.8735
2024-01-16 14:50:00,0.459
2024-01-16 15:00:00,0.6137
2024-01-16 15:10:00,0.4065
2024-01-16 15:20:00,0.6012
2024-01-16 15:30:00,0.631
2024-01-16 15:40:00,0.5547
2024-01-16 15:50:00,0.7637
2024-01-16 16:00:00,0.3981
2024-01-16 16:10:00,0.4801
2024-01-16 16:20:00,0.6137
2024-01-16 16:30:00,0.75
2024-01-16 16:40:00,0.6894
2024-01-16 16:50:00,0.91
2024-01-16 17:00:00,0.6837
2024-01-16 17:10:00,0.6903
2024-01-16 17:20:00,0.9996
2024-01-16 17:30:00,1.0484
2024-01-16 17:40:00,1.2631
2024-01-16 17:50:00,1.3146
2024-01-16 18:00:00,1.4199
2024-01-16 18:10:00,1.6263
2024-01-16 18:20:00,1.8217
2024-01-16 18:30:00,1.9626
2024-01-16 18:40:00,2.1777
2024-01-16 18:50:00,2.3529
2024-01-16 19:00:00,2.749
2024-01-16 19:10:00,2.8542
2024-01-16 19:20:00,3.3606
2024-01-16 19:30:00,3.2306
2024-01-16 19:40:00,3.2901
2024-01-16 19:50:00,3.9159
2024-01-16 20:00:00,3.691
2024-01-16 20:10:00,3.8576
2024-01-16 20:20:00,3.8406
2024-01-16 20:30:00,3.8479
2024-01-16 20:40:00,3.796
2024-01-16 20:50:00,3.4704
2024-01-16 21:00:00,3.5718
2024-01-16 21:10:00,3.1631
2024-01-16 21:20:00,3.1503
2024-01-16 21:30:00,2.8577
2024-01-16 21:40:00,2.7929
2024-01-16 21:50:00,2.5522
2024-01-16 22:00:00,2.3342
2024-01-16 22:10:00,2.0693
2024-01-16 22:20:00,1.7094
2024-01-16 22:30:00,1.5504
2024-01-16 22:40:00,1.5353
2024-01-16 22:50:00,1.3859
2024-01-16 23:00:00,0.904
2024-01-16 23:10:00,0.7185
2024-01-16 23:20:00,0.732
2024-01-16 23:30:00,0.9099
2024-01-16 23:40:00,0.8645
2024-01-16 23:50:00,0.4877
2024-01-17 00:00:00,0.4755
2024-01-17 00:10:00,0.6959
2024-01-17 00:20:00,0.4729
2024-01-17 00:30:00,0.6123
2024-01-17 00:40:00,0.5359
2024-01-17 00:50:00,0.2352
2024-01-17 01:00:00,0.3276
2024-01-17 01:10:00,0.3446
2024-01-17 01:20:00,0.3376
2024-01-17 01:30:00,0.4416
2024-01-17 01:40:00,0.3476
2024-01-17 01:50:00,0.05
2024-01-17 02:00:00,0.0555
2024-01-17 02:10:00,0.05
2024-01-17 02:20:00,0.2508
2024-01-17 02:30:00,0.2499
2024-01-17 02:40:00,0.2484
2024-01-17 02:50:00,0.0573
2024-01-17 03:00:00,0.3006
2024-01-17 03:10:00,0.3085
2024-01-17 03:20:00,0.05
2024-01-17 03:30:00,0.05
2024-01-17 03:40:00,0.2245
2024-01-17 03:50:00,0.5063
2024-01-17 04:00:00,0.5074
2024-01-17 04:10:00,0.3534
2024-01-17 04:20:00,0.1768
2024-01-17 04:30:00,0.4371
2024-01-17 04:40:00,0.2541
2024-01-17 04:50:00,0.2243
2024-01-17 05:00:00,0.05
2024-01-17 05:10:00,0.3871
2024-01-17 05:20:00,0.2916
2024-01-17 05:30:00,0.4136
2024-01-17 05:40:00,0.0657
2024-01-17 05:50:00,0.4462
2024-01-17 06:00:00,0.0648
2024-01-17 06:10:00,0.6
2024-01-17 06:20:00,0.5212
2024-01-17 06:30:00,0.4061
2024-01-17 06:40:00,0.5364
2024-01-17 06:50:00,0.3086
2024-01-17 07:00:00,0.4687
2024-01-17 07:10:00,0.579
2024-01-17 07:20:00,0.05
2024-01-17 07:30:00,0.3954
2024-01-17 07:40:00,0.4599
2024-01-17 07:50:00,0.4345
2024-01-17 08:00:00,0.683
2024-01-17 08:10:00,0.2961
2024-01-17 08:20:00,0.3718
2024-01-17 08:30:00,0.1777
2024-01-17 08:40:00,0.6917
2024-01-17 08:50:00,0.4283
2024-01-17 09:00:00,0.3996
2024-01-17 09:10:00,0.4575
2024-01-17 09:20:00,0.5608
2024-01-17 09:30:00,0.5175
2024-01-17 09:40:00,0.8626
2024-01-17 09:50:00,0.5335
2024-01-17 10:00:00,0.3956
2024-01-17 10:10:00,0.3812
2024-01-17 10:20:00,0.4065
2024-01-17 10:30:00,0.2401
2024-01-17 10:40:00,0.4714
2024-01-17 10:50:00,0.5829
2024-01-17 11:00:00,0.3734
2024-01-17 11:10:00,0.3443
2024-01-17 11:20:00,0.6928
2024-01-17 11:30:00,0.2514
2024-01-17 11:40:00,0.1552
2024-01-17 11:50:00,0.2925
2024-01-17 12:00:00,0.2344
2024-01-17 12:10:00,0.5234
2024-01-17 12:20:00,0.4113
2024-01-17 12:30:00,0.4325
2024-01-17 12:40:00,0.6384
2024-01-17 12:50:00,0.3617
2024-01-17 13:00:00,0.5817
2024-01-17 13:10:00,0.6922
2024-01-17 13:20:00,0.3972
2024-01-17 13:30:00,0.5762
2024-01-17 13:40:00,0.4295
2024-01-17 13:50:00,0.6045
2024-01-17 14:00:00,0.2305
2024-01-17 14:10:00,0.2198
2024-01-17 14:20:00,0.4086
2024-01-17 14:30:00,0.3349
2024-01-17 14:40:00,0.3921
2024-01-17 14:50:00,0.4387
2024-01-17 15:00:00,0.5824
2024-01-17 15:10:00,0.4172
2024-01-17 15:20:00,0.3603
2024-01-17 15:30:00,0.4386
2024-01-17 15:40:00,0.386
2024-01-17 15:50:00,0.3746
2024-01-17 16:00:00,0.2901
2024-01-17 16:10:00,0.565
2024-01-17 16:20:00,0.498
2024-01-17 16:30:00,0.7644
2024-01-17 16:40:00,0.4471
2024-01-17 16:50:00,0.6376
2024-01-17 17:00:00,1.0569
2024-01-17 17:10:00,0.7226
2024-01-17 17:20:00,0.9204
2024-01-17 17:30:00,0.8803
2024-01-17 17:40:00,0.9824
2024-01-17 17:50:00,1.5542
2024-01-17 18:00:00,1.5003
2024-01-17 18:10:00,1.6618
2024-01-17 18:20:00,1.5675
2024-01-17 18:30:00,2.0673
2024-01-17 18:40:00,2.3874
2024-01-17 18:50:00,2.592
2024-01-17 19:00:00,2.7275
2024-01-17 19:10:00,2.6628
2024-01-17 19:20:00,3.0768
2024-01-17 19:30:00,3.3148
2024-01-17 19:40:00,3.1121
2024-01-17 19:50:00,3.356
2024-01-17 20:00:00,3.7714
2024-01-17 20:10:00,3.8499
2024-01-17 20:20:00,3.5291
2024-01-17 20:30:00,3.8833
2024-01-17 20:40:00,3.7394
2024-01-17 20:50:00,3.7622
2024-01-17 21:00:00,3.4304
2024-01-17 21:10:00,3.4672
2024-01-17 21:20:00,3.3111
2024-01-17 21:30:00,2.9214
2024-01-17 21:40:00,2.749
2024-01-17 21:50:00,2.4111
2024-01-17 22:00:00,2.5156
2024-01-17 22:10:00,2.0133
2024-01-17 22:20:00,1.6667
2024-01-17 22:30:00,1.4862
2024-01-17 22:40:00,1.4198
2024-01-17 22:50:00,1.3418
2024-01-17 23:00:00,0.8784
2024-01-17 23:10:00,1.2277
2024-01-17 23:20:00,0.8894
2024-01-17 23:30:00,0.825
2024-01-17 23:40:00,0.6695
2024-01-17 23:50:00,0.6309
2024-01-18 00:00:00,0.4083
2024-01-18 00:10:00,0.5745
2024-01-18 00:20:00,0.4106
2024-01-18 00:30:00,0.5152
2024-01-18 00:40:00,0.3221
2024-01-18 00:50:00,0.4021
2024-01-18 01:00:00,0.2364
2024-01-18 01:10:00,0.5228
2024-01-18 01:20:00,0.1978
2024-01-18 01:30:00,0.2562
2024-01-18 01:40:00,0.2398
2024-01-18 01:50:00,0.2165
2024-01-18 02:00:00,0.3615
2024-01-18 02:10:00,0.1906
2024-01-18 02:20:00,0.4342
2024-01-18 02:30:00,0.0916
2024-01-18 02:40:00,0.2319
2024-01-18 02:50:00,0.0853
2024-01-18 03:00:00,0.2631
2024-01-18 03:10:00,0.1992
2024-01-18 03:20:00,0.1832
2024-01-18 03:30:00,0.3927
2024-01-18 03:40:00,0.1269
2024-01-18 03:50:00,0.3261
2024-01-18 04:00:00,0.1378
2024-01-18 04:10:00,0.2865
2024-01-18 04:20:00,0.1077
2024-01-18 04:30:00,0.2055
2024-01-18 04:40:00,0.3105
2024-01-18 04:50:00,0.6125
2024-01-18 05:00:00,0.3722
2024-01-18 05:10:00,0.6209
2024-01-18 05:20:00,0.4202
2024-01-18 05:30:00,0.3421
2024-01-18 05:40:00,0.6427
2024-01-18 05:50:00,0.4874
2024-01-18 06:00:00,0.3342
2024-01-18 06:10:00,0.5085
2024-01-18 06:20:00,0.4002
2024-01-18 06:30:00,0.1508
2024-01-18 06:40:00,0.5936
2024-01-18 06:50:00,0.6207
2024-01-18 07:00:00,0.7347
2024-01-18 07:10:00,0.5244
2024-01-18 07:20:00,0.4253
2024-01-18 07:30:00,0.589
2024-01-18 07:40:00,0.592
2024-01-18 07:50:00,0.7109
2024-01-18 08:00:00,0.4589
2024-01-18 08:10:00,0.4411
2024-01-18 08:20:00,0.3589
2024-01-18 08:30:00,0.547
2024-01-18 08:40:00,0.2342
2024-01-18 08:50:00,0.5829
2024-01-18 09:00:00,0.5548
2024-01-18 09:10:00,0.5544
2024-01-18 09:20:00,0.4874
2024-01-18 09:30:00,0.6966
2024-01-18 09:40:00,0.5975
2024-01-18 09:50:00,0.3756
2024-01-18 10:00:00,0.3783
2024-01-18 10:10:00,0.3347
2024-01-18 10:20:00,0.5494
2024-01-18 10:30:00,0.3166
2024-01-18 10:40:00,0.6292
2024-01-18 10:50:00,0.6651
2024-01-18 11:00:00,0.3348
2024-01-18 11:10:00,0.4388
2024-01-18 11:20:00,0.4692
2024-01-18 11:30:00,0.5993
2024-01-18 11:40:00,0.7081
2024-01-18 11:50:00,0.2138
2024-01-18 12:00:00,0.4189
2024-01-18 12:10:00,0.4268
2024-01-18 12:20:00,0.2566
2024-01-18 12:30:00,0.3939
2024-01-18 12:40:00,0.5308
2024-01-18 12:50:00,0.4249
2024-01-18 13:00:00,0.235
2024-01-18 13:10:00,0.8979
2024-01-18 13:20:00,0.5067
2024-01-18 13:30:00,0.4836
2024-01-18 13:40:00,0.3023
2024-01-18 13:50:00,0.5063
2024-01-18 14:00:00,0.4428
2024-01-18 14:10:00,0.1846
2024-01-18 14:20:00,0.308
2024-01-18 14:30:00,0.5887
2024-01-18 14:40:00,0.7625
2024-01-18 14:50:00,0.5279
2024-01-18 15:00:00,0.6412
2024-01-18 15:10:00,0.4563
2024-01-18 15:20:00,0.4722
2024-01-18 15:30:00,0.6563
2024-01-18 15:40:00,0.7521
2024-01-18 15:50:00,0.7112
2024-01-18 16:00:00,0.3736
2024-01-18 16:10:00,0.5461
2024-01-18 16:20:00,0.6265
2024-01-18 16:30:00,0.5821
2024-01-18 16:40:00,0.7242
2024-01-18 16:50:00,0.8439
2024-01-18 17:00:00,0.9375
2024-01-18 17:10:00,1.1188
2024-01-18 17:20:00,0.909
2024-01-18 17:30:00,0.8609
2024-01-18 17:40:00,1.2416
2024-01-18 17:50:00,1.6082
2024-01-18 18:00:00,1.4071
2024-01-18 18:10:00,1.7492
2024-01-18 18:20:00,1.9312
2024-01-18 18:30:00,2.0476
2024-01-18 18:40:00,2.2207
2024-01-18 18:50:00,2.2876
2024-01-18 19:00:00,2.292
2024-01-18 19:10:00,2.6731
2024-01-18 19:20:00,2.9794
2024-01-18 19:30:00,3.3879
2024-01-18 19:40:00,3.3749
2024-01-18 19:50:00,3.4558
2024-01-18 20:00:00,3.5143
2024-01-18 20:10:00,3.8271
2024-01-18 20:20:00,3.9752
2024-01-18 20:30:00,3.9337
2024-01-18 20:40:00,3.8261
2024-01-18 20:50:00,3.4335
2024-01-18 21:00:00,3.4823
2024-01-18 21:10:00,3.6716
2024-01-18 21:20:00,3.3614
2024-01-18 21:30:00,2.7515
2024-01-18 21:40:00,2.7453
2024-01-18 21:50:00,2.5696
2024-01-18 22:00:00,2.1596
2024-01-18 22:10:00,1.6904
2024-01-18 22:20:00,1.8247
2024-01-18 22:30:00,1.4797
2024-01-18 22:40:00,1.287
2024-01-18 22:50:00,1.1789
2024-01-18 23:00:00,1.0616
2024-01-18 23:10:00,0.9517
2024-01-18 23:20:00,0.7128
2024-01-18 23:30:00,0.724
2024-01-18 23:40:00,0.4223
2024-01-18 23:50:00,0.6763
2024-01-19 00:00:00,0.05
2024-01-19 00:10:00,0.3796
2024-01-19 00:20:00,0.5508
2024-01-19 00:30:00,0.2424
2024-01-19 00:40:00,0.4957
2024-01-19 00:50:00,0.5471
2024-01-19 01:00:00,0.05
2024-01-19 01:10:00,0.3186
2024-01-19 01:20:00,0.05
2024-01-19 01:30:00,0.2881
2024-01-19 01:40:00,0.2868
2024-01-19 01:50:00,0.05
2024-01-19 02:00:00,0.5426
2024-01-19 02:10:00,0.2817
2024-01-19 02:20:00,0.0984
2024-01-19 02:30:00,0.4348
2024-01-19 02:40:00,0.05
2024-01-19 02:50:00,0.05
2024-01-19 03:00:00,0.05
2024-01-19 03:10:00,0.4724
2024-01-19 03:20:00,0.2569
2024-01-19 03:30:00,0.3139
2024-01-19 03:40:00,0.2709
2024-01-19 03:50:00,0.3249
2024-01-19 04:00:00,0.2656
2024-01-19 04:10:00,0.311
2024-01-19 04:20:00,0.304
2024-01-19 04:30:00,0.2145
2024-01-19 04:40:00,0.3167
2024-01-19 04:50:00,0.3823
2024-01-19 05:00:00,0.3746
2024-01-19 05:10:00,0.1521
2024-01-19 05:20:00,0.1865
2024-01-19 05:30:00,0.5637
2024-01-19 05:40:00,0.3669
2024-01-19 05:50:00,0.5108
2024-01-19 06:00:00,0.268
2024-01-19 06:10:00,0.2182
2024-01-19 06:20:00,0.3188
2024-01-19 06:30:00,0.417
2024-01-19 06:40:00,0.3547
2024-01-19 06:50:00,0.6519
2024-01-19 07:00:00,0.4873
2024-01-19 07:10:00,0.7397
2024-01-19 07:20:00,0.5245
2024-01-19 07:30:00,0.1031
2024-01-19 07:40:00,0.6243
2024-01-19 07:50:00,0.2401
2024-01-19 08:00:00,0.5015
2024-01-19 08:10:00,0.3511
2024-01-19 08:20:00,0.7889
2024-01-19 08:30:00,0.6836
2024-01-19 08:40:00,0.3565
2024-01-19 08:50:00,0.4487
2024-01-19 09:00:00,0.5046
2024-01-19 09:10:00,0.5974
2024-01-19 09:20:00,0.4723
2024-01-19 09:30:00,0.3142
2024-01-19 09:40:00,0.3603
2024-01-19 09:50:00,0.4673
2024-01-19 10:00:00,0.6532
2024-01-19 10:10:00,0.5322
2024-01-19 10:20:00,0.352
2024-01-19 10:30:00,0.5652
2024-01-19 10:40:00,0.4099
2024-01-19 10:50:00,0.6015
2024-01-19 11:00:00,0.847
2024-01-19 11:10:00,0.4142
2024-01-19 11:20:00,0.5882
2024-01-19 11:30:00,0.3562
2024-01-19 11:40:00,0.4511
2024-01-19 11:50:00,0.4724
2024-01-19 12:00:00,0.4389
2024-01-19 12:10:00,0.8374
2024-01-19 12:20:00,0.422
2024-01-19 12:30:00,0.556
2024-01-19 12:40:00,0.1785
2024-01-19 12:50:00,0.5328
2024-01-19 13:00:00,0.6393
2024-01-19 13:10:00,0.3889
2024-01-19 13:20:00,0.0916
2024-01-19 13:30:00,0.4624
2024-01-19 13:40:00,0.4709
2024-01-19 13:50:00,0.5771
2024-01-19 14:00:00,0.7704
2024-01-19 14:10:00,0.4122
2024-01-19 14:20:00,0.3414
2024-01-19 14:30:00,0.2958
2024-01-19 14:40:00,0.5019
2024-01-19 14:50:00,0.5461
2024-01-19 15:00:00,0.3952
2024-01-19 15:10:00,0.5978
2024-01-19 15:20:00,0.5563
2024-01-19 15:30:00,0.5005
2024-01-19 15:40:00,0.3687
2024-01-19 15:50:00,0.4452
2024-01-19 16:00:00,0.1706
2024-01-19 16:10:00,0.5931
2024-01-19 16:20:00,0.5905
2024-01-19 16:30:00,0.6511
2024-01-19 16:40:00,0.7435
2024-01-19 16:50:00,0.7808
2024-01-19 17:00:00,0.7728
2024-01-19 17:10:00,0.8757
2024-01-19 17:20:00,0.7505
2024-01-19 17:30:00,0.981
2024-01-19 17:40:00,1.1988
2024-01-19 17:50:00,1.219
2024-01-19 18:00:00,1.6119
2024-01-19 18:10:00,1.552
2024-01-19 18:20:00,1.8645
2024-01-19 18:30:00,2.0421
2024-01-19 18:40:00,2.3379
2024-01-19 18:50:00,2.5681
2024-01-19 19:00:00,2.7458
2024-01-19 19:10:00,2.532
2024-01-19 19:20:00,3.2257
2024-01-19 19:30:00,3.4615
2024-01-19 19:40:00,3.3277
2024-01-19 19:50:00,3.5792
2024-01-19 20:00:00,3.5247
2024-01-19 20:10:00,3.4468
2024-01-19 20:20:00,3.6714
2024-01-19 20:30:00,3.7038
2024-01-19 20:40:00,3.6925
2024-01-19 20:50:00,3.5213
2024-01-19 21:00:00,3.435
2024-01-19 21:10:00,3.3874
2024-01-19 21:20:00,3.0866
2024-01-19 21:30:00,3.0721
2024-01-19 21:40:00,2.8637
2024-01-19 21:50:00,2.8793
2024-01-19 22:00:00,2.4492
2024-01-19 22:10:00,2.079
2024-01-19 22:20:00,1.7219
2024-01-19 22:30:00,1.6465
2024-01-19 22:40:00,1.4575
2024-01-19 22:50:00,1.1586
2024-01-19 23:00:00,1.2023
2024-01-19 23:10:00,0.7461
2024-01-19 23:20:00,0.8111
2024-01-19 23:30:00,0.8425
2024-01-19 23:40:00,0.6447
2024-01-19 23:50:00,0.6004
2024-01-20 00:00:00,0.6289
2024-01-20 00:10:00,0.5111
2024-01-20 00:20:00,0.7973
2024-01-20 00:30:00,0.451
2024-01-20 00:40:00,0.6318
2024-01-20 00:50:00,0.6244
2024-01-20 01:00:00,0.3964
2024-01-20 01:10:00,0.5244
2024-01-20 01:20:00,0.3506
2024-01-20 01:30:00,0.6687
2024-01-20 01:40:00,0.2622
2024-01-20 01:50:00,0.3087
2024-01-20 02:00:00,0.1983
2024-01-20 02:10:00,0.1556
2024-01-20 02:20:00,0.5783
2024-01-20 02:30:00,0.4049
2024-01-20 02:40:00,0.3326
2024-01-20 02:50:00,0.2057
2024-01-20 03:00:00,0.4379
2024-01-20 03:10:00,0.1806
2024-01-20 03:20:00,0.4306
2024-01-20 03:30:00,0.1926
2024-01-20 03:40:00,0.2429
2024-01-20 03:50:00,0.473
2024-01-20 04:00:00,0.5115
2024-01-20 04:10:00,0.4964
2024-01-20 04:20:00,0.2756
2024-01-20 04:30:00,0.393
2024-01-20 04:40:00,0.5106
2024-01-20 04:50:00,0.386
2024-01-20 05:00:00,0.7443
2024-01-20 05:10:00,0.202
2024-01-20 05:20:00,0.4673
2024-01-20 05:30:00,0.5273
2024-01-20 05:40:00,0.1946
2024-01-20 05:50:00,0.4271
2024-01-20 06:00:00,0.7434
2024-01-20 06:10:00,0.6653
2024-01-20 06:20:00,0.906
2024-01-20 06:30:00,0.9094
2024-01-20 06:40:00,0.7487
2024-01-20 06:50:00,0.7357
2024-01-20 07:00:00,0.7025
2024-01-20 07:10:00,0.2973
2024-01-20 07:20:00,0.4887
2024-01-20 07:30:00,0.7147
2024-01-20 07:40:00,0.7933
2024-01-20 07:50:00,0.7453
2024-01-20 08:00:00,0.5686
2024-01-20 08:10:00,0.8436
2024-01-20 08:20:00,0.9257
2024-01-20 08:30:00,0.8443
2024-01-20 08:40:00,0.8522
2024-01-20 08:50:00,0.62
2024-01-20 09:00:00,0.8653
2024-01-20 09:10:00,0.7258
2024-01-20 09:20:00,0.7807
2024-01-20 09:30:00,0.7588
2024-01-20 09:40:00,0.6858
2024-01-20 09:50:00,0.5751
2024-01-20 10:00:00,0.6917
2024-01-20 10:10:00,0.8521
2024-01-20 10:20:00,0.6378
2024-01-20 10:30:00,0.8381
2024-01-20 10:40:00,0.8146
2024-01-20 10:50:00,0.6592
2024-01-20 11:00:00,0.9124
2024-01-20 11:10:00,0.6507
2024-01-20 11:20:00,0.9305
2024-01-20 11:30:00,0.7692
2024-01-20 11:40:00,0.7017
2024-01-20 11:50:00,0.5709
2024-01-20 12:00:00,0.6908
2024-01-20 12:10:00,0.6735
2024-01-20 12:20:00,0.5153
2024-01-20 12:30:00,0.6714
2024-01-20 12:40:00,0.5835
2024-01-20 12:50:00,0.792
2024-01-20 13:00:00,0.9001
2024-01-20 13:10:00,0.5201
2024-01-20 13:20:00,0.9611
2024-01-20 13:30:00,0.6851
2024-01-20 13:40:00,0.5583
2024-01-20 13:50:00,0.8185
2024-01-20 14:00:00,0.6383
2024-01-20 14:10:00,0.6936
2024-01-20 14:20:00,0.6462
2024-01-20 14:30:00,0.5858
2024-01-20 14:40:00,0.819
2024-01-20 14:50:00,0.6705
2024-01-20 15:00:00,0.5022
2024-01-20 15:10:00,0.8063
2024-01-20 15:20:00,0.5511
2024-01-20 15:30:00,0.5702
2024-01-20 15:40:00,0.9373
2024-01-20 15:50:00,0.5991
2024-01-20 16:00:00,0.4575
2024-01-20 16:10:00,0.9324
2024-01-20 16:20:00,0.8369
2024-01-20 16:30:00,0.9044
2024-01-20 16:40:00,0.9576
2024-01-20 16:50:00,1.1223
2024-01-20 17:00:00,1.0746
2024-01-20 17:10:00,1.5278
2024-01-20 17:20:00,1.2246
2024-01-20 17:30:00,1.6743
2024-01-20 17:40:00,1.8885
2024-01-20 17:50:00,1.8861
2024-01-20 18:00:00,2.0773
2024-01-20 18:10:00,2.6362
2024-01-20 18:20:00,2.6076
2024-01-20 18:30:00,2.9549
2024-01-20 18:40:00,3.482
2024-01-20 18:50:00,3.6655
2024-01-20 19:00:00,3.7048
2024-01-20 19:10:00,4.5466
2024-01-20 19:20:00,4.5039
2024-01-20 19:30:00,4.8026
2024-01-20 19:40:00,5.1535
2024-01-20 19:50:00,5.4251
2024-01-20 20:00:00,5.7979
2024-01-20 20:10:00,5.3763
2024-01-20 20:20:00,5.814
2024-01-20 20:30:00,5.8055
2024-01-20 20:40:00,5.6147
2024-01-20 20:50:00,5.6321
2024-01-20 21:00:00,5.4735
2024-01-20 21:10:00,4.8913
2024-01-20 21:20:00,5.0799
2024-01-20 21:30:00,4.2654
2024-01-20 21:40:00,3.9842
2024-01-20 21:50:00,3.7554
2024-01-20 22:00:00,3.7194
2024-01-20 22:10:00,3.0267
2024-01-20 22:20:00,2.7257
2024-01-20 22:30:00,2.6256
2024-01-20 22:40:00,2.074
2024-01-20 22:50:00,1.6822
2024-01-20 23:00:00,1.5693
2024-01-20 23:10:00,1.6435
2024-01-20 23:20:00,1.2861
2024-01-20 23:30:00,1.4317
2024-01-20 23:40:00,1.1455
2024-01-20 23:50:00,0.8532
2024-01-21 00:00:00,0.6593
2024-01-21 00:10:00,0.5105
2024-01-21 00:20:00,0.5229
2024-01-21 00:30:00,1.2775
2024-01-21 00:40:00,0.7387
2024-01-21 00:50:00,0.6932
2024-01-21 01:00:00,0.4469
2024-01-21 01:10:00,0.7505
2024-01-21 01:20:00,0.6535
2024-01-21 01:30:00,0.7437
2024-01-21 01:40:00,0.7094
2024-01-21 01:50:00,0.1862
2024-01-21 02:00:00,0.2166
2024-01-21 02:10:00,0.2098
2024-01-21 02:20:00,0.199
2024-01-21 02:30:00,0.373
2024-01-21 02:40:00,0.2275
2024-01-21 02:50:00,0.6161
2024-01-21 03:00:00,0.5884
2024-01-21 03:10:00,0.3042
2024-01-21 03:20:00,0.6058
2024-01-21 03:30:00,0.5477
2024-01-21 03:40:00,0.273
2024-01-21 03:50:00,0.059
2024-01-21 04:00:00,0.3504
2024-01-21 04:10:00,0.3113
2024-01-21 04:20:00,0.4654
2024-01-21 04:30:00,0.4749
2024-01-21 04:40:00,0.498
2024-01-21 04:50:00,0.5936
2024-01-21 05:00:00,0.3585
2024-01-21 05:10:00,0.6258
2024-01-21 05:20:00,0.52
2024-01-21 05:30:00,0.6356
2024-01-21 05:40:00,0.7668
2024-01-21 05:50:00,0.4548
2024-01-21 06:00:00,0.6094
2024-01-21 06:10:00,0.645
2024-01-21 06:20:00,0.5949
2024-01-21 06:30:00,0.8147
2024-01-21 06:40:00,0.5779
2024-01-21 06:50:00,0.6075
2024-01-21 07:00:00,0.5882
2024-01-21 07:10:00,0.8615
2024-01-21 07:20:00,0.6262
2024-01-21 07:30:00,0.7708
2024-01-21 07:40:00,0.9994
2024-01-21 07:50:00,0.6928
2024-01-21 08:00:00,0.8715
2024-01-21 08:10:00,0.9559
2024-01-21 08:20:00,0.8596
2024-01-21 08:30:00,0.7032
2024-01-21 08:40:00,0.8022
2024-01-21 08:50:00,0.5129
2024-01-21 09:00:00,0.5891
2024-01-21 09:10:00,0.6155
2024-01-21 09:20:00,1.0423
2024-01-21 09:30:00,0.5843
2024-01-21 09:40:00,0.5821
2024-01-21 09:50:00,0.5497
2024-01-21 10:00:00,0.7902
2024-01-21 10:10:00,0.7276
2024-01-21 10:20:00,0.8693
2024-01-21 10:30:00,0.8069
2024-01-21 10:40:00,0.4992
2024-01-21 10:50:00,0.5852
2024-01-21 11:00:00,0.9111
2024-01-21 11:10:00,0.6758
2024-01-21 11:20:00,0.8844
2024-01-21 11:30:00,0.6838
2024-01-21 11:40:00,0.5611
2024-01-21 11:50:00,0.6608
2024-01-21 12:00:00,0.561
2024-01-21 12:10:00,0.6214
2024-01-21 12:20:00,0.7364
2024-01-21 12:30:00,0.783
2024-01-21 12:40:00,0.4677
2024-01-21 12:50:00,0.7037
2024-01-21 13:00:00,0.6183
2024-01-21 13:10:00,0.6091
2024-01-21 13:20:00,0.7263
2024-01-21 13:30:00,0.624
2024-01-21 13:40:00,0.914
2024-01-21 13:50:00,0.8852
2024-01-21 14:00:00,0.8847
2024-01-21 14:10:00,0.6339
2024-01-21 14:20:00,0.5647
2024-01-21 14:30:00,0.7228
2024-01-21 14:40:00,0.6901
2024-01-21 14:50:00,0.6243
2024-01-21 15:00:00,0.5436
2024-01-21 15:10:00,0.7197
2024-01-21 15:20:00,0.6736
2024-01-21 15:30:00,0.8488
2024-01-21 15:40:00,0.8605
2024-01-21 15:50:00,0.9461
2024-01-21 16:00:00,0.6185
2024-01-21 16:10:00,0.9018
2024-01-21 16:20:00,0.7761
2024-01-21 16:30:00,0.7569
2024-01-21 16:40:00,0.9436
2024-01-21 16:50:00,1.2513
2024-01-21 17:00:00,1.1353
2024-01-21 17:10:00,1.5453
2024-01-21 17:20:00,1.5328
2024-01-21 17:30:00,1.5535
2024-01-21 17:40:00,1.9717
2024-01-21 17:50:00,2.073
2024-01-21 18:00:00,2.0979
2024-01-21 18:10:00,2.7701
2024-01-21 18:20:00,2.8037
2024-01-21 18:30:00,3.0582
2024-01-21 18:40:00,3.231
2024-01-21 18:50:00,3.8486
2024-01-21 19:00:00,4.0643
2024-01-21 19:10:00,4.3922
2024-01-21 19:20:00,4.5215
2024-01-21 19:30:00,5.0033
2024-01-21 19:40:00,5.2678
2024-01-21 19:50:00,5.2476
2024-01-21 20:00:00,5.3083
2024-01-21 20:10:00,5.73
2024-01-21 20:20:00,5.4718
2024-01-21 20:30:00,5.7346
2024-01-21 20:40:00,5.5857
2024-01-21 20:50:00,5.714
2024-01-21 21:00:00,5.291
2024-01-21 21:10:00,5.2806
2024-01-21 21:20:00,4.7553
2024-01-21 21:30:00,4.6631
2024-01-21 21:40:00,4.4765
2024-01-21 21:50:00,3.6462
2024-01-21 22:00:00,3.4851
2024-01-21 22:10:00,3.4948
2024-01-21 22:20:00,2.749
2024-01-21 22:30:00,2.4275
2024-01-21 22:40:00,2.2439
2024-01-21 22:50:00,1.8709
2024-01-21 23:00:00,1.3809
2024-01-21 23:10:00,1.6122
2024-01-21 23:20:00,0.979
2024-01-21 23:30:00,1.0832
2024-01-21 23:40:00,1.2191
2024-01-21 23:50:00,0.8994
2024-01-22 00:00:00,0.3318
2024-01-22 00:10:00,0.5589
2024-01-22 00:20:00,0.2891
2024-01-22 00:30:00,0.2217
2024-01-22 00:40:00,0.433
2024-01-22 00:50:00,0.3498
2024-01-22 01:00:00,0.1748
2024-01-22 01:10:00,0.44
2024-01-22 01:20:00,0.3964
2024-01-22 01:30:00,0.2547
2024-01-22 01:40:00,0.2468
2024-01-22 01:50:00,0.3435
2024-01-22 02:00:00,0.4348
2024-01-22 02:10:00,0.1986
2024-01-22 02:20:00,0.326
2024-01-22 02:30:00,0.3018
2024-01-22 02:40:00,0.3409
2024-01-22 02:50:00,0.21
2024-01-22 03:00:00,0.0656
2024-01-22 03:10:00,0.1347
2024-01-22 03:20:00,0.2605
2024-01-22 03:30:00,0.4898
2024-01-22 03:40:00,0.1552
2024-01-22 03:50:00,0.3618
2024-01-22 04:00:00,0.207
2024-01-22 04:10:00,0.2895
2024-01-22 04:20:00,0.5178
2024-01-22 04:30:00,0.4233
2024-01-22 04:40:00,0.1406
2024-01-22 04:50:00,0.2586
2024-01-22 05:00:00,0.5498
2024-01-22 05:10:00,0.3985
2024-01-22 05:20:00,0.2195
2024-01-22 05:30:00,0.2822
2024-01-22 05:40:00,0.5223
2024-01-22 05:50:00,0.5762
2024-01-22 06:00:00,0.4385
2024-01-22 06:10:00,0.8146
2024-01-22 06:20:00,0.5731
2024-01-22 06:30:00,0.4181
2024-01-22 06:40:00,0.3364
2024-01-22 06:50:00,0.3158
2024-01-22 07:00:00,0.515
2024-01-22 07:10:00,0.3933
2024-01-22 07:20:00,0.7193
2024-01-22 07:30:00,0.6893
2024-01-22 07:40:00,0.5652
2024-01-22 07:50:00,0.294
2024-01-22 08:00:00,0.3705
2024-01-22 08:10:00,0.66
2024-01-22 08:20:00,0.3874
2024-01-22 08:30:00,0.6404
2024-01-22 08:40:00,0.5433
2024-01-22 08:50:00,0.48
2024-01-22 09:00:00,0.3668
2024-01-22 09:10:00,0.4582
2024-01-22 09:20:00,0.5008
2024-01-22 09:30:00,0.6272
2024-01-22 09:40:00,0.3395
2024-01-22 09:50:00,0.4329
2024-01-22 10:00:00,0.4791
2024-01-22 10:10:00,0.5718
2024-01-22 10:20:00,0.3361
2024-01-22 10:30:00,0.2749
2024-01-22 10:40:00,0.5735
2024-01-22 10:50:00,0.2447
2024-01-22 11:00:00,0.6651
2024-01-22 11:10:00,0.449
2024-01-22 11:20:00,0.2402
2024-01-22 11:30:00,0.4003
2024-01-22 11:40:00,0.5292
2024-01-22 11:50:00,0.3925
2024-01-22 12:00:00,0.4754
2024-01-22 12:10:00,0.5834
2024-01-22 12:20:00,0.442
2024-01-22 12:30:00,0.3318
2024-01-22 12:40:00,0.4275
2024-01-22 12:50:00,0.6846
2024-01-22 13:00:00,0.7252
2024-01-22 13:10:00,0.1694
2024-01-22 13:20:00,0.6361
2024-01-22 13:30:00,0.5101
2024-01-22 13:40:00,0.6113
2024-01-22 13:50:00,0.3903
2024-01-22 14:00:00,0.2079
2024-01-22 14:10:00,0.5613
2024-01-22 14:20:00,0.3331
2024-01-22 14:30:00,0.267
2024-01-22 14:40:00,0.2788
2024-01-22 14:50:00,0.5688
2024-01-22 15:00:00,0.5024
2024-01-22 15:10:00,0.6029
2024-01-22 15:20:00,0.5914
2024-01-22 15:30:00,0.4355
2024-01-22 15:40:00,0.4982
2024-01-22 15:50:00,0.4456
2024-01-22 16:00:00,0.5085
2024-01-22 16:10:00,0.4178
2024-01-22 16:20:00,0.6506
2024-01-22 16:30:00,0.7899
2024-01-22 16:40:00,0.5516
2024-01-22 16:50:00,0.9218
2024-01-22 17:00:00,0.8137
2024-01-22 17:10:00,0.9126
2024-01-22 17:20:00,0.7152
2024-01-22 17:30:00,0.8075
2024-01-22 17:40:00,1.224
2024-01-22 17:50:00,1.4603
2024-01-22 18:00:00,1.396
2024-01-22 18:10:00,1.9168
2024-01-22 18:20:00,1.9594
2024-01-22 18:30:00,1.9073
2024-01-22 18:40:00,2.2514
2024-01-22 18:50:00,2.8272
2024-01-22 19:00:00,2.48
2024-01-22 19:10:00,2.9538
2024-01-22 19:20:00,3.0266
2024-01-22 19:30:00,3.3687
2024-01-22 19:40:00,3.6218
2024-01-22 19:50:00,3.5189
2024-01-22 20:00:00,3.8603
2024-01-22 20:10:00,4.1072
2024-01-22 20:20:00,3.8274
2024-01-22 20:30:00,3.9379
2024-01-22 20:40:00,3.6922
2024-01-22 20:50:00,3.7023
2024-01-22 21:00:00,3.5517
2024-01-22 21:10:00,3.5402
2024-01-22 21:20:00,3.4127
2024-01-22 21:30:00,3.0021
2024-01-22 21:40:00,3.0173
2024-01-22 21:50:00,2.7753
2024-01-22 22:00:00,2.4287
2024-01-22 22:10:00,1.9842
2024-01-22 22:20:00,1.7401
2024-01-22 22:30:00,1.4955
2024-01-22 22:40:00,1.5641
2024-01-22 22:50:00,1.0654
2024-01-22 23:00:00,1.1964
2024-01-22 23:10:00,0.8025
2024-01-22 23:20:00,0.9793
2024-01-22 23:30:00,0.7688
2024-01-22 23:40:00,0.8943
2024-01-22 23:50:00,0.8086
2024-01-23 00:00:00,0.6526
2024-01-23 00:10:00,0.6476
2024-01-23 00:20:00,0.4397
2024-01-23 00:30:00,0.2326
2024-01-23 00:40:00,0.2353
2024-01-23 00:50:00,0.0655
2024-01-23 01:00:00,0.2001
2024-01-23 01:10:00,0.356
2024-01-23 01:20:00,0.2439
2024-01-23 01:30:00,0.2827
2024-01-23 01:40:00,0.3654
2024-01-23 01:50:00,0.2282
2024-01-23 02:00:00,0.0888
2024-01-23 02:10:00,0.2339
2024-01-23 02:20:00,0.0938
2024-01-23 02:30:00,0.1771
2024-01-23 02:40:00,0.4111
2024-01-23 02:50:00,0.1642
2024-01-23 03:00:00,0.4688
2024-01-23 03:10:00,0.4195
2024-01-23 03:20:00,0.1228
2024-01-23 03:30:00,0.0511
2024-01-23 03:40:00,0.2207
2024-01-23 03:50:00,0.4149
2024-01-23 04:00:00,0.1836
2024-01-23 04:10:00,0.41
2024-01-23 04:20:00,0.4728
2024-01-23 04:30:00,0.1936
2024-01-23 04:40:00,0.2265
2024-01-23 04:50:00,0.4525
2024-01-23 05:00:00,0.3854
2024-01-23 05:10:00,0.2756
2024-01-23 05:20:00,0.3404
2024-01-23 05:30:00,0.3958
2024-01-23 05:40:00,0.1835
2024-01-23 05:50:00,0.5433
2024-01-23 06:00:00,0.3655
2024-01-23 06:10:00,0.05
2024-01-23 06:20:00,0.4474
2024-01-23 06:30:00,0.3449
2024-01-23 06:40:00,0.7136
2024-01-23 06:50:00,0.3758
2024-01-23 07:00:00,0.3016
2024-01-23 07:10:00,0.5444
2024-01-23 07:20:00,0.3707
2024-01-23 07:30:00,0.354
2024-01-23 07:40:00,0.5482
2024-01-23 07:50:00,0.3164
2024-01-23 08:00:00,0.2543
2024-01-23 08:10:00,0.7321
2024-01-23 08:20:00,0.5604
2024-01-23 08:30:00,0.434
2024-01-23 08:40:00,0.4732
2024-01-23 08:50:00,0.5497
2024-01-23 09:00:00,0.6199
2024-01-23 09:10:00,0.3605
2024-01-23 09:20:00,0.5288
2024-01-23 09:30:00,0.3979
2024-01-23 09:40:00,0.4456
2024-01-23 09:50:00,0.498
2024-01-23 10:00:00,0.4729
2024-01-23 10:10:00,0.5843
2024-01-23 10:20:00,0.547
2024-01-23 10:30:00,0.2477
2024-01-23 10:40:00,0.2703
2024-01-23 10:50:00,0.4185
2024-01-23 11:00:00,0.7482
2024-01-23 11:10:00,0.3462
2024-01-23 11:20:00,0.4427
2024-01-23 11:30:00,0.3935
2024-01-23 11:40:00,0.3908
2024-01-23 11:50:00,0.5007
2024-01-23 12:00:00,0.6841
2024-01-23 12:10:00,0.5424
2024-01-23 12:20:00,0.3534
2024-01-23 12:30:00,0.8869
2024-01-23 12:40:00,0.4858
2024-01-23 12:50:00,0.3874
2024-01-23 13:00:00,0.6858
2024-01-23 13:10:00,0.4037
2024-01-23 13:20:00,0.7235
2024-01-23 13:30:00,0.3436
2024-01-23 13:40:00,0.6888
2024-01-23 13:50:00,0.5046
2024-01-23 14:00:00,0.6684
2024-01-23 14:10:00,0.7605
2024-01-23 14:20:00,0.3059
2024-01-23 14:30:00,0.6682
2024-01-23 14:40:00,0.2669
2024-01-23 14:50:00,0.3232
2024-01-23 15:00:00,0.3626
2024-01-23 15:10:00,0.5627
2024-01-23 15:20:00,0.4977
2024-01-23 15:30:00,0.4752
2024-01-23 15:40:00,0.5325
2024-01-23 15:50:00,0.6128
2024-01-23 16:00:00,0.6421
2024-01-23 16:10:00,0.7289
2024-01-23 16:20:00,0.867
2024-01-23 16:30:00,0.6276
2024-01-23 16:40:00,0.5982
2024-01-23 16:50:00,0.8241
2024-01-23 17:00:00,0.6277
2024-01-23 17:10:00,0.7776
2024-01-23 17:20:00,1.1233
2024-01-23 17:30:00,1.0636
2024-01-23 17:40:00,1.0252
2024-01-23 17:50:00,1.1229
2024-01-23 18:00:00,1.509
2024-01-23 18:10:00,1.8431
2024-01-23 18:20:00,2.0247
2024-01-23 18:30:00,2.0671
2024-01-23 18:40:00,2.5557
2024-01-23 18:50:00,2.4483
2024-01-23 19:00:00,2.6546
2024-01-23 19:10:00,2.4991
2024-01-23 19:20:00,3.0183
2024-01-23 19:30:00,3.4014
2024-01-23 19:40:00,3.6779
2024-01-23 19:50:00,3.4643
2024-01-23 20:00:00,3.7743
2024-01-23 20:10:00,3.9438
2024-01-23 20:20:00,3.8321
2024-01-23 20:30:00,3.4906
2024-01-23 20:40:00,3.8306
2024-01-23 20:50:00,3.8261
2024-01-23 21:00:00,3.4481
2024-01-23 21:10:00,3.3941
2024-01-23 21:20:00,3.0696
2024-01-23 21:30:00,2.6432
2024-01-23 21:40:00,2.9507
2024-01-23 21:50:00,2.5539
2024-01-23 22:00:00,2.5491
2024-01-23 22:10:00,2.1972
2024-01-23 22:20:00,1.785
2024-01-23 22:30:00,1.6104
2024-01-23 22:40:00,1.5114
2024-01-23 22:50:00,1.3964
2024-01-23 23:00:00,1.147
2024-01-23 23:10:00,1.1338
2024-01-23 23:20:00,0.8141
2024-01-23 23:30:00,0.6193
2024-01-23 23:40:00,0.6869
2024-01-23 23:50:00,0.6703
2024-01-24 00:00:00,0.2586
2024-01-24 00:10:00,0.2295
2024-01-24 00:20:00,0.4868
2024-01-24 00:30:00,0.3469
2024-01-24 00:40:00,0.3697
2024-01-24 00:50:00,0.3259
2024-01-24 01:00:00,0.592
2024-01-24 01:10:00,0.5361
2024-01-24 01:20:00,0.1434
2024-01-24 01:30:00,0.2309
2024-01-24 01:40:00,0.42
2024-01-24 01:50:00,0.3651
2024-01-24 02:00:00,0.2518
2024-01-24 02:10:00,0.0721
2024-01-24 02:20:00,0.127
2024-01-24 02:30:00,0.141
2024-01-24 02:40:00,0.252
2024-01-24 02:50:00,0.4611
2024-01-24 03:00:00,0.1008
2024-01-24 03:10:00,0.0516
2024-01-24 03:20:00,0.1942
2024-01-24 03:30:00,0.3733
2024-01-24 03:40:00,0.05
2024-01-24 03:50:00,0.4607
2024-01-24 04:00:00,0.2322
2024-01-24 04:10:00,0.1646
2024-01-24 04:20:00,0.0525
2024-01-24 04:30:00,0.4167
2024-01-24 04:40:00,0.3033
2024-01-24 04:50:00,0.3724
2024-01-24 05:00:00,0.2288
2024-01-24 05:10:00,0.332
2024-01-24 05:20:00,0.3216
2024-01-24 05:30:00,0.3928
2024-01-24 05:40:00,0.3192
2024-01-24 05:50:00,0.1998
2024-01-24 06:00:00,0.8481
2024-01-24 06:10:00,0.2418
2024-01-24 06:20:00,0.4798
2024-01-24 06:30:00,0.1919
2024-01-24 06:40:00,0.1624
2024-01-24 06:50:00,0.4799
2024-01-24 07:00:00,0.494
2024-01-24 07:10:00,0.6591
2024-01-24 07:20:00,0.5314
2024-01-24 07:30:00,0.4501
2024-01-24 07:40:00,0.331
2024-01-24 07:50:00,0.699
2024-01-24 08:00:00,0.6139
2024-01-24 08:10:00,0.2879
2024-01-24 08:20:00,0.4808
2024-01-24 08:30:00,0.4969
2024-01-24 08:40:00,0.4235
2024-01-24 08:50:00,0.5912
2024-01-24 09:00:00,0.6003
2024-01-24 09:10:00,0.447
2024-01-24 09:20:00,0.4334
2024-01-24 09:30:00,0.7004
2024-01-24 09:40:00,0.6155
2024-01-24 09:50:00,0.4865
2024-01-24 10:00:00,0.2312
2024-01-24 10:10:00,0.5272
2024-01-24 10:20:00,0.5803
2024-01-24 10:30:00,0.0624
2024-01-24 10:40:00,0.5134
2024-01-24 10:50:00,0.4131
2024-01-24 11:00:00,0.4425
2024-01-24 11:10:00,0.3395
2024-01-24 11:20:00,0.4534
2024-01-24 11:30:00,0.6844
2024-01-24 11:40:00,0.4087
2024-01-24 11:50:00,0.6205
2024-01-24 12:00:00,0.3547
2024-01-24 12:10:00,0.5894
2024-01-24 12:20:00,0.4759
2024-01-24 12:30:00,0.5284
2024-01-24 12:40:00,0.4767
2024-01-24 12:50:00,0.5719
2024-01-24 13:00:00,0.0905
2024-01-24 13:10:00,0.2627
2024-01-24 13:20:00,0.5383
2024-01-24 13:30:00,0.1693
2024-01-24 13:40:00,0.3963
2024-01-24 13:50:00,0.468
2024-01-24 14:00:00,0.3522
2024-01-24 14:10:00,0.3731
2024-01-24 14:20:00,0.5182
2024-01-24 14:30:00,0.6299
2024-01-24 14:40:00,0.3361
2024-01-24 14:50:00,0.3957
2024-01-24 15:00:00,0.3751
2024-01-24 15:10:00,0.1256
2024-01-24 15:20:00,0.5157
2024-01-24 15:30:00,0.6423
2024-01-24 15:40:00,0.6648
2024-01-24 15:50:00,0.3953
2024-01-24 16:00:00,0.356
2024-01-24 16:10:00,0.57
2024-01-24 16:20:00,0.7205
2024-01-24 16:30:00,0.6562
2024-01-24 16:40:00,0.7221
2024-01-24 16:50:00,0.906
2024-01-24 17:00:00,0.6913
2024-01-24 17:10:00,0.8495
2024-01-24 17:20:00,1.222
2024-01-24 17:30:00,1.0565
2024-01-24 17:40:00,1.0206
2024-01-24 17:50:00,1.2507
2024-01-24 18:00:00,1.3663
2024-01-24 18:10:00,1.7313
2024-01-24 18:20:00,1.7275
2024-01-24 18:30:00,2.0983
2024-01-24 18:40:00,2.1518
2024-01-24 18:50:00,2.1541
2024-01-24 19:00:00,2.7308
2024-01-24 19:10:00,2.9166
2024-01-24 19:20:00,3.1739
2024-01-24 19:30:00,3.1842
2024-01-24 19:40:00,3.3384
2024-01-24 19:50:00,3.6617
2024-01-24 20:00:00,3.9458
2024-01-24 20:10:00,3.8017
2024-01-24 20:20:00,3.9075
2024-01-24 20:30:00,3.7982
2024-01-24 20:40:00,3.5752
2024-01-24 20:50:00,3.87
2024-01-24 21:00:00,3.7391
2024-01-24 21:10:00,3.5509
2024-01-24 21:20:00,3.227
2024-01-24 21:30:00,3.1289
2024-01-24 21:40:00,2.9405
2024-01-24 21:50:00,2.8064
2024-01-24 22:00:00,2.4658
2024-01-24 22:10:00,2.0854
2024-01-24 22:20:00,1.6483
2024-01-24 22:30:00,1.6519
2024-01-24 22:40:00,1.47
2024-01-24 22:50:00,1.3621
2024-01-24 23:00:00,1.3055
2024-01-24 23:10:00,0.9571
2024-01-24 23:20:00,1.1768
2024-01-24 23:30:00,0.5076
2024-01-24 23:40:00,0.7619
2024-01-24 23:50:00,0.5219
2024-01-25 00:00:00,0.1543
2024-01-25 00:10:00,0.4013
2024-01-25 00:20:00,0.2026
2024-01-25 00:30:00,0.3851
2024-01-25 00:40:00,0.4012
2024-01-25 00:50:00,0.549
2024-01-25 01:00:00,0.1391
2024-01-25 01:10:00,0.4844
2024-01-25 01:20:00,0.3449
2024-01-25 01:30:00,0.4662
2024-01-25 01:40:00,0.2288
2024-01-25 01:50:00,0.0759
2024-01-25 02:00:00,0.0763
2024-01-25 02:10:00,0.05
2024-01-25 02:20:00,0.3019
2024-01-25 02:30:00,0.4409
2024-01-25 02:40:00,0.1265
2024-01-25 02:50:00,0.3006
2024-01-25 03:00:00,0.05
2024-01-25 03:10:00,0.2333
2024-01-25 03:20:00,0.3115
2024-01-25 03:30:00,0.05
2024-01-25 03:40:00,0.1996
2024-01-25 03:50:00,0.351
2024-01-25 04:00:00,0.05
2024-01-25 04:10:00,0.4761
2024-01-25 04:20:00,0.3466
2024-01-25 04:30:00,0.4194
2024-01-25 04:40:00,0.2683
2024-01-25 04:50:00,0.0897
2024-01-25 05:00:00,0.4453
2024-01-25 05:10:00,0.3688
2024-01-25 05:20:00,0.4008
2024-01-25 05:30:00,0.5725
2024-01-25 05:40:00,0.5355
2024-01-25 05:50:00,0.7197
2024-01-25 06:00:00,0.4635
2024-01-25 06:10:00,0.3443
2024-01-25 06:20:00,0.426
2024-01-25 06:30:00,0.5218
2024-01-25 06:40:00,0.616
2024-01-25 06:50:00,0.2469
2024-01-25 07:00:00,0.4708
2024-01-25 07:10:00,0.713
2024-01-25 07:20:00,0.4371
2024-01-25 07:30:00,0.614
2024-01-25 07:40:00,0.5491
2024-01-25 07:50:00,0.6192
2024-01-25 08:00:00,0.3548
2024-01-25 08:10:00,0.3558
2024-01-25 08:20:00,0.4799
2024-01-25 08:30:00,0.2472
2024-01-25 08:40:00,0.4367
2024-01-25 08:50:00,0.5151
2024-01-25 09:00:00,0.7449
2024-01-25 09:10:00,0.5377
2024-01-25 09:20:00,0.5711
2024-01-25 09:30:00,0.652
2024-01-25 09:40:00,0.3326
2024-01-25 09:50:00,0.4526
2024-01-25 10:00:00,0.8411
2024-01-25 10:10:00,0.4655
2024-01-25 10:20:00,0.6448
2024-01-25 10:30:00,0.6219
2024-01-25 10:40:00,0.2556
2024-01-25 10:50:00,0.5239
2024-01-25 11:00:00,0.4994
2024-01-25 11:10:00,0.5268
2024-01-25 11:20:00,0.3642
2024-01-25 11:30:00,0.3098
2024-01-25 11:40:00,0.4059
2024-01-25 11:50:00,0.4627
2024-01-25 12:00:00,0.6551
2024-01-25 12:10:00,0.7499
2024-01-25 12:20:00,0.6868
2024-01-25 12:30:00,0.6064
2024-01-25 12:40:00,0.3267
2024-01-25 12:50:00,0.416
2024-01-25 13:00:00,0.5089
2024-01-25 13:10:00,0.3825
2024-01-25 13:20:00,0.564
2024-01-25 13:30:00,0.5856
2024-01-25 13:40:00,0.5581
2024-01-25 13:50:00,0.6316
2024-01-25 14:00:00,0.3425
2024-01-25 14:10:00,0.6185
2024-01-25 14:20:00,0.3749
2024-01-25 14:30:00,0.3391
2024-01-25 14:40:00,0.5614
2024-01-25 14:50:00,0.6661
2024-01-25 15:00:00,0.5598
2024-01-25 15:10:00,0.4938
2024-01-25 15:20:00,0.5428
2024-01-25 15:30:00,0.5244
2024-01-25 15:40:00,0.3453
2024-01-25 15:50:00,0.3414
2024-01-25 16:00:00,0.5339
2024-01-25 16:10:00,0.5808
2024-01-25 16:20:00,0.6
2024-01-25 16:30:00,0.7367
2024-01-25 16:40:00,0.6489
2024-01-25 16:50:00,0.8218
2024-01-25 17:00:00,0.7834
2024-01-25 17:10:00,1.1592
2024-01-25 17:20:00,0.9925
2024-01-25 17:30:00,1.441
2024-01-25 17:40:00,1.2678
2024-01-25 17:50:00,1.3239
2024-01-25 18:00:00,1.3776
2024-01-25 18:10:00,1.4674
2024-01-25 18:20:00,1.7199
2024-01-25 18:30:00,1.9331
2024-01-25 18:40:00,2.3297
2024-01-25 18:50:00,2.4027
2024-01-25 19:00:00,2.7226
2024-01-25 19:10:00,3.0971
2024-01-25 19:20:00,3.0943
2024-01-25 19:30:00,3.6089
2024-01-25 19:40:00,3.2916
2024-01-25 19:50:00,3.5919
2024-01-25 20:00:00,3.6505
2024-01-25 20:10:00,3.9543
2024-01-25 20:20:00,3.5218
2024-01-25 20:30:00,3.644
2024-01-25 20:40:00,3.8045
2024-01-25 20:50:00,3.9711
2024-01-25 21:00:00,3.6498
2024-01-25 21:10:00,3.254
2024-01-25 21:20:00,3.0865
2024-01-25 21:30:00,3.3013
2024-01-25 21:40:00,2.7235
2024-01-25 21:50:00,2.4312
2024-01-25 22:00:00,2.5475
2024-01-25 22:10:00,2.235
2024-01-25 22:20:00,2.0423
2024-01-25 22:30:00,1.4919
2024-01-25 22:40:00,1.2079
2024-01-25 22:50:00,1.2803
2024-01-25 23:00:00,1.1567
2024-01-25 23:10:00,1.0296
2024-01-25 23:20:00,1.0865
2024-01-25 23:30:00,0.5143
2024-01-25 23:40:00,0.8305
2024-01-25 23:50:00,0.4796
2024-01-26 00:00:00,0.5704
2024-01-26 00:10:00,0.3619
2024-01-26 00:20:00,0.3007
2024-01-26 00:30:00,0.3194
2024-01-26 00:40:00,0.1806
2024-01-26 00:50:00,0.3887
2024-01-26 01:00:00,0.2507
2024-01-26 01:10:00,0.4673
2024-01-26 01:20:00,0.4275
2024-01-26 01:30:00,0.5663
2024-01-26 01:40:00,0.3496
2024-01-26 01:50:00,0.3549
2024-01-26 02:00:00,0.4699
2024-01-26 02:10:00,0.1503
2024-01-26 02:20:00,0.05
2024-01-26 02:30:00,0.2502
2024-01-26 02:40:00,0.05
2024-01-26 02:50:00,0.5751
2024-01-26 03:00:00,0.4237
2024-01-26 03:10:00,0.5316
2024-01-26 03:20:00,0.2214
2024-01-26 03:30:00,0.3027
2024-01-26 03:40:00,0.1622
2024-01-26 03:50:00,0.3769
2024-01-26 04:00:00,0.0776
2024-01-26 04:10:00,0.05
2024-01-26 04:20:00,0.1761
2024-01-26 04:30:00,0.0947
2024-01-26 04:40:00,0.5531
2024-01-26 04:50:00,0.6218
2024-01-26 05:00:00,0.1561
2024-01-26 05:10:00,0.5764
2024-01-26 05:20:00,0.5402
2024-01-26 05:30:00,0.1754
2024-01-26 05:40:00,0.3642
2024-01-26 05:50:00,0.3461
2024-01-26 06:00:00,0.5543
2024-01-26 06:10:00,0.2653
2024-01-26 06:20:00,0.4411
2024-01-26 06:30:00,0.3582
2024-01-26 06:40:00,0.5363
2024-01-26 06:50:00,0.4362
2024-01-26 07:00:00,0.391
2024-01-26 07:10:00,0.4414
2024-01-26 07:20:00,0.7803
2024-01-26 07:30:00,0.4136
2024-01-26 07:40:00,0.3208
2024-01-26 07:50:00,0.5651
2024-01-26 08:00:00,0.4565
2024-01-26 08:10:00,0.2661
2024-01-26 08:20:00,0.8134
2024-01-26 08:30:00,0.4259
2024-01-26 08:40:00,0.4222
2024-01-26 08:50:00,0.503
2024-01-26 09:00:00,0.7386
2024-01-26 09:10:00,0.2271
2024-01-26 09:20:00,0.5205
2024-01-26 09:30:00,0.7922
2024-01-26 09:40:00,0.4984
2024-01-26 09:50:00,0.2938
2024-01-26 10:00:00,0.3864
2024-01-26 10:10:00,0.5102
2024-01-26 10:20:00,0.6788
2024-01-26 10:30:00,0.4282
2024-01-26 10:40:00,0.6031
2024-01-26 10:50:00,0.2638
2024-01-26 11:00:00,0.2626
2024-01-26 11:10:00,0.4067
2024-01-26 11:20:00,0.6948
2024-01-26 11:30:00,0.4895
2024-01-26 11:40:00,0.5226
2024-01-26 11:50:00,0.5208
2024-01-26 12:00:00,0.6455
2024-01-26 12:10:00,0.3876
2024-01-26 12:20:00,0.5824
2024-01-26 12:30:00,0.3545
2024-01-26 12:40:00,0.7766
2024-01-26 12:50:00,0.3591
2024-01-26 13:00:00,0.3468
2024-01-26 13:10:00,0.5617
2024-01-26 13:20:00,0.4912
2024-01-26 13:30:00,0.5284
2024-01-26 13:40:00,0.5136
2024-01-26 13:50:00,0.3161
2024-01-26 14:00:00,0.7219
2024-01-26 14:10:00,0.6144
2024-01-26 14:20:00,0.6849
2024-01-26 14:30:00,0.4028
2024-01-26 14:40:00,0.5459
2024-01-26 14:50:00,0.5151
2024-01-26 15:00:00,0.6576
2024-01-26 15:10:00,0.6665
2024-01-26 15:20:00,0.5271
2024-01-26 15:30:00,0.2781
2024-01-26 15:40:00,0.7831
2024-01-26 15:50:00,0.6132
2024-01-26 16:00:00,0.4565
2024-01-26 16:10:00,0.632
2024-01-26 16:20:00,0.3739
2024-01-26 16:30:00,0.796
2024-01-26 16:40:00,0.4631
2024-01-26 16:50:00,0.707
2024-01-26 17:00:00,0.8448
2024-01-26 17:10:00,1.0449
2024-01-26 17:20:00,1.0
2024-01-26 17:30:00,1.1893
2024-01-26 17:40:00,1.2154
2024-01-26 17:50:00,1.3562
2024-01-26 18:00:00,1.531
2024-01-26 18:10:00,1.6618
2024-01-26 18:20:00,1.6227
2024-01-26 18:30:00,1.9576
2024-01-26 18:40:00,2.3157
2024-01-26 18:50:00,2.4535
2024-01-26 19:00:00,2.6813
2024-01-26 19:10:00,2.8672
2024-01-26 19:20:00,2.9896
2024-01-26 19:30:00,3.2354
2024-01-26 19:40:00,3.4349
2024-01-26 19:50:00,3.6289
2024-01-26 20:00:00,3.8044
2024-01-26 20:10:00,3.801
2024-01-26 20:20:00,3.7178
2024-01-26 20:30:00,3.6652
2024-01-26 20:40:00,4.2245
2024-01-26 20:50:00,3.583
2024-01-26 21:00:00,3.5517
2024-01-26 21:10:00,3.5473
2024-01-26 21:20:00,3.3325
2024-01-26 21:30:00,3.1399
2024-01-26 21:40:00,2.7608
2024-01-26 21:50:00,2.6181
2024-01-26 22:00:00,2.3438
2024-01-26 22:10:00,2.0444
2024-01-26 22:20:00,1.895
2024-01-26 22:30:00,1.7989
2024-01-26 22:40:00,1.4388
2024-01-26 22:50:00,1.2627
2024-01-26 23:00:00,1.2708
2024-01-26 23:10:00,1.1227
2024-01-26 23:20:00,1.1056
2024-01-26 23:30:00,0.5138
2024-01-26 23:40:00,0.84
2024-01-26 23:50:00,0.7367
2024-01-27 00:00:00,0.5328
2024-01-27 00:10:00,0.69
2024-01-27 00:20:00,0.7943
2024-01-27 00:30:00,0.4943
2024-01-27 00:40:00,0.6649
2024-01-27 00:50:00,0.7069
2024-01-27 01:00:00,0.3913
2024-01-27 01:10:00,0.5048
2024-01-27 01:20:00,0.5442
2024-01-27 01:30:00,0.352
2024-01-27 01:40:00,0.3119
2024-01-27 01:50:00,0.3966
2024-01-27 02:00:00,0.5116
2024-01-27 02:10:00,0.4647
2024-01-27 02:20:00,0.2188
2024-01-27 02:30:00,0.4293
2024-01-27 02:40:00,0.1939
2024-01-27 02:50:00,0.0702
2024-01-27 03:00:00,0.2541
2024-01-27 03:10:00,0.4802
2024-01-27 03:20:00,0.4177
2024-01-27 03:30:00,0.3313
2024-01-27 03:40:00,0.2855
2024-01-27 03:50:00,0.3097
2024-01-27 04:00:00,0.4077
2024-01-27 04:10:00,0.2566
2024-01-27 04:20:00,0.3915
2024-01-27 04:30:00,0.4391
2024-01-27 04:40:00,0.2964
2024-01-27 04:50:00,0.4004
2024-01-27 05:00:00,0.6136
2024-01-27 05:10:00,0.5777
2024-01-27 05:20:00,0.5522
2024-01-27 05:30:00,0.482
2024-01-27 05:40:00,0.8731
2024-01-27 05:50:00,0.5265
2024-01-27 06:00:00,0.7034
2024-01-27 06:10:00,0.6039
2024-01-27 06:20:00,0.692
2024-01-27 06:30:00,0.763
2024-01-27 06:40:00,0.4952
2024-01-27 06:50:00,0.7048
2024-01-27 07:00:00,0.8883
2024-01-27 07:10:00,0.977
2024-01-27 07:20:00,0.6956
2024-01-27 07:30:00,0.7232
2024-01-27 07:40:00,1.0499
2024-01-27 07:50:00,0.8894
2024-01-27 08:00:00,0.6273
2024-01-27 08:10:00,0.6275
2024-01-27 08:20:00,0.8642
2024-01-27 08:30:00,0.5693
2024-01-27 08:40:00,0.8843
2024-01-27 08:50:00,0.7714
2024-01-27 09:00:00,0.799
2024-01-27 09:10:00,0.6829
2024-01-27 09:20:00,0.627
2024-01-27 09:30:00,0.9407
2024-01-27 09:40:00,0.6845
2024-01-27 09:50:00,0.6598
2024-01-27 10:00:00,0.7095
2024-01-27 10:10:00,0.7504
2024-01-27 10:20:00,0.5669
2024-01-27 10:30:00,0.6368
2024-01-27 10:40:00,0.6288
2024-01-27 10:50:00,0.8483
2024-01-27 11:00:00,0.5886
2024-01-27 11:10:00,0.4581
2024-01-27 11:20:00,0.4264
2024-01-27 11:30:00,0.5009
2024-01-27 11:40:00,0.9257
2024-01-27 11:50:00,0.7239
2024-01-27 12:00:00,0.7967
2024-01-27 12:10:00,0.802
2024-01-27 12:20:00,0.7299
2024-01-27 12:30:00,0.7103
2024-01-27 12:40:00,0.8782
2024-01-27 12:50:00,0.7434
2024-01-27 13:00:00,0.9314
2024-01-27 13:10:00,0.8147
2024-01-27 13:20:00,0.629
2024-01-27 13:30:00,0.6472
2024-01-27 13:40:00,0.6129
2024-01-27 13:50:00,0.9049
2024-01-27 14:00:00,0.6619
2024-01-27 14:10:00,0.6036
2024-01-27 14:20:00,0.7723
2024-01-27 14:30:00,0.7113
2024-01-27 14:40:00,0.7722
2024-01-27 14:50:00,1.0145
2024-01-27 15:00:00,0.8724
2024-01-27 15:10:00,0.7456
2024-01-27 15:20:00,0.5388
2024-01-27 15:30:00,0.6866
2024-01-27 15:40:00,0.8838
2024-01-27 15:50:00,0.6222
2024-01-27 16:00:00,1.146
2024-01-27 16:10:00,0.8619
2024-01-27 16:20:00,0.9116
2024-01-27 16:30:00,0.8602
2024-01-27 16:40:00,1.1041
2024-01-27 16:50:00,0.9408
2024-01-27 17:00:00,1.5416
2024-01-27 17:10:00,1.5363
2024-01-27 17:20:00,1.6294
2024-01-27 17:30:00,1.4388
2024-01-27 17:40:00,1.8673
2024-01-27 17:50:00,2.2309
2024-01-27 18:00:00,2.375
2024-01-27 18:10:00,2.3947
2024-01-27 18:20:00,2.7269
2024-01-27 18:30:00,3.0535
2024-01-27 18:40:00,3.3412
2024-01-27 18:50:00,3.9801
2024-01-27 19:00:00,3.7845
2024-01-27 19:10:00,4.4889
2024-01-27 19:20:00,4.503
2024-01-27 19:30:00,4.8392
2024-01-27 19:40:00,4.9402
2024-01-27 19:50:00,5.3809
2024-01-27 20:00:00,5.8665
2024-01-27 20:10:00,5.8042
2024-01-27 20:20:00,5.6511
2024-01-27 20:30:00,5.9875
2024-01-27 20:40:00,5.9594
2024-01-27 20:50:00,5.6661
2024-01-27 21:00:00,5.7705
2024-01-27 21:10:00,5.348
2024-01-27 21:20:00,5.039
2024-01-27 21:30:00,4.49
2024-01-27 21:40:00,4.3514
2024-01-27 21:50:00,3.921
2024-01-27 22:00:00,3.5935
2024-01-27 22:10:00,3.0463
2024-01-27 22:20:00,2.8173
2024-01-27 22:30:00,2.3479
2024-01-27 22:40:00,1.8494
2024-01-27 22:50:00,2.0547
2024-01-27 23:00:00,1.4469
2024-01-27 23:10:00,1.4896
2024-01-27 23:20:00,1.357
2024-01-27 23:30:00,1.2194
2024-01-27 23:40:00,1.0179
2024-01-27 23:50:00,1.0141
2024-01-28 00:00:00,0.739
2024-01-28 00:10:00,0.7651
2024-01-28 00:20:00,0.8991
2024-01-28 00:30:00,0.6563
2024-01-28 00:40:00,0.6105
2024-01-28 00:50:00,0.4425
2024-01-28 01:00:00,0.6196
2024-01-28 01:10:00,0.6283
2024-01-28 01:20:00,0.4722
2024-01-28 01:30:00,0.555
2024-01-28 01:40:00,0.4017
2024-01-28 01:50:00,0.5191
2024-01-28 02:00:00,0.5298
2024-01-28 02:10:00,0.5044
2024-01-28 02:20:00,0.367
2024-01-28 02:30:00,0.1768
2024-01-28 02:40:00,0.2288
2024-01-28 02:50:00,0.4023
2024-01-28 03:00:00,0.6778
2024-01-28 03:10:00,0.2619
2024-01-28 03:20:00,0.3889
2024-01-28 03:30:00,0.2494
2024-01-28 03:40:00,0.2033
2024-01-28 03:50:00,0.2682
2024-01-28 04:00:00,0.0806
2024-01-28 04:10:00,0.6215
2024-01-28 04:20:00,0.111
2024-01-28 04:30:00,0.4337
2024-01-28 04:40:00,0.3244
2024-01-28 04:50:00,0.3956
2024-01-28 05:00:00,0.7607
2024-01-28 05:10:00,0.6087
2024-01-28 05:20:00,0.4561
2024-01-28 05:30:00,0.5327
2024-01-28 05:40:00,0.5243
2024-01-28 05:50:00,0.6483
2024-01-28 06:00:00,0.6943
2024-01-28 06:10:00,0.9641
2024-01-28 06:20:00,0.4019
2024-01-28 06:30:00,0.6919
2024-01-28 06:40:00,0.6562
2024-01-28 06:50:00,0.8505
2024-01-28 07:00:00,0.7658
2024-01-28 07:10:00,0.8042
2024-01-28 07:20:00,0.7698
2024-01-28 07:30:00,0.58
2024-01-28 07:40:00,0.9028
2024-01-28 07:50:00,0.8418
2024-01-28 08:00:00,0.8601
2024-01-28 08:10:00,0.9129
2024-01-28 08:20:00,0.7863
2024-01-28 08:30:00,0.946
2024-01-28 08:40:00,0.7807
2024-01-28 08:50:00,0.6913
2024-01-28 09:00:00,0.7232
2024-01-28 09:10:00,0.7207
2024-01-28 09:20:00,0.6464
2024-01-28 09:30:00,0.9691
2024-01-28 09:40:00,0.7688
2024-01-28 09:50:00,0.7386
2024-01-28 10:00:00,0.7826
2024-01-28 10:10:00,1.1713
2024-01-28 10:20:00,0.5546
2024-01-28 10:30:00,0.5976
2024-01-28 10:40:00,0.5173
2024-01-28 10:50:00,0.6895
2024-01-28 11:00:00,0.7612
2024-01-28 11:10:00,0.6546
2024-01-28 11:20:00,0.6434
2024-01-28 11:30:00,0.7457
2024-01-28 11:40:00,0.6491
2024-01-28 11:50:00,0.7709
2024-01-28 12:00:00,0.8915
2024-01-28 12:10:00,0.8259
2024-01-28 12:20:00,0.8565
2024-01-28 12:30:00,0.8873
2024-01-28 12:40:00,0.7668
2024-01-28 12:50:00,0.7006
2024-01-28 13:00:00,0.6086
2024-01-28 13:10:00,0.6658
2024-01-28 13:20:00,0.646
2024-01-28 13:30:00,0.8344
2024-01-28 13:40:00,0.7769
2024-01-28 13:50:00,0.8297
2024-01-28 14:00:00,0.5515
2024-01-28 14:10:00,0.941
2024-01-28 14:20:00,0.6632
2024-01-28 14:30:00,0.5637
2024-01-28 14:40:00,0.665
2024-01-28 14:50:00,1.1065
2024-01-28 15:00:00,0.6802
2024-01-28 15:10:00,0.6958
2024-01-28 15:20:00,0.7242
2024-01-28 15:30:00,0.7424
2024-01-28 15:40:00,0.6631
2024-01-28 15:50:00,0.8225
2024-01-28 16:00:00,0.9895
2024-01-28 16:10:00,0.9104
2024-01-28 16:20:00,0.7412
2024-01-28 16:30:00,0.9124
2024-01-28 16:40:00,0.951
2024-01-28 16:50:00,1.1269
2024-01-28 17:00:00,1.4213
2024-01-28 17:10:00,1.3217
2024-01-28 17:20:00,1.4745
2024-01-28 17:30:00,1.9206
2024-01-28 17:40:00,1.9753
2024-01-28 17:50:00,2.1438
2024-01-28 18:00:00,2.5889
2024-01-28 18:10:00,2.6287
2024-01-28 18:20:00,2.5377
2024-01-28 18:30:00,3.2587
2024-01-28 18:40:00,3.2067
2024-01-28 18:50:00,3.8336
2024-01-28 19:00:00,3.8319
2024-01-28 19:10:00,4.3381
2024-01-28 19:20:00,4.661
2024-01-28 19:30:00,4.8878
2024-01-28 19:40:00,5.2103
2024-01-28 19:50:00,5.6399
2024-01-28 20:00:00,5.5554
2024-01-28 20:10:00,5.8693
2024-01-28 20:20:00,5.7093
2024-01-28 20:30:00,5.8299
2024-01-28 20:40:00,5.8463
2024-01-28 20:50:00,5.5236
2024-01-28 21:00:00,5.2904
2024-01-28 21:10:00,5.3194
2024-01-28 21:20:00,5.1248
2024-01-28 21:30:00,4.6171
2024-01-28 21:40:00,4.2057
2024-01-28 21:50:00,3.9274
2024-01-28 22:00:00,3.5379
2024-01-28 22:10:00,3.198
2024-01-28 22:20:00,2.43
2024-01-28 22:30:00,2.3199
2024-01-28 22:40:00,2.0534
2024-01-28 22:50:00,1.9352
2024-01-28 23:00:00,1.7069
2024-01-28 23:10:00,1.5748
2024-01-28 23:20:00,1.3509
2024-01-28 23:30:00,0.98
2024-01-28 23:40:00,1.2817
2024-01-28 23:50:00,1.1681
2024-01-29 00:00:00,0.2587
2024-01-29 00:10:00,0.4883
2024-01-29 00:20:00,0.3385
2024-01-29 00:30:00,0.4366
2024-01-29 00:40:00,0.5603
2024-01-29 00:50:00,0.7068
2024-01-29 01:00:00,0.4837
2024-01-29 01:10:00,0.3978
2024-01-29 01:20:00,0.2845
2024-01-29 01:30:00,0.3442
2024-01-29 01:40:00,0.5022
2024-01-29 01:50:00,0.2734
2024-01-29 02:00:00,0.1301
2024-01-29 02:10:00,0.05
2024-01-29 02:20:00,0.3108
2024-01-29 02:30:00,0.2599
2024-01-29 02:40:00,0.1177
2024-01-29 02:50:00,0.3634
2024-01-29 03:00:00,0.1445
2024-01-29 03:10:00,0.1893
2024-01-29 03:20:00,0.2121
2024-01-29 03:30:00,0.1701
2024-01-29 03:40:00,0.2693
2024-01-29 03:50:00,0.4202
2024-01-29 04:00:00,0.0917
2024-01-29 04:10:00,0.3534
2024-01-29 04:20:00,0.3241
2024-01-29 04:30:00,0.3399
2024-01-29 04:40:00,0.4662
2024-01-29 04:50:00,0.361
2024-01-29 05:00:00,0.443
2024-01-29 05:10:00,0.4947
2024-01-29 05:20:00,0.3266
2024-01-29 05:30:00,0.4607
2024-01-29 05:40:00,0.3902
2024-01-29 05:50:00,0.4185
2024-01-29 06:00:00,0.3991
2024-01-29 06:10:00,0.5257
2024-01-29 06:20:00,0.4737
2024-01-29 06:30:00,0.5259
2024-01-29 06:40:00,0.4683
2024-01-29 06:50:00,0.2337
2024-01-29 07:00:00,0.4817
2024-01-29 07:10:00,0.4886
2024-01-29 07:20:00,0.517
2024-01-29 07:30:00,0.3928
2024-01-29 07:40:00,0.3034
2024-01-29 07:50:00,0.577
2024-01-29 08:00:00,0.4428
2024-01-29 08:10:00,0.5099
2024-01-29 08:20:00,0.4422
2024-01-29 08:30:00,0.4837
2024-01-29 08:40:00,0.4173
2024-01-29 08:50:00,0.3395
2024-01-29 09:00:00,0.5559
2024-01-29 09:10:00,0.3944
2024-01-29 09:20:00,0.5095
2024-01-29 09:30:00,0.5464
2024-01-29 09:40:00,0.3969
2024-01-29 09:50:00,0.3043
2024-01-29 10:00:00,0.8488
2024-01-29 10:10:00,0.4057
2024-01-29 10:20:00,0.5784
2024-01-29 10:30:00,0.7758
2024-01-29 10:40:00,0.6034
2024-01-29 10:50:00,0.4398
2024-01-29 11:00:00,0.4748
2024-01-29 11:10:00,0.36
2024-01-29 11:20:00,0.6172
2024-01-29 11:30:00,0.5698
2024-01-29 11:40:00,0.4077
2024-01-29 11:50:00,0.3286
2024-01-29 12:00:00,0.2867
2024-01-29 12:10:00,0.6329
2024-01-29 12:20:00,0.503
2024-01-29 12:30:00,0.5172
2024-01-29 12:40:00,0.3615
2024-01-29 12:50:00,0.2654
2024-01-29 13:00:00,0.6293
2024-01-29 13:10:00,0.4913
2024-01-29 13:20:00,0.6211
2024-01-29 13:30:00,0.4272
2024-01-29 13:40:00,0.4497
2024-01-29 13:50:00,0.5924
2024-01-29 14:00:00,0.5956
2024-01-29 14:10:00,0.6058
2024-01-29 14:20:00,0.4425
2024-01-29 14:30:00,0.58
2024-01-29 14:40:00,0.6556
2024-01-29 14:50:00,0.4756
2024-01-29 15:00:00,0.4173
2024-01-29 15:10:00,0.6998
2024-01-29 15:20:00,0.4059
2024-01-29 15:30:00,0.6063
2024-01-29 15:40:00,0.5136
2024-01-29 15:50:00,0.26
2024-01-29 16:00:00,0.7237
2024-01-29 16:10:00,0.1642
2024-01-29 16:20:00,0.3101
2024-01-29 16:30:00,0.7245
2024-01-29 16:40:00,0.7711
2024-01-29 16:50:00,0.6534
2024-01-29 17:00:00,0.84
2024-01-29 17:10:00,0.52
2024-01-29 17:20:00,1.1019
2024-01-29 17:30:00,1.1446
2024-01-29 17:40:00,1.2274
2024-01-29 17:50:00,1.3806
2024-01-29 18:00:00,1.6104
2024-01-29 18:10:00,1.7061
2024-01-29 18:20:00,1.6171
2024-01-29 18:30:00,2.4272
2024-01-29 18:40:00,2.4865
2024-01-29 18:50:00,2.3281
2024-01-29 19:00:00,2.6854
2024-01-29 19:10:00,2.9154
2024-01-29 19:20:00,3.3185
2024-01-29 19:30:00,3.0254
2024-01-29 19:40:00,3.448
2024-01-29 19:50:00,3.4077
2024-01-29 20:00:00,3.7477
2024-01-29 20:10:00,3.8033
2024-01-29 20:20:00,3.9308
2024-01-29 20:30:00,3.8309
2024-01-29 20:40:00,3.7684
2024-01-29 20:50:00,3.8906
2024-01-29 21:00:00,3.7414
2024-01-29 21:10:00,3.5942
2024-01-29 21:20:00,3.2913
2024-01-29 21:30:00,3.0129
2024-01-29 21:40:00,2.8434
2024-01-29 21:50:00,2.6886
2024-01-29 22:00:00,2.0362
2024-01-29 22:10:00,2.1755
2024-01-29 22:20:00,1.9269
2024-01-29 22:30:00,1.6696
2024-01-29 22:40:00,1.437
2024-01-29 22:50:00,0.8954
2024-01-29 23:00:00,1.058
2024-01-29 23:10:00,1.2587
2024-01-29 23:20:00,0.8804
2024-01-29 23:30:00,0.7405
2024-01-29 23:40:00,0.7152
2024-01-29 23:50:00,0.7075
2024-01-30 00:00:00,0.5481
2024-01-30 00:10:00,0.4059
2024-01-30 00:20:00,0.4934
2024-01-30 00:30:00,0.6691
2024-01-30 00:40:00,0.5549
2024-01-30 00:50:00,0.74
2024-01-30 01:00:00,0.274
2024-01-30 01:10:00,0.6065
2024-01-30 01:20:00,0.2183
2024-01-30 01:30:00,0.3712
2024-01-30 01:40:00,0.4094
2024-01-30 01:50:00,0.2047
2024-01-30 02:00:00,0.2773
2024-01-30 02:10:00,0.3851
2024-01-30 02:20:00,0.1283
2024-01-30 02:30:00,0.4741
2024-01-30 02:40:00,0.05
2024-01-30 02:50:00,0.5014
2024-01-30 03:00:00,0.3589
2024-01-30 03:10:00,0.1969
2024-01-30 03:20:00,0.1551
2024-01-30 03:30:00,0.1477
2024-01-30 03:40:00,0.2145
2024-01-30 03:50:00,0.2412
2024-01-30 04:00:00,0.4524
2024-01-30 04:10:00,0.5766
2024-01-30 04:20:00,0.3294
2024-01-30 04:30:00,0.1913
2024-01-30 04:40:00,0.255
2024-01-30 04:50:00,0.3276
2024-01-30 05:00:00,0.218
2024-01-30 05:10:00,0.2121
2024-01-30 05:20:00,0.7185
2024-01-30 05:30:00,0.463
2024-01-30 05:40:00,0.3047
2024-01-30 05:50:00,0.5627
2024-01-30 06:00:00,0.2725
2024-01-30 06:10:00,0.2926
2024-01-30 06:20:00,0.3429
2024-01-30 06:30:00,0.7168
2024-01-30 06:40:00,0.435
2024-01-30 06:50:00,0.1101
2024-01-30 07:00:00,0.6605
2024-01-30 07:10:00,0.4351
2024-01-30 07:20:00,0.2053
2024-01-30 07:30:00,0.4364
2024-01-30 07:40:00,0.5629
2024-01-30 07:50:00,0.546
2024-01-30 08:00:00,0.7556
2024-01-30 08:10:00,0.3583
2024-01-30 08:20:00,0.4935
2024-01-30 08:30:00,0.3817
2024-01-30 08:40:00,0.2554
2024-01-30 08:50:00,0.6196
2024-01-30 09:00:00,0.5563
2024-01-30 09:10:00,0.5294
2024-01-30 09:20:00,0.5509
2024-01-30 09:30:00,0.3841
2024-01-30 09:40:00,0.3361
2024-01-30 09:50:00,0.4926
2024-01-30 10:00:00,0.6611
2024-01-30 10:10:00,0.7282
2024-01-30 10:20:00,0.6063
2024-01-30 10:30:00,0.4913
2024-01-30 10:40:00,0.5274
2024-01-30 10:50:00,0.4887
2024-01-30 11:00:00,0.3331
2024-01-30 11:10:00,0.4906
2024-01-30 11:20:00,0.2867
2024-01-30 11:30:00,0.4683
2024-01-30 11:40:00,0.7324
2024-01-30 11:50:00,0.6104
2024-01-30 12:00:00,0.3485
2024-01-30 12:10:00,0.4761
2024-01-30 12:20:00,0.3618
2024-01-30 12:30:00,0.4776
2024-01-30 12:40:00,0.6431
2024-01-30 12:50:00,0.5849
2024-01-30 13:00:00,0.8596
2024-01-30 13:10:00,0.6659
2024-01-30 13:20:00,0.5177
2024-01-30 13:30:00,0.5887
2024-01-30 13:40:00,0.4569
2024-01-30 13:50:00,0.3183
2024-01-30 14:00:00,0.6836
2024-01-30 14:10:00,0.6396
2024-01-30 14:20:00,0.4527
2024-01-30 14:30:00,0.531
2024-01-30 14:40:00,0.6775
2024-01-30 14:50:00,0.6204
2024-01-30 15:00:00,0.2769
2024-01-30 15:10:00,0.5371
2024-01-30 15:20:00,0.4811
2024-01-30 15:30:00,0.681
2024-01-30 15:40:00,0.6792
2024-01-30 15:50:00,0.7363
2024-01-30 16:00:00,0.389
2024-01-30 16:10:00,0.4627
2024-01-30 16:20:00,0.7774
2024-01-30 16:30:00,0.5593
2024-01-30 16:40:00,0.4667
2024-01-30 16:50:00,0.8321
2024-01-30 17:00:00,0.7392
2024-01-30 17:10:00,1.172
2024-01-30 17:20:00,1.0445
2024-01-30 17:30:00,1.1359
2024-01-30 17:40:00,1.1841
2024-01-30 17:50:00,1.6219
2024-01-30 18:00:00,1.5967
2024-01-30 18:10:00,1.6564
2024-01-30 18:20:00,1.7872
2024-01-30 18:30:00,2.0956
2024-01-30 18:40:00,2.1695
2024-01-30 18:50:00,2.6859
2024-01-30 19:00:00,2.4775
2024-01-30 19:10:00,2.9424
2024-01-30 19:20:00,3.2615
2024-01-30 19:30:00,3.4147
2024-01-30 19:40:00,3.4302
2024-01-30 19:50:00,3.7863
2024-01-30 20:00:00,3.6736
2024-01-30 20:10:00,3.8872
2024-01-30 20:20:00,4.0332
2024-01-30 20:30:00,4.0076
2024-01-30 20:40:00,3.7962
2024-01-30 20:50:00,3.9933
2024-01-30 21:00:00,3.7017
2024-01-30 21:10:00,3.6378
2024-01-30 21:20:00,3.5612
2024-01-30 21:30:00,3.2794
2024-01-30 21:40:00,3.0414
2024-01-30 21:50:00,2.6534
2024-01-30 22:00:00,2.4918
2024-01-30 22:10:00,2.1574
2024-01-30 22:20:00,1.7071
2024-01-30 22:30:00,1.7128
2024-01-30 22:40:00,1.5041
2024-01-30 22:50:00,1.3733
2024-01-30 23:00:00,1.1095
2024-01-30 23:10:00,0.8803
2024-01-30 23:20:00,0.9806
2024-01-30 23:30:00,0.5929
2024-01-30 23:40:00,0.9345
2024-01-30 23:50:00,0.6223
2024-01-31 00:00:00,0.4881
2024-01-31 00:10:00,0.5259
2024-01-31 00:20:00,0.5201
2024-01-31 00:30:00,0.208
2024-01-31 00:40:00,0.5293
2024-01-31 00:50:00,0.4361
2024-01-31 01:00:00,0.2789
2024-01-31 01:10:00,0.2442
2024-01-31 01:20:00,0.2882
2024-01-31 01:30:00,0.1247
2024-01-31 01:40:00,0.5591
2024-01-31 01:50:00,0.5055
2024-01-31 02:00:00,0.333
2024-01-31 02:10:00,0.2161
2024-01-31 02:20:00,0.2063
2024-01-31 02:30:00,0.3384
2024-01-31 02:40:00,0.4801
2024-01-31 02:50:00,0.1258
2024-01-31 03:00:00,0.05
2024-01-31 03:10:00,0.4435
2024-01-31 03:20:00,0.05
2024-01-31 03:30:00,0.0734
2024-01-31 03:40:00,0.1989
2024-01-31 03:50:00,0.05
2024-01-31 04:00:00,0.4321
2024-01-31 04:10:00,0.4111
2024-01-31 04:20:00,0.2146
2024-01-31 04:30:00,0.5115
2024-01-31 04:40:00,0.5557
2024-01-31 04:50:00,0.3397
2024-01-31 05:00:00,0.3066
2024-01-31 05:10:00,0.7295
2024-01-31 05:20:00,0.5139
2024-01-31 05:30:00,0.4578
2024-01-31 05:40:00,0.636
2024-01-31 05:50:00,0.4874
2024-01-31 06:00:00,0.3754
2024-01-31 06:10:00,0.471
2024-01-31 06:20:00,0.6212
2024-01-31 06:30:00,0.1719
2024-01-31 06:40:00,0.4318
2024-01-31 06:50:00,0.6859
2024-01-31 07:00:00,0.4043
2024-01-31 07:10:00,0.7151
2024-01-31 07:20:00,0.697
2024-01-31 07:30:00,0.4761
2024-01-31 07:40:00,0.4016
2024-01-31 07:50:00,0.4444
2024-01-31 08:00:00,0.8877
2024-01-31 08:10:00,0.7695
2024-01-31 08:20:00,0.5074
2024-01-31 08:30:00,0.3975
2024-01-31 08:40:00,0.5064
2024-01-31 08:50:00,0.5255
2024-01-31 09:00:00,0.3025
2024-01-31 09:10:00,0.501
2024-01-31 09:20:00,0.6874
2024-01-31 09:30:00,0.2191
2024-01-31 09:40:00,0.613
2024-01-31 09:50:00,0.6953
2024-01-31 10:00:00,0.405
2024-01-31 10:10:00,0.7432
2024-01-31 10:20:00,0.3855
2024-01-31 10:30:00,0.5552
2024-01-31 10:40:00,0.443
2024-01-31 10:50:00,0.443
2024-01-31 11:00:00,0.3965
2024-01-31 11:10:00,0.5939
2024-01-31 11:20:00,0.6164
2024-01-31 11:30:00,0.4794
2024-01-31 11:40:00,0.2851
2024-01-31 11:50:00,0.5495
2024-01-31 12:00:00,0.5524
2024-01-31 12:10:00,0.4566
2024-01-31 12:20:00,0.7692
2024-01-31 12:30:00,0.2545
2024-01-31 12:40:00,0.1565
2024-01-31 12:50:00,0.3795
2024-01-31 13:00:00,0.5957
2024-01-31 13:10:00,0.3308
2024-01-31 13:20:00,0.342
2024-01-31 13:30:00,0.6319
2024-01-31 13:40:00,0.5588
2024-01-31 13:50:00,0.5461
2024-01-31 14:00:00,0.6071
2024-01-31 14:10:00,0.4266
2024-01-31 14:20:00,0.4342
2024-01-31 14:30:00,0.6135
2024-01-31 14:40:00,0.2917
2024-01-31 14:50:00,0.1741
2024-01-31 15:00:00,0.4335
2024-01-31 15:10:00,0.6423
2024-01-31 15:20:00,0.5468
2024-01-31 15:30:00,0.6449
2024-01-31 15:40:00,0.2244
2024-01-31 15:50:00,0.5881
2024-01-31 16:00:00,0.6572
2024-01-31 16:10:00,0.3802
2024-01-31 16:20:00,0.7423
2024-01-31 16:30:00,0.6342
2024-01-31 16:40:00,1.1586
2024-01-31 16:50:00,0.4289
2024-01-31 17:00:00,1.0302
2024-01-31 17:10:00,0.8483
2024-01-31 17:20:00,0.7619
2024-01-31 17:30:00,1.0376
2024-01-31 17:40:00,1.2865
2024-01-31 17:50:00,1.5449
2024-01-31 18:00:00,1.8079
2024-01-31 18:10:00,1.9385
2024-01-31 18:20:00,1.7697
2024-01-31 18:30:00,2.2853
2024-01-31 18:40:00,2.3849
2024-01-31 18:50:00,2.4443
2024-01-31 19:00:00,2.7289
2024-01-31 19:10:00,2.8697
2024-01-31 19:20:00,3.1893
2024-01-31 19:30:00,3.2686
2024-01-31 19:40:00,3.3989
2024-01-31 19:50:00,3.7752
2024-01-31 20:00:00,3.9174
2024-01-31 20:10:00,3.8793
2024-01-31 20:20:00,4.1577
2024-01-31 20:30:00,3.9162
2024-01-31 20:40:00,3.869
2024-01-31 20:50:00,3.9293
2024-01-31 21:00:00,3.6849
2024-01-31 21:10:00,3.5544
2024-01-31 21:20:00,2.9683
2024-01-31 21:30:00,3.1278
2024-01-31 21:40:00,2.6118
2024-01-31 21:50:00,2.4527
2024-01-31 22:00:00,2.1827
2024-01-31 22:10:00,1.9782
2024-01-31 22:20:00,1.8144
2024-01-31 22:30:00,1.6016
2024-01-31 22:40:00,1.5716
2024-01-31 22:50:00,1.3246
2024-01-31 23:00:00,0.8484
2024-01-31 23:10:00,1.0113
2024-01-31 23:20:00,0.9337
2024-01-31 23:30:00,0.7441
2024-01-31 23:40:00,0.7097
2024-01-31 23:50:00,0.6884
2024-02-01 00:00:00,0.5679
2024-02-01 00:10:00,0.2079
2024-02-01 00:20:00,0.3968
2024-02-01 00:30:00,0.6475
2024-02-01 00:40:00,0.62
2024-02-01 00:50:00,0.52
2024-02-01 01:00:00,0.4564
2024-02-01 01:10:00,0.6064
2024-02-01 01:20:00,0.6275
2024-02-01 01:30:00,0.3016
2024-02-01 01:40:00,0.1567
2024-02-01 01:50:00,0.2433
2024-02-01 02:00:00,0.731
2024-02-01 02:10:00,0.05
2024-02-01 02:20:00,0.1664
2024-02-01 02:30:00,0.05
2024-02-01 02:40:00,0.2361
2024-02-01 02:50:00,0.05
2024-02-01 03:00:00,0.1942
2024-02-01 03:10:00,0.05
2024-02-01 03:20:00,0.31
2024-02-01 03:30:00,0.4091
2024-02-01 03:40:00,0.1793
2024-02-01 03:50:00,0.2304
2024-02-01 04:00:00,0.242
2024-02-01 04:10:00,0.3109
2024-02-01 04:20:00,0.2964
2024-02-01 04:30:00,0.4362
2024-02-01 04:40:00,0.5248
2024-02-01 04:50:00,0.2361
2024-02-01 05:00:00,0.3294
2024-02-01 05:10:00,0.5276
2024-02-01 05:20:00,0.1943
2024-02-01 05:30:00,0.1256
2024-02-01 05:40:00,0.4674
2024-02-01 05:50:00,0.5185
2024-02-01 06:00:00,0.3449
2024-02-01 06:10:00,0.3742
2024-02-01 06:20:00,0.3534
2024-02-01 06:30:00,0.3428
2024-02-01 06:40:00,0.5811
2024-02-01 06:50:00,0.3034
2024-02-01 07:00:00,0.4434
2024-02-01 07:10:00,0.3495
2024-02-01 07:20:00,0.2686
2024-02-01 07:30:00,0.6186
2024-02-01 07:40:00,0.411
2024-02-01 07:50:00,0.5179
2024-02-01 08:00:00,0.2639
2024-02-01 08:10:00,0.3792
2024-02-01 08:20:00,0.6041
2024-02-01 08:30:00,0.879
2024-02-01 08:40:00,0.1946
2024-02-01 08:50:00,0.4609
2024-02-01 09:00:00,0.553
2024-02-01 09:10:00,0.3988
2024-02-01 09:20:00,0.6186
2024-02-01 09:30:00,0.3612
2024-02-01 09:40:00,0.5143
2024-02-01 09:50:00,0.4129
2024-02-01 10:00:00,0.6742
2024-02-01 10:10:00,0.3898
2024-02-01 10:20:00,0.4385
2024-02-01 10:30:00,0.6331
2024-02-01 10:40:00,0.337
2024-02-01 10:50:00,0.5016
2024-02-01 11:00:00,0.2179
2024-02-01 11:10:00,0.3281
2024-02-01 11:20:00,0.5486
2024-02-01 11:30:00,0.3426
2024-02-01 11:40:00,0.4096
2024-02-01 11:50:00,0.5652
2024-02-01 12:00:00,0.4044
2024-02-01 12:10:00,0.6147
2024-02-01 12:20:00,0.5236
2024-02-01 12:30:00,0.5566
2024-02-01 12:40:00,0.6774
2024-02-01 12:50:00,0.5392
2024-02-01 13:00:00,0.7221
2024-02-01 13:10:00,0.628
2024-02-01 13:20:00,0.4128
2024-02-01 13:30:00,0.6854
2024-02-01 13:40:00,0.5312
2024-02-01 13:50:00,0.4326
2024-02-01 14:00:00,0.5338
2024-02-01 14:10:00,0.6594
2024-02-01 14:20:00,0.5615
2024-02-01 14:30:00,0.7676
2024-02-01 14:40:00,0.6586
2024-02-01 14:50:00,0.5762
2024-02-01 15:00:00,0.3468
2024-02-01 15:10:00,0.478
2024-02-01 15:20:00,0.5214
2024-02-01 15:30:00,0.6231
2024-02-01 15:40:00,0.6248
2024-02-01 15:50:00,0.5686
2024-02-01 16:00:00,0.5797
2024-02-01 16:10:00,0.6935
2024-02-01 16:20:00,0.4869
2024-02-01 16:30:00,0.9081
2024-02-01 16:40:00,0.394
2024-02-01 16:50:00,0.9771
2024-02-01 17:00:00,0.8218
2024-02-01 17:10:00,1.0619
2024-02-01 17:20:00,1.0635
2024-02-01 17:30:00,1.1736
2024-02-01 17:40:00,1.3336
2024-02-01 17:50:00,1.5168
2024-02-01 18:00:00,1.5072
2024-02-01 18:10:00,1.8881
2024-02-01 18:20:00,1.7604
2024-02-01 18:30:00,2.1244
2024-02-01 18:40:00,2.462
2024-02-01 18:50:00,2.7031
2024-02-01 19:00:00,2.8421
2024-02-01 19:10:00,2.9304
2024-02-01 19:20:00,3.3325
2024-02-01 19:30:00,3.2926
2024-02-01 19:40:00,3.8316
2024-02-01 19:50:00,3.7071
2024-02-01 20:00:00,3.6091
2024-02-01 20:10:00,3.7457
2024-02-01 20:20:00,3.9766
2024-02-01 20:30:00,3.9938
2024-02-01 20:40:00,4.2273
2024-02-01 20:50:00,3.6915
2024-02-01 21:00:00,3.7271
2024-02-01 21:10:00,3.3985
2024-02-01 21:20:00,3.2873
2024-02-01 21:30:00,3.3918
2024-02-01 21:40:00,2.7282
2024-02-01 21:50:00,2.7357
2024-02-01 22:00:00,2.4526
2024-02-01 22:10:00,2.1404
2024-02-01 22:20:00,1.9831
2024-02-01 22:30:00,1.508
2024-02-01 22:40:00,1.727
2024-02-01 22:50:00,1.5858
2024-02-01 23:00:00,1.1457
2024-02-01 23:10:00,1.3667
2024-02-01 23:20:00,0.8301
2024-02-01 23:30:00,0.857
2024-02-01 23:40:00,0.9368
2024-02-01 23:50:00,0.594
2024-02-02 00:00:00,0.2481
2024-02-02 00:10:00,0.2044
2024-02-02 00:20:00,0.7445
2024-02-02 00:30:00,0.3438
2024-02-02 00:40:00,0.3815
2024-02-02 00:50:00,0.2272
2024-02-02 01:00:00,0.5198
2024-02-02 01:10:00,0.2426
2024-02-02 01:20:00,0.2677
2024-02-02 01:30:00,0.3674
2024-02-02 01:40:00,0.1439
2024-02-02 01:50:00,0.2583
2024-02-02 02:00:00,0.478
2024-02-02 02:10:00,0.3161
2024-02-02 02:20:00,0.2576
2024-02-02 02:30:00,0.259
2024-02-02 02:40:00,0.16
2024-02-02 02:50:00,0.5126
2024-02-02 03:00:00,0.0897
2024-02-02 03:10:00,0.2449
2024-02-02 03:20:00,0.2356
2024-02-02 03:30:00,0.378
2024-02-02 03:40:00,0.4035
2024-02-02 03:50:00,0.247
2024-02-02 04:00:00,0.3113
2024-02-02 04:10:00,0.3344
2024-02-02 04:20:00,0.05
2024-02-02 04:30:00,0.0841
2024-02-02 04:40:00,0.2506
2024-02-02 04:50:00,0.2756
2024-02-02 05:00:00,0.1977
2024-02-02 05:10:00,0.5066
2024-02-02 05:20:00,0.4097
2024-02-02 05:30:00,0.391
2024-02-02 05:40:00,0.247
2024-02-02 05:50:00,0.4394
2024-02-02 06:00:00,0.0613
2024-02-02 06:10:00,0.4387
2024-02-02 06:20:00,0.4791
2024-02-02 06:30:00,0.5112
2024-02-02 06:40:00,0.2447
2024-02-02 06:50:00,0.5164
2024-02-02 07:00:00,0.3292
2024-02-02 07:10:00,0.3657
2024-02-02 07:20:00,0.5968
2024-02-02 07:30:00,0.7925
2024-02-02 07:40:00,0.499
2024-02-02 07:50:00,0.3693
2024-02-02 08:00:00,0.5207
2024-02-02 08:10:00,0.6336
2024-02-02 08:20:00,0.5861
2024-02-02 08:30:00,0.9046
2024-02-02 08:40:00,0.386
2024-02-02 08:50:00,0.5312
2024-02-02 09:00:00,0.7257
2024-02-02 09:10:00,0.7163
2024-02-02 09:20:00,0.2009
2024-02-02 09:30:00,0.493
2024-02-02 09:40:00,0.7161
2024-02-02 09:50:00,0.9271
2024-02-02 10:00:00,0.599
2024-02-02 10:10:00,0.4383
2024-02-02 10:20:00,0.3421
2024-02-02 10:30:00,0.8263
2024-02-02 10:40:00,0.6028
2024-02-02 10:50:00,0.3663
2024-02-02 11:00:00,0.463
2024-02-02 11:10:00,0.54
2024-02-02 11:20:00,0.5751
2024-02-02 11:30:00,0.3585
2024-02-02 11:40:00,0.4014
2024-02-02 11:50:00,0.2455
2024-02-02 12:00:00,0.6494
2024-02-02 12:10:00,0.4422
2024-02-02 12:20:00,0.5634
2024-02-02 12:30:00,0.7068
2024-02-02 12:40:00,0.5265
2024-02-02 12:50:00,0.4766
2024-02-02 13:00:00,0.5226
2024-02-02 13:10:00,0.503
2024-02-02 13:20:00,0.6805
2024-02-02 13:30:00,0.5403
2024-02-02 13:40:00,0.4122
2024-02-02 13:50:00,0.6512
2024-02-02 14:00:00,0.6789
2024-02-02 14:10:00,0.294
2024-02-02 14:20:00,0.7254
2024-02-02 14:30:00,0.5512
2024-02-02 14:40:00,0.5404
2024-02-02 14:50:00,0.651
2024-02-02 15:00:00,0.418
2024-02-02 15:10:00,0.6503
2024-02-02 15:20:00,0.4565
2024-02-02 15:30:00,0.2997
2024-02-02 15:40:00,0.3819
2024-02-02 15:50:00,0.6307
2024-02-02 16:00:00,0.4224
2024-02-02 16:10:00,0.8296
2024-02-02 16:20:00,0.7969
2024-02-02 16:30:00,0.8568
2024-02-02 16:40:00,0.723
2024-02-02 16:50:00,0.801
2024-02-02 17:00:00,0.6533
2024-02-02 17:10:00,1.065
2024-02-02 17:20:00,1.0705
2024-02-02 17:30:00,1.2119
2024-02-02 17:40:00,1.5094
2024-02-02 17:50:00,1.3109
2024-02-02 18:00:00,1.5447
2024-02-02 18:10:00,1.7897
2024-02-02 18:20:00,1.7915
2024-02-02 18:30:00,2.1068
2024-02-02 18:40:00,2.4212
2024-02-02 18:50:00,2.5167
2024-02-02 19:00:00,2.982
2024-02-02 19:10:00,2.7764
2024-02-02 19:20:00,3.3809
2024-02-02 19:30:00,3.5077
2024-02-02 19:40:00,3.4999
2024-02-02 19:50:00,3.5981
2024-02-02 20:00:00,3.5455
2024-02-02 20:10:00,3.8235
2024-02-02 20:20:00,4.1453
2024-02-02 20:30:00,3.9826
2024-02-02 20:40:00,4.1242
2024-02-02 20:50:00,3.7718
2024-02-02 21:00:00,3.8442
2024-02-02 21:10:00,3.466
2024-02-02 21:20:00,3.2317
2024-02-02 21:30:00,3.1374
2024-02-02 21:40:00,2.8122
2024-02-02 21:50:00,2.4282
2024-02-02 22:00:00,2.3772
2024-02-02 22:10:00,2.1698
2024-02-02 22:20:00,2.1041
2024-02-02 22:30:00,1.8302
2024-02-02 22:40:00,1.6683
2024-02-02 22:50:00,1.411
2024-02-02 23:00:00,1.1937
2024-02-02 23:10:00,0.8235
2024-02-02 23:20:00,0.9165
2024-02-02 23:30:00,0.89
2024-02-02 23:40:00,0.9439
2024-02-02 23:50:00,0.7688
2024-02-03 00:00:00,0.8722
2024-02-03 00:10:00,0.5175
2024-02-03 00:20:00,0.6072
2024-02-03 00:30:00,0.7021
2024-02-03 00:40:00,0.7911
2024-02-03 00:50:00,0.5722
2024-02-03 01:00:00,0.5566
2024-02-03 01:10:00,0.6454
2024-02-03 01:20:00,0.3456
2024-02-03 01:30:00,0.727
2024-02-03 01:40:00,0.3255
2024-02-03 01:50:00,0.1418
2024-02-03 02:00:00,0.4049
2024-02-03 02:10:00,0.6343
2024-02-03 02:20:00,0.4466
2024-02-03 02:30:00,0.4543
2024-02-03 02:40:00,0.3353
2024-02-03 02:50:00,0.2985
2024-02-03 03:00:00,0.087
2024-02-03 03:10:00,0.05
2024-02-03 03:20:00,0.3585
2024-02-03 03:30:00,0.5386
2024-02-03 03:40:00,0.4103
2024-02-03 03:50:00,0.473
2024-02-03 04:00:00,0.6409
2024-02-03 04:10:00,0.4789
2024-02-03 04:20:00,0.439
2024-02-03 04:30:00,0.3631
2024-02-03 04:40:00,0.8178
2024-02-03 04:50:00,0.6213
2024-02-03 05:00:00,0.4274
2024-02-03 05:10:00,0.4183
2024-02-03 05:20:00,0.8049
2024-02-03 05:30:00,0.4821
2024-02-03 05:40:00,0.9342
2024-02-03 05:50:00,0.2588
2024-02-03 06:00:00,0.8995
2024-02-03 06:10:00,0.7709
2024-02-03 06:20:00,0.7255
2024-02-03 06:30:00,0.6894
2024-02-03 06:40:00,1.0059
2024-02-03 06:50:00,0.8335
2024-02-03 07:00:00,0.596
2024-02-03 07:10:00,0.4769
2024-02-03 07:20:00,0.7637
2024-02-03 07:30:00,0.7388
2024-02-03 07:40:00,0.5123
2024-02-03 07:50:00,0.733
2024-02-03 08:00:00,0.6559
2024-02-03 08:10:00,0.7439
2024-02-03 08:20:00,0.8518
2024-02-03 08:30:00,0.967
2024-02-03 08:40:00,0.8797
2024-02-03 08:50:00,0.6352
2024-02-03 09:00:00,0.7989
2024-02-03 09:10:00,0.753
2024-02-03 09:20:00,0.5438
2024-02-03 09:30:00,0.8034
2024-02-03 09:40:00,1.0221
2024-02-03 09:50:00,0.7485
2024-02-03 10:00:00,0.5045
2024-02-03 10:10:00,0.7482
2024-02-03 10:20:00,0.5616
2024-02-03 10:30:00,0.8732
2024-02-03 10:40:00,0.8224
2024-02-03 10:50:00,0.718
2024-02-03 11:00:00,0.694
2024-02-03 11:10:00,0.7118
2024-02-03 11:20:00,0.7449
2024-02-03 11:30:00,0.6278
2024-02-03 11:40:00,0.5355
2024-02-03 11:50:00,0.9145
2024-02-03 12:00:00,0.6859
2024-02-03 12:10:00,0.7687
2024-02-03 12:20:00,0.7865
2024-02-03 12:30:00,0.792
2024-02-03 12:40:00,0.5676
2024-02-03 12:50:00,0.4923
2024-02-03 13:00:00,0.6554
2024-02-03 13:10:00,0.8031
2024-02-03 13:20:00,0.6347
2024-02-03 13:30:00,0.6907
2024-02-03 13:40:00,1.0633
2024-02-03 13:50:00,0.4676
2024-02-03 14:00:00,0.6317
2024-02-03 14:10:00,1.0301
2024-02-03 14:20:00,0.7399
2024-02-03 14:30:00,0.6422
2024-02-03 14:40:00,0.9257
2024-02-03 14:50:00,0.7618
2024-02-03 15:00:00,0.7058
2024-02-03 15:10:00,0.7932
2024-02-03 15:20:00,0.6744
2024-02-03 15:30:00,0.6324
2024-02-03 15:40:00,0.784
2024-02-03 15:50:00,0.6707
2024-02-03 16:00:00,0.8518
2024-02-03 16:10:00,0.9394
2024-02-03 16:20:00,1.06
2024-02-03 16:30:00,1.1589
2024-02-03 16:40:00,1.0004
2024-02-03 16:50:00,1.2237
2024-02-03 17:00:00,1.3282
2024-02-03 17:10:00,1.4291
2024-02-03 17:20:00,1.4554
2024-02-03 17:30:00,1.5438
2024-02-03 17:40:00,1.9683
2024-02-03 17:50:00,1.8565
2024-02-03 18:00:00,2.3162
2024-02-03 18:10:00,2.2402
2024-02-03 18:20:00,2.7108
2024-02-03 18:30:00,3.0857
2024-02-03 18:40:00,3.7018
2024-02-03 18:50:00,3.9694
2024-02-03 19:00:00,4.1148
2024-02-03 19:10:00,4.6349
2024-02-03 19:20:00,4.9744
2024-02-03 19:30:00,5.1125
2024-02-03 19:40:00,5.1952
2024-02-03 19:50:00,5.6
2024-02-03 20:00:00,5.7986
2024-02-03 20:10:00,5.7568
2024-02-03 20:20:00,6.0652
2024-02-03 20:30:00,6.0563
2024-02-03 20:40:00,6.019
2024-02-03 20:50:00,5.866
2024-02-03 21:00:00,5.7428
2024-02-03 21:10:00,5.3585
2024-02-03 21:20:00,5.1187
2024-02-03 21:30:00,4.6926
2024-02-03 21:40:00,4.3005
2024-02-03 21:50:00,4.2088
2024-02-03 22:00:00,3.3171
2024-02-03 22:10:00,3.3773
2024-02-03 22:20:00,2.791
2024-02-03 22:30:00,2.4338
2024-02-03 22:40:00,2.2775
2024-02-03 22:50:00,1.7401
2024-02-03 23:00:00,1.6013
2024-02-03 23:10:00,1.3914
2024-02-03 23:20:00,1.314
2024-02-03 23:30:00,1.0858
2024-02-03 23:40:00,1.3332
2024-02-03 23:50:00,1.2729
2024-02-04 00:00:00,0.3861
2024-02-04 00:10:00,0.7571
2024-02-04 00:20:00,0.7881
2024-02-04 00:30:00,0.7222
2024-02-04 00:40:00,0.5212
2024-02-04 00:50:00,0.5602
2024-02-04 01:00:00,0.4594
2024-02-04 01:10:00,0.4819
2024-02-04 01:20:00,0.3354
2024-02-04 01:30:00,0.471
2024-02-04 01:40:00,0.2342
2024-02-04 01:50:00,0.4017
2024-02-04 02:00:00,0.218
2024-02-04 02:10:00,0.4123
2024-02-04 02:20:00,0.2585
2024-02-04 02:30:00,0.3869
2024-02-04 02:40:00,0.4929
2024-02-04 02:50:00,0.5613
2024-02-04 03:00:00,0.05
2024-02-04 03:10:00,0.1977
2024-02-04 03:20:00,0.2852
2024-02-04 03:30:00,0.4124
2024-02-04 03:40:00,0.1128
2024-02-04 03:50:00,0.234
2024-02-04 04:00:00,0.4249
2024-02-04 04:10:00,0.4444
2024-02-04 04:20:00,0.5162
2024-02-04 04:30:00,0.5548
2024-02-04 04:40:00,0.5677
2024-02-04 04:50:00,0.5739
2024-02-04 05:00:00,0.58
2024-02-04 05:10:00,0.6965
2024-02-04 05:20:00,0.284
2024-02-04 05:30:00,0.8724
2024-02-04 05:40:00,0.3286
2024-02-04 05:50:00,0.5136
2024-02-04 06:00:00,0.6554
2024-02-04 06:10:00,0.8021
2024-02-04 06:20:00,0.2618
2024-02-04 06:30:00,0.7149
2024-02-04 06:40:00,0.8445
2024-02-04 06:50:00,0.8801
2024-02-04 07:00:00,0.6304
2024-02-04 07:10:00,0.6931
2024-02-04 07:20:00,0.6482
2024-02-04 07:30:00,0.6836
2024-02-04 07:40:00,0.5891
2024-02-04 07:50:00,0.6114
2024-02-04 08:00:00,0.8107
2024-02-04 08:10:00,0.7658
2024-02-04 08:20:00,0.8202
2024-02-04 08:30:00,0.7788
2024-02-04 08:40:00,0.8525
2024-02-04 08:50:00,0.8787
2024-02-04 09:00:00,0.4858
2024-02-04 09:10:00,0.619
2024-02-04 09:20:00,0.7124
2024-02-04 09:30:00,0.7438
2024-02-04 09:40:00,0.6467
2024-02-04 09:50:00,0.884
2024-02-04 10:00:00,1.0442
2024-02-04 10:10:00,0.7751
2024-02-04 10:20:00,0.7599
2024-02-04 10:30:00,0.8746
2024-02-04 10:40:00,0.4673
2024-02-04 10:50:00,0.7515
2024-02-04 11:00:00,0.8941
2024-02-04 11:10:00,0.6507
2024-02-04 11:20:00,0.5632
2024-02-04 11:30:00,0.7193
2024-02-04 11:40:00,0.7381
2024-02-04 11:50:00,0.6109
2024-02-04 12:00:00,1.0616
2024-02-04 12:10:00,0.6754
2024-02-04 12:20:00,0.5742
2024-02-04 12:30:00,0.7332
2024-02-04 12:40:00,0.8834
2024-02-04 12:50:00,0.7499
2024-02-04 13:00:00,0.8201
2024-02-04 13:10:00,0.6166
2024-02-04 13:20:00,0.9706
2024-02-04 13:30:00,0.8318
2024-02-04 13:40:00,0.9049
2024-02-04 13:50:00,0.8028
2024-02-04 14:00:00,0.8722
2024-02-04 14:10:00,0.6182
2024-02-04 14:20:00,0.6765
2024-02-04 14:30:00,0.9537
2024-02-04 14:40:00,0.9879
2024-02-04 14:50:00,0.5851
2024-02-04 15:00:00,0.7991
2024-02-04 15:10:00,0.7034
2024-02-04 15:20:00,0.6722
2024-02-04 15:30:00,0.8315
2024-02-04 15:40:00,0.976
2024-02-04 15:50:00,0.894
2024-02-04 16:00:00,0.8063
2024-02-04 16:10:00,0.9677
2024-02-04 16:20:00,0.8825
2024-02-04 16:30:00,1.0563
2024-02-04 16:40:00,1.2758
2024-02-04 16:50:00,0.8426
2024-02-04 17:00:00,1.3798
2024-02-04 17:10:00,1.1556
2024-02-04 17:20:00,1.7188
2024-02-04 17:30:00,1.6106
2024-02-04 17:40:00,1.7193
2024-02-04 17:50:00,2.2269
2024-02-04 18:00:00,2.4222
2024-02-04 18:10:00,2.4859
2024-02-04 18:20:00,2.7372
2024-02-04 18:30:00,3.2045
2024-02-04 18:40:00,3.3735
2024-02-04 18:50:00,3.7253
2024-02-04 19:00:00,4.2352
2024-02-04 19:10:00,4.4022
2024-02-04 19:20:00,4.9283
2024-02-04 19:30:00,5.3846
2024-02-04 19:40:00,5.4063
2024-02-04 19:50:00,5.6775
2024-02-04 20:00:00,6.1437
2024-02-04 20:10:00,5.7918
2024-02-04 20:20:00,6.2174
2024-02-04 20:30:00,6.2036
2024-02-04 20:40:00,6.1087
2024-02-04 20:50:00,6.0457
2024-02-04 21:00:00,5.7023
2024-02-04 21:10:00,5.3236
2024-02-04 21:20:00,5.2768
2024-02-04 21:30:00,4.9448
2024-02-04 21:40:00,4.5749
2024-02-04 21:50:00,4.0338
2024-02-04 22:00:00,3.5335
2024-02-04 22:10:00,3.2899
2024-02-04 22:20:00,3.0392
2024-02-04 22:30:00,2.7121
2024-02-04 22:40:00,2.1845
2024-02-04 22:50:00,2.0202
2024-02-04 23:00:00,1.5356
2024-02-04 23:10:00,1.6738
2024-02-04 23:20:00,1.2361
2024-02-04 23:30:00,1.3299
2024-02-04 23:40:00,0.9258
2024-02-04 23:50:00,1.1629
2024-02-05 00:00:00,0.5101
2024-02-05 00:10:00,0.3353
2024-02-05 00:20:00,0.5454
2024-02-05 00:30:00,0.3407
2024-02-05 00:40:00,0.5277
2024-02-05 00:50:00,0.3587
2024-02-05 01:00:00,0.1248
2024-02-05 01:10:00,0.2177
2024-02-05 01:20:00,0.2817
2024-02-05 01:30:00,0.5323
2024-02-05 01:40:00,0.443
2024-02-05 01:50:00,0.5328
2024-02-05 02:00:00,0.5196
2024-02-05 02:10:00,0.1752
2024-02-05 02:20:00,0.2132
2024-02-05 02:30:00,0.1683
2024-02-05 02:40:00,0.1208
2024-02-05 02:50:00,0.05
2024-02-05 03:00:00,0.2123
2024-02-05 03:10:00,0.05
2024-02-05 03:20:00,0.2164
2024-02-05 03:30:00,0.5473
2024-02-05 03:40:00,0.165
2024-02-05 03:50:00,0.2846
2024-02-05 04:00:00,0.4075
2024-02-05 04:10:00,0.3312
2024-02-05 04:20:00,0.3517
2024-02-05 04:30:00,0.2727
2024-02-05 04:40:00,0.3115
2024-02-05 04:50:00,0.221
2024-02-05 05:00:00,0.5099
2024-02-05 05:10:00,0.1386
2024-02-05 05:20:00,0.5609
2024-02-05 05:30:00,0.2187
2024-02-05 05:40:00,0.586
2024-02-05 05:50:00,0.3994
2024-02-05 06:00:00,0.2771
2024-02-05 06:10:00,0.5566
2024-02-05 06:20:00,0.6157
2024-02-05 06:30:00,0.416
2024-02-05 06:40:00,0.5942
2024-02-05 06:50:00,0.1469
2024-02-05 07:00:00,0.2943
2024-02-05 07:10:00,0.6884
2024-02-05 07:20:00,0.4626
2024-02-05 07:30:00,0.218
2024-02-05 07:40:00,0.3935
2024-02-05 07:50:00,0.3605
2024-02-05 08:00:00,0.4746
2024-02-05 08:10:00,0.4442
2024-02-05 08:20:00,0.5269
2024-02-05 08:30:00,0.4898
2024-02-05 08:40:00,0.7043
2024-02-05 08:50:00,0.5641
2024-02-05 09:00:00,0.5691
2024-02-05 09:10:00,0.6753
2024-02-05 09:20:00,0.4422
2024-02-05 09:30:00,0.3113
2024-02-05 09:40:00,0.6816
2024-02-05 09:50:00,0.5209
2024-02-05 10:00:00,0.5215
2024-02-05 10:10:00,0.4056
2024-02-05 10:20:00,0.408
2024-02-05 10:30:00,0.6276
2024-02-05 10:40:00,0.6483
2024-02-05 10:50:00,0.6181
2024-02-05 11:00:00,0.6195
2024-02-05 11:10:00,0.5859
2024-02-05 11:20:00,0.5203
2024-02-05 11:30:00,0.4743
2024-02-05 11:40:00,0.6821
2024-02-05 11:50:00,0.4445
2024-02-05 12:00:00,0.5561
2024-02-05 12:10:00,0.38
2024-02-05 12:20:00,0.4017
2024-02-05 12:30:00,0.4651
2024-02-05 12:40:00,0.38
2024-02-05 12:50:00,0.6203
2024-02-05 13:00:00,0.2984
2024-02-05 13:10:00,0.5155
2024-02-05 13:20:00,0.5206
2024-02-05 13:30:00,0.2291
2024-02-05 13:40:00,0.4347
2024-02-05 13:50:00,0.5394
2024-02-05 14:00:00,0.5657
2024-02-05 14:10:00,0.4712
2024-02-05 14:20:00,0.6041
2024-02-05 14:30:00,0.4872
2024-02-05 14:40:00,0.5071
2024-02-05 14:50:00,0.5449
2024-02-05 15:00:00,0.6493
2024-02-05 15:10:00,0.4131
2024-02-05 15:20:00,0.4474
2024-02-05 15:30:00,0.4281
2024-02-05 15:40:00,0.4894
2024-02-05 15:50:00,0.7674
2024-02-05 16:00:00,0.6582
2024-02-05 16:10:00,0.4268
2024-02-05 16:20:00,0.5373
2024-02-05 16:30:00,0.7221
2024-02-05 16:40:00,0.5784
2024-02-05 16:50:00,0.6644
2024-02-05 17:00:00,1.046
2024-02-05 17:10:00,0.8368
2024-02-05 17:20:00,1.1712
2024-02-05 17:30:00,1.3312
2024-02-05 17:40:00,1.1641
2024-02-05 17:50:00,1.2884
2024-02-05 18:00:00,1.5446
2024-02-05 18:10:00,1.6024
2024-02-05 18:20:00,1.9777
2024-02-05 18:30:00,2.1347
2024-02-05 18:40:00,2.435
2024-02-05 18:50:00,2.8118
2024-02-05 19:00:00,2.9482
2024-02-05 19:10:00,3.1195
2024-02-05 19:20:00,2.9637
2024-02-05 19:30:00,3.5239
2024-02-05 19:40:00,3.895
2024-02-05 19:50:00,3.3387
2024-02-05 20:00:00,4.0163
2024-02-05 20:10:00,3.9754
2024-02-05 20:20:00,3.9179
2024-02-05 20:30:00,4.1684
2024-02-05 20:40:00,4.2629
2024-02-05 20:50:00,4.0365
2024-02-05 21:00:00,3.7361
2024-02-05 21:10:00,3.4834
2024-02-05 21:20:00,3.4467
2024-02-05 21:30:00,3.3297
2024-02-05 21:40:00,2.8956
2024-02-05 21:50:00,2.6543
2024-02-05 22:00:00,2.8624
2024-02-05 22:10:00,2.3465
2024-02-05 22:20:00,2.1138
2024-02-05 22:30:00,1.4949
2024-02-05 22:40:00,1.4005
2024-02-05 22:50:00,1.3328
2024-02-05 23:00:00,1.0101
2024-02-05 23:10:00,1.2624
2024-02-05 23:20:00,1.1184
2024-02-05 23:30:00,0.732
2024-02-05 23:40:00,1.0033
2024-02-05 23:50:00,0.6747
2024-02-06 00:00:00,0.8525
2024-02-06 00:10:00,0.4765
2024-02-06 00:20:00,0.5303
2024-02-06 00:30:00,0.6413
2024-02-06 00:40:00,0.609
2024-02-06 00:50:00,0.4784
2024-02-06 01:00:00,0.3637
2024-02-06 01:10:00,0.444
2024-02-06 01:20:00,0.2256
2024-02-06 01:30:00,0.3515
2024-02-06 01:40:00,0.143
2024-02-06 01:50:00,0.05
2024-02-06 02:00:00,0.2804
2024-02-06 02:10:00,0.446
2024-02-06 02:20:00,0.3815
2024-02-06 02:30:00,0.2188
2024-02-06 02:40:00,0.4846
2024-02-06 02:50:00,0.132
2024-02-06 03:00:00,0.05
2024-02-06 03:10:00,0.05
2024-02-06 03:20:00,0.05
2024-02-06 03:30:00,0.3536
2024-02-06 03:40:00,0.1474
2024-02-06 03:50:00,0.3258
2024-02-06 04:00:00,0.5198
2024-02-06 04:10:00,0.1256
2024-02-06 04:20:00,0.3812
2024-02-06 04:30:00,0.4095
2024-02-06 04:40:00,0.2189
2024-02-06 04:50:00,0.57
2024-02-06 05:00:00,0.3417
2024-02-06 05:10:00,0.3442
2024-02-06 05:20:00,0.7341
2024-02-06 05:30:00,0.5098
2024-02-06 05:40:00,0.5826
2024-02-06 05:50:00,0.658
2024-02-06 06:00:00,0.3666
2024-02-06 06:10:00,0.6596
2024-02-06 06:20:00,0.4034
2024-02-06 06:30:00,0.4025
2024-02-06 06:40:00,0.4477
2024-02-06 06:50:00,0.3988
2024-02-06 07:00:00,0.6181
2024-02-06 07:10:00,0.5371
2024-02-06 07:20:00,0.4249
2024-02-06 07:30:00,0.601
2024-02-06 07:40:00,0.4595
2024-02-06 07:50:00,0.4522
2024-02-06 08:00:00,0.5092
2024-02-06 08:10:00,0.5718
2024-02-06 08:20:00,0.561
2024-02-06 08:30:00,0.4482
2024-02-06 08:40:00,0.6299
2024-02-06 08:50:00,0.4695
2024-02-06 09:00:00,0.4047
2024-02-06 09:10:00,0.2828
2024-02-06 09:20:00,0.6505
2024-02-06 09:30:00,0.5049
2024-02-06 09:40:00,0.5347
2024-02-06 09:50:00,0.6599
2024-02-06 10:00:00,0.4314
2024-02-06 10:10:00,0.2969
2024-02-06 10:20:00,0.5135
2024-02-06 10:30:00,0.5492
2024-02-06 10:40:00,0.4636
2024-02-06 10:50:00,0.7241
2024-02-06 11:00:00,0.1301
2024-02-06 11:10:00,0.671
2024-02-06 11:20:00,0.6217
2024-02-06 11:30:00,0.5716
2024-02-06 11:40:00,0.05
2024-02-06 11:50:00,0.6956
2024-02-06 12:00:00,0.3491
2024-02-06 12:10:00,0.4269
2024-02-06 12:20:00,0.4775
2024-02-06 12:30:00,0.5642
2024-02-06 12:40:00,0.599
2024-02-06 12:50:00,0.637
2024-02-06 13:00:00,0.6255
2024-02-06 13:10:00,0.5411
2024-02-06 13:20:00,0.5656
2024-02-06 13:30:00,0.3396
2024-02-06 13:40:00,0.3907
2024-02-06 13:50:00,0.6379
2024-02-06 14:00:00,0.6295
2024-02-06 14:10:00,0.6129
2024-02-06 14:20:00,0.4279
2024-02-06 14:30:00,0.6426
2024-02-06 14:40:00,0.3334
2024-02-06 14:50:00,0.6713
2024-02-06 15:00:00,0.4736
2024-02-06 15:10:00,0.7697
2024-02-06 15:20:00,0.2947
2024-02-06 15:30:00,0.7955
2024-02-06 15:40:00,0.4876
2024-02-06 15:50:00,0.4993
2024-02-06 16:00:00,0.6043
2024-02-06 16:10:00,0.4949
2024-02-06 16:20:00,0.6196
2024-02-06 16:30:00,0.5589
2024-02-06 16:40:00,0.6127
2024-02-06 16:50:00,0.8501
2024-02-06 17:00:00,0.7132
2024-02-06 17:10:00,0.8182
2024-02-06 17:20:00,0.8272
2024-02-06 17:30:00,1.073
2024-02-06 17:40:00,1.4772
2024-02-06 17:50:00,1.3021
2024-02-06 18:00:00,1.4842
2024-02-06 18:10:00,1.8035
2024-02-06 18:20:00,1.9136
2024-02-06 18:30:00,2.5105
2024-02-06 18:40:00,2.3683
2024-02-06 18:50:00,2.6655
2024-02-06 19:00:00,2.9812
2024-02-06 19:10:00,3.1999
2024-02-06 19:20:00,3.3097
2024-02-06 19:30:00,3.4504
2024-02-06 19:40:00,3.9582
2024-02-06 19:50:00,3.7941
2024-02-06 20:00:00,3.866
2024-02-06 20:10:00,3.9222
2024-02-06 20:20:00,3.8064
2024-02-06 20:30:00,4.1915
2024-02-06 20:40:00,3.674
2024-02-06 20:50:00,3.9388
2024-02-06 21:00:00,3.7798
2024-02-06 21:10:00,3.9788
2024-02-06 21:20:00,3.1672
2024-02-06 21:30:00,3.0794
2024-02-06 21:40:00,2.9479
2024-02-06 21:50:00,2.6815
2024-02-06 22:00:00,2.3687
2024-02-06 22:10:00,2.1834
2024-02-06 22:20:00,1.762
2024-02-06 22:30:00,1.776
2024-02-06 22:40:00,1.1658
2024-02-06 22:50:00,1.3243
2024-02-06 23:00:00,1.0759
2024-02-06 23:10:00,1.1798
2024-02-06 23:20:00,1.1746
2024-02-06 23:30:00,0.7664
2024-02-06 23:40:00,0.9479
2024-02-06 23:50:00,0.6313
2024-02-07 00:00:00,0.3216
2024-02-07 00:10:00,0.7189
2024-02-07 00:20:00,0.5242
2024-02-07 00:30:00,0.4342
2024-02-07 00:40:00,0.5225
2024-02-07 00:50:00,0.4449
2024-02-07 01:00:00,0.3764
2024-02-07 01:10:00,0.1697
2024-02-07 01:20:00,0.3092
2024-02-07 01:30:00,0.4238
2024-02-07 01:40:00,0.2925
2024-02-07 01:50:00,0.4274
2024-02-07 02:00:00,0.3318
2024-02-07 02:10:00,0.1263
2024-02-07 02:20:00,0.05
2024-02-07 02:30:00,0.2087
2024-02-07 02:40:00,0.1451
2024-02-07 02:50:00,0.2689
2024-02-07 03:00:00,0.109
2024-02-07 03:10:00,0.1261
2024-02-07 03:20:00,0.3817
2024-02-07 03:30:00,0.2545
2024-02-07 03:40:00,0.1384
2024-02-07 03:50:00,0.2606
2024-02-07 04:00:00,0.4811
2024-02-07 04:10:00,0.3361
2024-02-07 04:20:00,0.3999
2024-02-07 04:30:00,0.2175
2024-02-07 04:40:00,0.5037
2024-02-07 04:50:00,0.7164
2024-02-07 05:00:00,0.2681
2024-02-07 05:10:00,0.2265
2024-02-07 05:20:00,0.4457
2024-02-07 05:30:00,0.5649
2024-02-07 05:40:00,0.4324
2024-02-07 05:50:00,0.2991
2024-02-07 06:00:00,0.4502
2024-02-07 06:10:00,0.5642
2024-02-07 06:20:00,0.4201
2024-02-07 06:30:00,0.5777
2024-02-07 06:40:00,0.6657
2024-02-07 06:50:00,0.5306
2024-02-07 07:00:00,0.4931
2024-02-07 07:10:00,0.6239
2024-02-07 07:20:00,0.3727
2024-02-07 07:30:00,0.3592
2024-02-07 07:40:00,0.4633
2024-02-07 07:50:00,0.4302
2024-02-07 08:00:00,0.384
2024-02-07 08:10:00,0.7794
2024-02-07 08:20:00,0.8309
2024-02-07 08:30:00,0.4522
2024-02-07 08:40:00,0.5191
2024-02-07 08:50:00,0.4772
2024-02-07 09:00:00,0.6716
2024-02-07 09:10:00,0.7014
2024-02-07 09:20:00,0.2389
2024-02-07 09:30:00,0.577
2024-02-07 09:40:00,0.3095
2024-02-07 09:50:00,0.7693
2024-02-07 10:00:00,0.5716
2024-02-07 10:10:00,0.3821
2024-02-07 10:20:00,0.4694
2024-02-07 10:30:00,0.4622
2024-02-07 10:40:00,0.5843
2024-02-07 10:50:00,0.6619
2024-02-07 11:00:00,0.3333
2024-02-07 11:10:00,0.7814
2024-02-07 11:20:00,0.7464
2024-02-07 11:30:00,0.3743
2024-02-07 11:40:00,0.5165
2024-02-07 11:50:00,0.7622
2024-02-07 12:00:00,0.6905
2024-02-07 12:10:00,0.4551
2024-02-07 12:20:00,0.6277
2024-02-07 12:30:00,0.9552
2024-02-07 12:40:00,0.5214
2024-02-07 12:50:00,0.4107
2024-02-07 13:00:00,0.5315
2024-02-07 13:10:00,0.5426
2024-02-07 13:20:00,0.427
2024-02-07 13:30:00,0.572
2024-02-07 13:40:00,0.3178
2024-02-07 13:50:00,0.4063
2024-02-07 14:00:00,0.6202
2024-02-07 14:10:00,0.2437
2024-02-07 14:20:00,0.6431
2024-02-07 14:30:00,0.2068
2024-02-07 14:40:00,0.2504
2024-02-07 14:50:00,0.4374
2024-02-07 15:00:00,0.5584
2024-02-07 15:10:00,0.7184
2024-02-07 15:20:00,0.5342
2024-02-07 15:30:00,0.4967
2024-02-07 15:40:00,0.6315
2024-02-07 15:50:00,0.4284
2024-02-07 16:00:00,0.5989
2024-02-07 16:10:00,0.4226
2024-02-07 16:20:00,0.6461
2024-02-07 16:30:00,0.6534
2024-02-07 16:40:00,0.6009
2024-02-07 16:50:00,0.8057
2024-02-07 17:00:00,0.8765
2024-02-07 17:10:00,1.1144
2024-02-07 17:20:00,0.7975
2024-02-07 17:30:00,1.143
2024-02-07 17:40:00,1.1729
2024-02-07 17:50:00,1.5666
2024-02-07 18:00:00,1.715
2024-02-07 18:10:00,1.8596
2024-02-07 18:20:00,1.8736
2024-02-07 18:30:00,2.32
2024-02-07 18:40:00,2.1752
2024-02-07 18:50:00,2.3681
2024-02-07 19:00:00,2.6625
2024-02-07 19:10:00,3.0716
2024-02-07 19:20:00,3.3925
2024-02-07 19:30:00,3.0456
2024-02-07 19:40:00,3.8715
2024-02-07 19:50:00,3.848
2024-02-07 20:00:00,3.717
2024-02-07 20:10:00,4.0545
2024-02-07 20:20:00,4.2498
2024-02-07 20:30:00,4.1787
2024-02-07 20:40:00,4.2114
2024-02-07 20:50:00,3.7546
2024-02-07 21:00:00,3.7677
2024-02-07 21:10:00,3.5225
2024-02-07 21:20:00,3.7169
2024-02-07 21:30:00,3.3267
2024-02-07 21:40:00,3.4103
2024-02-07 21:50:00,2.6547
2024-02-07 22:00:00,2.3548
2024-02-07 22:10:00,2.1852
2024-02-07 22:20:00,2.1675
2024-02-07 22:30:00,1.6762
2024-02-07 22:40:00,1.5403
2024-02-07 22:50:00,1.3494
2024-02-07 23:00:00,1.1778
2024-02-07 23:10:00,0.9347
2024-02-07 23:20:00,0.8953
2024-02-07 23:30:00,0.7931
2024-02-07 23:40:00,0.7419
2024-02-07 23:50:00,0.8237
2024-02-08 00:00:00,0.733
2024-02-08 00:10:00,0.3333
2024-02-08 00:20:00,0.3896
2024-02-08 00:30:00,0.312
2024-02-08 00:40:00,0.4496
2024-02-08 00:50:00,0.3251
2024-02-08 01:00:00,0.4248
2024-02-08 01:10:00,0.5361
2024-02-08 01:20:00,0.05
2024-02-08 01:30:00,0.4058
2024-02-08 01:40:00,0.2435
2024-02-08 01:50:00,0.3626
2024-02-08 02:00:00,0.1412
2024-02-08 02:10:00,0.4388
2024-02-08 02:20:00,0.3821
2024-02-08 02:30:00,0.3187
2024-02-08 02:40:00,0.3439
2024-02-08 02:50:00,0.1077
2024-02-08 03:00:00,0.1248
2024-02-08 03:10:00,0.3324
2024-02-08 03:20:00,0.1097
2024-02-08 03:30:00,0.4503
2024-02-08 03:40:00,0.1966
2024-02-08 03:50:00,0.3346
2024-02-08 04:00:00,0.5905
2024-02-08 04:10:00,0.1876
2024-02-08 04:20:00,0.3229
2024-02-08 04:30:00,0.4902
2024-02-08 04:40:00,0.4942
2024-02-08 04:50:00,0.3214
2024-02-08 05:00:00,0.3113
2024-02-08 05:10:00,0.3709
2024-02-08 05:20:00,0.6387
2024-02-08 05:30:00,0.3939
2024-02-08 05:40:00,0.4601
2024-02-08 05:50:00,0.3954
2024-02-08 06:00:00,0.5747
2024-02-08 06:10:00,0.5002
2024-02-08 06:20:00,0.3331
2024-02-08 06:30:00,0.3438
2024-02-08 06:40:00,0.1937
2024-02-08 06:50:00,0.3724
2024-02-08 07:00:00,0.619
2024-02-08 07:10:00,0.7006
2024-02-08 07:20:00,0.6065
2024-02-08 07:30:00,0.5881
2024-02-08 07:40:00,0.4869
2024-02-08 07:50:00,0.6228
2024-02-08 08:00:00,0.55
2024-02-08 08:10:00,0.7781
2024-02-08 08:20:00,0.4929
2024-02-08 08:30:00,0.7093
2024-02-08 08:40:00,0.6391
2024-02-08 08:50:00,0.6183
2024-02-08 09:00:00,0.2063
2024-02-08 09:10:00,0.6475
2024-02-08 09:20:00,0.489
2024-02-08 09:30:00,0.4416
2024-02-08 09:40:00,0.2857
2024-02-08 09:50:00,0.5073
2024-02-08 10:00:00,0.5132
2024-02-08 10:10:00,0.3127
2024-02-08 10:20:00,0.2872
2024-02-08 10:30:00,0.5812
2024-02-08 10:40:00,0.6389
2024-02-08 10:50:00,0.5367
2024-02-08 11:00:00,0.6808
2024-02-08 11:10:00,0.4952
2024-02-08 11:20:00,0.5
2024-02-08 11:30:00,0.3706
2024-02-08 11:40:00,0.2741
2024-02-08 11:50:00,0.7864
2024-02-08 12:00:00,0.6779
2024-02-08 12:10:00,0.2993
2024-02-08 12:20:00,0.5315
2024-02-08 12:30:00,0.4932
2024-02-08 12:40:00,0.4671
2024-02-08 12:50:00,0.4468
2024-02-08 13:00:00,0.5654
2024-02-08 13:10:00,0.631
2024-02-08 13:20:00,0.5687
2024-02-08 13:30:00,0.4903
2024-02-08 13:40:00,0.4849
2024-02-08 13:50:00,0.6492
2024-02-08 14:00:00,0.5785
2024-02-08 14:10:00,0.5204
2024-02-08 14:20:00,0.5048
2024-02-08 14:30:00,0.563
2024-02-08 14:40:00,0.4425
2024-02-08 14:50:00,0.6381
2024-02-08 15:00:00,0.3566
2024-02-08 15:10:00,0.4606
2024-02-08 15:20:00,0.62
2024-02-08 15:30:00,0.3665
2024-02-08 15:40:00,0.3114
2024-02-08 15:50:00,0.5714
2024-02-08 16:00:00,0.3265
2024-02-08 16:10:00,0.4108
2024-02-08 16:20:00,0.7504
2024-02-08 16:30:00,0.6456
2024-02-08 16:40:00,0.918
2024-02-08 16:50:00,0.6042
2024-02-08 17:00:00,0.843
2024-02-08 17:10:00,1.0029
2024-02-08 17:20:00,0.8681
2024-02-08 17:30:00,1.3151
2024-02-08 17:40:00,1.3701
2024-02-08 17:50:00,1.2022
2024-02-08 18:00:00,1.6045
2024-02-08 18:10:00,1.8505
2024-02-08 18:20:00,1.9008
2024-02-08 18:30:00,1.9765
2024-02-08 18:40:00,2.4589
2024-02-08 18:50:00,2.9735
2024-02-08 19:00:00,2.8105
2024-02-08 19:10:00,3.3278
2024-02-08 19:20:00,3.1953
2024-02-08 19:30:00,3.5423
2024-02-08 19:40:00,3.8076
2024-02-08 19:50:00,3.8467
2024-02-08 20:00:00,3.9278
2024-02-08 20:10:00,4.169
2024-02-08 20:20:00,4.3906
2024-02-08 20:30:00,4.1549
2024-02-08 20:40:00,3.9899
2024-02-08 20:50:00,3.9514
2024-02-08 21:00:00,4.2274
2024-02-08 21:10:00,3.7003
2024-02-08 21:20:00,3.3879
2024-02-08 21:30:00,3.0756
2024-02-08 21:40:00,2.7247
2024-02-08 21:50:00,2.7934
2024-02-08 22:00:00,2.5743
2024-02-08 22:10:00,2.1584
2024-02-08 22:20:00,1.9685
2024-02-08 22:30:00,1.5644
2024-02-08 22:40:00,1.5494
2024-02-08 22:50:00,1.4139
2024-02-08 23:00:00,1.0976
2024-02-08 23:10:00,1.2914
2024-02-08 23:20:00,0.795
2024-02-08 23:30:00,0.8669
2024-02-08 23:40:00,0.8741
2024-02-08 23:50:00,0.6741
2024-02-09 00:00:00,0.443
2024-02-09 00:10:00,0.2475
2024-02-09 00:20:00,0.6543
2024-02-09 00:30:00,0.4126
2024-02-09 00:40:00,0.5044
2024-02-09 00:50:00,0.5089
2024-02-09 01:00:00,0.2966
2024-02-09 01:10:00,0.3429
2024-02-09 01:20:00,0.5535
2024-02-09 01:30:00,0.1662
2024-02-09 01:40:00,0.6334
2024-02-09 01:50:00,0.1834
2024-02-09 02:00:00,0.1002
2024-02-09 02:10:00,0.2805
2024-02-09 02:20:00,0.5776
2024-02-09 02:30:00,0.05
2024-02-09 02:40:00,0.2049
2024-02-09 02:50:00,0.2922
2024-02-09 03:00:00,0.224
2024-02-09 03:10:00,0.278
2024-02-09 03:20:00,0.1183
2024-02-09 03:30:00,0.1447
2024-02-09 03:40:00,0.2241
2024-02-09 03:50:00,0.0912
2024-02-09 04:00:00,0.2704
2024-02-09 04:10:00,0.2368
2024-02-09 04:20:00,0.2437
2024-02-09 04:30:00,0.3819
2024-02-09 04:40:00,0.0803
2024-02-09 04:50:00,0.3381
2024-02-09 05:00:00,0.7384
2024-02-09 05:10:00,0.2451
2024-02-09 05:20:00,0.6166
2024-02-09 05:30:00,0.4462
2024-02-09 05:40:00,0.3603
2024-02-09 05:50:00,0.2637
2024-02-09 06:00:00,0.4923
2024-02-09 06:10:00,0.6974
2024-02-09 06:20:00,0.4277
2024-02-09 06:30:00,0.4795
2024-02-09 06:40:00,0.6477
2024-02-09 06:50:00,0.5508
2024-02-09 07:00:00,0.2666
2024-02-09 07:10:00,0.5195
2024-02-09 07:20:00,0.7332
2024-02-09 07:30:00,0.502
2024-02-09 07:40:00,0.0973
2024-02-09 07:50:00,0.5674
2024-02-09 08:00:00,0.4799
2024-02-09 08:10:00,0.2357
2024-02-09 08:20:00,0.2584
2024-02-09 08:30:00,0.6567
2024-02-09 08:40:00,0.4007
2024-02-09 08:50:00,0.3745
2024-02-09 09:00:00,0.5054
2024-02-09 09:10:00,0.4141
2024-02-09 09:20:00,0.5258
2024-02-09 09:30:00,0.4804
2024-02-09 09:40:00,0.3308
2024-02-09 09:50:00,0.4341
2024-02-09 10:00:00,0.5772
2024-02-09 10:10:00,0.5171
2024-02-09 10:20:00,0.4985
2024-02-09 10:30:00,0.8014
2024-02-09 10:40:00,0.6205
2024-02-09 10:50:00,0.6387
2024-02-09 11:00:00,0.4859
2024-02-09 11:10:00,0.5438
2024-02-09 11:20:00,0.4462
2024-02-09 11:30:00,0.6275
2024-02-09 11:40:00,0.4943
2024-02-09 11:50:00,0.5442
2024-02-09 12:00:00,0.5349
2024-02-09 12:10:00,0.5081
2024-02-09 12:20:00,0.9516
2024-02-09 12:30:00,0.4108
2024-02-09 12:40:00,0.4095
2024-02-09 12:50:00,0.615
2024-02-09 13:00:00,0.4216
2024-02-09 13:10:00,0.4672
2024-02-09 13:20:00,0.348
2024-02-09 13:30:00,0.5848
2024-02-09 13:40:00,0.5868
2024-02-09 13:50:00,0.4641
2024-02-09 14:00:00,0.6189
2024-02-09 14:10:00,0.2334
2024-02-09 14:20:00,0.4068
2024-02-09 14:30:00,0.4884
2024-02-09 14:40:00,0.3396
2024-02-09 14:50:00,0.2553
2024-02-09 15:00:00,0.4745
2024-02-09 15:10:00,0.6291
2024-02-09 15:20:00,0.7234
2024-02-09 15:30:00,0.4571
2024-02-09 15:40:00,0.6602
2024-02-09 15:50:00,0.6603
2024-02-09 16:00:00,0.7668
2024-02-09 16:10:00,0.5562
2024-02-09 16:20:00,0.3705
2024-02-09 16:30:00,0.6904
2024-02-09 16:40:00,0.5769
2024-02-09 16:50:00,0.6805
2024-02-09 17:00:00,0.8164
2024-02-09 17:10:00,0.897
2024-02-09 17:20:00,1.0703
2024-02-09 17:30:00,1.2718
2024-02-09 17:40:00,1.2451
2024-02-09 17:50:00,1.5104
2024-02-09 18:00:00,1.6208
2024-02-09 18:10:00,1.9422
2024-02-09 18:20:00,1.9714
2024-02-09 18:30:00,2.1981
2024-02-09 18:40:00,2.3736
2024-02-09 18:50:00,2.6313
2024-02-09 19:00:00,2.766
2024-02-09 19:10:00,2.9762
2024-02-09 19:20:00,3.4418
2024-02-09 19:30:00,3.3658
2024-02-09 19:40:00,3.6633
2024-02-09 19:50:00,4.0203
2024-02-09 20:00:00,3.9402
2024-02-09 20:10:00,4.2056
2024-02-09 20:20:00,4.0397
2024-02-09 20:30:00,3.9736
2024-02-09 20:40:00,3.8493
2024-02-09 20:50:00,4.1975
2024-02-09 21:00:00,3.699
2024-02-09 21:10:00,3.8113
2024-02-09 21:20:00,3.3452
2024-02-09 21:30:00,3.4619
2024-02-09 21:40:00,3.3452
2024-02-09 21:50:00,2.5002
2024-02-09 22:00:00,2.3263
2024-02-09 22:10:00,2.3455
2024-02-09 22:20:00,2.058
2024-02-09 22:30:00,1.8656
2024-02-09 22:40:00,1.4514
2024-02-09 22:50:00,1.6469
2024-02-09 23:00:00,1.2017
2024-02-09 23:10:00,0.8607
2024-02-09 23:20:00,0.8874
2024-02-09 23:30:00,0.6481
2024-02-09 23:40:00,0.9894
2024-02-09 23:50:00,0.5902
2024-02-10 00:00:00,0.7846
2024-02-10 00:10:00,0.6258
2024-02-10 00:20:00,0.5873
2024-02-10 00:30:00,0.374
2024-02-10 00:40:00,0.7287
2024-02-10 00:50:00,0.8101
2024-02-10 01:00:00,0.4519
2024-02-10 01:10:00,0.3299
2024-02-10 01:20:00,0.6534
2024-02-10 01:30:00,0.2564
2024-02-10 01:40:00,0.6567
2024-02-10 01:50:00,0.3094
2024-02-10 02:00:00,0.2523
2024-02-10 02:10:00,0.4303
2024-02-10 02:20:00,0.2158
2024-02-10 02:30:00,0.2478
2024-02-10 02:40:00,0.394
2024-02-10 02:50:00,0.05
2024-02-10 03:00:00,0.5765
2024-02-10 03:10:00,0.3394
2024-02-10 03:20:00,0.1469
2024-02-10 03:30:00,0.2013
2024-02-10 03:40:00,0.5203
2024-02-10 03:50:00,0.4832
2024-02-10 04:00:00,0.6259
2024-02-10 04:10:00,0.3426
2024-02-10 04:20:00,0.5183
2024-02-10 04:30:00,0.5673
2024-02-10 04:40:00,0.6372
2024-02-10 04:50:00,0.7308
2024-02-10 05:00:00,0.4817
2024-02-10 05:10:00,0.5981
2024-02-10 05:20:00,0.5475
2024-02-10 05:30:00,0.6526
2024-02-10 05:40:00,0.7844
2024-02-10 05:50:00,0.4483
2024-02-10 06:00:00,0.8771
2024-02-10 06:10:00,0.552
2024-02-10 06:20:00,0.6869
2024-02-10 06:30:00,0.928
2024-02-10 06:40:00,0.7973
2024-02-10 06:50:00,0.8044
2024-02-10 07:00:00,0.5806
2024-02-10 07:10:00,0.6044
2024-02-10 07:20:00,0.9047
2024-02-10 07:30:00,0.677
2024-02-10 07:40:00,0.6926
2024-02-10 07:50:00,0.9124
2024-02-10 08:00:00,0.6111
2024-02-10 08:10:00,0.8095
2024-02-10 08:20:00,0.7759
2024-02-10 08:30:00,0.7694
2024-02-10 08:40:00,0.6922
2024-02-10 08:50:00,0.6831
2024-02-10 09:00:00,0.6084
2024-02-10 09:10:00,0.8426
2024-02-10 09:20:00,0.67
2024-02-10 09:30:00,0.9156
2024-02-10 09:40:00,0.7366
2024-02-10 09:50:00,0.6115
2024-02-10 10:00:00,0.7346
2024-02-10 10:10:00,0.7087
2024-02-10 10:20:00,0.9217
2024-02-10 10:30:00,0.7149
2024-02-10 10:40:00,0.7289
2024-02-10 10:50:00,0.982
2024-02-10 11:00:00,0.8465
2024-02-10 11:10:00,1.0197
2024-02-10 11:20:00,0.9592
2024-02-10 11:30:00,0.6372
2024-02-10 11:40:00,0.9188
2024-02-10 11:50:00,0.9991
2024-02-10 12:00:00,1.0002
2024-02-10 12:10:00,0.9185
2024-02-10 12:20:00,0.9154
2024-02-10 12:30:00,0.7249
2024-02-10 12:40:00,0.6447
2024-02-10 12:50:00,0.7175
2024-02-10 13:00:00,0.5206
2024-02-10 13:10:00,0.9718
2024-02-10 13:20:00,0.728
2024-02-10 13:30:00,0.9643
2024-02-10 13:40:00,0.5861
2024-02-10 13:50:00,0.9335
2024-02-10 14:00:00,0.6974
2024-02-10 14:10:00,0.5796
2024-02-10 14:20:00,1.0174
2024-02-10 14:30:00,0.941
2024-02-10 14:40:00,0.809
2024-02-10 14:50:00,0.7856
2024-02-10 15:00:00,0.8511
2024-02-10 15:10:00,0.8209
2024-02-10 15:20:00,0.682
2024-02-10 15:30:00,0.7513
2024-02-10 15:40:00,1.1238
2024-02-10 15:50:00,1.2526
2024-02-10 16:00:00,1.1151
2024-02-10 16:10:00,0.9897
2024-02-10 16:20:00,0.9148
2024-02-10 16:30:00,0.9055
2024-02-10 16:40:00,0.9894
2024-02-10 16:50:00,1.1069
2024-02-10 17:00:00,1.6219
2024-02-10 17:10:00,1.7002
2024-02-10 17:20:00,1.6939
2024-02-10 17:30:00,1.6147
2024-02-10 17:40:00,2.0947
2024-02-10 17:50:00,2.1524
2024-02-10 18:00:00,2.1178
2024-02-10 18:10:00,2.7603
2024-02-10 18:20:00,2.8892
2024-02-10 18:30:00,3.2112
2024-02-10 18:40:00,3.6263
2024-02-10 18:50:00,3.9298
2024-02-10 19:00:00,4.3431
2024-02-10 19:10:00,4.6752
2024-02-10 19:20:00,4.7332
2024-02-10 19:30:00,5.5485
2024-02-10 19:40:00,5.4488
2024-02-10 19:50:00,5.69
2024-02-10 20:00:00,5.9722
2024-02-10 20:10:00,6.1382
2024-02-10 20:20:00,6.4442
2024-02-10 20:30:00,6.2701
2024-02-10 20:40:00,6.2503
2024-02-10 20:50:00,6.0739
2024-02-10 21:00:00,5.8698
2024-02-10 21:10:00,5.6247
2024-02-10 21:20:00,4.9807
2024-02-10 21:30:00,4.8849
2024-02-10 21:40:00,4.7196
2024-02-10 21:50:00,4.7429
2024-02-10 22:00:00,3.5727
2024-02-10 22:10:00,3.4255
2024-02-10 22:20:00,2.9017
2024-02-10 22:30:00,2.9447
2024-02-10 22:40:00,2.1153
2024-02-10 22:50:00,2.1276
2024-02-10 23:00:00,1.5744
2024-02-10 23:10:00,1.5254
2024-02-10 23:20:00,1.3903
2024-02-10 23:30:00,1.41
2024-02-10 23:40:00,0.9705
2024-02-10 23:50:00,1.1388
2024-02-11 00:00:00,0.7174
2024-02-11 00:10:00,0.741
2024-02-11 00:20:00,0.8271
2024-02-11 00:30:00,0.4717
2024-02-11 00:40:00,0.764
2024-02-11 00:50:00,0.5332
2024-02-11 01:00:00,0.7569
2024-02-11 01:10:00,0.6149
2024-02-11 01:20:00,0.5043
2024-02-11 01:30:00,0.4175
2024-02-11 01:40:00,0.5998
2024-02-11 01:50:00,0.6366
2024-02-11 02:00:00,0.3402
2024-02-11 02:10:00,0.2252
2024-02-11 02:20:00,0.4777
2024-02-11 02:30:00,0.1385
2024-02-11 02:40:00,0.1469
2024-02-11 02:50:00,0.1752
2024-02-11 03:00:00,0.2696
2024-02-11 03:10:00,0.1342
2024-02-11 03:20:00,0.0519
2024-02-11 03:30:00,0.1855
2024-02-11 03:40:00,0.4699
2024-02-11 03:50:00,0.2045
2024-02-11 04:00:00,0.369
2024-02-11 04:10:00,0.7394
2024-02-11 04:20:00,0.469
2024-02-11 04:30:00,0.5574
2024-02-11 04:40:00,0.3938
2024-02-11 04:50:00,0.8893
2024-02-11 05:00:00,0.5113
2024-02-11 05:10:00,0.5843
2024-02-11 05:20:00,0.84
2024-02-11 05:30:00,0.6368
2024-02-11 05:40:00,0.6905
2024-02-11 05:50:00,0.6579
2024-02-11 06:00:00,0.6733
2024-02-11 06:10:00,0.7824
2024-02-11 06:20:00,0.8199
2024-02-11 06:30:00,0.6489
2024-02-11 06:40:00,0.6372
2024-02-11 06:50:00,0.6662
2024-02-11 07:00:00,0.5516
2024-02-11 07:10:00,0.5265
2024-02-11 07:20:00,0.8122
2024-02-11 07:30:00,0.9103
2024-02-11 07:40:00,0.9016
2024-02-11 07:50:00,0.4147
2024-02-11 08:00:00,0.736
2024-02-11 08:10:00,0.608
2024-02-11 08:20:00,0.7952
2024-02-11 08:30:00,0.7112
2024-02-11 08:40:00,0.8629
2024-02-11 08:50:00,0.7713
2024-02-11 09:00:00,0.4899
2024-02-11 09:10:00,0.6293
2024-02-11 09:20:00,0.7752
2024-02-11 09:30:00,0.7879
2024-02-11 09:40:00,0.5636
2024-02-11 09:50:00,0.544
2024-02-11 10:00:00,0.7829
2024-02-11 10:10:00,0.5639
2024-02-11 10:20:00,0.5241
2024-02-11 10:30:00,0.7077
2024-02-11 10:40:00,0.7012
2024-02-11 10:50:00,0.6427
2024-02-11 11:00:00,0.6689
2024-02-11 11:10:00,0.7765
2024-02-11 11:20:00,0.6664
2024-02-11 11:30:00,0.785
2024-02-11 11:40:00,0.7174
2024-02-11 11:50:00,0.7996
2024-02-11 12:00:00,0.9062
2024-02-11 12:10:00,0.9003
2024-02-11 12:20:00,0.9677
2024-02-11 12:30:00,0.9002
2024-02-11 12:40:00,0.8102
2024-02-11 12:50:00,0.7095
2024-02-11 13:00:00,0.7163
2024-02-11 13:10:00,0.6429
2024-02-11 13:20:00,0.7753
2024-02-11 13:30:00,0.8794
2024-02-11 13:40:00,0.6661
2024-02-11 13:50:00,0.7697
2024-02-11 14:00:00,0.6741
2024-02-11 14:10:00,0.8079
2024-02-11 14:20:00,0.6951
2024-02-11 14:30:00,0.6682
2024-02-11 14:40:00,0.6794
2024-02-11 14:50:00,0.8602
2024-02-11 15:00:00,0.7749
2024-02-11 15:10:00,0.7317
2024-02-11 15:20:00,0.8443
2024-02-11 15:30:00,0.7553
2024-02-11 15:40:00,1.0032
2024-02-11 15:50:00,0.7103
2024-02-11 16:00:00,0.8573
2024-02-11 16:10:00,0.7122
2024-02-11 16:20:00,0.9186
2024-02-11 16:30:00,0.7788
2024-02-11 16:40:00,1.2171
2024-02-11 16:50:00,1.3113
2024-02-11 17:00:00,1.4238
2024-02-11 17:10:00,1.4413
2024-02-11 17:20:00,1.4585
2024-02-11 17:30:00,1.6482
2024-02-11 17:40:00,2.2008
2024-02-11 17:50:00,2.4153
2024-02-11 18:00:00,2.4722
2024-02-11 18:10:00,2.6545
2024-02-11 18:20:00,3.237
2024-02-11 18:30:00,3.2462
2024-02-11 18:40:00,3.7179
2024-02-11 18:50:00,4.2289
2024-02-11 19:00:00,4.2462
2024-02-11 19:10:00,4.8372
2024-02-11 19:20:00,5.1196
2024-02-11 19:30:00,5.3432
2024-02-11 19:40:00,5.4774
2024-02-11 19:50:00,5.7555
2024-02-11 20:00:00,6.0973
2024-02-11 20:10:00,5.974
2024-02-11 20:20:00,6.2784
2024-02-11 20:30:00,6.3444
2024-02-11 20:40:00,6.3463
2024-02-11 20:50:00,5.8554
2024-02-11 21:00:00,6.0639
2024-02-11 21:10:00,5.8626
2024-02-11 21:20:00,5.3605
2024-02-11 21:30:00,4.7932
2024-02-11 21:40:00,4.5205
2024-02-11 21:50:00,4.1668
2024-02-11 22:00:00,3.8141
2024-02-11 22:10:00,3.3834
2024-02-11 22:20:00,3.0456
2024-02-11 22:30:00,2.6381
2024-02-11 22:40:00,2.3707
2024-02-11 22:50:00,1.9757
2024-02-11 23:00:00,1.7443
2024-02-11 23:10:00,1.4952
2024-02-11 23:20:00,1.6906
2024-02-11 23:30:00,1.4759
2024-02-11 23:40:00,1.2215
2024-02-11 23:50:00,1.2437
2024-02-12 00:00:00,0.5987
2024-02-12 00:10:00,0.4965
2024-02-12 00:20:00,0.2322
2024-02-12 00:30:00,0.4058
2024-02-12 00:40:00,0.3804
2024-02-12 00:50:00,0.2446
2024-02-12 01:00:00,0.1742
2024-02-12 01:10:00,0.4525
2024-02-12 01:20:00,0.4078
2024-02-12 01:30:00,0.1641
2024-02-12 01:40:00,0.2074
2024-02-12 01:50:00,0.4741
2024-02-12 02:00:00,0.1499
2024-02-12 02:10:00,0.2905
2024-02-12 02:20:00,0.2219
2024-02-12 02:30:00,0.3145
2024-02-12 02:40:00,0.1013
2024-02-12 02:50:00,0.2378
2024-02-12 03:00:00,0.2478
2024-02-12 03:10:00,0.2588
2024-02-12 03:20:00,0.2416
2024-02-12 03:30:00,0.2902
2024-02-12 03:40:00,0.5791
2024-02-12 03:50:00,0.6491
2024-02-12 04:00:00,0.1857
2024-02-12 04:10:00,0.05
2024-02-12 04:20:00,0.4086
2024-02-12 04:30:00,0.3671
2024-02-12 04:40:00,0.5183
2024-02-12 04:50:00,0.4213
2024-02-12 05:00:00,0.406
2024-02-12 05:10:00,0.5839
2024-02-12 05:20:00,0.621
2024-02-12 05:30:00,0.2372
2024-02-12 05:40:00,0.3355
2024-02-12 05:50:00,0.4534
2024-02-12 06:00:00,0.4937
2024-02-12 06:10:00,0.4533
2024-02-12 06:20:00,0.5591
2024-02-12 06:30:00,0.649
2024-02-12 06:40:00,0.7626
2024-02-12 06:50:00,0.5946
2024-02-12 07:00:00,0.3828
2024-02-12 07:10:00,0.4907
2024-02-12 07:20:00,0.5032
2024-02-12 07:30:00,0.593
2024-02-12 07:40:00,0.575
2024-02-12 07:50:00,0.825
2024-02-12 08:00:00,0.4487
2024-02-12 08:10:00,0.576
2024-02-12 08:20:00,0.8718
2024-02-12 08:30:00,0.431
2024-02-12 08:40:00,0.5406
2024-02-12 08:50:00,0.3772
2024-02-12 09:00:00,0.5313
2024-02-12 09:10:00,0.402
2024-02-12 09:20:00,0.6761
2024-02-12 09:30:00,0.5412
2024-02-12 09:40:00,0.3788
2024-02-12 09:50:00,0.6452
2024-02-12 10:00:00,0.5461
2024-02-12 10:10:00,0.662
2024-02-12 10:20:00,0.347
2024-02-12 10:30:00,0.5744
2024-02-12 10:40:00,0.6351
2024-02-12 10:50:00,0.4556
2024-02-12 11:00:00,0.3303
2024-02-12 11:10:00,0.5129
2024-02-12 11:20:00,0.7033
2024-02-12 11:30:00,0.688
2024-02-12 11:40:00,0.4548
2024-02-12 11:50:00,0.3266
2024-02-12 12:00:00,0.4544
2024-02-12 12:10:00,0.4488
2024-02-12 12:20:00,0.5861
2024-02-12 12:30:00,0.5034
2024-02-12 12:40:00,0.4061
2024-02-12 12:50:00,0.6848
2024-02-12 13:00:00,0.5402
2024-02-12 13:10:00,0.5845
2024-02-12 13:20:00,0.2605
2024-02-12 13:30:00,0.1557
2024-02-12 13:40:00,0.3038
2024-02-12 13:50:00,0.4476
2024-02-12 14:00:00,0.6064
2024-02-12 14:10:00,0.1691
2024-02-12 14:20:00,0.7601
2024-02-12 14:30:00,0.5478
2024-02-12 14:40:00,0.7278
2024-02-12 14:50:00,0.3931
2024-02-12 15:00:00,0.6047
2024-02-12 15:10:00,0.5463
2024-02-12 15:20:00,0.6623
2024-02-12 15:30:00,0.5129
2024-02-12 15:40:00,0.6302
2024-02-12 15:50:00,0.7394
2024-02-12 16:00:00,0.4958
2024-02-12 16:10:00,0.6549
2024-02-12 16:20:00,0.3675
2024-02-12 16:30:00,0.7963
2024-02-12 16:40:00,1.034
2024-02-12 16:50:00,0.6152
2024-02-12 17:00:00,0.8618
2024-02-12 17:10:00,1.0953
2024-02-12 17:20:00,1.0708
2024-02-12 17:30:00,1.2101
2024-02-12 17:40:00,1.2627
2024-02-12 17:50:00,1.4104
2024-02-12 18:00:00,1.6318
2024-02-12 18:10:00,1.8374
2024-02-12 18:20:00,1.855
2024-02-12 18:30:00,2.2359
2024-02-12 18:40:00,2.7044
2024-02-12 18:50:00,2.6359
2024-02-12 19:00:00,2.7447
2024-02-12 19:10:00,3.1363
2024-02-12 19:20:00,3.2722
2024-02-12 19:30:00,3.3848
2024-02-12 19:40:00,3.7923
2024-02-12 19:50:00,3.8243
2024-02-12 20:00:00,3.9642
2024-02-12 20:10:00,4.1706
2024-02-12 20:20:00,3.9653
2024-02-12 20:30:00,3.937
2024-02-12 20:40:00,4.2555
2024-02-12 20:50:00,3.7759
2024-02-12 21:00:00,3.7858
2024-02-12 21:10:00,3.4893
2024-02-12 21:20:00,3.479
2024-02-12 21:30:00,3.3815
2024-02-12 21:40:00,3.08
2024-02-12 21:50:00,3.1566
2024-02-12 22:00:00,2.6925
2024-02-12 22:10:00,2.126
2024-02-12 22:20:00,1.8337
2024-02-12 22:30:00,2.1835
2024-02-12 22:40:00,1.7218
2024-02-12 22:50:00,1.459
2024-02-12 23:00:00,1.2145
2024-02-12 23:10:00,1.1012
2024-02-12 23:20:00,0.7181
2024-02-12 23:30:00,0.8657
2024-02-12 23:40:00,0.7736
2024-02-12 23:50:00,0.5648
2024-02-13 00:00:00,0.4008
2024-02-13 00:10:00,0.6992
2024-02-13 00:20:00,0.4418
2024-02-13 00:30:00,0.7583
2024-02-13 00:40:00,0.1719
2024-02-13 00:50:00,0.3386
2024-02-13 01:00:00,0.1673
2024-02-13 01:10:00,0.1992
2024-02-13 01:20:00,0.2369
2024-02-13 01:30:00,0.3884
2024-02-13 01:40:00,0.3611
2024-02-13 01:50:00,0.1997
2024-02-13 02:00:00,0.05
2024-02-13 02:10:00,0.488
2024-02-13 02:20:00,0.2089
2024-02-13 02:30:00,0.0724
2024-02-13 02:40:00,0.2722
2024-02-13 02:50:00,0.2562
2024-02-13 03:00:00,0.1753
2024-02-13 03:10:00,0.2478
2024-02-13 03:20:00,0.0577
2024-02-13 03:30:00,0.3538
2024-02-13 03:40:00,0.1022
2024-02-13 03:50:00,0.1755
2024-02-13 04:00:00,0.3805
2024-02-13 04:10:00,0.4822
2024-02-13 04:20:00,0.5589
2024-02-13 04:30:00,0.4994
2024-02-13 04:40:00,0.3125
2024-02-13 04:50:00,0.1495
2024-02-13 05:00:00,0.6101
2024-02-13 05:10:00,0.6225
2024-02-13 05:20:00,0.3322
2024-02-13 05:30:00,0.5858
2024-02-13 05:40:00,0.4107
2024-02-13 05:50:00,0.6971
2024-02-13 06:00:00,0.4044
2024-02-13 06:10:00,0.7867
2024-02-13 06:20:00,0.6146
2024-02-13 06:30:00,0.772
2024-02-13 06:40:00,0.4374
2024-02-13 06:50:00,0.5713
2024-02-13 07:00:00,0.3681
2024-02-13 07:10:00,0.6423
2024-02-13 07:20:00,0.6522
2024-02-13 07:30:00,0.8782
2024-02-13 07:40:00,0.5919
2024-02-13 07:50:00,0.6289
2024-02-13 08:00:00,0.4502
2024-02-13 08:10:00,0.6024
2024-02-13 08:20:00,0.4645
2024-02-13 08:30:00,0.539
2024-02-13 08:40:00,0.5479
2024-02-13 08:50:00,0.469
2024-02-13 09:00:00,0.5313
2024-02-13 09:10:00,0.4656
2024-02-13 09:20:00,0.465
2024-02-13 09:30:00,0.6835
2024-02-13 09:40:00,0.5483
2024-02-13 09:50:00,0.574
2024-02-13 10:00:00,0.3034
2024-02-13 10:10:00,0.5855
2024-02-13 10:20:00,0.6015
2024-02-13 10:30:00,0.4622
2024-02-13 10:40:00,0.8347
2024-02-13 10:50:00,0.1786
2024-02-13 11:00:00,0.6396
2024-02-13 11:10:00,0.6289
2024-02-13 11:20:00,0.6032
2024-02-13 11:30:00,0.5484
2024-02-13 11:40:00,0.6046
2024-02-13 11:50:00,0.6522
2024-02-13 12:00:00,0.4131
2024-02-13 12:10:00,0.5669
2024-02-13 12:20:00,0.4945
2024-02-13 12:30:00,0.3579
2024-02-13 12:40:00,0.6296
2024-02-13 12:50:00,0.4374
2024-02-13 13:00:00,0.2974
2024-02-13 13:10:00,0.4412
2024-02-13 13:20:00,0.4023
2024-02-13 13:30:00,0.6765
2024-02-13 13:40:00,0.5453
2024-02-13 13:50:00,0.7299
2024-02-13 14:00:00,0.4229
2024-02-13 14:10:00,0.6545
2024-02-13 14:20:00,0.95
2024-02-13 14:30:00,0.5785
2024-02-13 14:40:00,0.6559
2024-02-13 14:50:00,0.6329
2024-02-13 15:00:00,0.3188
2024-02-13 15:10:00,0.6244
2024-02-13 15:20:00,0.5886
2024-02-13 15:30:00,0.512
2024-02-13 15:40:00,0.4297
2024-02-13 15:50:00,0.6813
2024-02-13 16:00:00,0.4509
2024-02-13 16:10:00,0.9421
2024-02-13 16:20:00,0.6714
2024-02-13 16:30:00,0.5112
2024-02-13 16:40:00,0.6678
2024-02-13 16:50:00,0.7646
2024-02-13 17:00:00,1.2422
2024-02-13 17:10:00,0.8359
2024-02-13 17:20:00,1.0546
2024-02-13 17:30:00,1.1112
2024-02-13 17:40:00,1.4036
2024-02-13 17:50:00,1.4045
2024-02-13 18:00:00,1.4831
2024-02-13 18:10:00,1.812
2024-02-13 18:20:00,1.9985
2024-02-13 18:30:00,2.1694
2024-02-13 18:40:00,2.402
2024-02-13 18:50:00,2.8914
2024-02-13 19:00:00,2.8986
2024-02-13 19:10:00,3.0064
2024-02-13 19:20:00,3.3287
2024-02-13 19:30:00,3.6135
2024-02-13 19:40:00,3.5918
2024-02-13 19:50:00,4.1964
2024-02-13 20:00:00,4.2105
2024-02-13 20:10:00,4.385
2024-02-13 20:20:00,4.2773
2024-02-13 20:30:00,3.9074
2024-02-13 20:40:00,4.4082
2024-02-13 20:50:00,3.9585
2024-02-13 21:00:00,3.8367
2024-02-13 21:10:00,3.8035
2024-02-13 21:20:00,3.7783
2024-02-13 21:30:00,3.4936
2024-02-13 21:40:00,3.216
2024-02-13 21:50:00,2.7665
2024-02-13 22:00:00,2.4943
2024-02-13 22:10:00,2.3301
2024-02-13 22:20:00,2.0048
2024-02-13 22:30:00,1.9207
2024-02-13 22:40:00,1.6956
2024-02-13 22:50:00,1.4669
2024-02-13 23:00:00,0.831
2024-02-13 23:10:00,1.0852
2024-02-13 23:20:00,0.9293
2024-02-13 23:30:00,0.872
2024-02-13 23:40:00,0.654
2024-02-13 23:50:00,0.5056
2024-02-14 00:00:00,0.5538
2024-02-14 00:10:00,0.4211
2024-02-14 00:20:00,0.5493
2024-02-14 00:30:00,0.3495
2024-02-14 00:40:00,0.6478
2024-02-14 00:50:00,0.5694
2024-02-14 01:00:00,0.4461
2024-02-14 01:10:00,0.3508
2024-02-14 01:20:00,0.491
2024-02-14 01:30:00,0.4019
2024-02-14 01:40:00,0.3586
2024-02-14 01:50:00,0.4597
2024-02-14 02:00:00,0.4987
2024-02-14 02:10:00,0.08
2024-02-14 02:20:00,0.0956
2024-02-14 02:30:00,0.1241
2024-02-14 02:40:00,0.05
2024-02-14 02:50:00,0.2174
2024-02-14 03:00:00,0.315
2024-02-14 03:10:00,0.2236
2024-02-14 03:20:00,0.1522
2024-02-14 03:30:00,0.4101
2024-02-14 03:40:00,0.2743
2024-02-14 03:50:00,0.3193
2024-02-14 04:00:00,0.4579
2024-02-14 04:10:00,0.2848
2024-02-14 04:20:00,0.6319
2024-02-14 04:30:00,0.2758
2024-02-14 04:40:00,0.6628
2024-02-14 04:50:00,0.2366
2024-02-14 05:00:00,0.4792
2024-02-14 05:10:00,0.3228
2024-02-14 05:20:00,0.6034
2024-02-14 05:30:00,0.3784
2024-02-14 05:40:00,0.5068
2024-02-14 05:50:00,0.3769
2024-02-14 06:00:00,0.6249
2024-02-14 06:10:00,0.3942
2024-02-14 06:20:00,0.752
2024-02-14 06:30:00,0.3558
2024-02-14 06:40:00,0.3079
2024-02-14 06:50:00,0.6562
2024-02-14 07:00:00,0.4276
2024-02-14 07:10:00,0.5175
2024-02-14 07:20:00,0.4719
2024-02-14 07:30:00,0.3247
2024-02-14 07:40:00,0.511
2024-02-14 07:50:00,0.713
2024-02-14 08:00:00,0.6742
2024-02-14 08:10:00,0.5589
2024-02-14 08:20:00,0.6912
2024-02-14 08:30:00,0.3656
2024-02-14 08:40:00,0.4758
2024-02-14 08:50:00,0.5841
2024-02-14 09:00:00,0.5052
2024-02-14 09:10:00,0.4878
2024-02-14 09:20:00,0.3448
2024-02-14 09:30:00,0.2127
2024-02-14 09:40:00,0.6476
2024-02-14 09:50:00,0.5614
2024-02-14 10:00:00,0.6602
2024-02-14 10:10:00,0.4593
2024-02-14 10:20:00,0.418
2024-02-14 10:30:00,0.5259
2024-02-14 10:40:00,0.653
2024-02-14 10:50:00,0.4902
2024-02-14 11:00:00,0.6452
2024-02-14 11:10:00,0.374
2024-02-14 11:20:00,0.5007
2024-02-14 11:30:00,0.5144
2024-02-14 11:40:00,0.7089
2024-02-14 11:50:00,0.5561
2024-02-14 12:00:00,0.7868
2024-02-14 12:10:00,0.3228
2024-02-14 12:20:00,0.5444
2024-02-14 12:30:00,0.5518
2024-02-14 12:40:00,0.6179
2024-02-14 12:50:00,0.4029
2024-02-14 13:00:00,0.7776
2024-02-14 13:10:00,0.5269
2024-02-14 13:20:00,0.362
2024-02-14 13:30:00,0.5227
2024-02-14 13:40:00,0.4783
2024-02-14 13:50:00,0.943
2024-02-14 14:00:00,0.6833
2024-02-14 14:10:00,0.5337
2024-02-14 14:20:00,0.5102
2024-02-14 14:30:00,0.6707
2024-02-14 14:40:00,0.6795
2024-02-14 14:50:00,0.0951
2024-02-14 15:00:00,0.6315
2024-02-14 15:10:00,0.5437
2024-02-14 15:20:00,0.349
2024-02-14 15:30:00,0.6861
2024-02-14 15:40:00,0.9023
2024-02-14 15:50:00,0.664
2024-02-14 16:00:00,0.7652
2024-02-14 16:10:00,0.8961
2024-02-14 16:20:00,0.5334
2024-02-14 16:30:00,0.42
2024-02-14 16:40:00,0.8476
2024-02-14 16:50:00,0.7737
2024-02-14 17:00:00,0.6792
2024-02-14 17:10:00,0.9622
2024-02-14 17:20:00,1.1872
2024-02-14 17:30:00,1.1762
2024-02-14 17:40:00,1.2181
2024-02-14 17:50:00,1.4576
2024-02-14 18:00:00,1.6603
2024-02-14 18:10:00,1.5622
2024-02-14 18:20:00,2.0334
2024-02-14 18:30:00,2.0692
2024-02-14 18:40:00,2.5956
2024-02-14 18:50:00,2.4947
2024-02-14 19:00:00,3.1149
2024-02-14 19:10:00,3.1329
2024-02-14 19:20:00,3.3356
2024-02-14 19:30:00,3.6697
2024-02-14 19:40:00,3.6836
2024-02-14 19:50:00,4.0165
2024-02-14 20:00:00,3.9934
2024-02-14 20:10:00,4.1103
2024-02-14 20:20:00,4.303
2024-02-14 20:30:00,4.0743
2024-02-14 20:40:00,4.0116
2024-02-14 20:50:00,4.1481
2024-02-14 21:00:00,3.9722
2024-02-14 21:10:00,3.8265
2024-02-14 21:20:00,3.6407
2024-02-14 21:30:00,3.3629
2024-02-14 21:40:00,3.1885
2024-02-14 21:50:00,2.8437
2024-02-14 22:00:00,2.2566
2024-02-14 22:10:00,2.0288
2024-02-14 22:20:00,2.3249
2024-02-14 22:30:00,1.7973
2024-02-14 22:40:00,1.7224
2024-02-14 22:50:00,1.3341
2024-02-14 23:00:00,1.208
2024-02-14 23:10:00,1.004
2024-02-14 23:20:00,1.3208
2024-02-14 23:30:00,0.8895
2024-02-14 23:40:00,0.6912
2024-02-14 23:50:00,0.4605
2024-02-15 00:00:00,0.7831
2024-02-15 00:10:00,0.4527
2024-02-15 00:20:00,0.5774
2024-02-15 00:30:00,0.5811
2024-02-15 00:40:00,0.3685
2024-02-15 00:50:00,0.5225
2024-02-15 01:00:00,0.3132
2024-02-15 01:10:00,0.2364
2024-02-15 01:20:00,0.5398
2024-02-15 01:30:00,0.3212
2024-02-15 01:40:00,0.4025
2024-02-15 01:50:00,0.3666
2024-02-15 02:00:00,0.382
2024-02-15 02:10:00,0.05
2024-02-15 02:20:00,0.1668
2024-02-15 02:30:00,0.1939
2024-02-15 02:40:00,0.1089
2024-02-15 02:50:00,0.2924
2024-02-15 03:00:00,0.4043
2024-02-15 03:10:00,0.4299
2024-02-15 03:20:00,0.1827
2024-02-15 03:30:00,0.2863
2024-02-15 03:40:00,0.3214
2024-02-15 03:50:00,0.3626
2024-02-15 04:00:00,0.1546
2024-02-15 04:10:00,0.5781
2024-02-15 04:20:00,0.4637
2024-02-15 04:30:00,0.4878
2024-02-15 04:40:00,0.5457
2024-02-15 04:50:00,0.4651
2024-02-15 05:00:00,0.2498
2024-02-15 05:10:00,0.4008
2024-02-15 05:20:00,0.1903
2024-02-15 05:30:00,0.5149
2024-02-15 05:40:00,0.4404
2024-02-15 05:50:00,0.4711
2024-02-15 06:00:00,0.6677
2024-02-15 06:10:00,0.4268
2024-02-15 06:20:00,0.4645
2024-02-15 06:30:00,0.5114
2024-02-15 06:40:00,0.2367
2024-02-15 06:50:00,0.4765
2024-02-15 07:00:00,0.1464
2024-02-15 07:10:00,0.4337
2024-02-15 07:20:00,0.6515
2024-02-15 07:30:00,0.5916
2024-02-15 07:40:00,0.4363
2024-02-15 07:50:00,0.5323
2024-02-15 08:00:00,0.3655
2024-02-15 08:10:00,0.5267
2024-02-15 08:20:00,0.9669
2024-02-15 08:30:00,0.8044
2024-02-15 08:40:00,0.5355
2024-02-15 08:50:00,0.5517
2024-02-15 09:00:00,0.3808
2024-02-15 09:10:00,0.4075
2024-02-15 09:20:00,0.5822
2024-02-15 09:30:00,0.4491
2024-02-15 09:40:00,0.6635
2024-02-15 09:50:00,0.7633
2024-02-15 10:00:00,0.5778
2024-02-15 10:10:00,0.5431
2024-02-15 10:20:00,0.2758
2024-02-15 10:30:00,0.64
2024-02-15 10:40:00,0.3563
2024-02-15 10:50:00,0.4652
2024-02-15 11:00:00,0.6718
2024-02-15 11:10:00,0.6823
2024-02-15 11:20:00,0.4579
2024-02-15 11:30:00,0.4665
2024-02-15 11:40:00,0.423
2024-02-15 11:50:00,0.3482
2024-02-15 12:00:00,0.4327
2024-02-15 12:10:00,0.2859
2024-02-15 12:20:00,0.6303
2024-02-15 12:30:00,0.5871
2024-02-15 12:40:00,0.612
2024-02-15 12:50:00,0.3847
2024-02-15 13:00:00,0.3487
2024-02-15 13:10:00,0.536
2024-02-15 13:20:00,0.5376
2024-02-15 13:30:00,0.506
2024-02-15 13:40:00,0.4848
2024-02-15 13:50:00,0.7851
2024-02-15 14:00:00,0.5927
2024-02-15 14:10:00,0.8249
2024-02-15 14:20:00,0.7203
2024-02-15 14:30:00,0.7865
2024-02-15 14:40:00,0.3715
2024-02-15 14:50:00,0.6239
2024-02-15 15:00:00,0.4733
2024-02-15 15:10:00,0.2931
2024-02-15 15:20:00,0.7732
2024-02-15 15:30:00,0.5132
2024-02-15 15:40:00,0.4104
2024-02-15 15:50:00,0.5215
2024-02-15 16:00:00,0.4841
2024-02-15 16:10:00,0.525
2024-02-15 16:20:00,0.6284
2024-02-15 16:30:00,0.9622
2024-02-15 16:40:00,0.6534
2024-02-15 16:50:00,1.0643
2024-02-15 17:00:00,1.0177
2024-02-15 17:10:00,1.0389
2024-02-15 17:20:00,1.1964
2024-02-15 17:30:00,1.2074
2024-02-15 17:40:00,1.5366
2024-02-15 17:50:00,1.5846
2024-02-15 18:00:00,1.4229
2024-02-15 18:10:00,1.9065
2024-02-15 18:20:00,2.1841
2024-02-15 18:30:00,2.2404
2024-02-15 18:40:00,2.5298
2024-02-15 18:50:00,2.6524
2024-02-15 19:00:00,2.7732
2024-02-15 19:10:00,2.9798
2024-02-15 19:20:00,3.2059
2024-02-15 19:30:00,3.7465
2024-02-15 19:40:00,3.4616
2024-02-15 19:50:00,3.8972
2024-02-15 20:00:00,4.0116
2024-02-15 20:10:00,4.1753
2024-02-15 20:20:00,3.9877
2024-02-15 20:30:00,4.3298
2024-02-15 20:40:00,4.0341
2024-02-15 20:50:00,4.3041
2024-02-15 21:00:00,3.9055
2024-02-15 21:10:00,3.8084
2024-02-15 21:20:00,3.6125
2024-02-15 21:30:00,3.4099
2024-02-15 21:40:00,3.1204
2024-02-15 21:50:00,2.781
2024-02-15 22:00:00,2.6236
2024-02-15 22:10:00,2.3739
2024-02-15 22:20:00,1.9325
2024-02-15 22:30:00,1.8714
2024-02-15 22:40:00,1.7676
2024-02-15 22:50:00,1.4997
2024-02-15 23:00:00,1.3634
2024-02-15 23:10:00,1.1039
2024-02-15 23:20:00,0.8159
2024-02-15 23:30:00,0.7349
2024-02-15 23:40:00,0.8238
2024-02-15 23:50:00,0.8537
2024-02-16 00:00:00,0.9077
2024-02-16 00:10:00,0.6272
2024-02-16 00:20:00,0.2929
2024-02-16 00:30:00,0.3402
2024-02-16 00:40:00,0.7822
2024-02-16 00:50:00,0.3919
2024-02-16 01:00:00,0.4133
2024-02-16 01:10:00,0.2431
2024-02-16 01:20:00,0.602
2024-02-16 01:30:00,0.422
2024-02-16 01:40:00,0.2104
2024-02-16 01:50:00,0.1576
2024-02-16 02:00:00,0.3341
2024-02-16 02:10:00,0.2775
2024-02-16 02:20:00,0.3809
2024-02-16 02:30:00,0.326
2024-02-16 02:40:00,0.1953
2024-02-16 02:50:00,0.1478
2024-02-16 03:00:00,0.2035
2024-02-16 03:10:00,0.1468
2024-02-16 03:20:00,0.2154
2024-02-16 03:30:00,0.2464
2024-02-16 03:40:00,0.1214
2024-02-16 03:50:00,0.3655
2024-02-16 04:00:00,0.2324
2024-02-16 04:10:00,0.1804
2024-02-16 04:20:00,0.2738
2024-02-16 04:30:00,0.3832
2024-02-16 04:40:00,0.3797
2024-02-16 04:50:00,0.4505
2024-02-16 05:00:00,0.5409
2024-02-16 05:10:00,0.6198
2024-02-16 05:20:00,0.4833
2024-02-16 05:30:00,0.2948
2024-02-16 05:40:00,0.4281
2024-02-16 05:50:00,0.3293
2024-02-16 06:00:00,0.7444
2024-02-16 06:10:00,0.7963
2024-02-16 06:20:00,0.6028
2024-02-16 06:30:00,0.6397
2024-02-16 06:40:00,0.5533
2024-02-16 06:50:00,0.5742
2024-02-16 07:00:00,0.2826
2024-02-16 07:10:00,0.5134
2024-02-16 07:20:00,0.3941
2024-02-16 07:30:00,0.5697
2024-02-16 07:40:00,0.5196
2024-02-16 07:50:00,0.8212
2024-02-16 08:00:00,0.6672
2024-02-16 08:10:00,0.5728
2024-02-16 08:20:00,0.4903
2024-02-16 08:30:00,0.7819
2024-02-16 08:40:00,0.5262
2024-02-16 08:50:00,0.5805
2024-02-16 09:00:00,0.5371
2024-02-16 09:10:00,0.4702
2024-02-16 09:20:00,0.5363
2024-02-16 09:30:00,0.2366
2024-02-16 09:40:00,0.2987
2024-02-16 09:50:00,0.5833
2024-02-16 10:00:00,0.7661
2024-02-16 10:10:00,0.5831
2024-02-16 10:20:00,0.4229
2024-02-16 10:30:00,0.3145
2024-02-16 10:40:00,0.6486
2024-02-16 10:50:00,0.4458
2024-02-16 11:00:00,0.6274
2024-02-16 11:10:00,0.5894
2024-02-16 11:20:00,0.6027
2024-02-16 11:30:00,0.5359
2024-02-16 11:40:00,0.5885
2024-02-16 11:50:00,0.513
2024-02-16 12:00:00,0.4356
2024-02-16 12:10:00,0.3864
2024-02-16 12:20:00,0.1732
2024-02-16 12:30:00,0.5038
2024-02-16 12:40:00,0.7588
2024-02-16 12:50:00,0.6404
2024-02-16 13:00:00,0.5651
2024-02-16 13:10:00,0.4209
2024-02-16 13:20:00,0.6806
2024-02-16 13:30:00,0.5132
2024-02-16 13:40:00,0.7675
2024-02-16 13:50:00,0.3843
2024-02-16 14:00:00,0.4193
2024-02-16 14:10:00,0.4052
2024-02-16 14:20:00,0.3107
2024-02-16 14:30:00,0.3935
2024-02-16 14:40:00,0.5512
2024-02-16 14:50:00,0.4311
2024-02-16 15:00:00,0.05
2024-02-16 15:10:00,0.7068
2024-02-16 15:20:00,0.2993
2024-02-16 15:30:00,0.6488
2024-02-16 15:40:00,0.5766
2024-02-16 15:50:00,0.9047
2024-02-16 16:00:00,0.7565
2024-02-16 16:10:00,0.557
2024-02-16 16:20:00,0.5601
2024-02-16 16:30:00,0.932
2024-02-16 16:40:00,0.5363
2024-02-16 16:50:00,0.8487
2024-02-16 17:00:00,0.8758
2024-02-16 17:10:00,0.9336
2024-02-16 17:20:00,1.1434
2024-02-16 17:30:00,1.2407
2024-02-16 17:40:00,1.42
2024-02-16 17:50:00,1.529
2024-02-16 18:00:00,1.7449
2024-02-16 18:10:00,1.8868
2024-02-16 18:20:00,1.9794
2024-02-16 18:30:00,2.2974
2024-02-16 18:40:00,2.4181
2024-02-16 18:50:00,2.643
2024-02-16 19:00:00,2.9465
2024-02-16 19:10:00,3.2129
2024-02-16 19:20:00,3.4615
2024-02-16 19:30:00,3.8045
2024-02-16 19:40:00,3.7823
2024-02-16 19:50:00,4.0497
2024-02-16 20:00:00,4.1679
2024-02-16 20:10:00,4.1505
2024-02-16 20:20:00,4.3017
2024-02-16 20:30:00,4.4441
2024-02-16 20:40:00,4.2773
2024-02-16 20:50:00,4.1919
2024-02-16 21:00:00,3.9159
2024-02-16 21:10:00,4.14
2024-02-16 21:20:00,3.5354
2024-02-16 21:30:00,3.1425
2024-02-16 21:40:00,3.2618
2024-02-16 21:50:00,2.8442
2024-02-16 22:00:00,2.5415
2024-02-16 22:10:00,2.2354
2024-02-16 22:20:00,2.3397
2024-02-16 22:30:00,1.871
2024-02-16 22:40:00,1.6804
2024-02-16 22:50:00,1.4262
2024-02-16 23:00:00,1.2711
2024-02-16 23:10:00,1.2941
2024-02-16 23:20:00,0.9242
2024-02-16 23:30:00,0.6427
2024-02-16 23:40:00,0.9105
2024-02-16 23:50:00,0.7908
2024-02-17 00:00:00,0.7552
2024-02-17 00:10:00,0.7947
2024-02-17 00:20:00,0.6511
2024-02-17 00:30:00,0.69
2024-02-17 00:40:00,0.6447
2024-02-17 00:50:00,0.551
2024-02-17 01:00:00,0.7912
2024-02-17 01:10:00,0.3723
2024-02-17 01:20:00,0.9082
2024-02-17 01:30:00,0.655
2024-02-17 01:40:00,0.226
2024-02-17 01:50:00,0.4291
2024-02-17 02:00:00,0.4092
2024-02-17 02:10:00,0.4675
2024-02-17 02:20:00,0.2379
2024-02-17 02:30:00,0.3728
2024-02-17 02:40:00,0.3363
2024-02-17 02:50:00,0.2354
2024-02-17 03:00:00,0.2118
2024-02-17 03:10:00,0.4839
2024-02-17 03:20:00,0.1
2024-02-17 03:30:00,0.4397
2024-02-17 03:40:00,0.5059
2024-02-17 03:50:00,0.3759
2024-02-17 04:00:00,0.4423
2024-02-17 04:10:00,0.6373
2024-02-17 04:20:00,0.3869
2024-02-17 04:30:00,0.4331
2024-02-17 04:40:00,0.4798
2024-02-17 04:50:00,0.7589
2024-02-17 05:00:00,0.8067
2024-02-17 05:10:00,0.4303
2024-02-17 05:20:00,0.8154
2024-02-17 05:30:00,0.8097
2024-02-17 05:40:00,0.9398
2024-02-17 05:50:00,0.7819
2024-02-17 06:00:00,0.7324
2024-02-17 06:10:00,0.9235
2024-02-17 06:20:00,0.8671
2024-02-17 06:30:00,1.1076
2024-02-17 06:40:00,0.9217
2024-02-17 06:50:00,0.8065
2024-02-17 07:00:00,0.6118
2024-02-17 07:10:00,0.7042
2024-02-17 07:20:00,0.5785
2024-02-17 07:30:00,0.7636
2024-02-17 07:40:00,0.9363
2024-02-17 07:50:00,0.7979
2024-02-17 08:00:00,0.9525
2024-02-17 08:10:00,0.8504
2024-02-17 08:20:00,0.7397
2024-02-17 08:30:00,0.8136
2024-02-17 08:40:00,0.8714
2024-02-17 08:50:00,0.8216
2024-02-17 09:00:00,0.8234
2024-02-17 09:10:00,0.6855
2024-02-17 09:20:00,0.736
2024-02-17 09:30:00,1.1397
2024-02-17 09:40:00,0.9852
2024-02-17 09:50:00,0.5799
2024-02-17 10:00:00,0.4459
2024-02-17 10:10:00,0.8124
2024-02-17 10:20:00,0.935
2024-02-17 10:30:00,0.723
2024-02-17 10:40:00,0.9542
2024-02-17 10:50:00,0.8099
2024-02-17 11:00:00,0.7765
2024-02-17 11:10:00,0.9144
2024-02-17 11:20:00,0.7212
2024-02-17 11:30:00,0.758
2024-02-17 11:40:00,0.9015
2024-02-17 11:50:00,0.7963
2024-02-17 12:00:00,1.0873
2024-02-17 12:10:00,0.9051
2024-02-17 12:20:00,0.8953
2024-02-17 12:30:00,0.7936
2024-02-17 12:40:00,0.9322
2024-02-17 12:50:00,0.7526
2024-02-17 13:00:00,0.8434
2024-02-17 13:10:00,0.6637
2024-02-17 13:20:00,0.9571
2024-02-17 13:30:00,0.8449
2024-02-17 13:40:00,1.0989
2024-02-17 13:50:00,1.1607
2024-02-17 14:00:00,0.9168
2024-02-17 14:10:00,0.8133
2024-02-17 14:20:00,0.6623
2024-02-17 14:30:00,0.9415
2024-02-17 14:40:00,0.8397
2024-02-17 14:50:00,0.8923
2024-02-17 15:00:00,1.0759
2024-02-17 15:10:00,0.6996
2024-02-17 15:20:00,0.694
2024-02-17 15:30:00,0.8101
2024-02-17 15:40:00,0.986
2024-02-17 15:50:00,0.9689
2024-02-17 16:00:00,0.7814
2024-02-17 16:10:00,1.068
2024-02-17 16:20:00,0.8237
2024-02-17 16:30:00,0.9404
2024-02-17 16:40:00,1.1257
2024-02-17 16:50:00,1.1543
2024-02-17 17:00:00,1.4844
2024-02-17 17:10:00,1.5292
2024-02-17 17:20:00,1.9099
2024-02-17 17:30:00,1.7918
2024-02-17 17:40:00,2.0205
2024-02-17 17:50:00,2.4569
2024-02-17 18:00:00,2.5243
2024-02-17 18:10:00,3.0495
2024-02-17 18:20:00,3.2167
2024-02-17 18:30:00,3.1123
2024-02-17 18:40:00,3.9865
2024-02-17 18:50:00,4.301
2024-02-17 19:00:00,4.6641
2024-02-17 19:10:00,4.5876
2024-02-17 19:20:00,5.1149
2024-02-17 19:30:00,5.4441
2024-02-17 19:40:00,5.693
2024-02-17 19:50:00,6.3264
2024-02-17 20:00:00,6.2595
2024-02-17 20:10:00,6.3941
2024-02-17 20:20:00,6.5561
2024-02-17 20:30:00,6.5632
2024-02-17 20:40:00,5.9107
2024-02-17 20:50:00,6.1761
2024-02-17 21:00:00,5.8556
2024-02-17 21:10:00,5.8605
2024-02-17 21:20:00,5.4372
2024-02-17 21:30:00,5.1208
2024-02-17 21:40:00,4.4146
2024-02-17 21:50:00,4.2705
2024-02-17 22:00:00,4.0702
2024-02-17 22:10:00,3.7073
2024-02-17 22:20:00,3.2142
2024-02-17 22:30:00,2.5423
2024-02-17 22:40:00,2.5997
2024-02-17 22:50:00,2.2234
2024-02-17 23:00:00,1.839
2024-02-17 23:10:00,1.3321
2024-02-17 23:20:00,1.5941
2024-02-17 23:30:00,1.2105
2024-02-17 23:40:00,1.2291
2024-02-17 23:50:00,1.091
2024-02-18 00:00:00,0.9741
2024-02-18 00:10:00,0.7095
2024-02-18 00:20:00,0.7086
2024-02-18 00:30:00,0.9277
2024-02-18 00:40:00,0.5696
2024-02-18 00:50:00,0.7656
2024-02-18 01:00:00,0.5866
2024-02-18 01:10:00,0.4371
2024-02-18 01:20:00,0.5575
2024-02-18 01:30:00,0.6302
2024-02-18 01:40:00,0.6986
2024-02-18 01:50:00,0.6867
2024-02-18 02:00:00,0.3928
2024-02-18 02:10:00,0.263
2024-02-18 02:20:00,0.3408
2024-02-18 02:30:00,0.1929
2024-02-18 02:40:00,0.3239
2024-02-18 02:50:00,0.2969
2024-02-18 03:00:00,0.4544
2024-02-18 03:10:00,0.05
2024-02-18 03:20:00,0.2465
2024-02-18 03:30:00,0.2613
2024-02-18 03:40:00,0.5667
2024-02-18 03:50:00,0.244
2024-02-18 04:00:00,0.471
2024-02-18 04:10:00,0.4462
2024-02-18 04:20:00,0.652
2024-02-18 04:30:00,0.6158
2024-02-18 04:40:00,0.5755
2024-02-18 04:50:00,0.5043
2024-02-18 05:00:00,0.3385
2024-02-18 05:10:00,0.6805
2024-02-18 05:20:00,0.7479
2024-02-18 05:30:00,0.4546
2024-02-18 05:40:00,0.5258
2024-02-18 05:50:00,0.7662
2024-02-18 06:00:00,0.7942
2024-02-18 06:10:00,0.6075
2024-02-18 06:20:00,0.6806
2024-02-18 06:30:00,0.4999
2024-02-18 06:40:00,0.989
2024-02-18 06:50:00,0.5931
2024-02-18 07:00:00,0.8739
2024-02-18 07:10:00,0.7907
2024-02-18 07:20:00,0.992
2024-02-18 07:30:00,0.6817
2024-02-18 07:40:00,0.8112
2024-02-18 07:50:00,0.5483
2024-02-18 08:00:00,0.5131
2024-02-18 08:10:00,0.8939
2024-02-18 08:20:00,0.5371
2024-02-18 08:30:00,0.7709
2024-02-18 08:40:00,0.957
2024-02-18 08:50:00,0.9174
2024-02-18 09:00:00,0.7058
2024-02-18 09:10:00,0.5673
2024-02-18 09:20:00,0.882
2024-02-18 09:30:00,1.007
2024-02-18 09:40:00,0.7063
2024-02-18 09:50:00,0.6852
2024-02-18 10:00:00,0.7269
2024-02-18 10:10:00,0.8914
2024-02-18 10:20:00,0.9899
2024-02-18 10:30:00,0.6197
2024-02-18 10:40:00,0.5809
2024-02-18 10:50:00,1.1567
2024-02-18 11:00:00,0.7791
2024-02-18 11:10:00,0.8436
2024-02-18 11:20:00,0.7019
2024-02-18 11:30:00,0.8792
2024-02-18 11:40:00,0.9497
2024-02-18 11:50:00,0.8506
2024-02-18 12:00:00,1.0668
2024-02-18 12:10:00,0.7567
2024-02-18 12:20:00,0.7662
2024-02-18 12:30:00,0.8404
2024-02-18 12:40:00,0.8754
2024-02-18 12:50:00,0.8399
2024-02-18 13:00:00,0.6131
2024-02-18 13:10:00,0.8527
2024-02-18 13:20:00,0.7497
2024-02-18 13:30:00,0.7189
2024-02-18 13:40:00,0.8111
2024-02-18 13:50:00,0.6623
2024-02-18 14:00:00,0.6367
2024-02-18 14:10:00,0.4154
2024-02-18 14:20:00,1.071
2024-02-18 14:30:00,0.8939
2024-02-18 14:40:00,0.7954
2024-02-18 14:50:00,0.7163
2024-02-18 15:00:00,0.3898
2024-02-18 15:10:00,0.7188
2024-02-18 15:20:00,0.9449
2024-02-18 15:30:00,0.9918
2024-02-18 15:40:00,0.9642
2024-02-18 15:50:00,0.9147
2024-02-18 16:00:00,1.1167
2024-02-18 16:10:00,0.9108
2024-02-18 16:20:00,1.1726
2024-02-18 16:30:00,1.0146
2024-02-18 16:40:00,1.0176
2024-02-18 16:50:00,1.0937
2024-02-18 17:00:00,1.1992
2024-02-18 17:10:00,1.5938
2024-02-18 17:20:00,1.5432
2024-02-18 17:30:00,1.6846
2024-02-18 17:40:00,2.1578
2024-02-18 17:50:00,2.3378
2024-02-18 18:00:00,2.6972
2024-02-18 18:10:00,2.9189
2024-02-18 18:20:00,3.041
2024-02-18 18:30:00,3.4969
2024-02-18 18:40:00,3.8509
2024-02-18 18:50:00,4.0506
2024-02-18 19:00:00,4.3822
2024-02-18 19:10:00,4.8007
2024-02-18 19:20:00,5.5503
2024-02-18 19:30:00,5.5029
2024-02-18 19:40:00,6.0382
2024-02-18 19:50:00,6.0304
2024-02-18 20:00:00,6.4313
2024-02-18 20:10:00,6.5724
2024-02-18 20:20:00,6.6541
2024-02-18 20:30:00,6.5739
2024-02-18 20:40:00,6.6551
2024-02-18 20:50:00,6.3665
2024-02-18 21:00:00,6.36
2024-02-18 21:10:00,5.5914
2024-02-18 21:20:00,5.5649
2024-02-18 21:30:00,5.1909
2024-02-18 21:40:00,4.6135
2024-02-18 21:50:00,4.4292
2024-02-18 22:00:00,3.7022
2024-02-18 22:10:00,3.4183
2024-02-18 22:20:00,2.8247
2024-02-18 22:30:00,2.9924
2024-02-18 22:40:00,2.3901
2024-02-18 22:50:00,2.4522
2024-02-18 23:00:00,1.9879
2024-02-18 23:10:00,1.7126
2024-02-18 23:20:00,1.3716
2024-02-18 23:30:00,1.15
2024-02-18 23:40:00,1.2625
2024-02-18 23:50:00,1.0763
2024-02-19 00:00:00,0.2976
2024-02-19 00:10:00,0.2609
2024-02-19 00:20:00,0.3329
2024-02-19 00:30:00,0.7364
2024-02-19 00:40:00,0.7802
2024-02-19 00:50:00,0.4623
2024-02-19 01:00:00,0.4357
2024-02-19 01:10:00,0.3436
2024-02-19 01:20:00,0.2336
2024-02-19 01:30:00,0.5593
2024-02-19 01:40:00,0.6133
2024-02-19 01:50:00,0.1781
2024-02-19 02:00:00,0.2806
2024-02-19 02:10:00,0.2082
2024-02-19 02:20:00,0.1975
2024-02-19 02:30:00,0.4261
2024-02-19 02:40:00,0.05
2024-02-19 02:50:00,0.3034
2024-02-19 03:00:00,0.3408
2024-02-19 03:10:00,0.2121
2024-02-19 03:20:00,0.373
2024-02-19 03:30:00,0.2704
2024-02-19 03:40:00,0.4432
2024-02-19 03:50:00,0.05
2024-02-19 04:00:00,0.2408
2024-02-19 04:10:00,0.3014
2024-02-19 04:20:00,0.05
2024-02-19 04:30:00,0.1901
2024-02-19 04:40:00,0.2517
2024-02-19 04:50:00,0.5362
2024-02-19 05:00:00,0.3073
2024-02-19 05:10:00,0.3088
2024-02-19 05:20:00,0.5708
2024-02-19 05:30:00,0.2206
2024-02-19 05:40:00,0.166
2024-02-19 05:50:00,0.4342
2024-02-19 06:00:00,0.2813
2024-02-19 06:10:00,0.2956
2024-02-19 06:20:00,0.6002
2024-02-19 06:30:00,0.6514
2024-02-19 06:40:00,0.6431
2024-02-19 06:50:00,0.6948
2024-02-19 07:00:00,0.7176
2024-02-19 07:10:00,0.2145
2024-02-19 07:20:00,0.6031
2024-02-19 07:30:00,0.4574
2024-02-19 07:40:00,0.4257
2024-02-19 07:50:00,0.6226
2024-02-19 08:00:00,0.2795
2024-02-19 08:10:00,0.2768
2024-02-19 08:20:00,0.6348
2024-02-19 08:30:00,0.6131
2024-02-19 08:40:00,0.5605
2024-02-19 08:50:00,0.4081
2024-02-19 09:00:00,0.6518
2024-02-19 09:10:00,0.6423
2024-02-19 09:20:00,0.553
2024-02-19 09:30:00,0.3637
2024-02-19 09:40:00,0.4765
2024-02-19 09:50:00,0.666
2024-02-19 10:00:00,0.7394
2024-02-19 10:10:00,0.4913
2024-02-19 10:20:00,0.5028
2024-02-19 10:30:00,0.516
2024-02-19 10:40:00,0.5815
2024-02-19 10:50:00,0.4531
2024-02-19 11:00:00,0.1062
2024-02-19 11:10:00,0.7192
2024-02-19 11:20:00,0.8095
2024-02-19 11:30:00,0.4484
2024-02-19 11:40:00,0.3803
2024-02-19 11:50:00,0.5197
2024-02-19 12:00:00,0.5122
2024-02-19 12:10:00,0.6896
2024-02-19 12:20:00,0.5485
2024-02-19 12:30:00,0.4214
2024-02-19 12:40:00,0.3425
2024-02-19 12:50:00,0.6702
2024-02-19 13:00:00,0.6303
2024-02-19 13:10:00,0.6995
2024-02-19 13:20:00,0.3952
2024-02-19 13:30:00,0.8163
2024-02-19 13:40:00,0.2791
2024-02-19 13:50:00,0.6473
2024-02-19 14:00:00,0.2548
2024-02-19 14:10:00,0.4231
2024-02-19 14:20:00,0.7766
2024-02-19 14:30:00,0.6682
2024-02-19 14:40:00,0.4632
2024-02-19 14:50:00,0.4696
2024-02-19 15:00:00,0.5658
2024-02-19 15:10:00,0.6324
2024-02-19 15:20:00,0.7494
2024-02-19 15:30:00,0.5019
2024-02-19 15:40:00,0.3402
2024-02-19 15:50:00,0.621
2024-02-19 16:00:00,0.5491
2024-02-19 16:10:00,0.4487
2024-02-19 16:20:00,0.7218
2024-02-19 16:30:00,0.6871
2024-02-19 16:40:00,0.817
2024-02-19 16:50:00,0.7004
2024-02-19 17:00:00,0.9843
2024-02-19 17:10:00,0.8049
2024-02-19 17:20:00,0.9855
2024-02-19 17:30:00,1.1972
2024-02-19 17:40:00,1.6365
2024-02-19 17:50:00,1.6525
2024-02-19 18:00:00,1.8735
2024-02-19 18:10:00,2.1184
2024-02-19 18:20:00,2.6555
2024-02-19 18:30:00,2.3436
2024-02-19 18:40:00,2.7829
2024-02-19 18:50:00,2.9607
2024-02-19 19:00:00,3.1992
2024-02-19 19:10:00,3.554
2024-02-19 19:20:00,3.4543
2024-02-19 19:30:00,3.657
2024-02-19 19:40:00,3.9732
2024-02-19 19:50:00,4.0637
2024-02-19 20:00:00,4.2712
2024-02-19 20:10:00,4.5511
2024-02-19 20:20:00,4.2947
2024-02-19 20:30:00,4.3238
2024-02-19 20:40:00,4.3505
2024-02-19 20:50:00,4.1971
2024-02-19 21:00:00,3.8056
2024-02-19 21:10:00,3.8256
2024-02-19 21:20:00,3.7999
2024-02-19 21:30:00,3.6682
2024-02-19 21:40:00,3.0149
2024-02-19 21:50:00,2.738
2024-02-19 22:00:00,2.6372
2024-02-19 22:10:00,2.0468
2024-02-19 22:20:00,2.0286
2024-02-19 22:30:00,1.5896
2024-02-19 22:40:00,1.8315
2024-02-19 22:50:00,1.3111
2024-02-19 23:00:00,1.5002
2024-02-19 23:10:00,1.2705
2024-02-19 23:20:00,0.8818
2024-02-19 23:30:00,0.7157
2024-02-19 23:40:00,0.765
2024-02-19 23:50:00,0.7133
2024-02-20 00:00:00,0.5534
2024-02-20 00:10:00,0.3749
2024-02-20 00:20:00,0.5915
2024-02-20 00:30:00,0.5059
2024-02-20 00:40:00,0.3998
2024-02-20 00:50:00,0.3273
2024-02-20 01:00:00,0.3881
2024-02-20 01:10:00,0.2738
2024-02-20 01:20:00,0.3847
2024-02-20 01:30:00,0.3679
2024-02-20 01:40:00,0.3735
2024-02-20 01:50:00,0.5789
2024-02-20 02:00:00,0.275
2024-02-20 02:10:00,0.428
2024-02-20 02:20:00,0.2966
2024-02-20 02:30:00,0.214
2024-02-20 02:40:00,0.2226
2024-02-20 02:50:00,0.226
2024-02-20 03:00:00,0.2749
2024-02-20 03:10:00,0.0909
2024-02-20 03:20:00,0.05
2024-02-20 03:30:00,0.3479
2024-02-20 03:40:00,0.3969
2024-02-20 03:50:00,0.3892
2024-02-20 04:00:00,0.3181
2024-02-20 04:10:00,0.4291
2024-02-20 04:20:00,0.4413
2024-02-20 04:30:00,0.4733
2024-02-20 04:40:00,0.247
2024-02-20 04:50:00,0.2318
2024-02-20 05:00:00,0.3575
2024-02-20 05:10:00,0.4315
2024-02-20 05:20:00,0.4146
2024-02-20 05:30:00,0.1846
2024-02-20 05:40:00,0.7378
2024-02-20 05:50:00,0.4502
2024-02-20 06:00:00,0.5274
2024-02-20 06:10:00,0.6967
2024-02-20 06:20:00,0.1655
2024-02-20 06:30:00,0.4463
2024-02-20 06:40:00,0.4698
2024-02-20 06:50:00,0.4812
2024-02-20 07:00:00,0.5086
2024-02-20 07:10:00,0.754
2024-02-20 07:20:00,0.6397
2024-02-20 07:30:00,0.6838
2024-02-20 07:40:00,0.5481
2024-02-20 07:50:00,0.3319
2024-02-20 08:00:00,0.2304
2024-02-20 08:10:00,0.3133
2024-02-20 08:20:00,0.5969
2024-02-20 08:30:00,0.5479
2024-02-20 08:40:00,0.5117
2024-02-20 08:50:00,0.4881
2024-02-20 09:00:00,0.8452
2024-02-20 09:10:00,0.42
2024-02-20 09:20:00,0.6826
2024-02-20 09:30:00,0.5438
2024-02-20 09:40:00,0.5343
2024-02-20 09:50:00,0.72
2024-02-20 10:00:00,0.7629
2024-02-20 10:10:00,0.5076
2024-02-20 10:20:00,0.6634
2024-02-20 10:30:00,0.5981
2024-02-20 10:40:00,0.5446
2024-02-20 10:50:00,0.5741
2024-02-20 11:00:00,0.4403
2024-02-20 11:10:00,0.4976
2024-02-20 11:20:00,0.4564
2024-02-20 11:30:00,0.6787
2024-02-20 11:40:00,0.5292
2024-02-20 11:50:00,0.3489
2024-02-20 12:00:00,0.435
2024-02-20 12:10:00,0.0636
2024-02-20 12:20:00,0.4693
2024-02-20 12:30:00,0.5492
2024-02-20 12:40:00,0.5231
2024-02-20 12:50:00,0.8406
2024-02-20 13:00:00,0.6298
2024-02-20 13:10:00,0.6232
2024-02-20 13:20:00,0.2972
2024-02-20 13:30:00,0.489
2024-02-20 13:40:00,0.4709
2024-02-20 13:50:00,0.4262
2024-02-20 14:00:00,0.4244
2024-02-20 14:10:00,0.2737
2024-02-20 14:20:00,0.3543
2024-02-20 14:30:00,0.6779
2024-02-20 14:40:00,0.527
2024-02-20 14:50:00,0.4748
2024-02-20 15:00:00,0.5532
2024-02-20 15:10:00,0.7337
2024-02-20 15:20:00,0.5657
2024-02-20 15:30:00,0.6548
2024-02-20 15:40:00,0.4585
2024-02-20 15:50:00,0.5082
2024-02-20 16:00:00,0.6745
2024-02-20 16:10:00,0.9316
2024-02-20 16:20:00,0.8957
2024-02-20 16:30:00,0.8108
2024-02-20 16:40:00,0.7983
2024-02-20 16:50:00,1.0497
2024-02-20 17:00:00,1.0359
2024-02-20 17:10:00,0.6644
2024-02-20 17:20:00,0.9581
2024-02-20 17:30:00,1.2917
2024-02-20 17:40:00,1.1154
2024-02-20 17:50:00,1.4093
2024-02-20 18:00:00,1.6172
2024-02-20 18:10:00,1.8788
2024-02-20 18:20:00,2.0846
2024-02-20 18:30:00,2.308
2024-02-20 18:40:00,2.709
2024-02-20 18:50:00,2.7858
2024-02-20 19:00:00,3.0103
2024-02-20 19:10:00,3.1051
2024-02-20 19:20:00,3.6918
2024-02-20 19:30:00,3.6533
2024-02-20 19:40:00,3.7856
2024-02-20 19:50:00,4.1475
2024-02-20 20:00:00,4.1336
2024-02-20 20:10:00,4.2636
2024-02-20 20:20:00,4.4313
2024-02-20 20:30:00,4.3466
2024-02-20 20:40:00,4.6969
2024-02-20 20:50:00,4.2454
2024-02-20 21:00:00,4.2098
2024-02-20 21:10:00,3.6447
2024-02-20 21:20:00,3.5897
2024-02-20 21:30:00,3.3101
2024-02-20 21:40:00,3.0639
2024-02-20 21:50:00,2.9916
2024-02-20 22:00:00,2.8037
2024-02-20 22:10:00,2.4239
2024-02-20 22:20:00,2.0738
2024-02-20 22:30:00,1.7664
2024-02-20 22:40:00,1.8029
2024-02-20 22:50:00,1.7457
2024-02-20 23:00:00,1.28
2024-02-20 23:10:00,1.2509
2024-02-20 23:20:00,1.0361
2024-02-20 23:30:00,0.995
2024-02-20 23:40:00,0.6241
2024-02-20 23:50:00,0.6601
2024-02-21 00:00:00,0.5638
2024-02-21 00:10:00,0.6762
2024-02-21 00:20:00,0.3597
2024-02-21 00:30:00,0.1639
2024-02-21 00:40:00,0.3789
2024-02-21 00:50:00,0.5882
2024-02-21 01:00:00,0.1807
2024-02-21 01:10:00,0.2222
2024-02-21 01:20:00,0.4016
2024-02-21 01:30:00,0.3399
2024-02-21 01:40:00,0.4255
2024-02-21 01:50:00,0.1316
2024-02-21 02:00:00,0.2478
2024-02-21 02:10:00,0.4583
2024-02-21 02:20:00,0.0848
2024-02-21 02:30:00,0.4728
2024-02-21 02:40:00,0.0818
2024-02-21 02:50:00,0.3637
2024-02-21 03:00:00,0.1784
2024-02-21 03:10:00,0.0645
2024-02-21 03:20:00,0.1674
2024-02-21 03:30:00,0.333
2024-02-21 03:40:00,0.2627
2024-02-21 03:50:00,0.4468
2024-02-21 04:00:00,0.512
2024-02-21 04:10:00,0.1384
2024-02-21 04:20:00,0.1479
2024-02-21 04:30:00,0.1615
2024-02-21 04:40:00,0.2434
2024-02-21 04:50:00,0.5644
2024-02-21 05:00:00,0.5024
2024-02-21 05:10:00,0.3549
2024-02-21 05:20:00,0.4519
2024-02-21 05:30:00,0.6795
2024-02-21 05:40:00,0.7686
2024-02-21 05:50:00,0.5332
2024-02-21 06:00:00,0.1056
2024-02-21 06:10:00,0.5577
2024-02-21 06:20:00,0.6605
2024-02-21 06:30:00,0.5599
2024-02-21 06:40:00,0.64
2024-02-21 06:50:00,0.5884
2024-02-21 07:00:00,0.3527
2024-02-21 07:10:00,0.4072
2024-02-21 07:20:00,0.4938
2024-02-21 07:30:00,0.7031
2024-02-21 07:40:00,0.4294
2024-02-21 07:50:00,0.6134
2024-02-21 08:00:00,0.5911
2024-02-21 08:10:00,0.7839
2024-02-21 08:20:00,0.54
2024-02-21 08:30:00,0.2832
2024-02-21 08:40:00,0.6436
2024-02-21 08:50:00,0.8673
2024-02-21 09:00:00,0.6535
2024-02-21 09:10:00,0.4286
2024-02-21 09:20:00,0.3844
2024-02-21 09:30:00,0.4038
2024-02-21 09:40:00,0.8473
2024-02-21 09:50:00,0.4977
2024-02-21 10:00:00,0.4474
2024-02-21 10:10:00,0.523
2024-02-21 10:20:00,0.4992
2024-02-21 10:30:00,0.7819
2024-02-21 10:40:00,0.3946
2024-02-21 10:50:00,0.7239
2024-02-21 11:00:00,0.5651
2024-02-21 11:10:00,0.7278
2024-02-21 11:20:00,0.7842
2024-02-21 11:30:00,0.5595
2024-02-21 11:40:00,0.4995
2024-02-21 11:50:00,0.5567
2024-02-21 12:00:00,0.5326
2024-02-21 12:10:00,0.2982
2024-02-21 12:20:00,0.7797
2024-02-21 12:30:00,0.5837
2024-02-21 12:40:00,0.3723
2024-02-21 12:50:00,0.2367
2024-02-21 13:00:00,0.1977
2024-02-21 13:10:00,0.6624
2024-02-21 13:20:00,0.4541
2024-02-21 13:30:00,0.4788
2024-02-21 13:40:00,0.6204
2024-02-21 13:50:00,0.47
2024-02-21 14:00:00,0.6297
2024-02-21 14:10:00,0.5625
2024-02-21 14:20:00,0.5363
2024-02-21 14:30:00,0.3142
2024-02-21 14:40:00,0.4287
2024-02-21 14:50:00,0.6444
2024-02-21 15:00:00,0.455
2024-02-21 15:10:00,0.7428
2024-02-21 15:20:00,0.9204
2024-02-21 15:30:00,0.6756
2024-02-21 15:40:00,0.8129
2024-02-21 15:50:00,0.7127
2024-02-21 16:00:00,0.545
2024-02-21 16:10:00,0.6816
2024-02-21 16:20:00,0.9873
2024-02-21 16:30:00,0.6492
2024-02-21 16:40:00,0.6244
2024-02-21 16:50:00,0.6745
2024-02-21 17:00:00,0.8896
2024-02-21 17:10:00,0.864
2024-02-21 17:20:00,1.374
2024-02-21 17:30:00,1.2809
2024-02-21 17:40:00,1.5375
2024-02-21 17:50:00,1.5084
2024-02-21 18:00:00,1.5614
2024-02-21 18:10:00,1.7323
2024-02-21 18:20:00,2.0043
2024-02-21 18:30:00,2.4176
2024-02-21 18:40:00,2.6787
2024-02-21 18:50:00,2.933
2024-02-21 19:00:00,2.8632
2024-02-21 19:10:00,3.3273
2024-02-21 19:20:00,3.4056
2024-02-21 19:30:00,3.8368
2024-02-21 19:40:00,4.0442
2024-02-21 19:50:00,3.9645
2024-02-21 20:00:00,4.4194
2024-02-21 20:10:00,4.7194
2024-02-21 20:20:00,4.5441
2024-02-21 20:30:00,4.3976
2024-02-21 20:40:00,4.3288
2024-02-21 20:50:00,4.2508
2024-02-21 21:00:00,4.0278
2024-02-21 21:10:00,3.9974
2024-02-21 21:20:00,3.5704
2024-02-21 21:30:00,3.2106
2024-02-21 21:40:00,3.2593
2024-02-21 21:50:00,2.9501
2024-02-21 22:00:00,2.5786
2024-02-21 22:10:00,2.194
2024-02-21 22:20:00,2.164
2024-02-21 22:30:00,1.7237
2024-02-21 22:40:00,1.6248
2024-02-21 22:50:00,1.7084
2024-02-21 23:00:00,1.365
2024-02-21 23:10:00,0.9113
2024-02-21 23:20:00,0.7993
2024-02-21 23:30:00,0.9098
2024-02-21 23:40:00,0.5973
2024-02-21 23:50:00,0.4375
2024-02-22 00:00:00,0.5874
2024-02-22 00:10:00,0.5454
2024-02-22 00:20:00,0.5529
2024-02-22 00:30:00,0.5112
2024-02-22 00:40:00,0.4465
2024-02-22 00:50:00,0.34
2024-02-22 01:00:00,0.4983
2024-02-22 01:10:00,0.6306
2024-02-22 01:20:00,0.3053
2024-02-22 01:30:00,0.2063
2024-02-22 01:40:00,0.1681
2024-02-22 01:50:00,0.1878
2024-02-22 02:00:00,0.3288
2024-02-22 02:10:00,0.05
2024-02-22 02:20:00,0.3312
2024-02-22 02:30:00,0.3493
2024-02-22 02:40:00,0.05
2024-02-22 02:50:00,0.0908
2024-02-22 03:00:00,0.2477
2024-02-22 03:10:00,0.2162
2024-02-22 03:20:00,0.3214
2024-02-22 03:30:00,0.2316
2024-02-22 03:40:00,0.455
2024-02-22 03:50:00,0.2325
2024-02-22 04:00:00,0.1509
2024-02-22 04:10:00,0.1583
2024-02-22 04:20:00,0.4487
2024-02-22 04:30:00,0.3639
2024-02-22 04:40:00,0.4756
2024-02-22 04:50:00,0.4931
2024-02-22 05:00:00,0.1179
2024-02-22 05:10:00,0.2683
2024-02-22 05:20:00,0.3032
2024-02-22 05:30:00,0.3493
2024-02-22 05:40:00,0.4223
2024-02-22 05:50:00,0.6472
2024-02-22 06:00:00,0.6873
2024-02-22 06:10:00,0.4723
2024-02-22 06:20:00,0.4858
2024-02-22 06:30:00,0.4236
2024-02-22 06:40:00,0.5476
2024-02-22 06:50:00,0.5685
2024-02-22 07:00:00,0.6621
2024-02-22 07:10:00,0.6632
2024-02-22 07:20:00,0.1999
2024-02-22 07:30:00,0.5237
2024-02-22 07:40:00,0.7552
2024-02-22 07:50:00,0.4826
2024-02-22 08:00:00,0.7198
2024-02-22 08:10:00,0.5033
2024-02-22 08:20:00,0.5758
2024-02-22 08:30:00,0.3792
2024-02-22 08:40:00,0.385
2024-02-22 08:50:00,0.6587
2024-02-22 09:00:00,0.6823
2024-02-22 09:10:00,0.554
2024-02-22 09:20:00,0.3659
2024-02-22 09:30:00,0.5566
2024-02-22 09:40:00,0.7387
2024-02-22 09:50:00,0.8115
2024-02-22 10:00:00,0.5026
2024-02-22 10:10:00,0.3011
2024-02-22 10:20:00,0.6761
2024-02-22 10:30:00,0.5087
2024-02-22 10:40:00,0.6915
2024-02-22 10:50:00,0.5922
2024-02-22 11:00:00,0.4176
2024-02-22 11:10:00,0.5588
2024-02-22 11:20:00,0.7463
2024-02-22 11:30:00,0.5277
2024-02-22 11:40:00,0.3949
2024-02-22 11:50:00,0.3118
2024-02-22 12:00:00,0.4343
2024-02-22 12:10:00,0.4886
2024-02-22 12:20:00,0.6731
2024-02-22 12:30:00,0.382
2024-02-22 12:40:00,0.7832
2024-02-22 12:50:00,0.3495
2024-02-22 13:00:00,0.8999
2024-02-22 13:10:00,0.809
2024-02-22 13:20:00,0.5714
2024-02-22 13:30:00,0.3032
2024-02-22 13:40:00,0.5421
2024-02-22 13:50:00,0.4926
2024-02-22 14:00:00,0.3599
2024-02-22 14:10:00,0.5952
2024-02-22 14:20:00,0.4287
2024-02-22 14:30:00,0.4462
2024-02-22 14:40:00,0.5245
2024-02-22 14:50:00,0.4712
2024-02-22 15:00:00,0.8724
2024-02-22 15:10:00,0.485
2024-02-22 15:20:00,0.638
2024-02-22 15:30:00,0.6025
2024-02-22 15:40:00,0.6455
2024-02-22 15:50:00,0.6726
2024-02-22 16:00:00,0.7611
2024-02-22 16:10:00,0.6955
2024-02-22 16:20:00,0.7232
2024-02-22 16:30:00,0.7409
2024-02-22 16:40:00,0.7643
2024-02-22 16:50:00,0.713
2024-02-22 17:00:00,0.9187
2024-02-22 17:10:00,1.0569
2024-02-22 17:20:00,1.1901
2024-02-22 17:30:00,1.2831
2024-02-22 17:40:00,1.3653
2024-02-22 17:50:00,1.5541
2024-02-22 18:00:00,1.6599
2024-02-22 18:10:00,1.9874
2024-02-22 18:20:00,2.1203
2024-02-22 18:30:00,2.4069
2024-02-22 18:40:00,2.7666
2024-02-22 18:50:00,2.7534
2024-02-22 19:00:00,3.1947
2024-02-22 19:10:00,3.3525
2024-02-22 19:20:00,3.8842
2024-02-22 19:30:00,3.7671
2024-02-22 19:40:00,4.1007
2024-02-22 19:50:00,4.1677
2024-02-22 20:00:00,4.0918
2024-02-22 20:10:00,4.3169
2024-02-22 20:20:00,4.5777
2024-02-22 20:30:00,4.3839
2024-02-22 20:40:00,4.0698
2024-02-22 20:50:00,4.3034
2024-02-22 21:00:00,4.0031
2024-02-22 21:10:00,4.0033
2024-02-22 21:20:00,3.9965
2024-02-22 21:30:00,3.6306
2024-02-22 21:40:00,3.4764
2024-02-22 21:50:00,2.8805
2024-02-22 22:00:00,2.6589
2024-02-22 22:10:00,2.2442
2024-02-22 22:20:00,2.0308
2024-02-22 22:30:00,1.7445
2024-02-22 22:40:00,1.4596
2024-02-22 22:50:00,1.6573
2024-02-22 23:00:00,0.9612
2024-02-22 23:10:00,1.329
2024-02-22 23:20:00,1.1834
2024-02-22 23:30:00,0.9673
2024-02-22 23:40:00,0.6413
2024-02-22 23:50:00,0.5049
2024-02-23 00:00:00,0.4284
2024-02-23 00:10:00,0.5941
2024-02-23 00:20:00,0.4888
2024-02-23 00:30:00,0.3181
2024-02-23 00:40:00,0.6314
2024-02-23 00:50:00,0.6947
2024-02-23 01:00:00,0.3894
2024-02-23 01:10:00,0.42
2024-02-23 01:20:00,0.1565
2024-02-23 01:30:00,0.2995
2024-02-23 01:40:00,0.417
2024-02-23 01:50:00,0.373
2024-02-23 02:00:00,0.2241
2024-02-23 02:10:00,0.2413
2024-02-23 02:20:00,0.1999
2024-02-23 02:30:00,0.2125
2024-02-23 02:40:00,0.3084
2024-02-23 02:50:00,0.05
2024-02-23 03:00:00,0.226
2024-02-23 03:10:00,0.2916
2024-02-23 03:20:00,0.1593
2024-02-23 03:30:00,0.1824
2024-02-23 03:40:00,0.1994
2024-02-23 03:50:00,0.2106
2024-02-23 04:00:00,0.3011
2024-02-23 04:10:00,0.3391
2024-02-23 04:20:00,0.05
2024-02-23 04:30:00,0.4596
2024-02-23 04:40:00,0.3394
2024-02-23 04:50:00,0.6935
2024-02-23 05:00:00,0.2447
2024-02-23 05:10:00,0.3119
2024-02-23 05:20:00,0.4287
2024-02-23 05:30:00,0.5366
2024-02-23 05:40:00,0.1957
2024-02-23 05:50:00,0.376
2024-02-23 06:00:00,0.5993
2024-02-23 06:10:00,0.3772
2024-02-23 06:20:00,0.7322
2024-02-23 06:30:00,0.4646
2024-02-23 06:40:00,0.4026
2024-02-23 06:50:00,0.6329
2024-02-23 07:00:00,0.7856
2024-02-23 07:10:00,0.6092
2024-02-23 07:20:00,0.7376
2024-02-23 07:30:00,0.8014
2024-02-23 07:40:00,0.4127
2024-02-23 07:50:00,0.6924
2024-02-23 08:00:00,0.3237
2024-02-23 08:10:00,0.6163
2024-02-23 08:20:00,0.5422
2024-02-23 08:30:00,0.7395
2024-02-23 08:40:00,0.729
2024-02-23 08:50:00,0.6387
2024-02-23 09:00:00,0.5981
2024-02-23 09:10:00,0.6296
2024-02-23 09:20:00,0.5627
2024-02-23 09:30:00,0.5442
2024-02-23 09:40:00,0.7698
2024-02-23 09:50:00,0.7879
2024-02-23 10:00:00,0.5322
2024-02-23 10:10:00,0.5891
2024-02-23 10:20:00,0.5657
2024-02-23 10:30:00,0.3117
2024-02-23 10:40:00,0.503
2024-02-23 10:50:00,0.7934
2024-02-23 11:00:00,0.441
2024-02-23 11:10:00,0.8706
2024-02-23 11:20:00,0.7293
2024-02-23 11:30:00,0.6137
2024-02-23 11:40:00,0.6376
2024-02-23 11:50:00,0.4159
2024-02-23 12:00:00,0.5137
2024-02-23 12:10:00,0.7697
2024-02-23 12:20:00,0.4613
2024-02-23 12:30:00,0.7126
2024-02-23 12:40:00,0.3469
2024-02-23 12:50:00,0.3738
2024-02-23 13:00:00,0.8387
2024-02-23 13:10:00,0.5518
2024-02-23 13:20:00,0.4728
2024-02-23 13:30:00,0.7581
2024-02-23 13:40:00,0.7407
2024-02-23 13:50:00,0.6922
2024-02-23 14:00:00,0.4689
2024-02-23 14:10:00,0.5118
2024-02-23 14:20:00,0.6024
2024-02-23 14:30:00,0.6609
2024-02-23 14:40:00,0.4822
2024-02-23 14:50:00,0.5864
2024-02-23 15:00:00,0.6043
2024-02-23 15:10:00,0.7619
2024-02-23 15:20:00,0.6885
2024-02-23 15:30:00,0.3582
2024-02-23 15:40:00,0.5641
2024-02-23 15:50:00,0.4727
2024-02-23 16:00:00,0.7179
2024-02-23 16:10:00,0.798
2024-02-23 16:20:00,0.7089
2024-02-23 16:30:00,0.6964
2024-02-23 16:40:00,0.8002
2024-02-23 16:50:00,0.8862
2024-02-23 17:00:00,0.8374
2024-02-23 17:10:00,0.8441
2024-02-23 17:20:00,0.8291
2024-02-23 17:30:00,1.4538
2024-02-23 17:40:00,1.4832
2024-02-23 17:50:00,1.6265
2024-02-23 18:00:00,1.9434
2024-02-23 18:10:00,1.7639
2024-02-23 18:20:00,1.9062
2024-02-23 18:30:00,2.452
2024-02-23 18:40:00,2.6765
2024-02-23 18:50:00,2.6175
2024-02-23 19:00:00,3.1781
2024-02-23 19:10:00,3.3079
2024-02-23 19:20:00,3.4818
2024-02-23 19:30:00,3.7727
2024-02-23 19:40:00,3.6546
2024-02-23 19:50:00,4.1021
2024-02-23 20:00:00,4.2207
2024-02-23 20:10:00,4.5054
2024-02-23 20:20:00,4.4491
2024-02-23 20:30:00,4.5718
2024-02-23 20:40:00,4.0473
2024-02-23 20:50:00,4.2086
2024-02-23 21:00:00,4.2758
2024-02-23 21:10:00,3.9616
2024-02-23 21:20:00,3.9137
2024-02-23 21:30:00,3.266
2024-02-23 21:40:00,3.3754
2024-02-23 21:50:00,2.887
2024-02-23 22:00:00,2.5863
2024-02-23 22:10:00,2.5642
2024-02-23 22:20:00,2.3207
2024-02-23 22:30:00,2.0502
2024-02-23 22:40:00,1.9715
2024-02-23 22:50:00,1.6513
2024-02-23 23:00:00,1.1635
2024-02-23 23:10:00,1.1516
2024-02-23 23:20:00,0.9486
2024-02-23 23:30:00,1.2022
2024-02-23 23:40:00,0.9791
2024-02-23 23:50:00,0.7184
2024-02-24 00:00:00,0.9024
2024-02-24 00:10:00,0.5703
2024-02-24 00:20:00,0.7745
2024-02-24 00:30:00,0.5756
2024-02-24 00:40:00,0.4396
2024-02-24 00:50:00,0.7848
2024-02-24 01:00:00,0.7753
2024-02-24 01:10:00,0.6777
2024-02-24 01:20:00,0.5504
2024-02-24 01:30:00,0.3558
2024-02-24 01:40:00,0.3395
2024-02-24 01:50:00,0.3372
2024-02-24 02:00:00,0.418
2024-02-24 02:10:00,0.5877
2024-02-24 02:20:00,0.5619
2024-02-24 02:30:00,0.1365
2024-02-24 02:40:00,0.2656
2024-02-24 02:50:00,0.2529
2024-02-24 03:00:00,0.05
2024-02-24 03:10:00,0.4458
2024-02-24 03:20:00,0.3327
2024-02-24 03:30:00,0.3668
2024-02-24 03:40:00,0.6047
2024-02-24 03:50:00,0.4395
2024-02-24 04:00:00,0.3885
2024-02-24 04:10:00,0.5684
2024-02-24 04:20:00,0.6726
2024-02-24 04:30:00,0.5902
2024-02-24 04:40:00,0.6812
2024-02-24 04:50:00,0.5873
2024-02-24 05:00:00,0.6268
2024-02-24 05:10:00,0.6841
2024-02-24 05:20:00,0.58
2024-02-24 05:30:00,0.631
2024-02-24 05:40:00,0.9437
2024-02-24 05:50:00,1.0563
2024-02-24 06:00:00,1.0095
2024-02-24 06:10:00,0.5854
2024-02-24 06:20:00,0.5819
2024-02-24 06:30:00,0.6253
2024-02-24 06:40:00,0.8314
2024-02-24 06:50:00,0.3957
2024-02-24 07:00:00,0.7333
2024-02-24 07:10:00,1.0363
2024-02-24 07:20:00,0.9753
2024-02-24 07:30:00,0.7536
2024-02-24 07:40:00,0.7665
2024-02-24 07:50:00,0.9177
2024-02-24 08:00:00,0.9737
2024-02-24 08:10:00,0.754
2024-02-24 08:20:00,0.7993
2024-02-24 08:30:00,0.7498
2024-02-24 08:40:00,0.6352
2024-02-24 08:50:00,0.8021
2024-02-24 09:00:00,0.7907
2024-02-24 09:10:00,0.6461
2024-02-24 09:20:00,0.9321
2024-02-24 09:30:00,0.9077
2024-02-24 09:40:00,0.9396
2024-02-24 09:50:00,0.72
2024-02-24 10:00:00,0.5377
2024-02-24 10:10:00,0.9054
2024-02-24 10:20:00,0.7357
2024-02-24 10:30:00,0.7017
2024-02-24 10:40:00,0.6467
2024-02-24 10:50:00,0.794
2024-02-24 11:00:00,1.0719
2024-02-24 11:10:00,0.7595
2024-02-24 11:20:00,0.6718
2024-02-24 11:30:00,0.9331
2024-02-24 11:40:00,0.8612
2024-02-24 11:50:00,0.5174
2024-02-24 12:00:00,0.9346
2024-02-24 12:10:00,1.1545
2024-02-24 12:20:00,0.4452
2024-02-24 12:30:00,0.6499
2024-02-24 12:40:00,0.408
2024-02-24 12:50:00,0.824
2024-02-24 13:00:00,0.9839
2024-02-24 13:10:00,0.8512
2024-02-24 13:20:00,1.0443
2024-02-24 13:30:00,0.9602
2024-02-24 13:40:00,1.0912
2024-02-24 13:50:00,1.0102
2024-02-24 14:00:00,0.7762
2024-02-24 14:10:00,0.8475
2024-02-24 14:20:00,0.7083
2024-02-24 14:30:00,0.8057
2024-02-24 14:40:00,0.8521
2024-02-24 14:50:00,0.8336
2024-02-24 15:00:00,1.0528
2024-02-24 15:10:00,0.809
2024-02-24 15:20:00,0.7285
2024-02-24 15:30:00,0.7513
2024-02-24 15:40:00,0.998
2024-02-24 15:50:00,0.7132
2024-02-24 16:00:00,0.9248
2024-02-24 16:10:00,1.1945
2024-02-24 16:20:00,1.0908
2024-02-24 16:30:00,1.1005
2024-02-24 16:40:00,1.1866
2024-02-24 16:50:00,1.1358
2024-02-24 17:00:00,1.2802
2024-02-24 17:10:00,1.5206
2024-02-24 17:20:00,1.7561
2024-02-24 17:30:00,2.0494
2024-02-24 17:40:00,2.14
2024-02-24 17:50:00,2.5757
2024-02-24 18:00:00,2.8874
2024-02-24 18:10:00,3.0657
2024-02-24 18:20:00,3.4536
2024-02-24 18:30:00,3.4649
2024-02-24 18:40:00,3.8006
2024-02-24 18:50:00,4.4201
2024-02-24 19:00:00,4.5138
2024-02-24 19:10:00,5.0394
2024-02-24 19:20:00,5.5532
2024-02-24 19:30:00,5.9813
2024-02-24 19:40:00,6.0302
2024-02-24 19:50:00,6.2273
2024-02-24 20:00:00,6.5775
2024-02-24 20:10:00,6.5125
2024-02-24 20:20:00,6.7245
2024-02-24 20:30:00,6.754
2024-02-24 20:40:00,6.6812
2024-02-24 20:50:00,6.5549
2024-02-24 21:00:00,6.2021
2024-02-24 21:10:00,5.9397
2024-02-24 21:20:00,5.6031
2024-02-24 21:30:00,5.0946
2024-02-24 21:40:00,4.98
2024-02-24 21:50:00,4.636
2024-02-24 22:00:00,4.1894
2024-02-24 22:10:00,3.6062
2024-02-24 22:20:00,3.1177
2024-02-24 22:30:00,2.9717
2024-02-24 22:40:00,2.6098
2024-02-24 22:50:00,2.238
2024-02-24 23:00:00,2.1977
2024-02-24 23:10:00,1.7019
2024-02-24 23:20:00,1.4746
2024-02-24 23:30:00,1.295
2024-02-24 23:40:00,0.9935
2024-02-24 23:50:00,1.2262
2024-02-25 00:00:00,0.7596
2024-02-25 00:10:00,0.8363
2024-02-25 00:20:00,1.0178
2024-02-25 00:30:00,0.6621
2024-02-25 00:40:00,0.3465
2024-02-25 00:50:00,0.7434
2024-02-25 01:00:00,0.668
2024-02-25 01:10:00,0.503
2024-02-25 01:20:00,0.641
2024-02-25 01:30:00,0.6671
2024-02-25 01:40:00,0.3749
2024-02-25 01:50:00,0.4403
2024-02-25 02:00:00,0.6774
2024-02-25 02:10:00,0.3206
2024-02-25 02:20:00,0.4154
2024-02-25 02:30:00,0.05
2024-02-25 02:40:00,0.1496
2024-02-25 02:50:00,0.3868
2024-02-25 03:00:00,0.5444
2024-02-25 03:10:00,0.1588
2024-02-25 03:20:00,0.3831
2024-02-25 03:30:00,0.3298
2024-02-25 03:40:00,0.5483
2024-02-25 03:50:00,0.2462
2024-02-25 04:00:00,0.5204
2024-02-25 04:10:00,0.3875
2024-02-25 04:20:00,0.5504
2024-02-25 04:30:00,0.5595
2024-02-25 04:40:00,0.5436
2024-02-25 04:50:00,0.6846
2024-02-25 05:00:00,0.6495
2024-02-25 05:10:00,0.6513
2024-02-25 05:20:00,0.6437
2024-02-25 05:30:00,0.7323
2024-02-25 05:40:00,0.7748
2024-02-25 05:50:00,0.6114
2024-02-25 06:00:00,0.723
2024-02-25 06:10:00,0.6304
2024-02-25 06:20:00,0.7938
2024-02-25 06:30:00,0.72
2024-02-25 06:40:00,0.9318
2024-02-25 06:50:00,0.923
2024-02-25 07:00:00,0.6883
2024-02-25 07:10:00,0.83
2024-02-25 07:20:00,0.9288
2024-02-25 07:30:00,0.8088
2024-02-25 07:40:00,0.7274
2024-02-25 07:50:00,0.6739
2024-02-25 08:00:00,0.9667
2024-02-25 08:10:00,0.9746
2024-02-25 08:20:00,0.8084
2024-02-25 08:30:00,0.9548
2024-02-25 08:40:00,0.3953
2024-02-25 08:50:00,1.0393
2024-02-25 09:00:00,0.8167
2024-02-25 09:10:00,0.8616
2024-02-25 09:20:00,0.7923
2024-02-25 09:30:00,1.0498
2024-02-25 09:40:00,0.6813
2024-02-25 09:50:00,1.0616
2024-02-25 10:00:00,0.8999
2024-02-25 10:10:00,0.9338
2024-02-25 10:20:00,0.7911
2024-02-25 10:30:00,0.6442
2024-02-25 10:40:00,0.98
2024-02-25 10:50:00,0.8871
2024-02-25 11:00:00,1.0447
2024-02-25 11:10:00,0.8114
2024-02-25 11:20:00,0.7776
2024-02-25 11:30:00,1.0486
2024-02-25 11:40:00,1.1272
2024-02-25 11:50:00,0.8418
2024-02-25 12:00:00,0.7275
2024-02-25 12:10:00,0.962
2024-02-25 12:20:00,0.8023
2024-02-25 12:30:00,0.9303
2024-02-25 12:40:00,0.8016
2024-02-25 12:50:00,1.0751
2024-02-25 13:00:00,0.7356
2024-02-25 13:10:00,0.9126
2024-02-25 13:20:00,0.7673
2024-02-25 13:30:00,0.7986
2024-02-25 13:40:00,0.7792
2024-02-25 13:50:00,0.9521
2024-02-25 14:00:00,0.9796
2024-02-25 14:10:00,0.9263
2024-02-25 14:20:00,0.8276
2024-02-25 14:30:00,0.8665
2024-02-25 14:40:00,0.9827
2024-02-25 14:50:00,0.991
2024-02-25 15:00:00,0.4531
2024-02-25 15:10:00,0.823
2024-02-25 15:20:00,0.8401
2024-02-25 15:30:00,0.9876
2024-02-25 15:40:00,0.8953
2024-02-25 15:50:00,1.0372
2024-02-25 16:00:00,0.799
2024-02-25 16:10:00,1.0405
2024-02-25 16:20:00,1.1884
2024-02-25 16:30:00,0.8974
2024-02-25 16:40:00,1.5764
2024-02-25 16:50:00,1.4769
2024-02-25 17:00:00,1.4177
2024-02-25 17:10:00,1.4352
2024-02-25 17:20:00,1.6998
2024-02-25 17:30:00,1.9315
2024-02-25 17:40:00,2.2054
2024-02-25 17:50:00,2.6125
2024-02-25 18:00:00,2.5915
2024-02-25 18:10:00,3.049
2024-02-25 18:20:00,3.0962
2024-02-25 18:30:00,3.5739
2024-02-25 18:40:00,4.054
2024-02-25 18:50:00,4.4729
2024-02-25 19:00:00,4.6312
2024-02-25 19:10:00,5.0483
2024-02-25 19:20:00,5.6903
2024-02-25 19:30:00,5.9792
2024-02-25 19:40:00,6.1371
2024-02-25 19:50:00,6.0284
2024-02-25 20:00:00,6.9464
2024-02-25 20:10:00,6.7119
2024-02-25 20:20:00,6.7453
2024-02-25 20:30:00,6.7186
2024-02-25 20:40:00,6.7832
2024-02-25 20:50:00,6.6401
2024-02-25 21:00:00,6.509
2024-02-25 21:10:00,5.9473
2024-02-25 21:20:00,5.7036
2024-02-25 21:30:00,5.6752
2024-02-25 21:40:00,4.9929
2024-02-25 21:50:00,4.5037
2024-02-25 22:00:00,3.9539
2024-02-25 22:10:00,3.744
2024-02-25 22:20:00,3.414
2024-02-25 22:30:00,3.0089
2024-02-25 22:40:00,2.4907
2024-02-25 22:50:00,2.2732
2024-02-25 23:00:00,2.1988
2024-02-25 23:10:00,1.8771
2024-02-25 23:20:00,1.4049
2024-02-25 23:30:00,0.9815
2024-02-25 23:40:00,1.2797
2024-02-25 23:50:00,1.2537
2024-02-26 00:00:00,0.3568
2024-02-26 00:10:00,0.5083
2024-02-26 00:20:00,0.4579
2024-02-26 00:30:00,0.4991
2024-02-26 00:40:00,0.386
2024-02-26 00:50:00,0.6438
2024-02-26 01:00:00,0.4535
2024-02-26 01:10:00,0.2793
2024-02-26 01:20:00,0.5276
2024-02-26 01:30:00,0.1787
2024-02-26 01:40:00,0.5394
2024-02-26 01:50:00,0.4744
2024-02-26 02:00:00,0.5143
2024-02-26 02:10:00,0.264
2024-02-26 02:20:00,0.1975
2024-02-26 02:30:00,0.2716
2024-02-26 02:40:00,0.2368
2024-02-26 02:50:00,0.1457
2024-02-26 03:00:00,0.1586
2024-02-26 03:10:00,0.1886
2024-02-26 03:20:00,0.074
2024-02-26 03:30:00,0.3607
2024-02-26 03:40:00,0.2641
2024-02-26 03:50:00,0.2414
2024-02-26 04:00:00,0.1393
2024-02-26 04:10:00,0.1516
2024-02-26 04:20:00,0.6371
2024-02-26 04:30:00,0.2743
2024-02-26 04:40:00,0.4816
2024-02-26 04:50:00,0.4355
2024-02-26 05:00:00,0.05
2024-02-26 05:10:00,0.7191
2024-02-26 05:20:00,0.5703
2024-02-26 05:30:00,0.3683
2024-02-26 05:40:00,0.4932
2024-02-26 05:50:00,0.3373
2024-02-26 06:00:00,0.7941
2024-02-26 06:10:00,0.3929
2024-02-26 06:20:00,0.458
2024-02-26 06:30:00,0.4332
2024-02-26 06:40:00,0.5596
2024-02-26 06:50:00,0.757
2024-02-26 07:00:00,0.823
2024-02-26 07:10:00,0.4971
2024-02-26 07:20:00,0.6156
2024-02-26 07:30:00,0.5725
2024-02-26 07:40:00,0.414
2024-02-26 07:50:00,0.9254
2024-02-26 08:00:00,0.7669
2024-02-26 08:10:00,0.5913
2024-02-26 08:20:00,0.8005
2024-02-26 08:30:00,0.7452
2024-02-26 08:40:00,0.5758
2024-02-26 08:50:00,0.6125
2024-02-26 09:00:00,0.7905
2024-02-26 09:10:00,0.4218
2024-02-26 09:20:00,0.8148
2024-02-26 09:30:00,0.53
2024-02-26 09:40:00,0.7925
2024-02-26 09:50:00,0.563
2024-02-26 10:00:00,0.6144
2024-02-26 10:10:00,0.5586
2024-02-26 10:20:00,0.484
2024-02-26 10:30:00,0.5233
2024-02-26 10:40:00,0.7706
2024-02-26 10:50:00,0.2167
2024-02-26 11:00:00,0.3779
2024-02-26 11:10:00,0.455
2024-02-26 11:20:00,0.402
2024-02-26 11:30:00,0.7903
2024-02-26 11:40:00,0.7524
2024-02-26 11:50:00,0.6526
2024-02-26 12:00:00,0.4681
2024-02-26 12:10:00,0.764
2024-02-26 12:20:00,0.3256
2024-02-26 12:30:00,0.8851
2024-02-26 12:40:00,0.4611
2024-02-26 12:50:00,0.5245
2024-02-26 13:00:00,0.4994
2024-02-26 13:10:00,0.4029
2024-02-26 13:20:00,0.8527
2024-02-26 13:30:00,0.6823
2024-02-26 13:40:00,0.7465
2024-02-26 13:50:00,0.3808
2024-02-26 14:00:00,0.5919
2024-02-26 14:10:00,0.6434
2024-02-26 14:20:00,0.6066
2024-02-26 14:30:00,0.3931
2024-02-26 14:40:00,0.7302
2024-02-26 14:50:00,0.5895
2024-02-26 15:00:00,0.4314
2024-02-26 15:10:00,0.3012
2024-02-26 15:20:00,0.6771
2024-02-26 15:30:00,0.9627
2024-02-26 15:40:00,0.455
2024-02-26 15:50:00,0.649
2024-02-26 16:00:00,0.8111
2024-02-26 16:10:00,0.4814
2024-02-26 16:20:00,0.6346
2024-02-26 16:30:00,0.6213
2024-02-26 16:40:00,0.9523
2024-02-26 16:50:00,1.0697
2024-02-26 17:00:00,0.9747
2024-02-26 17:10:00,0.9198
2024-02-26 17:20:00,1.0914
2024-02-26 17:30:00,1.1927
2024-02-26 17:40:00,1.2885
2024-02-26 17:50:00,1.5862
2024-02-26 18:00:00,1.8726
2024-02-26 18:10:00,2.0622
2024-02-26 18:20:00,2.2058
2024-02-26 18:30:00,2.4476
2024-02-26 18:40:00,2.6694
2024-02-26 18:50:00,2.7364
2024-02-26 19:00:00,3.2065
2024-02-26 19:10:00,3.3433
2024-02-26 19:20:00,3.468
2024-02-26 19:30:00,3.9497
2024-02-26 19:40:00,4.0041
2024-02-26 19:50:00,4.3032
2024-02-26 20:00:00,4.5342
2024-02-26 20:10:00,4.3619
2024-02-26 20:20:00,4.5701
2024-02-26 20:30:00,4.2879
2024-02-26 20:40:00,4.7423
2024-02-26 20:50:00,4.2115
2024-02-26 21:00:00,4.1934
2024-02-26 21:10:00,4.2835
2024-02-26 21:20:00,3.8223
2024-02-26 21:30:00,3.4231
2024-02-26 21:40:00,3.4337
2024-02-26 21:50:00,3.1421
2024-02-26 22:00:00,2.6521
2024-02-26 22:10:00,2.3819
2024-02-26 22:20:00,2.1211
2024-02-26 22:30:00,1.8993
2024-02-26 22:40:00,1.4129
2024-02-26 22:50:00,1.4613
2024-02-26 23:00:00,1.5743
2024-02-26 23:10:00,1.017
2024-02-26 23:20:00,0.9338
2024-02-26 23:30:00,0.737
2024-02-26 23:40:00,0.9204
2024-02-26 23:50:00,0.9412
2024-02-27 00:00:00,0.7005
2024-02-27 00:10:00,0.3256
2024-02-27 00:20:00,0.5755
2024-02-27 00:30:00,0.7015
2024-02-27 00:40:00,0.5471
2024-02-27 00:50:00,0.5248
2024-02-27 01:00:00,0.3633
2024-02-27 01:10:00,0.4467
2024-02-27 01:20:00,0.5779
2024-02-27 01:30:00,0.4199
2024-02-27 01:40:00,0.1617
2024-02-27 01:50:00,0.2593
2024-02-27 02:00:00,0.4891
2024-02-27 02:10:00,0.3382
2024-02-27 02:20:00,0.2915
2024-02-27 02:30:00,0.1775
2024-02-27 02:40:00,0.4293
2024-02-27 02:50:00,0.4945
2024-02-27 03:00:00,0.4326
2024-02-27 03:10:00,0.4615
2024-02-27 03:20:00,0.1972
2024-02-27 03:30:00,0.1856
2024-02-27 03:40:00,0.2502
2024-02-27 03:50:00,0.2953
2024-02-27 04:00:00,0.5224
2024-02-27 04:10:00,0.5026
2024-02-27 04:20:00,0.4297
2024-02-27 04:30:00,0.156
2024-02-27 04:40:00,0.1392
2024-02-27 04:50:00,0.4498
2024-02-27 05:00:00,0.5661
2024-02-27 05:10:00,0.4412
2024-02-27 05:20:00,0.7579
2024-02-27 05:30:00,0.3241
2024-02-27 05:40:00,0.3193
2024-02-27 05:50:00,0.4132
2024-02-27 06:00:00,0.4181
2024-02-27 06:10:00,0.6113
2024-02-27 06:20:00,0.4766
2024-02-27 06:30:00,0.3138
2024-02-27 06:40:00,0.6847
2024-02-27 06:50:00,0.2909
2024-02-27 07:00:00,0.3974
2024-02-27 07:10:00,0.3171
2024-02-27 07:20:00,0.5934
2024-02-27 07:30:00,0.5916
2024-02-27 07:40:00,0.8522
2024-02-27 07:50:00,0.7026
2024-02-27 08:00:00,0.7823
2024-02-27 08:10:00,0.6097
2024-02-27 08:20:00,0.4202
2024-02-27 08:30:00,0.5861
2024-02-27 08:40:00,0.6559
2024-02-27 08:50:00,0.6727
2024-02-27 09:00:00,0.4963
2024-02-27 09:10:00,0.6405
2024-02-27 09:20:00,0.4273
2024-02-27 09:30:00,0.4108
2024-02-27 09:40:00,0.3999
2024-02-27 09:50:00,0.571
2024-02-27 10:00:00,0.3906
2024-02-27 10:10:00,0.5036
2024-02-27 10:20:00,0.7027
2024-02-27 10:30:00,0.4129
2024-02-27 10:40:00,0.4917
2024-02-27 10:50:00,0.578
2024-02-27 11:00:00,0.6043
2024-02-27 11:10:00,0.4924
2024-02-27 11:20:00,0.6853
2024-02-27 11:30:00,0.6559
2024-02-27 11:40:00,0.7383
2024-02-27 11:50:00,0.5551
2024-02-27 12:00:00,0.4904
2024-02-27 12:10:00,0.4649
2024-02-27 12:20:00,0.6134
2024-02-27 12:30:00,0.5107
2024-02-27 12:40:00,0.4819
2024-02-27 12:50:00,0.5001
2024-02-27 13:00:00,0.4648
2024-02-27 13:10:00,0.5972
2024-02-27 13:20:00,0.3556
2024-02-27 13:30:00,0.613
2024-02-27 13:40:00,0.6692
2024-02-27 13:50:00,0.4808
2024-02-27 14:00:00,0.8566
2024-02-27 14:10:00,0.5714
2024-02-27 14:20:00,0.3354
2024-02-27 14:30:00,0.5285
2024-02-27 14:40:00,0.5818
2024-02-27 14:50:00,0.6422
2024-02-27 15:00:00,0.5397
2024-02-27 15:10:00,0.4314
2024-02-27 15:20:00,0.4255
2024-02-27 15:30:00,0.5008
2024-02-27 15:40:00,0.5274
2024-02-27 15:50:00,0.4571
2024-02-27 16:00:00,0.5387
2024-02-27 16:10:00,0.775
2024-02-27 16:20:00,0.9583
2024-02-27 16:30:00,0.8683
2024-02-27 16:40:00,1.0055
2024-02-27 16:50:00,1.0224
2024-02-27 17:00:00,1.0818
2024-02-27 17:10:00,1.002
2024-02-27 17:20:00,1.1862
2024-02-27 17:30:00,1.2322
2024-02-27 17:40:00,1.4112
2024-02-27 17:50:00,1.6217
2024-02-27 18:00:00,1.9046
2024-02-27 18:10:00,2.0646
2024-02-27 18:20:00,2.1966
2024-02-27 18:30:00,2.4626
2024-02-27 18:40:00,2.7634
2024-02-27 18:50:00,3.0494
2024-02-27 19:00:00,2.9745
2024-02-27 19:10:00,3.2907
2024-02-27 19:20:00,3.8592
2024-02-27 19:30:00,3.9093
2024-02-27 19:40:00,4.0579
2024-02-27 19:50:00,4.2562
2024-02-27 20:00:00,4.3951
2024-02-27 20:10:00,4.6163
2024-02-27 20:20:00,4.4186
2024-02-27 20:30:00,4.5917
2024-02-27 20:40:00,4.5775
2024-02-27 20:50:00,4.5024
2024-02-27 21:00:00,4.3308
2024-02-27 21:10:00,4.1856
2024-02-27 21:20:00,3.7957
2024-02-27 21:30:00,3.4839
2024-02-27 21:40:00,3.716
2024-02-27 21:50:00,3.0123
2024-02-27 22:00:00,2.7366
2024-02-27 22:10:00,2.5777
2024-02-27 22:20:00,2.4395
2024-02-27 22:30:00,1.8608
2024-02-27 22:40:00,1.5576
2024-02-27 22:50:00,1.3115
2024-02-27 23:00:00,1.5539
2024-02-27 23:10:00,1.0029
2024-02-27 23:20:00,1.0236
2024-02-27 23:30:00,0.7737
2024-02-27 23:40:00,0.6165
2024-02-27 23:50:00,0.7216
2024-02-28 00:00:00,0.3861
2024-02-28 00:10:00,0.4123
2024-02-28 00:20:00,0.8046
2024-02-28 00:30:00,0.5533
2024-02-28 00:40:00,0.6133
2024-02-28 00:50:00,0.5796
2024-02-28 01:00:00,0.4216
2024-02-28 01:10:00,0.3503
2024-02-28 01:20:00,0.4322
2024-02-28 01:30:00,0.3983
2024-02-28 01:40:00,0.2658
2024-02-28 01:50:00,0.3493
2024-02-28 02:00:00,0.2037
2024-02-28 02:10:00,0.2656
2024-02-28 02:20:00,0.225
2024-02-28 02:30:00,0.072
2024-02-28 02:40:00,0.05
2024-02-28 02:50:00,0.1058
2024-02-28 03:00:00,0.5153
2024-02-28 03:10:00,0.2002
2024-02-28 03:20:00,0.369
2024-02-28 03:30:00,0.05
2024-02-28 03:40:00,0.1241
2024-02-28 03:50:00,0.0881
2024-02-28 04:00:00,0.2793
2024-02-28 04:10:00,0.6931
2024-02-28 04:20:00,0.4202
2024-02-28 04:30:00,0.6274
2024-02-28 04:40:00,0.3567
2024-02-28 04:50:00,0.621
2024-02-28 05:00:00,0.7477
2024-02-28 05:10:00,0.4395
2024-02-28 05:20:00,0.3927
2024-02-28 05:30:00,0.2919
2024-02-28 05:40:00,0.4573
2024-02-28 05:50:00,0.5284
2024-02-28 06:00:00,0.8314
2024-02-28 06:10:00,0.3415
2024-02-28 06:20:00,0.5522
2024-02-28 06:30:00,0.2773
2024-02-28 06:40:00,0.4904
2024-02-28 06:50:00,0.6051
2024-02-28 07:00:00,0.6384
2024-02-28 07:10:00,0.6523
2024-02-28 07:20:00,0.6255
2024-02-28 07:30:00,0.6543
2024-02-28 07:40:00,0.5751
2024-02-28 07:50:00,0.4119
2024-02-28 08:00:00,0.2919
2024-02-28 08:10:00,0.488
2024-02-28 08:20:00,0.5501
2024-02-28 08:30:00,0.7586
2024-02-28 08:40:00,0.5555
2024-02-28 08:50:00,0.5412
2024-02-28 09:00:00,0.6286
2024-02-28 09:10:00,0.5303
2024-02-28 09:20:00,0.6924
2024-02-28 09:30:00,0.8677
2024-02-28 09:40:00,0.8995
2024-02-28 09:50:00,0.5854
2024-02-28 10:00:00,0.6214
2024-02-28 10:10:00,0.8077
2024-02-28 10:20:00,0.5484
2024-02-28 10:30:00,0.6727
2024-02-28 10:40:00,0.4006
2024-02-28 10:50:00,0.5242
2024-02-28 11:00:00,0.7443
2024-02-28 11:10:00,0.4631
2024-02-28 11:20:00,0.5517
2024-02-28 11:30:00,0.3347
2024-02-28 11:40:00,0.8717
2024-02-28 11:50:00,0.7603
2024-02-28 12:00:00,0.5991
2024-02-28 12:10:00,0.647
2024-02-28 12:20:00,0.6303
2024-02-28 12:30:00,0.7785
2024-02-28 12:40:00,0.4931
2024-02-28 12:50:00,0.6807
2024-02-28 13:00:00,0.7325
2024-02-28 13:10:00,0.7533
2024-02-28 13:20:00,0.2321
2024-02-28 13:30:00,0.4812
2024-02-28 13:40:00,0.4184
2024-02-28 13:50:00,0.5939
2024-02-28 14:00:00,0.2694
2024-02-28 14:10:00,0.2655
2024-02-28 14:20:00,0.8987
2024-02-28 14:30:00,0.667
2024-02-28 14:40:00,0.5942
2024-02-28 14:50:00,0.633
2024-02-28 15:00:00,0.6039
2024-02-28 15:10:00,0.7364
2024-02-28 15:20:00,0.4986
2024-02-28 15:30:00,0.6306
2024-02-28 15:40:00,0.649
2024-02-28 15:50:00,0.4742
2024-02-28 16:00:00,0.8442
2024-02-28 16:10:00,0.6134
2024-02-28 16:20:00,0.8681
2024-02-28 16:30:00,0.777
2024-02-28 16:40:00,1.0597
2024-02-28 16:50:00,0.7256
2024-02-28 17:00:00,0.8001
2024-02-28 17:10:00,0.9234
2024-02-28 17:20:00,1.1924
2024-02-28 17:30:00,1.5347
2024-02-28 17:40:00,1.6921
2024-02-28 17:50:00,1.2752
2024-02-28 18:00:00,1.8463
2024-02-28 18:10:00,1.5318
2024-02-28 18:20:00,2.354
2024-02-28 18:30:00,2.6374
2024-02-28 18:40:00,2.7093
2024-02-28 18:50:00,2.9804
2024-02-28 19:00:00,3.2335
2024-02-28 19:10:00,3.3563
2024-02-28 19:20:00,3.7811
2024-02-28 19:30:00,3.9083
2024-02-28 19:40:00,4.2869
2024-02-28 19:50:00,4.3057
2024-02-28 20:00:00,4.3334
2024-02-28 20:10:00,4.3307
2024-02-28 20:20:00,4.334
2024-02-28 20:30:00,4.8137
2024-02-28 20:40:00,4.5005
2024-02-28 20:50:00,4.5217
2024-02-28 21:00:00,4.5919
2024-02-28 21:10:00,4.0496
2024-02-28 21:20:00,3.8119
2024-02-28 21:30:00,3.6282
2024-02-28 21:40:00,3.3729
2024-02-28 21:50:00,3.3599
2024-02-28 22:00:00,3.0165
2024-02-28 22:10:00,2.5847
2024-02-28 22:20:00,2.4314
2024-02-28 22:30:00,1.9279
2024-02-28 22:40:00,1.7631
2024-02-28 22:50:00,1.462
2024-02-28 23:00:00,1.1296
2024-02-28 23:10:00,1.3465
2024-02-28 23:20:00,1.1139
2024-02-28 23:30:00,0.9288
2024-02-28 23:40:00,0.8386
2024-02-28 23:50:00,0.5443
2024-02-29 00:00:00,0.3834
2024-02-29 00:10:00,0.5698
2024-02-29 00:20:00,0.4275
2024-02-29 00:30:00,0.46
2024-02-29 00:40:00,0.4609
2024-02-29 00:50:00,0.3564
2024-02-29 01:00:00,0.2943
2024-02-29 01:10:00,0.1771
2024-02-29 01:20:00,0.3754
2024-02-29 01:30:00,0.4682
2024-02-29 01:40:00,0.1068
2024-02-29 01:50:00,0.3283
2024-02-29 02:00:00,0.3538
2024-02-29 02:10:00,0.1447
2024-02-29 02:20:00,0.4904
2024-02-29 02:30:00,0.2061
2024-02-29 02:40:00,0.239
2024-02-29 02:50:00,0.224
2024-02-29 03:00:00,0.05
2024-02-29 03:10:00,0.3995
2024-02-29 03:20:00,0.1109
2024-02-29 03:30:00,0.2285
2024-02-29 03:40:00,0.3667
2024-02-29 03:50:00,0.5123
2024-02-29 04:00:00,0.1496
2024-02-29 04:10:00,0.2649
2024-02-29 04:20:00,0.5607
2024-02-29 04:30:00,0.4449
2024-02-29 04:40:00,0.4981
2024-02-29 04:50:00,0.2613
2024-02-29 05:00:00,0.3826
2024-02-29 05:10:00,0.4336
2024-02-29 05:20:00,0.3479
2024-02-29 05:30:00,0.2414
2024-02-29 05:40:00,0.4303
2024-02-29 05:50:00,0.7225
2024-02-29 06:00:00,0.5389
2024-02-29 06:10:00,0.7453
2024-02-29 06:20:00,0.5735
2024-02-29 06:30:00,0.4382
2024-02-29 06:40:00,0.7496
2024-02-29 06:50:00,0.5938
2024-02-29 07:00:00,0.7094
2024-02-29 07:10:00,0.4073
2024-02-29 07:20:00,0.7252
2024-02-29 07:30:00,0.7312
2024-02-29 07:40:00,0.6153
2024-02-29 07:50:00,0.4516
2024-02-29 08:00:00,0.5663
2024-02-29 08:10:00,0.6653
2024-02-29 08:20:00,0.6091
2024-02-29 08:30:00,0.6642
2024-02-29 08:40:00,0.726
2024-02-29 08:50:00,0.477
2024-02-29 09:00:00,0.4011
2024-02-29 09:10:00,0.5688
2024-02-29 09:20:00,0.525
2024-02-29 09:30:00,0.6923
2024-02-29 09:40:00,0.4133
2024-02-29 09:50:00,0.7275
2024-02-29 10:00:00,0.7775
2024-02-29 10:10:00,0.5745
2024-02-29 10:20:00,0.5836
2024-02-29 10:30:00,0.4593
2024-02-29 10:40:00,0.4931
2024-02-29 10:50:00,0.5132
2024-02-29 11:00:00,0.7909
2024-02-29 11:10:00,0.5637
2024-02-29 11:20:00,0.3761
2024-02-29 11:30:00,0.6128
2024-02-29 11:40:00,0.6984
2024-02-29 11:50:00,0.5707
2024-02-29 12:00:00,0.7949
2024-02-29 12:10:00,0.6911
2024-02-29 12:20:00,0.4171
2024-02-29 12:30:00,0.4918
2024-02-29 12:40:00,0.6084
2024-02-29 12:50:00,0.3246
2024-02-29 13:00:00,0.625
2024-02-29 13:10:00,0.3103
2024-02-29 13:20:00,0.7281
2024-02-29 13:30:00,0.7108
2024-02-29 13:40:00,0.6506
2024-02-29 13:50:00,0.4737
2024-02-29 14:00:00,0.601
2024-02-29 14:10:00,0.499
2024-02-29 14:20:00,0.4221
2024-02-29 14:30:00,0.5271
2024-02-29 14:40:00,0.6844
2024-02-29 14:50:00,0.5887
2024-02-29 15:00:00,0.8032
2024-02-29 15:10:00,0.7053
2024-02-29 15:20:00,0.696
2024-02-29 15:30:00,0.3651
2024-02-29 15:40:00,0.576
2024-02-29 15:50:00,0.4756
2024-02-29 16:00:00,0.6293
2024-02-29 16:10:00,0.5806
2024-02-29 16:20:00,0.6634
2024-02-29 16:30:00,0.9237
2024-02-29 16:40:00,0.8911
2024-02-29 16:50:00,1.0385
2024-02-29 17:00:00,0.7288
2024-02-29 17:10:00,1.0746
2024-02-29 17:20:00,1.3248
2024-02-29 17:30:00,1.5376
2024-02-29 17:40:00,1.2301
2024-02-29 17:50:00,1.5792
2024-02-29 18:00:00,1.9754
2024-02-29 18:10:00,1.9976
2024-02-29 18:20:00,2.1123
2024-02-29 18:30:00,2.2528
2024-02-29 18:40:00,2.5902
2024-02-29 18:50:00,2.7332
2024-02-29 19:00:00,3.2516
2024-02-29 19:10:00,3.6303
2024-02-29 19:20:00,3.5506
2024-02-29 19:30:00,4.0066
2024-02-29 19:40:00,4.3004
2024-02-29 19:50:00,4.3496
2024-02-29 20:00:00,4.2491
2024-02-29 20:10:00,4.6478
2024-02-29 20:20:00,4.6345
2024-02-29 20:30:00,4.6225
2024-02-29 20:40:00,4.516
2024-02-29 20:50:00,4.5121
2024-02-29 21:00:00,4.4281
2024-02-29 21:10:00,4.5187
2024-02-29 21:20:00,3.9475
2024-02-29 21:30:00,3.8977
2024-02-29 21:40:00,3.4435
2024-02-29 21:50:00,3.0812
2024-02-29 22:00:00,2.8215
2024-02-29 22:10:00,2.3241
2024-02-29 22:20:00,2.2738
2024-02-29 22:30:00,1.6682
2024-02-29 22:40:00,1.5996
2024-02-29 22:50:00,1.5333
2024-02-29 23:00:00,1.5106
2024-02-29 23:10:00,1.3878
2024-02-29 23:20:00,1.0052
2024-02-29 23:30:00,0.9553
2024-02-29 23:40:00,0.992
2024-02-29 23:50:00,0.5757
2024-03-01 00:00:00,0.5941
2024-03-01 00:10:00,0.3984
2024-03-01 00:20:00,0.4843
2024-03-01 00:30:00,0.4269
2024-03-01 00:40:00,0.5449
2024-03-01 00:50:00,0.5443
2024-03-01 01:00:00,0.576
2024-03-01 01:10:00,0.4738
2024-03-01 01:20:00,0.4257
2024-03-01 01:30:00,0.6558
2024-03-01 01:40:00,0.1269
2024-03-01 01:50:00,0.5883
2024-03-01 02:00:00,0.2701
2024-03-01 02:10:00,0.3806
2024-03-01 02:20:00,0.23
2024-03-01 02:30:00,0.1602
2024-03-01 02:40:00,0.3285
2024-03-01 02:50:00,0.4061
2024-03-01 03:00:00,0.3187
2024-03-01 03:10:00,0.1685
2024-03-01 03:20:00,0.7975
2024-03-01 03:30:00,0.4454
2024-03-01 03:40:00,0.4188
2024-03-01 03:50:00,0.2421
2024-03-01 04:00:00,0.2198
2024-03-01 04:10:00,0.292
2024-03-01 04:20:00,0.5178
2024-03-01 04:30:00,0.2292
2024-03-01 04:40:00,0.2397
2024-03-01 04:50:00,0.5025
2024-03-01 05:00:00,0.4902
2024-03-01 05:10:00,0.3462
2024-03-01 05:20:00,0.3159
2024-03-01 05:30:00,0.7114
2024-03-01 05:40:00,0.5636
2024-03-01 05:50:00,0.3181
2024-03-01 06:00:00,0.3394
2024-03-01 06:10:00,0.4883
2024-03-01 06:20:00,0.6601
2024-03-01 06:30:00,0.6456
2024-03-01 06:40:00,0.7312
2024-03-01 06:50:00,0.3419
2024-03-01 07:00:00,0.6022
2024-03-01 07:10:00,0.785
2024-03-01 07:20:00,0.7729
2024-03-01 07:30:00,0.6283
2024-03-01 07:40:00,0.9277
2024-03-01 07:50:00,0.6677
2024-03-01 08:00:00,0.7332
2024-03-01 08:10:00,0.5839
2024-03-01 08:20:00,0.4604
2024-03-01 08:30:00,0.4464
2024-03-01 08:40:00,0.6051
2024-03-01 08:50:00,0.5462
2024-03-01 09:00:00,0.3127
2024-03-01 09:10:00,0.4242
2024-03-01 09:20:00,0.5303
2024-03-01 09:30:00,0.6872
2024-03-01 09:40:00,0.5757
2024-03-01 09:50:00,0.5673
2024-03-01 10:00:00,0.4301
2024-03-01 10:10:00,0.5816
2024-03-01 10:20:00,0.776
2024-03-01 10:30:00,0.6014
2024-03-01 10:40:00,0.352
2024-03-01 10:50:00,0.3904
2024-03-01 11:00:00,0.6664
2024-03-01 11:10:00,0.5445
2024-03-01 11:20:00,0.5669
2024-03-01 11:30:00,0.4862
2024-03-01 11:40:00,0.6536
2024-03-01 11:50:00,0.533
2024-03-01 12:00:00,0.5501
2024-03-01 12:10:00,0.4504
2024-03-01 12:20:00,0.7164
2024-03-01 12:30:00,0.545
2024-03-01 12:40:00,0.6693
2024-03-01 12:50:00,0.3991
2024-03-01 13:00:00,0.8382
2024-03-01 13:10:00,0.7698
2024-03-01 13:20:00,0.2918
2024-03-01 13:30:00,0.4581
2024-03-01 13:40:00,0.6501
2024-03-01 13:50:00,0.3808
2024-03-01 14:00:00,0.5593
2024-03-01 14:10:00,0.6436
2024-03-01 14:20:00,0.5527
2024-03-01 14:30:00,0.6624
2024-03-01 14:40:00,0.4793
2024-03-01 14:50:00,0.2492
2024-03-01 15:00:00,0.7366
2024-03-01 15:10:00,0.7406
2024-03-01 15:20:00,0.9765
2024-03-01 15:30:00,0.2792
2024-03-01 15:40:00,0.7353
2024-03-01 15:50:00,0.344
2024-03-01 16:00:00,0.9244
2024-03-01 16:10:00,0.7621
2024-03-01 16:20:00,0.5818
2024-03-01 16:30:00,0.8864
2024-03-01 16:40:00,0.7421
2024-03-01 16:50:00,0.9381
2024-03-01 17:00:00,1.0059
2024-03-01 17:10:00,1.3343
2024-03-01 17:20:00,1.4595
2024-03-01 17:30:00,1.2304
2024-03-01 17:40:00,1.6303
2024-03-01 17:50:00,1.6954
2024-03-01 18:00:00,1.6199
2024-03-01 18:10:00,1.9348
2024-03-01 18:20:00,2.6136
2024-03-01 18:30:00,2.5547
2024-03-01 18:40:00,2.8997
2024-03-01 18:50:00,2.9736
2024-03-01 19:00:00,3.1824
2024-03-01 19:10:00,3.5221
2024-03-01 19:20:00,3.7235
2024-03-01 19:30:00,3.7691
2024-03-01 19:40:00,4.0495
2024-03-01 19:50:00,4.4837
2024-03-01 20:00:00,4.462
2024-03-01 20:10:00,4.6228
2024-03-01 20:20:00,4.7074
2024-03-01 20:30:00,4.7224
2024-03-01 20:40:00,4.7991
2024-03-01 20:50:00,4.3628
2024-03-01 21:00:00,4.4648
2024-03-01 21:10:00,4.2997
2024-03-01 21:20:00,4.1035
2024-03-01 21:30:00,3.4823
2024-03-01 21:40:00,3.4495
2024-03-01 21:50:00,3.3732
2024-03-01 22:00:00,2.8021
2024-03-01 22:10:00,2.5957
2024-03-01 22:20:00,2.3591
2024-03-01 22:30:00,1.8257
2024-03-01 22:40:00,2.0151
2024-03-01 22:50:00,1.6013
2024-03-01 23:00:00,1.4179
2024-03-01 23:10:00,0.9314
2024-03-01 23:20:00,1.1665
2024-03-01 23:30:00,1.0138
2024-03-01 23:40:00,1.0933
2024-03-01 23:50:00,0.7333
2024-03-02 00:00:00,0.657
2024-03-02 00:10:00,0.6866
2024-03-02 00:20:00,0.6942
2024-03-02 00:30:00,0.5805
2024-03-02 00:40:00,0.9175
2024-03-02 00:50:00,0.8961
2024-03-02 01:00:00,0.6383
2024-03-02 01:10:00,0.5775
2024-03-02 01:20:00,0.3314
2024-03-02 01:30:00,0.6746
2024-03-02 01:40:00,0.7848
2024-03-02 01:50:00,0.4086
2024-03-02 02:00:00,0.4559
2024-03-02 02:10:00,0.5105
2024-03-02 02:20:00,0.6796
2024-03-02 02:30:00,0.4309
2024-03-02 02:40:00,0.4155
2024-03-02 02:50:00,0.404
2024-03-02 03:00:00,0.1603
2024-03-02 03:10:00,0.1601
2024-03-02 03:20:00,0.265
2024-03-02 03:30:00,0.5529
2024-03-02 03:40:00,0.3706
2024-03-02 03:50:00,0.3659
2024-03-02 04:00:00,0.3913
2024-03-02 04:10:00,0.4835
2024-03-02 04:20:00,0.7921
2024-03-02 04:30:00,0.5475
2024-03-02 04:40:00,0.4857
2024-03-02 04:50:00,0.6402
2024-03-02 05:00:00,0.9309
2024-03-02 05:10:00,0.6216
2024-03-02 05:20:00,0.5468
2024-03-02 05:30:00,0.6732
2024-03-02 05:40:00,0.7893
2024-03-02 05:50:00,0.8922
2024-03-02 06:00:00,0.9562
2024-03-02 06:10:00,0.6621
2024-03-02 06:20:00,0.6878
2024-03-02 06:30:00,0.7914
2024-03-02 06:40:00,0.9502
2024-03-02 06:50:00,0.6646
2024-03-02 07:00:00,0.7673
2024-03-02 07:10:00,0.7732
2024-03-02 07:20:00,1.0063
2024-03-02 07:30:00,0.9464
2024-03-02 07:40:00,1.0043
2024-03-02 07:50:00,1.0707
2024-03-02 08:00:00,0.8249
2024-03-02 08:10:00,0.6932
2024-03-02 08:20:00,0.6946
2024-03-02 08:30:00,0.5964
2024-03-02 08:40:00,0.8035
2024-03-02 08:50:00,0.8148
2024-03-02 09:00:00,0.9906
2024-03-02 09:10:00,0.8751
2024-03-02 09:20:00,0.7991
2024-03-02 09:30:00,0.8552
2024-03-02 09:40:00,0.7168
2024-03-02 09:50:00,1.0265
2024-03-02 10:00:00,0.7548
2024-03-02 10:10:00,0.7017
2024-03-02 10:20:00,0.9954
2024-03-02 10:30:00,0.9588
2024-03-02 10:40:00,0.6141
2024-03-02 10:50:00,1.0009
2024-03-02 11:00:00,0.7614
2024-03-02 11:10:00,0.8166
2024-03-02 11:20:00,0.9007
2024-03-02 11:30:00,0.9607
2024-03-02 11:40:00,0.9395
2024-03-02 11:50:00,0.8652
2024-03-02 12:00:00,0.809
2024-03-02 12:10:00,0.9345
2024-03-02 12:20:00,0.8549
2024-03-02 12:30:00,1.1435
2024-03-02 12:40:00,0.9607
2024-03-02 12:50:00,0.7342
2024-03-02 13:00:00,0.8011
2024-03-02 13:10:00,0.88
2024-03-02 13:20:00,1.0678
2024-03-02 13:30:00,1.0847
2024-03-02 13:40:00,0.8138
2024-03-02 13:50:00,0.7336
2024-03-02 14:00:00,0.7149
2024-03-02 14:10:00,0.9128
2024-03-02 14:20:00,1.2217
2024-03-02 14:30:00,0.9588
2024-03-02 14:40:00,0.6414
2024-03-02 14:50:00,0.7754
2024-03-02 15:00:00,0.796
2024-03-02 15:10:00,0.7737
2024-03-02 15:20:00,0.849
2024-03-02 15:30:00,0.9766
2024-03-02 15:40:00,1.0423
2024-03-02 15:50:00,1.1288
2024-03-02 16:00:00,1.0763
2024-03-02 16:10:00,0.7468
2024-03-02 16:20:00,0.9352
2024-03-02 16:30:00,1.1377
2024-03-02 16:40:00,1.2675
2024-03-02 16:50:00,1.4772
2024-03-02 17:00:00,1.4784
2024-03-02 17:10:00,1.6269
2024-03-02 17:20:00,1.8279
2024-03-02 17:30:00,1.9543
2024-03-02 17:40:00,2.2344
2024-03-02 17:50:00,2.6479
2024-03-02 18:00:00,2.7525
2024-03-02 18:10:00,3.0738
2024-03-02 18:20:00,3.4113
2024-03-02 18:30:00,3.9701
2024-03-02 18:40:00,3.9847
2024-03-02 18:50:00,4.8032
2024-03-02 19:00:00,4.7497
2024-03-02 19:10:00,5.2125
2024-03-02 19:20:00,5.7928
2024-03-02 19:30:00,6.1822
2024-03-02 19:40:00,6.1296
2024-03-02 19:50:00,6.4442
2024-03-02 20:00:00,6.8635
2024-03-02 20:10:00,7.3241
2024-03-02 20:20:00,7.2397
2024-03-02 20:30:00,7.0205
2024-03-02 20:40:00,6.622
2024-03-02 20:50:00,6.8468
2024-03-02 21:00:00,6.665
2024-03-02 21:10:00,6.2623
2024-03-02 21:20:00,5.8435
2024-03-02 21:30:00,5.6005
2024-03-02 21:40:00,5.0081
2024-03-02 21:50:00,4.9843
2024-03-02 22:00:00,4.4798
2024-03-02 22:10:00,3.9076
2024-03-02 22:20:00,3.3979
2024-03-02 22:30:00,2.8891
2024-03-02 22:40:00,2.6234
2024-03-02 22:50:00,2.55
2024-03-02 23:00:00,2.1531
2024-03-02 23:10:00,1.8128
2024-03-02 23:20:00,1.7195
2024-03-02 23:30:00,1.4975
2024-03-02 23:40:00,1.342
2024-03-02 23:50:00,1.3245
2024-03-03 00:00:00,0.8879
2024-03-03 00:10:00,0.9227
2024-03-03 00:20:00,0.7991
2024-03-03 00:30:00,0.715
2024-03-03 00:40:00,0.6464
2024-03-03 00:50:00,0.6013
2024-03-03 01:00:00,0.4312
2024-03-03 01:10:00,0.5037
2024-03-03 01:20:00,0.4664
2024-03-03 01:30:00,0.4978
2024-03-03 01:40:00,0.7745
2024-03-03 01:50:00,0.4837
2024-03-03 02:00:00,0.5127
2024-03-03 02:10:00,0.4892
2024-03-03 02:20:00,0.6617
2024-03-03 02:30:00,0.3172
2024-03-03 02:40:00,0.3553
2024-03-03 02:50:00,0.3635
2024-03-03 03:00:00,0.5469
2024-03-03 03:10:00,0.5811
2024-03-03 03:20:00,0.4598
2024-03-03 03:30:00,0.5884
2024-03-03 03:40:00,0.4502
2024-03-03 03:50:00,0.4223
2024-03-03 04:00:00,0.6532
2024-03-03 04:10:00,0.5805
2024-03-03 04:20:00,0.4298
2024-03-03 04:30:00,0.7235
2024-03-03 04:40:00,0.5763
2024-03-03 04:50:00,0.5908
2024-03-03 05:00:00,0.8059
2024-03-03 05:10:00,0.6881
2024-03-03 05:20:00,0.7869
2024-03-03 05:30:00,0.8524
2024-03-03 05:40:00,0.6575
2024-03-03 05:50:00,0.8517
2024-03-03 06:00:00,1.0127
2024-03-03 06:10:00,0.6807
2024-03-03 06:20:00,0.9032
2024-03-03 06:30:00,0.7208
2024-03-03 06:40:00,1.0062
2024-03-03 06:50:00,1.0109
2024-03-03 07:00:00,0.8108
2024-03-03 07:10:00,1.1991
2024-03-03 07:20:00,1.0365
2024-03-03 07:30:00,0.9787
2024-03-03 07:40:00,0.9719
2024-03-03 07:50:00,1.023
2024-03-03 08:00:00,0.727
2024-03-03 08:10:00,0.9061
2024-03-03 08:20:00,0.9348
2024-03-03 08:30:00,0.8176
2024-03-03 08:40:00,0.9476
2024-03-03 08:50:00,1.0627
2024-03-03 09:00:00,0.8148
2024-03-03 09:10:00,0.87
2024-03-03 09:20:00,0.7551
2024-03-03 09:30:00,0.6102
2024-03-03 09:40:00,0.9951
2024-03-03 09:50:00,0.8744
2024-03-03 10:00:00,0.8854
2024-03-03 10:10:00,0.7302
2024-03-03 10:20:00,0.8504
2024-03-03 10:30:00,1.0427
2024-03-03 10:40:00,0.8784
2024-03-03 10:50:00,0.8826
2024-03-03 11:00:00,0.9094
2024-03-03 11:10:00,0.6928
2024-03-03 11:20:00,0.972
2024-03-03 11:30:00,0.69
2024-03-03 11:40:00,0.7373
2024-03-03 11:50:00,0.7209
2024-03-03 12:00:00,0.852
2024-03-03 12:10:00,0.8254
2024-03-03 12:20:00,0.8781
2024-03-03 12:30:00,0.7425
2024-03-03 12:40:00,1.0291
2024-03-03 12:50:00,1.0034
2024-03-03 13:00:00,0.8523
2024-03-03 13:10:00,0.8066
2024-03-03 13:20:00,0.7916
2024-03-03 13:30:00,0.8321
2024-03-03 13:40:00,0.6688
2024-03-03 13:50:00,0.7352
2024-03-03 14:00:00,1.0087
2024-03-03 14:10:00,0.9258
2024-03-03 14:20:00,1.1269
2024-03-03 14:30:00,0.8387
2024-03-03 14:40:00,0.8319
2024-03-03 14:50:00,0.8287
2024-03-03 15:00:00,0.8474
2024-03-03 15:10:00,0.8037
2024-03-03 15:20:00,0.9537
2024-03-03 15:30:00,0.9315
2024-03-03 15:40:00,0.8695
2024-03-03 15:50:00,1.1588
2024-03-03 16:00:00,1.2886
2024-03-03 16:10:00,1.2216
2024-03-03 16:20:00,1.1845
2024-03-03 16:30:00,1.2831
2024-03-03 16:40:00,1.5318
2024-03-03 16:50:00,1.4707
2024-03-03 17:00:00,1.3935
2024-03-03 17:10:00,1.6884
2024-03-03 17:20:00,1.8976
2024-03-03 17:30:00,1.8561
2024-03-03 17:40:00,2.1928
2024-03-03 17:50:00,2.6599
2024-03-03 18:00:00,2.5092
2024-03-03 18:10:00,2.9104
2024-03-03 18:20:00,3.4116
2024-03-03 18:30:00,3.8525
2024-03-03 18:40:00,3.9737
2024-03-03 18:50:00,4.5468
2024-03-03 19:00:00,5.1307
2024-03-03 19:10:00,5.3548
2024-03-03 19:20:00,5.8582
2024-03-03 19:30:00,5.9773
2024-03-03 19:40:00,6.2591
2024-03-03 19:50:00,6.7776
2024-03-03 20:00:00,6.9207
2024-03-03 20:10:00,6.8391
2024-03-03 20:20:00,6.9776
2024-03-03 20:30:00,7.3374
2024-03-03 20:40:00,6.8907
2024-03-03 20:50:00,7.0183
2024-03-03 21:00:00,6.5811
2024-03-03 21:10:00,6.3595
2024-03-03 21:20:00,6.0534
2024-03-03 21:30:00,5.2971
2024-03-03 21:40:00,4.9629
2024-03-03 21:50:00,4.7464
2024-03-03 22:00:00,4.1707
2024-03-03 22:10:00,3.9827
2024-03-03 22:20:00,3.1651
2024-03-03 22:30:00,3.0919
2024-03-03 22:40:00,2.4369
2024-03-03 22:50:00,2.266
2024-03-03 23:00:00,1.876
2024-03-03 23:10:00,2.079
2024-03-03 23:20:00,1.3901
2024-03-03 23:30:00,1.4064
2024-03-03 23:40:00,1.0317
2024-03-03 23:50:00,1.4249
2024-03-04 00:00:00,0.6039
2024-03-04 00:10:00,0.5532
2024-03-04 00:20:00,0.7411
2024-03-04 00:30:00,0.5274
2024-03-04 00:40:00,0.5218
2024-03-04 00:50:00,0.4904
2024-03-04 01:00:00,0.5354
2024-03-04 01:10:00,0.3558
2024-03-04 01:20:00,0.3755
2024-03-04 01:30:00,0.5066
2024-03-04 01:40:00,0.404
2024-03-04 01:50:00,0.3233
2024-03-04 02:00:00,0.1095
2024-03-04 02:10:00,0.5254
2024-03-04 02:20:00,0.185
2024-03-04 02:30:00,0.4188
2024-03-04 02:40:00,0.2871
2024-03-04 02:50:00,0.0606
2024-03-04 03:00:00,0.4404
2024-03-04 03:10:00,0.2928
2024-03-04 03:20:00,0.461
2024-03-04 03:30:00,0.2434
2024-03-04 03:40:00,0.3898
2024-03-04 03:50:00,0.05
2024-03-04 04:00:00,0.2446
2024-03-04 04:10:00,0.1495
2024-03-04 04:20:00,0.3062
2024-03-04 04:30:00,0.4558
2024-03-04 04:40:00,0.3169
2024-03-04 04:50:00,0.5593
2024-03-04 05:00:00,0.3223
2024-03-04 05:10:00,0.6034
2024-03-04 05:20:00,0.6853
2024-03-04 05:30:00,0.6573
2024-03-04 05:40:00,0.4683
2024-03-04 05:50:00,0.2139
2024-03-04 06:00:00,0.631
2024-03-04 06:10:00,0.5342
2024-03-04 06:20:00,0.414
2024-03-04 06:30:00,0.4837
2024-03-04 06:40:00,0.7874
2024-03-04 06:50:00,0.4058
2024-03-04 07:00:00,0.6499
2024-03-04 07:10:00,0.6148
2024-03-04 07:20:00,0.5304
2024-03-04 07:30:00,0.6822
2024-03-04 07:40:00,0.8314
2024-03-04 07:50:00,0.543
2024-03-04 08:00:00,0.5515
2024-03-04 08:10:00,0.6817
2024-03-04 08:20:00,0.7264
2024-03-04 08:30:00,0.5697
2024-03-04 08:40:00,0.5432
2024-03-04 08:50:00,0.2564
2024-03-04 09:00:00,0.4724
2024-03-04 09:10:00,0.4183
2024-03-04 09:20:00,0.6919
2024-03-04 09:30:00,0.5526
2024-03-04 09:40:00,0.5468
2024-03-04 09:50:00,0.5879
2024-03-04 10:00:00,0.4587
2024-03-04 10:10:00,0.8222
2024-03-04 10:20:00,0.784
2024-03-04 10:30:00,0.832
2024-03-04 10:40:00,0.6918
2024-03-04 10:50:00,0.5848
2024-03-04 11:00:00,0.8315
2024-03-04 11:10:00,0.4871
2024-03-04 11:20:00,0.4586
2024-03-04 11:30:00,0.499
2024-03-04 11:40:00,0.6677
2024-03-04 11:50:00,0.4749
2024-03-04 12:00:00,0.5659
2024-03-04 12:10:00,0.349
2024-03-04 12:20:00,0.6614
2024-03-04 12:30:00,0.3617
2024-03-04 12:40:00,0.4494
2024-03-04 12:50:00,0.7718
2024-03-04 13:00:00,0.7663
2024-03-04 13:10:00,0.6455
2024-03-04 13:20:00,0.6307
2024-03-04 13:30:00,0.5098
2024-03-04 13:40:00,0.4737
2024-03-04 13:50:00,0.5355
2024-03-04 14:00:00,0.3632
2024-03-04 14:10:00,0.6286
2024-03-04 14:20:00,0.5989
2024-03-04 14:30:00,0.4528
2024-03-04 14:40:00,0.8298
2024-03-04 14:50:00,0.6881
2024-03-04 15:00:00,0.7044
2024-03-04 15:10:00,0.5325
2024-03-04 15:20:00,0.6124
2024-03-04 15:30:00,0.7161
2024-03-04 15:40:00,0.6576
2024-03-04 15:50:00,0.8919
2024-03-04 16:00:00,0.6431
2024-03-04 16:10:00,0.6265
2024-03-04 16:20:00,0.8337
2024-03-04 16:30:00,0.5945
2024-03-04 16:40:00,0.9795
2024-03-04 16:50:00,0.7151
2024-03-04 17:00:00,1.0896
2024-03-04 17:10:00,0.9961
2024-03-04 17:20:00,1.2817
2024-03-04 17:30:00,1.4815
2024-03-04 17:40:00,1.5229
2024-03-04 17:50:00,1.4939
2024-03-04 18:00:00,1.7325
2024-03-04 18:10:00,1.9692
2024-03-04 18:20:00,2.0225
2024-03-04 18:30:00,2.7183
2024-03-04 18:40:00,2.8192
2024-03-04 18:50:00,2.893
2024-03-04 19:00:00,3.5446
2024-03-04 19:10:00,3.4806
2024-03-04 19:20:00,3.8735
2024-03-04 19:30:00,3.9462
2024-03-04 19:40:00,3.9782
2024-03-04 19:50:00,4.2572
2024-03-04 20:00:00,4.5389
2024-03-04 20:10:00,4.8426
2024-03-04 20:20:00,4.8141
2024-03-04 20:30:00,4.7865
2024-03-04 20:40:00,4.4147
2024-03-04 20:50:00,4.8053
2024-03-04 21:00:00,4.4971
2024-03-04 21:10:00,4.2492
2024-03-04 21:20:00,4.2016
2024-03-04 21:30:00,3.9525
2024-03-04 21:40:00,3.6502
2024-03-04 21:50:00,3.1387
2024-03-04 22:00:00,2.7207
2024-03-04 22:10:00,2.7201
2024-03-04 22:20:00,2.0805
2024-03-04 22:30:00,2.3097
2024-03-04 22:40:00,1.7777
2024-03-04 22:50:00,1.3966
2024-03-04 23:00:00,1.181
2024-03-04 23:10:00,1.0118
2024-03-04 23:20:00,1.0885
2024-03-04 23:30:00,0.9549
2024-03-04 23:40:00,0.6806
2024-03-04 23:50:00,0.7416
2024-03-05 00:00:00,0.342
2024-03-05 00:10:00,0.6245
2024-03-05 00:20:00,0.5151
2024-03-05 00:30:00,0.4518
2024-03-05 00:40:00,0.2987
2024-03-05 00:50:00,0.4286
2024-03-05 01:00:00,0.3915
2024-03-05 01:10:00,0.4801
2024-03-05 01:20:00,0.4353
2024-03-05 01:30:00,0.5063
2024-03-05 01:40:00,0.2921
2024-03-05 01:50:00,0.0635
2024-03-05 02:00:00,0.4703
2024-03-05 02:10:00,0.1622
2024-03-05 02:20:00,0.12
2024-03-05 02:30:00,0.266
2024-03-05 02:40:00,0.3078
2024-03-05 02:50:00,0.1766
2024-03-05 03:00:00,0.1733
2024-03-05 03:10:00,0.1976
2024-03-05 03:20:00,0.4749
2024-03-05 03:30:00,0.2721
2024-03-05 03:40:00,0.1408
2024-03-05 03:50:00,0.1589
2024-03-05 04:00:00,0.284
2024-03-05 04:10:00,0.3783
2024-03-05 04:20:00,0.4373
2024-03-05 04:30:00,0.4061
2024-03-05 04:40:00,0.284
2024-03-05 04:50:00,0.3689
2024-03-05 05:00:00,0.5638
2024-03-05 05:10:00,0.3017
2024-03-05 05:20:00,0.4221
2024-03-05 05:30:00,0.5981
2024-03-05 05:40:00,0.6545
2024-03-05 05:50:00,0.5072
2024-03-05 06:00:00,0.4855
2024-03-05 06:10:00,0.3582
2024-03-05 06:20:00,0.6432
2024-03-05 06:30:00,0.7686
2024-03-05 06:40:00,0.9607
2024-03-05 06:50:00,0.638
2024-03-05 07:00:00,0.5757
2024-03-05 07:10:00,0.4479
2024-03-05 07:20:00,0.306
2024-03-05 07:30:00,0.6158
2024-03-05 07:40:00,0.9429
2024-03-05 07:50:00,0.7818
2024-03-05 08:00:00,0.7592
2024-03-05 08:10:00,0.629
2024-03-05 08:20:00,0.6463
2024-03-05 08:30:00,0.2291
2024-03-05 08:40:00,0.7071
2024-03-05 08:50:00,0.5059
2024-03-05 09:00:00,0.4876
2024-03-05 09:10:00,0.5445
2024-03-05 09:20:00,0.5394
2024-03-05 09:30:00,0.4853
2024-03-05 09:40:00,0.5951
2024-03-05 09:50:00,0.5093
2024-03-05 10:00:00,0.6081
2024-03-05 10:10:00,0.3699
2024-03-05 10:20:00,0.5609
2024-03-05 10:30:00,0.4286
2024-03-05 10:40:00,0.4968
2024-03-05 10:50:00,0.6145
2024-03-05 11:00:00,0.3524
2024-03-05 11:10:00,0.4697
2024-03-05 11:20:00,0.6784
2024-03-05 11:30:00,0.381
2024-03-05 11:40:00,0.8597
2024-03-05 11:50:00,0.7737
2024-03-05 12:00:00,0.5188
2024-03-05 12:10:00,0.4749
2024-03-05 12:20:00,0.6233
2024-03-05 12:30:00,0.3759
2024-03-05 12:40:00,0.2927
2024-03-05 12:50:00,0.5242
2024-03-05 13:00:00,0.573
2024-03-05 13:10:00,0.6073
2024-03-05 13:20:00,0.501
2024-03-05 13:30:00,0.7844
2024-03-05 13:40:00,0.3691
2024-03-05 13:50:00,0.4229
2024-03-05 14:00:00,0.667
2024-03-05 14:10:00,0.4203
2024-03-05 14:20:00,0.4153
2024-03-05 14:30:00,0.6151
2024-03-05 14:40:00,0.4403
2024-03-05 14:50:00,0.5809
2024-03-05 15:00:00,0.4995
2024-03-05 15:10:00,0.4803
2024-03-05 15:20:00,0.3012
2024-03-05 15:30:00,0.6469
2024-03-05 15:40:00,0.4517
2024-03-05 15:50:00,0.6305
2024-03-05 16:00:00,0.6012
2024-03-05 16:10:00,0.6757
2024-03-05 16:20:00,0.7208
2024-03-05 16:30:00,0.8183
2024-03-05 16:40:00,0.7371
2024-03-05 16:50:00,1.1024
2024-03-05 17:00:00,0.7231
2024-03-05 17:10:00,1.0664
2024-03-05 17:20:00,1.3434
2024-03-05 17:30:00,1.4256
2024-03-05 17:40:00,1.3633
2024-03-05 17:50:00,1.5633
2024-03-05 18:00:00,1.728
2024-03-05 18:10:00,2.1818
2024-03-05 18:20:00,2.2105
2024-03-05 18:30:00,2.6038
2024-03-05 18:40:00,2.8603
2024-03-05 18:50:00,3.4382
2024-03-05 19:00:00,3.3945
2024-03-05 19:10:00,3.4871
2024-03-05 19:20:00,3.6415
2024-03-05 19:30:00,4.0547
2024-03-05 19:40:00,4.2905
2024-03-05 19:50:00,4.1589
2024-03-05 20:00:00,4.5286
2024-03-05 20:10:00,4.7827
2024-03-05 20:20:00,4.7128
2024-03-05 20:30:00,4.9413
2024-03-05 20:40:00,4.5127
2024-03-05 20:50:00,4.7459
2024-03-05 21:00:00,4.6293
2024-03-05 21:10:00,4.438
2024-03-05 21:20:00,3.8227
2024-03-05 21:30:00,3.8368
2024-03-05 21:40:00,3.3989
2024-03-05 21:50:00,2.9852
2024-03-05 22:00:00,2.8275
2024-03-05 22:10:00,2.4525
2024-03-05 22:20:00,2.438
2024-03-05 22:30:00,2.1075
2024-03-05 22:40:00,1.612
2024-03-05 22:50:00,1.4571
2024-03-05 23:00:00,1.3174
2024-03-05 23:10:00,1.2003
2024-03-05 23:20:00,1.2253
2024-03-05 23:30:00,1.0656
2024-03-05 23:40:00,0.8793
2024-03-05 23:50:00,0.761
2024-03-06 00:00:00,0.2847
2024-03-06 00:10:00,0.7333
2024-03-06 00:20:00,0.4595
2024-03-06 00:30:00,0.745
2024-03-06 00:40:00,0.5245
2024-03-06 00:50:00,0.7805
2024-03-06 01:00:00,0.5476
2024-03-06 01:10:00,0.2204
2024-03-06 01:20:00,0.3207
2024-03-06 01:30:00,0.3646
2024-03-06 01:40:00,0.236
2024-03-06 01:50:00,0.2882
2024-03-06 02:00:00,0.1187
2024-03-06 02:10:00,0.3054
2024-03-06 02:20:00,0.3235
2024-03-06 02:30:00,0.1236
2024-03-06 02:40:00,0.5551
2024-03-06 02:50:00,0.2674
2024-03-06 03:00:00,0.1333
2024-03-06 03:10:00,0.05
2024-03-06 03:20:00,0.2731
2024-03-06 03:30:00,0.2351
2024-03-06 03:40:00,0.4053
2024-03-06 03:50:00,0.283
2024-03-06 04:00:00,0.1447
2024-03-06 04:10:00,0.5954
2024-03-06 04:20:00,0.4324
2024-03-06 04:30:00,0.3519
2024-03-06 04:40:00,0.4376
2024-03-06 04:50:00,0.5063
2024-03-06 05:00:00,0.2423
2024-03-06 05:10:00,0.5003
2024-03-06 05:20:00,0.4276
2024-03-06 05:30:00,0.5879
2024-03-06 05:40:00,0.4156
2024-03-06 05:50:00,0.4488
2024-03-06 06:00:00,0.8001
2024-03-06 06:10:00,0.7447
2024-03-06 06:20:00,0.0736
2024-03-06 06:30:00,0.7479
2024-03-06 06:40:00,0.5686
2024-03-06 06:50:00,0.4776
2024-03-06 07:00:00,0.436
2024-03-06 07:10:00,0.4473
2024-03-06 07:20:00,0.4896
2024-03-06 07:30:00,0.424
2024-03-06 07:40:00,0.3909
2024-03-06 07:50:00,0.4389
2024-03-06 08:00:00,0.644
2024-03-06 08:10:00,0.6034
2024-03-06 08:20:00,0.6796
2024-03-06 08:30:00,0.5865
2024-03-06 08:40:00,0.4006
2024-03-06 08:50:00,0.6708
2024-03-06 09:00:00,0.446
2024-03-06 09:10:00,0.6937
2024-03-06 09:20:00,0.4219
2024-03-06 09:30:00,0.4937
2024-03-06 09:40:00,0.5426
2024-03-06 09:50:00,0.698
2024-03-06 10:00:00,0.6232
2024-03-06 10:10:00,0.5998
2024-03-06 10:20:00,0.8797
2024-03-06 10:30:00,0.3213
2024-03-06 10:40:00,0.4411
2024-03-06 10:50:00,0.4347
2024-03-06 11:00:00,0.3312
2024-03-06 11:10:00,0.4889
2024-03-06 11:20:00,0.7
2024-03-06 11:30:00,0.5081
2024-03-06 11:40:00,0.5469
2024-03-06 11:50:00,0.3384
2024-03-06 12:00:00,0.4774
2024-03-06 12:10:00,0.5276
2024-03-06 12:20:00,0.6932
2024-03-06 12:30:00,0.3456
2024-03-06 12:40:00,0.5286
2024-03-06 12:50:00,0.7599
2024-03-06 13:00:00,0.5301
2024-03-06 13:10:00,0.2796
2024-03-06 13:20:00,0.7889
2024-03-06 13:30:00,0.7073
2024-03-06 13:40:00,0.7276
2024-03-06 13:50:00,0.3359
2024-03-06 14:00:00,0.8247
2024-03-06 14:10:00,0.4824
2024-03-06 14:20:00,0.5228
2024-03-06 14:30:00,0.495
2024-03-06 14:40:00,0.7442
2024-03-06 14:50:00,0.5778
2024-03-06 15:00:00,0.6806
2024-03-06 15:10:00,0.6248
2024-03-06 15:20:00,0.6062
2024-03-06 15:30:00,0.488
2024-03-06 15:40:00,0.9147
2024-03-06 15:50:00,0.4405
2024-03-06 16:00:00,0.7442
2024-03-06 16:10:00,0.7677
2024-03-06 16:20:00,0.9212
2024-03-06 16:30:00,1.0025
2024-03-06 16:40:00,0.8311
2024-03-06 16:50:00,1.0015
2024-03-06 17:00:00,1.2714
2024-03-06 17:10:00,1.0976
2024-03-06 17:20:00,1.0658
2024-03-06 17:30:00,1.3051
2024-03-06 17:40:00,1.3235
2024-03-06 17:50:00,1.7512
2024-03-06 18:00:00,2.0508
2024-03-06 18:10:00,2.0872
2024-03-06 18:20:00,2.0933
2024-03-06 18:30:00,2.7353
2024-03-06 18:40:00,2.5724
2024-03-06 18:50:00,2.8709
2024-03-06 19:00:00,3.3423
2024-03-06 19:10:00,3.6697
2024-03-06 19:20:00,3.9487
2024-03-06 19:30:00,4.1124
2024-03-06 19:40:00,4.6
2024-03-06 19:50:00,4.5291
2024-03-06 20:00:00,4.8207
2024-03-06 20:10:00,4.8865
2024-03-06 20:20:00,4.6295
2024-03-06 20:30:00,4.8014
2024-03-06 20:40:00,5.0955
2024-03-06 20:50:00,4.5986
2024-03-06 21:00:00,4.4199
2024-03-06 21:10:00,4.3477
2024-03-06 21:20:00,4.0134
2024-03-06 21:30:00,3.6949
2024-03-06 21:40:00,3.4493
2024-03-06 21:50:00,3.4315
2024-03-06 22:00:00,2.8877
2024-03-06 22:10:00,2.4057
2024-03-06 22:20:00,2.0879
2024-03-06 22:30:00,2.3746
2024-03-06 22:40:00,1.7628
2024-03-06 22:50:00,1.641
2024-03-06 23:00:00,1.2677
2024-03-06 23:10:00,1.2671
2024-03-06 23:20:00,1.3001
2024-03-06 23:30:00,0.8703
2024-03-06 23:40:00,0.946
2024-03-06 23:50:00,0.5944
2024-03-07 00:00:00,0.8576
2024-03-07 00:10:00,0.5833
2024-03-07 00:20:00,0.4681
2024-03-07 00:30:00,0.4704
2024-03-07 00:40:00,0.4218
2024-03-07 00:50:00,0.4109
2024-03-07 01:00:00,0.0924
2024-03-07 01:10:00,0.4233
2024-03-07 01:20:00,0.3945
2024-03-07 01:30:00,0.4658
2024-03-07 01:40:00,0.291
2024-03-07 01:50:00,0.2314
2024-03-07 02:00:00,0.3247
2024-03-07 02:10:00,0.0647
2024-03-07 02:20:00,0.3112
2024-03-07 02:30:00,0.05
2024-03-07 02:40:00,0.4339
2024-03-07 02:50:00,0.3622
2024-03-07 03:00:00,0.1185
2024-03-07 03:10:00,0.3587
2024-03-07 03:20:00,0.2825
2024-03-07 03:30:00,0.1246
2024-03-07 03:40:00,0.05
2024-03-07 03:50:00,0.354
2024-03-07 04:00:00,0.2067
2024-03-07 04:10:00,0.5113
2024-03-07 04:20:00,0.3716
2024-03-07 04:30:00,0.2875
2024-03-07 04:40:00,0.6852
2024-03-07 04:50:00,0.5245
2024-03-07 05:00:00,0.05
2024-03-07 05:10:00,0.4068
2024-03-07 05:20:00,0.2907
2024-03-07 05:30:00,0.3951
2024-03-07 05:40:00,0.5083
2024-03-07 05:50:00,0.5961
2024-03-07 06:00:00,0.5934
2024-03-07 06:10:00,0.7254
2024-03-07 06:20:00,0.6671
2024-03-07 06:30:00,0.6643
2024-03-07 06:40:00,0.6136
2024-03-07 06:50:00,0.7806
2024-03-07 07:00:00,0.5434
2024-03-07 07:10:00,0.5499
2024-03-07 07:20:00,0.3095
2024-03-07 07:30:00,0.7553
2024-03-07 07:40:00,0.5864
2024-03-07 07:50:00,1.0388
2024-03-07 08:00:00,0.5385
2024-03-07 08:10:00,0.613
2024-03-07 08:20:00,0.682
2024-03-07 08:30:00,0.435
2024-03-07 08:40:00,0.6542
2024-03-07 08:50:00,0.6057
2024-03-07 09:00:00,0.555
2024-03-07 09:10:00,0.7765
2024-03-07 09:20:00,0.4651
2024-03-07 09:30:00,0.6419
2024-03-07 09:40:00,0.8189
2024-03-07 09:50:00,0.4947
2024-03-07 10:00:00,0.5561
2024-03-07 10:10:00,0.9525
2024-03-07 10:20:00,0.6718
2024-03-07 10:30:00,0.5247
2024-03-07 10:40:00,0.7211
2024-03-07 10:50:00,0.5155
2024-03-07 11:00:00,0.3659
2024-03-07 11:10:00,0.8065
2024-03-07 11:20:00,0.4352
2024-03-07 11:30:00,0.9684
2024-03-07 11:40:00,0.5273
2024-03-07 11:50:00,0.9207
2024-03-07 12:00:00,0.3954
2024-03-07 12:10:00,0.7545
2024-03-07 12:20:00,0.6756
2024-03-07 12:30:00,0.7263
2024-03-07 12:40:00,0.7459
2024-03-07 12:50:00,0.526
2024-03-07 13:00:00,0.4044
2024-03-07 13:10:00,0.5931
2024-03-07 13:20:00,0.6343
2024-03-07 13:30:00,0.5301
2024-03-07 13:40:00,0.6427
2024-03-07 13:50:00,0.6508
2024-03-07 14:00:00,0.4652
2024-03-07 14:10:00,0.6615
2024-03-07 14:20:00,0.563
2024-03-07 14:30:00,0.4993
2024-03-07 14:40:00,0.7242
2024-03-07 14:50:00,0.4921
2024-03-07 15:00:00,0.5438
2024-03-07 15:10:00,0.6282
2024-03-07 15:20:00,0.8306
2024-03-07 15:30:00,0.663
2024-03-07 15:40:00,0.7263
2024-03-07 15:50:00,0.6196
2024-03-07 16:00:00,0.675
2024-03-07 16:10:00,0.7085
2024-03-07 16:20:00,0.7969
2024-03-07 16:30:00,0.755
2024-03-07 16:40:00,1.0582
2024-03-07 16:50:00,0.8719
2024-03-07 17:00:00,0.757
2024-03-07 17:10:00,1.526
2024-03-07 17:20:00,1.1845
2024-03-07 17:30:00,1.5685
2024-03-07 17:40:00,1.7397
2024-03-07 17:50:00,1.8481
2024-03-07 18:00:00,1.8735
2024-03-07 18:10:00,2.1619
2024-03-07 18:20:00,2.1603
2024-03-07 18:30:00,2.8972
2024-03-07 18:40:00,2.7293
2024-03-07 18:50:00,3.0847
2024-03-07 19:00:00,3.4056
2024-03-07 19:10:00,3.6392
2024-03-07 19:20:00,3.8118
2024-03-07 19:30:00,4.358
2024-03-07 19:40:00,4.5065
2024-03-07 19:50:00,4.5967
2024-03-07 20:00:00,4.6356
2024-03-07 20:10:00,4.9588
2024-03-07 20:20:00,4.7848
2024-03-07 20:30:00,5.0934
2024-03-07 20:40:00,4.8244
2024-03-07 20:50:00,4.8888
2024-03-07 21:00:00,4.5331
2024-03-07 21:10:00,4.3606
2024-03-07 21:20:00,4.2938
2024-03-07 21:30:00,4.1675
2024-03-07 21:40:00,3.7785
2024-03-07 21:50:00,3.369
2024-03-07 22:00:00,3.0153
2024-03-07 22:10:00,2.5456
2024-03-07 22:20:00,2.3738
2024-03-07 22:30:00,1.9198
2024-03-07 22:40:00,1.8643
2024-03-07 22:50:00,1.652
2024-03-07 23:00:00,1.0981
2024-03-07 23:10:00,1.2326
2024-03-07 23:20:00,1.1504
2024-03-07 23:30:00,0.9619
2024-03-07 23:40:00,0.9365
2024-03-07 23:50:00,0.6092
2024-03-08 00:00:00,0.4414
2024-03-08 00:10:00,0.7018
2024-03-08 00:20:00,0.5335
2024-03-08 00:30:00,0.5694
2024-03-08 00:40:00,0.4195
2024-03-08 00:50:00,0.4858
2024-03-08 01:00:00,0.1172
2024-03-08 01:10:00,0.5678
2024-03-08 01:20:00,0.6894
2024-03-08 01:30:00,0.2353
2024-03-08 01:40:00,0.2308
2024-03-08 01:50:00,0.4154
2024-03-08 02:00:00,0.549
2024-03-08 02:10:00,0.3082
2024-03-08 02:20:00,0.1072
2024-03-08 02:30:00,0.2465
2024-03-08 02:40:00,0.113
2024-03-08 02:50:00,0.1609
2024-03-08 03:00:00,0.2135
2024-03-08 03:10:00,0.1218
2024-03-08 03:20:00,0.1508
2024-03-08 03:30:00,0.2889
2024-03-08 03:40:00,0.3238
2024-03-08 03:50:00,0.0949
2024-03-08 04:00:00,0.3874
2024-03-08 04:10:00,0.292
2024-03-08 04:20:00,0.4799
2024-03-08 04:30:00,0.5121
2024-03-08 04:40:00,0.3365
2024-03-08 04:50:00,0.533
2024-03-08 05:00:00,0.337
2024-03-08 05:10:00,0.6814
2024-03-08 05:20:00,0.3816
2024-03-08 05:30:00,0.5713
2024-03-08 05:40:00,0.5053
2024-03-08 05:50:00,0.394
2024-03-08 06:00:00,0.6929
2024-03-08 06:10:00,0.4752
2024-03-08 06:20:00,0.3203
2024-03-08 06:30:00,0.1495
2024-03-08 06:40:00,0.4559
2024-03-08 06:50:00,0.7977
2024-03-08 07:00:00,0.7833
2024-03-08 07:10:00,0.4895
2024-03-08 07:20:00,0.543
2024-03-08 07:30:00,0.531
2024-03-08 07:40:00,0.4018
2024-03-08 07:50:00,0.4603
2024-03-08 08:00:00,0.7504
2024-03-08 08:10:00,0.6792
2024-03-08 08:20:00,0.6449
2024-03-08 08:30:00,0.4039
2024-03-08 08:40:00,0.6194
2024-03-08 08:50:00,0.2588
2024-03-08 09:00:00,0.7308
2024-03-08 09:10:00,0.6433
2024-03-08 09:20:00,0.4027
2024-03-08 09:30:00,0.847
2024-03-08 09:40:00,0.3351
2024-03-08 09:50:00,0.6841
2024-03-08 10:00:00,0.6878
2024-03-08 10:10:00,0.4186
2024-03-08 10:20:00,0.5989
2024-03-08 10:30:00,0.359
2024-03-08 10:40:00,0.1776
2024-03-08 10:50:00,0.4444
2024-03-08 11:00:00,0.512
2024-03-08 11:10:00,0.7012
2024-03-08 11:20:00,0.6147
2024-03-08 11:30:00,0.6186
2024-03-08 11:40:00,0.4524
2024-03-08 11:50:00,0.525
2024-03-08 12:00:00,0.4651
2024-03-08 12:10:00,0.4208
2024-03-08 12:20:00,0.5155
2024-03-08 12:30:00,0.6157
2024-03-08 12:40:00,0.5187
2024-03-08 12:50:00,0.556
2024-03-08 13:00:00,0.7088
2024-03-08 13:10:00,0.5295
2024-03-08 13:20:00,0.4046
2024-03-08 13:30:00,0.6893
2024-03-08 13:40:00,0.6448
2024-03-08 13:50:00,0.6545
2024-03-08 14:00:00,0.6994
2024-03-08 14:10:00,0.6746
2024-03-08 14:20:00,0.6113
2024-03-08 14:30:00,0.9669
2024-03-08 14:40:00,0.4172
2024-03-08 14:50:00,0.5246
2024-03-08 15:00:00,0.7613
2024-03-08 15:10:00,0.6428
2024-03-08 15:20:00,0.7422
2024-03-08 15:30:00,0.6636
2024-03-08 15:40:00,0.8573
2024-03-08 15:50:00,0.5174
2024-03-08 16:00:00,0.8925
2024-03-08 16:10:00,0.8961
2024-03-08 16:20:00,0.5762
2024-03-08 16:30:00,0.8992
2024-03-08 16:40:00,0.8563
2024-03-08 16:50:00,0.8428
2024-03-08 17:00:00,0.7363
2024-03-08 17:10:00,0.9701
2024-03-08 17:20:00,1.3478
2024-03-08 17:30:00,1.5024
2024-03-08 17:40:00,1.5072
2024-03-08 17:50:00,1.8399
2024-03-08 18:00:00,2.0573
2024-03-08 18:10:00,2.1557
2024-03-08 18:20:00,2.2583
2024-03-08 18:30:00,2.6815
2024-03-08 18:40:00,2.9485
2024-03-08 18:50:00,3.244
2024-03-08 19:00:00,3.5424
2024-03-08 19:10:00,3.4746
2024-03-08 19:20:00,3.859
2024-03-08 19:30:00,3.8908
2024-03-08 19:40:00,4.5041
2024-03-08 19:50:00,4.5459
2024-03-08 20:00:00,4.7904
2024-03-08 20:10:00,4.6088
2024-03-08 20:20:00,5.0959
2024-03-08 20:30:00,4.71
2024-03-08 20:40:00,4.9549
2024-03-08 20:50:00,4.7523
2024-03-08 21:00:00,4.551
2024-03-08 21:10:00,4.3374
2024-03-08 21:20:00,4.0407
2024-03-08 21:30:00,4.0575
2024-03-08 21:40:00,3.5691
2024-03-08 21:50:00,3.0679
2024-03-08 22:00:00,2.8881
2024-03-08 22:10:00,2.6578
2024-03-08 22:20:00,2.4792
2024-03-08 22:30:00,1.9793
2024-03-08 22:40:00,1.7389
2024-03-08 22:50:00,1.5997
2024-03-08 23:00:00,1.5323
2024-03-08 23:10:00,1.0294
2024-03-08 23:20:00,1.171
2024-03-08 23:30:00,0.9111
2024-03-08 23:40:00,0.8398
2024-03-08 23:50:00,1.1159
2024-03-09 00:00:00,0.8126
2024-03-09 00:10:00,0.9383
2024-03-09 00:20:00,0.9131
2024-03-09 00:30:00,0.6056
2024-03-09 00:40:00,0.4803
2024-03-09 00:50:00,0.8521
2024-03-09 01:00:00,0.5357
2024-03-09 01:10:00,0.4159
2024-03-09 01:20:00,0.7853
2024-03-09 01:30:00,0.4434
2024-03-09 01:40:00,0.4455
2024-03-09 01:50:00,0.8234
2024-03-09 02:00:00,0.2461
2024-03-09 02:10:00,0.2773
2024-03-09 02:20:00,0.3712
2024-03-09 02:30:00,0.3833
2024-03-09 02:40:00,0.2698
2024-03-09 02:50:00,0.2206
2024-03-09 03:00:00,0.6176
2024-03-09 03:10:00,0.4338
2024-03-09 03:20:00,0.4916
2024-03-09 03:30:00,0.3987
2024-03-09 03:40:00,0.4836
2024-03-09 03:50:00,0.6057
2024-03-09 04:00:00,0.3456
2024-03-09 04:10:00,0.567
2024-03-09 04:20:00,0.6657
2024-03-09 04:30:00,0.8281
2024-03-09 04:40:00,0.9235
2024-03-09 04:50:00,0.676
2024-03-09 05:00:00,0.8691
2024-03-09 05:10:00,0.3284
2024-03-09 05:20:00,0.99
2024-03-09 05:30:00,0.6737
2024-03-09 05:40:00,0.7691
2024-03-09 05:50:00,0.8912
2024-03-09 06:00:00,0.8191
2024-03-09 06:10:00,0.886
2024-03-09 06:20:00,1.1067
2024-03-09 06:30:00,0.8207
2024-03-09 06:40:00,0.7233
2024-03-09 06:50:00,1.1648
2024-03-09 07:00:00,0.9768
2024-03-09 07:10:00,1.19
2024-03-09 07:20:00,1.0342
2024-03-09 07:30:00,0.7083
2024-03-09 07:40:00,1.0053
2024-03-09 07:50:00,0.7622
2024-03-09 08:00:00,0.9118
2024-03-09 08:10:00,0.8999
2024-03-09 08:20:00,0.6691
2024-03-09 08:30:00,0.7901
2024-03-09 08:40:00,1.243
2024-03-09 08:50:00,0.9481
2024-03-09 09:00:00,0.8861
2024-03-09 09:10:00,1.1845
2024-03-09 09:20:00,0.8532
2024-03-09 09:30:00,0.8989
2024-03-09 09:40:00,1.0613
2024-03-09 09:50:00,0.8525
2024-03-09 10:00:00,0.8007
2024-03-09 10:10:00,0.5746
2024-03-09 10:20:00,0.7722
2024-03-09 10:30:00,0.7708
2024-03-09 10:40:00,0.9364
2024-03-09 10:50:00,0.8211
2024-03-09 11:00:00,1.2364
2024-03-09 11:10:00,0.754
2024-03-09 11:20:00,1.1228
2024-03-09 11:30:00,0.9456
2024-03-09 11:40:00,1.0337
2024-03-09 11:50:00,1.0246
2024-03-09 12:00:00,0.5799
2024-03-09 12:10:00,0.9109
2024-03-09 12:20:00,0.8733
2024-03-09 12:30:00,0.7427
2024-03-09 12:40:00,0.9816
2024-03-09 12:50:00,1.1702
2024-03-09 13:00:00,0.5118
2024-03-09 13:10:00,0.8326
2024-03-09 13:20:00,0.726
2024-03-09 13:30:00,0.9238
2024-03-09 13:40:00,0.8644
2024-03-09 13:50:00,0.8228
2024-03-09 14:00:00,1.0176
2024-03-09 14:10:00,1.1605
2024-03-09 14:20:00,1.3155
2024-03-09 14:30:00,0.8072
2024-03-09 14:40:00,0.6477
2024-03-09 14:50:00,1.0086
2024-03-09 15:00:00,1.1719
2024-03-09 15:10:00,1.0601
2024-03-09 15:20:00,1.1897
2024-03-09 15:30:00,0.9296
2024-03-09 15:40:00,0.8917
2024-03-09 15:50:00,1.0265
2024-03-09 16:00:00,0.9938
2024-03-09 16:10:00,1.1871
2024-03-09 16:20:00,1.2894
2024-03-09 16:30:00,1.3719
2024-03-09 16:40:00,1.379
2024-03-09 16:50:00,1.4467
2024-03-09 17:00:00,1.6585
2024-03-09 17:10:00,1.399
2024-03-09 17:20:00,1.906
2024-03-09 17:30:00,2.0918
2024-03-09 17:40:00,2.3551
2024-03-09 17:50:00,2.5794
2024-03-09 18:00:00,2.9566
2024-03-09 18:10:00,3.1332
2024-03-09 18:20:00,3.7422
2024-03-09 18:30:00,4.0194
2024-03-09 18:40:00,4.3637
2024-03-09 18:50:00,4.6401
2024-03-09 19:00:00,5.2741
2024-03-09 19:10:00,5.5849
2024-03-09 19:20:00,5.828
2024-03-09 19:30:00,6.2953
2024-03-09 19:40:00,6.7249
2024-03-09 19:50:00,6.9936
2024-03-09 20:00:00,7.2074
2024-03-09 20:10:00,7.3058
2024-03-09 20:20:00,7.5298
2024-03-09 20:30:00,7.5667
2024-03-09 20:40:00,7.4154
2024-03-09 20:50:00,7.0596
2024-03-09 21:00:00,6.7548
2024-03-09 21:10:00,6.5276
2024-03-09 21:20:00,6.5377
2024-03-09 21:30:00,5.8744
2024-03-09 21:40:00,5.7043
2024-03-09 21:50:00,4.9008
2024-03-09 22:00:00,4.4082
2024-03-09 22:10:00,3.9723
2024-03-09 22:20:00,3.5257
2024-03-09 22:30:00,3.0089
2024-03-09 22:40:00,2.5746
2024-03-09 22:50:00,2.4849
2024-03-09 23:00:00,2.2737
2024-03-09 23:10:00,2.2307
2024-03-09 23:20:00,1.5883
2024-03-09 23:30:00,1.4276
2024-03-09 23:40:00,1.2257
2024-03-09 23:50:00,1.4003
2024-03-10 00:00:00,0.9698
2024-03-10 00:10:00,0.6988
2024-03-10 00:20:00,0.6751
2024-03-10 00:30:00,0.9305
2024-03-10 00:40:00,0.8195
2024-03-10 00:50:00,0.8474
2024-03-10 01:00:00,0.5703
2024-03-10 01:10:00,0.3882
2024-03-10 01:20:00,0.5042
2024-03-10 01:30:00,0.7034
2024-03-10 01:40:00,0.8816
2024-03-10 01:50:00,0.4662
2024-03-10 02:00:00,0.8396
2024-03-10 02:10:00,0.5932
2024-03-10 02:20:00,0.2341
2024-03-10 02:30:00,0.4541
2024-03-10 02:40:00,0.5361
2024-03-10 02:50:00,0.05
2024-03-10 03:00:00,0.4903
2024-03-10 03:10:00,0.5728
2024-03-10 03:20:00,0.4663
2024-03-10 03:30:00,0.4128
2024-03-10 03:40:00,0.4171
2024-03-10 03:50:00,0.434
2024-03-10 04:00:00,0.3219
2024-03-10 04:10:00,0.4275
2024-03-10 04:20:00,0.5025
2024-03-10 04:30:00,0.6172
2024-03-10 04:40:00,0.5519
2024-03-10 04:50:00,0.5395
2024-03-10 05:00:00,0.8167
2024-03-10 05:10:00,0.7892
2024-03-10 05:20:00,0.6811
2024-03-10 05:30:00,0.8636
2024-03-10 05:40:00,0.7425
2024-03-10 05:50:00,0.8398
2024-03-10 06:00:00,0.9938
2024-03-10 06:10:00,0.7715
2024-03-10 06:20:00,0.6982
2024-03-10 06:30:00,0.8623
2024-03-10 06:40:00,0.6876
2024-03-10 06:50:00,0.8569
2024-03-10 07:00:00,0.8615
2024-03-10 07:10:00,0.5379
2024-03-10 07:20:00,0.9901
2024-03-10 07:30:00,0.8853
2024-03-10 07:40:00,1.0917
2024-03-10 07:50:00,0.948
2024-03-10 08:00:00,1.0269
2024-03-10 08:10:00,1.0957
2024-03-10 08:20:00,0.8978
2024-03-10 08:30:00,0.9178
2024-03-10 08:40:00,0.6821
2024-03-10 08:50:00,1.1042
2024-03-10 09:00:00,0.8965
2024-03-10 09:10:00,0.7676
2024-03-10 09:20:00,1.0294
2024-03-10 09:30:00,0.5915
2024-03-10 09:40:00,0.8541
2024-03-10 09:50:00,1.0548
2024-03-10 10:00:00,0.8529
2024-03-10 10:10:00,0.8109
2024-03-10 10:20:00,0.8561
2024-03-10 10:30:00,0.6171
2024-03-10 10:40:00,1.0259
2024-03-10 10:50:00,0.9001
2024-03-10 11:00:00,0.8777
2024-03-10 11:10:00,0.8782
2024-03-10 11:20:00,0.9207
2024-03-10 11:30:00,1.0166
2024-03-10 11:40:00,0.9107
2024-03-10 11:50:00,0.7143
2024-03-10 12:00:00,1.0049
2024-03-10 12:10:00,0.9933
2024-03-10 12:20:00,0.9494
2024-03-10 12:30:00,1.0798
2024-03-10 12:40:00,0.9231
2024-03-10 12:50:00,1.0853
2024-03-10 13:00:00,1.1297
2024-03-10 13:10:00,1.006
2024-03-10 13:20:00,0.8066
2024-03-10 13:30:00,0.8993
2024-03-10 13:40:00,1.105
2024-03-10 13:50:00,0.6949
2024-03-10 14:00:00,0.8613
2024-03-10 14:10:00,0.8695
2024-03-10 14:20:00,0.7924
2024-03-10 14:30:00,1.055
2024-03-10 14:40:00,0.9833
2024-03-10 14:50:00,0.8241
2024-03-10 15:00:00,1.0271
2024-03-10 15:10:00,0.9204
2024-03-10 15:20:00,0.8214
2024-03-10 15:30:00,0.8627
2024-03-10 15:40:00,1.0548
2024-03-10 15:50:00,1.1566
2024-03-10 16:00:00,0.9771
2024-03-10 16:10:00,1.1763
2024-03-10 16:20:00,1.3885
2024-03-10 16:30:00,1.0337
2024-03-10 16:40:00,1.3642
2024-03-10 16:50:00,1.5435
2024-03-10 17:00:00,1.535
2024-03-10 17:10:00,1.8901
2024-03-10 17:20:00,2.2163
2024-03-10 17:30:00,2.1488
2024-03-10 17:40:00,2.3031
2024-03-10 17:50:00,2.7558
2024-03-10 18:00:00,3.0368
2024-03-10 18:10:00,2.8623
2024-03-10 18:20:00,3.5954
2024-03-10 18:30:00,3.9146
2024-03-10 18:40:00,4.4286
2024-03-10 18:50:00,4.7463
2024-03-10 19:00:00,5.1723
2024-03-10 19:10:00,5.4603
2024-03-10 19:20:00,6.0898
2024-03-10 19:30:00,6.5927
2024-03-10 19:40:00,6.5462
2024-03-10 19:50:00,6.7458
2024-03-10 20:00:00,7.1834
2024-03-10 20:10:00,7.3346
2024-03-10 20:20:00,7.5991
2024-03-10 20:30:00,7.2443
2024-03-10 20:40:00,7.2712
2024-03-10 20:50:00,6.8716
2024-03-10 21:00:00,7.1643
2024-03-10 21:10:00,6.6894
2024-03-10 21:20:00,6.2155
2024-03-10 21:30:00,5.6714
2024-03-10 21:40:00,5.2355
2024-03-10 21:50:00,5.0127
2024-03-10 22:00:00,4.3096
2024-03-10 22:10:00,4.0247
2024-03-10 22:20:00,3.8688
2024-03-10 22:30:00,3.093
2024-03-10 22:40:00,2.6204
2024-03-10 22:50:00,2.4825
2024-03-10 23:00:00,1.9452
2024-03-10 23:10:00,2.134
2024-03-10 23:20:00,1.8746
2024-03-10 23:30:00,1.4654
2024-03-10 23:40:00,1.2154
2024-03-10 23:50:00,1.1755
2024-03-11 00:00:00,0.5243
2024-03-11 00:10:00,0.6147
2024-03-11 00:20:00,0.6997
2024-03-11 00:30:00,0.373
2024-03-11 00:40:00,0.6629
2024-03-11 00:50:00,0.5849
2024-03-11 01:00:00,0.3954
2024-03-11 01:10:00,0.2864
2024-03-11 01:20:00,0.4438
2024-03-11 01:30:00,0.2438
2024-03-11 01:40:00,0.5326
2024-03-11 01:50:00,0.1875
2024-03-11 02:00:00,0.4165
2024-03-11 02:10:00,0.3024
2024-03-11 02:20:00,0.2132
2024-03-11 02:30:00,0.2677
2024-03-11 02:40:00,0.4347
2024-03-11 02:50:00,0.0875
2024-03-11 03:00:00,0.2023
2024-03-11 03:10:00,0.1535
2024-03-11 03:20:00,0.2669
2024-03-11 03:30:00,0.1805
2024-03-11 03:40:00,0.05
2024-03-11 03:50:00,0.1562
2024-03-11 04:00:00,0.58
2024-03-11 04:10:00,0.3931
2024-03-11 04:20:00,0.4109
2024-03-11 04:30:00,0.3603
2024-03-11 04:40:00,0.4186
2024-03-11 04:50:00,0.385
2024-03-11 05:00:00,0.5506
2024-03-11 05:10:00,0.5074
2024-03-11 05:20:00,0.3356
2024-03-11 05:30:00,0.5666
2024-03-11 05:40:00,0.175
2024-03-11 05:50:00,0.6192
2024-03-11 06:00:00,0.3572
2024-03-11 06:10:00,0.564
2024-03-11 06:20:00,0.4073
2024-03-11 06:30:00,0.5936
2024-03-11 06:40:00,0.6853
2024-03-11 06:50:00,0.8283
2024-03-11 07:00:00,0.3751
2024-03-11 07:10:00,0.7552
2024-03-11 07:20:00,0.6306
2024-03-11 07:30:00,0.5448
2024-03-11 07:40:00,0.7275
2024-03-11 07:50:00,0.579
2024-03-11 08:00:00,0.7226
2024-03-11 08:10:00,0.4665
2024-03-11 08:20:00,0.5207
2024-03-11 08:30:00,0.7574
2024-03-11 08:40:00,0.8388
2024-03-11 08:50:00,0.6109
2024-03-11 09:00:00,0.1981
2024-03-11 09:10:00,0.5864
2024-03-11 09:20:00,0.6211
2024-03-11 09:30:00,0.5814
2024-03-11 09:40:00,0.6667
2024-03-11 09:50:00,0.5448
2024-03-11 10:00:00,0.7421
2024-03-11 10:10:00,0.4413
2024-03-11 10:20:00,0.8018
2024-03-11 10:30:00,0.8488
2024-03-11 10:40:00,0.4794
2024-03-11 10:50:00,0.4793
2024-03-11 11:00:00,0.6779
2024-03-11 11:10:00,0.4382
2024-03-11 11:20:00,0.5424
2024-03-11 11:30:00,0.7817
2024-03-11 11:40:00,0.727
2024-03-11 11:50:00,0.9133
2024-03-11 12:00:00,0.6419
2024-03-11 12:10:00,0.5247
2024-03-11 12:20:00,0.624
2024-03-11 12:30:00,0.5937
2024-03-11 12:40:00,0.5959
2024-03-11 12:50:00,0.6128
2024-03-11 13:00:00,0.4766
2024-03-11 13:10:00,0.6587
2024-03-11 13:20:00,0.4052
2024-03-11 13:30:00,0.509
2024-03-11 13:40:00,0.5989
2024-03-11 13:50:00,0.278
2024-03-11 14:00:00,0.7327
2024-03-11 14:10:00,0.3099
2024-03-11 14:20:00,0.7192
2024-03-11 14:30:00,0.4261
2024-03-11 14:40:00,0.5611
2024-03-11 14:50:00,0.7024
2024-03-11 15:00:00,0.958
2024-03-11 15:10:00,0.6509
2024-03-11 15:20:00,0.3433
2024-03-11 15:30:00,0.7936
2024-03-11 15:40:00,0.6291
2024-03-11 15:50:00,0.692
2024-03-11 16:00:00,0.7883
2024-03-11 16:10:00,0.4006
2024-03-11 16:20:00,0.7734
2024-03-11 16:30:00,0.7588
2024-03-11 16:40:00,1.0628
2024-03-11 16:50:00,1.0611
2024-03-11 17:00:00,0.7954
2024-03-11 17:10:00,1.333
2024-03-11 17:20:00,1.3332
2024-03-11 17:30:00,1.1752
2024-03-11 17:40:00,1.5772
2024-03-11 17:50:00,1.906
2024-03-11 18:00:00,1.7707
2024-03-11 18:10:00,2.3807
2024-03-11 18:20:00,2.1858
2024-03-11 18:30:00,2.5476
2024-03-11 18:40:00,2.7901
2024-03-11 18:50:00,3.4106
2024-03-11 19:00:00,3.4054
2024-03-11 19:10:00,3.5761
2024-03-11 19:20:00,4.079
2024-03-11 19:30:00,4.3561
2024-03-11 19:40:00,4.5777
2024-03-11 19:50:00,4.6262
2024-03-11 20:00:00,4.856
2024-03-11 20:10:00,4.8266
2024-03-11 20:20:00,5.2321
2024-03-11 20:30:00,5.156
2024-03-11 20:40:00,5.0954
2024-03-11 20:50:00,4.9459
2024-03-11 21:00:00,4.7466
2024-03-11 21:10:00,4.2765
2024-03-11 21:20:00,4.312
2024-03-11 21:30:00,3.9556
2024-03-11 21:40:00,3.8262
2024-03-11 21:50:00,3.4428
2024-03-11 22:00:00,3.0856
2024-03-11 22:10:00,2.4373
2024-03-11 22:20:00,2.3769
2024-03-11 22:30:00,2.0266
2024-03-11 22:40:00,1.8928
2024-03-11 22:50:00,1.5649
2024-03-11 23:00:00,1.3871
2024-03-11 23:10:00,1.3276
2024-03-11 23:20:00,1.0517
2024-03-11 23:30:00,1.018
2024-03-11 23:40:00,0.6779
2024-03-11 23:50:00,0.7067
2024-03-12 00:00:00,0.6707
2024-03-12 00:10:00,0.3762
2024-03-12 00:20:00,0.7342
2024-03-12 00:30:00,0.6781
2024-03-12 00:40:00,0.4743
2024-03-12 00:50:00,0.9452
2024-03-12 01:00:00,0.661
2024-03-12 01:10:00,0.31
2024-03-12 01:20:00,0.541
2024-03-12 01:30:00,0.4152
2024-03-12 01:40:00,0.265
2024-03-12 01:50:00,0.1979
2024-03-12 02:00:00,0.4857
2024-03-12 02:10:00,0.2268
2024-03-12 02:20:00,0.2839
2024-03-12 02:30:00,0.1468
2024-03-12 02:40:00,0.1623
2024-03-12 02:50:00,0.249
2024-03-12 03:00:00,0.3241
2024-03-12 03:10:00,0.05
2024-03-12 03:20:00,0.277
2024-03-12 03:30:00,0.1731
2024-03-12 03:40:00,0.5095
2024-03-12 03:50:00,0.7579
2024-03-12 04:00:00,0.2826
2024-03-12 04:10:00,0.1
2024-03-12 04:20:00,0.3991
2024-03-12 04:30:00,0.3745
2024-03-12 04:40:00,0.7248
2024-03-12 04:50:00,0.7023
2024-03-12 05:00:00,0.6044
2024-03-12 05:10:00,0.4074
2024-03-12 05:20:00,0.6162
2024-03-12 05:30:00,0.5717
2024-03-12 05:40:00,0.5835
2024-03-12 05:50:00,0.327
2024-03-12 06:00:00,0.7316
2024-03-12 06:10:00,0.5983
2024-03-12 06:20:00,0.5752
2024-03-12 06:30:00,0.507
2024-03-12 06:40:00,0.4834
2024-03-12 06:50:00,0.6543
2024-03-12 07:00:00,0.3478
2024-03-12 07:10:00,0.7312
2024-03-12 07:20:00,0.4567
2024-03-12 07:30:00,0.3076
2024-03-12 07:40:00,0.8908
2024-03-12 07:50:00,0.4896
2024-03-12 08:00:00,0.5106
2024-03-12 08:10:00,0.7895
2024-03-12 08:20:00,0.8978
2024-03-12 08:30:00,0.3899
2024-03-12 08:40:00,0.4766
2024-03-12 08:50:00,0.4877
2024-03-12 09:00:00,0.7604
2024-03-12 09:10:00,0.8661
2024-03-12 09:20:00,0.4582
2024-03-12 09:30:00,0.8325
2024-03-12 09:40:00,0.5139
2024-03-12 09:50:00,0.6707
2024-03-12 10:00:00,0.4296
2024-03-12 10:10:00,0.602
2024-03-12 10:20:00,0.6036
2024-03-12 10:30:00,0.573
2024-03-12 10:40:00,0.678
2024-03-12 10:50:00,0.4692
2024-03-12 11:00:00,0.4877
2024-03-12 11:10:00,0.686
2024-03-12 11:20:00,0.8216
2024-03-12 11:30:00,0.6169
2024-03-12 11:40:00,0.6958
2024-03-12 11:50:00,0.734
2024-03-12 12:00:00,0.7449
2024-03-12 12:10:00,0.4773
2024-03-12 12:20:00,0.5037
2024-03-12 12:30:00,0.5168
2024-03-12 12:40:00,0.9096
2024-03-12 12:50:00,0.6966
2024-03-12 13:00:00,0.6898
2024-03-12 13:10:00,0.6753
2024-03-12 13:20:00,0.4223
2024-03-12 13:30:00,0.9113
2024-03-12 13:40:00,0.6926
2024-03-12 13:50:00,0.7294
2024-03-12 14:00:00,0.3565
2024-03-12 14:10:00,0.7389
2024-03-12 14:20:00,0.5693
2024-03-12 14:30:00,0.4256
2024-03-12 14:40:00,0.4828
2024-03-12 14:50:00,0.4388
2024-03-12 15:00:00,0.44
2024-03-12 15:10:00,0.6466
2024-03-12 15:20:00,0.5868
2024-03-12 15:30:00,0.7049
2024-03-12 15:40:00,0.9196
2024-03-12 15:50:00,0.6665
2024-03-12 16:00:00,0.3724
2024-03-12 16:10:00,0.7029
2024-03-12 16:20:00,0.9565
2024-03-12 16:30:00,0.8127
2024-03-12 16:40:00,1.1146
2024-03-12 16:50:00,1.0261
2024-03-12 17:00:00,0.7705
2024-03-12 17:10:00,1.1674
2024-03-12 17:20:00,1.3185
2024-03-12 17:30:00,1.5784
2024-03-12 17:40:00,1.8519
2024-03-12 17:50:00,1.8982
2024-03-12 18:00:00,2.0315
2024-03-12 18:10:00,2.2895
2024-03-12 18:20:00,2.4031
2024-03-12 18:30:00,2.4641
2024-03-12 18:40:00,2.9566
2024-03-12 18:50:00,3.2795
2024-03-12 19:00:00,3.3209
2024-03-12 19:10:00,3.9737
2024-03-12 19:20:00,4.1889
2024-03-12 19:30:00,4.0786
2024-03-12 19:40:00,4.7114
2024-03-12 19:50:00,4.6507
2024-03-12 20:00:00,4.7321
2024-03-12 20:10:00,5.1178
2024-03-12 20:20:00,5.0054
2024-03-12 20:30:00,5.3014
2024-03-12 20:40:00,4.8368
2024-03-12 20:50:00,4.5982
2024-03-12 21:00:00,4.6567
2024-03-12 21:10:00,4.6103
2024-03-12 21:20:00,4.1051
2024-03-12 21:30:00,3.7643
2024-03-12 21:40:00,3.6945
2024-03-12 21:50:00,3.1236
2024-03-12 22:00:00,3.0685
2024-03-12 22:10:00,2.6562
2024-03-12 22:20:00,2.4798
2024-03-12 22:30:00,1.9163
2024-03-12 22:40:00,2.0617
2024-03-12 22:50:00,1.6103
2024-03-12 23:00:00,1.5523
2024-03-12 23:10:00,1.4108
2024-03-12 23:20:00,0.9501
2024-03-12 23:30:00,1.1386
2024-03-12 23:40:00,0.6979
2024-03-12 23:50:00,0.6314
2024-03-13 00:00:00,0.8706
2024-03-13 00:10:00,0.7311
2024-03-13 00:20:00,0.8619
2024-03-13 00:30:00,0.4798
2024-03-13 00:40:00,0.5333
2024-03-13 00:50:00,0.5777
2024-03-13 01:00:00,0.4758
2024-03-13 01:10:00,0.3433
2024-03-13 01:20:00,0.2975
2024-03-13 01:30:00,0.44
2024-03-13 01:40:00,0.2239
2024-03-13 01:50:00,0.1964
2024-03-13 02:00:00,0.3977
2024-03-13 02:10:00,0.3043
2024-03-13 02:20:00,0.4417
2024-03-13 02:30:00,0.2231
2024-03-13 02:40:00,0.1891
2024-03-13 02:50:00,0.3333
2024-03-13 03:00:00,0.1457
2024-03-13 03:10:00,0.171
2024-03-13 03:20:00,0.1835
2024-03-13 03:30:00,0.2554
2024-03-13 03:40:00,0.567
2024-03-13 03:50:00,0.112
2024-03-13 04:00:00,0.533
2024-03-13 04:10:00,0.4713
2024-03-13 04:20:00,0.619
2024-03-13 04:30:00,0.8784
2024-03-13 04:40:00,0.6466
2024-03-13 04:50:00,0.5941
2024-03-13 05:00:00,0.2808
2024-03-13 05:10:00,0.3207
2024-03-13 05:20:00,0.5719
2024-03-13 05:30:00,0.2806
2024-03-13 05:40:00,0.6431
2024-03-13 05:50:00,0.2441
2024-03-13 06:00:00,0.7488
2024-03-13 06:10:00,0.5376
2024-03-13 06:20:00,0.6131
2024-03-13 06:30:00,0.4886
2024-03-13 06:40:00,0.3215
2024-03-13 06:50:00,0.7959
2024-03-13 07:00:00,0.8145
2024-03-13 07:10:00,0.564
2024-03-13 07:20:00,0.7181
2024-03-13 07:30:00,0.5617
2024-03-13 07:40:00,0.6647
2024-03-13 07:50:00,0.7362
2024-03-13 08:00:00,0.7062
2024-03-13 08:10:00,0.8245
2024-03-13 08:20:00,0.7015
2024-03-13 08:30:00,0.6281
2024-03-13 08:40:00,0.5098
2024-03-13 08:50:00,0.5523
2024-03-13 09:00:00,0.7457
2024-03-13 09:10:00,0.3989
2024-03-13 09:20:00,0.7901
2024-03-13 09:30:00,0.5821
2024-03-13 09:40:00,0.5015
2024-03-13 09:50:00,0.4595
2024-03-13 10:00:00,0.7254
2024-03-13 10:10:00,0.6221
2024-03-13 10:20:00,0.8626
2024-03-13 10:30:00,0.4348
2024-03-13 10:40:00,0.5376
2024-03-13 10:50:00,0.6105
2024-03-13 11:00:00,0.5115
2024-03-13 11:10:00,0.6252
2024-03-13 11:20:00,0.6722
2024-03-13 11:30:00,0.697
2024-03-13 11:40:00,0.8502
2024-03-13 11:50:00,0.4288
2024-03-13 12:00:00,0.675
2024-03-13 12:10:00,0.5273
2024-03-13 12:20:00,0.6888
2024-03-13 12:30:00,0.689
2024-03-13 12:40:00,0.4763
2024-03-13 12:50:00,0.4892
2024-03-13 13:00:00,0.7011
2024-03-13 13:10:00,0.6279
2024-03-13 13:20:00,0.5915
2024-03-13 13:30:00,0.7232
2024-03-13 13:40:00,0.7345
2024-03-13 13:50:00,0.5455
2024-03-13 14:00:00,0.4975
2024-03-13 14:10:00,0.4366
2024-03-13 14:20:00,0.6318
2024-03-13 14:30:00,0.4146
2024-03-13 14:40:00,0.6448
2024-03-13 14:50:00,0.8151
2024-03-13 15:00:00,0.5833
2024-03-13 15:10:00,0.5612
2024-03-13 15:20:00,0.9487
2024-03-13 15:30:00,0.8855
2024-03-13 15:40:00,0.5578
2024-03-13 15:50:00,0.7112
2024-03-13 16:00:00,0.763
2024-03-13 16:10:00,0.7745
2024-03-13 16:20:00,1.0547
2024-03-13 16:30:00,0.844
2024-03-13 16:40:00,0.9265
2024-03-13 16:50:00,1.0676
2024-03-13 17:00:00,1.2314
2024-03-13 17:10:00,1.2989
2024-03-13 17:20:00,1.3629
2024-03-13 17:30:00,1.1916
2024-03-13 17:40:00,1.5159
2024-03-13 17:50:00,1.8963
2024-03-13 18:00:00,2.0157
2024-03-13 18:10:00,2.3261
2024-03-13 18:20:00,2.727
2024-03-13 18:30:00,2.5243
2024-03-13 18:40:00,3.1401
2024-03-13 18:50:00,3.196
2024-03-13 19:00:00,3.6643
2024-03-13 19:10:00,3.7929
2024-03-13 19:20:00,4.3831
2024-03-13 19:30:00,4.3315
2024-03-13 19:40:00,4.4395
2024-03-13 19:50:00,4.7902
2024-03-13 20:00:00,4.9287
2024-03-13 20:10:00,5.1586
2024-03-13 20:20:00,5.1126
2024-03-13 20:30:00,5.4202
2024-03-13 20:40:00,4.98
2024-03-13 20:50:00,4.8743
2024-03-13 21:00:00,4.6385
2024-03-13 21:10:00,4.5338
2024-03-13 21:20:00,4.3062
2024-03-13 21:30:00,4.0316
2024-03-13 21:40:00,3.6939
2024-03-13 21:50:00,3.2732
2024-03-13 22:00:00,2.9097
2024-03-13 22:10:00,2.6685
2024-03-13 22:20:00,2.5924
2024-03-13 22:30:00,2.3411
2024-03-13 22:40:00,1.8674
2024-03-13 22:50:00,1.5071
2024-03-13 23:00:00,1.4348
2024-03-13 23:10:00,1.5887
2024-03-13 23:20:00,1.2808
2024-03-13 23:30:00,1.0953
2024-03-13 23:40:00,1.0619
2024-03-13 23:50:00,1.0734
2024-03-14 00:00:00,0.4068
2024-03-14 00:10:00,0.5092
2024-03-14 00:20:00,0.4751
2024-03-14 00:30:00,0.6269
2024-03-14 00:40:00,0.5453
2024-03-14 00:50:00,0.6153
2024-03-14 01:00:00,0.4047
2024-03-14 01:10:00,0.664
2024-03-14 01:20:00,0.4242
2024-03-14 01:30:00,0.5147
2024-03-14 01:40:00,0.5658
2024-03-14 01:50:00,0.5303
2024-03-14 02:00:00,0.3949
2024-03-14 02:10:00,0.4435
2024-03-14 02:20:00,0.5643
2024-03-14 02:30:00,0.3657
2024-03-14 02:40:00,0.1686
2024-03-14 02:50:00,0.3589
2024-03-14 03:00:00,0.2637
2024-03-14 03:10:00,0.05
2024-03-14 03:20:00,0.3473
2024-03-14 03:30:00,0.3062
2024-03-14 03:40:00,0.4765
2024-03-14 03:50:00,0.2081
2024-03-14 04:00:00,0.115
2024-03-14 04:10:00,0.3883
2024-03-14 04:20:00,0.4435
2024-03-14 04:30:00,0.4246
2024-03-14 04:40:00,0.4378
2024-03-14 04:50:00,0.2979
2024-03-14 05:00:00,0.4599
2024-03-14 05:10:00,0.4496
2024-03-14 05:20:00,0.6821
2024-03-14 05:30:00,0.5957
2024-03-14 05:40:00,0.5127
2024-03-14 05:50:00,0.8266
2024-03-14 06:00:00,0.5394
2024-03-14 06:10:00,0.6733
2024-03-14 06:20:00,0.5729
2024-03-14 06:30:00,0.8494
2024-03-14 06:40:00,0.6232
2024-03-14 06:50:00,0.6321
2024-03-14 07:00:00,0.5971
2024-03-14 07:10:00,0.6502
2024-03-14 07:20:00,0.8027
2024-03-14 07:30:00,0.7512
2024-03-14 07:40:00,0.6297
2024-03-14 07:50:00,0.8815
2024-03-14 08:00:00,0.7579
2024-03-14 08:10:00,0.5616
2024-03-14 08:20:00,0.4206
2024-03-14 08:30:00,0.5656
2024-03-14 08:40:00,0.69
2024-03-14 08:50:00,0.7177
2024-03-14 09:00:00,0.8321
2024-03-14 09:10:00,0.4641
2024-03-14 09:20:00,0.5624
2024-03-14 09:30:00,0.4516
2024-03-14 09:40:00,0.4275
2024-03-14 09:50:00,0.5341
2024-03-14 10:00:00,0.6833
2024-03-14 10:10:00,0.744
2024-03-14 10:20:00,0.4861
2024-03-14 10:30:00,0.5069
2024-03-14 10:40:00,0.3613
2024-03-14 10:50:00,0.6605
2024-03-14 11:00:00,0.5185
2024-03-14 11:10:00,0.8778
2024-03-14 11:20:00,0.6898
2024-03-14 11:30:00,0.6026
2024-03-14 11:40:00,0.5321
2024-03-14 11:50:00,0.4041
2024-03-14 12:00:00,0.4231
2024-03-14 12:10:00,0.535
2024-03-14 12:20:00,0.5235
2024-03-14 12:30:00,0.4784
2024-03-14 12:40:00,0.6849
2024-03-14 12:50:00,0.7055
2024-03-14 13:00:00,0.5596
2024-03-14 13:10:00,0.9187
2024-03-14 13:20:00,0.3665
2024-03-14 13:30:00,0.6373
2024-03-14 13:40:00,0.5959
2024-03-14 13:50:00,0.5464
2024-03-14 14:00:00,0.5247
2024-03-14 14:10:00,0.6289
2024-03-14 14:20:00,0.597
2024-03-14 14:30:00,0.5733
2024-03-14 14:40:00,0.4392
2024-03-14 14:50:00,0.3939
2024-03-14 15:00:00,0.5972
2024-03-14 15:10:00,0.5855
2024-03-14 15:20:00,0.6236
2024-03-14 15:30:00,0.647
2024-03-14 15:40:00,0.5984
2024-03-14 15:50:00,0.6629
2024-03-14 16:00:00,0.5903
2024-03-14 16:10:00,0.9773
2024-03-14 16:20:00,0.6675
2024-03-14 16:30:00,0.7806
2024-03-14 16:40:00,0.7881
2024-03-14 16:50:00,0.8595
2024-03-14 17:00:00,1.0634
2024-03-14 17:10:00,1.1505
2024-03-14 17:20:00,1.2215
2024-03-14 17:30:00,1.3921
2024-03-14 17:40:00,1.4914
2024-03-14 17:50:00,1.8451
2024-03-14 18:00:00,2.2991
2024-03-14 18:10:00,2.0851
2024-03-14 18:20:00,2.5188
2024-03-14 18:30:00,2.725
2024-03-14 18:40:00,3.0889
2024-03-14 18:50:00,3.371
2024-03-14 19:00:00,3.5776
2024-03-14 19:10:00,3.8176
2024-03-14 19:20:00,4.0251
2024-03-14 19:30:00,4.2251
2024-03-14 19:40:00,4.5502
2024-03-14 19:50:00,4.565
2024-03-14 20:00:00,4.8225
2024-03-14 20:10:00,5.1861
2024-03-14 20:20:00,5.0927
2024-03-14 20:30:00,5.2153
2024-03-14 20:40:00,5.2494
2024-03-14 20:50:00,4.8942
2024-03-14 21:00:00,4.7906
2024-03-14 21:10:00,4.5048
2024-03-14 21:20:00,4.1772
2024-03-14 21:30:00,3.8722
2024-03-14 21:40:00,3.834
2024-03-14 21:50:00,3.4177
2024-03-14 22:00:00,3.3385
2024-03-14 22:10:00,2.8881
2024-03-14 22:20:00,2.3271
2024-03-14 22:30:00,2.2774
2024-03-14 22:40:00,1.8453
2024-03-14 22:50:00,1.8415
2024-03-14 23:00:00,1.3834
2024-03-14 23:10:00,1.1254
2024-03-14 23:20:00,1.0189
2024-03-14 23:30:00,0.9076
2024-03-14 23:40:00,0.7974
2024-03-14 23:50:00,0.7619
2024-03-15 00:00:00,0.712
2024-03-15 00:10:00,0.8411
2024-03-15 00:20:00,0.3584
2024-03-15 00:30:00,0.7318
2024-03-15 00:40:00,0.4529
2024-03-15 00:50:00,0.5572
2024-03-15 01:00:00,0.2357
2024-03-15 01:10:00,0.5397
2024-03-15 01:20:00,0.1366
2024-03-15 01:30:00,0.4603
2024-03-15 01:40:00,0.4275
2024-03-15 01:50:00,0.394
2024-03-15 02:00:00,0.2328
2024-03-15 02:10:00,0.4051
2024-03-15 02:20:00,0.3637
2024-03-15 02:30:00,0.259
2024-03-15 02:40:00,0.3806
2024-03-15 02:50:00,0.2589
2024-03-15 03:00:00,0.3503
2024-03-15 03:10:00,0.2544
2024-03-15 03:20:00,0.3123
2024-03-15 03:30:00,0.3767
2024-03-15 03:40:00,0.2453
2024-03-15 03:50:00,0.1376
2024-03-15 04:00:00,0.3844
2024-03-15 04:10:00,0.5437
2024-03-15 04:20:00,0.4338
2024-03-15 04:30:00,0.4609
2024-03-15 04:40:00,0.4311
2024-03-15 04:50:00,0.572
2024-03-15 05:00:00,0.4559
2024-03-15 05:10:00,0.437
2024-03-15 05:20:00,0.6904
2024-03-15 05:30:00,0.4627
2024-03-15 05:40:00,0.6914
2024-03-15 05:50:00,0.7376
2024-03-15 06:00:00,0.6685
2024-03-15 06:10:00,0.4061
2024-03-15 06:20:00,0.6058
2024-03-15 06:30:00,0.5783
2024-03-15 06:40:00,0.5397
2024-03-15 06:50:00,0.64
2024-03-15 07:00:00,0.7374
2024-03-15 07:10:00,0.5559
2024-03-15 07:20:00,0.6011
2024-03-15 07:30:00,0.5922
2024-03-15 07:40:00,0.8041
2024-03-15 07:50:00,0.5918
2024-03-15 08:00:00,0.4458
2024-03-15 08:10:00,0.3954
2024-03-15 08:20:00,0.6861
2024-03-15 08:30:00,0.5178
2024-03-15 08:40:00,0.7324
2024-03-15 08:50:00,0.4325
2024-03-15 09:00:00,0.5514
2024-03-15 09:10:00,0.4327
2024-03-15 09:20:00,0.6975
2024-03-15 09:30:00,0.7297
2024-03-15 09:40:00,0.6831
2024-03-15 09:50:00,0.4695
2024-03-15 10:00:00,0.5205
2024-03-15 10:10:00,0.6675
2024-03-15 10:20:00,0.3792
2024-03-15 10:30:00,0.5962
2024-03-15 10:40:00,0.8599
2024-03-15 10:50:00,0.6054
2024-03-15 11:00:00,0.4091
2024-03-15 11:10:00,0.5412
2024-03-15 11:20:00,0.5378
2024-03-15 11:30:00,0.9534
2024-03-15 11:40:00,0.8822
2024-03-15 11:50:00,0.742
2024-03-15 12:00:00,0.5809
2024-03-15 12:10:00,0.8125
2024-03-15 12:20:00,0.4623
2024-03-15 12:30:00,0.7939
2024-03-15 12:40:00,0.7716
2024-03-15 12:50:00,0.6097
2024-03-15 13:00:00,0.8033
2024-03-15 13:10:00,0.5654
2024-03-15 13:20:00,0.4428
2024-03-15 13:30:00,0.7793
2024-03-15 13:40:00,0.62
2024-03-15 13:50:00,0.7233
2024-03-15 14:00:00,0.9065
2024-03-15 14:10:00,0.5257
2024-03-15 14:20:00,0.6134
2024-03-15 14:30:00,0.8716
2024-03-15 14:40:00,0.7384
2024-03-15 14:50:00,0.5358
2024-03-15 15:00:00,0.5013
2024-03-15 15:10:00,0.5707
2024-03-15 15:20:00,0.5466
2024-03-15 15:30:00,0.7031
2024-03-15 15:40:00,0.6929
2024-03-15 15:50:00,0.7411
2024-03-15 16:00:00,0.5968
2024-03-15 16:10:00,0.7429
2024-03-15 16:20:00,0.4842
2024-03-15 16:30:00,0.8634
2024-03-15 16:40:00,1.0787
2024-03-15 16:50:00,0.7631
2024-03-15 17:00:00,1.1391
2024-03-15 17:10:00,1.0817
2024-03-15 17:20:00,1.4191
2024-03-15 17:30:00,1.4677
2024-03-15 17:40:00,1.6703
2024-03-15 17:50:00,1.806
2024-03-15 18:00:00,2.2029
2024-03-15 18:10:00,2.2827
2024-03-15 18:20:00,2.3697
2024-03-15 18:30:00,2.7505
2024-03-15 18:40:00,2.9525
2024-03-15 18:50:00,3.3118
2024-03-15 19:00:00,3.5066
2024-03-15 19:10:00,3.7466
2024-03-15 19:20:00,4.1465
2024-03-15 19:30:00,4.3761
2024-03-15 19:40:00,4.7537
2024-03-15 19:50:00,4.7261
2024-03-15 20:00:00,4.6461
2024-03-15 20:10:00,4.9978
2024-03-15 20:20:00,4.8666
2024-03-15 20:30:00,5.1765
2024-03-15 20:40:00,4.8102
2024-03-15 20:50:00,4.8042
2024-03-15 21:00:00,4.7358
2024-03-15 21:10:00,4.8109
2024-03-15 21:20:00,4.1658
2024-03-15 21:30:00,4.0428
2024-03-15 21:40:00,3.8184
2024-03-15 21:50:00,3.6308
2024-03-15 22:00:00,3.1979
2024-03-15 22:10:00,2.9241
2024-03-15 22:20:00,2.5821
2024-03-15 22:30:00,1.9838
2024-03-15 22:40:00,1.9572
2024-03-15 22:50:00,1.7969
2024-03-15 23:00:00,1.3222
2024-03-15 23:10:00,1.2045
2024-03-15 23:20:00,1.0251
2024-03-15 23:30:00,1.1417
2024-03-15 23:40:00,0.919
2024-03-15 23:50:00,0.8051
2024-03-16 00:00:00,0.6886
2024-03-16 00:10:00,0.8529
2024-03-16 00:20:00,0.7572
2024-03-16 00:30:00,0.8551
2024-03-16 00:40:00,0.6205
2024-03-16 00:50:00,0.7891
2024-03-16 01:00:00,0.6645
2024-03-16 01:10:00,0.5088
2024-03-16 01:20:00,0.4613
2024-03-16 01:30:00,0.4472
2024-03-16 01:40:00,0.5562
2024-03-16 01:50:00,0.5697
2024-03-16 02:00:00,0.5583
2024-03-16 02:10:00,0.5333
2024-03-16 02:20:00,0.3467
2024-03-16 02:30:00,0.5974
2024-03-16 02:40:00,0.3561
2024-03-16 02:50:00,0.48
2024-03-16 03:00:00,0.3845
2024-03-16 03:10:00,0.4688
2024-03-16 03:20:00,0.3903
2024-03-16 03:30:00,0.4977
2024-03-16 03:40:00,0.4593
2024-03-16 03:50:00,0.6092
2024-03-16 04:00:00,0.395
2024-03-16 04:10:00,0.286
2024-03-16 04:20:00,0.4412
2024-03-16 04:30:00,0.7841
2024-03-16 04:40:00,0.6372
2024-03-16 04:50:00,0.71
2024-03-16 05:00:00,0.5723
2024-03-16 05:10:00,0.7723
2024-03-16 05:20:00,0.6385
2024-03-16 05:30:00,0.6872
2024-03-16 05:40:00,0.7819
2024-03-16 05:50:00,0.9298
2024-03-16 06:00:00,0.9636
2024-03-16 06:10:00,0.9827
2024-03-16 06:20:00,0.6702
2024-03-16 06:30:00,0.9178
2024-03-16 06:40:00,0.8976
2024-03-16 06:50:00,0.704
2024-03-16 07:00:00,0.9414
2024-03-16 07:10:00,0.9055
2024-03-16 07:20:00,1.023
2024-03-16 07:30:00,0.9608
2024-03-16 07:40:00,0.8679
2024-03-16 07:50:00,1.0905
2024-03-16 08:00:00,0.6193
2024-03-16 08:10:00,0.9435
2024-03-16 08:20:00,0.6892
2024-03-16 08:30:00,0.8171
2024-03-16 08:40:00,1.0329
2024-03-16 08:50:00,0.7632
2024-03-16 09:00:00,0.7409
2024-03-16 09:10:00,1.3118
2024-03-16 09:20:00,0.7507
2024-03-16 09:30:00,1.2022
2024-03-16 09:40:00,0.9288
2024-03-16 09:50:00,0.8759
2024-03-16 10:00:00,1.0396
2024-03-16 10:10:00,1.1551
2024-03-16 10:20:00,0.7827
2024-03-16 10:30:00,0.8781
2024-03-16 10:40:00,1.0817
2024-03-16 10:50:00,0.9978
2024-03-16 11:00:00,1.1199
2024-03-16 11:10:00,1.0319
2024-03-16 11:20:00,1.2259
2024-03-16 11:30:00,0.9814
2024-03-16 11:40:00,0.9879
2024-03-16 11:50:00,1.0029
2024-03-16 12:00:00,0.9333
2024-03-16 12:10:00,1.0818
2024-03-16 12:20:00,0.9902
2024-03-16 12:30:00,1.0729
2024-03-16 12:40:00,1.0963
2024-03-16 12:50:00,1.019
2024-03-16 13:00:00,1.03
2024-03-16 13:10:00,0.8032
2024-03-16 13:20:00,0.8723
2024-03-16 13:30:00,1.0815
2024-03-16 13:40:00,1.1688
2024-03-16 13:50:00,0.6646
2024-03-16 14:00:00,0.8711
2024-03-16 14:10:00,0.9607
2024-03-16 14:20:00,0.8265
2024-03-16 14:30:00,0.837
2024-03-16 14:40:00,1.0345
2024-03-16 14:50:00,1.2045
2024-03-16 15:00:00,0.6683
2024-03-16 15:10:00,0.9556
2024-03-16 15:20:00,1.0619
2024-03-16 15:30:00,1.1248
2024-03-16 15:40:00,1.0762
2024-03-16 15:50:00,1.3198
2024-03-16 16:00:00,1.0957
2024-03-16 16:10:00,1.3344
2024-03-16 16:20:00,1.0995
2024-03-16 16:30:00,1.2792
2024-03-16 16:40:00,1.1804
2024-03-16 16:50:00,1.6097
2024-03-16 17:00:00,1.592
2024-03-16 17:10:00,1.825
2024-03-16 17:20:00,1.9136
2024-03-16 17:30:00,2.2677
2024-03-16 17:40:00,2.4896
2024-03-16 17:50:00,2.5626
2024-03-16 18:00:00,2.8843
2024-03-16 18:10:00,3.3633
2024-03-16 18:20:00,3.8361
2024-03-16 18:30:00,4.4094
2024-03-16 18:40:00,4.5861
2024-03-16 18:50:00,5.114
2024-03-16 19:00:00,5.1468
2024-03-16 19:10:00,6.1113
2024-03-16 19:20:00,6.3054
2024-03-16 19:30:00,6.5863
2024-03-16 19:40:00,6.9108
2024-03-16 19:50:00,7.0626
2024-03-16 20:00:00,7.3392
2024-03-16 20:10:00,7.9138
2024-03-16 20:20:00,7.5667
2024-03-16 20:30:00,7.5693
2024-03-16 20:40:00,7.5354
2024-03-16 20:50:00,7.2967
2024-03-16 21:00:00,7.2337
2024-03-16 21:10:00,7.0765
2024-03-16 21:20:00,6.4403
2024-03-16 21:30:00,5.8944
2024-03-16 21:40:00,5.6768
2024-03-16 21:50:00,5.1367
2024-03-16 22:00:00,4.802
2024-03-16 22:10:00,4.0984
2024-03-16 22:20:00,3.6632
2024-03-16 22:30:00,3.2463
2024-03-16 22:40:00,2.8866
2024-03-16 22:50:00,2.4616
2024-03-16 23:00:00,2.1295
2024-03-16 23:10:00,1.6721
2024-03-16 23:20:00,1.6446
2024-03-16 23:30:00,1.6559
2024-03-16 23:40:00,1.5306
2024-03-16 23:50:00,1.2174
2024-03-17 00:00:00,1.0814
2024-03-17 00:10:00,0.8642
2024-03-17 00:20:00,0.647
2024-03-17 00:30:00,0.576
2024-03-17 00:40:00,0.9798
2024-03-17 00:50:00,0.7114
2024-03-17 01:00:00,0.5529
2024-03-17 01:10:00,0.3617
2024-03-17 01:20:00,0.6053
2024-03-17 01:30:00,0.6885
2024-03-17 01:40:00,0.4863
2024-03-17 01:50:00,0.3971
2024-03-17 02:00:00,0.4387
2024-03-17 02:10:00,0.6767
2024-03-17 02:20:00,0.2544
2024-03-17 02:30:00,0.3452
2024-03-17 02:40:00,0.6068
2024-03-17 02:50:00,0.4893
2024-03-17 03:00:00,0.4386
2024-03-17 03:10:00,0.3179
2024-03-17 03:20:00,0.4297
2024-03-17 03:30:00,0.3607
2024-03-17 03:40:00,0.3345
2024-03-17 03:50:00,0.3283
2024-03-17 04:00:00,0.6388
2024-03-17 04:10:00,0.546
2024-03-17 04:20:00,0.6381
2024-03-17 04:30:00,0.6505
2024-03-17 04:40:00,0.7308
2024-03-17 04:50:00,0.6624
2024-03-17 05:00:00,0.6628
2024-03-17 05:10:00,0.645
2024-03-17 05:20:00,0.5849
2024-03-17 05:30:00,0.6556
2024-03-17 05:40:00,0.7929
2024-03-17 05:50:00,0.6281
2024-03-17 06:00:00,0.6791
2024-03-17 06:10:00,1.0579
2024-03-17 06:20:00,0.9479
2024-03-17 06:30:00,0.8569
2024-03-17 06:40:00,1.2738
2024-03-17 06:50:00,0.6926
2024-03-17 07:00:00,1.0914
2024-03-17 07:10:00,0.9324
2024-03-17 07:20:00,1.0701
2024-03-17 07:30:00,0.971
2024-03-17 07:40:00,0.6756
2024-03-17 07:50:00,0.972
2024-03-17 08:00:00,1.009
2024-03-17 08:10:00,0.6305
2024-03-17 08:20:00,1.2514
2024-03-17 08:30:00,1.0068
2024-03-17 08:40:00,1.0611
2024-03-17 08:50:00,0.7856
2024-03-17 09:00:00,1.0642
2024-03-17 09:10:00,1.1241
2024-03-17 09:20:00,0.9987
2024-03-17 09:30:00,0.9593
2024-03-17 09:40:00,0.8267
2024-03-17 09:50:00,0.9283
2024-03-17 10:00:00,0.8839
2024-03-17 10:10:00,1.0465
2024-03-17 10:20:00,0.8333
2024-03-17 10:30:00,1.0454
2024-03-17 10:40:00,0.8349
2024-03-17 10:50:00,0.9214
2024-03-17 11:00:00,1.0532
2024-03-17 11:10:00,0.8552
2024-03-17 11:20:00,1.0583
2024-03-17 11:30:00,1.0437
2024-03-17 11:40:00,0.9201
2024-03-17 11:50:00,1.135
2024-03-17 12:00:00,0.9724
2024-03-17 12:10:00,1.1261
2024-03-17 12:20:00,1.2298
2024-03-17 12:30:00,0.9246
2024-03-17 12:40:00,1.0575
2024-03-17 12:50:00,0.8652
2024-03-17 13:00:00,0.8059
2024-03-17 13:10:00,0.9316
2024-03-17 13:20:00,0.7566
2024-03-17 13:30:00,0.8205
2024-03-17 13:40:00,1.0501
2024-03-17 13:50:00,0.8847
2024-03-17 14:00:00,1.0689
2024-03-17 14:10:00,1.0082
2024-03-17 14:20:00,1.2423
2024-03-17 14:30:00,1.0452
2024-03-17 14:40:00,1.1365
2024-03-17 14:50:00,1.0338
2024-03-17 15:00:00,1.026
2024-03-17 15:10:00,1.1622
2024-03-17 15:20:00,1.0991
2024-03-17 15:30:00,1.0457
2024-03-17 15:40:00,1.0657
2024-03-17 15:50:00,1.1431
2024-03-17 16:00:00,0.9977
2024-03-17 16:10:00,1.0378
2024-03-17 16:20:00,1.418
2024-03-17 16:30:00,1.5583
2024-03-17 16:40:00,1.2317
2024-03-17 16:50:00,1.3837
2024-03-17 17:00:00,1.7918
2024-03-17 17:10:00,1.8627
2024-03-17 17:20:00,2.0746
2024-03-17 17:30:00,2.3282
2024-03-17 17:40:00,2.4094
2024-03-17 17:50:00,2.7787
2024-03-17 18:00:00,3.082
2024-03-17 18:10:00,3.2603
2024-03-17 18:20:00,3.8084
2024-03-17 18:30:00,4.3421
2024-03-17 18:40:00,4.5197
2024-03-17 18:50:00,5.0176
2024-03-17 19:00:00,5.4543
2024-03-17 19:10:00,5.8039
2024-03-17 19:20:00,6.356
2024-03-17 19:30:00,6.534
2024-03-17 19:40:00,7.1799
2024-03-17 19:50:00,7.3689
2024-03-17 20:00:00,7.3698
2024-03-17 20:10:00,7.9308
2024-03-17 20:20:00,7.7898
2024-03-17 20:30:00,7.6616
2024-03-17 20:40:00,7.8554
2024-03-17 20:50:00,7.5986
2024-03-17 21:00:00,7.012
2024-03-17 21:10:00,6.8786
2024-03-17 21:20:00,6.6156
2024-03-17 21:30:00,5.8155
2024-03-17 21:40:00,5.6819
2024-03-17 21:50:00,5.2018
2024-03-17 22:00:00,4.5039
2024-03-17 22:10:00,4.2339
2024-03-17 22:20:00,3.7271
2024-03-17 22:30:00,3.111
2024-03-17 22:40:00,3.0296
2024-03-17 22:50:00,2.6624
2024-03-17 23:00:00,2.1834
2024-03-17 23:10:00,1.9324
2024-03-17 23:20:00,1.8494
2024-03-17 23:30:00,1.5284
2024-03-17 23:40:00,1.1224
2024-03-17 23:50:00,1.3693
2024-03-18 00:00:00,0.4728
2024-03-18 00:10:00,0.5243
2024-03-18 00:20:00,0.7874
2024-03-18 00:30:00,0.5327
2024-03-18 00:40:00,0.535
2024-03-18 00:50:00,0.5913
2024-03-18 01:00:00,0.569
2024-03-18 01:10:00,0.3322
2024-03-18 01:20:00,0.4369
2024-03-18 01:30:00,0.4266
2024-03-18 01:40:00,0.4373
2024-03-18 01:50:00,0.4158
2024-03-18 02:00:00,0.7378
2024-03-18 02:10:00,0.1526
2024-03-18 02:20:00,0.4579
2024-03-18 02:30:00,0.4737
2024-03-18 02:40:00,0.3592
2024-03-18 02:50:00,0.181
2024-03-18 03:00:00,0.526
2024-03-18 03:10:00,0.05
2024-03-18 03:20:00,0.1828
2024-03-18 03:30:00,0.4719
2024-03-18 03:40:00,0.2554
2024-03-18 03:50:00,0.5684
2024-03-18 04:00:00,0.1229
2024-03-18 04:10:00,0.2056
2024-03-18 04:20:00,0.3167
2024-03-18 04:30:00,0.4838
2024-03-18 04:40:00,0.4126
2024-03-18 04:50:00,0.3965
2024-03-18 05:00:00,0.7062
2024-03-18 05:10:00,0.7418
2024-03-18 05:20:00,0.4726
2024-03-18 05:30:00,0.2963
2024-03-18 05:40:00,0.2451
2024-03-18 05:50:00,0.6186
2024-03-18 06:00:00,0.6931
2024-03-18 06:10:00,0.6144
2024-03-18 06:20:00,0.6028
2024-03-18 06:30:00,0.4997
2024-03-18 06:40:00,0.7243
2024-03-18 06:50:00,0.8823
2024-03-18 07:00:00,0.3015
2024-03-18 07:10:00,0.6252
2024-03-18 07:20:00,0.4934
2024-03-18 07:30:00,0.4169
2024-03-18 07:40:00,0.4722
2024-03-18 07:50:00,0.6995
2024-03-18 08:00:00,0.7039
2024-03-18 08:10:00,0.8627
2024-03-18 08:20:00,0.6453
2024-03-18 08:30:00,0.3804
2024-03-18 08:40:00,0.6086
2024-03-18 08:50:00,0.4365
2024-03-18 09:00:00,0.4635
2024-03-18 09:10:00,0.7316
2024-03-18 09:20:00,0.6737
2024-03-18 09:30:00,0.7327
2024-03-18 09:40:00,0.591
2024-03-18 09:50:00,0.7632
2024-03-18 10:00:00,0.5826
2024-03-18 10:10:00,0.8121
2024-03-18 10:20:00,0.6963
2024-03-18 10:30:00,0.6136
2024-03-18 10:40:00,0.6764
2024-03-18 10:50:00,0.6419
2024-03-18 11:00:00,0.884
2024-03-18 11:10:00,0.6814
2024-03-18 11:20:00,0.6444
2024-03-18 11:30:00,0.6088
2024-03-18 11:40:00,0.7711
2024-03-18 11:50:00,0.7508
2024-03-18 12:00:00,0.6035
2024-03-18 12:10:00,0.4713
2024-03-18 12:20:00,0.5093
2024-03-18 12:30:00,0.617
2024-03-18 12:40:00,0.847
2024-03-18 12:50:00,0.6071
2024-03-18 13:00:00,0.5555
2024-03-18 13:10:00,0.3806
2024-03-18 13:20:00,0.8718
2024-03-18 13:30:00,0.7302
2024-03-18 13:40:00,0.7644
2024-03-18 13:50:00,0.7895
2024-03-18 14:00:00,0.621
2024-03-18 14:10:00,0.659
2024-03-18 14:20:00,0.8705
2024-03-18 14:30:00,0.6754
2024-03-18 14:40:00,0.7385
2024-03-18 14:50:00,0.7837
2024-03-18 15:00:00,0.7535
2024-03-18 15:10:00,0.6433
2024-03-18 15:20:00,0.665
2024-03-18 15:30:00,0.7971
2024-03-18 15:40:00,0.8107
2024-03-18 15:50:00,0.888
2024-03-18 16:00:00,0.8196
2024-03-18 16:10:00,0.8576
2024-03-18 16:20:00,0.741
2024-03-18 16:30:00,0.7707
2024-03-18 16:40:00,1.037
2024-03-18 16:50:00,0.9096
2024-03-18 17:00:00,1.0841
2024-03-18 17:10:00,1.4029
2024-03-18 17:20:00,1.5069
2024-03-18 17:30:00,1.5171
2024-03-18 17:40:00,1.5964
2024-03-18 17:50:00,1.8126
2024-03-18 18:00:00,2.1726
2024-03-18 18:10:00,2.2683
2024-03-18 18:20:00,2.4397
2024-03-18 18:30:00,2.971
2024-03-18 18:40:00,3.0933
2024-03-18 18:50:00,3.2645
2024-03-18 19:00:00,3.7105
2024-03-18 19:10:00,4.0684
2024-03-18 19:20:00,4.0452
2024-03-18 19:30:00,4.4222
2024-03-18 19:40:00,4.6461
2024-03-18 19:50:00,4.9489
2024-03-18 20:00:00,5.1337
2024-03-18 20:10:00,5.0675
2024-03-18 20:20:00,4.9856
2024-03-18 20:30:00,5.3679
2024-03-18 20:40:00,4.9913
2024-03-18 20:50:00,5.089
2024-03-18 21:00:00,4.8631
2024-03-18 21:10:00,4.6924
2024-03-18 21:20:00,4.6582
2024-03-18 21:30:00,4.5749
2024-03-18 21:40:00,3.5586
2024-03-18 21:50:00,3.6217
2024-03-18 22:00:00,3.1175
2024-03-18 22:10:00,2.9706
2024-03-18 22:20:00,2.6435
2024-03-18 22:30:00,2.4186
2024-03-18 22:40:00,1.9829
2024-03-18 22:50:00,1.5685
2024-03-18 23:00:00,1.6332
2024-03-18 23:10:00,1.3342
2024-03-18 23:20:00,1.1327
2024-03-18 23:30:00,0.9742
2024-03-18 23:40:00,1.0983
2024-03-18 23:50:00,1.1102
2024-03-19 00:00:00,0.4192
2024-03-19 00:10:00,0.6797
2024-03-19 00:20:00,0.5165
2024-03-19 00:30:00,0.3362
2024-03-19 00:40:00,0.5603
2024-03-19 00:50:00,0.3931
2024-03-19 01:00:00,0.2597
2024-03-19 01:10:00,0.3558
2024-03-19 01:20:00,0.2946
2024-03-19 01:30:00,0.3269
2024-03-19 01:40:00,0.2001
2024-03-19 01:50:00,0.3155
2024-03-19 02:00:00,0.2449
2024-03-19 02:10:00,0.3874
2024-03-19 02:20:00,0.4019
2024-03-19 02:30:00,0.3371
2024-03-19 02:40:00,0.2517
2024-03-19 02:50:00,0.2409
2024-03-19 03:00:00,0.1525
2024-03-19 03:10:00,0.1584
2024-03-19 03:20:00,0.3926
2024-03-19 03:30:00,0.05
2024-03-19 03:40:00,0.3008
2024-03-19 03:50:00,0.2825
2024-03-19 04:00:00,0.4418
2024-03-19 04:10:00,0.161
2024-03-19 04:20:00,0.4009
2024-03-19 04:30:00,0.4753
2024-03-19 04:40:00,0.1631
2024-03-19 04:50:00,0.3119
2024-03-19 05:00:00,0.4826
2024-03-19 05:10:00,0.5952
2024-03-19 05:20:00,0.5655
2024-03-19 05:30:00,0.6404
2024-03-19 05:40:00,0.4105
2024-03-19 05:50:00,0.3481
2024-03-19 06:00:00,0.6112
2024-03-19 06:10:00,0.4244
2024-03-19 06:20:00,0.4875
2024-03-19 06:30:00,0.7642
2024-03-19 06:40:00,0.6584
2024-03-19 06:50:00,0.5493
2024-03-19 07:00:00,0.5334
2024-03-19 07:10:00,0.734
2024-03-19 07:20:00,0.6748
2024-03-19 07:30:00,0.4624
2024-03-19 07:40:00,0.3536
2024-03-19 07:50:00,0.9289
2024-03-19 08:00:00,0.4639
2024-03-19 08:10:00,0.7269
2024-03-19 08:20:00,0.8747
2024-03-19 08:30:00,0.6704
2024-03-19 08:40:00,0.5584
2024-03-19 08:50:00,0.4346
2024-03-19 09:00:00,0.4326
2024-03-19 09:10:00,0.7051
2024-03-19 09:20:00,0.8663
2024-03-19 09:30:00,0.5894
2024-03-19 09:40:00,0.5653
2024-03-19 09:50:00,0.7533
2024-03-19 10:00:00,0.5458
2024-03-19 10:10:00,0.6899
2024-03-19 10:20:00,0.655
2024-03-19 10:30:00,0.5873
2024-03-19 10:40:00,0.6464
2024-03-19 10:50:00,0.9132
2024-03-19 11:00:00,0.7394
2024-03-19 11:10:00,0.8126
2024-03-19 11:20:00,0.5109
2024-03-19 11:30:00,0.8131
2024-03-19 11:40:00,0.7446
2024-03-19 11:50:00,0.4238
2024-03-19 12:00:00,0.7297
2024-03-19 12:10:00,0.5717
2024-03-19 12:20:00,0.4169
2024-03-19 12:30:00,0.6682
2024-03-19 12:40:00,0.7296
2024-03-19 12:50:00,0.6715
2024-03-19 13:00:00,0.6324
2024-03-19 13:10:00,0.5992
2024-03-19 13:20:00,1.0189
2024-03-19 13:30:00,0.4716
2024-03-19 13:40:00,0.7801
2024-03-19 13:50:00,0.6517
2024-03-19 14:00:00,0.5216
2024-03-19 14:10:00,0.6431
2024-03-19 14:20:00,0.4424
2024-03-19 14:30:00,0.5633
2024-03-19 14:40:00,0.6475
2024-03-19 14:50:00,0.4247
2024-03-19 15:00:00,0.7372
2024-03-19 15:10:00,0.5222
2024-03-19 15:20:00,0.4566
2024-03-19 15:30:00,0.5227
2024-03-19 15:40:00,1.0252
2024-03-19 15:50:00,0.4206
2024-03-19 16:00:00,0.8071
2024-03-19 16:10:00,0.6603
2024-03-19 16:20:00,0.7606
2024-03-19 16:30:00,0.954
2024-03-19 16:40:00,1.009
2024-03-19 16:50:00,0.9
2024-03-19 17:00:00,0.8905
2024-03-19 17:10:00,1.297
2024-03-19 17:20:00,1.4152
2024-03-19 17:30:00,1.4385
2024-03-19 17:40:00,1.7176
2024-03-19 17:50:00,1.7759
2024-03-19 18:00:00,1.9314
2024-03-19 18:10:00,2.2889
2024-03-19 18:20:00,2.6174
2024-03-19 18:30:00,2.8529
2024-03-19 18:40:00,3.162
2024-03-19 18:50:00,3.2584
2024-03-19 19:00:00,3.8992
2024-03-19 19:10:00,3.8964
2024-03-19 19:20:00,4.2053
2024-03-19 19:30:00,4.283
2024-03-19 19:40:00,4.6839
2024-03-19 19:50:00,4.9921
2024-03-19 20:00:00,5.1855
2024-03-19 20:10:00,5.4174
2024-03-19 20:20:00,5.3208
2024-03-19 20:30:00,5.288
2024-03-19 20:40:00,5.1253
2024-03-19 20:50:00,4.9813
2024-03-19 21:00:00,5.0597
2024-03-19 21:10:00,4.8405
2024-03-19 21:20:00,4.2772
2024-03-19 21:30:00,4.254
2024-03-19 21:40:00,3.9255
2024-03-19 21:50:00,3.3293
2024-03-19 22:00:00,3.242
2024-03-19 22:10:00,2.6739
2024-03-19 22:20:00,2.1515
2024-03-19 22:30:00,2.1972
2024-03-19 22:40:00,1.9912
2024-03-19 22:50:00,1.6956
2024-03-19 23:00:00,1.9337
2024-03-19 23:10:00,1.3817
2024-03-19 23:20:00,1.1973
2024-03-19 23:30:00,1.1168
2024-03-19 23:40:00,0.8872
2024-03-19 23:50:00,1.0147
2024-03-20 00:00:00,0.6565
2024-03-20 00:10:00,0.6375
2024-03-20 00:20:00,0.4824
2024-03-20 00:30:00,0.3252
2024-03-20 00:40:00,0.4664
2024-03-20 00:50:00,0.5638
2024-03-20 01:00:00,0.4328
2024-03-20 01:10:00,0.5198
2024-03-20 01:20:00,0.4168
2024-03-20 01:30:00,0.4912
2024-03-20 01:40:00,0.255
2024-03-20 01:50:00,0.4061
2024-03-20 02:00:00,0.258
2024-03-20 02:10:00,0.1024
2024-03-20 02:20:00,0.2901
2024-03-20 02:30:00,0.5304
2024-03-20 02:40:00,0.0701
2024-03-20 02:50:00,0.3
2024-03-20 03:00:00,0.3994
2024-03-20 03:10:00,0.6271
2024-03-20 03:20:00,0.215
2024-03-20 03:30:00,0.2052
2024-03-20 03:40:00,0.1399
2024-03-20 03:50:00,0.5042
2024-03-20 04:00:00,0.224
2024-03-20 04:10:00,0.3216
2024-03-20 04:20:00,0.1242
2024-03-20 04:30:00,0.5592
2024-03-20 04:40:00,0.6254
2024-03-20 04:50:00,0.603
2024-03-20 05:00:00,0.2587
2024-03-20 05:10:00,0.6125
2024-03-20 05:20:00,0.2907
2024-03-20 05:30:00,0.5685
2024-03-20 05:40:00,0.6068
2024-03-20 05:50:00,0.6367
2024-03-20 06:00:00,0.6826
2024-03-20 06:10:00,0.6115
2024-03-20 06:20:00,0.3269
2024-03-20 06:30:00,0.7086
2024-03-20 06:40:00,0.6487
2024-03-20 06:50:00,0.5032
2024-03-20 07:00:00,0.4068
2024-03-20 07:10:00,0.876
2024-03-20 07:20:00,0.8318
2024-03-20 07:30:00,0.7546
2024-03-20 07:40:00,0.5485
2024-03-20 07:50:00,0.2732
2024-03-20 08:00:00,0.7661
2024-03-20 08:10:00,0.7069
2024-03-20 08:20:00,0.596
2024-03-20 08:30:00,0.8211
2024-03-20 08:40:00,0.7798
2024-03-20 08:50:00,0.6791
2024-03-20 09:00:00,0.658
2024-03-20 09:10:00,0.6604
2024-03-20 09:20:00,0.7548
2024-03-20 09:30:00,0.5242
2024-03-20 09:40:00,0.7167
2024-03-20 09:50:00,0.5147
2024-03-20 10:00:00,0.8533
2024-03-20 10:10:00,0.7327
2024-03-20 10:20:00,0.5496
2024-03-20 10:30:00,0.6649
2024-03-20 10:40:00,0.5248
2024-03-20 10:50:00,0.8785
2024-03-20 11:00:00,0.8963
2024-03-20 11:10:00,0.7573
2024-03-20 11:20:00,0.8863
2024-03-20 11:30:00,0.6756
2024-03-20 11:40:00,0.7674
2024-03-20 11:50:00,0.8366
2024-03-20 12:00:00,0.652
2024-03-20 12:10:00,0.6635
2024-03-20 12:20:00,0.7929
2024-03-20 12:30:00,0.7498
2024-03-20 12:40:00,0.5396
2024-03-20 12:50:00,0.3249
2024-03-20 13:00:00,0.6266
2024-03-20 13:10:00,0.3384
2024-03-20 13:20:00,0.5044
2024-03-20 13:30:00,0.522
2024-03-20 13:40:00,0.568
2024-03-20 13:50:00,0.7766
2024-03-20 14:00:00,0.8096
2024-03-20 14:10:00,0.7309
2024-03-20 14:20:00,0.7503
2024-03-20 14:30:00,0.7552
2024-03-20 14:40:00,0.2842
2024-03-20 14:50:00,0.663
2024-03-20 15:00:00,0.396
2024-03-20 15:10:00,0.7474
2024-03-20 15:20:00,0.3647
2024-03-20 15:30:00,0.6621
2024-03-20 15:40:00,0.7854
2024-03-20 15:50:00,0.5543
2024-03-20 16:00:00,0.8906
2024-03-20 16:10:00,0.854
2024-03-20 16:20:00,0.8754
2024-03-20 16:30:00,0.9736
2024-03-20 16:40:00,0.8778
2024-03-20 16:50:00,1.0312
2024-03-20 17:00:00,1.1026
2024-03-20 17:10:00,1.2095
2024-03-20 17:20:00,1.24
2024-03-20 17:30:00,1.3043
2024-03-20 17:40:00,1.6113
2024-03-20 17:50:00,1.7957
2024-03-20 18:00:00,1.9581
2024-03-20 18:10:00,2.4307
2024-03-20 18:20:00,2.3799
2024-03-20 18:30:00,2.7986
2024-03-20 18:40:00,3.2802
2024-03-20 18:50:00,3.5304
2024-03-20 19:00:00,3.8677
2024-03-20 19:10:00,3.8842
2024-03-20 19:20:00,4.3676
2024-03-20 19:30:00,4.3498
2024-03-20 19:40:00,4.7016
2024-03-20 19:50:00,4.9162
2024-03-20 20:00:00,5.017
2024-03-20 20:10:00,5.1618
2024-03-20 20:20:00,5.2022
2024-03-20 20:30:00,5.1325
2024-03-20 20:40:00,5.3538
2024-03-20 20:50:00,5.0856
2024-03-20 21:00:00,4.9756
2024-03-20 21:10:00,4.7523
2024-03-20 21:20:00,4.4752
2024-03-20 21:30:00,4.1858
2024-03-20 21:40:00,3.8065
2024-03-20 21:50:00,3.7314
2024-03-20 22:00:00,3.2952
2024-03-20 22:10:00,2.8522
2024-03-20 22:20:00,2.4648
2024-03-20 22:30:00,2.2176
2024-03-20 22:40:00,2.0276
2024-03-20 22:50:00,1.9487
2024-03-20 23:00:00,1.3073
2024-03-20 23:10:00,1.4323
2024-03-20 23:20:00,1.3517
2024-03-20 23:30:00,0.836
2024-03-20 23:40:00,0.9323
2024-03-20 23:50:00,0.7212
2024-03-21 00:00:00,0.6708
2024-03-21 00:10:00,0.5402
2024-03-21 00:20:00,0.5602
2024-03-21 00:30:00,0.5017
2024-03-21 00:40:00,0.6531
2024-03-21 00:50:00,0.5591
2024-03-21 01:00:00,0.5373
2024-03-21 01:10:00,0.5032
2024-03-21 01:20:00,0.5404
2024-03-21 01:30:00,0.39
2024-03-21 01:40:00,0.6592
2024-03-21 01:50:00,0.1943
2024-03-21 02:00:00,0.0975
2024-03-21 02:10:00,0.064
2024-03-21 02:20:00,0.05
2024-03-21 02:30:00,0.4028
2024-03-21 02:40:00,0.3734
2024-03-21 02:50:00,0.465
2024-03-21 03:00:00,0.1231
2024-03-21 03:10:00,0.3957
2024-03-21 03:20:00,0.2992
2024-03-21 03:30:00,0.3268
2024-03-21 03:40:00,0.4107
2024-03-21 03:50:00,0.2218
2024-03-21 04:00:00,0.7445
2024-03-21 04:10:00,0.5793
2024-03-21 04:20:00,0.3243
2024-03-21 04:30:00,0.2657
2024-03-21 04:40:00,0.4413
2024-03-21 04:50:00,0.5064
2024-03-21 05:00:00,0.6625
2024-03-21 05:10:00,0.3494
2024-03-21 05:20:00,0.5879
2024-03-21 05:30:00,0.334
2024-03-21 05:40:00,0.6451
2024-03-21 05:50:00,0.5778
2024-03-21 06:00:00,0.8967
2024-03-21 06:10:00,0.3847
2024-03-21 06:20:00,0.8308
2024-03-21 06:30:00,0.3767
2024-03-21 06:40:00,0.439
2024-03-21 06:50:00,0.3911
2024-03-21 07:00:00,0.6838
2024-03-21 07:10:00,0.473
2024-03-21 07:20:00,0.449
2024-03-21 07:30:00,0.6832
2024-03-21 07:40:00,0.7218
2024-03-21 07:50:00,0.6609
2024-03-21 08:00:00,0.6312
2024-03-21 08:10:00,0.9303
2024-03-21 08:20:00,0.6782
2024-03-21 08:30:00,0.7774
2024-03-21 08:40:00,0.6781
2024-03-21 08:50:00,0.4921
2024-03-21 09:00:00,0.7394
2024-03-21 09:10:00,0.5585
2024-03-21 09:20:00,0.6433
2024-03-21 09:30:00,0.7028
2024-03-21 09:40:00,0.3658
2024-03-21 09:50:00,0.4156
2024-03-21 10:00:00,0.7934
2024-03-21 10:10:00,0.5574
2024-03-21 10:20:00,0.5645
2024-03-21 10:30:00,0.682
2024-03-21 10:40:00,0.5991
2024-03-21 10:50:00,0.7196
2024-03-21 11:00:00,0.6493
2024-03-21 11:10:00,0.6868
2024-03-21 11:20:00,0.5517
2024-03-21 11:30:00,0.686
2024-03-21 11:40:00,0.8228
2024-03-21 11:50:00,0.5718
2024-03-21 12:00:00,0.7943
2024-03-21 12:10:00,0.6493
2024-03-21 12:20:00,0.7672
2024-03-21 12:30:00,0.6763
2024-03-21 12:40:00,0.652
2024-03-21 12:50:00,0.7095
2024-03-21 13:00:00,0.8391
2024-03-21 13:10:00,0.6925
2024-03-21 13:20:00,0.7289
2024-03-21 13:30:00,0.602
2024-03-21 13:40:00,0.8931
2024-03-21 13:50:00,0.7537
2024-03-21 14:00:00,0.6698
2024-03-21 14:10:00,0.6403
2024-03-21 14:20:00,0.8063
2024-03-21 14:30:00,0.57
2024-03-21 14:40:00,0.3955
2024-03-21 14:50:00,0.6766
2024-03-21 15:00:00,0.8482
2024-03-21 15:10:00,0.914
2024-03-21 15:20:00,0.6669
2024-03-21 15:30:00,0.7001
2024-03-21 15:40:00,0.7856
2024-03-21 15:50:00,0.6868
2024-03-21 16:00:00,0.8286
2024-03-21 16:10:00,0.7701
2024-03-21 16:20:00,0.9752
2024-03-21 16:30:00,0.9829
2024-03-21 16:40:00,1.0591
2024-03-21 16:50:00,0.9841
2024-03-21 17:00:00,1.397
2024-03-21 17:10:00,1.2916
2024-03-21 17:20:00,1.3864
2024-03-21 17:30:00,1.386
2024-03-21 17:40:00,1.6578
2024-03-21 17:50:00,1.8835
2024-03-21 18:00:00,1.9636
2024-03-21 18:10:00,2.2737
2024-03-21 18:20:00,2.5471
2024-03-21 18:30:00,2.8507
2024-03-21 18:40:00,2.8606
2024-03-21 18:50:00,3.3953
2024-03-21 19:00:00,3.6521
2024-03-21 19:10:00,3.995
2024-03-21 19:20:00,4.4323
2024-03-21 19:30:00,4.8458
2024-03-21 19:40:00,4.8749
2024-03-21 19:50:00,4.7897
2024-03-21 20:00:00,5.084
2024-03-21 20:10:00,5.3386
2024-03-21 20:20:00,5.3822
2024-03-21 20:30:00,5.4615
2024-03-21 20:40:00,5.2439
2024-03-21 20:50:00,5.0909
2024-03-21 21:00:00,5.2397
2024-03-21 21:10:00,4.7666
2024-03-21 21:20:00,4.3429
2024-03-21 21:30:00,4.4197
2024-03-21 21:40:00,3.6523
2024-03-21 21:50:00,3.0167
2024-03-21 22:00:00,3.3167
2024-03-21 22:10:00,3.0041
2024-03-21 22:20:00,2.6101
2024-03-21 22:30:00,2.0542
2024-03-21 22:40:00,1.9686
2024-03-21 22:50:00,1.6929
2024-03-21 23:00:00,1.4422
2024-03-21 23:10:00,1.5536
2024-03-21 23:20:00,1.0332
2024-03-21 23:30:00,1.1132
2024-03-21 23:40:00,1.1447
2024-03-21 23:50:00,0.9437
2024-03-22 00:00:00,0.7962
2024-03-22 00:10:00,0.6822
2024-03-22 00:20:00,0.6478
2024-03-22 00:30:00,0.622
2024-03-22 00:40:00,0.6405
2024-03-22 00:50:00,0.4702
2024-03-22 01:00:00,0.3106
2024-03-22 01:10:00,0.6252
2024-03-22 01:20:00,0.6316
2024-03-22 01:30:00,0.4698
2024-03-22 01:40:00,0.3244
2024-03-22 01:50:00,0.1483
2024-03-22 02:00:00,0.3715
2024-03-22 02:10:00,0.135
2024-03-22 02:20:00,0.0955
2024-03-22 02:30:00,0.3007
2024-03-22 02:40:00,0.178
2024-03-22 02:50:00,0.3375
2024-03-22 03:00:00,0.2595
2024-03-22 03:10:00,0.1947
2024-03-22 03:20:00,0.05
2024-03-22 03:30:00,0.1758
2024-03-22 03:40:00,0.1965
2024-03-22 03:50:00,0.1536
2024-03-22 04:00:00,0.3093
2024-03-22 04:10:00,0.2099
2024-03-22 04:20:00,0.3821
2024-03-22 04:30:00,0.4681
2024-03-22 04:40:00,0.3334
2024-03-22 04:50:00,0.546
2024-03-22 05:00:00,0.3016
2024-03-22 05:10:00,0.3612
2024-03-22 05:20:00,0.5315
2024-03-22 05:30:00,0.67
2024-03-22 05:40:00,0.7135
2024-03-22 05:50:00,0.8396
2024-03-22 06:00:00,0.5535
2024-03-22 06:10:00,0.6013
2024-03-22 06:20:00,0.4743
2024-03-22 06:30:00,0.4483
2024-03-22 06:40:00,0.6764
2024-03-22 06:50:00,0.5303
2024-03-22 07:00:00,0.8352
2024-03-22 07:10:00,0.4338
2024-03-22 07:20:00,0.7283
2024-03-22 07:30:00,0.5061
2024-03-22 07:40:00,0.5351
2024-03-22 07:50:00,0.7399
2024-03-22 08:00:00,0.5583
2024-03-22 08:10:00,0.5828
2024-03-22 08:20:00,0.5386
2024-03-22 08:30:00,0.9285
2024-03-22 08:40:00,0.5682
2024-03-22 08:50:00,0.6687
2024-03-22 09:00:00,0.6307
2024-03-22 09:10:00,0.6943
2024-03-22 09:20:00,0.5689
2024-03-22 09:30:00,0.631
2024-03-22 09:40:00,0.7202
2024-03-22 09:50:00,0.5317
2024-03-22 10:00:00,0.8245
2024-03-22 10:10:00,0.839
2024-03-22 10:20:00,0.7521
2024-03-22 10:30:00,0.6716
2024-03-22 10:40:00,0.2126
2024-03-22 10:50:00,0.7248
2024-03-22 11:00:00,0.6025
2024-03-22 11:10:00,0.6242
2024-03-22 11:20:00,0.3765
2024-03-22 11:30:00,0.7352
2024-03-22 11:40:00,0.4439
2024-03-22 11:50:00,0.6789
2024-03-22 12:00:00,0.7969
2024-03-22 12:10:00,0.5908
2024-03-22 12:20:00,0.8436
2024-03-22 12:30:00,0.5491
2024-03-22 12:40:00,0.7512
2024-03-22 12:50:00,0.4655
2024-03-22 13:00:00,0.8159
2024-03-22 13:10:00,0.7927
2024-03-22 13:20:00,0.7316
2024-03-22 13:30:00,0.6024
2024-03-22 13:40:00,0.4513
2024-03-22 13:50:00,0.6033
2024-03-22 14:00:00,0.8288
2024-03-22 14:10:00,0.6824
2024-03-22 14:20:00,0.4308
2024-03-22 14:30:00,0.4964
2024-03-22 14:40:00,0.8551
2024-03-22 14:50:00,0.7431
2024-03-22 15:00:00,0.4888
2024-03-22 15:10:00,0.4147
2024-03-22 15:20:00,0.5936
2024-03-22 15:30:00,0.4202
2024-03-22 15:40:00,0.6888
2024-03-22 15:50:00,1.0988
2024-03-22 16:00:00,0.5163
2024-03-22 16:10:00,0.76
2024-03-22 16:20:00,1.0255
2024-03-22 16:30:00,0.9923
2024-03-22 16:40:00,0.9212
2024-03-22 16:50:00,0.9993
2024-03-22 17:00:00,0.9417
2024-03-22 17:10:00,1.1866
2024-03-22 17:20:00,1.3944
2024-03-22 17:30:00,1.6754
2024-03-22 17:40:00,1.5899
2024-03-22 17:50:00,1.8496
2024-03-22 18:00:00,1.9525
2024-03-22 18:10:00,2.366
2024-03-22 18:20:00,2.7058
2024-03-22 18:30:00,2.9547
2024-03-22 18:40:00,2.9692
2024-03-22 18:50:00,3.4592
2024-03-22 19:00:00,3.6305
2024-03-22 19:10:00,4.1751
2024-03-22 19:20:00,4.2799
2024-03-22 19:30:00,4.3387
2024-03-22 19:40:00,4.7704
2024-03-22 19:50:00,5.0751
2024-03-22 20:00:00,5.2049
2024-03-22 20:10:00,5.2057
2024-03-22 20:20:00,5.2555
2024-03-22 20:30:00,5.1989
2024-03-22 20:40:00,5.2326
2024-03-22 20:50:00,5.0496
2024-03-22 21:00:00,5.1538
2024-03-22 21:10:00,4.6527
2024-03-22 21:20:00,4.5422
2024-03-22 21:30:00,4.2331
2024-03-22 21:40:00,4.0431
2024-03-22 21:50:00,3.7268
2024-03-22 22:00:00,3.326
2024-03-22 22:10:00,2.9386
2024-03-22 22:20:00,2.4068
2024-03-22 22:30:00,2.1035
2024-03-22 22:40:00,1.8631
2024-03-22 22:50:00,1.8584
2024-03-22 23:00:00,1.5435
2024-03-22 23:10:00,1.4806
2024-03-22 23:20:00,1.3482
2024-03-22 23:30:00,0.9636
2024-03-22 23:40:00,0.9765
2024-03-22 23:50:00,0.8901
2024-03-23 00:00:00,0.8716
2024-03-23 00:10:00,0.822
2024-03-23 00:20:00,1.0583
2024-03-23 00:30:00,0.8636
2024-03-23 00:40:00,0.8299
2024-03-23 00:50:00,0.6766
2024-03-23 01:00:00,0.8648
2024-03-23 01:10:00,0.577
2024-03-23 01:20:00,0.7586
2024-03-23 01:30:00,0.7244
2024-03-23 01:40:00,0.5519
2024-03-23 01:50:00,0.6242
2024-03-23 02:00:00,0.5692
2024-03-23 02:10:00,0.5034
2024-03-23 02:20:00,0.4833
2024-03-23 02:30:00,0.4678
2024-03-23 02:40:00,0.4611
2024-03-23 02:50:00,0.4403
2024-03-23 03:00:00,0.2621
2024-03-23 03:10:00,0.4084
2024-03-23 03:20:00,0.4814
2024-03-23 03:30:00,0.4731
2024-03-23 03:40:00,0.6244
2024-03-23 03:50:00,0.6023
2024-03-23 04:00:00,0.4108
2024-03-23 04:10:00,0.5516
2024-03-23 04:20:00,0.5671
2024-03-23 04:30:00,0.6514
2024-03-23 04:40:00,0.6899
2024-03-23 04:50:00,0.8195
2024-03-23 05:00:00,0.7901
2024-03-23 05:10:00,0.9816
2024-03-23 05:20:00,0.8641
2024-03-23 05:30:00,0.7312
2024-03-23 05:40:00,0.8105
2024-03-23 05:50:00,0.9928
2024-03-23 06:00:00,0.6787
2024-03-23 06:10:00,0.7347
2024-03-23 06:20:00,0.9513
2024-03-23 06:30:00,1.1031
2024-03-23 06:40:00,1.1653
2024-03-23 06:50:00,0.9436
2024-03-23 07:00:00,1.1408
2024-03-23 07:10:00,0.9968
2024-03-23 07:20:00,0.7595
2024-03-23 07:30:00,0.9904
2024-03-23 07:40:00,0.9006
2024-03-23 07:50:00,1.1325
2024-03-23 08:00:00,0.9919
2024-03-23 08:10:00,0.8048
2024-03-23 08:20:00,0.772
2024-03-23 08:30:00,0.9942
2024-03-23 08:40:00,0.6345
2024-03-23 08:50:00,0.92
2024-03-23 09:00:00,1.0324
2024-03-23 09:10:00,0.8393
2024-03-23 09:20:00,1.147
2024-03-23 09:30:00,1.1766
2024-03-23 09:40:00,0.8454
2024-03-23 09:50:00,0.9533
2024-03-23 10:00:00,1.1472
2024-03-23 10:10:00,0.9978
2024-03-23 10:20:00,0.7888
2024-03-23 10:30:00,0.9765
2024-03-23 10:40:00,0.87
2024-03-23 10:50:00,1.1642
2024-03-23 11:00:00,1.0889
2024-03-23 11:10:00,0.9509
2024-03-23 11:20:00,1.0193
2024-03-23 11:30:00,0.8018
2024-03-23 11:40:00,0.8849
2024-03-23 11:50:00,1.231
2024-03-23 12:00:00,1.006
2024-03-23 12:10:00,1.1375
2024-03-23 12:20:00,1.0328
2024-03-23 12:30:00,1.1951
2024-03-23 12:40:00,0.6982
2024-03-23 12:50:00,0.9698
2024-03-23 13:00:00,1.2448
2024-03-23 13:10:00,1.1416
2024-03-23 13:20:00,1.197
2024-03-23 13:30:00,0.9974
2024-03-23 13:40:00,0.9181
2024-03-23 13:50:00,0.845
2024-03-23 14:00:00,0.8351
2024-03-23 14:10:00,1.1216
2024-03-23 14:20:00,1.0789
2024-03-23 14:30:00,0.994
2024-03-23 14:40:00,1.0832
2024-03-23 14:50:00,1.0326
2024-03-23 15:00:00,1.1616
2024-03-23 15:10:00,1.1687
2024-03-23 15:20:00,0.8776
2024-03-23 15:30:00,1.0945
2024-03-23 15:40:00,0.8247
2024-03-23 15:50:00,1.1235
2024-03-23 16:00:00,1.2316
2024-03-23 16:10:00,0.9922
2024-03-23 16:20:00,1.1884
2024-03-23 16:30:00,1.3297
2024-03-23 16:40:00,1.4593
2024-03-23 16:50:00,1.4998
2024-03-23 17:00:00,1.5074
2024-03-23 17:10:00,1.8437
2024-03-23 17:20:00,1.8018
2024-03-23 17:30:00,2.2438
2024-03-23 17:40:00,2.4741
2024-03-23 17:50:00,2.8148
2024-03-23 18:00:00,3.0783
2024-03-23 18:10:00,3.2942
2024-03-23 18:20:00,3.8519
2024-03-23 18:30:00,4.4571
2024-03-23 18:40:00,4.9361
2024-03-23 18:50:00,5.5542
2024-03-23 19:00:00,5.8872
2024-03-23 19:10:00,5.8936
2024-03-23 19:20:00,6.4355
2024-03-23 19:30:00,6.8897
2024-03-23 19:40:00,7.2376
2024-03-23 19:50:00,7.5674
2024-03-23 20:00:00,8.1625
2024-03-23 20:10:00,7.8113
2024-03-23 20:20:00,7.9584
2024-03-23 20:30:00,8.3177
2024-03-23 20:40:00,7.8954
2024-03-23 20:50:00,7.875
2024-03-23 21:00:00,7.715
2024-03-23 21:10:00,7.3001
2024-03-23 21:20:00,6.8573
2024-03-23 21:30:00,6.5182
2024-03-23 21:40:00,5.7549
2024-03-23 21:50:00,5.3043
2024-03-23 22:00:00,4.9432
2024-03-23 22:10:00,4.0454
2024-03-23 22:20:00,4.0829
2024-03-23 22:30:00,3.4627
2024-03-23 22:40:00,3.0267
2024-03-23 22:50:00,2.3904
2024-03-23 23:00:00,2.1202
2024-03-23 23:10:00,1.9784
2024-03-23 23:20:00,1.9291
2024-03-23 23:30:00,1.3074
2024-03-23 23:40:00,1.585
2024-03-23 23:50:00,1.2925
2024-03-24 00:00:00,0.8931
2024-03-24 00:10:00,0.9459
2024-03-24 00:20:00,0.9265
2024-03-24 00:30:00,0.7543
2024-03-24 00:40:00,0.9268
2024-03-24 00:50:00,0.4542
2024-03-24 01:00:00,0.7008
2024-03-24 01:10:00,0.7554
2024-03-24 01:20:00,0.643
2024-03-24 01:30:00,0.3822
2024-03-24 01:40:00,0.7314
2024-03-24 01:50:00,0.3929
2024-03-24 02:00:00,0.5346
2024-03-24 02:10:00,0.5354
2024-03-24 02:20:00,0.4873
2024-03-24 02:30:00,0.6368
2024-03-24 02:40:00,0.4364
2024-03-24 02:50:00,0.498
2024-03-24 03:00:00,0.422
2024-03-24 03:10:00,0.5259
2024-03-24 03:20:00,0.6534
2024-03-24 03:30:00,0.482
2024-03-24 03:40:00,0.6016
2024-03-24 03:50:00,0.7308
2024-03-24 04:00:00,0.7483
2024-03-24 04:10:00,0.5224
2024-03-24 04:20:00,0.7731
2024-03-24 04:30:00,0.6935
2024-03-24 04:40:00,0.8623
2024-03-24 04:50:00,0.8176
2024-03-24 05:00:00,0.8097
2024-03-24 05:10:00,0.8672
2024-03-24 05:20:00,0.8714
2024-03-24 05:30:00,0.9053
2024-03-24 05:40:00,0.8623
2024-03-24 05:50:00,0.8701
2024-03-24 06:00:00,1.1911
2024-03-24 06:10:00,1.0141
2024-03-24 06:20:00,0.8697
2024-03-24 06:30:00,0.9249
2024-03-24 06:40:00,1.1338
2024-03-24 06:50:00,0.8719
2024-03-24 07:00:00,0.7656
2024-03-24 07:10:00,0.7809
2024-03-24 07:20:00,0.7361
2024-03-24 07:30:00,0.8031
2024-03-24 07:40:00,0.8226
2024-03-24 07:50:00,1.2088
2024-03-24 08:00:00,0.9951
2024-03-24 08:10:00,0.9482
2024-03-24 08:20:00,0.7867
2024-03-24 08:30:00,0.9821
2024-03-24 08:40:00,0.7432
2024-03-24 08:50:00,0.9485
2024-03-24 09:00:00,1.3137
2024-03-24 09:10:00,1.1037
2024-03-24 09:20:00,0.9727
2024-03-24 09:30:00,1.1089
2024-03-24 09:40:00,0.926
2024-03-24 09:50:00,0.8841
2024-03-24 10:00:00,1.2599
2024-03-24 10:10:00,0.8329
2024-03-24 10:20:00,0.9511
2024-03-24 10:30:00,1.0502
2024-03-24 10:40:00,0.8638
2024-03-24 10:50:00,1.1018
2024-03-24 11:00:00,0.9583
2024-03-24 11:10:00,1.1038
2024-03-24 11:20:00,1.0922
2024-03-24 11:30:00,0.9678
2024-03-24 11:40:00,1.2609
2024-03-24 11:50:00,0.9045
2024-03-24 12:00:00,1.2066
2024-03-24 12:10:00,1.1805
2024-03-24 12:20:00,1.2699
2024-03-24 12:30:00,1.0304
2024-03-24 12:40:00,0.886
2024-03-24 12:50:00,1.3158
2024-03-24 13:00:00,0.9541
2024-03-24 13:10:00,0.8824
2024-03-24 13:20:00,0.976
2024-03-24 13:30:00,0.8574
2024-03-24 13:40:00,1.0839
2024-03-24 13:50:00,0.9145
2024-03-24 14:00:00,0.9628
2024-03-24 14:10:00,1.152
2024-03-24 14:20:00,1.1018
2024-03-24 14:30:00,1.0126
2024-03-24 14:40:00,1.0389
2024-03-24 14:50:00,1.0194
2024-03-24 15:00:00,0.959
2024-03-24 15:10:00,1.0318
2024-03-24 15:20:00,1.1176
2024-03-24 15:30:00,1.0412
2024-03-24 15:40:00,1.1447
2024-03-24 15:50:00,0.985
2024-03-24 16:00:00,1.0575
2024-03-24 16:10:00,1.0866
2024-03-24 16:20:00,1.1739
2024-03-24 16:30:00,1.5297
2024-03-24 16:40:00,1.5421
2024-03-24 16:50:00,1.3897
2024-03-24 17:00:00,1.7594
2024-03-24 17:10:00,1.8048
2024-03-24 17:20:00,1.9601
2024-03-24 17:30:00,2.0702
2024-03-24 17:40:00,2.7021
2024-03-24 17:50:00,2.6482
2024-03-24 18:00:00,3.1742
2024-03-24 18:10:00,3.4005
2024-03-24 18:20:00,4.0478
2024-03-24 18:30:00,4.2945
2024-03-24 18:40:00,4.7566
2024-03-24 18:50:00,5.2058
2024-03-24 19:00:00,5.7143
2024-03-24 19:10:00,6.1133
2024-03-24 19:20:00,6.5311
2024-03-24 19:30:00,6.8587
2024-03-24 19:40:00,7.0598
2024-03-24 19:50:00,7.4366
2024-03-24 20:00:00,7.9581
2024-03-24 20:10:00,7.9778
2024-03-24 20:20:00,8.0165
2024-03-24 20:30:00,7.911
2024-03-24 20:40:00,7.78
2024-03-24 20:50:00,7.7596
2024-03-24 21:00:00,7.7405
2024-03-24 21:10:00,7.1889
2024-03-24 21:20:00,6.9315
2024-03-24 21:30:00,6.327
2024-03-24 21:40:00,6.0217
2024-03-24 21:50:00,5.3598
2024-03-24 22:00:00,4.7086
2024-03-24 22:10:00,4.3428
2024-03-24 22:20:00,4.1698
2024-03-24 22:30:00,3.7071
2024-03-24 22:40:00,3.0956
2024-03-24 22:50:00,2.631
2024-03-24 23:00:00,2.3733
2024-03-24 23:10:00,2.0985
2024-03-24 23:20:00,1.8133
2024-03-24 23:30:00,1.6952
2024-03-24 23:40:00,1.5072
2024-03-24 23:50:00,1.3076
2024-03-25 00:00:00,0.4423
2024-03-25 00:10:00,0.54
2024-03-25 00:20:00,0.7143
2024-03-25 00:30:00,0.573
2024-03-25 00:40:00,0.6039
2024-03-25 00:50:00,0.4956
2024-03-25 01:00:00,0.3565
2024-03-25 01:10:00,0.4555
2024-03-25 01:20:00,0.3127
2024-03-25 01:30:00,0.2773
2024-03-25 01:40:00,0.5952
2024-03-25 01:50:00,0.3262
2024-03-25 02:00:00,0.2542
2024-03-25 02:10:00,0.5865
2024-03-25 02:20:00,0.4472
2024-03-25 02:30:00,0.2538
2024-03-25 02:40:00,0.3623
2024-03-25 02:50:00,0.2557
2024-03-25 03:00:00,0.1848
2024-03-25 03:10:00,0.3623
2024-03-25 03:20:00,0.2495
2024-03-25 03:30:00,0.3209
2024-03-25 03:40:00,0.4781
2024-03-25 03:50:00,0.4805
2024-03-25 04:00:00,0.2829
2024-03-25 04:10:00,0.4621
2024-03-25 04:20:00,0.2452
2024-03-25 04:30:00,0.5078
2024-03-25 04:40:00,0.4883
2024-03-25 04:50:00,0.5481
2024-03-25 05:00:00,0.4708
2024-03-25 05:10:00,0.8507
2024-03-25 05:20:00,0.4237
2024-03-25 05:30:00,0.7234
2024-03-25 05:40:00,0.4397
2024-03-25 05:50:00,0.6847
2024-03-25 06:00:00,0.708
2024-03-25 06:10:00,0.6405
2024-03-25 06:20:00,0.5668
2024-03-25 06:30:00,0.6696
2024-03-25 06:40:00,0.6943
2024-03-25 06:50:00,0.9275
2024-03-25 07:00:00,0.5318
2024-03-25 07:10:00,0.5822
2024-03-25 07:20:00,0.7105
2024-03-25 07:30:00,0.631
2024-03-25 07:40:00,0.6556
2024-03-25 07:50:00,0.8321
2024-03-25 08:00:00,0.2492
2024-03-25 08:10:00,0.583
2024-03-25 08:20:00,0.4116
2024-03-25 08:30:00,0.4939
2024-03-25 08:40:00,1.0341
2024-03-25 08:50:00,0.7632
2024-03-25 09:00:00,0.8163
2024-03-25 09:10:00,0.6615
2024-03-25 09:20:00,0.7874
2024-03-25 09:30:00,0.4087
2024-03-25 09:40:00,0.8294
2024-03-25 09:50:00,0.5507
2024-03-25 10:00:00,0.594
2024-03-25 10:10:00,0.7495
2024-03-25 10:20:00,0.7212
2024-03-25 10:30:00,0.6864
2024-03-25 10:40:00,0.4692
2024-03-25 10:50:00,0.6887
2024-03-25 11:00:00,0.8178
2024-03-25 11:10:00,0.5938
2024-03-25 11:20:00,0.8709
2024-03-25 11:30:00,0.5428
2024-03-25 11:40:00,0.6747
2024-03-25 11:50:00,0.904
2024-03-25 12:00:00,0.5715
2024-03-25 12:10:00,0.8318
2024-03-25 12:20:00,0.9699
2024-03-25 12:30:00,0.6994
2024-03-25 12:40:00,0.5947
2024-03-25 12:50:00,0.5578
2024-03-25 13:00:00,0.8694
2024-03-25 13:10:00,0.8653
2024-03-25 13:20:00,0.8913
2024-03-25 13:30:00,0.669
2024-03-25 13:40:00,0.8298
2024-03-25 13:50:00,0.6671
2024-03-25 14:00:00,0.5424
2024-03-25 14:10:00,0.8441
2024-03-25 14:20:00,0.9215
2024-03-25 14:30:00,0.5247
2024-03-25 14:40:00,0.5238
2024-03-25 14:50:00,0.6886
2024-03-25 15:00:00,0.8301
2024-03-25 15:10:00,0.5224
2024-03-25 15:20:00,0.7344
2024-03-25 15:30:00,0.6226
2024-03-25 15:40:00,0.8308
2024-03-25 15:50:00,0.6253
2024-03-25 16:00:00,0.886
2024-03-25 16:10:00,0.7791
2024-03-25 16:20:00,0.7038
2024-03-25 16:30:00,0.9062
2024-03-25 16:40:00,0.6707
2024-03-25 16:50:00,0.9568
2024-03-25 17:00:00,1.1869
2024-03-25 17:10:00,0.9843
2024-03-25 17:20:00,0.9979
2024-03-25 17:30:00,1.1873
2024-03-25 17:40:00,1.9139
2024-03-25 17:50:00,1.9022
2024-03-25 18:00:00,2.0548
2024-03-25 18:10:00,2.5182
2024-03-25 18:20:00,2.5767
2024-03-25 18:30:00,2.9548
2024-03-25 18:40:00,3.2083
2024-03-25 18:50:00,3.4317
2024-03-25 19:00:00,3.847
2024-03-25 19:10:00,4.2157
2024-03-25 19:20:00,4.3579
2024-03-25 19:30:00,4.5842
2024-03-25 19:40:00,4.8431
2024-03-25 19:50:00,4.7566
2024-03-25 20:00:00,5.3088
2024-03-25 20:10:00,5.2012
2024-03-25 20:20:00,5.5391
2024-03-25 20:30:00,5.4349
2024-03-25 20:40:00,5.4079
2024-03-25 20:50:00,5.3812
2024-03-25 21:00:00,4.9643
2024-03-25 21:10:00,4.9341
2024-03-25 21:20:00,4.6497
2024-03-25 21:30:00,4.2774
2024-03-25 21:40:00,3.8361
2024-03-25 21:50:00,3.7202
2024-03-25 22:00:00,3.3882
2024-03-25 22:10:00,2.9574
2024-03-25 22:20:00,2.4522
2024-03-25 22:30:00,2.2276
2024-03-25 22:40:00,2.0186
2024-03-25 22:50:00,1.882
2024-03-25 23:00:00,1.324
2024-03-25 23:10:00,1.2913
2024-03-25 23:20:00,1.1601
2024-03-25 23:30:00,1.0804
2024-03-25 23:40:00,0.7949
2024-03-25 23:50:00,0.8763
2024-03-26 00:00:00,0.5789
2024-03-26 00:10:00,0.4572
2024-03-26 00:20:00,0.5804
2024-03-26 00:30:00,0.5001
2024-03-26 00:40:00,0.6367
2024-03-26 00:50:00,0.4086
2024-03-26 01:00:00,0.5321
2024-03-26 01:10:00,0.3731
2024-03-26 01:20:00,0.379
2024-03-26 01:30:00,0.4875
2024-03-26 01:40:00,0.4522
2024-03-26 01:50:00,0.3291
2024-03-26 02:00:00,0.3273
2024-03-26 02:10:00,0.1279
2024-03-26 02:20:00,0.5374
2024-03-26 02:30:00,0.4146
2024-03-26 02:40:00,0.3977
2024-03-26 02:50:00,0.0537
2024-03-26 03:00:00,0.2012
2024-03-26 03:10:00,0.2427
2024-03-26 03:20:00,0.05
2024-03-26 03:30:00,0.4449
2024-03-26 03:40:00,0.545
2024-03-26 03:50:00,0.6552
2024-03-26 04:00:00,0.2108
2024-03-26 04:10:00,0.4092
2024-03-26 04:20:00,0.6154
2024-03-26 04:30:00,0.4049
2024-03-26 04:40:00,0.3839
2024-03-26 04:50:00,0.2144
2024-03-26 05:00:00,0.6885
2024-03-26 05:10:00,0.5385
2024-03-26 05:20:00,0.453
2024-03-26 05:30:00,0.6239
2024-03-26 05:40:00,0.6211
2024-03-26 05:50:00,0.6381
2024-03-26 06:00:00,0.5929
2024-03-26 06:10:00,0.8795
2024-03-26 06:20:00,0.625
2024-03-26 06:30:00,0.8953
2024-03-26 06:40:00,0.743
2024-03-26 06:50:00,0.7158
2024-03-26 07:00:00,0.6498
2024-03-26 07:10:00,0.8158
2024-03-26 07:20:00,0.6889
2024-03-26 07:30:00,0.5338
2024-03-26 07:40:00,0.53
2024-03-26 07:50:00,0.7391
2024-03-26 08:00:00,0.5403
2024-03-26 08:10:00,0.6675
2024-03-26 08:20:00,0.8358
2024-03-26 08:30:00,0.723
2024-03-26 08:40:00,0.5693
2024-03-26 08:50:00,0.8892
2024-03-26 09:00:00,0.7599
2024-03-26 09:10:00,0.8305
2024-03-26 09:20:00,0.3377
2024-03-26 09:30:00,0.7275
2024-03-26 09:40:00,0.8042
2024-03-26 09:50:00,0.9329
2024-03-26 10:00:00,0.4583
2024-03-26 10:10:00,0.8588
2024-03-26 10:20:00,0.9245
2024-03-26 10:30:00,0.3753
2024-03-26 10:40:00,0.7497
2024-03-26 10:50:00,0.7705
2024-03-26 11:00:00,0.6288
2024-03-26 11:10:00,0.6044
2024-03-26 11:20:00,0.7781
2024-03-26 11:30:00,0.5856
2024-03-26 11:40:00,0.6453
2024-03-26 11:50:00,0.7998
2024-03-26 12:00:00,0.941
2024-03-26 12:10:00,0.7586
2024-03-26 12:20:00,0.6979
2024-03-26 12:30:00,0.6004
2024-03-26 12:40:00,0.5263
2024-03-26 12:50:00,0.8444
2024-03-26 13:00:00,0.6549
2024-03-26 13:10:00,0.8506
2024-03-26 13:20:00,0.6286
2024-03-26 13:30:00,0.5808
2024-03-26 13:40:00,0.7415
2024-03-26 13:50:00,0.6671
2024-03-26 14:00:00,0.4982
2024-03-26 14:10:00,0.9523
2024-03-26 14:20:00,0.5865
2024-03-26 14:30:00,0.8211
2024-03-26 14:40:00,0.8103
2024-03-26 14:50:00,0.498
2024-03-26 15:00:00,0.5406
2024-03-26 15:10:00,0.6515
2024-03-26 15:20:00,0.5749
2024-03-26 15:30:00,0.9746
2024-03-26 15:40:00,0.7002
2024-03-26 15:50:00,0.8831
2024-03-26 16:00:00,0.8521
2024-03-26 16:10:00,0.8474
2024-03-26 16:20:00,0.8557
2024-03-26 16:30:00,1.0878
2024-03-26 16:40:00,0.8436
2024-03-26 16:50:00,1.3061
2024-03-26 17:00:00,0.9503
2024-03-26 17:10:00,1.3751
2024-03-26 17:20:00,1.1814
2024-03-26 17:30:00,1.5005
2024-03-26 17:40:00,1.7395
2024-03-26 17:50:00,1.8527
2024-03-26 18:00:00,2.1207
2024-03-26 18:10:00,2.1832
2024-03-26 18:20:00,2.5056
2024-03-26 18:30:00,3.0074
2024-03-26 18:40:00,3.2288
2024-03-26 18:50:00,3.4206
2024-03-26 19:00:00,4.0252
2024-03-26 19:10:00,3.9423
2024-03-26 19:20:00,4.3588
2024-03-26 19:30:00,4.6064
2024-03-26 19:40:00,5.0172
2024-03-26 19:50:00,5.1403
2024-03-26 20:00:00,5.2829
2024-03-26 20:10:00,5.1395
2024-03-26 20:20:00,5.6083
2024-03-26 20:30:00,5.4497
2024-03-26 20:40:00,5.4431
2024-03-26 20:50:00,5.1968
2024-03-26 21:00:00,4.9992
2024-03-26 21:10:00,5.134
2024-03-26 21:20:00,4.3723
2024-03-26 21:30:00,4.1738
2024-03-26 21:40:00,4.2221
2024-03-26 21:50:00,3.7497
2024-03-26 22:00:00,3.2543
2024-03-26 22:10:00,3.1457
2024-03-26 22:20:00,2.696
2024-03-26 22:30:00,2.356
2024-03-26 22:40:00,2.0741
2024-03-26 22:50:00,1.8596
2024-03-26 23:00:00,1.6471
2024-03-26 23:10:00,1.7139
2024-03-26 23:20:00,1.1988
2024-03-26 23:30:00,1.0751
2024-03-26 23:40:00,0.8108
2024-03-26 23:50:00,0.9069
2024-03-27 00:00:00,0.9088
2024-03-27 00:10:00,0.7643
2024-03-27 00:20:00,0.5203
2024-03-27 00:30:00,0.5894
2024-03-27 00:40:00,0.3714
2024-03-27 00:50:00,0.3994
2024-03-27 01:00:00,0.5443
2024-03-27 01:10:00,0.4232
2024-03-27 01:20:00,0.3152
2024-03-27 01:30:00,0.5192
2024-03-27 01:40:00,0.4072
2024-03-27 01:50:00,0.1589
2024-03-27 02:00:00,0.0587
2024-03-27 02:10:00,0.2626
2024-03-27 02:20:00,0.0907
2024-03-27 02:30:00,0.05
2024-03-27 02:40:00,0.4712
2024-03-27 02:50:00,0.2801
2024-03-27 03:00:00,0.2525
2024-03-27 03:10:00,0.2665
2024-03-27 03:20:00,0.1312
2024-03-27 03:30:00,0.375
2024-03-27 03:40:00,0.3094
2024-03-27 03:50:00,0.2345
2024-03-27 04:00:00,0.2788
2024-03-27 04:10:00,0.2099
2024-03-27 04:20:00,0.3586
2024-03-27 04:30:00,0.4097
2024-03-27 04:40:00,0.407
2024-03-27 04:50:00,0.5057
2024-03-27 05:00:00,0.5101
2024-03-27 05:10:00,0.5794
2024-03-27 05:20:00,0.7073
2024-03-27 05:30:00,0.6739
2024-03-27 05:40:00,0.745
2024-03-27 05:50:00,0.4895
2024-03-27 06:00:00,0.5531
2024-03-27 06:10:00,0.7382
2024-03-27 06:20:00,0.7498
2024-03-27 06:30:00,0.5547
2024-03-27 06:40:00,0.7542
2024-03-27 06:50:00,0.5257
2024-03-27 07:00:00,0.7431
2024-03-27 07:10:00,0.6699
2024-03-27 07:20:00,0.4684
2024-03-27 07:30:00,0.6127
2024-03-27 07:40:00,1.0063
2024-03-27 07:50:00,0.7103
2024-03-27 08:00:00,1.0257
2024-03-27 08:10:00,0.4645
2024-03-27 08:20:00,0.794
2024-03-27 08:30:00,0.3015
2024-03-27 08:40:00,0.6817
2024-03-27 08:50:00,0.7766
2024-03-27 09:00:00,0.8076
2024-03-27 09:10:00,0.5621
2024-03-27 09:20:00,0.8379
2024-03-27 09:30:00,0.602
2024-03-27 09:40:00,0.6575
2024-03-27 09:50:00,0.6171
2024-03-27 10:00:00,0.5116
2024-03-27 10:10:00,0.9175
2024-03-27 10:20:00,0.6893
2024-03-27 10:30:00,0.8452
2024-03-27 10:40:00,0.8388
2024-03-27 10:50:00,0.5369
2024-03-27 11:00:00,0.8645
2024-03-27 11:10:00,0.7576
2024-03-27 11:20:00,0.526
2024-03-27 11:30:00,0.7494
2024-03-27 11:40:00,0.5286
2024-03-27 11:50:00,0.9231
2024-03-27 12:00:00,0.8042
2024-03-27 12:10:00,0.6714
2024-03-27 12:20:00,0.8718
2024-03-27 12:30:00,0.4448
2024-03-27 12:40:00,0.5697
2024-03-27 12:50:00,0.6443
2024-03-27 13:00:00,1.0175
2024-03-27 13:10:00,0.5216
2024-03-27 13:20:00,0.4262
2024-03-27 13:30:00,0.4657
2024-03-27 13:40:00,0.8185
2024-03-27 13:50:00,0.5937
2024-03-27 14:00:00,0.6594
2024-03-27 14:10:00,0.7983
2024-03-27 14:20:00,0.6611
2024-03-27 14:30:00,0.7168
2024-03-27 14:40:00,0.7685
2024-03-27 14:50:00,0.6265
2024-03-27 15:00:00,0.6703
2024-03-27 15:10:00,0.7374
2024-03-27 15:20:00,0.8393
2024-03-27 15:30:00,0.6012
2024-03-27 15:40:00,0.2816
2024-03-27 15:50:00,0.8562
2024-03-27 16:00:00,0.919
2024-03-27 16:10:00,0.8428
2024-03-27 16:20:00,0.8952
2024-03-27 16:30:00,0.8232
2024-03-27 16:40:00,1.0484
2024-03-27 16:50:00,1.1816
2024-03-27 17:00:00,1.1589
2024-03-27 17:10:00,1.6393
2024-03-27 17:20:00,1.1663
2024-03-27 17:30:00,1.5819
2024-03-27 17:40:00,1.5601
2024-03-27 17:50:00,2.0696
2024-03-27 18:00:00,1.924
2024-03-27 18:10:00,2.206
2024-03-27 18:20:00,2.5752
2024-03-27 18:30:00,2.9907
2024-03-27 18:40:00,3.155
2024-03-27 18:50:00,3.4582
2024-03-27 19:00:00,3.8232
2024-03-27 19:10:00,4.1145
2024-03-27 19:20:00,4.6635
2024-03-27 19:30:00,4.8142
2024-03-27 19:40:00,4.9068
2024-03-27 19:50:00,5.4795
2024-03-27 20:00:00,5.4057
2024-03-27 20:10:00,5.3044
2024-03-27 20:20:00,5.551
2024-03-27 20:30:00,5.5967
2024-03-27 20:40:00,5.3562
2024-03-27 20:50:00,5.1841
2024-03-27 21:00:00,5.1799
2024-03-27 21:10:00,4.8855
2024-03-27 21:20:00,4.8889
2024-03-27 21:30:00,4.4699
2024-03-27 21:40:00,3.9287
2024-03-27 21:50:00,3.7401
2024-03-27 22:00:00,3.5137
2024-03-27 22:10:00,2.768
2024-03-27 22:20:00,2.4919
2024-03-27 22:30:00,2.3338
2024-03-27 22:40:00,2.0583
2024-03-27 22:50:00,1.7931
2024-03-27 23:00:00,1.5344
2024-03-27 23:10:00,1.3441
2024-03-27 23:20:00,1.2933
2024-03-27 23:30:00,1.2766
2024-03-27 23:40:00,0.9303
2024-03-27 23:50:00,1.2861
2024-03-28 00:00:00,0.9273
2024-03-28 00:10:00,0.8198
2024-03-28 00:20:00,0.6989
2024-03-28 00:30:00,0.8897
2024-03-28 00:40:00,0.5258
2024-03-28 00:50:00,0.4232
2024-03-28 01:00:00,0.4462
2024-03-28 01:10:00,0.35
2024-03-28 01:20:00,0.493
2024-03-28 01:30:00,0.4934
2024-03-28 01:40:00,0.4522
2024-03-28 01:50:00,0.3946
2024-03-28 02:00:00,0.3922
2024-03-28 02:10:00,0.6107
2024-03-28 02:20:00,0.424
2024-03-28 02:30:00,0.4537
2024-03-28 02:40:00,0.3323
2024-03-28 02:50:00,0.0542
2024-03-28 03:00:00,0.05
2024-03-28 03:10:00,0.609
2024-03-28 03:20:00,0.2239
2024-03-28 03:30:00,0.2228
2024-03-28 03:40:00,0.3679
2024-03-28 03:50:00,0.4328
2024-03-28 04:00:00,0.4738
2024-03-28 04:10:00,0.6627
2024-03-28 04:20:00,0.6472
2024-03-28 04:30:00,0.3268
2024-03-28 04:40:00,0.6201
2024-03-28 04:50:00,0.4429
2024-03-28 05:00:00,0.5044
2024-03-28 05:10:00,0.384
2024-03-28 05:20:00,0.3154
2024-03-28 05:30:00,0.5838
2024-03-28 05:40:00,0.4621
2024-03-28 05:50:00,0.7596
2024-03-28 06:00:00,0.5911
2024-03-28 06:10:00,0.6904
2024-03-28 06:20:00,0.8582
2024-03-28 06:30:00,0.4377
2024-03-28 06:40:00,0.5578
2024-03-28 06:50:00,0.6985
2024-03-28 07:00:00,0.722
2024-03-28 07:10:00,0.8435
2024-03-28 07:20:00,0.8103
2024-03-28 07:30:00,0.6965
2024-03-28 07:40:00,0.7287
2024-03-28 07:50:00,0.7338
2024-03-28 08:00:00,0.4643
2024-03-28 08:10:00,0.6618
2024-03-28 08:20:00,0.7229
2024-03-28 08:30:00,0.7546
2024-03-28 08:40:00,0.5473
2024-03-28 08:50:00,0.4958
2024-03-28 09:00:00,0.651
2024-03-28 09:10:00,0.9813
2024-03-28 09:20:00,0.5634
2024-03-28 09:30:00,0.8624
2024-03-28 09:40:00,0.924
2024-03-28 09:50:00,0.6931
2024-03-28 10:00:00,0.5843
2024-03-28 10:10:00,0.7632
2024-03-28 10:20:00,0.7155
2024-03-28 10:30:00,0.5574
2024-03-28 10:40:00,0.5875
2024-03-28 10:50:00,0.7543
2024-03-28 11:00:00,0.8263
2024-03-28 11:10:00,0.6379
2024-03-28 11:20:00,0.6759
2024-03-28 11:30:00,0.7866
2024-03-28 11:40:00,0.6604
2024-03-28 11:50:00,0.6414
2024-03-28 12:00:00,0.573
2024-03-28 12:10:00,0.5704
2024-03-28 12:20:00,1.0866
2024-03-28 12:30:00,0.6569
2024-03-28 12:40:00,0.8911
2024-03-28 12:50:00,0.9389
2024-03-28 13:00:00,0.6588
2024-03-28 13:10:00,0.7417
2024-03-28 13:20:00,0.7018
2024-03-28 13:30:00,0.4448
2024-03-28 13:40:00,0.454
2024-03-28 13:50:00,0.6944
2024-03-28 14:00:00,0.6237
2024-03-28 14:10:00,0.9718
2024-03-28 14:20:00,0.6535
2024-03-28 14:30:00,0.9831
2024-03-28 14:40:00,0.621
2024-03-28 14:50:00,0.9822
2024-03-28 15:00:00,0.7755
2024-03-28 15:10:00,0.7899
2024-03-28 15:20:00,0.6367
2024-03-28 15:30:00,0.811
2024-03-28 15:40:00,0.9932
2024-03-28 15:50:00,0.7372
2024-03-28 16:00:00,0.7337
2024-03-28 16:10:00,0.7808
2024-03-28 16:20:00,1.1032
2024-03-28 16:30:00,1.0417
2024-03-28 16:40:00,1.1966
2024-03-28 16:50:00,1.1072
2024-03-28 17:00:00,1.1634
2024-03-28 17:10:00,1.337
2024-03-28 17:20:00,1.57
2024-03-28 17:30:00,1.53
2024-03-28 17:40:00,1.9522
2024-03-28 17:50:00,2.0044
2024-03-28 18:00:00,1.8136
2024-03-28 18:10:00,2.5534
2024-03-28 18:20:00,2.4958
2024-03-28 18:30:00,3.098
2024-03-28 18:40:00,3.3996
2024-03-28 18:50:00,3.6174
2024-03-28 19:00:00,3.9556
2024-03-28 19:10:00,4.3413
2024-03-28 19:20:00,4.3934
2024-03-28 19:30:00,4.8593
2024-03-28 19:40:00,5.1605
2024-03-28 19:50:00,5.4608
2024-03-28 20:00:00,5.199
2024-03-28 20:10:00,5.5446
2024-03-28 20:20:00,5.4023
2024-03-28 20:30:00,5.3998
2024-03-28 20:40:00,5.5469
2024-03-28 20:50:00,5.3865
2024-03-28 21:00:00,5.3706
2024-03-28 21:10:00,4.9181
2024-03-28 21:20:00,4.6758
2024-03-28 21:30:00,4.4174
2024-03-28 21:40:00,3.9204
2024-03-28 21:50:00,3.5904
2024-03-28 22:00:00,3.5115
2024-03-28 22:10:00,2.9131
2024-03-28 22:20:00,2.839
2024-03-28 22:30:00,2.441
2024-03-28 22:40:00,1.8335
2024-03-28 22:50:00,1.8916
2024-03-28 23:00:00,1.6691
2024-03-28 23:10:00,1.4651
2024-03-28 23:20:00,1.222
2024-03-28 23:30:00,0.9723
2024-03-28 23:40:00,1.2106
2024-03-28 23:50:00,0.9108
2024-03-29 00:00:00,0.5046
2024-03-29 00:10:00,0.6929
2024-03-29 00:20:00,0.4978
2024-03-29 00:30:00,0.4498
2024-03-29 00:40:00,0.5165
2024-03-29 00:50:00,0.4517
2024-03-29 01:00:00,0.3915
2024-03-29 01:10:00,0.6245
2024-03-29 01:20:00,0.4606
2024-03-29 01:30:00,0.639
2024-03-29 01:40:00,0.2965
2024-03-29 01:50:00,0.1398
2024-03-29 02:00:00,0.3969
2024-03-29 02:10:00,0.6308
2024-03-29 02:20:00,0.4127
2024-03-29 02:30:00,0.7996
2024-03-29 02:40:00,0.3554
2024-03-29 02:50:00,0.3337
2024-03-29 03:00:00,0.05
2024-03-29 03:10:00,0.3626
2024-03-29 03:20:00,0.3309
2024-03-29 03:30:00,0.2561
2024-03-29 03:40:00,0.3125
2024-03-29 03:50:00,0.3421
2024-03-29 04:00:00,0.3476
2024-03-29 04:10:00,0.7124
2024-03-29 04:20:00,0.3691
2024-03-29 04:30:00,0.4766
2024-03-29 04:40:00,0.4171
2024-03-29 04:50:00,0.6211
2024-03-29 05:00:00,0.5548
2024-03-29 05:10:00,0.5095
2024-03-29 05:20:00,0.2839
2024-03-29 05:30:00,0.6286
2024-03-29 05:40:00,0.5628
2024-03-29 05:50:00,0.6151
2024-03-29 06:00:00,0.4597
2024-03-29 06:10:00,0.863
2024-03-29 06:20:00,0.7856
2024-03-29 06:30:00,0.8792
2024-03-29 06:40:00,0.8427
2024-03-29 06:50:00,0.7643
2024-03-29 07:00:00,0.5079
2024-03-29 07:10:00,0.9587
2024-03-29 07:20:00,0.5453
2024-03-29 07:30:00,0.6459
2024-03-29 07:40:00,0.7934
2024-03-29 07:50:00,0.8018
2024-03-29 08:00:00,0.7748
2024-03-29 08:10:00,0.6294
2024-03-29 08:20:00,0.5988
2024-03-29 08:30:00,1.0702
2024-03-29 08:40:00,0.6843
2024-03-29 08:50:00,0.666
2024-03-29 09:00:00,0.5833
2024-03-29 09:10:00,0.7271
2024-03-29 09:20:00,0.7202
2024-03-29 09:30:00,0.688
2024-03-29 09:40:00,0.7478
2024-03-29 09:50:00,0.955
2024-03-29 10:00:00,0.6012
2024-03-29 10:10:00,0.697
2024-03-29 10:20:00,0.5933
2024-03-29 10:30:00,0.7347
2024-03-29 10:40:00,0.6052
2024-03-29 10:50:00,0.6117
2024-03-29 11:00:00,0.4716
2024-03-29 11:10:00,0.7052
2024-03-29 11:20:00,0.755
2024-03-29 11:30:00,0.9696
2024-03-29 11:40:00,0.7609
2024-03-29 11:50:00,0.6231
2024-03-29 12:00:00,0.4866
2024-03-29 12:10:00,0.5073
2024-03-29 12:20:00,0.4962
2024-03-29 12:30:00,0.9722
2024-03-29 12:40:00,0.7337
2024-03-29 12:50:00,0.6031
2024-03-29 13:00:00,0.5466
2024-03-29 13:10:00,0.5622
2024-03-29 13:20:00,0.5993
2024-03-29 13:30:00,0.8882
2024-03-29 13:40:00,0.6865
2024-03-29 13:50:00,0.4741
2024-03-29 14:00:00,1.0382
2024-03-29 14:10:00,0.5213
2024-03-29 14:20:00,0.6046
2024-03-29 14:30:00,0.8912
2024-03-29 14:40:00,0.759
2024-03-29 14:50:00,0.6292
2024-03-29 15:00:00,0.5192
2024-03-29 15:10:00,0.5647
2024-03-29 15:20:00,0.5819
2024-03-29 15:30:00,0.73
2024-03-29 15:40:00,0.7725
2024-03-29 15:50:00,0.7413
2024-03-29 16:00:00,0.7836
2024-03-29 16:10:00,0.6653
2024-03-29 16:20:00,0.9094
2024-03-29 16:30:00,1.1111
2024-03-29 16:40:00,0.961
2024-03-29 16:50:00,1.0393
2024-03-29 17:00:00,1.1771
2024-03-29 17:10:00,1.449
2024-03-29 17:20:00,1.2839
2024-03-29 17:30:00,1.7943
2024-03-29 17:40:00,1.8209
2024-03-29 17:50:00,1.9658
2024-03-29 18:00:00,2.3699
2024-03-29 18:10:00,2.2585
2024-03-29 18:20:00,2.7815
2024-03-29 18:30:00,3.0519
2024-03-29 18:40:00,3.1441
2024-03-29 18:50:00,3.6589
2024-03-29 19:00:00,3.9404
2024-03-29 19:10:00,4.1753
2024-03-29 19:20:00,4.6246
2024-03-29 19:30:00,4.6837
2024-03-29 19:40:00,5.0572
2024-03-29 19:50:00,5.2089
2024-03-29 20:00:00,5.3056
2024-03-29 20:10:00,5.5924
2024-03-29 20:20:00,5.5494
2024-03-29 20:30:00,5.3635
2024-03-29 20:40:00,5.2566
2024-03-29 20:50:00,5.5263
2024-03-29 21:00:00,5.0476
2024-03-29 21:10:00,5.0424
2024-03-29 21:20:00,4.7329
2024-03-29 21:30:00,4.3573
2024-03-29 21:40:00,4.368
2024-03-29 21:50:00,3.7485
2024-03-29 22:00:00,3.478
2024-03-29 22:10:00,3.0565
2024-03-29 22:20:00,2.6432
2024-03-29 22:30:00,2.3615
2024-03-29 22:40:00,2.2971
2024-03-29 22:50:00,1.9864
2024-03-29 23:00:00,1.8933
2024-03-29 23:10:00,1.4435
2024-03-29 23:20:00,1.1194
2024-03-29 23:30:00,1.0541
2024-03-29 23:40:00,0.8367
2024-03-29 23:50:00,1.0467
2024-03-30 00:00:00,0.8736
2024-03-30 00:10:00,0.4838
2024-03-30 00:20:00,1.289
2024-03-30 00:30:00,0.808
2024-03-30 00:40:00,0.778
2024-03-30 00:50:00,1.083
2024-03-30 01:00:00,0.616
2024-03-30 01:10:00,0.9304
2024-03-30 01:20:00,0.6328
2024-03-30 01:30:00,0.4823
2024-03-30 01:40:00,0.8968
2024-03-30 01:50:00,0.7405
2024-03-30 02:00:00,0.7033
2024-03-30 02:10:00,0.5869
2024-03-30 02:20:00,0.5925
2024-03-30 02:30:00,0.294
2024-03-30 02:40:00,0.4779
2024-03-30 02:50:00,0.311
2024-03-30 03:00:00,0.2383
2024-03-30 03:10:00,0.5119
2024-03-30 03:20:00,0.6349
2024-03-30 03:30:00,0.4213
2024-03-30 03:40:00,0.4708
2024-03-30 03:50:00,0.361
2024-03-30 04:00:00,0.5664
2024-03-30 04:10:00,0.716
2024-03-30 04:20:00,0.7597
2024-03-30 04:30:00,0.7627
2024-03-30 04:40:00,0.6281
2024-03-30 04:50:00,0.6624
2024-03-30 05:00:00,0.9166
2024-03-30 05:10:00,0.9541
2024-03-30 05:20:00,0.8387
2024-03-30 05:30:00,0.8297
2024-03-30 05:40:00,1.0946
2024-03-30 05:50:00,0.8881
2024-03-30 06:00:00,1.0734
2024-03-30 06:10:00,0.9574
2024-03-30 06:20:00,0.8346
2024-03-30 06:30:00,1.2448
2024-03-30 06:40:00,1.0301
2024-03-30 06:50:00,0.9127
2024-03-30 07:00:00,0.8165
2024-03-30 07:10:00,0.836
2024-03-30 07:20:00,0.977
2024-03-30 07:30:00,1.3242
2024-03-30 07:40:00,0.9497
2024-03-30 07:50:00,1.2559
2024-03-30 08:00:00,1.0202
2024-03-30 08:10:00,0.8633
2024-03-30 08:20:00,0.97
2024-03-30 08:30:00,0.8492
2024-03-30 08:40:00,0.9132
2024-03-30 08:50:00,0.9089
2024-03-30 09:00:00,0.7563
2024-03-30 09:10:00,1.2689
2024-03-30 09:20:00,1.0737
2024-03-30 09:30:00,0.9391
2024-03-30 09:40:00,1.0753
2024-03-30 09:50:00,0.9168
2024-03-30 10:00:00,0.6414
2024-03-30 10:10:00,1.4856
2024-03-30 10:20:00,1.0705
2024-03-30 10:30:00,0.9537
2024-03-30 10:40:00,0.752
2024-03-30 10:50:00,0.818
2024-03-30 11:00:00,1.2903
2024-03-30 11:10:00,1.2674
2024-03-30 11:20:00,1.1551
2024-03-30 11:30:00,0.8748
2024-03-30 11:40:00,1.2686
2024-03-30 11:50:00,1.1096
2024-03-30 12:00:00,1.1403
2024-03-30 12:10:00,1.109
2024-03-30 12:20:00,0.8161
2024-03-30 12:30:00,0.8624
2024-03-30 12:40:00,0.9656
2024-03-30 12:50:00,1.1387
2024-03-30 13:00:00,0.8351
2024-03-30 13:10:00,1.016
2024-03-30 13:20:00,1.0159
2024-03-30 13:30:00,1.1614
2024-03-30 13:40:00,1.144
2024-03-30 13:50:00,0.8917
2024-03-30 14:00:00,1.2608
2024-03-30 14:10:00,0.8703
2024-03-30 14:20:00,1.2101
2024-03-30 14:30:00,0.9658
2024-03-30 14:40:00,1.0761
2024-03-30 14:50:00,1.0898
2024-03-30 15:00:00,1.0919
2024-03-30 15:10:00,1.1723
2024-03-30 15:20:00,1.1421
2024-03-30 15:30:00,1.2176
2024-03-30 15:40:00,1.1922
2024-03-30 15:50:00,0.9627
2024-03-30 16:00:00,1.2319
2024-03-30 16:10:00,1.1573
2024-03-30 16:20:00,1.1397
2024-03-30 16:30:00,1.3435
2024-03-30 16:40:00,1.5146
2024-03-30 16:50:00,1.6472
2024-03-30 17:00:00,1.916
2024-03-30 17:10:00,2.1297
2024-03-30 17:20:00,2.1907
2024-03-30 17:30:00,2.457
2024-03-30 17:40:00,2.6669
2024-03-30 17:50:00,3.0753
2024-03-30 18:00:00,3.375
2024-03-30 18:10:00,3.6678
2024-03-30 18:20:00,4.4023
2024-03-30 18:30:00,4.4264
2024-03-30 18:40:00,5.1749
2024-03-30 18:50:00,5.2145
2024-03-30 19:00:00,6.0045
2024-03-30 19:10:00,6.5571
2024-03-30 19:20:00,6.4979
2024-03-30 19:30:00,7.2187
2024-03-30 19:40:00,7.6782
2024-03-30 19:50:00,7.9287
2024-03-30 20:00:00,8.2029
2024-03-30 20:10:00,8.3465
2024-03-30 20:20:00,8.2578
2024-03-30 20:30:00,8.7831
2024-03-30 20:40:00,8.2653
2024-03-30 20:50:00,8.2265
2024-03-30 21:00:00,7.7969
2024-03-30 21:10:00,7.2051
2024-03-30 21:20:00,6.9916
2024-03-30 21:30:00,6.4421
2024-03-30 21:40:00,6.3129
2024-03-30 21:50:00,5.5254
2024-03-30 22:00:00,5.0006
2024-03-30 22:10:00,4.3886
2024-03-30 22:20:00,4.0556
2024-03-30 22:30:00,3.4607
2024-03-30 22:40:00,3.2853
2024-03-30 22:50:00,2.7968
2024-03-30 23:00:00,2.3297
2024-03-30 23:10:00,2.2558
2024-03-30 23:20:00,1.889
2024-03-30 23:30:00,1.6937
2024-03-30 23:40:00,1.3122
2024-03-30 23:50:00,1.3954
