value,value_diff,value_rolling_mean_3,value_volatility_3,value_ewm_3,value_rolling_mean_6,value_volatility_6,value_ewm_6,value_rolling_mean_12,value_volatility_12,value_ewm_12,value_rolling_mean_24,value_volatility_24,value_ewm_24,drift_flag,time_since_last_spike
0.534,0.0,0.43566666666666665,0.0,0.534,0.3638333333333333,0.0,0.534,0.33716666666666667,0.0,0.534,0.5630000000000001,0.0,0.534,0,1
0.419,-0.11500000000000005,0.43566666666666665,0.0,0.47650000000000003,0.3638333333333333,0.0,0.5011428571428571,0.33716666666666667,0.0,0.5163076923076924,0.5630000000000001,0.0,0.5248,1,0
0.354,-0.065,0.43566666666666665,0.0911500594258355,0.41525,0.3638333333333333,0.0,0.4591020408163265,0.33716666666666667,0.0,0.4913372781065089,0.5630000000000001,0.0,0.511136,1,0
0.281,-0.07299999999999995,0.35133333333333333,0.06903863652574077,0.348125,0.3638333333333333,0.0,0.4082157434402332,0.33716666666666667,0.0,0.4589776968593537,0.5630000000000001,0.0,0.49272512000000007,1,0
0.273,-0.008000000000000007,0.30266666666666664,0.04463556130859518,0.3105625,0.3638333333333333,0.0,0.3695826738858809,0.33716666666666667,0.0,0.4303657434963762,0.5630000000000001,0.0,0.47514711040000013,1,0
0.322,0.04899999999999999,0.29200000000000004,0.026286878856190393,0.31628125,0.3638333333333333,0.09895335601517853,0.3559876242042006,0.33716666666666667,0.0,0.41369409065077983,0.5630000000000001,0.0,0.46289534156800016,0,1
0.31,-0.01200000000000001,0.3016666666666667,0.02554081700598791,0.313140625,0.3265,0.05392123885817166,0.34284830300300045,0.33716666666666667,0.0,0.39774115362758294,0.5630000000000001,0.0,0.45066371424256013,0,2
0.298,-0.01200000000000001,0.31,0.0120000000000011,0.3055703125,0.30633333333333335,0.02950706130177435,0.3300345021450003,0.33716666666666667,0.0,0.38239636076180095,0.5630000000000001,0.0,0.43845061710315536,0,3
0.314,0.016000000000000014,0.3073333333333333,0.008326663997866142,0.30978515625,0.2996666666666667,0.019356308187944052,0.32545321581785736,0.33716666666666667,0.0,0.3718738437215239,0.5630000000000001,0.0,0.4284945677349029,0,4
0.314,0.0,0.30866666666666664,0.009237604307035456,0.31189257812500004,0.30516666666666664,0.017600189392920462,0.32218086844132665,0.33716666666666667,0.0,0.3629701754566741,0.5630000000000001,0.0,0.41933500231611065,0,5
0.292,-0.02200000000000002,0.30666666666666664,0.012701705922172832,0.3019462890625,0.30833333333333335,0.011201190412927995,0.31355776317237616,0.33716666666666667,0.0,0.35205168692487804,0.5630000000000001,0.0,0.4091482021308218,0,6
0.335,0.04300000000000004,0.31366666666666665,0.02150193789716081,0.31847314453125,0.3105,0.014989996664442697,0.31968411655169726,0.33716666666666667,0.0729979244204722,0.3494283504748968,0.5630000000000001,0.0,0.40321634596035605,1,0
0.389,0.05399999999999999,0.33866666666666667,0.04860384072615411,0.353736572265625,0.32366666666666666,0.03534213726795069,0.3394886546797838,0.32508333333333334,0.04349181392846106,0.35551629655568195,0.5630000000000001,0.0,0.40207903828352753,0,1
0.649,0.26,0.45766666666666667,0.16788488119343367,0.5013682861328125,0.3821666666666667,0.1348293983768624,0.42792046762841696,0.34425,0.10113009173606764,0.4006676355471155,0.5630000000000001,0.0,0.42183271522084537,0,2
1.489,0.8400000000000001,0.8423333333333334,0.5749202843293436,0.9951841430664063,0.578,0.4650212898352074,0.7310860483060122,0.43883333333333335,0.34581993037189784,0.5681033839244823,0.5630000000000001,0.0,0.5072060980031778,0,3
1.64,0.1509999999999998,1.2593333333333332,0.533929146360576,1.3175920715332032,0.799,0.6076719509735494,0.9907757487900087,0.5520833333333334,0.48425096016863245,0.7330105556284081,0.5630000000000001,0.0,0.5978296101629237,0,4
0.784,-0.8559999999999999,1.3043333333333333,0.45690298021936054,1.0507960357666017,0.8810000000000001,0.5566251880754228,0.9316969634214348,0.5946666666666667,0.4799267620894848,0.74085508553173,0.5630000000000001,0.0,0.6127232413498898,0,5
0.543,-0.241,0.989,0.57651626169606,0.796898017883301,0.9156666666666667,0.5211670237713304,0.8206406881581677,0.6130833333333333,0.4726981466843168,0.7104158416037715,0.5630000000000001,0.0,0.6071453820418986,0,6
0.565,0.02199999999999991,0.6306666666666666,0.13324538766251226,0.6809490089416504,0.945,0.48959207509926045,0.7476004915415483,0.6343333333333333,0.4634762587492939,0.6880441736647297,0.5630000000000001,0.0,0.6037737514785467,0,7
0.378,-0.18699999999999994,0.49533333333333335,0.10220730567495227,0.5294745044708252,0.8998333333333334,0.5329418042025476,0.6420003511011059,0.641,0.45874988233835495,0.640345070024002,0.5630000000000001,0.0,0.585711851360263,0,8
0.394,0.016000000000000014,0.44566666666666666,0.10365487607118687,0.4617372522354126,0.7173333333333334,0.47519413576628494,0.5711431079293613,0.6476666666666667,0.454123798366067,0.6024458284818478,0.5630000000000001,0.0,0.570374903251442,0,9
0.683,0.28900000000000003,0.48500000000000004,0.1716595467779168,0.5723686261177063,0.5578333333333333,0.15891559604603459,0.6031022199495438,0.6784166666666667,0.4418021890421371,0.6148387779461789,0.5630000000000001,0.0,0.5793849109913267,0,10
1.044,0.361,0.707,0.32566393721135267,0.8081843130588532,0.6011666666666666,0.2450350315091017,0.7290730142496742,0.7410833333333334,0.43529393587099346,0.6808635813390744,0.5630000000000001,0.0,0.6165541181120207,0,11
0.908,-0.136,0.8783333333333334,0.1823193169505997,0.8580921565294266,0.662,0.27157687677709197,0.7801950101783386,0.7888333333333333,0.41777393480931835,0.7158076457484476,0.5630000000000001,0.37314864738261916,0.6398697886630591,0,12
0.985,0.07699999999999996,0.9790000000000001,0.06819824044650946,0.9215460782647134,0.7320000000000001,0.2947168132292418,0.8387107215559562,0.8384999999999999,0.40100997493828,0.7572218540948402,0.5817916666666666,0.3828546073411144,0.6674802055700144,0,13
0.872,-0.11299999999999999,0.9216666666666667,0.057726366015307444,0.8967730391323567,0.8143333333333334,0.23995888536719473,0.8482219439685401,0.8570833333333333,0.39657246462275925,0.7748800303879417,0.6006666666666667,0.3856364210955215,0.6838417891244133,0,14
0.727,-0.14500000000000002,0.8613333333333334,0.12933032642552647,0.8118865195661784,0.8698333333333332,0.1416805091276373,0.8135871028346715,0.7935833333333333,0.3436677725344462,0.7675138718667199,0.6162083333333334,0.38276874380216064,0.6872944459944602,0,15
0.505,-0.22199999999999998,0.7013333333333334,0.18484137343498938,0.6584432597830892,0.8401666666666667,0.19661273271755955,0.7254193591676225,0.699,0.22536636838712207,0.7271271223487631,0.6255416666666668,0.3769261234462689,0.6727108903149034,0,16
0.729,0.22399999999999998,0.6536666666666667,0.1287529934927075,0.6937216298915445,0.7876666666666666,0.17178785366453153,0.7264423994054446,0.6944166666666667,0.22403589742122434,0.7274152573720303,0.6445416666666667,0.36980840858202657,0.6772140190897111,0,17
0.404,-0.32499999999999996,0.5459999999999999,0.16633400133466353,0.5488608149457723,0.7036666666666668,0.21814643399942726,0.6343159995753176,0.6828333333333333,0.23585775117192737,0.6776590639301794,0.6479583333333333,0.3670675188651227,0.6553568975625342,0,18
0.426,0.021999999999999964,0.5196666666666667,0.1816214010884543,0.48743040747288613,0.6104999999999999,0.19173393022623766,0.5747971425537982,0.67125,0.2453913849714,0.638942284863998,0.6527916666666667,0.36316698508808737,0.6370083457575315,0,19
0.39,-0.035999999999999976,0.4066666666666667,0.01814754345175142,0.43871520373644307,0.5301666666666667,0.1583204556166588,0.5219979589669987,0.67225,0.2441088151549707,0.6006434718079983,0.656625,0.35972849816396874,0.617247678096929,0,20
0.466,0.07600000000000001,0.42733333333333334,0.038017539811686964,0.45235760186822155,0.48666666666666664,0.1259740714062478,0.5059985421192849,0.6782499999999999,0.23744171533624459,0.5799290915298447,0.6629583333333333,0.35473743862513146,0.6051478638491747,0,21
0.812,0.34600000000000003,0.556,0.22493554632382998,0.6321788009341108,0.5378333333333334,0.1839265251851033,0.5934275300852034,0.6890000000000001,0.24057582437295585,0.615632308217561,0.6837083333333333,0.34793783542299717,0.6216960347412408,0,22
0.912,0.09999999999999998,0.73,0.23403418553707034,0.7720894004670554,0.5683333333333334,0.2310927663659476,0.6844482357751454,0.6779999999999999,0.22540791306590657,0.6612273377225516,0.7095416666666668,0.34052784846427797,0.6449203519619416,0,23
0.936,0.02400000000000002,0.8866666666666667,0.06576726642740455,0.8540447002335277,0.657,0.25613355891019013,0.7563201684108181,0.6803333333333333,0.22813366629449877,0.7035000549960052,0.7345833333333335,0.3338193883793617,0.6682067238049862,0,24
0.676,-0.26,0.8413333333333334,0.14368484030451234,0.7650223501167639,0.6986666666666667,0.2300457925428468,0.7333715488648701,0.6545833333333334,0.20708691997381792,0.6992692773043121,0.7465416666666668,0.3259491797100022,0.6688301859005874,0,25
0.66,-0.016000000000000014,0.7573333333333334,0.15493654615142685,0.7125111750583819,0.7436666666666666,0.17814338793978998,0.712408249189193,0.6369166666666667,0.19557582037448182,0.6932278500267256,0.747,0.3258137638216843,0.6681237710285404,0,26
1.617,0.957,0.9843333333333334,0.5479638065906662,1.164755587529191,0.9355000000000001,0.3531253318582509,0.9708630351351378,0.7110833333333334,0.344725044144759,0.8353466423303062,0.7523333333333334,0.3392580993447534,0.7440338693462571,1,0
2.837,1.2200000000000002,1.7046666666666666,1.091144506164666,2.0008777937645954,1.273,0.8414867794564571,1.5040450250965272,0.9054166666666666,0.6961618748973588,1.1432933127410283,0.8022083333333333,0.516905169939463,0.9114711597985566,0,1
3.905,1.0679999999999996,2.7863333333333333,1.1448411825809433,2.952938896882298,1.7718333333333334,1.3300071303067014,2.1900321607832334,1.1700833333333334,1.1060515735413665,1.5681712646270238,0.9322500000000001,0.8173796015582224,1.1509534670146722,0,2
1.53,-2.375,2.7573333333333334,1.1895025570940705,2.241469448441149,1.8708333333333333,1.2763741483854436,2.001451543416595,1.2639166666666668,1.0826671996285444,1.5622987623767126,0.973375,0.8217615126638947,1.1812771896534986,0,3
1.521,-0.009000000000000119,2.3186666666666667,1.37381233555873,1.8812347242205745,2.0116666666666667,1.1594315273730773,1.8641796738689966,1.3551666666666666,1.0513160439384646,1.5559451066264491,1.0132083333333333,0.8242719569765621,1.2084550144812187,0,4
1.331,-0.18999999999999995,1.4606666666666666,0.11238475578713102,1.6061173621102873,2.1235,1.0278785434087045,1.7118426241921405,1.4335833333333332,1.0069380642082781,1.5213381671454569,1.0529166666666667,0.8152465040212321,1.2182586133227211,0,5
1.847,0.516,1.5663333333333334,0.2609699855028027,1.7265586810551437,2.161833333333333,1.0093329315278812,1.7504590172801002,1.5486666666666666,0.9643147669184418,1.5714399875846174,1.1134583333333334,0.8181327615856185,1.2685579242569034,0,6
0.945,-0.902,1.3743333333333332,0.45255865181579846,1.3357793405275717,1.8464999999999998,1.0509031829811917,1.520327869485786,1.5597500000000002,0.955804955854678,1.4750646048792917,1.1243750000000001,0.813876169007461,1.2426732903163513,0,7
0.7,-0.245,1.164,0.6040471835875074,1.0178896702637859,1.3123333333333334,0.42119433361177466,1.2859484782041328,1.5420833333333333,0.9707091557987461,1.3558238964363238,1.1100416666666668,0.8183699322522139,1.1992594270910433,0,8
0.285,-0.415,0.6433333333333333,0.3336290355070036,0.6514448351318929,1.1048333333333333,0.5721399886974052,0.9999631987172377,1.4878333333333333,1.0243687043365983,1.1910817585230433,1.0840833333333333,0.834773487457717,1.1261186729237598,0,9
0.281,-0.003999999999999948,0.422,0.24076336930687822,0.46622241756594646,0.8981666666666666,0.6141597240674994,0.7945451419408841,1.4549166666666666,1.0586017757858566,1.0510691802887289,1.05475,0.8506251026259404,1.058509179089859,0,10
0.419,0.13799999999999996,0.3283333333333333,0.0785451038151559,0.4426112087829732,0.7461666666666668,0.5982629577925305,0.6872465299577744,1.4348333333333334,1.0771766828429796,0.9538277679366167,1.035875,0.8598326587696915,1.0073484447626704,0,11
0.364,-0.05499999999999999,0.3546666666666667,0.06947181682764318,0.4033056043914866,0.49899999999999994,0.2673058173702932,0.5948903785412674,1.3304166666666666,1.1178742373836423,0.8630850344079065,1.02075,0.8686496892353649,0.9558805691816569,0,12
0.344,-0.020000000000000018,0.37566666666666665,0.0388372673257736,0.37365280219574326,0.3988333333333333,0.15631432009469648,0.5232074132437624,1.1226666666666667,1.0414751193583183,0.7832257983451517,1.0140416666666667,0.8734144630559783,0.9069301236471243,0,13
0.355,0.01100000000000001,0.35433333333333333,0.010016652800891545,0.3643264010978716,0.3413333333333333,0.05206406310179082,0.47514815231697316,0.8268333333333334,0.5822448459248567,0.7173449062920515,0.9984583333333332,0.8820153296097902,0.8627757137553544,0,14
0.362,0.007000000000000006,0.35366666666666663,0.00907377172589265,0.3631632005489358,0.3541666666666667,0.04431440698765189,0.44282010879783795,0.7294999999999999,0.5507879479766811,0.6626764591701975,0.9967083333333333,0.8832868202820975,0.8227136566549261,0,15
0.331,-0.030999999999999972,0.34933333333333333,0.016258331197684765,0.3470816002744679,0.3625,0.030283658959917335,0.41087150628416996,0.6303333333333333,0.5001238634457252,0.6116493116055517,0.99275,0.8861637521655771,0.7833765641225321,0,16
0.381,0.04999999999999999,0.35800000000000004,0.02523885892825336,0.36404080013723394,0.3561666666666667,0.017290652580722675,0.4023367902029785,0.5511666666666667,0.4520043912363788,0.5761648021277745,0.992375,0.8864317729207808,0.7511864389927295,1,0
0.356,-0.025000000000000022,0.35600000000000004,0.0250000000000055,0.36002040006861696,0.35483333333333333,0.01686910390824754,0.3890977072878418,0.42691666666666667,0.19564274413668686,0.5422932941081169,0.9877916666666665,0.8895506427486258,0.7195715238733111,0,1
0.336,-0.019999999999999962,0.35766666666666663,0.022546248764120574,0.3480102000343085,0.3535,0.018163149506640802,0.3739269337770299,0.3761666666666666,0.10870546806797998,0.5105558642453296,0.9679583333333334,0.8988978023434987,0.6888858019634463,0,2
0.376,0.03999999999999998,0.35600000000000004,0.020000000000006884,0.36200510001715425,0.357,0.020396078054385466,0.3745192384121642,0.3491666666666667,0.03857656691764262,0.48985496205374046,0.945625,0.9069708212793698,0.6638549378063706,0,3
0.388,0.01200000000000001,0.3666666666666667,0.027227437142221166,0.37500255000857713,0.36133333333333334,0.02409702609591584,0.37837088458011725,0.35775,0.03421356721854683,0.47418496789162656,0.9227916666666666,0.9140937531198614,0.641786542781861,0,4
0.463,0.07500000000000001,0.40900000000000003,0.04714870093650784,0.4190012750042886,0.3833333333333333,0.04339431606405656,0.4025506318429409,0.37291666666666673,0.037298448257589455,0.47246420360060715,0.9139166666666667,0.9176212592144536,0.6274836193593121,0,5
0.643,0.18,0.49800000000000005,0.1310534242208124,0.5310006375021443,0.42700000000000005,0.11436433010340481,0.4712504513163864,0.39158333333333334,0.08630965218679709,0.49870047996974454,0.9132083333333334,0.9178323224322893,0.6287249298105672,0,6
0.719,0.07599999999999996,0.6083333333333334,0.13147369825685096,0.6250003187510722,0.48750000000000004,0.15726251937445396,0.5420360366545617,0.4211666666666667,0.12716548512100453,0.5325927138205531,0.8757916666666666,0.9061232749978085,0.6359469354257218,0,7
1.598,0.8790000000000001,0.9866666666666667,0.5307921752751573,1.1115001593755363,0.6978333333333334,0.4622715291543133,0.8437400261818297,0.5256666666666667,0.36002786087476674,0.6965015270789295,0.8241666666666667,0.8208068494219402,0.7129111805916641,0,8
1.329,-0.26900000000000013,1.2153333333333334,0.45038909104610125,1.220250079687768,0.8566666666666666,0.4923213042989985,0.9823857329870213,0.6068333333333333,0.42243683408040844,0.7938089844514019,0.7168333333333333,0.510007729410027,0.762198286144331,0,9
0.561,-0.7679999999999999,1.1626666666666667,0.5381378386002356,0.890625039843884,0.8855,0.4636126616044911,0.8619898092764438,0.6234166666666666,0.4158057803466622,0.7579922176127247,0.6764583333333333,0.48032606490090535,0.7461024232527846,0,10
0.451,-0.11000000000000004,0.7803333333333334,0.47833182345870867,0.670812519921942,0.8835000000000001,0.46582045897534424,0.7445641494831742,0.6334166666666667,0.40952954346383447,0.7107626456723055,0.631875,0.44703266221491783,0.7224942293925619,0,11
0.44,-0.01100000000000001,0.48400000000000015,0.06691038783328,0.555406259960971,0.8496666666666667,0.49334112606457925,0.6575458210594101,0.6383333333333333,0.4065670767275526,0.6691068540304124,0.59475,0.4227878746564547,0.699894691041157,0,12
0.382,-0.057999999999999996,0.4243333333333334,0.03707200201409773,0.4687031299804855,0.7935,0.5290817517170673,0.5788184436138644,0.6405000000000001,0.4049919191113006,0.6249365687949643,0.5337083333333333,0.32962079387323767,0.6744631157578644,0,13
0.395,0.013000000000000012,0.4056666666666667,0.03043572462310143,0.4318515649902428,0.593,0.36606502154671977,0.5262988882956174,0.6454166666666666,0.40130049007362684,0.5895617120572775,0.5107916666666666,0.3187217648761963,0.6521060664972352,0,14
0.494,0.09899999999999998,0.4236666666666668,0.061256292193808654,0.4629257824951214,0.45383333333333337,0.06621001938277261,0.5170706344968696,0.65525,0.39550247097262775,0.5748599102023116,0.5022083333333333,0.31616836174894974,0.6394575811774564,0,15
0.399,-0.09499999999999997,0.4293333333333334,0.05603867711976491,0.4309628912475607,0.42683333333333334,0.04258364318217887,0.48333616749776404,0.6561666666666667,0.3948389391622711,0.5478045394019561,0.5069583333333334,0.3136092111511408,0.6202209746832599,1,0
0.377,-0.02200000000000002,0.4233333333333334,0.06217984668148726,0.40398144562378036,0.41450000000000004,0.04484082960874459,0.45295440535554576,0.649,0.3994177580610872,0.5215269179555013,0.5109583333333333,0.31120487857563484,0.6007632967085991,0,1
0.376,-0.0010000000000000009,0.38400000000000006,0.012999999999997038,0.3899907228118902,0.4038333333333333,0.045172631832417466,0.4309674323968184,0.62675,0.40714440703737775,0.49913816134696265,0.5091666666666667,0.3118803653948751,0.5827822329719111,0,2
0.5,0.124,0.4176666666666667,0.07130451131122953,0.4449953614059451,0.42350000000000004,0.057712217077499815,0.45069102314058457,0.6084999999999999,0.40754152047256564,0.4992707519089684,0.5148333333333334,0.31035991262132917,0.5761596543341583,1,0
0.488,-0.01200000000000001,0.4546666666666668,0.06839103255057101,0.46649768070297254,0.439,0.060926184846915005,0.46135073081470324,0.516,0.2628041095569088,0.49753679007681945,0.5208333333333334,0.30829879164138235,0.5691068819874257,0,1
0.315,-0.173,0.4343333333333334,0.1035197243685147,0.39074884035148627,0.4091666666666667,0.07151340200736597,0.4195362362962166,0.4315,0.06972347980675807,0.469454206988078,0.5191666666666667,0.3093406264757445,0.5487783314284316,1,0
0.31,-0.0050000000000000044,0.37100000000000005,0.101355808910984,0.35037442017574316,0.39433333333333337,0.08243947274617386,0.3882401687830119,0.41058333333333336,0.06481927089058968,0.4449227905283737,0.517,0.3106685637809841,0.5296760649141571,0,1
0.326,0.016000000000000014,0.3170000000000001,0.008185352771865512,0.33818721008787156,0.3858333333333333,0.08708252790696391,0.37045726341643703,0.4001666666666666,0.06771307559150136,0.4266269766009316,0.5167916666666666,0.31080036639879216,0.5133819797210245,0,2
0.331,0.0050000000000000044,0.3223333333333334,0.010969655114597793,0.33459360504393576,0.37833333333333335,0.08998814736767921,0.35918375958316934,0.3910833333333334,0.06917889632662166,0.4119151340469421,0.5147083333333333,0.3119157465903489,0.4987914213433426,0,3
0.361,0.02999999999999997,0.33933333333333343,0.018929694485998044,0.3477968025219679,0.3551666666666667,0.06747863859524113,0.35970268541654954,0.3893333333333333,0.06969326735884382,0.4040820365012587,0.5149166666666667,0.31180678474737045,0.4877681076358752,0,4
0.575,0.21399999999999997,0.4223333333333334,0.13306138934091,0.4613984012609839,0.36966666666666664,0.10216392057212347,0.4212162038689639,0.4043333333333334,0.08799207953336384,0.4303771078087574,0.5248750000000001,0.30965328612610576,0.4947466590250052,1,0
0.485,-0.08999999999999997,0.47366666666666674,0.10744921280927681,0.4731992006304919,0.39799999999999996,0.10740949678683197,0.4394401456206885,0.40358333333333335,0.08719305469977844,0.4387806296843332,0.5294166666666666,0.3081706072752657,0.4939669263030048,0,1
0.375,-0.10999999999999999,0.47833333333333333,0.10016652800877773,0.42409960031524596,0.4088333333333333,0.09976455616433688,0.42102867544334893,0.40158333333333324,0.08758212596117176,0.4289682251175127,0.528875,0.3084412864288976,0.4844495721987645,0,2
0.364,-0.01100000000000001,0.4080000000000001,0.0669103878332797,0.394049800157623,0.41516666666666663,0.09452283674682603,0.40473476817382065,0.4005,0.0879932848677554,0.4189731135609723,0.52475,0.3100185478322228,0.47481360642286335,0,3
0.375,0.01100000000000001,0.37133333333333346,0.006350852961077248,0.38452490007881146,0.42249999999999993,0.0881810637268595,0.39623912012415763,0.4004166666666667,0.08801906646065856,0.4122080191669766,0.5135833333333334,0.310400430953683,0.46682851790903435,0,4
0.731,0.356,0.49000000000000005,0.2087845779745236,0.5577624500394057,0.4841666666666667,0.146596612057261,0.49188508580296975,0.4196666666666667,0.1279711141648998,0.461252939295134,0.5140833333333333,0.3107551694860748,0.4879622364763116,1,0
1.237,0.5060000000000001,0.7810000000000001,0.4331697126993069,0.8973812250197029,0.5945,0.34436013125796133,0.7047750612878355,0.48208333333333336,0.2691327682941948,0.5805986409420365,0.49904166666666666,0.26071681775054567,0.5478852575582067,0,1
1.757,0.5199999999999998,1.241666666666667,0.5130159191812019,1.3271906125098514,0.8065000000000001,0.576657870838507,1.0054107580627396,0.6022500000000001,0.4493401475294834,0.7615834654124924,0.516875,0.32633542526457177,0.6446144369535503,0,2
1.341,-0.4159999999999999,1.4450000000000003,0.27515813635071795,1.3340953062549257,0.9674999999999999,0.5668586243500227,1.1012933986162425,0.6881666666666666,0.48549259583031784,0.8507244707336474,0.549375,0.36720244534801977,0.7003252819972663,0,3
1.472,0.131,1.5233333333333334,0.2126977511242977,1.4030476531274627,1.1521666666666668,0.5083976462048843,1.2072095704401733,0.7836666666666666,0.5193107903459129,0.9463053213900093,0.5919166666666668,0.4117507600549115,0.762059259437485,0,4
3.319,1.847,2.044,1.1061234108362414,2.3610238265637316,1.6428333333333331,0.8875806254457486,1.8105782646001236,1.0326666666666666,0.8762272778362028,1.3113352719453926,0.711875,0.6905553727443493,0.9666145186824862,1,0
2.859,-0.45999999999999996,2.5500000000000003,0.9614899895474732,2.6100119132818658,1.9974999999999998,0.8754298943947478,2.1101273318572313,1.2408333333333335,0.991320224689675,1.5494375377999474,0.8150833333333334,0.8133028697668628,1.1180053571878872,0,1
2.233,-0.6259999999999999,2.803666666666667,0.5451103863744786,2.421505956640933,2.1635,0.7929251540971565,2.145233808469451,1.3790000000000002,1.0055235633060202,1.6546009935230324,0.8916666666666666,0.8573689108402303,1.2072049286128563,0,2
3.383,1.15,2.8250000000000006,0.5757534194427334,2.9022529783204662,2.4345000000000003,0.8972116249804162,2.498881291763894,1.6205,1.1135025411245854,1.9205085329810274,1.0120416666666665,0.9914353441685781,1.3812685343238278,0,3
2.274,-1.109,2.6300000000000003,0.652439269204422,2.588126489160233,2.59,0.7361901928170456,2.434629494117067,1.7787500000000003,1.053739757849502,1.974891835599331,1.0901666666666667,1.0146309531127529,1.4526870515779218,0,4
0.5,-1.774,2.0523333333333333,1.4542263693570319,1.5440632445801166,2.428,1.0649499518756733,1.8818782100836193,1.7900833333333335,1.0377504042471635,1.7479853993532801,1.0952916666666666,1.011176821038634,1.376472087451688,0,5
0.521,0.02100000000000002,1.0983333333333334,1.018211340210536,1.0325316222900582,1.9616666666666667,1.2007130659181926,1.4930558643454424,1.80225,1.0203618008066817,1.5592184148373909,1.1013333333333335,1.007117309632954,1.308034320455553,0,6
0.541,0.020000000000000018,0.5206666666666668,0.020502032419658773,0.7867658111450291,1.5753333333333337,1.2268761415345342,1.2210399031038874,1.7864166666666665,1.039785245163926,1.4025694279393308,1.1030416666666667,1.0060871895472157,1.2466715748191086,0,7
0.44,-0.10100000000000003,0.5006666666666668,0.05348208422768109,0.6133829055725145,1.2765000000000002,1.2527388794158183,0.9978856450742053,1.72,1.1016818547525002,1.2544818236409723,1.1010416666666667,1.0074098289205826,1.1821378488335799,0,8
0.46,0.020000000000000018,0.4803333333333335,0.05348208422768142,0.5366914527862573,0.7893333333333333,0.7283014943460348,0.8442040321958609,1.6119166666666667,1.159811070690813,1.1322538507731303,1.1070833333333334,1.0029155721831906,1.1243668209268936,0,9
0.526,0.066,0.47533333333333355,0.04500370355133917,0.5313457263931287,0.498,0.03993494710151703,0.7532885944256149,1.5440000000000003,1.200274438315141,1.0389840275772642,1.1160833333333333,0.9963996891708219,1.076497475252742,0,10
0.674,0.14800000000000002,0.5533333333333336,0.10958710386417139,0.6026728631965643,0.527,0.08234075540096128,0.7306347103040107,1.4775,1.2264470117894506,0.9828326387192236,1.1305833333333333,0.986888915675953,1.0442976772325228,0,11
0.419,-0.25500000000000006,0.5396666666666668,0.12804816802022867,0.5108364315982822,0.51,0.09358846082718186,0.6415962216457219,1.2358333333333336,1.1108703249200056,0.896089155839343,1.13425,0.9839480920384406,0.994273863053921,1,0
0.459,0.040000000000000036,0.5173333333333335,0.1371434771811505,0.4849182157991411,0.49633333333333335,0.09414173711307666,0.5894258726040871,1.0358333333333334,1.0028668753613161,0.8288446703255979,1.1383333333333334,0.980797930111063,0.9514519540096072,0,1
0.402,-0.056999999999999995,0.4266666666666668,0.029263173671645416,0.44345910789957055,0.49,0.09979779556684093,0.5358756232886336,0.88325,0.9415807912036206,0.7631762595062752,1.1311250000000002,0.9857414032749336,0.9074957976888387,0,2
0.439,0.03699999999999998,0.4333333333333335,0.02891942830238646,0.44122955394978525,0.4865,0.10141548205279596,0.5081968737775954,0.6379166666666666,0.5203726738568902,0.7133029888130021,1.1292083333333334,0.987096135539544,0.8700161338737317,0,3
0.5,0.061,0.4470000000000001,0.049487372126670016,0.4706147769748926,0.4821666666666667,0.09993481208601761,0.5058549098411396,0.49008333333333337,0.07302609537734055,0.6804871443802325,1.1344166666666666,0.9832659384912618,0.8404148431638332,0,4
0.556,0.05600000000000005,0.4983333333333335,0.05851780355871858,0.5133073884874464,0.4625000000000001,0.05703595357317177,0.5201820784579568,0.4947500000000001,0.07546597668064377,0.6613352760140428,1.1424166666666669,0.9774892823460776,0.8176616557107266,0,5
0.736,0.17999999999999994,0.5973333333333334,0.12330990768521652,0.6246536942437232,0.5153333333333334,0.12035558427703973,0.5818443417556834,0.5126666666666667,0.10282671507605967,0.6728221566272671,1.1574583333333333,0.9678972717304192,0.8111287232538685,0,6
1.402,0.6659999999999999,0.8980000000000001,0.44565906251304116,1.0133268471218615,0.6725,0.3760913452872862,0.8161745298254881,0.5844166666666667,0.27710203514010445,0.7850033632999951,1.1854166666666666,0.964729108933274,0.8583984253935592,0,7
3.114,1.712,1.7506666666666668,1.2267425701153991,2.063663423560931,1.1245,1.0362578347110338,1.4726960927324915,0.8072499999999999,0.7761630715489904,1.1433105381769189,1.263625,1.0420741779697378,1.0388465513620746,0,8
4.316,1.202,2.9440000000000004,1.4644193388507267,3.1898317117804655,1.7706666666666664,1.5861730884952834,2.2850686376660656,1.1285833333333335,1.2641347352192638,1.6314166092266236,1.3702499999999997,1.211841008727953,1.3010188272531087,0,9
3.193,-1.1229999999999998,3.541,0.672331019662189,3.1914158558902326,2.2195,1.5348912339315772,2.544477598332904,1.3508333333333333,1.3778894158909278,1.871660207807143,1.4474166666666666,1.2675806780486671,1.45237732107286,0,10
3.858,0.665,3.789,0.5646707004971998,3.5247079279451166,2.769833333333333,1.4056816733053987,2.9197697130949316,1.6161666666666665,1.5334847915974275,2.1772509450675823,1.546833333333333,1.3598049305967976,1.6448271353870314,0,11
3.102,-0.7560000000000002,3.3843333333333336,0.41272307099716715,3.313353963972558,3.1641666666666666,0.9920250836882427,2.9718355093535225,1.8397499999999998,1.5386520148257279,2.3195200304418004,1.537791666666667,1.3481808025814916,1.7614009645560689,0,12
2.068,-1.0339999999999998,3.0093333333333336,0.8985907485242286,2.690676981986279,3.275166666666667,0.7672017770226193,2.713596792395373,1.9738333333333333,1.4762310014685944,2.2808246411430617,1.5048333333333332,1.3239280049605568,1.7859288873915835,0,13
1.905,-0.16300000000000003,2.3583333333333334,0.6491704963515629,2.2978384909931395,3.073666666666666,0.9540190074975787,2.4825691374252665,2.099083333333333,1.3921097434752718,2.223005465582591,1.4911666666666668,1.3177630474692186,1.795454576400257,0,14
0.752,-1.153,1.575,0.7173834400095968,1.5249192454965699,2.4796666666666667,1.1207577198782377,1.988120812446619,2.1251666666666664,1.3607570642398985,1.9966969324160384,1.3815416666666664,1.261786138399836,1.7119782102882364,0,15
0.495,-0.257,1.0506666666666666,0.7509502868588153,1.009959622748285,2.03,1.3036369126409395,1.5615148660332994,2.12475,1.361300589676852,1.7656666351212633,1.3074166666666667,1.2593304610565597,1.6146199534651777,0,16
0.377,-0.118,0.5413333333333333,0.19174549103782842,0.6934798113741425,1.4498333333333333,1.0833845885310849,1.2230820471666424,2.1098333333333334,1.3808928490676096,1.5520256143333766,1.3022916666666666,1.2630041302272192,1.5156103571879636,0,17
0.594,0.21699999999999997,0.48866666666666664,0.10863854441835108,0.6437399056870712,1.0318333333333334,0.7514070579031507,1.0433443194047447,2.0980000000000003,1.394279481570059,1.404637058282088,1.3053333333333332,1.2611272620217568,1.4418815286129265,0,18
0.42,-0.174,0.46366666666666667,0.1149014070120035,0.5318699528435356,0.7571666666666667,0.5781195089829345,0.8652459424319605,2.0161666666666664,1.4658251063562264,1.2531544339309975,1.3002916666666666,1.264552936267671,1.3601310063238925,0,19
0.377,-0.04299999999999998,0.46366666666666667,0.1149014070120035,0.4544349764217678,0.5025,0.1476384096365276,0.7257471017371147,1.7880833333333335,1.492174767873652,1.1183614440954595,1.2976666666666667,1.2664803219146759,1.281480525817981,0,20
0.385,0.008000000000000007,0.39399999999999996,0.022869193252165475,0.4197174882108839,0.44133333333333336,0.08728497388823532,0.6283907869550819,1.4605,1.306730514055456,1.005536606542312,1.2945416666666667,1.268727639911483,1.2097620837525427,0,21
0.357,-0.028000000000000025,0.373,0.014422205102026913,0.3883587441054419,0.4183333333333333,0.0884887940174911,0.5508505621107728,1.2241666666666668,1.2183784181020973,0.9057617439973409,1.2874999999999999,1.2736381303009585,1.1415411170523393,0,22
0.373,0.016000000000000014,0.37166666666666665,0.014047538337312588,0.38067937205272095,0.4176666666666667,0.08887669360788558,0.5000361157934091,0.93375,0.9097557239571107,0.8237983987669807,1.2749583333333334,1.281400337238664,1.0800578276881523,0,23
0.378,0.0050000000000000044,0.36933333333333335,0.010969655114827951,0.3793396860263605,0.38166666666666665,0.020972998514042992,0.46516865413814934,0.70675,0.610023267067442,0.7552140297259067,1.27325,1.2826178477934338,1.0238932014731001,0,24
0.437,0.059,0.3960000000000001,0.035594943461184095,0.40816984301318027,0.3845,0.027362382937225642,0.4571204672415352,0.5708333333333333,0.4360458343992853,0.7062580251526902,1.2723333333333333,1.2832327948572313,0.9769417453552521,1,0
0.718,0.28099999999999997,0.511,0.18167828709013273,0.5630849215065901,0.44133333333333336,0.13822397283637133,0.5316574766010966,0.4719166666666666,0.14004509555096156,0.7080644828215071,1.2855,1.2755123778650508,0.956226405726832,1,0
0.956,0.238,0.7036666666666666,0.25979671540136473,0.759542460753295,0.5365,0.2461290312011223,0.6528981975722119,0.48891666666666667,0.18294582324399603,0.7462084085412752,1.3070416666666667,1.2649162707869044,0.9562082932686855,0,1
1.103,0.14700000000000002,0.9256666666666667,0.19428415615622732,0.9312712303766475,0.6608333333333333,0.3158628921963918,0.78149871255158,0.5395833333333333,0.2548469980679421,0.8010994226118483,1.3321666666666665,1.2541317684970836,0.9679516298071907,0,2
1.148,0.04499999999999993,1.069,0.1004141424302561,1.0396356151883237,0.7899999999999999,0.3326337325046913,0.8862133661082714,0.6038333333333333,0.30280771976869153,0.8544687422100254,1.3568333333333333,1.243982897501152,0.9823554994226156,0,3
0.987,-0.16099999999999992,1.0793333333333333,0.08306824503585636,1.0133178075941618,0.8914999999999998,0.2685060520733235,0.9150095472201938,0.6365833333333333,0.32227415159748396,0.8748581664854062,1.3672916666666666,1.2395838530019612,0.9827270594688065,0,4
0.437,-0.55,0.8573333333333334,0.3728140734110467,0.7251589037970809,0.8915000000000001,0.2685060520733235,0.778435390871567,0.638,0.3212713381664664,0.8074953716414974,1.3270833333333332,1.253976350815994,0.939068894711302,1,0
0.538,0.10100000000000003,0.654,0.29277465737321645,0.6315794518985405,0.8615,0.29997916594324076,0.7097395649082622,0.6514166666666666,0.3126262532840509,0.7660345452351133,1.21975,1.2036104111128028,0.9069833831343977,0,1
0.588,0.04999999999999993,0.521,0.07692203845455776,0.6097897259492702,0.8001666666666666,0.3140824201808646,0.67495683207733,0.6683333333333333,0.3022185642975294,0.738644615198942,1.0644166666666666,1.011947236838427,0.8814647124836459,0,2
0.562,-0.025999999999999912,0.5626666666666666,0.025006665778102805,0.5858948629746351,0.71,0.2861726751456237,0.6426834514838071,0.6854166666666667,0.28850286223043065,0.711468520552951,0.9547916666666666,0.9085580539067608,0.8559075354849542,0,3
0.458,-0.10400000000000004,0.5359999999999999,0.0687895340877117,0.5219474314873176,0.5950000000000001,0.20089001966250813,0.5899167510598623,0.6924999999999999,0.2810831323162715,0.6724733635448047,0.813125,0.6699287640585703,0.8240749326461579,0,4
0.563,0.10499999999999993,0.5276666666666666,0.06033517492589043,0.5424737157436588,0.5243333333333333,0.06193760301036603,0.5822262507570445,0.7079166666666666,0.26698534462105517,0.6556313076148348,0.7073333333333335,0.46050602287206766,0.8031889380344653,0,5
0.646,0.08300000000000007,0.5556666666666666,0.09421429473990534,0.5942368578718293,0.5591666666666667,0.0617686544022908,0.6004473219693175,0.7253333333333334,0.25421727762373586,0.6541495679817833,0.6480833333333333,0.3578685593861265,0.7906138229917081,0,6
0.364,-0.28200000000000003,0.5243333333333332,0.14492181800314888,0.47911842893591466,0.5301666666666667,0.10165907075450621,0.5328909442637982,0.6958333333333333,0.27484800207100574,0.6095111729076628,0.583875,0.2420498174559008,0.7564847171523715,1,0
0.33,-0.033999999999999975,0.4466666666666666,0.17346277218278836,0.40455921446795734,0.4871666666666667,0.12433891855195538,0.47492210304557014,0.6436666666666666,0.28033205418942,0.5665094539987916,0.5662916666666666,0.24461975446672826,0.7223659397801818,0,1
0.328,-0.0020000000000000018,0.3406666666666666,0.020231987874109104,0.3662796072339787,0.44816666666666666,0.13259625434630448,0.43294435931826436,0.5790833333333333,0.25281198847196856,0.5298156918451313,0.5593333333333333,0.2490705621456224,0.6908166645977674,0,2
0.392,0.064,0.3499999999999999,0.03638681079738576,0.37913980361698935,0.4371666666666667,0.13434346529202634,0.4212459709416174,0.5160833333333333,0.18259715139335797,0.5086132777151111,0.5599583333333333,0.24861153199435423,0.666911331429946,0,3
0.345,-0.04700000000000004,0.3549999999999999,0.03315116890857305,0.36206990180849463,0.4008333333333334,0.12245883662141317,0.39946140781544104,0.46258333333333335,0.11278254082592154,0.4834420042204786,0.5495833333333334,0.2522974291458859,0.6411584249155503,0,4
0.7,0.355,0.4789999999999999,0.19282893973676388,0.5310349509042473,0.40983333333333327,0.1441449501948297,0.4853295770110293,0.4845,0.13137974107005818,0.5167586189557896,0.56125,0.25251848834594637,0.6458657509223062,1,0
0.26,-0.43999999999999995,0.4349999999999999,0.23339880033968596,0.3955174754521237,0.3925,0.15648354546086723,0.42094969786502096,0.4613333333333333,0.14490268416695054,0.4772572929625911,0.556375,0.25731402106139245,0.6149964908485218,1,0
0.289,0.02899999999999997,0.4163333333333332,0.2460900919040382,0.34225873772606186,0.38566666666666666,0.16059970942274454,0.38324978418930067,0.4364166666666667,0.14683599901270714,0.44829463250680784,0.552375,0.2608162459097111,0.5889167715806402,0,1
0.312,0.02300000000000002,0.2869999999999999,0.02605762844168399,0.3271293688630309,0.383,0.16187649613209237,0.3628927029923576,0.41558333333333336,0.1451234323121518,0.4273262275057605,0.5505,0.26243856423932843,0.5667634298541889,0,2
0.322,0.010000000000000009,0.3076666666666666,0.016921386862138572,0.3245646844315154,0.3713333333333333,0.16361132805117745,0.35120907356596975,0.40425,0.14681040649267527,0.41112219250487425,0.548375,0.2641392604537304,0.5471823554658538,0,3
0.274,-0.04799999999999999,0.30266666666666664,0.025324559884392136,0.2992823422157577,0.3595,0.16839447734413193,0.32914933826140697,0.3801666666666667,0.14202741946112712,0.39002647058104745,0.5440416666666666,0.26788243351964297,0.5253277670285855,0,4
0.32,0.045999999999999985,0.3053333333333333,0.027153882472643928,0.30964117110787887,0.2961666666666667,0.02583344086005897,0.3265352416152907,0.353,0.11520179922836966,0.3792531674147325,0.5391666666666667,0.2709620006515703,0.5089015456662986,0,5
0.311,-0.009000000000000008,0.3016666666666666,0.02437895267106783,0.31032058555393943,0.3046666666666667,0.019054308349298523,0.322096601153779,0.3485833333333333,0.11575637295106875,0.36875268012015827,0.5222083333333333,0.27201709971292615,0.4930694220129948,0,6
0.268,-0.04299999999999998,0.2996666666666666,0.02779088579621327,0.28916029277696975,0.3011666666666667,0.023836246908231048,0.30664042939555647,0.34341666666666665,0.11802269298997163,0.35325226779398006,0.4935416666666667,0.2603150230622201,0.47506386825195523,0,7
0.296,0.02799999999999997,0.2916666666666666,0.021825062046605517,0.29258014638848484,0.2985,0.023270152556515246,0.30360030671111177,0.34075000000000005,0.11876188935696248,0.3444442265949062,0.4599166666666667,0.22832260103837218,0.4607387587917988,0,8
0.311,0.015000000000000013,0.2916666666666666,0.021825062046605517,0.30179007319424245,0.2966666666666667,0.02140716391001301,0.30571450479365125,0.334,0.11788283859986858,0.3392989609649206,0.4250416666666666,0.1767514784801748,0.44875965808845497,0,9
0.53,0.21900000000000003,0.37899999999999995,0.1309847319346981,0.41589503659712124,0.3393333333333333,0.09518333187417889,0.369796074852608,0.34941666666666665,0.13083748304555545,0.3686375823549329,0.40599999999999997,0.1327079172632439,0.4552588854413786,1,0
0.674,0.14400000000000002,0.5049999999999999,0.18278676100857122,0.5449475182985606,0.3983333333333334,0.1649492851353711,0.45671148203757717,0.34725,0.12456916662130448,0.41561641583878933,0.415875,0.1434943757419272,0.47275817460606834,0,1
0.482,-0.19200000000000006,0.5619999999999999,0.0999199679743966,0.5134737591492803,0.4268333333333334,0.16158021743601506,0.4639367728839837,0.36575,0.12689661145987732,0.42582927494051404,0.41354166666666664,0.14186827300019597,0.4734975206375829,0,2
0.909,0.42700000000000005,0.6883333333333334,0.2138605464627301,0.7112368795746402,0.5336666666666666,0.23208504188480067,0.5910976949171313,0.4174166666666667,0.1987064798931184,0.5001632326419735,0.42691666666666667,0.17114217752364957,0.5083377189865763,0,3
1.462,0.5529999999999999,0.951,0.4913481454121951,1.08661843978732,0.7280000000000001,0.41183540401476243,0.8399269249408081,0.5132500000000001,0.35728270573620136,0.6481381199278237,0.46441666666666664,0.2713141796109653,0.5846307014676502,0,4
1.418,-0.04400000000000004,1.263,0.30736135085596383,1.25230921989366,0.9125000000000001,0.4349739072634153,1.0050906606720058,0.6045833333333334,0.43547830722161734,0.7665784091696969,0.5044166666666667,0.33387981652693244,0.6513002453502381,0,5
0.927,-0.4909999999999999,1.269,0.2969966329775523,1.08965460994683,0.9786666666666667,0.39335666597461993,0.982779043337147,0.659,0.43119158365879684,0.7912586539128204,0.5195833333333334,0.34474728194113036,0.6733562257222191,0,6
0.53,-0.397,0.9583333333333331,0.44482843134554356,0.809827304973415,0.9546666666666667,0.4192067111422106,0.8534136023836765,0.6765,0.4203064899029574,0.7510650148493095,0.5147499999999999,0.34370946401310226,0.6618877276644416,0,7
0.754,0.22399999999999998,0.7369999999999998,0.19904522099262828,0.7819136524867075,1.0,0.36964685850146495,0.8250097159883404,0.7134166666666667,0.40444068187005444,0.7515165510263389,0.531,0.3454870538063998,0.6692567094512863,0,8
0.241,-0.513,0.5083333333333332,0.25718540653259886,0.5114568262433538,0.8886666666666666,0.48510273825929795,0.6581497971345288,0.7111666666666667,0.40720953581737923,0.672975543176133,0.5272916666666667,0.3482052716888189,0.6349961726951834,0,9
0.225,-0.015999999999999986,0.4066666666666665,0.3009058546012995,0.36822841312167687,0.6825,0.4546069731097432,0.5343927122389491,0.7052499999999999,0.41424523369178684,0.6040562288413432,0.523,0.3513885499606929,0.6021964788795687,0,10
0.184,-0.04100000000000001,0.21666666666666654,0.029399546481856914,0.2761142065608384,0.4768333333333333,0.31211755264110014,0.4342805087421065,0.6946666666666667,0.4266694128699493,0.5394321936349827,0.5143333333333333,0.35727576326206745,0.5687407605692032,0,11
0.221,0.037000000000000005,0.20999999999999985,0.022605309111037367,0.2485571032804192,0.3591666666666667,0.2310042568150427,0.37334322053007607,0.6689166666666667,0.4463796709148614,0.49044262538344696,0.5091666666666667,0.3607110931945721,0.540921499723667,0,12
0.264,0.04300000000000001,0.22299999999999986,0.04003748243840409,0.25627855164020963,0.31483333333333335,0.21674631869231437,0.34210230037862577,0.63475,0.46139376301100327,0.4556052984013782,0.49100000000000005,0.36166018160218005,0.5187677797457737,0,13
0.585,0.32099999999999995,0.35666666666666647,0.19890785136172603,0.4206392758201048,0.2866666666666667,0.1484973624906192,0.41150164312758986,0.6433333333333333,0.4592468801959316,0.47551217557039693,0.5045416666666667,0.3587072173146552,0.5240663573661118,1,0
0.768,0.18300000000000005,0.5389999999999998,0.25512937894332105,0.5943196379100524,0.3745,0.2423078620268098,0.5133583165197071,0.6315833333333334,0.4536008374077026,0.5205103024057205,0.5245000000000001,0.359517913927502,0.5435810487768229,0,1
0.615,-0.15300000000000002,0.6559999999999998,0.09814784765854233,0.6046598189550262,0.4395,0.24645709565764856,0.5423987975140765,0.561,0.37101702974881856,0.5350471789586866,0.537125,0.3570428439155509,0.5492945648746771,0,2
0.95,0.33499999999999996,0.7776666666666664,0.16770907349734376,0.777329909477513,0.5671666666666666,0.283281779623522,0.658856283938626,0.522,0.2880672270021819,0.5988860745035041,0.5632916666666666,0.3635444448836994,0.5813509996847029,0,3
1.293,0.34299999999999997,0.9526666666666666,0.3390078661820946,1.0351649547387565,0.7458333333333332,0.3512021734936576,0.8400402028133043,0.5525,0.34798941990186383,0.7056728322721957,0.60575,0.3870346855594302,0.6382829197099267,0,4
0.904,-0.3889999999999999,1.0489999999999997,0.21255822731666577,0.9695824773693782,0.8525,0.2612667219528776,0.8583144305809316,0.5836666666666667,0.3622471113714629,0.7361847042303195,0.6300833333333333,0.38664632942518806,0.6595402861331326,0,5
0.812,-0.09199999999999997,1.003,0.25532528272774613,0.8907912386846891,0.8903333333333333,0.2292585149272951,0.8450817361292369,0.5885,0.36510210278022887,0.7478485958871933,0.6509583333333334,0.3821685809631168,0.6717370632424821,0,6
0.787,-0.025000000000000022,0.8343333333333333,0.06161439225811899,0.8388956193423446,0.8935,0.22735412905861666,0.8284869543780263,0.634,0.35163229761680326,0.7538718888276251,0.6725833333333333,0.3741565490385085,0.6809580981830835,0,7
0.873,0.08599999999999997,0.8239999999999998,0.04423799272123508,0.8559478096711723,0.9365000000000001,0.18450663944693696,0.841204967412876,0.6880000000000001,0.33233964007267597,0.7721992905464521,0.696625,0.3673833222055441,0.6963214503284368,0,8
1.253,0.3799999999999999,0.9709999999999998,0.24797580527140856,1.0544739048355862,0.9870000000000001,0.22578839651319962,0.958860691009197,0.7770833333333335,0.3282079325209804,0.8461686304623826,0.7358750000000001,0.3746415460723467,0.7408557343021619,0,9
0.793,-0.45999999999999985,0.9729999999999999,0.2457641145488973,0.9237369524177932,0.9036666666666666,0.1773332080200117,0.9114719221494264,0.82475,0.2777644931166745,0.8379888411604776,0.7468333333333333,0.3721962627042546,0.745027275557989,1,0
0.892,0.09899999999999998,0.9793333333333331,0.24211636320855479,0.9078684762088967,0.9016666666666667,0.17739635471640547,0.905908515821019,0.8770833333333332,0.21445510584791846,0.8462982502127118,0.7559166666666667,0.3730007479496717,0.7567850935133499,0,1
1.703,0.811,1.1293333333333333,0.4992698001415031,1.3054342381044484,1.0501666666666667,0.363078182581477,1.1336489398721565,0.9702500000000001,0.3012951211022169,0.9780985194107561,0.8067916666666667,0.4149278595408946,0.8324822860322819,1,0
1.661,-0.04200000000000004,1.4186666666666665,0.45658989622344415,1.4832171190522243,1.1958333333333333,0.4088219253742001,1.2843206713372548,1.0446666666666666,0.3526964528865969,1.0831602856552551,0.8381249999999999,0.44990146868146486,0.8987637031496994,0,1
1.634,-0.027000000000000135,1.6659999999999997,0.034770677301446146,1.558608559526112,1.3226666666666667,0.4066756283165585,1.384229050955182,1.1295833333333334,0.3623801264702656,1.1679048570929083,0.8452916666666667,0.46149214314916104,0.9575826068977236,0,2
0.962,-0.6719999999999999,1.4189999999999998,0.3960037878606744,1.260304279763056,1.2741666666666667,0.4331371222449858,1.2635921792537015,1.1305833333333333,0.3618556865364803,1.1362271867709224,0.8262916666666666,0.4460155465380362,0.9579359983459057,0,3
0.944,-0.018000000000000016,1.18,0.39327852725517914,1.102152139881528,1.2993333333333335,0.40292116681389145,1.1722801280383583,1.1015,0.36164007722395075,1.1066537734215496,0.827,0.44619590160454814,0.9568211184782334,0,4
1.43,0.486,1.1119999999999999,0.2755431000769261,1.2660760699407638,1.389,0.35061089543823476,1.2459143771702559,1.1453333333333333,0.36735772343819945,1.1563993467413112,0.8644999999999999,0.45781798167811844,0.9946754289999746,0,5
1.968,0.538,1.4473333333333331,0.5122200048156411,1.617038034970382,1.4331666666666667,0.4097757516821454,1.4522245551216113,1.2416666666666665,0.4198242778144493,1.2812609857041863,0.9150833333333334,0.5092548620217126,1.0725413946799767,0,6
1.73,-0.238,1.7093333333333334,0.26959475761471113,1.6735190174851908,1.4446666666666665,0.41832746343823424,1.531588967944008,1.32025,0.41521300667138383,1.3502977571343115,0.977125,0.514238678512479,1.1251380831055786,0,7
1.074,-0.6559999999999999,1.5906666666666665,0.4630003599710642,1.3737595087425953,1.3513333333333335,0.4299463532426663,1.4008492628171487,1.337,0.3992788954648569,1.307790409882879,1.0125,0.48882343215734525,1.1210470364571323,0,8
0.216,-0.8580000000000001,1.0066666666666666,0.7592426050567344,0.7948797543712977,1.227,0.6275217924502713,1.062320902012249,1.2505833333333334,0.5146606045529303,1.1398226545162822,1.0138333333333331,0.4865034667794316,1.0486432735405617,0,9
0.344,0.12799999999999997,0.5446666666666665,0.46286211049656795,0.5694398771856488,1.127,0.7222905232660897,0.8570863585801779,1.2131666666666667,0.5648283461424899,1.0173883999753157,1.0189583333333332,0.4783681935739333,0.9922718116573168,0,10
0.294,-0.04999999999999999,0.28466666666666646,0.06450839738621268,0.4317199385928244,0.9376666666666668,0.7740174847292979,0.6962045418429842,1.1633333333333333,0.6194763673433955,0.9060978769021901,1.0202083333333334,0.47634459386189004,0.9364100667247315,0,11
0.287,-0.007000000000000006,0.3083333333333332,0.031085902485491517,0.35935996929641223,0.6575000000000001,0.6142207257981476,0.5792889584592744,1.0453333333333332,0.6417938402114288,0.8108520496864686,1.0077916666666666,0.49181491562566887,0.884457261386753,0,12
0.284,-0.0030000000000000027,0.28833333333333316,0.005131601439855538,0.32167998464820613,0.4164999999999999,0.3246830762451347,0.4949206846137674,0.9305833333333333,0.6448019369378379,0.7297978881962427,0.987625,0.5116001166417242,0.8364206804758128,0,13
0.268,-0.01599999999999996,0.2796666666666665,0.010214368964235847,0.2948399923241031,0.2821666666666666,0.04139766499056445,0.43008620329554814,0.81675,0.6297322843875798,0.6587520592429745,0.9731666666666666,0.5272525726464675,0.7909470260377478,0,14
0.264,-0.0040000000000000036,0.27199999999999985,0.010583005244458064,0.27941999616205154,0.29016666666666663,0.02876398210733312,0.3826330023539629,0.7585833333333333,0.6470931446699056,0.5980209732055938,0.9445833333333332,0.5467955596545849,0.7487912639547281,0,15
0.244,-0.020000000000000018,0.25866666666666654,0.012858201014822702,0.2617099980810258,0.27349999999999997,0.018458060569961524,0.34302357310997356,0.70025,0.6602759925694981,0.5435562080970409,0.9008750000000001,0.5595120787832445,0.7084079628383498,0,16
0.28,0.03600000000000003,0.26266666666666655,0.0180369990114093,0.2708549990405129,0.27116666666666667,0.0160800082920079,0.3250168379356954,0.6044166666666667,0.6273664230638092,0.5030090991590346,0.874875,0.5736795282097455,0.6741353258112819,1,0
0.281,0.0010000000000000009,0.26833333333333315,0.021079215671783634,0.27592749952025647,0.27016666666666667,0.01505213163213259,0.31244059852549677,0.4638333333333333,0.4609821202080561,0.46885385313456773,0.85275,0.5863102940163724,0.6426844997463794,0,1
0.292,0.010999999999999954,0.28433333333333316,0.006658328118794848,0.2839637497601282,0.2715,0.016777961735692903,0.306600427518212,0.34400000000000003,0.23190476101584834,0.4416455680369419,0.832125,0.5973267485767042,0.6146297397666691,0,2
0.248,-0.043999999999999984,0.2736666666666665,0.0228983259942197,0.2659818748800641,0.26816666666666666,0.019395016542170133,0.28985744822729426,0.27516666666666667,0.03167687235861151,0.4118539421851047,0.8060833333333334,0.6089776833682655,0.5852993605853356,1,0
0.267,0.019000000000000017,0.26899999999999985,0.022068076490809843,0.26649093744003205,0.26866666666666666,0.019304576314207244,0.2833267487337816,0.27941666666666665,0.025914047904320222,0.3895687203104732,0.765,0.610773066801766,0.5598354117385088,0,1
0.542,0.275,0.35233333333333317,0.1645306455750338,0.40424546872001604,0.31833333333333336,0.11060319464948058,0.35723339195270115,0.29591666666666666,0.07914251625256433,0.41301968641655423,0.7545416666666668,0.6124195052105368,0.5584085787994281,1,0
0.599,0.05699999999999994,0.46933333333333316,0.1775284014836418,0.501622734360008,0.3715,0.15589066681493166,0.4263095656805008,0.3213333333333333,0.11793783673330993,0.44163204235246895,0.7423333333333333,0.6124806060224463,0.5616558924954738,0,1
0.439,-0.15999999999999998,0.5266666666666665,0.0810945949699299,0.470311367180004,0.3978333333333333,0.1508077142147265,0.42993540405750064,0.334,0.1220074513372758,0.44122711275978144,0.6896666666666667,0.5797528458911094,0.551843421095836,0,2
1.094,0.655,0.7106666666666666,0.3414796235990321,0.7821556835900021,0.5315,0.30982624162585637,0.6196681457553577,0.40149999999999997,0.24939362826299588,0.5416537107967381,0.6660416666666666,0.5491973969321972,0.5952159474081692,1,0
1.929,0.835,1.154,0.746809882098518,1.355577841795001,0.8116666666666666,0.6134550241596113,0.9937629612538269,0.5399166666666667,0.5017870715268726,0.7550916014433937,0.6783333333333333,0.5745207202277516,0.7019186716155157,0,1
1.716,-0.21300000000000008,1.5796666666666666,0.4338736375182695,1.5357889208975006,1.0531666666666666,0.6407587429498474,1.2001164008955907,0.6609166666666667,0.5955168050958048,0.9029236627597946,0.70975,0.6102138078611035,0.7830451778862744,0,2
1.066,-0.6499999999999999,1.5703333333333331,0.4495623798021079,1.3008944604487502,1.1405,0.590926306742221,1.1617974292111362,0.7294166666666667,0.5904550569200198,0.9280123300275186,0.7148333333333334,0.6127529232305107,0.8056815636553725,0,3
0.715,-0.3510000000000001,1.1656666666666664,0.5078881110375941,1.007947230224375,1.1598333333333333,0.571236349216914,1.0341410208650972,0.7656666666666667,0.5734641675947602,0.8952412023309773,0.6850416666666668,0.5935507362048127,0.7984270385629427,0,4
1.232,0.517,1.0043333333333333,0.26395896145676856,1.1199736151121875,1.292,0.44996755438587016,1.0906721577607836,0.8449166666666666,0.5660606228911161,0.9470502481262115,0.654375,0.5410765285822409,0.8331128754779074,0,5
0.819,-0.41300000000000003,0.9219999999999998,0.27345749212629494,0.9694868075560937,1.2461666666666666,0.48667747704888487,1.0130515412577026,0.8888333333333334,0.5390633009436294,0.9273502099529483,0.6164166666666667,0.49207280449902535,0.8319838454396749,0,6
0.469,-0.35,0.8399999999999999,0.38193324023970837,0.7192434037780469,1.0028333333333335,0.4397123681074582,0.8576082437555018,0.9072499999999999,0.5185648245617195,0.8568347930371101,0.5912083333333333,0.48302569732402656,0.8029451378045009,0,7
0.277,-0.19199999999999995,0.5216666666666665,0.2748114505135053,0.49812170188902344,0.7629999999999999,0.3577267113314339,0.6917201741110728,0.9080833333333334,0.5174492435949339,0.7676294402621701,0.59375,0.48112226142092246,0.7608695267801409,0,8
0.274,-0.0030000000000000027,0.33999999999999986,0.11172734669723372,0.3860608509445117,0.631,0.3694888360965776,0.5723715529364806,0.8857499999999999,0.5399789768634934,0.6916864494526055,0.5908333333333333,0.4829109798842365,0.7219199646377297,0,9
0.327,0.05299999999999999,0.2926666666666666,0.029771350881968865,0.3565304254722559,0.5663333333333334,0.38545540165714437,0.502265394954629,0.8630833333333333,0.5585013157522275,0.6355808418445122,0.5922083333333333,0.48207531246067536,0.6903263674667113,0,10
0.261,-0.066,0.2873333333333332,0.034961884007263105,0.30876521273612795,0.4045,0.21718908812370039,0.4333324249675921,0.8482500000000001,0.572965035423787,0.5779530200222797,0.591125,0.48281964519125414,0.6559802580693744,0,11
0.26,-0.0010000000000000009,0.28266666666666657,0.0383970484977339,0.284382606368064,0.31133333333333335,0.08104977894276796,0.3838088749768515,0.77875,0.5907514667392245,0.5290371707880828,0.590125,0.48350777274450063,0.6243018374238245,0,12
0.367,0.10699999999999998,0.2959999999999999,0.061489836558605106,0.325691303184032,0.29433333333333334,0.04324657982628941,0.3790063392691796,0.6485833333333334,0.4750122406716255,0.5041083752822239,0.59425,0.48105619756676155,0.6037176904299186,1,0
0.63,0.263,0.4189999999999998,0.19040220586958473,0.477845651592016,0.35316666666666663,0.14209492132610294,0.4507188137636997,0.5580833333333334,0.33638275232331033,0.5234763175464971,0.6095,0.47590545279498514,0.6058202751955252,0,1
0.804,0.17400000000000004,0.6003333333333332,0.22000530296639836,0.640922825796008,0.4415,0.2241077865670989,0.5516562955454998,0.53625,0.3076985316241139,0.5666338071547283,0.6328333333333334,0.4709080651221651,0.6216746531798832,0,2
0.98,0.17599999999999993,0.8046666666666665,0.17500095237836946,0.810461412898004,0.5503333333333333,0.3022996306095503,0.6740402111039283,0.5583333333333333,0.3303679307937881,0.6302286060540009,0.662,0.4697810775984544,0.6503406809254927,0,3
1.086,0.1060000000000001,0.9566666666666666,0.14244063090753303,0.9482307064490021,0.6878333333333333,0.330669875656477,0.7917430079313774,0.5461666666666667,0.30501887671341693,0.7003472820456931,0.6955416666666667,0.47013328167258234,0.6851934264514532,0,4
1.355,0.2689999999999999,1.1403333333333332,0.19331407950104326,1.151615353224501,0.8703333333333334,0.3489829031151371,0.952673577093841,0.5908333333333333,0.37890196221410155,0.8010630848078941,0.7398333333333333,0.48042279085303,0.738777952335337,0,5
1.119,-0.236,1.1866666666666665,0.14671173549970554,1.1353076766122505,0.9956666666666667,0.2542382085105789,1.0001954122098864,0.645,0.40543377443738565,0.8499764563759105,0.7761250000000001,0.4745156168685849,0.7691957161485101,0,6
1.215,0.09600000000000009,1.2296666666666665,0.11868164699453522,1.1751538383061253,1.0931666666666666,0.19002254252237588,1.0615681515784903,0.7231666666666667,0.41825369276929397,0.9061339246257705,0.8156250000000002,0.4697248790052763,0.8048600588566293,0,7
1.211,-0.0040000000000000036,1.1816666666666666,0.05430776494513081,1.1930769191530626,1.161,0.12899767439764634,1.1042629654132075,0.80125,0.41422043428809446,0.9530363977602674,0.8435,0.47262247090040027,0.837351254148099,0,8
1.137,-0.07400000000000007,1.1876666666666666,0.04392417709343638,1.1650384595765313,1.187166666666667,0.0968595202686227,1.1136164038665768,0.86875,0.3954863806412639,0.981338490412534,0.8659166666666667,0.47327985256144106,0.8613231538162511,0,9
1.289,0.1519999999999999,1.2123333333333333,0.07600877142366853,1.2270192297882656,1.221,0.08963927710552397,1.1637260027618406,0.9544166666666668,0.3617745300681903,1.0286710303490672,0.9013333333333334,0.471744926164891,0.895537301510951,0,10
1.257,-0.03200000000000003,1.2276666666666662,0.08013322240703573,1.2420096148941329,1.2046666666666666,0.06620473296273953,1.1903757162584574,1.0375,0.296371542002754,1.0637985641415182,0.908125,0.4757952896033075,0.924454317390075,0,11
1.228,-0.028999999999999915,1.2579999999999998,0.03051229260481846,1.2350048074470665,1.2228333333333332,0.05126564801763037,1.2011255116131838,1.10925,0.21130336872932934,1.0890603235043614,0.8789166666666667,0.42968268541439647,0.948737971998869,0,12
1.369,0.14100000000000001,1.2846666666666664,0.074460280239436,1.3020024037235332,1.2485,0.07809161286592047,1.249089651152274,1.1708333333333334,0.16051611832592858,1.132127966042152,0.8644583333333333,0.40544564629731683,0.9823589342389596,0,13
1.608,0.2390000000000001,1.4016666666666666,0.19209459475304114,1.4550012018617666,1.3146666666666667,0.1625160504893815,1.351635465108767,1.2378333333333333,0.16127324826535824,1.2053390481895132,0.8870416666666667,0.43142216580158144,1.0324102194998428,0,14
1.364,-0.244,1.4469999999999998,0.13945250087395938,1.4095006009308833,1.3525,0.13735901863365352,1.355168189363405,1.2698333333333334,0.1424626479488758,1.2297484253911264,0.9140833333333332,0.44041570448114453,1.0589374019398554,0,15
0.892,-0.4720000000000001,1.288,0.364000000000003,1.1507503004654416,1.2863333333333333,0.2349882266554376,1.2228344209738609,1.2536666666666667,0.17296312446368936,1.177787129177107,0.8999166666666668,0.4351820125625262,1.045582409784667,1,0
0.482,-0.41000000000000003,0.9126666666666665,0.44136304028921214,0.8163751502327208,1.1571666666666667,0.4054836207131774,1.0111674435527578,1.1809166666666666,0.27810542746929273,1.070742955457552,0.8858750000000001,0.44326813089772754,1.0004958170018938,0,1
0.289,-0.193,0.5543333333333332,0.30793884674288474,0.5526875751163604,1.0006666666666668,0.5336342067996284,0.8048338882519698,1.11175,0.3795981427773314,0.9504748084640825,0.878375,0.45206375199695553,0.9435761516417424,0,2
0.176,-0.11299999999999999,0.3156666666666665,0.15473310354716804,0.3643437875581802,0.8018333333333333,0.5883918478927708,0.6251670630371212,1.0251666666666666,0.46319539040988844,0.8313248379311468,0.8741666666666666,0.4583321054001993,0.882170059510403,0,3
0.334,0.15800000000000003,0.26633333333333314,0.08140229317002558,0.3491718937790901,0.5895,0.45375665284379435,0.5419764735979438,0.9520833333333333,0.499011105420844,0.754813324403278,0.8766666666666666,0.45506814269156803,0.8383164547495707,0,4
0.305,-0.029000000000000026,0.27166666666666656,0.08410905619098799,0.32708594688954507,0.41300000000000003,0.2544216971879647,0.474268909712817,0.88275,0.5279437168693435,0.6856112744950814,0.87575,0.4562441423090318,0.7956511383696051,0,5
0.251,-0.05399999999999999,0.2966666666666665,0.04212283624518523,0.28904297344477253,0.30616666666666664,0.10195570933827851,0.4104777926520122,0.79625,0.5402232072360118,0.6187480014958381,0.8753333333333334,0.4568341594882787,0.7520790473000367,0,6
0.291,0.03999999999999998,0.28233333333333316,0.02802379940940803,0.29002148672238626,0.2743333333333334,0.055149493802497146,0.37634128046572296,0.71575,0.5372891764133245,0.5683252320349399,0.8766250000000001,0.455059080015274,0.7151927235160338,0,7
0.328,0.03700000000000003,0.28999999999999987,0.03850973902800925,0.30901074336119316,0.2808333333333333,0.05936132298619736,0.36252948604694496,0.64075,0.5218782729891918,0.5313521194141799,0.875,0.45702345102041364,0.6842173056347511,0,8
0.272,-0.055999999999999994,0.2969999999999999,0.028478061731890287,0.2905053716805966,0.29683333333333334,0.03215846182067129,0.3366639186049607,0.5493333333333333,0.47685243254516596,0.49145179335045996,0.8600833333333333,0.4709963460272428,0.6512399211839711,0,9
0.286,0.013999999999999957,0.2953333333333332,0.029143323992617813,0.2882526858402983,0.28883333333333333,0.02654367470173653,0.3221885132892576,0.43916666666666665,0.3443306638401607,0.4598438251426969,0.8385000000000001,0.4853286649719734,0.6220207274892534,0,10
0.277,-0.008999999999999952,0.27833333333333315,0.007094598884979308,0.28262634292014915,0.2841666666666667,0.025576682088801674,0.30927750949232685,0.3485833333333333,0.18505942943887554,0.4317140058899743,0.8092083333333333,0.49747964600414113,0.5944190692901131,0,11
0.292,0.014999999999999958,0.28499999999999986,0.007549834435627922,0.28731317146007457,0.291,0.019758542456490343,0.3043410782088049,0.2985833333333333,0.07046399252401188,0.4102195434453628,0.776125,0.5046221412450929,0.5702255437469042,0,12
0.274,-0.01799999999999996,0.28099999999999986,0.009643650761273301,0.28065658573003727,0.2881666666666667,0.020941983350953434,0.29567219872057493,0.28125,0.04042304698154875,0.3892626906076147,0.7310833333333333,0.4989181266515069,0.5465275002471519,0,13
0.355,0.08099999999999996,0.3069999999999999,0.04253234063633592,0.3178282928650186,0.2926666666666667,0.0314685027713679,0.31262299908612495,0.28675,0.045716766369380206,0.38399150743721244,0.69925,0.49746236475519023,0.5312053002273798,1,0
0.326,-0.02899999999999997,0.3183333333333332,0.04104063027462667,0.3219141464325093,0.30166666666666664,0.0320915357480995,0.31644499934723214,0.29924999999999996,0.030733827972088637,0.37506973706225666,0.6622083333333334,0.49043769086723776,0.5147888762091894,0,1
0.597,0.27099999999999996,0.4259999999999999,0.14879852149804737,0.4594570732162546,0.3535,0.12329274106777187,0.3966035709623087,0.32116666666666666,0.09148952581215554,0.4092128544372941,0.636625,0.47637862293694944,0.5213657661124543,1,0
1.884,1.287,0.9356666666666665,0.8323835253855859,1.1717285366081271,0.6213333333333333,0.6296308971664828,0.8215739792587919,0.45275,0.4598903278351951,0.6361031845238643,0.66775,0.5316856091305477,0.630376504823458,1,0
1.896,0.01200000000000001,1.4589999999999996,0.7465380097490022,1.5338642683040635,0.8886666666666666,0.7835416176991932,1.1285528423277085,0.5898333333333333,0.6137260024315456,0.8299334638278851,0.6930416666666667,0.5751806883713693,0.7316263844375814,0,1
1.17,-0.726,1.6499999999999997,0.4157354928316808,1.3519321341520318,1.038,0.7262531239175508,1.1403948873769345,0.6630833333333334,0.6271262680358761,0.882251392469749,0.6894166666666667,0.5717357185658928,0.766696273682575,0,2
0.949,-0.22099999999999997,1.3383333333333332,0.4954334802305302,1.1504660670760158,1.1369999999999998,0.6511288658936885,1.0857106338406675,0.7148333333333333,0.622567387127812,0.8925204090128646,0.6777916666666667,0.5630795742024903,0.781280571787969,0,3
0.863,-0.08599999999999997,0.9939999999999998,0.15836982035729957,1.006733033538008,1.2265,0.5457357419117796,1.0220790241719053,0.7640833333333332,0.6075462508893429,0.88797880762627,0.6567083333333333,0.5452647126708804,0.7878181260449314,0,4
0.415,-0.448,0.7423333333333332,0.2867217001437766,0.710866516769004,1.1961666666666668,0.5909109634002971,0.8486278744085038,0.7748333333333334,0.5994046794086355,0.8152128372222285,0.607,0.5078675794543982,0.7579926759613369,0,5
0.41,-0.0050000000000000044,0.5626666666666665,0.26010831077329793,0.560433258384502,0.9504999999999999,0.5529393275939066,0.7233056245775027,0.7859166666666667,0.5905264921058049,0.752872400726501,0.5672499999999999,0.4827555191857963,0.73015326188443,0,6
0.596,0.186,0.47366666666666646,0.10597326706928942,0.578216629192251,0.7338333333333332,0.30943265287727667,0.6869325889839305,0.8112499999999999,0.5736922084184162,0.7287381852301162,0.5549166666666666,0.4778543453420914,0.7194210009336757,0,7
0.442,-0.15399999999999997,0.4826666666666665,0.09944512724783905,0.5101083145961255,0.6124999999999999,0.23888804909413758,0.6169518492742361,0.82525,0.5613058030569913,0.6846246182716369,0.5532499999999999,0.478189361254923,0.6972273208589816,0,8
0.999,0.5569999999999999,0.6789999999999998,0.28762649391181744,0.7545541572980627,0.6208333333333333,0.2534051433311284,0.7261084637673114,0.8789166666666666,0.542737079881951,0.732990061614462,0.5828333333333333,0.4830679731328362,0.7213691351902631,1,0
0.576,-0.42300000000000004,0.6723333333333331,0.2907272490382319,0.6652770786490314,0.5730000000000001,0.22392320112039144,0.6832203312623654,0.8997499999999999,0.5240603929458367,0.7088377444430063,0.5994999999999999,0.475258465148862,0.7097396043750421,0,1
0.64,0.06400000000000006,0.7383333333333332,0.22800073099299006,0.6526385393245158,0.6105,0.21061600129145722,0.6708716651874038,0.9033333333333333,0.5219448478933608,0.6982473222210054,0.61225,0.4719189549064542,0.7041604360250389,0,2
0.623,-0.017000000000000015,0.6129999999999999,0.033151168908577874,0.6378192696622579,0.646,0.18664940396369592,0.6571940465624313,0.7982499999999999,0.4243776459282885,0.6866708111100814,0.6255000000000001,0.4673594650429338,0.6976676011430357,0,3
1.106,0.4830000000000001,0.7896666666666666,0.274084536837337,0.871909634831129,0.731,0.2607450862432552,0.7854243189731652,0.7324166666666666,0.2728147751041923,0.7511829940162228,0.6611250000000001,0.4701499587319476,0.7303341930515929,0,4
0.965,-0.14100000000000013,0.8979999999999998,0.2483727038142551,0.9184548174155645,0.8181666666666666,0.2304720518125113,0.8367316564094037,0.7153333333333333,0.24823388287270562,0.784077918013727,0.6892083333333333,0.4672008207227999,0.7491074576074656,0,5
0.58,-0.385,0.8836666666666666,0.2722688622177298,0.7492274087077821,0.7483333333333334,0.22818822639800937,0.7633797545781456,0.6845833333333333,0.239353089629424,0.7526813152423844,0.6997083333333333,0.46152728301912366,0.7355788609988684,0,6
0.295,-0.285,0.6133333333333332,0.3362414806851446,0.522113704353891,0.7014999999999999,0.29086130715515035,0.6295569675558182,0.63725,0.2564169633446834,0.6822688052050944,0.7006666666666667,0.46062355342623795,0.7003325521189588,0,7
0.284,-0.01100000000000001,0.38633333333333314,0.16781040889450113,0.40305685217694553,0.6421666666666667,0.3383497697157035,0.5308264053970131,0.6263333333333333,0.2692087170455908,0.6209966813273875,0.7005833333333333,0.4607020084389799,0.6670259479494421,0,8
0.289,0.0050000000000000044,0.28933333333333316,0.005507570547908477,0.34602842608847273,0.5865,0.36828507979553443,0.4617331467121522,0.6162500000000001,0.28009418058931473,0.5699202688154817,0.7010833333333334,0.4602285742755549,0.6367838721134869,0,9
0.46,0.17100000000000004,0.34433333333333316,0.10020146372852994,0.40301421304423635,0.4788333333333334,0.2663602197526317,0.46123796193725153,0.6049166666666667,0.28371607392966,0.5530094582284846,0.7080833333333332,0.45498369934170885,0.6226411623444079,0,10
0.589,0.12899999999999995,0.4459999999999999,0.1504892022704819,0.49600710652211816,0.41616666666666663,0.1462565098266416,0.49774140138375106,0.6171666666666666,0.27917958812248805,0.5585464646548716,0.7212083333333333,0.44637924791707595,0.6199498693568553,0,11
0.6,0.01100000000000001,0.5496666666666665,0.07784814277385682,0.5480035532610591,0.4195,0.15089168300474295,0.5269581438455364,0.5839166666666668,0.25200738024305835,0.5649239316310452,0.7314166666666666,0.440401685881805,0.6183538798083069,0,12
0.581,-0.019000000000000017,0.5899999999999999,0.009539392014444974,0.5645017766305296,0.4671666666666667,0.14885619458615187,0.5423986741753831,0.5843333333333333,0.2519972342320561,0.5673971729185766,0.7420416666666667,0.43321281838663617,0.6153655694236424,0,13
0.605,0.02400000000000002,0.5953333333333332,0.012662279942354802,0.5847508883152648,0.5206666666666667,0.12575001656727566,0.5602847672681308,0.5814166666666667,0.2514964154211679,0.5731822232387956,0.7423749999999999,0.43309942753418024,0.614536323869751,0,14
0.599,-0.006000000000000005,0.5949999999999999,0.012489995997006129,0.5918754441576324,0.5723333333333334,0.055705176300500994,0.5713462623343791,0.5794166666666666,0.2512309543512545,0.5771541888943655,0.6888333333333333,0.3589038464749196,0.6132934179601709,0,15
1.123,0.524,0.7756666666666665,0.300814450007538,0.8574377220788162,0.6828333333333333,0.2158095611104139,0.7289616159531279,0.5808333333333333,0.25449694884162494,0.6611304675260017,0.6566249999999999,0.2693815481399214,0.6540699445233573,1,0
2.567,1.4440000000000002,1.4296666666666666,1.0192101517024514,1.7122188610394082,1.0125,0.7901983928103129,1.25411543996652,0.7143333333333333,0.6249263714206413,0.9543411648296938,0.7148333333333333,0.46502404488245597,0.8071043489614887,0,1
1.807,-0.7600000000000002,1.8323333333333334,0.7223332564220837,1.759609430519704,1.2136666666666667,0.8173534527159395,1.4120824571189428,0.8165833333333333,0.6971550575319839,1.0855194471635872,0.7505833333333333,0.5141903654134894,0.8870960010445696,0,2
1.077,-0.73,1.8170000000000002,0.7450503338701343,1.418304715259852,1.2963333333333333,0.7639033097628699,1.3163446122278162,0.8817499999999999,0.6803130462581843,1.0842087629845738,0.7595000000000001,0.5180654650591529,0.9022883209610041,0,3
1.004,-0.07299999999999995,1.2959999999999998,0.44404166471177164,1.211152357629926,1.3628333333333333,0.7069264223854326,1.2271032944484401,0.9417499999999999,0.6540450533550279,1.0718689532946395,0.7840416666666666,0.5149781320107438,0.9104252552841239,0,4
1.141,0.137,1.0739999999999998,0.068549252366475,1.176076178814963,1.453166666666667,0.6189560296714677,1.2025023531774572,1.0127499999999998,0.6222138078886327,1.0825044989416182,0.8144999999999999,0.5135089855697457,0.928871234861394,0,5
0.857,-0.28400000000000003,1.0006666666666666,0.14202933969196802,1.0165380894074816,1.4088333333333332,0.6557659389345156,1.1037873951267552,1.0458333333333334,0.6003212523812609,1.0478114991044463,0.8253749999999999,0.5114399801158189,0.9231215360724825,0,6
0.713,-0.14400000000000002,0.9036666666666665,0.2177827663827811,0.8647690447037408,1.0998333333333334,0.3794977821630423,0.9921338536619679,1.0561666666666667,0.5927625361326605,0.9963020377037621,0.8366666666666666,0.505565603764877,0.9063118131866839,0,7
0.405,-0.30799999999999994,0.6583333333333332,0.23090546406124401,0.6348845223518704,0.8661666666666665,0.2739346029012559,0.8243813240442628,1.0399166666666668,0.6088590609168969,0.9053324934416449,0.8119166666666667,0.5117745696543814,0.8662068681317492,0,8
0.216,-0.18900000000000003,0.44466666666666654,0.25086317651927265,0.4254422611759352,0.7226666666666666,0.3549403705788752,0.6505580886030449,1.0094999999999998,0.6420800714722562,0.7992813406044688,0.7969166666666666,0.5241168071491618,0.8141903186812093,0,9
0.228,0.01200000000000001,0.28299999999999986,0.10582532778124257,0.3267211305879676,0.5933333333333334,0.37285314356549243,0.5298272061450321,0.9780833333333333,0.6721886177843146,0.7113919035883967,0.7797499999999999,0.5360902949576927,0.7672950931867126,0,10
0.215,-0.013000000000000012,0.21966666666666654,0.007234178138610748,0.2708605652939838,0.439,0.28120526310864735,0.4398765758178801,0.9460833333333333,0.7004230485711449,0.6350239184209511,0.76275,0.5476221523451459,0.7231114857317756,0,11
0.24,0.024999999999999994,0.22766666666666655,0.012503332889318122,0.25543028264699186,0.33616666666666667,0.19839900873409275,0.3827689827270572,0.8724999999999999,0.7260601653006197,0.5742510078946509,0.7266666666666666,0.552530515912463,0.6844625668732336,0,12
0.276,0.03600000000000003,0.24366666666666656,0.03066485501907692,0.26571514132349594,0.26333333333333336,0.07293741609538192,0.3522635590907552,0.6815833333333333,0.5086424817515973,0.52836623744932,0.6979583333333332,0.5574860871078672,0.651785561523375,0,13
0.302,0.025999999999999968,0.27266666666666656,0.03113411847701532,0.283857570661748,0.24616666666666667,0.03537466136475286,0.3379025422076823,0.5561666666666666,0.3735161754641065,0.49354066245711686,0.6863750000000001,0.562905337049011,0.623802716601505,0,14
0.231,-0.07099999999999998,0.26966666666666655,0.03592121007623273,0.257428785330874,0.24866666666666667,0.03328463108810025,0.30735895871977303,0.48566666666666664,0.34502709599348413,0.4531497913098681,0.6837083333333333,0.5649877627891149,0.5923784992733847,1,0
0.221,-0.010000000000000009,0.2513333333333332,0.04416257842722678,0.23921439266543698,0.24749999999999997,0.03426222409599627,0.28268497051412356,0.42041666666666666,0.3103910900587818,0.41743443880065767,0.6810833333333334,0.5670681207960717,0.562668219331514,0,1
0.23,0.009000000000000008,0.2273333333333332,0.005507570547991796,0.23460719633271848,0.25000000000000006,0.03188102884168355,0.26763212179580254,0.34450000000000003,0.21482064400543352,0.3885983712928642,0.6786249999999999,0.5689664781521574,0.5360547617849929,0,2
0.214,-0.016000000000000014,0.22166666666666654,0.008020806277497412,0.22430359816635925,0.2456666666666667,0.03511504900567476,0.25230865842557326,0.29091666666666666,0.14382657380794933,0.36173708340165434,0.668375,0.5752573573400978,0.5102903808421935,0,3
0.2,-0.013999999999999985,0.21466666666666656,0.015011106999191795,0.21215179908317963,0.23299999999999998,0.03568753283717323,0.23736332744683805,0.24816666666666667,0.0569909615375097,0.3368544551860152,0.6521666666666667,0.5830188800482824,0.485467150374818,0,4
0.24,0.03999999999999998,0.2179999999999999,0.020297783130377334,0.2260758995415898,0.22266666666666668,0.014250146198233215,0.23811666246202717,0.23441666666666663,0.028490694919041975,0.3219537697727821,0.6371666666666667,0.589019573504153,0.4658297783448326,1,0
0.272,0.03200000000000003,0.2373333333333332,0.03607399802269005,0.2490379497707949,0.2295,0.02489779106676595,0.2477976160443051,0.23908333333333334,0.029757988486927362,0.31426857442312334,0.6242916666666667,0.5936595041638413,0.450323396077246,0,1
0.511,0.239,0.3409999999999999,0.1480911881240983,0.3800189748853975,0.2778333333333334,0.1168356395397861,0.3229982971745037,0.26266666666666666,0.08360223282504799,0.34453494758879666,0.620375,0.5941022319066994,0.4551775243910663,1,0
0.701,0.18999999999999995,0.49466666666666653,0.21496588876689118,0.5405094874426988,0.35633333333333334,0.2039908494679861,0.43099878369607403,0.30316666666666664,0.1498677194506325,0.3993757248828279,0.624625,0.5943074751338737,0.474843322439781,0,1
1.417,0.7160000000000001,0.8763333333333332,0.477771214425207,0.9787547437213494,0.5568333333333334,0.46295028530790416,0.7127134169257672,0.40124999999999994,0.35268505780653664,0.5559333056700853,0.636875,0.607901258608165,0.5502158566445985,0,2
1.272,-0.14500000000000002,1.13,0.3785326934361181,1.1253773718606748,0.7355,0.5028354601656515,0.8725095835184051,0.48425,0.4293869043605821,0.6660974124900721,0.5829166666666666,0.47124422881177624,0.6079585881130306,0,3
0.404,-0.868,1.031,0.5478165751417191,0.7646886859303375,0.7628333333333334,0.4741533155706803,0.7386497025131465,0.49274999999999997,0.42645070587988776,0.6257747336454457,0.5244583333333334,0.3933827629528342,0.5916419010639882,0,4
0.449,0.044999999999999984,0.7083333333333331,0.48866791723351166,0.6068443429651688,0.7923333333333334,0.44191839367316343,0.6558926446522475,0.5109166666666667,0.41886241141569347,0.5985786207769155,0.49829166666666663,0.37551176432294037,0.580230548978869,0,5
0.347,-0.10200000000000004,0.39999999999999986,0.05111751167659492,0.47692217148258437,0.765,0.46715093920488104,0.5676376033230339,0.5214166666666666,0.41246453474722217,0.559874217580467,0.47091666666666665,0.360698105329659,0.5615721050605595,0,6
0.298,-0.04899999999999999,0.3646666666666665,0.07703462425001098,0.3874610857412922,0.6978333333333334,0.5055837879784807,0.49059828808788136,0.5270833333333333,0.4085454149303429,0.5195858764142413,0.43579166666666663,0.3325559749114056,0.5404863366557148,0,7
0.344,0.045999999999999985,0.3296666666666665,0.02746512940695168,0.3657305428706461,0.519,0.3726081051185055,0.44871306291991525,0.5379166666666667,0.40114528275774086,0.4925726646582041,0.4144166666666667,0.3205765074072792,0.5247674297232576,0,8
0.33,-0.013999999999999957,0.32399999999999984,0.02357965224525812,0.3478652714353231,0.36200000000000004,0.05477590711255941,0.4147950449427966,0.5487500000000001,0.3928597077838347,0.46756148548001886,0.39845833333333336,0.3145428676344613,0.5091860353453971,0,9
0.291,-0.039000000000000035,0.3216666666666665,0.027465129406952664,0.31943263571766156,0.3431666666666667,0.05683455521661503,0.3794250321019976,0.553,0.3894772720641674,0.44039818002155445,0.3937083333333333,0.31529964756343015,0.49173115251776534,0,10
0.496,0.20500000000000002,0.3723333333333332,0.1088592363253588,0.4077163178588308,0.351,0.07475292636414825,0.4127321657871411,0.5716666666666667,0.380038833741389,0.44895230617208454,0.405375,0.31361397103140515,0.4920726603163441,1,0
0.357,-0.139,0.38133333333333314,0.10464384039846902,0.3823581589294154,0.3526666666666667,0.07475738536539672,0.3968086898479579,0.5588333333333333,0.38484349436038945,0.43480579753022536,0.41074999999999995,0.31154038749972424,0.4812668474910366,0,1
0.306,-0.05099999999999999,0.3863333333333332,0.09833785300351143,0.3441790794647077,0.35400000000000004,0.07365052613528135,0.3708633498913985,0.5259166666666667,0.3884539187209945,0.4149895209871138,0.41454166666666664,0.3096021260412716,0.4672454996917537,0,2
0.336,0.030000000000000027,0.33299999999999985,0.025632011236094012,0.3400895397323539,0.3526666666666667,0.07393961500217884,0.36090239277957037,0.43583333333333335,0.27044066172665604,0.40283728698909627,0.41854166666666665,0.30786430934912634,0.45674585971641346,0,3
0.344,0.007999999999999952,0.3286666666666665,0.020033305601937286,0.34204476986617693,0.355,0.07329938608203862,0.3560731376996931,0.35850000000000004,0.061801000286110075,0.39378539668308143,0.421375,0.30680652627546473,0.4477261909391004,0,4
0.391,0.04700000000000004,0.3569999999999998,0.029715315916326483,0.3665223849330885,0.37166666666666665,0.06692881790880795,0.36605224121406654,0.35741666666666666,0.06104016313175824,0.39335687411645354,0.4250833333333333,0.30583725661899325,0.4431880956639723,0,5
0.321,-0.07,0.35199999999999987,0.03567912554992232,0.34376119246654424,0.3425,0.029669850016536898,0.3531801722957618,0.34674999999999995,0.05440441994076456,0.38222504732930684,0.42883333333333334,0.30389967833604836,0.43341304801085456,1,0
0.372,0.05099999999999999,0.36133333333333323,0.036198526673614624,0.3578805962332721,0.345,0.031698580409914044,0.35855726592554416,0.34883333333333333,0.05489135274395007,0.3806519631247981,0.435125,0.3009586585071691,0.42850000416998624,0,1
0.319,-0.05299999999999999,0.3373333333333332,0.030038863715869023,0.33844029811663606,0.3471666666666667,0.028812612978875177,0.34725518994681726,0.3505833333333333,0.053438934279884776,0.371167045720983,0.43883333333333335,0.2988622871268082,0.4197400038363873,0,2
0.295,-0.02400000000000002,0.3286666666666665,0.03939966158916356,0.316720149058318,0.3403333333333333,0.03596479760363552,0.33232513567629807,0.34650000000000003,0.0558072983171081,0.35944903868698563,0.4422083333333333,0.29666215291306464,0.40976080352947636,0,3
1.424,1.129,0.6793333333333331,0.6450118861953927,0.870360074529159,0.5203333333333333,0.4441592807390946,0.6442322397687843,0.43766666666666665,0.3155452231912059,0.5232261096582186,0.4932083333333333,0.35306237645303795,0.4908999392471183,1,0
1.054,-0.3699999999999999,0.9243333333333332,0.5755608858612064,0.9621800372645795,0.6308333333333334,0.48604502534916405,0.7613087426919888,0.50125,0.35740202090286866,0.6048836312492619,0.527125,0.36652211659942396,0.5359479441073489,0,1
1.195,0.14100000000000001,1.2243333333333333,0.18673599902893537,1.0785900186322896,0.7765,0.5052075810990987,0.8852205304942777,0.5595,0.4096165612774064,0.6956707649032217,0.5655833333333333,0.3864698555843163,0.5886721085787611,0,2
0.834,-0.3610000000000001,1.0276666666666665,0.18193497006715334,0.9562950093161449,0.8535,0.4648194273048428,0.8705860932101983,0.59925,0.41132007554391814,0.7169521856873414,0.5790416666666667,0.3900934647387521,0.6082983398924602,0,3
0.798,-0.03599999999999992,0.9423333333333334,0.21955485267544547,0.8771475046580725,0.9333333333333335,0.3897269129360564,0.8498472094358559,0.64025,0.4038857005278957,0.7294210801969812,0.5830833333333333,0.39191025111310396,0.6234744727010634,0,4
0.938,0.1399999999999999,0.8566666666666665,0.07270029802784268,0.9075737523290361,1.0405,0.23794095906338067,0.8750337210256114,0.6904166666666667,0.400028057728076,0.7615101447820609,0.563125,0.3583563095094286,0.6486365148849783,0,5
0.959,0.02100000000000002,0.8983333333333331,0.08752333022307167,0.9332868761645181,0.963,0.14602191616329957,0.8990240864468653,0.7416666666666667,0.39090346014267385,0.7918931994309746,0.5500833333333334,0.33646330850631323,0.6734655936941801,0,6
1.008,0.049000000000000044,0.9683333333333332,0.0359212100761705,0.9706434380822591,0.9553333333333334,0.141423713240278,0.930160061747761,0.7930833333333333,0.3810395966857304,0.825140399518517,0.5752499999999999,0.34747039285821674,0.7002283461986458,0,7
0.928,-0.07999999999999996,0.9649999999999999,0.04033608806023533,0.9493217190411296,0.9108333333333333,0.07928282706026915,0.9295429012484007,0.8436666666666667,0.35184431818976997,0.8409649534387451,0.5952083333333333,0.3536058944972332,0.7184500785027541,0,8
1.237,0.30900000000000005,1.0576666666666665,0.1603756008042862,1.0931608595205649,0.9780000000000001,0.14480469605645263,1.0173877866060006,0.9157500000000001,0.3346135151864825,0.9018934221404766,0.6322916666666667,0.3726018365805359,0.7599340722225338,1,0
1.106,-0.131,1.0903333333333334,0.1550945947908422,1.0995804297602825,1.0293333333333334,0.12084314902661258,1.042705561861429,0.9813333333333333,0.27962615735797625,0.9332944341188649,0.6659583333333333,0.3775541975683084,0.7876193464447312,0,1
1.287,0.18099999999999983,1.21,0.09347192091746757,1.1932902148801412,1.0875000000000001,0.1488391749506869,1.1125039727581636,1.064,0.19080499326418382,0.9877106750236548,0.7052499999999999,0.39140596627387086,0.8275697987291528,0,2
1.176,-0.11099999999999999,1.1896666666666664,0.09127065976169332,1.1846451074400706,1.1236666666666668,0.13728607601161782,1.1306456948272596,1.0433333333333332,0.15905706999423602,1.016678263481554,0.7405,0.39422681619683814,0.8554442148308206,0,3
1.003,-0.17300000000000004,1.155333333333333,0.14312348980280984,1.0938225537200352,1.1228333333333333,0.13814111142837862,1.0941754963051855,1.0390833333333334,0.15942707556824284,1.0145739152536226,0.7701666666666668,0.3856261612389439,0.867248677644355,0,4
0.482,-0.5209999999999999,0.8869999999999997,0.3612492214524528,0.7879112768600176,1.0485,0.2949472834253629,0.919268211646561,0.9796666666666667,0.21810228348324523,0.9326394667530653,0.7695833333333333,0.38606925675905956,0.8364287834328067,0,5
0.697,0.21499999999999997,0.7273333333333332,0.2618211857992734,0.7424556384300087,0.9585,0.30802256410854345,0.8557630083189722,0.9682499999999999,0.22969787468839026,0.8963872410987476,0.78375,0.37638812645875314,0.8252744807581822,0,6
0.199,-0.49799999999999994,0.45933333333333315,0.2497725632116933,0.4707278192150044,0.8073333333333332,0.4224607279578412,0.6681164345135516,0.9183333333333333,0.31812414195871636,0.7890968963143249,0.7792916666666668,0.38287101689695713,0.7751725222975278,0,7
0.237,0.03799999999999998,0.37766666666666654,0.27720269358961835,0.3538639096075022,0.6323333333333333,0.4009526987896077,0.5449403103668226,0.8599166666666666,0.37369298490832925,0.7041589122659672,0.7751666666666667,0.38834875257066076,0.7321187205137255,0,8
0.233,-0.003999999999999976,0.22299999999999986,0.020880613018001128,0.2934319548037511,0.4751666666666667,0.32233548775564647,0.4558145074048732,0.7994166666666667,0.4129048885272452,0.6316729257635106,0.7705416666666666,0.39432198046185835,0.6921892228726275,0,9
0.186,-0.047000000000000014,0.21866666666666654,0.028360771028674073,0.23971597740187556,0.33899999999999997,0.2065245748089182,0.37872464814633805,0.7309166666666668,0.44229370298136683,0.563107860261432,0.762,0.4049772940494961,0.6516940850428173,0,10
0.23,0.04400000000000001,0.21633333333333318,0.026312227829298183,0.23485798870093777,0.297,0.19703299216122316,0.3362318915330986,0.6727500000000001,0.4595784877076343,0.5118604971442886,0.7582083333333333,0.409684393815815,0.6179585582393919,0,11
0.266,0.036000000000000004,0.2273333333333332,0.040066611203604746,0.2504289943504689,0.22516666666666665,0.028673448810207877,0.31616563680935617,0.5918333333333333,0.4360810669700036,0.47403580527593653,0.7537916666666665,0.41457122733763346,0.5898018735802406,0,12
0.189,-0.07700000000000001,0.2283333333333332,0.03852704677678811,0.21971449717523445,0.22350000000000003,0.030716445106895952,0.2798325977209687,0.5154166666666666,0.41775013374315517,0.43018414292579243,0.7483749999999999,0.4212938468987917,0.5577377236938214,1,0
0.228,0.03900000000000001,0.22766666666666655,0.03850108223596869,0.22385724858761724,0.222,0.03013967484902514,0.2650232840864062,0.4271666666666667,0.345553267393119,0.3990788901679782,0.7455833333333334,0.424637432729808,0.5313587057983157,0,1
0.24,0.011999999999999983,0.21899999999999986,0.026664583252088214,0.23192862429380862,0.2231666666666667,0.030779322063223227,0.25787377434743297,0.3491666666666666,0.25490634049439065,0.37460521475752007,0.6962499999999999,0.4109503566760514,0.5080500093344504,0,2
0.26,0.020000000000000018,0.2426666666666665,0.016165807537538317,0.2459643121469043,0.23549999999999996,0.027566283753979258,0.25848126739102356,0.28724999999999995,0.15051374144454777,0.3569736432563631,0.6631666666666667,0.41285355511490324,0.4882060085876944,0,3
0.27,0.010000000000000009,0.25666666666666654,0.015275252316758765,0.25798215607345215,0.24216666666666664,0.03063603542679012,0.2617723338507311,0.26958333333333334,0.13745178217921453,0.34359308275538414,0.624625,0.40413017839176085,0.47074952790067887,0,4
0.555,0.28500000000000003,0.3616666666666666,0.1675062187900497,0.40649107803672613,0.29033333333333333,0.13271724329065662,0.3455516670362365,0.25775,0.09766373198610817,0.37611722386994045,0.613,0.40185190869490606,0.47748956566862455,1,0
2.125,1.5699999999999998,0.9833333333333333,0.9989285927098773,1.2657455390183632,0.613,0.7508821478767511,0.8539654764544546,0.41825,0.5459743791857569,0.6451761125053342,0.6682916666666667,0.5061663654301356,0.6092904004151346,1,0
0.997,-1.1280000000000001,1.2256666666666665,0.8095933135428767,1.1313727695091815,0.7411666666666666,0.7375351969002357,0.8948324831817533,0.4815833333333333,0.5667238317868337,0.6993028644275905,0.67075,0.5076742579389988,0.6403071683819239,0,1
0.728,-0.269,1.2833333333333332,0.741210046702913,0.9296863847545908,0.8224999999999999,0.6970086800033428,0.8471660594155381,0.5228333333333334,0.5649974792113248,0.7037178083618073,0.661125,0.5041492457165057,0.64732259491137,0,2
0.612,-0.11599999999999999,0.7789999999999999,0.19750189872506108,0.7708431923772954,0.8811666666666667,0.653660283837613,0.7799757567253843,0.5583333333333333,0.5552079599464318,0.6896073763061447,0.644625,0.498754345082958,0.6444967873184604,0,3
0.519,-0.09299999999999997,0.6196666666666665,0.104710712600663,0.6449215961886476,0.9226666666666666,0.6137858475614021,0.7054112548038459,0.5824166666666667,0.5458603648175857,0.663360087643661,0.6275833333333333,0.4956285352232417,0.6344570443329836,0,4
0.357,-0.16200000000000003,0.49599999999999983,0.12904650324594663,0.5009607980943238,0.8896666666666667,0.6421730815494128,0.6058651820027471,0.59,0.5416810534219961,0.6162277664677132,0.5909166666666666,0.4809165087682029,0.6122604807863449,0,5
0.386,0.029000000000000026,0.4206666666666665,0.08638479804537336,0.4434803990471619,0.5998333333333333,0.2389739874268121,0.5430465585733908,0.6064166666666667,0.5313090965347816,0.580808110088065,0.5609166666666666,0.46971479937683785,0.5941596423234373,0,6
0.33,-0.055999999999999994,0.3576666666666665,0.028005951748518575,0.38674019952358096,0.48866666666666664,0.1590366833993675,0.48217611326670773,0.6149166666666667,0.5254887695942673,0.5422222469975935,0.5210416666666666,0.44538703043988365,0.5730268709375623,0,7
0.324,-0.006000000000000005,0.3466666666666665,0.034195516275389436,0.35537009976179046,0.42133333333333334,0.11755452635552135,0.4369829380476484,0.6219166666666667,0.5205770326951592,0.5086495936133483,0.4855416666666667,0.4243721684074492,0.5531047212625574,0,8
0.361,0.03699999999999998,0.3383333333333332,0.01985782801165523,0.3581850498808952,0.3795,0.0719465079069477,0.4152735271768917,0.6303333333333333,0.514980023148883,0.485934271518987,0.4587916666666667,0.410338352345716,0.5377363435615529,0,9
0.648,0.28700000000000003,0.4443333333333332,0.177348057032886,0.5030925249404476,0.40099999999999997,0.12307721153814136,0.48176680512635117,0.6618333333333334,0.502341215678842,0.5108674605160659,0.46570833333333334,0.41214164715403423,0.5465574360766287,1,0
0.989,0.34099999999999997,0.6659999999999998,0.31438670455349255,0.7460462624702238,0.5063333333333334,0.2656980742622546,0.6266905750902507,0.698,0.5095222361103674,0.5844263127443635,0.47787500000000005,0.4234220129928962,0.5819528411904984,0,1
0.744,-0.245,0.7936666666666666,0.17584178494697303,0.7450231312351119,0.566,0.2733576411955657,0.6602075536358933,0.5829166666666666,0.24543077466266341,0.6089761107836922,0.5005833333333334,0.42242868363029407,0.5949166138952585,0,2
0.561,-0.18299999999999994,0.7646666666666665,0.21474713812607069,0.6530115656175559,0.6044999999999999,0.2486191867093195,0.6318625383113524,0.5465833333333333,0.2079713521938376,0.6015951706631242,0.5140833333333333,0.4188004522927113,0.5922032847836379,0,3
0.592,0.030999999999999917,0.6323333333333333,0.09794045810255605,0.6225057828087779,0.6491666666666667,0.20907550470265507,0.620473241650966,0.53525,0.20076722160932342,0.6001189905611051,0.5290416666666666,0.41471577267020976,0.5921870220009469,0,4
0.764,0.17200000000000004,0.6389999999999998,0.10935721283941523,0.693252891404389,0.7163333333333334,0.1559752117058017,0.6614808868935471,0.5479166666666667,0.2106036597857488,0.6253314535517044,0.553125,0.4106918142650857,0.6059320602408711,0,5
0.536,-0.22799999999999998,0.6306666666666665,0.1188163849531644,0.6146264457021945,0.6976666666666667,0.1716981848088958,0.6256292049239622,0.5493333333333333,0.21044858293798507,0.6115881530052883,0.565875,0.4049337371987409,0.6003374954216014,0,6
0.401,-0.135,0.5669999999999998,0.18347479390915156,0.5078132228510972,0.5996666666666667,0.13631825507491702,0.5614494320885445,0.553,0.20715036260473366,0.5791899756198594,0.5715,0.4015101926260509,0.5843904957878733,0,7
0.366,-0.03500000000000003,0.4343333333333332,0.0897682200633377,0.4369066114255486,0.5366666666666667,0.14343453791423597,0.5056067372061032,0.5513333333333333,0.20869086896143468,0.5463915178321888,0.5788749999999999,0.39576335842213217,0.5669192561248434,0,8
0.504,0.138,0.42366666666666647,0.0717379490460934,0.47045330571277433,0.5271666666666667,0.14338816780568203,0.5051476694329309,0.5658333333333333,0.19766814859682602,0.5398697458580058,0.590375,0.3890779303296,0.561885715634856,0,9
0.781,0.277,0.5503333333333332,0.21134411118680138,0.6257266528563872,0.5586666666666668,0.1772429594276464,0.583962621023522,0.6039166666666667,0.19074230990495716,0.5769667080336973,0.6129166666666667,0.383528120012835,0.5794148583840675,0,10
0.798,0.017000000000000015,0.6943333333333332,0.16505251689489045,0.7118633264281936,0.5643333333333334,0.18547308879368535,0.6451161578739443,0.6403333333333333,0.18164767762864115,0.6109718298746669,0.6353333333333333,0.3776819074146995,0.5969016697133421,0,11
0.761,-0.03700000000000003,0.7799999999999999,0.01852025917756513,0.7364316632140968,0.6018333333333333,0.20071812739927142,0.6782258270528173,0.6497499999999999,0.18497966718730796,0.6340530868170259,0.6557916666666667,0.37025736984904983,0.6100295361362749,0,12
0.871,0.10999999999999999,0.8099999999999999,0.05597320787666167,0.8037158316070484,0.6801666666666667,0.19836271491051402,0.7333041621805838,0.6399166666666667,0.16762862542121498,0.670506458075945,0.6689583333333333,0.37213116892307985,0.6309071732453728,0,13
0.828,-0.04300000000000004,0.8199999999999998,0.05543464620617608,0.8158579158035242,0.7571666666666667,0.12986056624961084,0.7603601158432741,0.6469166666666667,0.17400285177043037,0.6947362337565688,0.6149166666666667,0.21061213406281368,0.646674599385743,0,14
1.021,0.19299999999999995,0.9066666666666664,0.1013229161312318,0.918428957901762,0.8433333333333333,0.09516862227997862,0.8348286541737673,0.6852499999999999,0.20180329081018014,0.7449306593324811,0.6159166666666667,0.21255319879700804,0.6766206314348836,1,0
1.197,0.17600000000000016,1.0153333333333332,0.1845652549461461,1.057714478950881,0.9126666666666666,0.16591403396539126,0.938306181552691,0.7356666666666666,0.24691932187488183,0.8144797886659456,0.6354583333333333,0.24272402993965136,0.718250980920093,0,1
1.154,-0.04300000000000015,1.1239999999999999,0.0917551088495992,1.1058572394754405,0.972,0.1797820903204825,0.9999329868233506,0.7681666666666667,0.2750513450689569,0.8667136673327231,0.6580416666666667,0.26466869842793284,0.7531109024464855,0,2
0.907,-0.2469999999999999,1.0859999999999999,0.15650239614779718,1.0064286197377204,0.9963333333333333,0.15346617434036958,0.9733807048738219,0.7990833333333333,0.2673249498043136,0.8729115646661503,0.6742083333333334,0.2676397609972526,0.7654220302507666,0,3
1.135,0.22799999999999998,1.0653333333333332,0.13744938462334236,1.07071430986886,1.0403333333333333,0.14809681518070722,1.0195576463384444,0.8602500000000001,0.2514615911390482,0.9132328624098195,0.706625,0.2745748987070738,0.7949882678307053,0,4
1.192,0.05699999999999994,1.0779999999999998,0.1508078247306886,1.1313571549344301,1.101,0.1144534840011506,1.068826890241746,0.9290833333333334,0.21415392014892365,0.9561201143467704,0.7402083333333334,0.2828213415424725,0.8267492064042489,0,5
1.893,0.7010000000000001,1.4066666666666665,0.4221401820880514,1.512178577467215,1.2463333333333333,0.33455383224029533,1.304304921601247,1.0448333333333333,0.31509647392312723,1.1002554813703442,0.8053333333333333,0.3550008777290637,0.912049269891909,1,0
1.241,-0.6519999999999999,1.442,0.39134511623374013,1.3765892887336075,1.2536666666666667,0.33373742173551296,1.286217801143748,1.0831666666666666,0.30798224073160574,1.121908484236445,0.8435416666666667,0.3502592802564936,0.9383653283005564,0,1
0.624,-0.6170000000000001,1.2526666666666666,0.6345804388202761,1.0002946443668037,1.1653333333333333,0.42346979427896386,1.097012715102677,1.0686666666666667,0.32618659839070197,1.0453071789692996,0.8544999999999999,0.33841998604769424,0.9132161020365119,0,2
0.92,0.29600000000000004,0.9283333333333332,0.30858440228458817,0.9601473221834018,1.1675,0.4219140907815254,1.0464376536447693,1.0819166666666666,0.3156106514890356,1.0260291514355613,0.8658333333333333,0.33574779181722814,0.913758813873591,0,3
0.267,-0.653,0.6036666666666665,0.3269745148071005,0.6135736610917009,1.0228333333333335,0.5611293671397608,0.8237411811748352,1.0315833333333333,0.3913743751386281,0.9092554358300904,0.83575,0.3559691303176868,0.8620181087637039,0,4
0.209,-0.058000000000000024,0.46533333333333315,0.3948193679815363,0.4112868305458504,0.859,0.6398421680383394,0.6481008436963108,0.98,0.4560881095099539,0.8015238303177689,0.8134583333333333,0.3780323173632306,0.8097766600626075,0,5
0.254,0.04500000000000001,0.24333333333333318,0.030435724623232085,0.3326434152729252,0.5858333333333334,0.4233530047923013,0.535500602640222,0.9160833333333334,0.5013210653922899,0.717289394884266,0.8006666666666667,0.39188648164073414,0.765314527257599,0,6
0.232,-0.021999999999999992,0.2316666666666665,0.022501851775827125,0.2823217076364626,0.41766666666666663,0.29065902130618787,0.44878614474301576,0.8356666666666666,0.5288069476461025,0.6426294879789943,0.7856666666666667,0.4068257469799532,0.7226493650769911,0,7
0.206,-0.026000000000000023,0.2306666666666665,0.02402776172141927,0.24416085381823127,0.34800000000000003,0.28125504439921534,0.3794186748164398,0.7566666666666667,0.5474118166149655,0.5754557205976105,0.7624166666666667,0.4237121579015913,0.6813174158708318,0,8
0.233,0.027000000000000024,0.22366666666666654,0.01530795000453517,0.23858042690911563,0.2335,0.024089416763489163,0.3375847677260284,0.7005,0.5648834956310578,0.5227702251210551,0.7497916666666667,0.4351125770535078,0.6454520226011653,0,9
0.237,0.003999999999999976,0.2253333333333332,0.01686218649349297,0.2377902134545578,0.22849999999999995,0.01811905074790326,0.3088462626614489,0.6256666666666667,0.5615618371735178,0.47880557510243127,0.7429583333333333,0.44206073546581753,0.6127758607930721,0,10
0.24,0.0030000000000000027,0.2366666666666665,0.0035118845854128005,0.2388951067272789,0.23366666666666666,0.015705625319347813,0.2891759019010349,0.5463333333333333,0.5411560577022844,0.4420662558559034,0.7377083333333334,0.44744759024325137,0.5829537919296264,0,11
0.234,-0.005999999999999978,0.23699999999999988,0.003000000001320751,0.23644755336363946,0.23033333333333336,0.012274635093221825,0.2734113585007392,0.40808333333333335,0.34059212032024694,0.4100560626473029,0.7264583333333333,0.4568740649586972,0.5550374885752563,0,12
0.247,0.012999999999999984,0.2403333333333332,0.006506407099254948,0.2417237766818197,0.23283333333333334,0.014077168276032734,0.26586525607195655,0.32525,0.2186517051884507,0.3849705145477178,0.7042083333333333,0.46699334127704784,0.5303944894892357,0,13
0.262,0.015000000000000013,0.24766666666666656,0.014011899704936008,0.25186188834090983,0.24216666666666667,0.01094379580729208,0.26476089719425466,0.29508333333333336,0.197650498853326,0.3660519738480689,0.6818749999999999,0.4750599332898862,0.508922930330097,0,14
0.286,0.023999999999999966,0.26499999999999985,0.0196723155731026,0.26893094417045493,0.251,0.019839354828345604,0.27082921228161044,0.24225,0.022939148751716383,0.3537362855637506,0.6620833333333332,0.4814714688975024,0.4910890959036892,0,15
0.55,0.26400000000000007,0.3659999999999999,0.15979987484352753,0.4094654720852275,0.3031666666666667,0.12234772849003554,0.3505922944868646,0.2658333333333333,0.0920531796234478,0.3839307031693274,0.6487083333333333,0.479871493592106,0.49580196823139405,1,0
1.053,0.5029999999999999,0.6296666666666665,0.3896566864989469,0.7312327360426137,0.4386666666666667,0.3234017109829057,0.5512802103477603,0.33616666666666667,0.24313327184650574,0.4868644411432771,0.6580833333333334,0.4856891040543335,0.5403778107728826,0,1
2.218,1.165,1.2736666666666665,0.8556145939225991,1.474616368021307,0.7693333333333333,0.7734389870356093,1.0274858645341145,0.49983333333333335,0.5926332352434773,0.753192988659696,0.7079583333333334,0.5773813056390457,0.6745875859110521,0,2
1.429,-0.7889999999999999,1.5666666666666667,0.5945757591201749,1.4518081840106536,0.9663333333333334,0.7642660967664788,1.142204188952939,0.5995833333333334,0.6421250881159202,0.8571632980966659,0.717625,0.5877735302189839,0.7349405790381679,0,3
1.014,-0.41500000000000004,1.5536666666666665,0.6116047198422624,1.232904092005327,1.0916666666666666,0.6830006344555386,1.1055744206806708,0.6669166666666667,0.6394599224535045,0.8812920214664096,0.7117916666666666,0.5839366388474058,0.7572653327151144,0,4
0.602,-0.41200000000000003,1.015,0.41350090689139135,0.9174520460026634,1.1443333333333334,0.6174919162763737,0.9616960147719078,0.6976666666666667,0.6254149652733602,0.8383240181638851,0.6990833333333333,0.5828213923341513,0.7448441060979053,0,5
0.508,-0.09399999999999997,0.7080000000000001,0.26913936910085345,0.7127260230013317,1.1373333333333335,0.6257595917496336,0.8320685819799342,0.7202500000000001,0.612017695079896,0.7875049384463643,0.6729583333333333,0.5764496643937872,0.7258965776100729,0,6
0.407,-0.10100000000000003,0.5056666666666666,0.097520937922788,0.5598630115006659,1.0296666666666667,0.694924072591149,0.7106204156999529,0.7341666666666667,0.601919933264056,0.7289657171469236,0.64025,0.5679260706633656,0.700384851401267,0,7
0.481,0.07400000000000001,0.4653333333333333,0.052290853247394756,0.5204315057503329,0.7401666666666666,0.4001586768604045,0.6450145826428235,0.75475,0.587307125012892,0.6908171452781661,0.5814166666666667,0.5017935585101891,0.6828340632891656,0,8
0.777,0.29600000000000004,0.555,0.1957855970187965,0.6487157528751665,0.6315,0.2265610293055789,0.682724701887731,0.7989166666666666,0.5651631234082826,0.704076046004602,0.5620833333333333,0.4838953279437577,0.6903673382260324,0,9
0.566,-0.21100000000000008,0.608,0.1524040681871917,0.6073578764375832,0.5568333333333333,0.12742278707778423,0.649374787062665,0.82425,0.5453749544204342,0.6828335773885094,0.5596666666666666,0.48371745855421083,0.6804179511679498,0,10
0.609,0.04300000000000004,0.6506666666666666,0.11150037369147775,0.6081789382187917,0.5579999999999999,0.12794999023057277,0.6378391336161893,0.8511666666666667,0.5239446246474616,0.6714745654825849,0.5467083333333334,0.47777395775632714,0.6747045150745138,0,11
0.626,0.017000000000000015,0.6003333333333333,0.030924639583017832,0.6170894691093958,0.5776666666666667,0.12779619190989322,0.6344565240115637,0.8575,0.5204207214098292,0.6644784784852641,0.5616666666666666,0.47424279845249917,0.6708081538685527,0,12
0.684,0.05800000000000005,0.6396666666666667,0.03932344508482517,0.650544734554698,0.6238333333333334,0.10104536934798185,0.6486118028654027,0.82675,0.5187178467581911,0.6674817894875311,0.5814583333333333,0.46876498043695386,0.6718635015590686,0,13
0.423,-0.26100000000000007,0.5776666666666667,0.137048653161349,0.536772367277349,0.6141666666666666,0.11867841702125162,0.5841512877610019,0.6771666666666666,0.28899286978726374,0.6298692064894493,0.5885,0.46488539962296993,0.6519544214343431,1,0
0.52,0.09700000000000003,0.5423333333333333,0.13192548401783488,0.5283861836386745,0.5713333333333334,0.09139730120014636,0.5658223484007157,0.6014166666666666,0.16767851184135923,0.6129662516449186,0.6004999999999999,0.4589623457132496,0.6413980677195956,0,1
0.439,-0.08100000000000002,0.4606666666666666,0.05200320502950394,0.4836930918193373,0.5501666666666667,0.10636055033079869,0.5295873917147969,0.5535,0.11195737825375342,0.5862022129303157,0.6102083333333334,0.4526760026838146,0.625206222302028,0,2
0.416,-0.02300000000000002,0.4583333333333333,0.054629052099964555,0.44984654590966866,0.518,0.11392453642654785,0.4971338512248549,0.5379999999999999,0.11737662768742416,0.5600172570948825,0.6178333333333333,0.4475582708397882,0.6084697245178659,0,3
0.528,0.11200000000000004,0.461,0.059152345684742626,0.48892327295483434,0.5016666666666667,0.10171463349327155,0.5059527508748963,0.5396666666666666,0.11705347133474774,0.5550915252341313,0.6299583333333333,0.44068133800589565,0.6020321465564367,0,4
0.679,0.15100000000000002,0.5409999999999999,0.13198105924717646,0.5839616364774172,0.5008333333333334,0.09992680654694495,0.5553948220534974,0.5623333333333334,0.1153511109087306,0.5741543675058034,0.64825,0.43283235533643594,0.6081895748319218,0,5
0.54,-0.139,0.5823333333333333,0.08393052682629677,0.5619808182387086,0.5203333333333333,0.09286692988718041,0.5509963014667839,0.56725,0.11279839215488295,0.5688998494279874,0.661,0.4245264369296378,0.6027344088453681,0,6
0.559,0.019000000000000017,0.5926666666666667,0.07536798613031692,0.5604904091193543,0.5268333333333334,0.09419430272936075,0.5532830724762743,0.5490833333333334,0.09148815952533312,0.5673767956698356,0.674,0.41598881673931304,0.5992356561377387,0,7
0.601,0.041999999999999926,0.5666666666666667,0.031214312956395974,0.5807452045596772,0.5538333333333333,0.08691931124134814,0.5669164803401959,0.552,0.0926273079702614,0.5725495963360147,0.688125,0.4070503988131112,0.5993768036467196,0,8
0.999,0.398,0.7196666666666666,0.24281954891099422,0.7898726022798386,0.651,0.17905418174397186,0.6903689145287113,0.5845,0.15904916335408953,0.6381573507458586,0.7178333333333332,0.40241808960405795,0.6313466593549821,1,0
1.544,0.545,1.0479999999999998,0.4734057456347599,1.1669363011399194,0.8203333333333335,0.3925759374524493,0.9342635103776509,0.661,0.3200786835082324,0.7775177583234189,0.7592499999999999,0.4342831424613289,0.7043589266065835,0,1
1.813,0.2689999999999999,1.452,0.414725210229617,1.4899681505699598,1.0093333333333334,0.5516639073445613,1.185331078841179,0.7550833333333333,0.4619434161203829,0.9368227185813545,0.7909166666666666,0.4817484384728345,0.793050212478057,0,2
3.276,1.4629999999999999,2.211,0.9320724220788823,2.3829840752849796,1.4653333333333334,1.018975302284931,1.7826650563151278,0.9928333333333333,0.8481932491353532,1.2966961464919153,0.835,0.6403228805097845,0.9916861954798124,0,3
4.315,1.0390000000000006,3.1346666666666665,1.2569734815553275,3.34899203764249,2.0913333333333335,1.4240405424940206,2.506189325939377,1.3090833333333334,1.2622779162604358,1.7610505854931593,0.9552499999999999,0.9519049664842554,1.2575512998414276,0,4
1.705,-2.6100000000000003,3.0986666666666665,1.3140054540728974,2.526996018821245,2.2753333333333337,1.2541516123127472,2.277278089956698,1.4145833333333335,1.2355691701569866,1.7524274184942117,0.9840416666666667,0.9641308083344864,1.2933471958541134,1,0
1.038,-0.667,2.352666666666667,1.7318447774940244,1.7824980094106224,2.2818333333333336,1.246290081267866,1.9231986356833557,1.4664166666666667,1.2024727899649374,1.6425155079566407,1.0022083333333334,0.9607208335034357,1.2729194201857843,0,1
1.361,0.32299999999999995,1.368,0.33355509290070806,1.5717490047053113,2.2513333333333336,1.2699723881512794,1.7625704540595397,1.5358333333333334,1.1668922076363455,1.5992054298094653,1.03775,0.9574153725798297,1.2799658665709217,0,2
1.631,0.27,1.3433333333333335,0.2968944818169133,1.6013745023526558,2.221,1.2846249258051927,1.7249788957568142,1.6151666666666664,1.1352764848131478,1.6040969021464706,1.0887499999999999,0.954952593860941,1.308048597245248,0,3
1.541,-0.09000000000000008,1.511,0.1374772708486714,1.5711872511763278,1.9318333333333335,1.1915516634484067,1.6724134969691529,1.6985833333333333,1.0847453373809437,1.594389686431629,1.1329166666666666,0.9501223224070846,1.3266847094656282,0,4
0.861,-0.6799999999999999,1.3443333333333332,0.4209908945967043,1.2160936255881638,1.3561666666666667,0.3399484764882282,1.4405810692636807,1.72375,1.0591030617718684,1.4815605039036859,1.1364166666666666,0.9489081559380745,1.289429932708378,1,0
0.557,-0.30399999999999994,0.9863333333333332,0.5038306593820346,0.8865468127940819,1.1648333333333334,0.4183675019246455,1.1881293351883433,1.7200833333333334,1.063410846657057,1.339320426380042,1.1360416666666666,0.9491451292870209,1.2308355380917078,0,1
0.3,-0.25700000000000006,0.5726666666666667,0.2808279425793286,0.593273406397041,1.0418333333333332,0.5506782787314829,0.9343780965631024,1.6618333333333333,1.123922824375195,1.1794249761677278,1.1231666666666666,0.9586533429160189,1.1563686950443712,0,2
0.229,-0.07099999999999998,0.36200000000000004,0.17256592942990437,0.41113670319852047,0.8531666666666666,0.6101627378549673,0.7328414975450731,1.5522500000000001,1.198114133658696,1.0332057490650004,1.106625,0.9709512508471985,1.0821791994408214,0,3
0.215,-0.014000000000000012,0.248,0.04557411546050542,0.3130683515992602,0.6171666666666666,0.5156643934446808,0.5848867839607664,1.4190833333333337,1.2540008306748975,0.9073279415165388,1.0870833333333334,0.9844527023622852,1.0128048634855558,0,4
0.203,-0.011999999999999983,0.21566666666666667,0.013012814197591,0.2580341757996301,0.3941666666666666,0.2642880373128372,0.4757762742576903,1.163,1.1497617935112392,0.7989697966678406,1.0779166666666666,0.9919012011050412,0.9480204744067113,0,5
0.172,-0.031000000000000028,0.19666666666666668,0.022188585654366325,0.21501708789981505,0.2793333333333334,0.14250988269826115,0.3889830530412074,0.8177500000000001,0.6148229789578004,0.7025129048727882,1.0634166666666667,1.002894329544187,0.8859388364541745,0,6
0.204,0.032,0.19299999999999998,0.018193405398875765,0.20950854394990753,0.22050000000000003,0.04325158956623151,0.336130752172291,0.6926666666666668,0.5688750195594688,0.6258186118154361,1.053625,1.010375126742108,0.8313837295378406,0,7
0.211,0.007000000000000006,0.19566666666666666,0.02079262689852241,0.21025427197495378,0.20566666666666666,0.018991226044478532,0.3003791086944936,0.6237499999999999,0.5733125634891874,0.5620003638438305,1.0450833333333334,1.0168457587566808,0.7817530311748133,0,8
0.212,0.0010000000000000009,0.209,0.004358898944428243,0.2111271359874769,0.2028333333333333,0.015816657885675225,0.2751279347817811,0.528,0.5335595732266604,0.5081541540217027,1.0319166666666668,1.025838444635779,0.7361727886808282,0,9
0.207,-0.0050000000000000044,0.21,0.002645751312525638,0.20906356799373843,0.20149999999999998,0.014896308267682686,0.2556628105584151,0.4093333333333333,0.40998832208054625,0.46182274571067156,1.01225,1.0373582354691424,0.693838965586362,0,10
0.208,0.0010000000000000009,0.209,0.0026457513125268655,0.20853178399686922,0.20233333333333334,0.015134948518990558,0.24204486468458222,0.29825,0.20466963402250554,0.4227730925244144,0.9984166666666666,1.046106317510908,0.6549718483394531,0,11
0.188,-0.01999999999999999,0.20099999999999998,0.011269427669930242,0.1982658919984346,0.20499999999999996,0.008809086218548192,0.22660347477470158,0.24216666666666667,0.10379598287314988,0.38665415521296603,0.9829583333333333,1.0555801404777447,0.6176141004722969,1,0
0.254,0.066,0.21666666666666665,0.03384277372410574,0.2261329459992173,0.2133333333333333,0.0217776643989305,0.23443105341050113,0.21691666666666667,0.032861855016852334,0.36624582364174046,0.9685,1.0633868779394986,0.5885249724345132,1,0
0.26,0.006000000000000005,0.23399999999999999,0.03994996871097119,0.24306647299960865,0.22150000000000003,0.02878714991112774,0.24173646672178653,0.21358333333333332,0.024677771865375644,0.3499003123122419,0.9377083333333335,1.0731200945461983,0.5622429746397521,0,1
0.511,0.251,0.3416666666666666,0.14667765110384137,0.37703323649980436,0.27133333333333337,0.12080011037524835,0.3186689048012761,0.23708333333333334,0.08959044016910576,0.37468487964882,0.8946666666666667,1.0684512019809298,0.558143536668572,1,0
0.991,0.48,0.5873333333333334,0.37143011904440193,0.6840166182499021,0.40199999999999997,0.3112240350615693,0.5107635034294828,0.30175,0.23471689910884136,0.4695025904720785,0.8604166666666667,1.0507619147310565,0.5927720537350862,0,1
2.121,1.13,1.2076666666666667,0.826579296458201,1.402508309124951,0.7208333333333332,0.7472213638987245,0.970831073878202,0.4615833333333333,0.5720275674115588,0.7235791150148356,0.8122916666666667,0.9576410546195033,0.7150302894362794,0,2
1.387,-0.734,1.4996666666666665,0.5733631775178212,1.3947541545624755,0.9206666666666666,0.7364733984786342,1.0897364813415729,0.5628333333333334,0.6215003595893528,0.8256438665510147,0.6902916666666666,0.6184435216677061,0.7687878662813772,0,3
0.765,-0.622,1.4243333333333332,0.6787704570275087,1.0798770772812378,1.0058333333333331,0.6705569078509809,0.9969546295296948,0.6095833333333333,0.6130974204559132,0.8163140409277818,0.651125,0.5799548942356008,0.768484836978867,0,4
0.973,0.20799999999999996,1.0416666666666665,0.3166343843194157,1.026438538640619,1.1246666666666665,0.56715347717057,0.9901104496640678,0.6730833333333334,0.6074977677973689,0.8404195730927384,0.6484166666666668,0.57821884804275,0.7848460500205577,0,5
0.638,-0.33499999999999996,0.7919999999999998,0.1691242147062438,0.8322192693203094,1.1458333333333333,0.541458185520053,0.8895074640457628,0.7085833333333333,0.5903080025535703,0.8092781003092402,0.6182916666666667,0.5579584275589524,0.7730983660189131,0,6
0.499,-0.139,0.7033333333333331,0.24366028263411646,0.6656096346601548,1.0638333333333334,0.6033176333132229,0.7779339028898306,0.7329166666666668,0.5735323496199706,0.7615430079539725,0.571125,0.5148053505093398,0.7511704967374001,0,7
0.631,0.132,0.5893333333333332,0.07830921614559955,0.6483048173300774,0.8155000000000001,0.322393393232558,0.7359527877784504,0.7681666666666667,0.5508895011018459,0.7414594682687459,0.5332083333333333,0.47199797154747214,0.7415568569984081,0,8
0.697,0.06599999999999995,0.6089999999999999,0.10081666528905216,0.6726524086650387,0.7005,0.1598546214533795,0.7248234198417502,0.8105833333333333,0.5209390922927422,0.7346195500735542,0.526375,0.4682180662989164,0.7379923084385356,0,9
0.62,-0.07699999999999996,0.6493333333333332,0.041645327869256406,0.6463262043325193,0.6763333333333333,0.15911211979817885,0.6948738713155359,0.8410833333333333,0.4954820349616072,0.7169857731391612,0.529,0.4685736914806751,0.7285529237634527,0,10
0.538,-0.08199999999999996,0.6183333333333332,0.07951310164581711,0.5921631021662597,0.6038333333333333,0.07234754084742832,0.6500527652253828,0.8642500000000001,0.4717750089723993,0.689449500348521,0.5389166666666666,0.46602807497689175,0.7133086898623765,0,11
0.596,0.05799999999999994,0.5846666666666666,0.04215843134342459,0.5940815510831299,0.5968333333333333,0.07038584137928834,0.6346091180181306,0.8713333333333333,0.46659878294142887,0.6750726541410563,0.5542083333333333,0.46141502389428446,0.7039239946733864,0,12
0.511,-0.08499999999999996,0.5483333333333332,0.04343193909254415,0.552540775541565,0.5988333333333333,0.06714586112836986,0.5992922271558075,0.8313333333333333,0.475889470233148,0.6498307073501246,0.5665416666666667,0.4558766975902562,0.6884900750995155,0,13
0.526,0.015000000000000013,0.5443333333333332,0.04536885862944415,0.5392703877707825,0.5813333333333333,0.07067578557519118,0.5783515908255769,0.6984166666666667,0.25390852265882285,0.6307798292962592,0.58,0.4493994059708549,0.6754908690915543,0,14
0.452,-0.07400000000000001,0.4963333333333331,0.039119475115839464,0.49563519388539123,0.5405000000000001,0.060530157772831716,0.5422511363039835,0.6204999999999999,0.1423462487930485,0.6032752401737578,0.5916666666666667,0.44191920043164645,0.65761159956423,0,15
0.431,-0.02100000000000002,0.4696666666666665,0.04990323970784811,0.4633175969426956,0.509,0.06005997002999606,0.5104650973599882,0.5926666666666667,0.144165519350831,0.5767713570701027,0.601125,0.4356459783795342,0.6394826715990916,0,16
0.29,-0.14100000000000001,0.39099999999999985,0.08809653795698276,0.37665879847134776,0.4676666666666666,0.10479058481882263,0.44747506954284877,0.53575,0.11147778009335847,0.5326526867516255,0.6044166666666667,0.4328596435503008,0.6115240578711643,0,17
0.32,0.030000000000000027,0.3469999999999998,0.0742765104188826,0.34832939923567385,0.4216666666666667,0.09751444337466653,0.4110536211020348,0.50925,0.12223905416696433,0.49993688878983694,0.6089166666666667,0.42914818730441745,0.5882021332414711,0,18
0.286,-0.03400000000000003,0.29866666666666647,0.018583146486534897,0.3171646996178369,0.3841666666666667,0.09953173698208626,0.375324015072882,0.4915,0.13827541686463485,0.46702352128370817,0.6122083333333334,0.4262243723436177,0.5640259625821534,0,19
0.235,-0.05099999999999999,0.28033333333333316,0.04278239513328035,0.27608234980891844,0.3356666666666666,0.08666410252619822,0.33523143933777283,0.45849999999999996,0.14880890735802232,0.43132759493236844,0.6133333333333334,0.4251453630349808,0.5377038855755812,0,20
0.605,0.37,0.37533333333333313,0.2005251438930777,0.4405411749044592,0.36116666666666664,0.13613143158973715,0.41230817095555206,0.45083333333333336,0.13733160487290333,0.45804642648123484,0.6307083333333333,0.41541665612780443,0.5430875747295347,1,0
0.732,0.127,0.5239999999999999,0.25821115390316746,0.5862705874522296,0.41133333333333333,0.2050362569563517,0.50364869353968,0.46016666666666667,0.15280756367126952,0.5001931300995064,0.650625,0.40796225448803136,0.558200568751172,0,1
0.668,-0.06399999999999995,0.6683333333333333,0.06350065616462272,0.6271352937261148,0.47433333333333333,0.2179639113859696,0.5506062096712,0.47100000000000003,0.16308949021374558,0.5260095716226593,0.667625,0.39938766309787704,0.5669845232510783,0,2
0.731,0.06299999999999994,0.7103333333333333,0.036665151483900475,0.6790676468630574,0.5428333333333334,0.2242529078221072,0.6021472926222857,0.48225,0.17659307357980172,0.5575465606037886,0.6767916666666666,0.39815934970012185,0.580105761390992,0,3
0.982,0.251,0.7936666666666666,0.16611542172037136,0.8305338234315287,0.6588333333333334,0.24397329088789615,0.7106766375873469,0.5215,0.22832851134036417,0.6228470897416672,0.6764166666666668,0.3978546726880443,0.6122573004797126,0,4
1.159,0.17700000000000005,0.9573333333333331,0.21506355649745906,0.9947669117157644,0.8128333333333334,0.21253274257551313,0.838769026848105,0.57425,0.29333013514096373,0.7053321528583338,0.6363333333333333,0.275691804402114,0.6559967164413356,0,5
2.477,1.3179999999999998,1.5393333333333332,0.8168514756877973,1.7358834558578822,1.1248333333333334,0.6881922454275898,1.3068350191772178,0.743,0.6186688055083182,0.9778964370339748,0.6817500000000001,0.44346395863553145,0.8016769791260288,0,6
1.584,-0.8929999999999998,1.7399999999999995,0.6727057306133176,1.659941727928941,1.2668333333333333,0.6787598740841031,1.3860250136980128,0.8390833333333333,0.6543153893864008,1.0711431390287478,0.715875,0.4801432134632159,0.8642628207959464,0,7
2.009,0.4249999999999998,2.023333333333333,0.446672512399553,1.8344708639644705,1.4903333333333333,0.6627324246380787,1.564017866927152,0.9823333333333334,0.7090570349329295,1.215428809947402,0.7590416666666667,0.5462799472771284,0.9558417951322707,0,8
1.442,-0.567,1.678333333333333,0.29503615597640126,1.6382354319822352,1.6088333333333333,0.5545388775069483,1.52915561923368,1.0758333333333334,0.6874248168257223,1.25028591610934,0.7925416666666667,0.5629328463438196,0.9947344515216892,0,9
2.73,1.288,2.060333333333333,0.6455325966466208,2.1841177159911176,1.9001666666666666,0.6152090430631405,1.8722540137383428,1.2794999999999999,0.7869822107265193,1.477934236707903,0.8855000000000001,0.6836200317618609,1.1335556953999542,1,0
1.829,-0.901,2.0003333333333333,0.6608724032166339,2.0065588579955587,2.011833333333333,0.5046445944094364,1.8598957240988163,1.4123333333333334,0.7268853021104791,1.5319443541374562,0.9354166666666667,0.7075480574654907,1.1891912397679578,0,1
1.153,-0.6759999999999999,1.904,0.791170651629594,1.5797794289977793,1.7911666666666666,0.548157428725239,1.6579255172134402,1.458,0.6877120168950215,1.4736452227316938,0.9544166666666668,0.7069897555783637,1.1862959405865214,0,2
0.235,-0.918,1.0723333333333331,0.8000558313851197,0.9073897144988896,1.5663333333333334,0.845910081903902,1.2513753694381715,1.4165833333333335,0.7477539043797441,1.28308441923451,0.9383750000000001,0.7191705253729592,1.1101922653395997,0,3
0.196,-0.03899999999999998,0.5279999999999999,0.5416170233661467,0.5516948572494448,1.2641666666666667,0.970757522075759,0.949839549598694,1.3772499999999999,0.8012136390841992,1.115840662429201,0.924125,0.7307438326206006,1.0370568841124317,0,4
0.282,0.08599999999999997,0.2376666666666665,0.04306197084830377,0.41684742862472235,1.0708333333333333,1.0412118740518994,0.7590282497133528,1.3398333333333332,0.8435051148557894,0.9875574835939392,0.9110416666666666,0.7396309584584367,0.9766523333834373,0,5
0.21,-0.07199999999999998,0.22933333333333317,0.046144699948533784,0.31342371431236116,0.6508333333333333,0.6856253836218947,0.6021630355095378,1.2755,0.9007735564502323,0.8679332553487178,0.8985,0.7491993407457817,0.9153201467127624,0,6
0.215,0.0050000000000000044,0.2356666666666665,0.04020364825908435,0.26421185715618056,0.3818333333333333,0.3789772640497995,0.49154502536395556,1.1968333333333334,0.9516564346952998,0.767481985295069,0.8855416666666667,0.7585534849255882,0.8592945349757415,0,7
0.319,0.10400000000000001,0.24799999999999986,0.06153860576911675,0.2916059285780903,0.24283333333333332,0.04783896598665119,0.4422464466885397,1.017,0.8896288296505763,0.6984847567881353,0.8799999999999999,0.7623348573839515,0.8160709721776822,1,0
0.275,-0.043999999999999984,0.26966666666666655,0.05220472520126863,0.28330296428904517,0.24950000000000003,0.04929401586405063,0.39446174763467123,0.9079166666666666,0.8940265867851958,0.6333332557438067,0.8734999999999999,0.7669805847551197,0.7727852944034677,0,1
0.302,0.02699999999999997,0.2986666666666666,0.022188585654335843,0.2926514821445226,0.26716666666666666,0.045101736847618944,0.3680441054533366,0.7656666666666666,0.8368799559112763,0.5823589087062979,0.874,0.7665874691293146,0.7351224708511902,0,2
0.32,0.018000000000000016,0.2989999999999999,0.022649503305954916,0.3063257410722613,0.2735,0.05000299991005714,0.3543172181809547,0.6721666666666666,0.8168861980753864,0.5419959996745598,0.874,0.7665874691293146,0.701912673183095,0,3
0.38,0.06,0.33399999999999985,0.04084115571340088,0.34316287053613065,0.30183333333333334,0.054762821938535246,0.361655155843539,0.47633333333333333,0.4982522788039528,0.517073538186166,0.8779166666666667,0.7636872747553081,0.6761596593284475,0,4
0.351,-0.029000000000000026,0.35033333333333316,0.030005555041350152,0.34708143526806534,0.3245,0.03684969470707933,0.3586108256025278,0.3531666666666667,0.2584516249208752,0.49152376308060197,0.88275,0.75979855739932,0.6501468865821717,0,5
0.264,-0.08699999999999997,0.3316666666666665,0.060368313984569794,0.3055407176340327,0.31533333333333335,0.04453163669428351,0.3315791611446628,0.2790833333333333,0.05809624981375664,0.45652010722204783,0.8685416666666668,0.7683584975759052,0.619255135655598,0,6
0.276,0.01200000000000001,0.2969999999999999,0.04714870093657383,0.29077035881701635,0.3155,0.04435200108230732,0.31569940081761627,0.2825,0.0564502999428218,0.4287477830340405,0.8495416666666666,0.7774657257462517,0.5917947248031502,0,7
0.244,-0.03200000000000003,0.2613333333333332,0.01616580753751655,0.26738517940850814,0.30583333333333335,0.05330071919469474,0.29521385772686876,0.28650000000000003,0.0512223317775115,0.4003250471826496,0.831875,0.7865347949681902,0.5639711468188982,0,8
0.528,0.28400000000000003,0.3493333333333332,0.1555549206336447,0.3976925897042541,0.3405,0.10597310979680118,0.36172418409062057,0.307,0.08640286190545299,0.4199673476160881,0.8234166666666667,0.7887551511120533,0.5610934550733864,1,0
0.603,0.07499999999999996,0.4583333333333332,0.1893682479544521,0.500346294852127,0.37766666666666665,0.1517954764367877,0.4306601314933004,0.33975,0.11578045446603644,0.448126217213613,0.8076250000000001,0.789235943808948,0.5644459786675154,0,1
0.454,-0.14899999999999997,0.5283333333333332,0.07450055928205124,0.47717314742606354,0.39483333333333337,0.15398495597515782,0.43732866535235737,0.35966666666666663,0.1128904000535066,0.4490298761038264,0.77825,0.7887090304938886,0.5556103003741143,0,2
0.407,-0.04700000000000004,0.4879999999999998,0.10232790430769771,0.4420865737130317,0.41866666666666674,0.14012803669027546,0.42866333239454096,0.367,0.11286677585059054,0.44256374131862236,0.6919999999999998,0.7034375841413435,0.5437214763441852,0,3
0.99,0.583,0.6169999999999999,0.32388115104155807,0.7160432868565159,0.5376666666666666,0.2526979751930566,0.5890452374246722,0.4265833333333333,0.20828104192230482,0.5267847041926805,0.66725,0.6807732336484558,0.5794237582366505,1,0
0.995,0.0050000000000000044,0.7973333333333331,0.3380478269909996,0.855521643428258,0.6628333333333334,0.2638919602160515,0.7050323124461944,0.48433333333333334,0.26020038897788184,0.5988178266245758,0.6249999999999999,0.6228855013773301,0.6126698575777185,0,1
2.266,1.271,1.4169999999999998,0.7352598180235336,1.5607608217141289,0.9525,0.6923463728510478,1.1510230803187103,0.6465,0.5702073785435028,0.8553073917592565,0.6593333333333333,0.6890695469832571,0.7449362689715011,0,2
1.78,-0.486,1.6803333333333332,0.6413348059581138,1.6703804108570646,1.1486666666666667,0.738706346707992,1.3307307716562216,0.7631666666666667,0.648562583134753,0.9975677930270632,0.61975,0.5842652948640794,0.827741367453781,0,3
0.93,-0.85,1.6586666666666663,0.6762139700814614,1.3001902054285324,1.228,0.6717032082698436,1.2162362654687298,0.8114166666666667,0.6365377169905287,0.9871727479459765,0.5822916666666667,0.5296311660971721,0.8359220580574785,0,4
0.931,0.0010000000000000009,1.2136666666666664,0.49045930853979586,1.1155951027142663,1.3153333333333335,0.5699704085886101,1.1347401896205214,0.867,0.6130804485250169,0.9785307867235187,0.5730416666666667,0.5211002973780933,0.8435282934128803,0,5
1.387,0.45599999999999996,1.0826666666666664,0.2635608721592329,1.2512975513571332,1.3815,0.5472398925517037,1.2068144211575151,0.9595833333333333,0.5994545184557118,1.0413722041506697,0.6210416666666666,0.5412749425253289,0.8870060299398499,0,6
0.909,-0.478,1.0756666666666665,0.26984687015664194,1.0801487756785666,1.3671666666666666,0.5603568208442429,1.1217245865410823,1.015,0.5564865431681816,1.0210072496659512,0.65075,0.536477419598562,0.888765547544662,0,7
1.166,0.2569999999999999,1.1539999999999997,0.23922583472526895,1.1230743878392833,1.1838333333333333,0.3466695352445434,1.1343747046722017,1.0681666666666667,0.5358223642781308,1.0433138266404203,0.6875833333333333,0.5403915582537213,0.910944303741089,0,8
0.872,-0.29399999999999993,0.9823333333333331,0.16013223702095797,0.9975371939196416,1.0325,0.20263933477980478,1.059410503337287,1.0905833333333332,0.5199853946084068,1.0169578533111248,0.7151666666666666,0.5317809835757148,0.907828759441802,0,9
0.701,-0.17100000000000004,0.9129999999999998,0.23519566322533128,0.8492685969598208,0.9943333333333334,0.24329378674078103,0.9570075023837764,1.1111666666666666,0.4968707227755677,0.968348952801721,0.7354166666666666,0.5210518556073716,0.8912824586864578,0,10
0.281,-0.41999999999999993,0.6179999999999998,0.3041167538956144,0.5651342984799104,0.886,0.38219785452040733,0.7638625017026974,1.1006666666666665,0.5141355203964547,0.8626029600629948,0.7338333333333332,0.522428165785305,0.8424598619915413,0,11
0.259,-0.02200000000000002,0.4136666666666664,0.2490809774618298,0.4120671492399552,0.698,0.3634391283282571,0.6196160726447838,1.03975,0.5688356728680724,0.7697409662071494,0.7331666666666666,0.5230489765634372,0.7957830730322181,0,12
0.226,-0.033,0.25533333333333313,0.027682726262812693,0.3190335746199776,0.5841666666666667,0.39011660649948054,0.507154337603417,0.9756666666666667,0.6157198792445876,0.686088509867588,0.7300000000000001,0.5259946271836701,0.7502004271896406,0,13
0.24,0.013999999999999985,0.24166666666666645,0.01656301099866587,0.2795167873099888,0.42983333333333335,0.28212154591004085,0.43082452685958356,0.8068333333333334,0.49583810285457475,0.6174595083494975,0.7266666666666667,0.5289510264720149,0.7093843930144694,0,14
0.235,-0.0050000000000000044,0.23366666666666644,0.0070945988852076074,0.25725839365499437,0.32366666666666666,0.18589423516255627,0.37487466204255965,0.6780833333333334,0.4140082252879284,0.5586195839880364,0.720625,0.5338878576678987,0.671433641573312,0,15
0.24,0.0050000000000000044,0.2383333333333331,0.0028867513474410376,0.24862919682749718,0.24683333333333335,0.019913981688054087,0.33633904431611406,0.6205833333333333,0.4236433874108849,0.5096011864514154,0.7160000000000001,0.5376962937828632,0.636918950247447,0,16
0.228,-0.011999999999999983,0.23433333333333314,0.006027713774059251,0.23831459841374858,0.23800000000000002,0.011849050595112183,0.30538503165436715,0.5619999999999999,0.4254185105174767,0.4662779269973515,0.7145,0.5390605354406557,0.6042054342276514,0,17
0.227,-0.0010000000000000009,0.23166666666666647,0.007234178138669535,0.23265729920687428,0.23266666666666666,0.006501281925299077,0.28298930832454794,0.4653333333333333,0.34512931261230434,0.4294659382285282,0.7124583333333333,0.5408832534295925,0.5740289994894392,0,18
0.235,0.00799999999999998,0.2299999999999998,0.004358898944536775,0.23382864960343713,0.23416666666666666,0.0056361925687660195,0.26927807737467707,0.4091666666666667,0.32031428694992925,0.39954810157798537,0.7120833333333333,0.5412251734775446,0.5469066795302842,0,19
0.248,0.013000000000000012,0.23666666666666644,0.010598742064130346,0.24091432480171857,0.23550000000000001,0.007816648898699511,0.2631986266961979,0.3326666666666666,0.21565221721066977,0.3762330090275261,0.7004166666666666,0.5483369256743267,0.5229941451678615,0,20
0.22,-0.027999999999999997,0.23433333333333314,0.014011899704964493,0.23045716240085928,0.23299999999999998,0.010079682534958738,0.25085616192585564,0.2783333333333333,0.13414804124435065,0.35219716148482977,0.6844583333333333,0.556803218628775,0.49875461355443257,1,0
0.365,0.145,0.27766666666666645,0.07691770494068093,0.29772858120042967,0.2538333333333333,0.055278989378172605,0.28346868708989686,0.25033333333333335,0.03978198160731896,0.3541668289487021,0.6807500000000001,0.558697962268952,0.488054244470078,1,0
1.738,1.373,0.7743333333333332,0.8377030102210078,1.0178642906002149,0.5055,0.60619229622291,0.6990490622070692,0.37175,0.4319844536344073,0.567064239879671,0.7362083333333334,0.5952099358660138,0.5880499049124718,1,0
1.798,0.06000000000000005,1.300333333333333,0.8105777774731637,1.4079321453001075,0.7673333333333333,0.7770456014074526,1.0130350444336207,0.5,0.5936647355046597,0.7564389722058755,0.769875,0.6319091371460749,0.684845912519474,0,1
1.769,-0.029000000000000137,1.7683333333333333,0.030005555041192154,1.5884660726500537,1.023,0.8181398413474323,1.2290250317383005,0.6285833333333333,0.6884565686880302,0.9122175918665101,0.8021250000000001,0.6628895450322358,0.7715782395179162,0,2
1.391,-0.3779999999999999,1.6526666666666665,0.22707340956908836,1.4897330363250267,1.2135,0.7299070488767737,1.275303594098786,0.7244999999999999,0.7092620364601759,0.985876423887047,0.7656666666666666,0.59995149562398,0.8211319803564829,0,3
1.52,0.129,1.5599999999999998,0.1921483801649089,1.5048665181625134,1.4301666666666666,0.5457205939550628,1.3452168529277042,0.8315833333333332,0.7254582825338542,1.0680492817505782,0.7548333333333334,0.5829457180089144,0.8770414219279644,0,4
1.047,-0.4730000000000001,1.319333333333333,0.24450835023232592,1.2759332590812567,1.5438333333333334,0.29112568877834527,1.260012037805503,0.8988333333333333,0.7026799133361223,1.0648109307120277,0.7597083333333333,0.5849600119492882,0.8906381081737273,0,5
0.396,-0.6509999999999999,0.9876666666666664,0.5643441621327685,0.8359666295406283,1.3201666666666667,0.5297982320342971,1.0131514555753593,0.9128333333333334,0.6896521960489587,0.9619169413717158,0.7374166666666667,0.5883327893416225,0.8510670595198292,0,6
0.26,-0.136,0.5676666666666664,0.4206475167326438,0.5479833147703141,1.0638333333333334,0.617222623262197,0.797965325410971,0.9155833333333333,0.6867284044767271,0.8539297196222211,0.6904583333333334,0.579135861447462,0.8037816947582429,0,7
0.188,-0.07200000000000001,0.28133333333333316,0.1056282790418465,0.36799165738515704,0.8003333333333332,0.5929670030167524,0.6236895181506936,0.9116666666666666,0.6910831200281763,0.7514789935264947,0.6604166666666667,0.5859665309233284,0.7545191591775836,0,8
0.209,0.02099999999999999,0.21899999999999978,0.037027017163273473,0.2884958286925785,0.6033333333333333,0.5524460757998649,0.5052067986790668,0.9084166666666667,0.6945708234499046,0.668020686830111,0.6205416666666667,0.5826180775391057,0.7108776264433769,0,9
0.217,0.008000000000000007,0.20466666666666644,0.014977761292756494,0.25274791434628924,0.3861666666666666,0.3322621956628096,0.4228619990564763,0.9081666666666667,0.6948416213698476,0.5986328888562477,0.59325,0.5856600327092881,0.6713674163279069,0,10
0.209,-0.008000000000000007,0.21166666666666645,0.004618802154535235,0.23087395717314463,0.24650000000000002,0.07699025912415915,0.361758570754626,0.8951666666666668,0.7072758023614695,0.5386893674937481,0.57275,0.590316735173659,0.6343780230216743,0,11
0.201,-0.00799999999999998,0.20899999999999977,0.008000000000589192,0.21593697858657232,0.214,0.02457641145499725,0.31582755053901856,0.7670833333333333,0.6793890916689695,0.4867371571100945,0.5694166666666667,0.5922584568498334,0.5997077811799404,0,12
0.214,0.012999999999999984,0.20799999999999977,0.006557438525021416,0.21496848929328616,0.20633333333333334,0.010500793621056558,0.28673396467072754,0.6350833333333333,0.6113538565174733,0.4447775944777723,0.5675416666666666,0.5933541342429404,0.5688511586855453,0,13
0.239,0.024999999999999994,0.21799999999999978,0.019313207916070156,0.22698424464664307,0.21483333333333332,0.013029453813264123,0.2730956890505197,0.5075833333333334,0.5033820992832255,0.4131195030196535,0.5680833333333334,0.5930346361808438,0.5424630659907017,0,14
0.221,-0.017999999999999988,0.22466666666666643,0.012897028081796028,0.22399212232332155,0.21683333333333335,0.012875040453216986,0.2582112064646569,0.4100833333333333,0.42372363599045165,0.3835626564012453,0.5672916666666666,0.5935041466590188,0.5167460207114456,0,15
0.22,-0.0010000000000000009,0.22666666666666643,0.01069267662199785,0.22199606116166076,0.21733333333333335,0.012940891262659291,0.24729371890332635,0.30175,0.2408964790866868,0.3583991708010537,0.5666666666666667,0.5938770672576048,0.49300633905452995,0,16
0.225,0.0050000000000000044,0.22199999999999978,0.002645751312826537,0.2234980305808304,0.21999999999999997,0.012521980674210158,0.24092408493094739,0.23324999999999999,0.05437934935582084,0.33787622144704543,0.5660416666666667,0.5942435805046744,0.4715658319301676,0,17
0.201,-0.023999999999999994,0.21533333333333313,0.012662279942518624,0.2122490152904152,0.22,0.012521980674210158,0.22951720352210525,0.217,0.0188583234576966,0.3168183412244231,0.5649166666666666,0.5949365268787029,0.4499205653757542,0,18
0.206,0.004999999999999977,0.21066666666666645,0.012662279942520088,0.2091245076452076,0.21866666666666665,0.013662601021473379,0.22279800251578946,0.21250000000000002,0.013283619440998894,0.2997693656514349,0.5640416666666667,0.5954703277510014,0.43040692014569387,0,19
0.221,0.015000000000000013,0.20933333333333312,0.01040832999778336,0.2150622538226038,0.21566666666666667,0.0097091022588074,0.22228428751127818,0.21524999999999997,0.010963783354904848,0.2876510017050603,0.5634583333333334,0.5958134358692491,0.4136543665340384,0,20
0.495,0.274,0.30733333333333307,0.16269706000214626,0.3550311269113019,0.26133333333333336,0.1148541103603688,0.30020306250805584,0.23908333333333331,0.08131136377399326,0.31955084759658947,0.57375,0.5922501124121251,0.4201620172113154,1,0
0.575,0.07999999999999996,0.43033333333333307,0.1856484132260252,0.4650155634556509,0.3205,0.16830418889619128,0.3787164732200399,0.2689166666666667,0.12591444305438437,0.3588507171971142,0.5885416666666666,0.5874445749372356,0.43254905583441017,0,1
0.457,-0.11799999999999994,0.5089999999999998,0.06023288138556094,0.46100778172782547,0.3591666666666667,0.16862552199080463,0.40108319515717133,0.28958333333333336,0.1351964619852613,0.37395060685909665,0.592375,0.5862213421196151,0.43450513136765734,0,2
0.389,-0.068,0.47366666666666646,0.09411340676726485,0.42500389086391277,0.3905,0.1497701572410356,0.39763085368369383,0.30525,0.13489061224831836,0.3762658981115433,0.5361666666666666,0.5339416729802315,0.43086472085824473,0,3
0.341,-0.04799999999999999,0.39566666666666644,0.05828664798511963,0.3830019454319564,0.41300000000000003,0.12452148409011367,0.38145060977406703,0.31583333333333335,0.13203225042206193,0.370840375325152,0.4754583333333333,0.4622520467344044,0.4236755431895852,0,4
0.303,-0.038000000000000034,0.3443333333333331,0.04309679029048035,0.3430009727159782,0.4266666666666667,0.10163004805012657,0.3590361498386193,0.32116666666666666,0.12992223781472825,0.36040339450589787,0.41437499999999994,0.3719229481328454,0.41402149973441843,0,5
1.671,1.368,0.7716666666666665,0.7790772319438801,1.007000486357989,0.6226666666666666,0.5224640338498624,0.7338829641704423,0.442,0.40703875178482035,0.5620336415049905,0.42604166666666665,0.40665961400988393,0.5145797797556649,1,0
2.465,0.7939999999999998,1.4796666666666665,1.0936257738976953,1.7360002431789945,0.9376666666666665,0.9122952738377353,1.2284878315503158,0.6290833333333333,0.7036094549901348,0.8547976966580688,0.46541666666666665,0.5408107373408829,0.6706133973752118,0,1
0.524,-1.9409999999999998,1.553333333333333,0.9758351978348251,1.1300001215894973,0.9488333333333333,0.9056207631600925,1.0272055939645113,0.654,0.6932163508536917,0.8039057433260582,0.443625,0.5267104486709292,0.6588843255851948,1,0
0.28,-0.244,1.0896666666666663,1.1973054469655335,0.7050000607947486,0.9306666666666666,0.9200749244853207,0.8137182814032223,0.6605833333333334,0.6888847981713014,0.723304859737434,0.4387916666666667,0.5276977872894163,0.6285735795383792,0,1
0.27,-0.010000000000000009,0.3579999999999997,0.1438471410908407,0.48750003039737433,0.9188333333333333,0.9295830068727959,0.6583702010023017,0.6659166666666666,0.68528381092446,0.6535656505470595,0.43920833333333337,0.5275544051207609,0.5998876931753089,0,2
0.23,-0.04000000000000001,0.25999999999999973,0.02645751311081585,0.35875001519868716,0.9066666666666666,0.9396781718581466,0.5359787150016441,0.6666666666666666,0.6847573337034117,0.5884017043090503,0.44095833333333334,0.5267539215236853,0.5702966777212841,0,3
0.383,0.153,0.29433333333333306,0.079349438141313,0.37087500759934355,0.6919999999999998,0.8750435417737811,0.4922705107154601,0.6573333333333333,0.6880651836633623,0.5568014421076579,0.4482083333333333,0.5246156339700506,0.5553129435035814,0,4
1.295,0.9119999999999999,0.6359999999999997,0.5758150744813877,0.8329375037996718,0.4969999999999999,0.40507678284493653,0.7216217933681857,0.7173333333333334,0.7112352038190425,0.6703704510141721,0.493125,0.5495165711391448,0.6144879080232949,1,0
1.822,0.5270000000000001,1.1666666666666663,0.7280331952138827,1.3274687518998358,0.7133333333333333,0.6774262075434265,1.0360155666915611,0.8310833333333333,0.7723433596215579,0.8475442277812226,0.5603333333333333,0.6087067307480443,0.7110888753814313,0,1
2.286,0.46399999999999997,1.8009999999999995,0.49583364145648406,1.806734375949918,1.0476666666666665,0.8842354136013033,1.393153976208258,0.9891666666666667,0.8625078480099692,1.0688451158148806,0.6472083333333333,0.6975023751972448,0.8370817653509168,0,2
1.621,-0.665,1.9096666666666664,0.34105766863293024,1.713867187974959,1.2728333333333335,0.8159787783188157,1.4582528401487558,1.0958333333333332,0.8541703931921669,1.1537920210741297,0.7058333333333334,0.7183264164568299,0.8997952241228435,0,3
0.917,-0.704,1.6079999999999997,0.6845925795683143,1.3154335939874795,1.3873333333333333,0.6766921505874488,1.3036091715348257,1.147,0.8200697309597301,1.1173624793704175,0.7340833333333333,0.7124769968318231,0.9011716061930161,0,4
0.772,-0.14500000000000002,1.103333333333333,0.45413691034019277,1.0437167969937398,1.4521666666666666,0.571715109706457,1.1517208368105898,1.0720833333333333,0.8088351285345583,1.0642297902365072,0.7570416666666667,0.7040526462013968,0.8908378776975748,0,5
1.435,0.663,1.041333333333333,0.3485488966175863,1.23935839849687,1.4755,0.5668540376499045,1.2326577405789927,0.98625,0.6940945868212385,1.1212713609693523,0.8076666666666666,0.7074318935826769,0.9343708474817689,0,6
1.284,-0.15100000000000002,1.1636666666666662,0.34749436446270016,1.261679199248435,1.3858333333333333,0.5431366003747735,1.2473269575564234,1.0495833333333333,0.682661031063978,1.1463065362048366,0.8517916666666667,0.702518511541135,0.9623411796832274,0,7
0.837,-0.44700000000000006,1.1853333333333331,0.310969987833771,1.0493395996242176,1.1443333333333332,0.35099040822601885,1.1300906839688738,1.096,0.6433835276383473,1.0987209152502464,0.8782916666666667,0.6887631308093659,0.9523138853085693,0,8
1.03,0.19300000000000006,1.050333333333333,0.22419262551060135,1.039669799812109,1.0458333333333332,0.26215218226569803,1.1014933456920528,1.1593333333333333,0.5898622849034473,1.0881484667502086,0.9126249999999999,0.6741766516341963,0.9585287744838838,0,9
1.054,0.02400000000000002,0.9736666666666665,0.11896357986096984,1.0468348999060546,1.0686666666666667,0.2545424653504159,1.0879238183514663,1.228,0.5150609849152028,1.0828948564809457,0.9473333333333334,0.6582769119098922,0.9661664725251733,0,10
1.088,0.03400000000000003,1.0573333333333332,0.029143323992583063,1.0674174499530273,1.1213333333333335,0.2096088420526851,1.0879455845367618,1.2867499999999998,0.4454132146874209,1.0836802631761848,0.9720416666666667,0.6516562496850805,0.9759131547231594,0,11
1.091,0.0029999999999998916,1.0776666666666663,0.020550750189141476,1.0792087249765137,1.064,0.14317122615945224,1.0888182746691155,1.26975,0.44894869619833233,1.0848063765336948,0.9935416666666667,0.6464787551011264,0.9851201023453068,0,12
1.188,0.09699999999999998,1.122333333333333,0.05688878038186551,1.1336043624882568,1.048,0.11655899793667182,1.1171559104779396,1.2169166666666669,0.4139950501094815,1.100682318605434,1.024,0.637255392117328,1.0013504941576823,0,13
1.17,-0.018000000000000016,1.1496666666666664,0.05159780357084892,1.1518021812441284,1.1035000000000001,0.06294680293709032,1.132254221769957,1.1239166666666665,0.24135694363830654,1.111346577281521,1.0565416666666667,0.6232051779635502,1.0148424546250676,0,14
1.205,0.03500000000000014,1.1876666666666662,0.0175023807904986,1.178401090622064,1.1326666666666667,0.06262161501165127,1.1530387298356835,1.08925,0.18728836541062077,1.125754796161287,1.0925416666666667,0.6047559320245162,1.0300550582550623,0,15
1.076,-0.129,1.1503333333333332,0.06671081871282881,1.127200545311032,1.1363333333333332,0.05753144067957501,1.1310276641683454,1.1025,0.17945498295976994,1.1181002121364736,1.12475,0.5809955660984751,1.0337306535946573,1,0
1.359,0.2829999999999999,1.2133333333333332,0.141683920517945,1.243100272655516,1.1815,0.10154161708383742,1.196162617263104,1.1514166666666668,0.16013997191850973,1.1551617179616316,1.11175,0.5716571068622235,1.0597522013070848,1,0
1.314,-0.04499999999999993,1.2496666666666665,0.15207344716726537,1.278550136327758,1.2186666666666666,0.10259759581329005,1.2298304409022172,1.1413333333333333,0.14361775867232113,1.1795983767367653,1.0637916666666667,0.4965372247673992,1.0800920252025181,0,1
0.939,-0.3750000000000001,1.2039999999999995,0.23059705115200874,1.108775068163879,1.1771666666666667,0.15464205982418675,1.1467360292158695,1.1125833333333333,0.14695482195889364,1.142583241854186,1.0810833333333334,0.4839894821590448,1.0688046631863168,1,0
0.975,0.03600000000000003,1.0759999999999998,0.20689852585265858,1.0418875340819396,1.1446666666666667,0.17552967460423166,1.0976685922970495,1.1240833333333333,0.12754639678694876,1.1168012046458495,1.1100416666666666,0.4538265785581511,1.0613002901314115,0,1
0.778,-0.19699999999999995,0.8973333333333331,0.10490154113900332,0.9099437670409698,1.0735,0.2255967641611931,1.0063347087836068,1.1030833333333334,0.1608440567943405,1.064677942392642,1.1312083333333334,0.4237962983984552,1.0386362669208986,0,2
0.293,-0.48500000000000004,0.6819999999999996,0.3509886038036085,0.6014718835204849,0.9430000000000001,0.3902465887102684,0.8025247919882906,1.0396666666666667,0.2844683504789994,0.9459582589476202,1.1338333333333332,0.41812871605333013,0.9789853655672268,0,3
0.184,-0.10899999999999999,0.418333333333333,0.31621248130543816,0.3927359417602424,0.7471666666666666,0.43229222369442255,0.6258034228487791,0.9643333333333334,0.3756052892776321,0.8287339114172171,1.1255416666666667,0.4352865102601887,0.9153865363218486,0,4
0.206,0.021999999999999992,0.22766666666666635,0.05763968540288629,0.2993679708801212,0.5625,0.37452196197286297,0.505859587749128,0.8905833333333333,0.4312380608799686,0.7329286942761067,1.0801666666666667,0.4720601165351602,0.8586356134161008,0,5
0.215,0.009000000000000008,0.20166666666666636,0.01594783161887295,0.2571839854400606,0.4418333333333333,0.3443761993324593,0.4227568483922343,0.8094999999999999,0.460700158849155,0.6532473566951673,1.0132083333333333,0.47621387040102015,0.8071447643428128,0,6
0.173,-0.04200000000000001,0.1979999999999997,0.022113344387736142,0.2150919927200303,0.30816666666666664,0.2339995014239777,0.35139774885159597,0.7264166666666667,0.4793014724733815,0.5793631479728338,0.9251666666666666,0.4230248904863818,0.7564131831953878,0,7
0.161,-0.011999999999999983,0.18299999999999972,0.028354893757705186,0.18804599636001515,0.20533333333333334,0.047424325684931844,0.29699839203685424,0.6394166666666666,0.47928497090283717,0.514999586746244,0.8643333333333333,0.4235872341413716,0.7087801285397568,0,8
0.203,0.04200000000000001,0.17899999999999971,0.021633307653033146,0.19552299818000757,0.19033333333333335,0.021049148834823114,0.27014170859775305,0.5666666666666667,0.4732094161311159,0.4669996503237449,0.8345833333333333,0.44429464534704777,0.6683177182565763,0,9
0.191,-0.01200000000000001,0.18499999999999972,0.02163330765303196,0.19326149909000379,0.1915,0.020820662813749825,0.2475297918555379,0.4693333333333334,0.4115211986881077,0.4245381656585534,0.810375,0.46327593547615376,0.6301323007960502,0,10
0.196,0.0050000000000000044,0.19666666666666635,0.0060277137742235755,0.1946307495450019,0.18983333333333333,0.019803198394969863,0.23280699418252707,0.3761666666666666,0.31908044962569126,0.3893784478649298,0.75875,0.45966445701563585,0.5954017167323662,0,11
0.203,0.007000000000000006,0.1966666666666664,0.0060277137742235755,0.19881537477250094,0.18783333333333332,0.01718623480203106,0.22429071013037646,0.31483333333333335,0.26764964661537155,0.36070484050109447,0.7137083333333333,0.45892042306934444,0.5640095793937769,0,12
0.198,-0.0050000000000000044,0.1989999999999997,0.0036055512769355177,0.19840768738625048,0.19200000000000003,0.01584929020504904,0.21677907866455462,0.2500833333333333,0.16936215007724653,0.3356733265778492,0.6870833333333333,0.46986232180211746,0.5347288130422748,0,13
0.212,0.013999999999999985,0.20433333333333303,0.007094598885342205,0.20520384369312522,0.2005,0.007231873892971012,0.21541362761753902,0.20291666666666663,0.03244143908178011,0.31664666095048777,0.6529999999999999,0.4735598763849619,0.5089105079988928,0,14
0.247,0.035,0.21899999999999972,0.025238858928454743,0.2261019218465626,0.20783333333333331,0.02046867525440957,0.2244383054410993,0.19908333333333336,0.021802661778001765,0.3059317900350281,0.6193749999999999,0.47249824591346967,0.4879576673589814,0,15
0.561,0.31400000000000006,0.3399999999999997,0.19219001014623371,0.39355096092328135,0.2695,0.14402881656114383,0.32059878960078525,0.2305,0.10623344790858175,0.3451730531065622,0.5974166666666667,0.46189975542099215,0.49380105397026286,1,0
1.474,0.9129999999999999,0.7606666666666664,0.637402803047915,0.9337754804616407,0.4825,0.5053564088838718,0.6501419925719895,0.33616666666666667,0.3736609628413371,0.5188387372440142,0.613375,0.4856973303808986,0.5722169696526418,0,1
1.241,-0.23299999999999987,1.0919999999999999,0.4743869728396881,1.0873877402308203,0.6555000000000001,0.5647217899107511,0.8189585661228496,0.4216666666666667,0.4524847226619085,0.6299404699757043,0.6155833333333334,0.4885357818470709,0.6257196120804305,0,2
0.426,-0.8150000000000002,1.0469999999999997,0.5502753856025212,0.7566938701154101,0.6935000000000001,0.5346500724773189,0.7066846900877497,0.44275000000000003,0.4456880533614188,0.5985650130563652,0.5845833333333333,0.47525031543265905,0.609742043113996,0,3
0.433,0.007000000000000006,0.6999999999999997,0.46853281635335464,0.594846935057705,0.7303333333333333,0.5014242382121838,0.6284890643483926,0.46541666666666676,0.436885976040209,0.5730934725861552,0.5524166666666667,0.45721623812568,0.5956026796648763,0,4
0.431,-0.0020000000000000018,0.4299999999999997,0.0036055512766515574,0.5129234675288525,0.761,0.47063319049977986,0.572063617391709,0.4844166666666667,0.42932853669916055,0.5512329383421313,0.5255416666666667,0.4438635688515387,0.5824344652916862,0,5
0.61,0.179,0.491333333333333,0.10277321311188714,0.5614617337644263,0.7691666666666667,0.46687874942715984,0.5829025838512207,0.5193333333333333,0.42023809989821326,0.5602740247510342,0.4943333333333333,0.4075615362090773,0.5846397080683513,0,6
0.518,-0.09199999999999997,0.5196666666666664,0.08951163797708725,0.5397308668822132,0.6098333333333333,0.3174431707670985,0.5643589884651576,0.5461666666666667,0.407812085364935,0.5537703286354905,0.46116666666666667,0.36847236539253886,0.5793085314228833,0,7
0.484,-0.03400000000000003,0.537333333333333,0.06518691075163005,0.5118654334411066,0.4836666666666667,0.07184056421458301,0.5413992774751126,0.5695833333333334,0.39415489763966327,0.5430364319223381,0.4422083333333333,0.35424898872755367,0.5716838489090527,0,8
0.428,-0.055999999999999994,0.47666666666666635,0.04544593857916798,0.46993271672055326,0.484,0.07152342273691156,0.5089994839107947,0.58875,0.3797729285674893,0.5253385193189014,0.4194166666666667,0.33558461858655825,0.5601891409963285,0,9
0.321,-0.10699999999999998,0.41099999999999975,0.0828190799273256,0.39546635836027666,0.4653333333333333,0.09742210563660428,0.45528534565056766,0.5978333333333333,0.3711483000177431,0.49390182403907046,0.400375,0.3272144374007358,0.5410540097166223,0,10
0.335,0.014000000000000012,0.36133333333333306,0.05815783122970213,0.3652331791801383,0.4493333333333333,0.11111015555146043,0.42091810403611973,0.6051666666666667,0.3643941006740651,0.46945538957152116,0.402125,0.32672715814509057,0.5245696889392926,0,11
0.337,0.0020000000000000018,0.33099999999999974,0.008717797887623417,0.3511165895900692,0.4038333333333333,0.08498333169904482,0.3969415028829427,0.5865,0.37250930433773316,0.4490776373297487,0.40850000000000003,0.3237653471265907,0.5095641138241492,0,12
0.357,0.019999999999999962,0.3429999999999997,0.012165525060980535,0.3540582947950346,0.377,0.06473020933075446,0.38552964491638764,0.49341666666666667,0.249988166386598,0.4349118469713258,0.41479166666666667,0.32111544438595624,0.49735898471821727,0,13
0.309,-0.04799999999999999,0.3343333333333331,0.024110855093562214,0.33152914739751727,0.3478333333333334,0.04247548312462201,0.363664032083134,0.41575,0.09054293306091178,0.4155407935911218,0.4187083333333333,0.319139805696049,0.4822902659407599,0,14
0.373,0.064,0.346333333333333,0.033306655991597975,0.35226457369875863,0.33866666666666667,0.0233380947523588,0.3663314514879529,0.41133333333333333,0.0912870929175278,0.40899605611556455,0.4270416666666667,0.3150296713653834,0.47354704466549913,1,0
0.779,0.406,0.4869999999999997,0.2548960572468866,0.5656322868493793,0.41500000000000004,0.17963518586291266,0.4842367510628235,0.44016666666666665,0.14025939173437552,0.46591973979009305,0.4527916666666667,0.3175851791480428,0.4979832810922592,1,0
1.085,0.30599999999999994,0.7456666666666664,0.3571684943179326,0.8253161434246896,0.54,0.3194038196390312,0.6558833936163024,0.49466666666666664,0.23286411696458734,0.5611628567454633,0.4895416666666667,0.3378104664333029,0.5449446186048785,0,1
0.964,-0.121,0.9426666666666664,0.15411143154658338,0.8946580717123448,0.6445,0.34150827222777846,0.7439167097259303,0.5241666666666667,0.26849947801992047,0.6231378018615459,0.52175,0.34488514156102285,0.5784690491164882,0,2
0.879,-0.08499999999999996,0.9759999999999996,0.10352294431672439,0.8868290358561723,0.7315,0.3193930180827411,0.7825119355185216,0.55425,0.28731045134931227,0.6625012169597696,0.5502083333333333,0.34501606505339577,0.6025115251871692,0,3
0.882,0.0030000000000000027,0.9083333333333331,0.04823207784594797,0.8844145179280862,0.827,0.24473741029928772,0.810937096798944,0.5874166666666666,0.301104771355974,0.6962702605044204,0.5785,0.34314099016357147,0.6248706031721957,0,4
0.833,-0.049000000000000044,0.8646666666666664,0.02746512940690429,0.8587072589640431,0.9036666666666666,0.10782887677551099,0.8172407834278171,0.6211666666666666,0.3042925725300731,0.7173056050422019,0.6049583333333334,0.3369518710525266,0.6415209549184201,0,5
0.803,-0.029999999999999916,0.8393333333333329,0.03987898360462858,0.8308536294820216,0.9076666666666666,0.10259759581329536,0.8131719881627265,0.6613333333333333,0.29265814165812637,0.7304893581126324,0.6295833333333334,0.3284741954879418,0.6544392785249464,0,6
0.87,0.06699999999999995,0.8353333333333329,0.03356088993662523,0.8504268147410108,0.8718333333333333,0.05458723904603011,0.8294085629733761,0.7059166666666666,0.2788503861908532,0.751952533787612,0.6555416666666667,0.3214674206451304,0.6716841362429508,0,7
1.7,0.83,1.1243333333333332,0.4996662219255325,1.2752134073705053,0.9945,0.3469816998056257,1.0781489735524115,0.8195,0.3756958392587863,0.8978059901279793,0.703,0.38475006003333306,0.7539494053435147,1,0
1.395,-0.30499999999999994,1.3216666666666665,0.4198313153319243,1.3351067036852526,1.0805,0.3754105752373008,1.1686778382517224,0.906,0.37900923471598974,0.9742973762621364,0.6997083333333333,0.3781484041744872,0.8052334529160337,0,1
2.058,0.6629999999999998,1.7176666666666662,0.33185287904933086,1.6965533518426263,1.2765,0.5273089227388442,1.422769884465516,1.05175,0.4568574723040001,1.1410208568371925,0.73375,0.4574532763026199,0.905454776682751,0,2
1.581,-0.47699999999999987,1.6779999999999997,0.34197806947229353,1.6387766759213132,1.4011666666666667,0.4884773962699468,1.4679784889039402,1.1524166666666666,0.42572984569460454,1.2087099557853167,0.781875,0.4836724828354151,0.959498394548131,0,3
1.56,-0.020999999999999908,1.7329999999999997,0.2816540431096211,1.5993883379606566,1.5273333333333332,0.3911437928264569,1.4942703492171001,1.2175,0.42314396862275905,1.262754577972191,0.8288333333333333,0.502664264016094,1.0075385229842806,0,4
1.356,-0.20399999999999996,1.4989999999999997,0.12428596059088276,1.4776941689803285,1.6083333333333334,0.2541138852299613,1.4547645351550715,1.2400833333333334,0.4226609340257454,1.277100027514931,0.867375,0.506283286613679,1.035415441145538,0,5
0.954,-0.40200000000000014,1.2899999999999998,0.30834396378071105,1.2158470844901643,1.484,0.36051796071763154,1.3116889536821938,1.23925,0.4232641824934145,1.2273923309741723,0.8817083333333334,0.5035420175177021,1.028902205853895,0,6
1.129,0.17500000000000004,1.146333333333333,0.20155975127325174,1.1724235422450822,1.4396666666666667,0.3888900444427274,1.2594921097729956,1.2600833333333332,0.4098608318870588,1.212255049285838,0.9071666666666666,0.4997855772112741,1.0369100293855835,0,7
1.529,0.3999999999999999,1.2039999999999997,0.2947456530637919,1.350711771122541,1.3515,0.2589136921833223,1.3364943641235683,1.314,0.39798698014336686,1.2609850417034014,0.9507083333333332,0.5067876220277882,1.076277227034737,0,8
0.744,-0.7849999999999999,1.1339999999999997,0.3925238846236007,1.0473558855612706,1.212,0.32704923176794126,1.167210260088263,1.3065833333333334,0.4084570653599036,1.1814488814413395,0.9638749999999999,0.4966198189412278,1.049695048871958,1,0
0.667,-0.07699999999999996,0.9799999999999996,0.47700419285369305,0.8571779427806353,1.0631666666666666,0.33994671151030065,1.024293042920188,1.29525,0.4252419899304399,1.1023028996811335,0.9782916666666667,0.48195151110663764,1.0190794449622016,0,1
0.183,-0.48400000000000004,0.5313333333333331,0.3041123695829234,0.5200889713903176,0.8676666666666667,0.45550836069897555,0.7839236020858485,1.238,0.5227610265781978,0.9608716843455746,0.9719583333333333,0.4916732282784955,0.9521930893652255,0,2
0.202,0.019000000000000017,0.3506666666666664,0.2741173714548974,0.3610444856951588,0.7423333333333334,0.5251375692774879,0.6176597157756061,1.1131666666666666,0.5783142953813474,0.8441221944462555,0.9663333333333334,0.49995579514738075,0.8921776422160075,0,3
0.182,-0.020000000000000018,0.1889999999999997,0.011269427670041044,0.2715222428475794,0.5845,0.5279851323664352,0.4931855112682901,1.0120833333333334,0.6284142319916832,0.7422572414545239,0.9590416666666667,0.5103962211226024,0.8353634308387269,0,4
0.238,0.055999999999999994,0.20733333333333304,0.02837839553856873,0.2547611214237897,0.36933333333333335,0.26231406113029726,0.4202753651916358,0.8604166666666666,0.5699424944410593,0.664679204307674,0.9560833333333333,0.514516904413778,0.7875743563716288,0,5
0.225,-0.012999999999999984,0.21499999999999972,0.029308701779677256,0.23988056071189484,0.2828333333333333,0.18952932930464755,0.36448240370831125,0.7474166666666666,0.548092967949007,0.5970362497988011,0.9499166666666667,0.5226321273895346,0.7425684078618985,0,6
0.207,-0.018000000000000016,0.22333333333333302,0.015567059238768137,0.22344028035594743,0.2061666666666667,0.022391218516858567,0.3194874312202223,0.6346666666666666,0.5030518378011863,0.5370306729066778,0.9260833333333333,0.5433951174083081,0.6997229352329467,0,7
0.19,-0.016999999999999987,0.20733333333333304,0.017502380790722666,0.20672014017797372,0.20733333333333334,0.02108712087198504,0.28249102230015877,0.5375,0.46199006286046634,0.4836413386133428,0.8887916666666666,0.562393485889564,0.658945100414311,0,8
0.199,0.009000000000000008,0.1986666666666664,0.008504900548715099,0.20286007008898688,0.20683333333333334,0.02127361433019101,0.2586364445001134,0.47458333333333336,0.4514009421856139,0.43985036344205924,0.8569166666666668,0.5793684655213645,0.6221494923811661,0,9
0.215,0.015999999999999986,0.20133333333333303,0.01266227994255026,0.20893003504449342,0.21233333333333335,0.017500476184084103,0.24616888892865244,0.39841666666666664,0.4057425198623404,0.4052579998355886,0.82925,0.593938896725479,0.5895775329906728,0,10
0.208,-0.007000000000000006,0.20733333333333304,0.00802080627764174,0.20846501752224672,0.20733333333333334,0.01217648006074445,0.2352634920918946,0.28833333333333333,0.19621802962906917,0.37491061524549807,0.8011666666666666,0.6071243455952774,0.5590513303514191,0,11
0.213,0.0050000000000000044,0.21199999999999972,0.003605551276862145,0.21073250876112337,0.20533333333333334,0.009352361555762904,0.2289024943513533,0.24408333333333335,0.1341853930089589,0.35000128982311374,0.7753333333333333,0.6187894680722212,0.5313672239233056,0,12
0.26,0.047000000000000014,0.22699999999999973,0.028687976575735498,0.2353662543805617,0.21416666666666664,0.024309805977623326,0.23778749596525237,0.2101666666666667,0.02267089978295338,0.3361549375426347,0.7527083333333332,0.6275981460863437,0.5096578460094412,0,13
0.291,0.030999999999999972,0.2546666666666664,0.039272551907700536,0.2631831271902808,0.23099999999999998,0.036260170986951834,0.2529910685466088,0.2191666666666667,0.03086284419029104,0.3292080240745371,0.7285833333333332,0.6339892960738637,0.4921652183286859,0,14
0.573,0.282,0.3746666666666664,0.17245965711824301,0.4180915635951404,0.2933333333333333,0.14085548149315844,0.34442219181900624,0.25008333333333327,0.10613495554188476,0.3667144819092237,0.6816249999999999,0.5997212984958652,0.49863200086239107,1,0
0.661,0.08800000000000008,0.508333333333333,0.1932907999190359,0.5395457817975702,0.36766666666666664,0.19753041959827183,0.43487299415643305,0.29,0.15638181712485583,0.41198917700011234,0.6510416666666666,0.5801567613616382,0.5116214407933998,0,1
0.472,-0.18900000000000006,0.5686666666666663,0.09457448563613882,0.5057728908987851,0.4116666666666666,0.18377558778757647,0.4454807101117379,0.30949999999999994,0.16372510220155073,0.42122161130778735,0.5849583333333334,0.49734508002310657,0.5084517255299278,0,2
0.384,-0.08799999999999997,0.5056666666666664,0.1415356256683835,0.44488644544939254,0.44016666666666665,0.15829771529200654,0.42791479293695567,0.32275000000000004,0.1626955466787277,0.41549520956812774,0.5350833333333334,0.4509740103054903,0.4984955874875336,0,3
0.377,-0.007000000000000006,0.41099999999999975,0.052943365967874335,0.4109432227246963,0.45966666666666667,0.13750587866221983,0.4133677092406826,0.3369166666666667,0.15906114223686482,0.4095728696345696,0.4857916666666666,0.39529339452313816,0.48877594048853096,0,4
0.418,0.04099999999999998,0.39299999999999974,0.02193171219965359,0.4144716113623481,0.4808333333333333,0.114139242448288,0.4146912208862018,0.35591666666666666,0.15343429647028897,0.4108693512292512,0.4467083333333333,0.34919665309998915,0.48311386524944855,0,5
0.979,0.5609999999999999,0.591333333333333,0.3363544757147436,0.6967358056811741,0.5485000000000001,0.23551709067497043,0.5759223006330012,0.42091666666666666,0.22800975191797443,0.498274066424751,0.4477499999999999,0.3508092817670526,0.5227847560294927,1,0
0.676,-0.30299999999999994,0.6909999999999998,0.28080064102491975,0.6863679028405871,0.5509999999999999,0.23702489320744824,0.6045159290235723,0.45933333333333337,0.22899556698104231,0.5256165177440201,0.42887499999999995,0.323700789444448,0.5350419755471333,0,1
0.816,0.1399999999999999,0.8236666666666664,0.1516454197572022,0.7511839514202936,0.6083333333333333,0.2550158165029549,0.6649399493025516,0.51,0.23550062729119184,0.5702908996295555,0.39916666666666667,0.2403258054259377,0.5575186175033626,0,2
0.933,0.1170000000000001,0.8083333333333331,0.12867141614724767,0.8420919757101468,0.6998333333333333,0.25691042537559383,0.7415285352161083,0.57,0.24450060420077688,0.626092299686547,0.4070416666666667,0.2547785874503406,0.5875571281030937,0,3
0.308,-0.625,0.6856666666666663,0.33225943678598385,0.5750459878550734,0.6883333333333334,0.27514844478329986,0.6176632394400773,0.574,0.23930543434926507,0.5771550228116936,0.39208333333333334,0.2493330087961977,0.5651925578548462,1,0
0.225,-0.08299999999999999,0.4886666666666664,0.3870353127730607,0.4000229939275367,0.6561666666666667,0.32060032231217217,0.505473742457198,0.5685,0.24703459455932567,0.52297732699451,0.3938333333333333,0.24794523705792904,0.5379771532264586,0,1
0.215,-0.010000000000000009,0.24933333333333307,0.051052260805403066,0.30751149696376834,0.5288333333333334,0.31844837362855066,0.4224812446122843,0.5386666666666667,0.26723307271278124,0.4755961997645854,0.394375,0.24752177111097828,0.5121389809683419,0,2
0.816,0.601,0.41866666666666635,0.3441370850886918,0.5617557484818841,0.5521666666666667,0.33603179413065803,0.5349151747230602,0.5515833333333333,0.2772420859870011,0.5279660151854184,0.4207916666666667,0.25750119951880923,0.5364478624908745,0,3
1.175,0.3590000000000001,0.7353333333333332,0.48505704131920296,0.868377874240942,0.612,0.4150710782504632,0.7177965533736144,0.6101666666666666,0.32844339026087915,0.6275097051568925,0.4598333333333333,0.2966401225708398,0.5875320334916045,0,4
0.596,-0.5790000000000001,0.8623333333333331,0.2922675714706269,0.7321889371204711,0.5558333333333333,0.3846314686380574,0.6829975381240102,0.6278333333333334,0.3207845023839159,0.6226620582096783,0.47529166666666667,0.2935208279650315,0.5882094708122763,0,5
0.336,-0.25999999999999995,0.7023333333333331,0.42948845541334313,0.5340944685602356,0.5605,0.3811775177000898,0.583855384374293,0.6244166666666667,0.32390219015603827,0.578560203100497,0.48066666666666663,0.2895484740774538,0.5680327131472942,0,6
0.359,0.022999999999999965,0.43033333333333307,0.14393169676392129,0.4465472342801178,0.5828333333333333,0.3609794546323501,0.5196109888387807,0.6195,0.32774532796059747,0.5447817103158051,0.48770833333333335,0.284177452088241,0.5513100960955106,0,7
0.233,-0.12599999999999997,0.3093333333333331,0.06709942871099847,0.3397736171400589,0.5858333333333333,0.35736783104620495,0.4377221348848433,0.5573333333333333,0.324086501733812,0.4968152933441428,0.48912500000000003,0.28275681862381863,0.5258452884078698,0,8
0.252,0.01899999999999999,0.28133333333333316,0.06792888438170165,0.29588680857002947,0.4918333333333333,0.3588901874761542,0.3846586677748881,0.5219999999999999,0.3329643715583879,0.45915140206042854,0.49066666666666664,0.28129431695934665,0.5039376653352402,0,9
0.352,0.09999999999999998,0.27899999999999975,0.063929648833771,0.3239434042850147,0.3546666666666667,0.1295834351553831,0.3753276198392058,0.48333333333333334,0.32249604178919217,0.44266657097420875,0.49666666666666665,0.2764977658006585,0.49178265210842104,0,10
0.267,-0.08499999999999996,0.2903333333333331,0.05392896562462996,0.2954717021425074,0.29983333333333334,0.055430737562019675,0.34437687131371847,0.42783333333333334,0.2941362805149185,0.4156409446704843,0.4989166666666667,0.2743000446459237,0.47380003993974734,0,11
0.281,0.014000000000000012,0.2999999999999998,0.045574115460523285,0.2882358510712537,0.2906666666666667,0.05273581957900644,0.3262691937955132,0.42558333333333337,0.2952374878676886,0.3949269531827175,0.49979166666666663,0.2735372129785271,0.45837603674456756,0,12
0.523,0.242,0.35699999999999976,0.1439305388026066,0.40561792553562687,0.318,0.10838081010955211,0.3824779955682237,0.45041666666666663,0.2893052676305553,0.4146304988469148,0.5094583333333332,0.2699131871976442,0.4635459538050022,1,0
0.552,0.029000000000000026,0.4519999999999998,0.14879852149805742,0.4788089627678135,0.3711666666666667,0.13364343106441612,0.4309128539773026,0.4785,0.28060114041108136,0.43576426825508174,0.5085833333333334,0.269732220942354,0.47062227750060204,0,1
0.828,0.2759999999999999,0.6343333333333331,0.16834587412033497,0.6534044813839067,0.4671666666666667,0.21377690863764756,0.5443663242695018,0.4795,0.28193148748652225,0.4961082269850692,0.5155416666666667,0.2759182265701657,0.4992124953005539,0,2
1.267,0.43899999999999995,0.8823333333333331,0.36058332370388063,0.9602022406919533,0.6196666666666667,0.378268511333773,0.7508330887639298,0.4871666666666667,0.3030256014786779,0.6147069612950585,0.5486666666666666,0.3153651667603749,0.5606354956765096,0,3
1.301,0.03400000000000003,1.1319999999999997,0.2638200144037639,1.1306011203459767,0.7919999999999999,0.4188278882787077,0.9080236348313784,0.5459166666666667,0.38365833719205056,0.7202905057112033,0.5868749999999999,0.34837028182793006,0.6198646560223888,0,4
1.371,0.07000000000000006,1.3129999999999997,0.05302829433425756,1.2508005601729884,0.9736666666666666,0.38812042804607433,1.0403025963081274,0.6321666666666667,0.4438017234046858,0.8203996586787106,0.6282916666666667,0.3799862101807616,0.6799554835405978,0,5
1.041,-0.33000000000000007,1.2376666666666665,0.17387735140993682,1.1459002800864941,1.0599999999999998,0.3193430757038598,1.0405018545058051,0.689,0.4492745667892141,0.8543381727281396,0.65425,0.38622433782768845,0.7088390448573499,0,6
1.569,0.528,1.3269999999999997,0.2667358243656081,1.357450140043247,1.2295,0.26020588002579964,1.1915013246470036,0.8003333333333335,0.4897166775212215,0.9642861461545797,0.6788333333333334,0.42465808923606385,0.7776519212687619,1,0
2.291,0.722,1.6336666666666666,0.6275040504517332,1.8242250700216234,1.4733333333333334,0.4352900948409773,1.5056438033192883,0.9702500000000001,0.6188702500230855,1.1683959698231061,0.746125,0.5372268011460025,0.898719767567261,0,1
1.904,-0.387,1.9213333333333331,0.36131196123755555,1.8641125350108116,1.5795000000000001,0.4522520315045585,1.6194598595137775,1.0995833333333334,0.6397396428282843,1.2815658206195515,0.7914583333333334,0.5869804810595739,0.9791421861618802,0,2
0.785,-1.1189999999999998,1.6599999999999995,0.7820875910024385,1.324556267505406,1.4934999999999998,0.5535253381734211,1.3810427567955552,1.14275,0.5943171979828465,1.2051710789857744,0.7852916666666667,0.5862057421259625,0.9636108112689298,1,0
0.277,-0.508,0.9886666666666665,0.8324015457297858,0.8007781337527029,1.3111666666666666,0.7479765816298444,1.0656019691396823,1.1424166666666666,0.5948453516875144,1.0623755283725784,0.7840000000000001,0.5873362121365903,0.9086819463674154,0,1
0.226,-0.05100000000000002,0.4293333333333332,0.3090701107084626,0.5133890668763514,1.1753333333333333,0.8707740617787529,0.8257156922426303,1.1176666666666666,0.6282039815412209,0.9337023701614126,0.7840416666666666,0.5872948655130336,0.8540673906580222,0,2
0.226,0.0,0.24299999999999988,0.029444863728833186,0.3696945334381757,0.9514999999999999,0.9205313139703621,0.6543683516018789,1.0905,0.661078801519291,0.8248250824442721,0.7845,0.5868355817433033,0.8038219994053805,0,3
0.215,-0.01100000000000001,0.2223333333333332,0.006350852961852025,0.29234726671908784,0.6055,0.673315008001457,0.5288345368584849,1.0394166666666667,0.7054049073640851,0.7310058389913072,0.7594583333333333,0.598146992197874,0.7567162394529501,0,4
0.217,0.0020000000000000018,0.21933333333333319,0.005859465277914876,0.2546736333595439,0.32433333333333336,0.2268335660052754,0.4397389548989178,0.9519166666666666,0.7389339321350766,0.6519280176080291,0.7195416666666667,0.6011684983478414,0.7135389402967142,0,5
0.199,-0.017999999999999988,0.21033333333333318,0.009865765725130834,0.22683681667977196,0.22666666666666666,0.026568151359661053,0.3709563963563699,0.8600833333333333,0.7597894993571136,0.5822467841298707,0.703,0.61011103764878,0.6723758250729771,0,6
0.222,0.022999999999999993,0.21266666666666653,0.012096831541488313,0.22441840833988597,0.2175,0.010134100848285126,0.32839742596883564,0.7643333333333332,0.7619459934730917,0.5268242019560445,0.6982499999999999,0.6135267436855486,0.636345759067139,1,0
0.208,-0.014000000000000012,0.20966666666666653,0.011590225767566912,0.216209204169943,0.2145,0.009772410143010795,0.2939981614063112,0.6949166666666667,0.7723233494208276,0.4777743247320376,0.6919583333333333,0.6179155337779263,0.6020780983417678,0,1
0.218,0.010000000000000009,0.21599999999999986,0.007211102551606449,0.2171046020849715,0.2131666666666667,0.008328665359461264,0.272284401004508,0.5823333333333333,0.7306687264956585,0.4378090440040318,0.6913333333333332,0.6184073278902891,0.5713518504744265,0,2
0.185,-0.033,0.20366666666666652,0.0169213868622883,0.20105230104248575,0.20816666666666664,0.014048724734647694,0.24734600071750573,0.4068333333333333,0.49921517192367787,0.39891534492648845,0.6885416666666667,0.6206240883642632,0.5404437024364724,1,0
0.21,0.024999999999999994,0.20433333333333317,0.01721433511185423,0.20552615052124287,0.207,0.013446189051297696,0.2366757147982184,0.26566666666666666,0.16499935720719378,0.3698514457070287,0.6826249999999999,0.6246358808903423,0.5140082062415546,0,1
0.226,0.016000000000000014,0.20699999999999985,0.020663978320010445,0.21576307526062144,0.21150000000000002,0.01469353599387253,0.23362551057015601,0.21908333333333332,0.021948113745123905,0.3477204540597935,0.6809166666666667,0.6258768399937653,0.4909675497422303,0,2
0.188,-0.038000000000000006,0.20799999999999985,0.019078784028597136,0.20188153763031072,0.20583333333333334,0.01630235156871264,0.2205896504072543,0.21166666666666667,0.014304057487484178,0.323148076512133,0.6770416666666667,0.6287418409301495,0.4667301457628519,1,0
0.235,0.046999999999999986,0.21633333333333318,0.024946609656286273,0.21844076881515534,0.21033333333333334,0.02026491220484058,0.22470689314803877,0.21241666666666667,0.015323531122420787,0.30958683397180486,0.6650416666666666,0.6345313559365433,0.4481917341018237,1,0
0.25,0.015000000000000013,0.2243333333333332,0.03234707611737184,0.23422038440757767,0.21566666666666667,0.026066581415097077,0.231933495105742,0.21441666666666667,0.01849549494694662,0.3004196287453733,0.6524583333333333,0.6398427781862535,0.43233639537367785,0,1
0.535,0.28500000000000003,0.33999999999999986,0.1690414150437955,0.38461019220378884,0.274,0.12962561475265252,0.31852392507552996,0.24108333333333332,0.09438938531744599,0.3365089166307005,0.64025,0.6391426492473791,0.44054948374378367,1,0
0.576,0.040999999999999925,0.4536666666666665,0.17756782741628926,0.4803050961018944,0.335,0.17250855051272948,0.3920885179110928,0.27099999999999996,0.1344524248403643,0.3733536986875158,0.6114583333333333,0.6250910875653444,0.451385525044281,0,1
0.425,-0.15099999999999997,0.5119999999999999,0.07808328886520635,0.45265254805094723,0.3681666666666667,0.1663819902112892,0.4014917985079234,0.28983333333333333,0.13919497988160962,0.381299283504821,0.5749583333333333,0.608430588314808,0.4492746830407385,0,2
0.316,-0.10899999999999999,0.4389999999999998,0.13056416047295621,0.3843262740254736,0.3895,0.14556476221944242,0.3770655703628024,0.2976666666666667,0.1376671435900437,0.3712532398886947,0.531,0.5861191450327443,0.43861270839747946,0,3
1.325,1.009,0.6886666666666666,0.5537692058369976,0.8546631370127368,0.5711666666666666,0.3896713572572008,0.6479039788305732,0.39075,0.3235982708685111,0.5179835106750493,0.5428333333333333,0.5995757678970002,0.5095236917256811,1,0
1.345,0.020000000000000018,0.9953333333333333,0.5884049059392151,1.0998315685063684,0.7536666666666667,0.4593585382538009,0.8470742705932666,0.48466666666666663,0.4185234507024407,0.6452168167250417,0.5335,0.5844602861503582,0.5763617963876266,0,1
0.525,-0.82,1.065,0.4677606225410628,0.8124157842531843,0.7519999999999999,0.46032770935497896,0.7550530504237619,0.513,0.40776263148597025,0.6267219218442661,0.4599166666666667,0.44905581299923975,0.5722528526766165,0,2
0.328,-0.197,0.7326666666666665,0.5393666038357757,0.5702078921265922,0.7106666666666667,0.48950124276315043,0.63303789315983,0.5228333333333334,0.40116077786464777,0.5807647030989944,0.39425,0.32747455925082847,0.5527126244624873,0,3
0.347,0.01899999999999996,0.39999999999999986,0.10866922287385648,0.4586039460632961,0.6976666666666667,0.4995380532718891,0.5513127808284499,0.5329166666666667,0.3944866533825565,0.544800902622226,0.37599999999999995,0.3167816419801736,0.5362556145054883,0,4
0.859,0.512,0.5113333333333331,0.3012380011441789,0.658801973031648,0.7881666666666667,0.46452316052772713,0.6392234148774643,0.5888333333333333,0.388664340655236,0.5931392252957297,0.40025,0.3308380991150952,0.5620751653450493,0,5
0.737,-0.122,0.6476666666666665,0.26743472723888967,0.697900986515824,0.6901666666666667,0.38359166657615074,0.6671595820553315,0.6306666666666667,0.37385153429800094,0.6152716521733098,0.42154166666666665,0.3355460156568558,0.5760691521174454,0,6
0.734,-0.0030000000000000027,0.7766666666666664,0.07131853429045175,0.7159504932579119,0.5883333333333333,0.22208436835281548,0.6862568443252368,0.6709999999999999,0.3546655274531712,0.6335375518389544,0.4427083333333333,0.3386826755388403,0.5887036199480498,0,7
0.694,-0.040000000000000036,0.7216666666666663,0.024006943440154183,0.7049752466289559,0.6164999999999999,0.22315980820927925,0.6884691745180263,0.68425,0.3520834418145786,0.6428394669406537,0.4626666666666667,0.3387941104496427,0.5971273303522058,0,8
0.393,-0.30099999999999993,0.6069999999999998,0.1864054720227019,0.5489876233144779,0.6273333333333333,0.2073727722404003,0.6040494103700188,0.6689999999999999,0.361047466030815,0.6044026258728609,0.47,0.3351303445319288,0.5807971439240294,0,9
1.314,0.921,0.8003333333333331,0.4696172200136385,0.931493811657239,0.7885,0.3006970235968456,0.806892435978585,0.7430833333333333,0.3959495969606905,0.7135714526616515,0.5164583333333334,0.37126563549761976,0.639453372410107,1,0
1.238,-0.07600000000000007,0.9816666666666665,0.5112145668242805,1.0847469058286194,0.8516666666666666,0.35361938106765084,0.9300660256989892,0.8199166666666665,0.3949958476958583,0.794252767636782,0.5587916666666667,0.39348962520621755,0.6873371026172985,0,1
0.927,-0.31099999999999994,1.1596666666666666,0.20504714904951798,1.0058734529143099,0.8833333333333333,0.34978374271350626,0.9291900183564208,0.78675,0.36424220837738774,0.8146754187695848,0.58875,0.3929911217052268,0.7065101344079147,0,2
0.474,-0.45300000000000007,0.8796666666666665,0.3841930938126524,0.7399367264571549,0.84,0.38619425164028764,0.7991357273974434,0.7141666666666667,0.3278505295053976,0.7622638158819564,0.5994166666666667,0.38590085645732203,0.6879093236552815,0,3
0.434,-0.03999999999999998,0.6116666666666665,0.27381806611934817,0.5869683632285775,0.7966666666666667,0.4190425594932674,0.6948112338553167,0.7065833333333335,0.333625390992879,0.7117616903616554,0.6097916666666666,0.3775312229145613,0.667596577762859,0,4
0.462,0.028000000000000025,0.45666666666666655,0.02052640575797422,0.5244841816142888,0.8081666666666667,0.4065082614986669,0.6282937384680833,0.71775,0.3218362443569992,0.6733368149214006,0.6202916666666666,0.3693442460651731,0.6511488515418302,0,5
0.531,0.069,0.4756666666666665,0.0499232744653317,0.5277420908071444,0.6776666666666666,0.3301567304579279,0.6004955274772024,0.7330833333333334,0.30658869644505604,0.6514388433950313,0.633,0.3603247327668197,0.6415369434184838,0,6
0.648,0.11699999999999999,0.5469999999999998,0.0940265919833688,0.5878710454035723,0.5793333333333334,0.18649789989881685,0.6140682339122874,0.7155,0.3047557889673153,0.6509097905650265,0.6521666666666667,0.3476356997060956,0.6420539879450051,0,7
0.95,0.30199999999999994,0.7096666666666666,0.216199753314704,0.7689355227017861,0.5831666666666667,0.19511065236595637,0.7100487385087767,0.73325,0.31223304961635184,0.6969236689396379,0.6819583333333333,0.3409028267979634,0.6666896689094047,0,8
0.581,-0.369,0.7263333333333332,0.19657653301790307,0.6749677613508931,0.6010000000000001,0.18789358690493504,0.673177670363412,0.7204999999999999,0.31530836277581276,0.6790892583335397,0.69575,0.32916088969430957,0.6598344953966524,0,9
0.843,0.262,0.7913333333333331,0.1898481849619274,0.7589838806754465,0.6691666666666666,0.18937520076997638,0.7216983359738658,0.7329166666666667,0.3170986248453118,0.7043062955129951,0.7085833333333333,0.3286247915529045,0.6744877357649202,0,10
1.616,0.7730000000000001,1.0133333333333332,0.5381136806784758,1.1874919403377233,0.8615,0.4027250923396774,0.9772130971241899,0.8348333333333334,0.38679518501594,0.8445668654340728,0.7519166666666667,0.3755938968651118,0.7498087169037266,0,11
1.998,0.3819999999999999,1.4856666666666667,0.5884269991539584,1.5927459701688615,1.106,0.5717793280628471,1.26886649794585,0.8918333333333335,0.4981861341330412,1.0220181169057538,0.8174583333333333,0.4465997117511755,0.8496640195514286,0,12
1.683,-0.31499999999999995,1.7656666666666665,0.20397630581351847,1.6378729850844307,1.2785,0.5620116546834243,1.3871903556756071,0.9289166666666667,0.5410171327035662,1.1237076373817918,0.8744166666666667,0.4665889091533665,0.9163308979873143,0,13
2.06,0.377,1.9136666666666666,0.2021542315494007,1.8489364925422154,1.4635,0.6126606728034696,1.5794216826254335,1.0233333333333334,0.6318851065492749,1.2677526162461317,0.9050416666666666,0.5186643783014614,1.0078244261483291,0,14
1.242,-0.8180000000000001,1.6616666666666664,0.4094170652688173,1.5454682462711076,1.5736666666666668,0.46350864788768115,1.4830154875895953,1.0873333333333333,0.6096916259781493,1.2637906752851884,0.9007499999999999,0.5152807803602775,1.026558472056463,0,15
1.715,0.4730000000000001,1.6723333333333332,0.41066571969587495,1.630234123135554,1.7190000000000003,0.2944730887534534,1.549296776849711,1.1940833333333334,0.5969115144312488,1.3332074944720824,0.9503333333333334,0.5344497102194218,1.0816337942919458,0,16
1.77,0.05499999999999994,1.5756666666666665,0.2902694150842142,1.700117061567777,1.7446666666666666,0.2903829655242639,1.6123548406069363,1.3030833333333334,0.5698882599140641,1.4004063414763774,1.0104166666666667,0.5424402925802003,1.1367030907485902,0,17
1.531,-0.2390000000000001,1.672,0.12516788725546818,1.6155585307838884,1.6668333333333336,0.2708279281511898,1.5891106004335258,1.3864166666666666,0.517423592661202,1.4204976735569346,1.05975,0.5332439078108551,1.168246843488703,0,18
1.497,-0.03399999999999981,1.5993333333333333,0.14877611815520536,1.5562792653919444,1.6358333333333335,0.279125360128144,1.562793286023947,1.4571666666666667,0.4623951150523152,1.432267262240483,1.0863333333333334,0.538676128127554,1.194547096009607,0,19
0.4,-1.097,1.1426666666666665,0.6433928297186223,0.9781396326959721,1.3591666666666666,0.5055007088686094,1.230566632874248,1.4113333333333333,0.5382696744423224,1.2734569142034857,1.0722916666666666,0.5523956898713152,1.1309833283288384,1,0
0.185,-0.21500000000000002,0.694,0.7036781934947305,0.5815698163479861,1.183,0.7009116920126245,0.9318333091958914,1.3783333333333336,0.6021513451153652,1.1060020043260264,1.0494166666666667,0.5777967836431821,1.0553046620625313,0,1
0.208,0.022999999999999993,0.2643333333333332,0.11805224831973735,0.39478490817399303,0.9318333333333334,0.7410099639456054,0.7250237922827795,1.3254166666666667,0.6767532729320513,0.96784784981433,1.0291666666666668,0.5989247369909767,0.9875202890975288,0,2
0.204,-0.0040000000000000036,0.19899999999999984,0.01228820572794248,0.2993924540869965,0.6708333333333333,0.6578709346571467,0.5761598516305567,1.20775,0.7413094219628602,0.8503327959967407,1.0212916666666667,0.608813991666811,0.9248386659697265,0,3
0.204,0.0,0.20533333333333317,0.002309401079394676,0.25169622704349826,0.44966666666666666,0.5193321352147084,0.46982846545039764,1.05825,0.7483164285733195,0.7508969812280113,0.9750416666666667,0.6274864612547204,0.8671715726921484,0,4
0.207,0.0030000000000000027,0.20499999999999985,0.0017320508110847202,0.2293481135217491,0.23466666666666666,0.08143627365411928,0.39473461817885547,0.9352499999999999,0.7575389728948246,0.667220522577548,0.9320833333333334,0.6437814182568138,0.8143578468767766,0,5
0.19,-0.016999999999999987,0.20033333333333317,0.009073771726551137,0.20967405676087456,0.19966666666666666,0.009688481133215446,0.3362390129848968,0.7794166666666668,0.6948802981721953,0.5938019806425407,0.9013749999999999,0.6613715533055078,0.7644092191266345,0,6
0.208,0.017999999999999988,0.20166666666666652,0.010115993937599292,0.20883702838043727,0.20350000000000001,0.006862943974854971,0.299599294989212,0.69325,0.6964117284010556,0.5344478297744576,0.8902916666666667,0.6710036272283663,0.7198964815965038,1,0
0.224,0.016000000000000014,0.20733333333333318,0.017009801096588093,0.21641851419021862,0.2061666666666667,0.010888832199490453,0.27799949642086574,0.5690000000000001,0.6271035872094092,0.4866866251937718,0.8815416666666667,0.6785393506365861,0.6802247630687835,0,1
0.216,-0.008000000000000007,0.21599999999999986,0.008000000000754385,0.2162092570951093,0.20816666666666664,0.011496376240740232,0.2602853545863327,0.4395,0.5051384148743966,0.4450425290101146,0.8712916666666667,0.6869582911942914,0.6430867820232808,0,2
0.209,-0.007000000000000006,0.21633333333333318,0.007505553500269002,0.21260462854755463,0.209,0.011313708499072631,0.2456323961330948,0.3293333333333333,0.37208633732541435,0.40872829377778924,0.8578749999999999,0.6969648679624492,0.6083598394614184,0,3
0.221,0.01200000000000001,0.21533333333333318,0.006027713774343486,0.21680231427377733,0.21133333333333335,0.012225656083362187,0.23859456866649628,0.223,0.05684108629247441,0.3798470178119755,0.8400833333333333,0.7079193589954869,0.5773710523045049,0,4
0.239,0.017999999999999988,0.22299999999999986,0.015099668870938878,0.22790115713688866,0.2195,0.011467344941265604,0.2387104061903545,0.20958333333333332,0.014481702143363891,0.35817824584090235,0.8104583333333334,0.7179258154219534,0.5503013681201445,0,5
0.226,-0.012999999999999984,0.2286666666666665,0.009291573243820307,0.22695057856844433,0.2225,0.010134100848223518,0.23507886156453894,0.21299999999999997,0.012905249108206802,0.33784313109614816,0.7956666666666666,0.7264652759089388,0.524357258670533,0,6
0.507,0.281,0.3239999999999999,0.1586158882332126,0.3669752892842222,0.26966666666666667,0.11670761186258825,0.31277061540324214,0.23791666666666667,0.08570187049335655,0.3638672647736638,0.7816666666666667,0.7287474463623949,0.5229686779768904,1,0
0.569,0.061999999999999944,0.4339999999999999,0.18278129007097493,0.46798764464211107,0.32849999999999996,0.1637409539486129,0.3859790110023158,0.2683333333333333,0.12726374427172926,0.3954261471161771,0.7380416666666667,0.7076634842098747,0.5266511837387392,0,1
0.44,-0.12899999999999995,0.5053333333333332,0.06451614784953062,0.45399382232105556,0.367,0.1570439428949799,0.4014135792873684,0.288,0.1344503963955057,0.4022836629444575,0.6731250000000001,0.6566816654838252,0.51971908903964,0,2
1.357,0.917,0.7886666666666665,0.4963993687882164,0.9054969111605278,0.5563333333333333,0.4164169384963441,0.6744382709195489,0.3838333333333333,0.33368979425190465,0.549163099414541,0.6595416666666666,0.6379899807831718,0.5867015619164688,1,0
1.317,-0.040000000000000036,1.0379999999999998,0.5182692350506672,1.111248455580264,0.7360000000000001,0.47984330775785655,0.8580273363711063,0.47775000000000006,0.4212775213561718,0.6672918533507655,0.6285833333333333,0.582710452123947,0.6451254369631514,0,1
1.161,-0.15599999999999992,1.278333333333333,0.10356318522204042,1.136124227790132,0.8918333333333334,0.4303646903112144,0.9445909545507902,0.5571666666666667,0.4543330443094747,0.7432469528352631,0.6252083333333333,0.5792272948143699,0.6863954020060993,0,2
0.344,-0.8170000000000001,0.9406666666666665,0.5225823699029064,0.740062113895066,0.8646666666666666,0.4633929937608763,0.7729935389648502,0.5671666666666667,0.447604093192214,0.6818243447067611,0.5680833333333334,0.5328231549893039,0.6590037698456114,0,3
0.487,0.14300000000000002,0.6639999999999998,0.4363129610726772,0.613531056947533,0.851,0.474922730557299,0.6912810992606073,0.58975,0.43493283180488707,0.6518513685980287,0.514625,0.4673280025383928,0.6452434682579625,0,4
0.361,-0.126,0.39733333333333315,0.0781174329669346,0.4872655284737665,0.8378333333333333,0.4894684531884231,0.5969150709004338,0.6024166666666667,0.42493453149939,0.607105004198332,0.465875,0.41476240579501905,0.6225039907973255,0,5
0.382,0.02100000000000002,0.40999999999999986,0.06750555532702518,0.43463276423688324,0.6753333333333332,0.4422011608608324,0.5355107649288813,0.6158333333333333,0.41420325123462437,0.5724734650908964,0.4194166666666667,0.3519298246089382,0.6032636715335395,0,6
0.588,0.20599999999999996,0.4436666666666665,0.12543657095657168,0.5113163821184417,0.5538333333333333,0.31145684559288145,0.5505076892349152,0.6449166666666667,0.3972437901187114,0.57486216276922,0.42724999999999996,0.35356731724820034,0.6020425778108563,0,7
0.463,-0.12499999999999994,0.4776666666666665,0.10378021648340639,0.48715819105922087,0.4375,0.09319388391950163,0.5255054923106537,0.6646666666666666,0.38004194345871734,0.5576525992662631,0.43883333333333324,0.34981978797371305,0.5909191715859878,0,8
0.435,-0.028000000000000025,0.49533333333333324,0.08146369334459688,0.46107909552961046,0.4526666666666667,0.08162025892306506,0.4996467802218955,0.6586666666666666,0.3833117253461977,0.5387829686099149,0.4482916666666666,0.3463588838896411,0.5784456378591087,0,9
1.137,0.702,0.6783333333333332,0.39746362517007844,0.7990395477648052,0.561,0.2932664317647032,0.6817477001584968,0.706,0.4056514401664205,0.6308163580545434,0.4871666666666667,0.36934450357199433,0.6231299868303801,1,0
0.947,-0.19000000000000006,0.8396666666666666,0.3630996190211978,0.8730197738824026,0.6586666666666666,0.31041563534504474,0.7575340715417834,0.74825,0.40181273906227444,0.6794599952769214,0.518125,0.37566258131467156,0.6490395878839497,0,1
1.144,0.19699999999999995,1.0759999999999998,0.11177208953939799,1.0085098869412013,0.7856666666666667,0.3298543112749438,0.8679529082441311,0.7305,0.37637614164556205,0.7509276883112412,0.5571666666666667,0.3903261363957393,0.6886364208532336,0,2
0.839,-0.30499999999999994,0.9766666666666665,0.15464906509040893,0.9237549434706006,0.8275,0.3153701000412068,0.8596806487458079,0.6906666666666667,0.331250889078281,0.7644772747248965,0.5842083333333333,0.3862428813658565,0.7006655071849749,0,3
0.939,0.09999999999999998,0.9739999999999998,0.1554831180546757,0.9313774717353003,0.9068333333333333,0.2604230532550206,0.8823433205327199,0.6721666666666666,0.30797692751046785,0.7913269247672201,0.6146666666666666,0.38410264328654653,0.7197322666101769,0,4
0.355,-0.584,0.7109999999999999,0.3123331554606505,0.6431887358676501,0.8935,0.2898025189676595,0.7316738003805142,0.6730833333333334,0.3069259485263309,0.7241997055722632,0.620125,0.37920928172689544,0.6905536852813627,1,0
0.313,-0.04199999999999998,0.5356666666666665,0.3499276115617942,0.4780943679338251,0.7561666666666667,0.3418926244695366,0.6120527145575102,0.6585833333333333,0.32033347917254595,0.6609382124072996,0.6241666666666666,0.375210626838787,0.6603493904588537,0,1
0.564,0.25099999999999995,0.41066666666666646,0.13444081721465093,0.5210471839669125,0.6923333333333334,0.3348179604899769,0.5983233675410787,0.6755,0.3083246518024321,0.6460246412677151,0.6389583333333333,0.3649904679120654,0.6526414392221453,0,2
0.487,-0.07699999999999996,0.4546666666666665,0.12858589865666742,0.5040235919834563,0.5828333333333333,0.25562974526973187,0.5665166911007705,0.68425,0.30063209923577555,0.6215593118419127,0.6500416666666666,0.3556664875446105,0.6393901240843738,0,3
0.459,-0.02799999999999997,0.5033333333333332,0.05437217425616032,0.4815117959917281,0.5195,0.22466842234724813,0.5357976365005503,0.6734999999999999,0.306633183284049,0.5965501869431569,0.6592083333333333,0.3473498398328201,0.6249589141576238,0,4
0.504,0.044999999999999984,0.48333333333333317,0.022722969289739946,0.49275589799586406,0.4469999999999999,0.09497578638790846,0.5267125975003931,0.6769166666666666,0.3042939542712946,0.5823116966442097,0.6707916666666667,0.3367487747844708,0.615282201025014,0,5
0.597,0.09299999999999997,0.5199999999999999,0.07037755323971387,0.5448779489979321,0.48733333333333323,0.09937538259885192,0.5467947125002808,0.6904166666666667,0.2960680076460732,0.5845714356220235,0.6745416666666667,0.33534368861327224,0.6138196249430129,0,6
0.877,0.28,0.6593333333333331,0.1941554360128521,0.710938974498966,0.5813333333333334,0.15349875135214625,0.6411390803573433,0.6687499999999998,0.26866035502774954,0.6295604455263275,0.687375,0.3370183600339922,0.6348740549475719,0,7
1.24,0.363,0.9046666666666665,0.32239158384383776,0.975469487249483,0.694,0.30828168936867,0.8122422002552452,0.6931666666666666,0.3068478549063138,0.7234742231376617,0.7207083333333332,0.3507696480804664,0.6832841305517661,0,8
1.382,0.1419999999999999,1.1663333333333332,0.26043489269553666,1.1787347436247415,0.8431666666666665,0.39298316333739725,0.9750301430394608,0.713,0.34407081723495153,0.824785881116483,0.72175,0.35277277450900896,0.7391814001076248,0,9
1.27,-0.11199999999999988,1.2973333333333332,0.07484205591333266,1.2243673718123707,0.9783333333333334,0.3734063023928053,1.0593072450281862,0.7489166666666667,0.37912877599554345,0.8932803609447164,0.7197916666666666,0.34943942426676117,0.7816468880990148,0,10
1.187,-0.08299999999999996,1.2796666666666665,0.09785874173181766,1.2056836859061852,1.0921666666666667,0.2959604140196235,1.0957908893058472,0.7695833333333333,0.3967807863597261,0.9384679977224524,0.7208749999999999,0.35090396462751144,0.8140751370510937,0,11
1.735,0.548,1.3973333333333333,0.29535797489374377,1.4703418429530926,1.2818333333333334,0.2793445304040631,1.2784220637898909,0.8845833333333332,0.4605564733575194,1.0610113826882288,0.7788333333333334,0.39770358928168786,0.8877491260870063,0,12
1.226,-0.5090000000000001,1.3826666666666665,0.3057520782158864,1.3481709214765463,1.3399999999999999,0.2044964547369947,1.2634443312784935,0.9606666666666667,0.43208044986034205,1.0863942468900398,0.8096249999999999,0.40270302063193925,0.9148091960000457,1,0
1.109,-0.11699999999999999,1.3566666666666665,0.33282778329540613,1.2285854607382731,1.3181666666666667,0.22342552823405487,1.2193173794846381,1.0060833333333334,0.4148970208121388,1.0898720550608028,0.8407916666666666,0.3953508050554242,0.9303444603200421,0,1
1.321,0.21199999999999997,1.2186666666666663,0.10619008114383911,1.2747927303691364,1.308,0.2213178709458407,1.2483695567747415,1.0755833333333333,0.38908948686372824,1.125430200436064,0.8799166666666668,0.394435415627768,0.9615969034944388,0,2
0.742,-0.579,1.0573333333333332,0.29293742221392044,1.0083963651845682,1.22,0.3216693954979243,1.1036925405533868,1.0991666666666668,0.3554415521146867,1.0664409388305156,0.8863333333333333,0.390715137716189,0.9440291512148837,0,3
0.727,-0.015000000000000013,0.9299999999999998,0.33869898139794363,0.867698182592284,1.1433333333333333,0.38053891610013674,0.9960661003952762,1.1177499999999998,0.32611574214184735,1.0142192559335133,0.8973333333333332,0.38189534950168647,0.9266668191176931,0,4
0.215,-0.512,0.5613333333333331,0.3000272209872656,0.5413490912961421,0.8900000000000001,0.4124841815148805,0.7729043574251973,1.0859166666666666,0.39329412041310224,0.8912624473283574,0.8881666666666667,0.39586028131001144,0.8697334735882777,0,5
0.204,-0.01100000000000001,0.38199999999999984,0.29882938275880755,0.372674545648071,0.7196666666666668,0.454826413774165,0.6103602553037123,1.0298333333333332,0.4668920126915346,0.7855297631239946,0.8492916666666667,0.4156774961398589,0.8164747957012155,0,6
0.175,-0.028999999999999998,0.19799999999999984,0.020663978320054812,0.27383727282403547,0.564,0.45475795759942633,0.48597161093122304,0.9410833333333334,0.5213549581851532,0.6916021072587647,0.817125,0.43710553023865817,0.7651568120451183,0,7
0.165,-0.009999999999999981,0.1813333333333332,0.02025668613927732,0.21941863641201775,0.3713333333333333,0.2819408921505868,0.39426543637944506,0.8396666666666667,0.5455934772559536,0.610586398449724,0.7763333333333332,0.4507430258609889,0.7171442670815089,0,8
0.206,0.04099999999999998,0.18199999999999986,0.02137755832670911,0.21270931820600886,0.282,0.21886616915366885,0.3404753116996036,0.751,0.5556650397169474,0.5483423371497664,0.7499583333333333,0.46520453464897826,0.6762527257149883,0,9
0.22,0.014000000000000012,0.19699999999999984,0.02858321185611763,0.21635465910300444,0.1975,0.022313672938416074,0.3060537940711454,0.6704166666666667,0.5568042676059898,0.4978281314344178,0.7200000000000001,0.47553768195225415,0.6397525076577892,0,10
0.272,0.05200000000000002,0.2326666666666665,0.034775470282149876,0.24417732955150223,0.207,0.03792624421166137,0.2963241386222467,0.5485,0.4530076258639685,0.4630853419829689,0.7165416666666666,0.47859949482764486,0.6103323070451662,0,11
0.3,0.02799999999999997,0.26399999999999985,0.040595566260504944,0.2720886647757511,0.223,0.05347148772946695,0.2973743847301762,0.4713333333333333,0.4032441925035981,0.4379952893702045,0.7160000000000001,0.4790831823933871,0.585505722481553,0,12
0.27,-0.02999999999999997,0.28066666666666656,0.016772994167536578,0.27104433238787556,0.23883333333333334,0.050392129015047187,0.28955313195012583,0.4014166666666667,0.35212612883178757,0.4121498602363269,0.70375,0.48683478583155265,0.5602652646830287,0,13
0.228,-0.04200000000000001,0.26599999999999985,0.0361662826402027,0.2495221661939378,0.24933333333333332,0.03660965264338263,0.27196652282151845,0.31033333333333335,0.20199159898522034,0.3838191125076612,0.6929583333333332,0.4946561809164444,0.5336840435083865,0,14
0.254,0.025999999999999995,0.25066666666666654,0.021197484127709876,0.2517610830969689,0.25733333333333336,0.029870833042771196,0.26683323058679886,0.26966666666666667,0.14948355539434197,0.3638469413526364,0.6844166666666666,0.5006059733759795,0.5113093200277156,0,15
0.286,0.03199999999999997,0.25599999999999984,0.02905167809285937,0.2688805415484844,0.26833333333333337,0.025152865973265975,0.272309450419142,0.23291666666666666,0.04338507982607729,0.3518704888368462,0.6753333333333332,0.5059709277321639,0.49328457442549833,0,16
0.514,0.22800000000000004,0.3513333333333332,0.14177917101374068,0.3914402707742422,0.3086666666666667,0.10367384755409134,0.34136389315653004,0.25783333333333336,0.091423921012683,0.3768134905542545,0.671875,0.5068125725508927,0.49494180847145847,1,0
0.586,0.07199999999999995,0.4619999999999999,0.1566141756036442,0.4887201353871211,0.35633333333333334,0.15293615225534096,0.4112599236832357,0.2896666666666667,0.12953646965120272,0.4089960304689846,0.6597500000000001,0.5051700746756759,0.5022264637937418,0,1
1.175,0.5890000000000001,0.7583333333333332,0.3626352621206872,0.8318600676935606,0.5071666666666667,0.35866553593378386,0.6294713740594541,0.373,0.2815395983774672,0.5268427950122178,0.6570416666666666,0.5020888089785024,0.5560483466902425,0,2
1.202,0.026999999999999913,0.9876666666666664,0.348115402321324,1.0169300338467804,0.6695000000000001,0.4218889664354844,0.7930509814710387,0.45941666666666664,0.3600849542016778,0.6307131342411073,0.6495416666666667,0.492032517409579,0.6077244789550231,0,3
1.41,0.20799999999999996,1.262333333333333,0.128593675324001,1.21346501692339,0.8621666666666666,0.45671190773469805,0.9693221296221705,0.5597500000000001,0.44157365801703535,0.7506034212809369,0.6553749999999999,0.5004658536325688,0.6719065206386213,0,4
0.935,-0.47499999999999987,1.182333333333333,0.2381099185950373,1.074232508461695,0.9703333333333334,0.35946219087223497,0.9595158068729789,0.6193333333333333,0.43979754295343565,0.7789721256992543,0.644875,0.4913883890702398,0.6929539989875316,0,5
0.621,-0.31400000000000006,0.9886666666666665,0.3972283138616091,0.8476162542308475,0.9881666666666667,0.33405114378889206,0.8627970049092706,0.6484166666666668,0.4260658204237153,0.7546687217455229,0.5984583333333334,0.4330944248049189,0.687197679068529,0,6
0.518,-0.10299999999999998,0.6913333333333331,0.21721494730644064,0.6828081271154238,0.9768333333333333,0.35114066507123187,0.7642835749351933,0.6665833333333333,0.414345806024023,0.7182581491692887,0.5689583333333333,0.4120946998769444,0.6736618647430468,0,7
0.686,0.16800000000000004,0.6083333333333331,0.08471324178273741,0.684404063557712,0.8953333333333333,0.3526923116069689,0.7419168392394238,0.70125,0.39510461790633306,0.7132953569893982,0.5513333333333333,0.39675341884137705,0.6746489155636031,0,8
1.161,0.475,0.7883333333333331,0.33349112931731617,0.922702031778856,0.8885,0.3458940589255627,0.8616548851710168,0.779,0.38518566951536554,0.7821729943756446,0.5446666666666666,0.3844106349099702,0.7135570023185148,0,9
0.968,-0.19300000000000006,0.9383333333333331,0.2388856072126104,0.945351015889428,0.8148333333333332,0.24495339692820656,0.8920392036935834,0.8385000000000001,0.3502805369207016,0.8107617644716992,0.5540833333333333,0.3921450393464901,0.7339124421330336,0,10
1.023,0.05499999999999994,1.0506666666666664,0.09943004240840207,0.984175507944714,0.8295,0.2559740221194346,0.9294565740668452,0.8999166666666666,0.30647273594691643,0.8434138007068224,0.5664166666666667,0.4023420475023808,0.757039446762391,0,11
0.704,-0.31899999999999995,0.8983333333333331,0.1705295673287713,0.844087753972357,0.8433333333333333,0.24443540387322668,0.8650404100477467,0.9157500000000001,0.2891404581608306,0.8219655236750035,0.5867916666666666,0.3961056050629945,0.7527962910213998,0,12
0.554,-0.1499999999999999,0.7603333333333331,0.23952104987524406,0.6990438769861785,0.8493333333333334,0.23511670860801753,0.7761717214626762,0.9130833333333332,0.29258517278449675,0.7807400584942338,0.601375,0.38775460779927207,0.7368925877396878,0,13
1.525,0.9709999999999999,0.9276666666666665,0.5227143898280758,1.1120219384930892,0.9891666666666666,0.3431987276588698,0.9901226581876259,0.94225,0.335383125558057,0.8952415879566593,0.657625,0.4198075969754034,0.7999411807205128,1,0
1.086,-0.43899999999999983,1.055,0.48624170944089445,1.0990109692465446,0.9766666666666666,0.3369983184923437,1.017516184419733,0.9325833333333334,0.32882337296193087,0.9245890359633272,0.6960000000000001,0.41488426882896007,0.8228258862628719,0,1
0.692,-0.39400000000000013,1.1009999999999998,0.4167025317897684,0.8955054846232723,0.9306666666666666,0.35668006205375036,0.9245115602998093,0.87275,0.2979271189096733,0.8888061073535846,0.71625,0.40157518652773383,0.8123598153618421,0,2
1.781,1.089,1.186333333333333,0.5513894570386122,1.3382527423116362,1.057,0.5009758477212252,1.1692225430712924,0.9432499999999999,0.39746540729980584,1.026066706222264,0.7812916666666666,0.4420770618604744,0.8898510301328948,1,0
1.14,-0.641,1.2043333333333328,0.5473429759605356,1.239126371155818,1.1296666666666666,0.470208747969098,1.1608732450509232,0.9864999999999999,0.3873200461915427,1.0435949052649927,0.8174583333333333,0.4340326554701776,0.9098629477222632,0,1
0.805,-0.33499999999999985,1.2419999999999998,0.49593043867058784,1.022063185577909,1.1715,0.41689267203921915,1.0591951750363737,1.0104166666666667,0.3639144400775686,1.006887996762686,0.8384999999999999,0.41986571352196095,0.9014739119044821,0,2
0.945,0.1399999999999999,0.963333333333333,0.16825080485197486,0.9835315927889545,1.0748333333333333,0.38451809666993164,1.0265679821688383,1.0319999999999998,0.35035229023474057,0.9973667664915036,0.866625,0.4023718605101948,0.9049559989521235,0,3
0.651,-0.29399999999999993,0.8003333333333331,0.14705554506151303,0.8172657963944773,1.0023333333333333,0.4212465627950774,0.9192628444063131,0.9894999999999999,0.36395042119897275,0.9440795716466569,0.8842500000000001,0.3819269506753546,0.8846395190359537,0,4
0.622,-0.029000000000000026,0.7393333333333331,0.1787018000282571,0.7196328981972386,0.9906666666666667,0.43238254667211895,0.8343306031473665,0.9606666666666666,0.37919492069223243,0.894528868316402,0.8995833333333333,0.3624125581693346,0.8636283575130775,0,5
0.603,-0.019000000000000017,0.6253333333333332,0.02417298767922859,0.6613164490986193,0.7943333333333333,0.21408004733432698,0.7682361451052618,0.9256666666666665,0.3920826288919064,0.8496782731908017,0.9127916666666667,0.3444072386209289,0.8427780889120313,0,6
0.756,0.15300000000000002,0.6603333333333331,0.08339264555906509,0.7086582245493096,0.7303333333333334,0.13157456694463357,0.7647401036466156,0.93,0.3896900866539514,0.8352662311614476,0.922875,0.3356554020316732,0.8358358417990688,0,7
0.785,0.029000000000000026,0.7146666666666665,0.09778718389103669,0.7468291122746549,0.727,0.12954227109326594,0.7705286454618683,0.94925,0.3748507884963885,0.8275329648289171,0.9311666666666666,0.32937089793392155,0.8317689744551433,0,8
1.925,1.1400000000000001,1.155333333333333,0.666708582015663,1.3359145561373276,0.8903333333333333,0.5121560959967844,1.1003776039013344,0.9825833333333334,0.44240159837236664,0.9963740471629299,0.9624166666666666,0.38447998949079404,0.9192274564987319,1,0
1.781,-0.14400000000000013,1.4969999999999999,0.6207994845358684,1.5584572780686639,1.0786666666666667,0.6057572671183292,1.2948411456438103,1.0405,0.4990384390368784,1.117085732214787,0.9865416666666667,0.416960114781787,0.9881692599788334,0,1
1.133,-0.6479999999999999,1.6129999999999998,0.4218814999499256,1.345728639034332,1.1638333333333335,0.5631335247227487,1.2486008183170072,1.07725,0.48713730097376096,1.1195340811048198,0.975,0.408476384288908,0.9997557191805269,0,2
1.351,0.21799999999999997,1.4216666666666666,0.32972918180430094,1.348364319517166,1.2885,0.4925126394317202,1.2778577273692908,1.0414166666666667,0.44462414328045585,1.155144222473309,0.9923333333333333,0.4154716195682529,1.0278552616460848,0,3
1.771,0.41999999999999993,1.418333333333333,0.32428588210610365,1.5596821597585828,1.4576666666666667,0.44505939678504247,1.4187555195494932,1.094,0.49211879570984657,1.2498912651697232,1.0402500000000001,0.4365632829270005,1.087306840714398,0,4
2.302,0.5310000000000001,1.8079999999999998,0.4765784300616193,1.9308410798792914,1.7105,0.4164755695115843,1.671111085392495,1.21875,0.5918370667982569,1.4117541474513042,1.1145833333333333,0.4921191899341553,1.1844822934572463,0,5
1.226,-1.076,1.766333333333333,0.5380151794636758,1.5784205399396458,1.594,0.4414874856663537,1.5439364895660679,1.2421666666666666,0.585546804795365,1.3831765863049497,1.1370833333333332,0.48394887590814123,1.1878037099806666,1,0
0.785,-0.44099999999999995,1.4376666666666666,0.7803360387251977,1.181710269969823,1.428,0.534552523144358,1.3270974925471912,1.2533333333333334,0.574420076461839,1.2911494191811113,1.1214166666666665,0.489198538576034,1.1555794131822132,0,1
0.503,-0.28200000000000003,0.8379999999999997,0.364402250267481,0.8423551349849114,1.323,0.6528678273586467,1.0916410661051366,1.2434166666666668,0.5871952530049233,1.169895662384017,1.1020416666666666,0.5045076359284812,1.1033730601276364,0,2
0.306,-0.197,0.5313333333333332,0.24075367771508527,0.5741775674924557,1.1488333333333334,0.7723577970517723,0.8671721900750975,1.2186666666666668,0.6218774116749344,1.0369886374018606,1.0721666666666667,0.5299777408505961,1.0395832153174256,0,3
0.192,-0.11399999999999999,0.3336666666666665,0.1573350988601729,0.3830887837462279,0.8856666666666667,0.7868394160606518,0.674265850053641,1.1716666666666666,0.6787369731993974,0.906990385493882,1.0508333333333333,0.5551490725504488,0.9717765580920317,0,4
0.206,0.013999999999999985,0.2346666666666665,0.062171804970911106,0.29454439187311393,0.5363333333333333,0.4048025032860695,0.5404756071811722,1.1234166666666667,0.7275479938350006,0.7991457108025155,1.0363333333333333,0.5729494754769182,0.9105144334446692,0,5
0.189,-0.016999999999999987,0.19566666666666652,0.009073771726313951,0.24177219593655697,0.3635,0.23878756249018107,0.4400540051294087,0.9787499999999999,0.7262634289166836,0.7052771399098209,0.9806666666666667,0.5881083652485849,0.8527932787690957,0,6
0.211,0.021999999999999992,0.20199999999999985,0.011532562595012471,0.22638609796827847,0.2678333333333333,0.1231087595042247,0.3746100036638633,0.8479166666666665,0.7098316648503664,0.6292345030006177,0.9442083333333332,0.6080772962283714,0.8014498164675681,0,7
0.238,0.026999999999999996,0.21266666666666653,0.024542480179092458,0.23219304898413923,0.22366666666666668,0.04395755528540179,0.3355785740456167,0.7733333333333333,0.7240319346715606,0.5690445794620611,0.9252916666666667,0.6231395599959009,0.7563738311501627,0,8
0.259,0.02100000000000002,0.23599999999999985,0.0240624188311912,0.24559652449206962,0.21583333333333332,0.027432948559518253,0.31369898146115477,0.6823333333333333,0.7133730801727467,0.5213454133909747,0.861875,0.6095670104405195,0.7165839246581497,0,9
0.188,-0.07100000000000001,0.2283333333333332,0.0364737348422265,0.21679826224603482,0.21516666666666664,0.02816676528586796,0.2777849867579677,0.5504166666666667,0.6359144394039381,0.4700615036385171,0.8222083333333333,0.6215389721011717,0.6742972106854977,1,0
0.317,0.129,0.25466666666666654,0.06460908088915117,0.26689913112301744,0.2336666666666667,0.0493950064952838,0.2889892762556912,0.385,0.3171386275604246,0.4465135800018222,0.801875,0.6300504681303758,0.645713433830658,1,0
0.379,0.062,0.2946666666666665,0.09743886972528275,0.3229495655615087,0.26533333333333337,0.07114679660159723,0.3147066258969223,0.3144166666666667,0.17563311881374494,0.43612687538615724,0.7782916666666666,0.6350334793753301,0.6243763591242054,0,1
0.282,-0.09700000000000003,0.32599999999999985,0.04912229636333272,0.30247478278075435,0.2771666666666667,0.06602247092217176,0.30536187564065875,0.2725,0.09430848800130094,0.4124150484036715,0.7629166666666666,0.6426704420629993,0.596986250394269,0,2
0.256,-0.025999999999999968,0.30566666666666653,0.06482540654203839,0.2792373913903772,0.2801666666666666,0.06427259654525408,0.29125848260047055,0.2519166666666667,0.060221497721987996,0.38835119480310665,0.7476666666666666,0.6504549355554216,0.5697073503627276,0,3
0.265,0.009000000000000008,0.2676666666666665,0.01320353488050827,0.2721186956951886,0.2811666666666667,0.06392313092041882,0.2837560590003361,0.24850000000000003,0.05799608137233129,0.369374087910321,0.7335833333333333,0.6573459757875298,0.5453307623337094,0,4
0.466,0.201,0.32899999999999985,0.11873078791959173,0.3690593478475943,0.3275,0.08128160923605177,0.3358257564288115,0.27133333333333337,0.08249334224743311,0.38423961284719466,0.7214999999999999,0.6595775986915066,0.5389843013470126,1,0
0.561,0.09500000000000003,0.4306666666666666,0.15113018670450898,0.4650296739237972,0.3681666666666667,0.12451733480390903,0.40016125459200824,0.30091666666666667,0.11441269663597554,0.41143351856301086,0.7121666666666666,0.6602245116603165,0.5407455572392516,0,1
0.472,-0.08900000000000008,0.49966666666666654,0.053200877185806725,0.46851483696189855,0.38366666666666666,0.1317158557906706,0.42068661042286304,0.3245,0.11834579533184897,0.42075143878408605,0.651625,0.6087894483245473,0.5352459126601115,0,2
1.001,0.5289999999999999,0.6779999999999999,0.28324371131589976,0.7347574184809492,0.5035,0.27252504472066724,0.5864904360163308,0.39033333333333337,0.22296038512106567,0.5100204482019189,0.619125,0.5651314054578678,0.5725062396473026,0,3
0.929,-0.07199999999999984,0.8006666666666665,0.28690126059907317,0.8318787092404747,0.6156666666666667,0.2883245856091153,0.6843503114402363,0.4479166666666667,0.265259892569648,0.5744788407862391,0.610625,0.558562270282026,0.6010257404755185,0,4
0.666,-0.263,0.8653333333333332,0.1763415246994787,0.7489393546202374,0.6825,0.23169872679840345,0.6791073653144545,0.48183333333333334,0.26492840656687083,0.5885590191268177,0.5820833333333334,0.5361364132599007,0.606223681237477,0,5
0.95,0.2839999999999999,0.8483333333333333,0.15825401522026852,0.8494696773101187,0.7631666666666667,0.2254164294515101,0.756505260938896,0.5453333333333333,0.2790426273507122,0.6441653238765381,0.547875,0.48025928798478734,0.6337257867384789,0,6
2.17,1.22,1.2619999999999998,0.799069458808182,1.5097348386550593,1.0313333333333332,0.5934460941540242,1.1603609006706401,0.69975,0.5357903465484853,0.8789091202032246,0.5423749999999999,0.4596092681265564,0.7566277237994006,1,0
0.704,-1.466,1.2746666666666666,0.7850766416938758,1.1068674193275296,1.0699999999999998,0.5560960348716758,1.0299720719076,0.7268333333333334,0.5262318592568966,0.8520000247873439,0.520625,0.43767973326742726,0.7524175058954486,1,0
0.63,-0.07399999999999995,1.168,0.8685459112793068,0.8684337096637649,1.0081666666666667,0.5851688360350942,0.9156943370768571,0.7558333333333334,0.5087889066353078,0.8178461748200602,0.5141666666666667,0.43474276918923177,0.7426241054238127,0,1
0.543,-0.08699999999999997,0.6256666666666665,0.08058742664546421,0.7057168548318824,0.9438333333333332,0.616018316827241,0.8092102407691837,0.77975,0.4895385814491778,0.7755621479246663,0.5158333333333334,0.4347747709438511,0.7266541769899078,0,2
0.997,0.45399999999999996,0.7233333333333332,0.24096126936364173,0.8513584274159411,0.999,0.6007941411165727,0.8628644576922742,0.84075,0.46453361264038556,0.80962950978241,0.544625,0.443075497786927,0.7482818428307152,0,3
1.54,0.543,1.0266666666666666,0.4991616304698667,1.1956792137079706,1.0973333333333333,0.638283844904966,1.0563317554944816,0.93025,0.48860620414324785,0.9219942005851162,0.6007916666666667,0.48030696517654614,0.811619295404258,0,4
1.425,-0.11499999999999999,1.3206666666666667,0.28614040842449023,1.3103396068539852,0.9731666666666667,0.4245653856200092,1.1616655396389155,1.00225,0.4928876185759336,0.999379708187406,0.6515833333333333,0.500761326179552,0.8606897517719174,0,5
1.232,-0.19300000000000006,1.3989999999999998,0.15563739910445787,1.2711698034269925,1.0611666666666668,0.4121550274674165,1.1817610997420824,1.0655833333333333,0.46669114924956445,1.0351674453893436,0.6950416666666667,0.5041176949506146,0.890394571630164,0,6
0.673,-0.5589999999999999,1.1099999999999999,0.3905624149863912,0.9720849017134963,1.0683333333333334,0.4034400409808958,1.0364007855300588,1.03825,0.4802264853928069,0.9794493768679061,0.7142916666666667,0.49354057840894294,0.8730030058997509,0,7
0.716,0.04299999999999993,0.8736666666666665,0.3110696599370258,0.8440424508567481,1.0971666666666666,0.3624899538837825,0.944857703950042,1.0205,0.4884968595786285,0.9389187035036128,0.7342083333333332,0.48301687603668036,0.8604427654277709,0,8
1.077,0.361,0.8219999999999997,0.22188059852092484,0.960521225428374,1.1105,0.35952788487125736,0.9826126456786013,1.05475,0.4756207666159712,0.9601619798876724,0.7682916666666667,0.4768476631384299,0.8777673441935493,0,9
0.738,-0.33899999999999997,0.8436666666666666,0.20237177009982657,0.8492606127141871,0.9768333333333333,0.3141295380359305,0.912723318341858,1.0370833333333334,0.4837334837835126,0.9259832137511075,0.7912083333333334,0.460689462433322,0.8665859566580654,0,10
0.529,-0.20899999999999996,0.7813333333333331,0.2765580107921979,0.6891303063570935,0.8275,0.2680617466182015,0.8030880845298987,0.9003333333333333,0.34696353838652483,0.864908873174014,0.8000416666666667,0.4531727263721173,0.8395790801254202,0,11
0.345,-0.18400000000000005,0.5373333333333332,0.19663248290488275,0.5170651531785467,0.6796666666666668,0.2438619828236208,0.6722057746642133,0.8704166666666667,0.379392926165266,0.7849228926857041,0.798625,0.4545970803192474,0.8000127537153865,0,12
0.306,-0.03899999999999998,0.39333333333333315,0.11909799886370852,0.41153257658927334,0.6184999999999999,0.28791578629870473,0.5675755533315809,0.8434166666666667,0.408472422198819,0.7112424476571343,0.7996250000000001,0.45343613830587076,0.7604917334181556,0,13
0.297,-0.009000000000000008,0.31599999999999984,0.02551470164448452,0.3542662882946367,0.5486666666666667,0.30953944282864543,0.4902682523797007,0.8229166666666666,0.4304991729130132,0.6475128403252675,0.8013333333333333,0.451371500965734,0.7234123947447032,0,14
0.337,0.040000000000000036,0.3133333333333332,0.02098412098088486,0.3456331441473184,0.4253333333333333,0.17519893454775512,0.44647732312835764,0.7679166666666667,0.4480396610555682,0.5997416341213802,0.8043333333333335,0.4478775712631537,0.6924994031651269,0,15
0.327,-0.010000000000000009,0.3203333333333332,0.020816659994830313,0.33631657207365917,0.35683333333333334,0.0862888559819213,0.412340945091684,0.6668333333333334,0.39124691885707175,0.5577813827180909,0.7985416666666666,0.4533087036414623,0.6632594509119167,0,16
0.293,-0.03400000000000003,0.3189999999999999,0.02306512518949428,0.31465828603682955,0.3175,0.021815132362701477,0.3782435322083457,0.5725,0.3222033519378726,0.5170457853768461,0.7873749999999999,0.4626199315712177,0.6336386948389634,0,17
0.401,0.10800000000000004,0.3403333333333332,0.05522076903973946,0.3578291430184148,0.32683333333333336,0.04018167077995675,0.3847453801488184,0.50325,0.24842965896717334,0.4991925876265621,0.7844166666666667,0.46494552431409836,0.6150275992518464,1,0
0.624,0.22299999999999998,0.4393333333333332,0.16879672192711456,0.49091457150920736,0.3798333333333333,0.1257718834504306,0.45310384296344175,0.4991666666666666,0.2457744099902616,0.5183937279917064,0.7687083333333334,0.463676843911481,0.6157453913116986,0,1
0.941,0.31699999999999995,0.6553333333333332,0.2713601542845565,0.7159572857546037,0.4871666666666667,0.2521970790208888,0.5925027449738869,0.5179166666666667,0.2710982573745463,0.5834100775314438,0.7692083333333333,0.4638636399301816,0.6417657600067628,0,2
1.151,0.21000000000000008,0.9053333333333331,0.26530422788439845,0.9334786428773019,0.6228333333333333,0.35375382212305223,0.7520733892670621,0.5240833333333333,0.2854344243535828,0.6707316040650678,0.7894166666666668,0.46969971134819893,0.6825044992062218,0,3
0.762,-0.389,0.951333333333333,0.19470576091460812,0.8477393214386509,0.6953333333333335,0.324352072086287,0.7549095637621872,0.5260833333333333,0.2871485071378846,0.6847728957473651,0.7815833333333333,0.46847123401704294,0.6888641392697241,0,4
0.798,0.03600000000000003,0.9036666666666665,0.21495193261130918,0.8228696607193255,0.7795,0.25775395244302474,0.7672211169729909,0.5485,0.2977028720049583,0.7021924502477704,0.7244166666666666,0.36366718141809506,0.6975950081281462,0,5
0.544,-0.254,0.701333333333333,0.13743847108192803,0.6834348303596628,0.8033333333333333,0.21953374835470663,0.7034436549807078,0.5650833333333334,0.29079904286866887,0.6778551502096519,0.71775,0.36551955279883847,0.6853074074778945,0,6
0.434,-0.11000000000000004,0.5919999999999997,0.18668690366494722,0.5587174151798314,0.7716666666666666,0.26046317717993794,0.6264597535576485,0.57575,0.28266559909032346,0.6403389732543209,0.7095833333333333,0.3697306794983625,0.6652028148796629,0,7
0.226,-0.208,0.4013333333333331,0.16149716199778782,0.3923587075899157,0.6525,0.32344381274032963,0.5120426811126061,0.5698333333333333,0.2896866122783963,0.5765945158305792,0.6963750000000001,0.38141804208255414,0.6300665896892899,0,8
0.204,-0.02200000000000002,0.28799999999999976,0.12691729590566866,0.29817935379495786,0.49466666666666664,0.25544523222536086,0.4240304865090043,0.55875,0.30169976798135023,0.5192722826258747,0.6633333333333333,0.38852504442433283,0.5959812625141467,0,9
0.198,-0.005999999999999978,0.20933333333333312,0.01474222959191916,0.24808967689747893,0.40066666666666667,0.2407444011117783,0.3594503475064316,0.5479999999999999,0.31280199952860194,0.46984577760650936,0.6074166666666666,0.3516940266848438,0.564142761513015,0,10
0.179,-0.019000000000000017,0.19366666666666643,0.013051181300593044,0.21354483844873945,0.29750000000000004,0.15309572169072005,0.3078931053617369,0.5385,0.32282122832079374,0.4251002733593541,0.5555,0.3159010577077454,0.5333313405919738,0,11
0.195,0.016000000000000014,0.19066666666666646,0.0102143689644034,0.20427241922436973,0.23933333333333331,0.09657673978070098,0.2756379324012407,0.5213333333333333,0.3360057719561963,0.38970023130406883,0.5122916666666667,0.2891329586083643,0.5062648333446159,0,12
0.241,0.045999999999999985,0.20499999999999977,0.032186953878979435,0.22263620961218486,0.2071666666666667,0.02251592029363492,0.2657413802866005,0.48941666666666667,0.34347434953410916,0.3668232726419044,0.49429166666666663,0.29212467248653495,0.4850436466770467,1,0
0.214,-0.026999999999999996,0.21666666666666645,0.02311565126360955,0.21831810480609243,0.2051666666666667,0.02098968000397639,0.2509581287761432,0.42883333333333334,0.3198868644702478,0.3433119999277653,0.47337499999999993,0.29352843170192966,0.463360154942883,0,1
0.187,-0.026999999999999996,0.21399999999999977,0.027000000000138816,0.2026590524030462,0.20233333333333337,0.022286019533988885,0.23268437769724515,0.34850000000000003,0.2306356828025941,0.31926399993887833,0.4362916666666667,0.2691612542642509,0.44125134254745235,0,2
0.236,0.04899999999999999,0.21233333333333312,0.024542480179086203,0.2193295262015231,0.20866666666666667,0.025912673861825154,0.2336316983551751,0.3046666666666667,0.1915816148577827,0.3064541537944355,0.415375,0.2641547327346045,0.42483123514365617,0,3
0.202,-0.033999999999999975,0.20833333333333312,0.025106440077017338,0.21066476310076154,0.2125,0.022061278294845908,0.22459407025369652,0.255,0.11333778957371272,0.29038428397990695,0.40175,0.266462371925526,0.4070047363321637,0,4
0.212,0.009999999999999981,0.21666666666666642,0.017473789896322253,0.21133238155038075,0.21533333333333335,0.020392809190234146,0.2209957644669261,0.2273333333333333,0.06771777440006141,0.2783251633676136,0.39620833333333333,0.2690642365789266,0.3914043574255906,0,5
0.213,0.0010000000000000009,0.20899999999999977,0.006082762530916812,0.2121661907751904,0.21066666666666667,0.016095548038799763,0.21871126033351865,0.20891666666666664,0.018749343422864884,0.26827513823413457,0.39233333333333337,0.27108199732805166,0.37713200883154335,0,6
0.23,0.017000000000000015,0.21833333333333313,0.010115993937364941,0.22108309538759519,0.21333333333333335,0.017974055376272315,0.22193661452394187,0.20924999999999996,0.01911270400927358,0.2623866554288831,0.3895416666666667,0.2724479972983607,0.3653614481250199,0,7
0.24,0.009999999999999981,0.22766666666666646,0.01365039681990048,0.2305415476937976,0.22216666666666665,0.015263245613868605,0.2270975818028156,0.21225000000000002,0.0209506997062739,0.2589425545936703,0.3855,0.2739765143854234,0.3553325322750183,0,8
0.545,0.30500000000000005,0.3383333333333331,0.1790484105859086,0.38777077384689884,0.27366666666666667,0.1336273425114379,0.31792684414486827,0.24116666666666667,0.09784666420972327,0.3029513923484903,0.39458333333333334,0.27556186343489847,0.3705059296930169,1,0
0.696,0.1509999999999999,0.4936666666666665,0.23229363601558087,0.5418853869234495,0.35600000000000004,0.21063617922855093,0.42594774581776307,0.28424999999999995,0.16125875592859135,0.363420408910261,0.411375,0.28132107797505485,0.39654545531757557,0,1
0.486,-0.20999999999999996,0.5756666666666664,0.10830666338383198,0.5139426934617247,0.40166666666666667,0.2027260877802084,0.4431055327269736,0.3085,0.16834191397272585,0.3822788075394516,0.4149166666666666,0.28171955167702656,0.4037018188921695,0,2
0.464,-0.021999999999999964,0.5486666666666664,0.128067690434937,0.4889713467308624,0.4435,0.1807094352821733,0.4490753805192669,0.32708333333333334,0.17247105598191187,0.39485129868722824,0.40825,0.27843057834319335,0.40852567338079593,0,3
0.426,-0.038000000000000034,0.4586666666666664,0.03035347316765241,0.4574856733654312,0.4761666666666666,0.14939935296603044,0.4424824146566192,0.34474999999999995,0.17068318604947771,0.3996434065815008,0.38679166666666664,0.2543947598528382,0.4099236195103323,0,4
0.601,0.175,0.4969999999999997,0.09204890004777803,0.5292428366827155,0.5363333333333333,0.09968884925942502,0.48777315332615656,0.37925000000000003,0.1775992040317971,0.43062134403050073,0.363875,0.2019201978613121,0.42520972994950573,0,5
1.774,1.173,0.9336666666666664,0.7329913596580362,1.1516214183413578,0.7411666666666666,0.5156923178278572,0.8552665380901118,0.5074166666666667,0.43428550691354195,0.6372949834104237,0.40604166666666663,0.34420841502063526,0.5331129515535453,1,0
2.26,0.48599999999999977,1.5449999999999997,0.8528780686592893,1.7058107091706787,1.0018333333333331,0.8033461063991453,1.2566189557786511,0.6789166666666667,0.6536585789835458,0.8869419090395894,0.4669583333333333,0.5073159104256613,0.6712639154292617,0,1
0.542,-1.7179999999999997,1.525333333333333,0.8855830471126538,1.1239053545853395,1.0111666666666668,0.7964502286186291,1.0524421112704652,0.7064166666666667,0.6390066806214066,0.8338739230334987,0.466875,0.5073028691885741,0.6609228021949207,1,0
0.473,-0.06900000000000006,1.0916666666666663,1.0123943566285498,0.7984526772926697,1.0126666666666666,0.7952211432467491,0.8868872223360466,0.7280833333333333,0.6250101756747407,0.778354857951422,0.46849999999999997,0.5072554454675916,0.6458889780193271,0,1
0.521,0.04800000000000004,0.5119999999999997,0.035369478367743096,0.6597263386463348,1.0285,0.7820405999690808,0.782348015954319,0.7523333333333334,0.6093778247797781,0.7387618028819725,0.48079166666666673,0.5046914665905086,0.635897859777781,0,2
0.535,0.014000000000000012,0.5096666666666664,0.03251666239544881,0.5973631693231674,1.0174999999999998,0.7896831643133845,0.7116771542530851,0.7769166666666667,0.592548495649909,0.7074138332078228,0.4945833333333333,0.5013100157428145,0.6278260309955586,0,3
0.554,0.019000000000000017,0.5366666666666665,0.016563010998589964,0.5756815846615837,0.8141666666666666,0.7088682294098578,0.6666265387522036,0.7776666666666667,0.592233880909367,0.683811705022004,0.5094166666666666,0.4974044733865292,0.6219199485159139,0,4
1.13,0.5759999999999998,0.7396666666666665,0.33817204694258507,0.8528407923307918,0.6258333333333334,0.24858432506227654,0.7990189562515739,0.8138333333333333,0.5999942171438498,0.7524560580955418,0.5490416666666667,0.5077111023070107,0.6625663526346409,1,0
1.882,0.752,1.1886666666666663,0.6659409383221119,1.367420396165396,0.8491666666666666,0.5622509819170323,1.1084421116082672,0.9301666666666666,0.6627098409812049,0.9262320491577661,0.6193333333333333,0.5695754839211923,0.7601210444238697,0,1
2.082,0.19999999999999996,1.6979999999999997,0.5019641421456298,1.7247101980826978,1.1173333333333333,0.7109890763342755,1.3866015082916192,1.0649999999999997,0.721253706465977,1.1040425031334944,0.6960416666666666,0.6364511306193655,0.8658713608699602,0,2
1.856,-0.22599999999999976,1.9399999999999997,0.1236608264568712,1.7903550990413488,1.3398333333333332,0.6957736461426703,1.5207153630654422,1.1841666666666668,0.7242066296467071,1.2197282718821876,0.7644583333333334,0.6697634221623845,0.9450816520003633,0,3
1.475,-0.381,1.8043333333333331,0.30678059477960895,1.6326775495206745,1.4965,0.5733675086713571,1.5076538307610303,1.257,0.7038899707405208,1.2590008454387742,0.8181249999999999,0.6730753115365334,0.9874751198403343,0,4
0.639,-0.8360000000000001,1.3233333333333333,0.6225145245962811,1.1358387747603373,1.5106666666666666,0.5458108341418897,1.2594670219721646,1.1624166666666664,0.7043601168737655,1.1636160999866552,0.8349166666666666,0.6628708259412686,0.9595971102531076,0,5
0.749,0.10999999999999999,0.9543333333333334,0.45425249953449465,0.9424193873801687,1.4471666666666667,0.616535941098867,1.113619301408689,1.0365,0.6203605256769505,1.0998290076810158,0.8577083333333334,0.6494304848943776,0.9427493414328589,0,6
1.16,0.4109999999999999,0.849333333333333,0.2746094196005239,1.0512096936900843,1.3268333333333333,0.5843093073592666,1.1268709295776351,1.0879999999999999,0.6009245906404265,1.109086083422398,0.8972083333333334,0.6371633453229947,0.9601293941182303,0,7
1.078,-0.08199999999999985,0.9956666666666664,0.21751858158174836,1.0646048468450422,1.1595,0.4540320473270579,1.112907806841168,1.1384166666666666,0.5691769908997529,1.1043036090497214,0.93325,0.6210384886203328,0.9695590425887719,0,8
0.61,-0.4680000000000001,0.9493333333333331,0.2967175986242407,0.837302423422521,0.9518333333333334,0.3431649263352345,0.9692198620294057,1.1458333333333333,0.5609203205987519,1.028256899965149,0.9490833333333333,0.6070153580656237,0.9407943191816701,0,9
0.66,0.050000000000000044,0.7826666666666666,0.25698508387324165,0.7486512117112605,0.816,0.24065327755923158,0.880871330021004,1.1562499999999998,0.549591769986018,0.971601992278203,0.9665833333333333,0.5915409439808864,0.9183307736471364,0,10
0.709,0.04899999999999993,0.6596666666666665,0.04950084174372969,0.7288256058556302,0.8276666666666666,0.23189365378696156,0.8317652357292885,1.1691666666666667,0.5357991199784649,0.9312016857738641,0.9734166666666666,0.587391871023875,0.9015843117553656,0,11
0.826,0.11699999999999999,0.7316666666666665,0.08528970238743551,0.7774128029278151,0.8404999999999999,0.22877915114800232,0.8301180255209204,1.1438333333333333,0.5449283244499952,0.9150168110394234,0.9788333333333333,0.5853181718679522,0.8955375668149363,0,12
0.845,0.019000000000000017,0.7933333333333331,0.07365007354603902,0.8112064014639075,0.7879999999999999,0.1691756483658349,0.8343700182292288,1.0574166666666667,0.4973761076129843,0.9042449939564352,0.9937916666666666,0.5766996037548625,0.8914945614697415,0,13
0.817,-0.028000000000000025,0.8293333333333331,0.014294521095046765,0.8141032007319537,0.7444999999999999,0.09847791630614805,0.8294071558780206,0.952,0.38089487931830973,0.8908226871939067,1.0085,0.5670204351811708,0.8855349965521622,0,14
0.825,0.008000000000000007,0.8289999999999997,0.014422205101974032,0.8195516003659769,0.7803333333333332,0.07638760807007434,0.8281479684843004,0.8660833333333332,0.25338130028345435,0.8806961199333057,1.025125,0.5549192117071998,0.8806921968279893,0,15
0.914,0.08900000000000008,0.8519999999999999,0.053842362503917544,0.8667758001829884,0.8226666666666667,0.06604442949005769,0.8526771203459288,0.8193333333333332,0.1682834909708439,0.8858197937897201,1.0381666666666667,0.548154902469594,0.8833568210817502,0,16
1.589,0.6749999999999999,1.109333333333333,0.4177802452645828,1.2278879000914942,0.9693333333333333,0.30564336516055257,1.0630550859613777,0.8985,0.2690337930784579,0.994001363975917,1.0304583333333335,0.5385745258806223,0.9398082753952102,1,0
1.251,-0.3380000000000001,1.2513333333333332,0.33750012345676855,1.239443950045747,1.0401666666666667,0.314889451501105,1.1167536328295555,0.9403333333333332,0.28237252420206016,1.0335396156719296,0.9884166666666666,0.47392366993803686,0.9647036133635933,0,1
0.959,-0.2919999999999999,1.266333333333333,0.31527976993986456,1.0992219750228736,1.0591666666666666,0.3040094845011693,1.0716811663068253,0.9235833333333332,0.2739948434595529,1.022071982491633,1.0057916666666666,0.4643937590082344,0.9642473242945059,0,2
0.745,-0.21399999999999997,0.9849999999999999,0.2540000000000046,0.9221109875114368,1.0471666666666668,0.31663885842812584,0.9783436902191609,0.8958333333333334,0.2737968169458835,0.9794455236467663,1.017125,0.4540292379495448,0.9467075383509455,0,3
0.448,-0.297,0.7173333333333333,0.25662099160695606,0.6850554937557184,0.9843333333333333,0.3968010416652996,0.826816921585115,0.8823333333333334,0.2925248500192566,0.8976846738549561,1.0140833333333334,0.45772688996507777,0.9068109352828698,0,4
0.274,-0.174,0.4889999999999999,0.2381617097688156,0.4795277468778592,0.8776666666666665,0.4936831642528101,0.6688692297036536,0.8501666666666666,0.3370324595463759,0.8017331855695783,1.0032083333333335,0.47246734224997455,0.8561860604602404,0,5
0.287,0.012999999999999956,0.3363333333333333,0.09692436914078868,0.3832638734389296,0.6606666666666666,0.3947083311341015,0.5597637355026097,0.815,0.373178972417453,0.72254346471272,0.9920833333333333,0.4864413738005111,0.8106511756234211,0,6
0.299,0.01200000000000001,0.2866666666666666,0.012503332889281422,0.3411319367194648,0.502,0.28643742772200903,0.48525981107329264,0.7710833333333333,0.4016872275637844,0.6573829316799938,0.9574583333333333,0.5054034100439561,0.7697190815735475,0,7
0.177,-0.122,0.25433333333333324,0.06724086059339507,0.2590659683597324,0.37166666666666665,0.20252769357958933,0.39718557933806614,0.7154166666666666,0.4353854005013233,0.5834778652676872,0.8864166666666667,0.48937235016033626,0.7223015550476637,0,8
0.226,0.049000000000000016,0.2339999999999999,0.061392181912741824,0.24253298417986618,0.2851666666666667,0.09168951230466962,0.3482754138129044,0.6661666666666666,0.4557977688192504,0.5284812706111199,0.8090833333333333,0.435957807757734,0.6825974306438506,0,9
0.214,-0.01200000000000001,0.20566666666666658,0.02554081700613152,0.2282664920899331,0.24616666666666667,0.04787239984237496,0.3099110098663603,0.61525,0.47033684737643167,0.4800995366709477,0.7406666666666667,0.3910471634700514,0.6451096361923426,0,10
0.195,-0.01899999999999999,0.2116666666666666,0.01563116545049212,0.21163324604496656,0.233,0.049521712409826606,0.2770792927616859,0.5553333333333333,0.4745967347191312,0.4362380694908019,0.6873333333333335,0.37343012461639574,0.6091008652969552,0,11
0.232,0.037000000000000005,0.2136666666666666,0.018502252115368174,0.22181662302248328,0.22383333333333336,0.04205432993959428,0.26419949482977567,0.44225,0.3516566313374983,0.40481682803067853,0.6703749999999999,0.38478913621336625,0.5789327960731988,0,12
0.229,-0.0030000000000000027,0.2186666666666666,0.020550750189241615,0.22540831151124163,0.21216666666666664,0.02192183082382204,0.25414249630698266,0.35708333333333325,0.24580940818348682,0.377768085256728,0.6487083333333333,0.3946823135424121,0.5509381723873429,0,13
0.188,-0.04100000000000001,0.21633333333333327,0.024583192090138123,0.20670415575562082,0.21400000000000005,0.018601075237781407,0.23524464021927333,0.29283333333333333,0.15994137183431725,0.3485729952172314,0.6082083333333334,0.38977540680964706,0.5219031185963555,1,0
0.223,0.035,0.21333333333333326,0.022143471573821672,0.2148520778778104,0.2135,0.018251027368386838,0.23174617158519523,0.24933333333333338,0.07330426421099985,0.32925407287611885,0.5725833333333333,0.38400033023838825,0.4979908691086471,0,1
0.243,0.01999999999999999,0.21799999999999994,0.02783882181428096,0.2289260389389052,0.21833333333333335,0.021887591614160394,0.23496155113228231,0.23224999999999998,0.0383503585381014,0.3159842155105621,0.5572916666666666,0.38971042529000044,0.47759159957995534,0,2
0.249,0.006000000000000005,0.23833333333333326,0.013613718571370953,0.2389630194694526,0.22733333333333336,0.021472462985606712,0.23897253652305878,0.23016666666666666,0.036511102504053934,0.3056789515858602,0.5401666666666667,0.3940074670078905,0.4593042716135589,0,3
0.556,0.30700000000000005,0.3493333333333333,0.1790037243560586,0.3974815097347263,0.2813333333333333,0.1362419416577295,0.32955181180218485,0.2525833333333333,0.10071152171455623,0.3441898821111125,0.5337916666666666,0.3923914393391752,0.46703992988447424,1,0
1.696,1.14,0.8336666666666667,0.7624148039835904,1.046740754867363,0.5258333333333334,0.5886715269712539,0.7199655798587035,0.369,0.42961229879128016,0.5521606694786336,0.5700416666666667,0.45564760212124833,0.5653567354937163,0,1
2.098,0.4019999999999999,1.45,0.7998924927763725,1.5723703774336815,0.8441666666666666,0.8345335024231605,1.1136896998990737,0.5290833333333333,0.6519405241045365,0.7899821049434592,0.62225,0.5504455310098342,0.687968196654219,0,2
1.334,-0.7639999999999998,1.7093333333333334,0.38217448022249056,1.4531851887168408,1.0293333333333334,0.7912773639291515,1.1766354999279098,0.6214166666666667,0.6828427821625678,0.8736771657213885,0.6437916666666667,0.5682276013043194,0.7396507409218815,0,3
0.544,-0.79,1.3253333333333333,0.7770362496906649,0.9985925943584204,1.0795000000000001,0.7392871566583583,0.9958824999485071,0.6489166666666667,0.6714940544424172,0.8229576017642519,0.6320833333333333,0.5672255832725135,0.7239986816481311,0,4
0.58,0.03599999999999992,0.8193333333333334,0.4460777211802184,0.7892962971792101,1.1346666666666667,0.6744238034549689,0.877058928534648,0.6809999999999999,0.656873033255425,0.7855795091851362,0.6181666666666666,0.5640967899268704,0.7124787871162807,0,5
0.348,-0.23199999999999998,0.49066666666666664,0.12485725182518911,0.5686481485896051,1.0999999999999999,0.7142850971425905,0.7258992346676056,0.6906666666666667,0.6504872765624995,0.7182595846951152,0.5664583333333333,0.526886752881795,0.6833204841469782,0,6
0.288,-0.06,0.4053333333333333,0.15421197532402992,0.42832407429480257,0.8653333333333334,0.7105959939843928,0.6007851676197183,0.6955833333333333,0.6468936203585617,0.6520658024343282,0.5263333333333333,0.5088488001845719,0.6516948454152199,0,7
0.404,0.11600000000000005,0.3466666666666667,0.05801149311420613,0.4161620371474013,0.5830000000000001,0.3846614095539101,0.5445608340140846,0.7135833333333333,0.6343699033233094,0.6139018328290469,0.5032083333333334,0.5008798327783432,0.6318792577820024,0,8
0.521,0.11699999999999999,0.4043333333333334,0.11650035765326745,0.46858101857370066,0.44750000000000006,0.1179012298494006,0.5378291671529176,0.7384166666666667,0.6190676946877953,0.5996092431630397,0.493875,0.49825855977725814,0.6230089171594423,0,9
0.563,0.041999999999999926,0.496,0.0823953882204904,0.5157905092868503,0.45066666666666677,0.1212199103557986,0.5450208336806555,0.7650833333333332,0.6024565557076728,0.5939770519071874,0.49866666666666665,0.4983511654024441,0.618208203786687,0,10
0.661,0.09800000000000009,0.5816666666666667,0.0718424201522899,0.5883952546434252,0.46416666666666667,0.14134414266840997,0.5781577383433253,0.7994166666666667,0.5817558779377757,0.6042882746906971,0.5147916666666666,0.4970248860156237,0.621631547483752,0,11
0.323,-0.338,0.5156666666666666,0.17390035460958253,0.4556976273217126,0.46000000000000013,0.14575321608802042,0.5052555273880895,0.7799999999999999,0.5943702549758026,0.561013155507513,0.5162916666666667,0.4963614110326487,0.5977410236850519,1,0
0.361,0.03799999999999998,0.4483333333333333,0.18515218965310395,0.4083488136608563,0.4721666666666668,0.13080430675886712,0.46403966242006395,0.6687500000000001,0.5286365180176441,0.5302419008140494,0.518875,0.4953416311211306,0.5788017417902478,0,1
0.844,0.483,0.5093333333333333,0.29045194668540025,0.6261744068304281,0.5455000000000001,0.1933367528433252,0.5725997588714743,0.56425,0.2909133344860957,0.578512377611888,0.5466666666666667,0.4940360545429947,0.6000176024470281,1,0
0.43,-0.414,0.5449999999999999,0.2612297839068222,0.5280872034152141,0.5303333333333334,0.19912575590984635,0.5318569706224816,0.48891666666666667,0.16190426932061808,0.5556643195177514,0.5551666666666667,0.49001762760366263,0.5864161942512658,1,0
0.361,-0.069,0.5449999999999999,0.2612297839068222,0.44454360170760704,0.4966666666666668,0.20931379951323745,0.4830406933017726,0.4736666666666667,0.16483619049520193,0.5257159626688666,0.5612916666666666,0.48647368928064527,0.5683828987111645,0,1
0.369,0.008000000000000007,0.38666666666666655,0.03774034092770498,0.4067718008538035,0.4480000000000001,0.19705024739898497,0.4504576380726947,0.45608333333333334,0.1637123077137773,0.501605814565964,0.5685416666666667,0.4820539370116261,0.5524322668142714,0,2
0.352,-0.017000000000000015,0.36066666666666664,0.008504900548482115,0.37938590042690173,0.45283333333333337,0.19369813284249243,0.4223268843376391,0.4564166666666667,0.16347613578041834,0.4785895354019695,0.5735416666666666,0.4790242781508824,0.5363976854691297,0,3
0.295,-0.056999999999999995,0.3386666666666666,0.03875994496048353,0.33719295021345086,0.44183333333333347,0.20166647382911185,0.3859477745268851,0.457,0.1628317592430378,0.4503449914939742,0.5762916666666666,0.4771460882085869,0.5170858706315993,0,4
0.315,0.020000000000000018,0.3206666666666666,0.028919428302437565,0.32609647510672546,0.35366666666666674,0.0470219806757224,0.3656769818049179,0.4495833333333333,0.1674273021796395,0.42952268511028585,0.5815833333333333,0.4733416742478028,0.5009190009810713,0,5
0.312,-0.0030000000000000027,0.30733333333333324,0.010785793125213914,0.31904823755336276,0.3340000000000001,0.030476220238103292,0.35034070128922706,0.43216666666666664,0.17017094791753473,0.4114422720163957,0.5852916666666667,0.4707518019699701,0.48580548090258563,0,6
0.331,0.019000000000000017,0.31933333333333325,0.010214368964347957,0.32502411877668136,0.32900000000000007,0.027473623714417167,0.3448147866351622,0.4128333333333334,0.16710684297687445,0.3990665378600271,0.5889583333333334,0.4683061502503696,0.4734210424303788,0,7
0.328,-0.0030000000000000027,0.3236666666666666,0.010214368964346594,0.3265120593883407,0.32216666666666677,0.019467066205981407,0.3400105618822587,0.3850833333333333,0.1487954412384134,0.3881332243430998,0.59225,0.4660851060557067,0.46178735903594853,0,8
0.559,0.23100000000000004,0.40599999999999997,0.13251037695216908,0.4427560296941704,0.35666666666666674,0.0999533224393667,0.40257897277304194,0.40475,0.15529802726605407,0.41442042059800754,0.592375,0.46607536361110125,0.46956437031307263,1,0
0.72,0.16099999999999992,0.5356666666666666,0.1970389132464408,0.5813780148470852,0.42750000000000005,0.17207992329147875,0.4932706948378871,0.4346666666666666,0.17889068949467324,0.46143266358292945,0.5517083333333334,0.40404546442058176,0.4895992206880268,0,1
1.009,0.2889999999999999,0.7626666666666665,0.2280138884658935,0.7951890074235426,0.5431666666666667,0.28045350179070266,0.6406219248842051,0.4484166666666667,0.21575594728275643,0.5456737922624788,0.5063333333333334,0.2573694125041996,0.5311512830329846,0,2
2.165,1.1560000000000001,1.2979999999999998,0.7646221288976669,1.4800945037117712,0.852,0.6925183030072205,1.0761585177744322,0.593,0.539993602655709,0.7948009011451744,0.5409583333333333,0.39347211151012335,0.6618591803903459,0,3
1.2,-0.9650000000000001,1.458,0.6196829834681594,1.3400472518558857,0.9968333333333335,0.6514155099985469,1.1115417984103086,0.6629166666666667,0.5611262146682149,0.8571392240459168,0.5682916666666666,0.41584188876215716,0.7049104459591182,0,4
0.836,-0.364,1.4003333333333332,0.6867753150291097,1.0880236259279428,1.0815,0.5757133835512251,1.0328155702930777,0.7018333333333334,0.5550500113967353,0.8538870357311603,0.5789583333333334,0.4194231524333204,0.7153976102823887,0,5
1.051,0.21499999999999997,1.0289999999999997,0.1829945354375421,1.0695118129639714,1.1635,0.5186153680715603,1.0380111216379126,0.7600833333333332,0.5516671358599129,0.8842121071571356,0.6082500000000001,0.42707053179824706,0.7422458014597977,0,6
1.228,0.17700000000000005,1.038333333333333,0.19630673277637506,1.1487559064819857,1.2481666666666666,0.4710131279132955,1.0922936583127947,0.8378333333333333,0.5458775809037536,0.937102552209884,0.6474166666666666,0.43935059949357635,0.7811061373430139,0,7
0.952,-0.276,1.0769999999999997,0.13982489048807273,1.050377953240993,1.2386666666666668,0.477334124766569,1.0522097559377104,0.8909166666666667,0.5208097643152069,0.9393944672545174,0.6702500000000001,0.4403887857435725,0.7947776463555728,0,8
1.299,0.347,1.1596666666666664,0.18331484755287636,1.1746889766204964,1.0943333333333334,0.17876987069041206,1.1227212542412217,0.9731666666666667,0.4985321788343598,0.9947183953692069,0.7026666666666667,0.4572366589839916,0.835115434647127,0,9
0.701,-0.598,0.9839999999999999,0.3002815345638192,0.9378444883102481,1.0111666666666668,0.22884004602924463,1.0022294673151584,1.004,0.46555597261378184,0.9495309499277904,0.7084166666666668,0.45627060207605197,0.8243861998753569,1,0
