value,value_diff,value_rolling_mean_3,value_volatility_3,value_ewm_3,value_rolling_mean_6,value_volatility_6,value_ewm_6,value_rolling_mean_12,value_volatility_12,value_ewm_12,value_rolling_mean_24,value_volatility_24,value_ewm_24,drift_flag,time_since_last_spike
1.251,0.0,1.059,0.0,1.251,0.6975000000000001,0.0,1.251,0.3939166666666667,0.0,1.251,0.41529166666666667,0.0,1.251,0,1
1.461,0.2100000000000002,1.059,0.0,1.3559999999999999,0.6975000000000001,0.0,1.311,0.3939166666666667,0.0,1.2833076923076923,0.41529166666666667,0.0,1.2678,1,0
0.465,-0.996,1.059,0.5250257136560075,0.9105,0.6975000000000001,0.0,1.0692857142857142,0.3939166666666667,0.0,1.1574142011834319,0.41529166666666667,0.0,1.203576,1,0
0.782,0.317,0.9026666666666667,0.5088460801984558,0.84625,0.6975000000000001,0.0,0.9872040816326529,0.3939166666666667,0.0,1.0996581702321346,0.41529166666666667,0.0,1.1698499199999999,1,0
0.094,-0.6880000000000001,0.44700000000000006,0.34435301653971295,0.47012499999999996,0.6975000000000001,0.0,0.732002915451895,0.3939166666666667,0.0,0.94494152865796,0.41529166666666667,0.0,1.0837819264,1,0
0.132,0.038000000000000006,0.336,0.3867143648741275,0.3010625,0.6975000000000001,0.571750557498635,0.5605735110370679,0.3939166666666667,0.0,0.81987360117212,0.41529166666666667,0.0,1.007639372288,0,1
0.074,-0.05800000000000001,0.09999999999999999,0.029461839725308688,0.18753125,0.5013333333333333,0.5451596707999103,0.4215525078836199,0.3939166666666667,0.0,0.7051238163764093,0.41529166666666667,0.0,0.93294822250496,0,2
0.108,0.034,0.10466666666666667,0.029143323992522042,0.147765625,0.2758333333333333,0.28797389928024136,0.3319660770597285,0.3939166666666667,0.0,0.6132586138569617,0.41529166666666667,0.0,0.8669523647045633,0,3
0.089,-0.019000000000000003,0.09033333333333333,0.01703917055883616,0.1183828125,0.21316666666666664,0.27935813334618803,0.2625471978998061,0.3939166666666667,0.0,0.5326034424943522,0.41529166666666667,0.0,0.8047161755281983,0,4
0.092,0.0030000000000000027,0.09633333333333333,0.01021436896401876,0.10519140625000001,0.09816666666666667,0.019823386861648248,0.21381942707129004,0.3939166666666667,0.0,0.4648182974952211,0.41529166666666667,0.0,0.7476988814859425,0,5
0.105,0.012999999999999998,0.09533333333333333,0.008504900548102224,0.105095703125,0.09999999999999999,0.019869574731229207,0.1827281621937786,0.3939166666666667,0.0,0.40946163634211014,0.41529166666666667,0.0,0.6962829709670671,0,6
0.074,-0.031,0.09033333333333333,0.015567059238440284,0.0895478515625,0.09033333333333333,0.014596803303003253,0.15166297299555614,0.3939166666666667,0.49922785075524084,0.35785215382793933,0.41529166666666667,0.0,0.6465003332897018,1,0
0.122,0.048,0.10033333333333333,0.024337899115024497,0.10577392578125,0.09833333333333333,0.01683646835493027,0.14318783785396869,0.29983333333333334,0.4236893873696827,0.32156720708517944,0.41529166666666667,0.0,0.6045403066265257,1,0
0.426,0.304,0.20733333333333334,0.19088565512718111,0.26588696289062497,0.15133333333333335,0.13552515141724275,0.22399131275283476,0.21358333333333335,0.22421193640001083,0.33763379061053644,0.41529166666666667,0.0,0.5902570820964037,1,0
0.536,0.11000000000000004,0.36133333333333334,0.21444191132643162,0.4009434814453125,0.22583333333333333,0.20130416455370864,0.3131366519663106,0.2195,0.23224262391653355,0.3681516689781462,0.41529166666666667,0.0,0.5859165155286915,0,1
0.626,0.08999999999999997,0.5293333333333333,0.10016652800877736,0.5134717407226562,0.31483333333333335,0.24384947542831956,0.4025261799759361,0.2065,0.20002522568188988,0.40782064298150833,0.41529166666666667,0.0,0.5891231942863963,0,2
0.894,0.268,0.6853333333333333,0.18622924940334476,0.7037358703613281,0.4463333333333333,0.3114364568682778,0.5429472714113829,0.27316666666666667,0.2774523164055185,0.48261746713819936,0.41529166666666667,0.0,0.6135133387434846,0,3
0.377,-0.517,0.6323333333333333,0.25855818171802875,0.5403679351806641,0.4968333333333333,0.25916667738478005,0.4955337652938449,0.29358333333333336,0.27512458610380125,0.46636862604001483,0.41529166666666667,0.0,0.5945922716440057,0,4
0.866,0.489,0.7123333333333334,0.29074444677987094,0.703183967590332,0.6208333333333333,0.21879891833980045,0.6013812609241749,0.35958333333333337,0.3103957761935364,0.5278503758800126,0.41529166666666667,0.0,0.6163048899124853,1,0
0.589,-0.277,0.6106666666666666,0.24521894978433695,0.646091983795166,0.648,0.19899246216879676,0.597843757802982,0.3996666666666666,0.3059795992407259,0.5372580103600106,0.41529166666666667,0.0,0.6141204987194866,0,1
0.287,-0.302,0.5806666666666667,0.2895899399725984,0.46654599189758295,0.6065,0.2471572374016185,0.5090312555735585,0.41616666666666663,0.2927567508214204,0.4987567779969321,0.41529166666666667,0.0,0.5879508588219277,0,2
0.124,-0.16299999999999998,0.3333333333333333,0.23593713852069387,0.2952729959487915,0.5228333333333334,0.3149154913094411,0.3990223254096847,0.41883333333333334,0.2896649579752234,0.4411018890743272,0.41529166666666667,0.0,0.5508347901161735,0,3
0.179,0.05499999999999999,0.19666666666666666,0.08292365967161025,0.23713649797439573,0.4036666666666667,0.27968243896724493,0.3361588038640605,0.425,0.28308944940360536,0.4007785215244307,0.41529166666666667,0.0,0.5210880069068796,0,4
0.214,0.035,0.17233333333333334,0.04536885862938404,0.22556824898719785,0.3765,0.29049802064730157,0.30125628847432895,0.4366666666666667,0.26988594673014066,0.372043364366826,0.41529166666666667,0.39307599433041013,0.4965209663543293,0,5
0.659,0.44500000000000006,0.3506666666666667,0.26759733431656807,0.44228412449359894,0.3419999999999999,0.2258317958127244,0.40346877748166354,0.48141666666666666,0.25718916219684534,0.416190539079622,0.390625,0.3550923716320929,0.509519289045983,0,6
0.692,0.03299999999999992,0.5216666666666666,0.2669575496840895,0.5671420622467994,0.35916666666666663,0.2508875578155814,0.48590626962975964,0.5035833333333334,0.26336751312509493,0.4586227638366032,0.3585833333333333,0.28134520288856146,0.5241177459223043,0,7
0.505,-0.18699999999999994,0.6186666666666666,0.0998114889846511,0.5360710311233997,0.39549999999999996,0.2541108026039035,0.49136162116411397,0.501,0.2631726015029267,0.46575772324635656,0.36025,0.28212042602868853,0.52258832624852,0,8
0.368,-0.137,0.5216666666666666,0.16264173306176105,0.45203551556169985,0.43616666666666665,0.2190811873864725,0.45611544368865287,0.47950000000000004,0.26257033689695775,0.45071807351614784,0.343,0.2674891302139373,0.5102212601486384,0,9
0.406,0.038000000000000034,0.4263333333333333,0.0707271753524285,0.42901775778084994,0.474,0.18230194732914953,0.4417967454918949,0.43883333333333335,0.22805933571345127,0.44383836989827896,0.3559999999999999,0.26239465795198486,0.5018835593367473,0,10
0.607,0.20099999999999996,0.4603333333333333,0.12843026642241756,0.5180088788904249,0.5395,0.13454924748953442,0.4889976753513535,0.458,0.23202076709561242,0.4689401591446976,0.3757916666666667,0.2626781762449296,0.5102928745898075,0,11
0.565,-0.04200000000000004,0.5259999999999999,0.1060235822824328,0.5415044394452124,0.5238333333333334,0.12281273006763857,0.5107126252509667,0.4329166666666666,0.1976233600165792,0.48371859619935953,0.39625,0.25721522877357683,0.514669444622623,0,12
0.891,0.32600000000000007,0.6876666666666665,0.17733959888680553,0.7162522197226062,0.557,0.18726772279279733,0.6193661608935477,0.45808333333333334,0.23500153126515955,0.5463772737071504,0.42887499999999995,0.2684752943860052,0.5447758890528132,0,13
2.37,1.479,1.2753333333333332,0.9619201283543936,1.5431261098613032,0.8678333333333335,0.7589343625549357,1.1195472577811056,0.6316666666666667,0.5933008332944417,0.8269346162137428,0.5239166666666667,0.4705906479850768,0.6907938179285881,0,14
1.779,-0.5910000000000002,1.6799999999999997,0.7444534908239729,1.6610630549306515,1.103,0.791009228770436,1.307962326986504,0.7695833333333333,0.653832124455274,0.9734062137193208,0.5942083333333333,0.5260012381508544,0.777850312494301,0,15
2.036,0.2570000000000001,2.0616666666666665,0.29633483314205916,1.8485315274653258,1.374666666666667,0.7836250804221792,1.5159730907046458,0.9243333333333332,0.7179587647482186,1.1368821808394254,0.6746666666666666,0.5915216682911718,0.878502287494757,0,16
1.848,-0.18799999999999994,1.8876666666666664,0.13301253073801791,1.848265763732663,1.5815000000000001,0.6997704623660533,1.61083792193189,1.0605,0.7258977513772484,1.2462849222487447,0.7485833333333334,0.6231907319639768,0.9560621044951765,0,17
1.341,-0.5070000000000001,1.7416666666666665,0.35949455257810564,1.5946328818663313,1.7108333333333334,0.5239463394916188,1.533741372808493,1.1173333333333333,0.7182630985842715,1.2608564726720146,0.7993750000000001,0.6195675078142255,0.9868571361355625,0,18
1.004,-0.33699999999999997,1.3976666666666666,0.42484389289871266,1.2993164409331657,1.7296666666666667,0.48948081337950994,1.3823866948632093,1.1433333333333333,0.7070260806984979,1.2213400922609354,0.8234583333333333,0.6156443057739461,0.9882285652447176,0,19
1.502,0.498,1.282333333333333,0.2541305438811574,1.4006582204665827,1.585,0.3779396777264858,1.4165619249022923,1.2264166666666667,0.6833794977015245,1.264518539605407,0.8637083333333333,0.6274973396213598,1.0293302800251403,0,20
1.435,-0.06699999999999995,1.3136666666666665,0.27026345171578947,1.4178291102332914,1.5276666666666667,0.3686009585807755,1.4218299463587802,1.3153333333333335,0.6287676740090794,1.2907464565891906,0.8974166666666666,0.6358464346096447,1.061783857623129,0,21
1.422,-0.013000000000000123,1.453,0.0429301758673242,1.4199145551166457,1.4253333333333333,0.2717584711957782,1.4218785331134143,1.4000000000000001,0.5598137677348196,1.3109393094216228,0.9194166666666667,0.6447944004413964,1.0906011490132788,0,22
1.131,-0.2909999999999999,1.3293333333333333,0.17188465124417843,1.2754572775583228,1.3058333333333334,0.19573800516677045,1.338770380795296,1.4436666666666669,0.5106089650128708,1.2832563387413731,0.9508333333333333,0.6355189366498687,1.0938330570922163,0,23
0.882,-0.249,1.1449999999999998,0.2702720851290411,1.0787286387791615,1.2293333333333334,0.2587861407932556,1.2082645577109257,1.4700833333333332,0.46738896753100295,1.2215245943196236,0.9515000000000001,0.635434462806149,1.076886412524839,0,24
0.929,0.04700000000000004,0.9806666666666666,0.13229638443031289,1.0038643193895807,1.2168333333333332,0.2732540332120767,1.1284746840792326,1.4732500000000002,0.46321899886456613,1.176520810578143,0.9656666666666668,0.63077431136981,1.0650554995228518,0,25
0.938,0.008999999999999897,0.9163333333333332,0.03007213549672158,0.9709321596947903,1.1228333333333333,0.2516945900623746,1.0740533457708803,1.3539166666666667,0.3898411001078945,1.1398253012584287,0.9927916666666666,0.6140978522201892,1.0548910595610237,0,26
0.895,-0.04299999999999993,0.9206666666666665,0.022678918257561985,0.9329660798473951,1.0328333333333333,0.21100276459484324,1.0228952469792003,1.2802499999999999,0.3857135359540575,1.1021598702955935,1.0249166666666667,0.5862062195883443,1.0420997747961418,0,27
1.411,0.516,1.0813333333333333,0.2863081090946135,1.1719830399236977,1.031,0.20695410119154486,1.1337823192708574,1.2281666666666666,0.3089438999775421,1.1496737364039638,1.0762500000000002,0.5623672983565721,1.0716117928124504,1,0
1.315,-0.09600000000000009,1.2069999999999999,0.274430319024702,1.2434915199618488,1.0616666666666668,0.23628937061718802,1.1855587994791839,1.18375,0.24300809002620077,1.1751085461879693,1.122125,0.5331175180422028,1.0910828493874545,0,1
0.559,-0.7559999999999999,1.095,0.46666476190087425,0.9012457599809245,1.0078333333333334,0.3105378667194499,1.0065419996279885,1.1185833333333333,0.296066165311784,1.0803226160052048,1.1179583333333334,0.53726913983886,1.0485162214364583,1,0
0.168,-0.391,0.6806666666666664,0.5830989052753682,0.5346228799904622,0.8810000000000001,0.4657797762891817,0.766958571162849,1.0489166666666667,0.4041202472562154,0.9399652904659426,1.096125,0.5652501033594122,0.9780749237215417,0,1
0.146,-0.02200000000000002,0.29099999999999987,0.23235533133543454,0.3403114399952311,0.749,0.5508513411075625,0.5895418365448922,0.9359166666666666,0.45258760243602403,0.8178167842404129,1.0811666666666666,0.585944623193417,0.9115089298238185,0,2
0.183,0.037000000000000005,0.16566666666666652,0.018610033136264574,0.26165571999761555,0.6303333333333333,0.5885125883672047,0.4733870261034944,0.8315833333333332,0.4710109935666118,0.7201526635880418,1.0734583333333332,0.5968499177141289,0.853228215437913,0,3
0.156,-0.026999999999999996,0.16166666666666651,0.019139836293261884,0.20882785999880776,0.4211666666666667,0.46578596658408117,0.3827050186453531,0.7260833333333333,0.46852019619481206,0.6333599461129584,1.0630416666666667,0.6110187842531071,0.7974499582028801,0,4
0.091,-0.065,0.14333333333333317,0.047289886163247016,0.1499139299994039,0.21716666666666665,0.17038710827602777,0.2993607276038237,0.6394166666666666,0.4827819869979596,0.5499199544032726,1.0415416666666666,0.636317802685492,0.7409339615466497,0,5
0.154,0.063,0.13366666666666652,0.03696394639825218,0.15195696499970196,0.14966666666666667,0.031500264549155756,0.2578290911455884,0.57875,0.49511066256122915,0.4890091921873845,1.0244166666666665,0.6549579420062799,0.6939792446229177,0,6
0.092,-0.062,0.11233333333333317,0.03608785575969924,0.12197848249985098,0.13699999999999998,0.03738448876205386,0.2104493508182774,0.509,0.5002135907426323,0.4279308549277868,0.9911250000000001,0.681791394368382,0.6458209050530843,0,7
0.216,0.124,0.15399999999999983,0.061999999999996204,0.16898924124992548,0.14866666666666664,0.04966152098624043,0.21203525058448386,0.44883333333333336,0.48717344929395634,0.39532610801581963,0.9013749999999999,0.632369925617978,0.6114352326488376,1,0
0.107,-0.109,0.13833333333333317,0.06767815994346228,0.13799462062496273,0.13599999999999998,0.04883850939576403,0.18202517898891707,0.38316666666666666,0.47451005034539506,0.3509682452441551,0.8317083333333334,0.6235185209875428,0.5710804140369307,1,0
0.108,0.0010000000000000009,0.14366666666666653,0.06264449962552868,0.12299731031248137,0.128,0.04883850939576403,0.16087512784922647,0.27458333333333335,0.3509142496480618,0.3135885152065928,0.751375,0.5845989195500882,0.5340339809139762,0,1
0.126,0.018000000000000002,0.11366666666666651,0.010692676621541617,0.12449865515624069,0.13383333333333333,0.04551226940800467,0.15091080560659034,0.1755,0.1266164573534146,0.28472874363634776,0.679625,0.5487273665729523,0.5013912624408582,0,2
0.118,-0.008000000000000007,0.11733333333333318,0.009018499505619693,0.12124932757812035,0.12783333333333333,0.0446874329836342,0.1415077182904217,0.13874999999999998,0.038584323241464755,0.25907816769229425,0.6286666666666666,0.5413759978189769,0.47071996144558953,0,3
0.523,0.405,0.25566666666666654,0.23155200999631348,0.3221246637890602,0.19966666666666666,0.1636443297724269,0.2505055130645869,0.16833333333333333,0.11780826744668503,0.29968152650886437,0.608625,0.5357511437631081,0.4749023645299424,1,0
0.384,-0.139,0.3416666666666665,0.20579196615352324,0.35306233189453007,0.22766666666666668,0.1805022622203578,0.2886467950461335,0.18816666666666668,0.13278816577428398,0.31265359935365444,0.5620416666666667,0.5022527926787699,0.46763017536754703,0,1
0.553,0.16900000000000004,0.4866666666666665,0.090168361043843,0.45303116594726506,0.30200000000000005,0.21025413194513004,0.36417628217580966,0.219,0.16939142406112612,0.3496299686838615,0.5252916666666667,0.46660396382582436,0.47445976133814327,0,2
0.838,0.2849999999999999,0.5916666666666665,0.2294566044665805,0.6455155829736325,0.42366666666666664,0.27636111641594374,0.49955448726843543,0.2758333333333333,0.2442166822286911,0.4247638196555751,0.5009583333333333,0.43173225188632924,0.5035429804310918,0,3
0.531,-0.30699999999999994,0.6406666666666666,0.17124933089893452,0.5882577914868163,0.4911666666666667,0.23556520682534343,0.5085389194774539,0.3125,0.24695840650898299,0.4411078474008713,0.4759583333333333,0.410513091372743,0.5057395419966044,0,4
0.619,0.08799999999999997,0.6626666666666665,0.15808963702068762,0.6036288957434082,0.5746666666666668,0.15013949069670784,0.5400992281981813,0.35125,0.2561381463195232,0.4684758708776603,0.465,0.40263760812703664,0.5148003786368761,0,5
1.254,0.635,0.8013333333333331,0.3944823612448758,0.9288144478717041,0.6965,0.31063596057121295,0.7440708772844152,0.4480833333333334,0.35121877624620257,0.5893257368964818,0.47854166666666664,0.4238291266810112,0.573936348345926,1,0
0.484,-0.77,0.7856666666666664,0.4111670382379073,0.7064072239358521,0.7131666666666666,0.2926796314516383,0.6697649123460109,0.4704166666666667,0.34355665361396437,0.5731217773739461,0.45962499999999995,0.412408389036676,0.5667414404782519,1,0
0.118,-0.366,0.6186666666666665,0.5798494057368109,0.41220361196792604,0.6406666666666667,0.38087775816745567,0.5121177945328649,0.4713333333333333,0.34251193299274335,0.503103042393339,0.42724999999999996,0.40720983267363176,0.5308421252399917,0,1
0.18,0.062,0.26066666666666655,0.19588091620505788,0.296101805983963,0.531,0.4065592207784743,0.4172269960949035,0.4773333333333334,0.33613994199746905,0.453394882025133,0.37595833333333334,0.3516473627849687,0.5027747552207924,0,2
0.145,-0.035,0.1476666666666665,0.03108590248541874,0.2205509029919815,0.46666666666666673,0.4360310386505379,0.3394478543535025,0.47891666666666666,0.3343747104218533,0.4059495155597279,0.3272083333333334,0.2918151557834647,0.474152774803129,0,3
0.199,0.05400000000000002,0.17466666666666653,0.027392213005395336,0.20977545149599075,0.39666666666666667,0.44037605142272085,0.29931989596678754,0.48566666666666664,0.3271664389693418,0.37411112855053896,0.31220833333333337,0.28861739065483566,0.4521405528188787,0,4
0.292,0.09299999999999997,0.21199999999999983,0.07435724578008249,0.25088772574799534,0.23633333333333337,0.13516607069330266,0.29722849711913396,0.46641666666666665,0.33153676838003965,0.3614786472350714,0.317375,0.2870291323647953,0.43932930859336844,0,5
0.333,0.041000000000000036,0.2746666666666665,0.06866100300267174,0.29194386287399765,0.2111666666666667,0.08432654781660928,0.3074489265136671,0.4621666666666666,0.33301292176221536,0.35709731689121427,0.32516666666666666,0.2847034561978739,0.43082296390589897,0,6
0.221,-0.11200000000000002,0.28199999999999986,0.05666568626602487,0.2564719314369988,0.22833333333333336,0.0709976525433545,0.28274923322404794,0.43449999999999994,0.3385260833243289,0.33615926813871977,0.32675000000000004,0.2839831976046107,0.4140371267934271,0,7
0.14,-0.08099999999999999,0.23133333333333317,0.09691405126880681,0.1982359657184994,0.22166666666666668,0.0779786295510949,0.2419637380171771,0.37633333333333335,0.322478564004533,0.30598091919430137,0.32608333333333334,0.2844199156279274,0.3921141566499529,0,8
0.097,-0.04300000000000001,0.1526666666666665,0.06296295206971281,0.1476179828592497,0.21366666666666667,0.08908797150382812,0.20054552715512652,0.3401666666666667,0.3278477566114385,0.27383000854902423,0.3263333333333333,0.2842068546532337,0.3685050241179567,0,9
0.148,0.05099999999999999,0.12833333333333316,0.0274286954362209,0.14780899142962484,0.20516666666666672,0.09310943382207246,0.18553251939651896,0.30091666666666667,0.31951937153775256,0.2544715456953282,0.32608333333333334,0.28436763049855474,0.3508646221885202,0,10
0.343,0.19500000000000003,0.19599999999999984,0.1298345100502929,0.24540449571481243,0.2136666666666667,0.1042797519495846,0.23052322814037068,0.225,0.11570416822853113,0.26809130789604696,0.3365416666666667,0.27996583318973656,0.3502354524134386,0,11
0.294,-0.049000000000000044,0.2616666666666665,0.10144128022325478,0.2697022478574062,0.20716666666666672,0.09626093011532193,0.24865944867169334,0.2091666666666667,0.0863047805832149,0.27207726052742437,0.33979166666666666,0.2789565930339372,0.3457366162203635,0,12
0.806,0.512,0.48099999999999987,0.28252256547044075,0.5378511239287032,0.3046666666666667,0.2637056439795457,0.4078996061940667,0.2665,0.18838717385408407,0.3542192204462822,0.3689166666666667,0.28987147326788293,0.3825576869227344,0,13
2.884,2.078,1.3279999999999998,1.3716369782125293,1.7109255619643515,0.762,1.0694508871378807,1.1153568615671905,0.49183333333333334,0.7760570308627559,0.7434162634545465,0.4845833333333333,0.5849214675393662,0.5826730719689157,0,14
2.648,-0.23599999999999977,2.1126666666666662,1.137742208645408,2.179462780982176,1.1871666666666667,1.2448933153755253,1.5532549011194217,0.7004166666666666,0.9831113372935706,1.0364291460000008,0.5896666666666667,0.7269899626522375,0.7478992262114025,0,15
2.827,0.17899999999999983,2.7863333333333333,0.12314354767234238,2.503231390491088,1.6336666666666666,1.2776391770240403,1.9171820722281583,0.9194166666666667,1.141251024759738,1.3119015850769238,0.7025416666666667,0.8504025634530604,0.9142272881144904,0,16
2.576,-0.2509999999999999,2.683666666666666,0.12924524491574388,2.539615695245544,2.0058333333333334,1.1448085283865885,2.1054157658772557,1.10975,1.2151650935348064,1.5063782642958587,0.7880833333333334,0.9309938082578707,1.0471691050653311,0,17
2.956,0.3799999999999999,2.7863333333333333,0.19323646998775976,2.747807847622772,2.4495,0.817842955584995,2.3484398327694684,1.3283333333333334,1.2959672648316205,1.7293969928657267,0.89525,1.0256744228745935,1.1998755766601046,0,18
2.802,-0.15399999999999991,2.778,0.19113346122538843,2.7749039238113857,2.782166666666667,0.14387274469706532,2.478028451978192,1.5434166666666667,1.309587683782629,1.8944128401171534,0.9889583333333333,1.0935382333296002,1.3280455305272962,0,19
2.496,-0.30600000000000005,2.751333333333333,0.23414810128064345,2.6354519619056926,2.7175,0.1731632178033208,2.4831631799844227,1.73975,1.2555511013821052,1.9869647108683606,1.0580416666666665,1.135165970595094,1.4214818880851128,0,20
2.607,0.11100000000000021,2.635,0.1549096510873269,2.6212259809528464,2.710666666666667,0.1772158758877629,2.518545128560302,1.9489166666666666,1.1626373200094633,2.0823547553501514,1.1445416666666668,1.1717650372562889,1.5163233370383038,0,21
1.771,-0.8360000000000003,2.2913333333333337,0.45402679803435747,2.196112990476423,2.534666666666667,0.41002715357237884,2.3049608061145013,2.084166666666667,1.019706894904193,2.0344540237578204,1.1925416666666666,1.1728954502933502,1.5366974700752396,1,0
1.758,-0.0129999999999999,2.0453333333333332,0.48646102961422455,1.9770564952382115,2.3983333333333334,0.5158669079003491,2.1486862900817867,2.2020833333333334,0.8710336031857708,1.9919226354873865,1.2135416666666667,1.178541987194224,1.5544016724692207,0,1
1.971,0.21300000000000008,1.8333333333333333,0.11939988833048182,1.9740282476191058,2.234166666666667,0.4561821639067744,2.0979187786298477,2.341833333333333,0.6413020609146147,1.988703768489327,1.2755,1.1776078922230808,1.5877295386716832,0,2
1.927,-0.04400000000000004,1.8853333333333333,0.11244702456415406,1.950514123809553,2.0883333333333334,0.3700873770701552,2.0490848418784626,2.43525,0.4505082231113078,1.9792108810294307,1.350875,1.1580301983184167,1.6148711755779488,0,3
1.688,-0.2390000000000001,1.8619999999999999,0.1522859153040694,1.8192570619047763,1.9536666666666669,0.337664725232985,1.9459177441989017,2.3355833333333336,0.4738947827857089,1.9344092070249028,1.4137083333333333,1.1323644550488023,1.620721481531713,0,4
1.299,-0.389,1.638,0.316971607561306,1.5591285309523881,1.7356666666666667,0.23945243090573817,1.7610841029992157,2.2231666666666667,0.5473564292177995,1.8366539444056869,1.4617916666666668,1.100193302350197,1.594983763009176,0,5
1.98,0.681,1.6556666666666666,0.34164943045954554,1.769564265476194,1.7705000000000002,0.25994518652977716,1.8236315021422969,2.1525833333333333,0.5161325513916558,1.8587071837278888,1.5359999999999998,1.0709912921336415,1.6257850619684422,1,0
0.569,-1.411,1.2826666666666666,0.7056417882561467,1.169282132738097,1.5723333333333331,0.5560005995200611,1.4651653586730693,1.9853333333333334,0.6689954930318811,1.6602906939235982,1.5475416666666668,1.0584210955851694,1.541242257010967,1,0
0.142,-0.42699999999999994,0.8969999999999998,0.9618986433091586,0.6556410663690484,1.2674999999999998,0.7582956547416059,1.0871181133379066,1.7508333333333332,0.7815430929005814,1.4267075102430447,1.539583333333333,1.0686193008480276,1.4293028764500897,0,1
0.866,0.724,0.5256666666666665,0.3639400133721684,0.7608205331845241,1.0906666666666667,0.6947954135331258,1.023941509527076,1.5895,0.7437340067035217,1.3404448163594993,1.5664583333333333,1.0417899303880658,1.3842386463340826,0,2
0.124,-0.742,0.37733333333333324,0.4232934364401773,0.44241026659226207,0.8300000000000001,0.7188404551776427,0.7668153639479115,1.3918333333333335,0.7943908853882203,1.1532994599964994,1.5657916666666667,1.0427471234224515,1.283419554627356,0,3
0.165,0.04100000000000001,0.38499999999999984,0.4170623454592863,0.303705133296131,0.641,0.7199438867022904,0.5948681171056511,1.1883333333333332,0.7671179040981128,1.0012533892278073,1.568625,1.0386670309040125,1.1939459902571676,0,4
0.109,-0.05600000000000001,0.13266666666666652,0.0289885034683571,0.2063525666480655,0.3291666666666667,0.31567668058738013,0.4560486550754651,1.0498333333333334,0.8016143749089141,0.8639836370389138,1.5670000000000002,1.0410140958825136,1.1071503110365943,0,5
0.16,0.051000000000000004,0.14466666666666653,0.030989245446362935,0.18317628332403274,0.26100000000000007,0.2971450824092503,0.37146332505390367,0.9166666666666666,0.8059971050402953,0.7556784621098501,1.559375,1.0509915737262019,1.0313782861536667,0,6
0.111,-0.049,0.1266666666666665,0.02888482877454814,0.14708814166201636,0.2558333333333334,0.29988492237301095,0.29704523218135975,0.7616666666666666,0.7624794880499891,0.6564971602467963,1.5517500000000002,1.0611854835205685,0.9577480232613734,0,7
0.207,0.09599999999999999,0.1593333333333332,0.048003472096660824,0.17704407083100818,0.14600000000000007,0.038356225048876445,0.2713180229866855,0.6183333333333333,0.6807912953899985,0.5873437509780584,1.5267916666666668,1.0862359411875195,0.8976881814004636,1,0
0.181,-0.025999999999999995,0.1663333333333332,0.04965212315032338,0.1790220354155041,0.15550000000000008,0.03887286971655249,0.24551287356191823,0.49275,0.599701763000126,0.5248293277506647,1.4141666666666666,1.0795049455821089,0.8403531268884266,0,1
0.228,0.047000000000000014,0.20533333333333317,0.02354428451524476,0.20351101770775204,0.16600000000000006,0.04911211663123541,0.24050919540137017,0.40349999999999997,0.5461044688602135,0.4791632773274855,1.3133333333333335,1.0722435100887933,0.7913648767373525,0,2
0.183,-0.04500000000000001,0.19733333333333317,0.02657693235373134,0.19325550885387602,0.17833333333333343,0.040465623270459376,0.2240779967152644,0.25375000000000003,0.22857229809089052,0.43359969620018,1.2031666666666667,1.0454544951595335,0.7426956865983643,0,3
0.497,0.314,0.3026666666666665,0.16979497440541222,0.345127754426938,0.23450000000000007,0.1345150549195149,0.30205571193947456,0.24775,0.2203415221052125,0.44335358909246003,1.1165416666666668,1.012365588680753,0.7230400316704951,1,0
0.52,0.02300000000000002,0.39999999999999986,0.18827904822364347,0.432563877213469,0.30266666666666675,0.16052995566767847,0.3643255085281961,0.27925,0.23062843986102985,0.455145344616697,1.0150416666666666,0.9394108921421777,0.7067968291368555,0,1
0.313,-0.20700000000000002,0.44333333333333313,0.11345630583327795,0.3727819386067345,0.3203333333333334,0.1535782102600067,0.3496610775201401,0.23316666666666666,0.14028013099338296,0.43327683006028206,0.9113333333333333,0.8682528016287835,0.675293082805907,0,2
0.792,0.47900000000000004,0.5416666666666665,0.24023391378682174,0.5823909693033673,0.42216666666666675,0.22749366291540277,0.47604362680010004,0.28883333333333333,0.20881824778037472,0.48846501005100795,0.8403333333333335,0.800025416262925,0.6846296361814345,1,0
0.718,-0.07400000000000007,0.6076666666666665,0.2578571956206263,0.6501954846516836,0.5038333333333335,0.23176144344274988,0.5451740191429286,0.3349166666666667,0.23798795169403086,0.5237780854277759,0.761625,0.7060640944239994,0.6872992652869198,0,1
0.536,-0.18199999999999994,0.6819999999999998,0.13174217244299744,0.5930977423258419,0.5626666666666668,0.17082115403739373,0.5425528708163776,0.3705,0.23300858353289283,0.5256583799773489,0.7101666666666667,0.6735573095701376,0.6751953240639662,0,2
0.846,0.30999999999999994,0.6999999999999998,0.15578189882011462,0.719548871162921,0.6208333333333335,0.20078089218515552,0.6292520505831268,0.42766666666666664,0.25933422917973503,0.5749417061346798,0.6721666666666667,0.6365828383996284,0.688859698138849,0,3
0.336,-0.51,0.5726666666666665,0.2569695182961085,0.5277744355814605,0.5901666666666667,0.23103455729969707,0.5454657504165191,0.4464166666666667,0.2419058638596878,0.5381814436524213,0.6040416666666667,0.5761613209454649,0.6606309222877411,1,0
0.314,-0.02200000000000002,0.49866666666666654,0.3010005537093482,0.42088721779073024,0.5903333333333334,0.2307948584060464,0.4793326788689422,0.45533333333333337,0.23412558142755927,0.503691990782818,0.5368333333333334,0.5047867105901319,0.6329004485047219,0,1
0.356,0.04199999999999998,0.3353333333333331,0.021007935008814076,0.3884436088953651,0.5176666666666667,0.22311043603262246,0.444094770620673,0.4699166666666667,0.22054043469019027,0.4809701460469999,0.48133333333333334,0.44204127946790556,0.6107484126243442,0,2
0.309,-0.046999999999999986,0.32633333333333314,0.025813433195423178,0.3487218044476825,0.44950000000000007,0.21185820729912772,0.40549626472905215,0.4766666666666666,0.21359321292135042,0.4545132005013076,0.4400833333333334,0.40724385565777943,0.5866085396143966,0,3
0.359,0.04999999999999999,0.3413333333333331,0.028041635710752404,0.35386090222384126,0.4200000000000001,0.20971695210449756,0.3922116176636087,0.49133333333333334,0.1969925394680349,0.4398188619626449,0.3725416666666667,0.24139449566266352,0.5683998564452449,0,4
0.308,-0.05099999999999999,0.32533333333333314,0.02916047553340953,0.33093045111192065,0.33033333333333337,0.023380903889000923,0.36815115547400623,0.4755833333333333,0.20393156531870701,0.4195390370453149,0.36166666666666664,0.2380145532025966,0.5475678679296253,1,0
0.349,0.04099999999999998,0.33866666666666645,0.027024680078301576,0.3399652255559603,0.3325000000000001,0.024582514110644466,0.3626793967671473,0.4613333333333334,0.2065039437586691,0.40868687749988186,0.3702916666666667,0.23341444371810344,0.5316824384952552,0,1
0.398,0.049000000000000044,0.3516666666666664,0.04505922029212809,0.36898261277798017,0.3465000000000001,0.034039682724726635,0.3727709976908195,0.46841666666666665,0.20236980476047467,0.4070427424999001,0.35079166666666667,0.20841096089982458,0.5209878434156349,0,2
0.356,-0.04200000000000004,0.3676666666666664,0.02650157228042324,0.3624913063889901,0.3465000000000001,0.034039682724726635,0.36797928406487107,0.4320833333333333,0.17647531804417513,0.3991900128845309,0.3604583333333333,0.20273756417481203,0.5077888159423841,0,3
1.301,0.945,0.6849999999999999,0.533884819038714,0.831745653194495,0.5118333333333334,0.3876717253897515,0.6345566314749078,0.48066666666666663,0.2996244113532684,0.5379300109022953,0.4077916666666667,0.27489143772811786,0.5712457106669934,1,0
1.289,-0.01200000000000001,0.9819999999999998,0.5421651040043058,1.0603728265972474,0.6668333333333334,0.48742729372355326,0.8215404510535056,0.5434166666666665,0.38026461082045054,0.6534792399942498,0.45695833333333336,0.32081668599761537,0.6286660538136339,0,1
1.341,0.052000000000000046,1.3103333333333331,0.027227437142196716,1.2006864132986237,0.8390000000000001,0.5168787091765347,0.9699574650382182,0.5846666666666667,0.43846598983550433,0.7592516646105191,0.5061666666666667,0.36130604474740563,0.6856527695085433,0,2
1.346,0.0050000000000001155,1.325333333333333,0.03156474826974289,1.273343206649312,1.0051666666666668,0.4872573926239268,1.077398189313013,0.6688333333333333,0.4812447559730072,0.8495206392858239,0.5576249999999999,0.3894298856913334,0.7384805479478598,0,3
1.923,0.577,1.5366666666666664,0.3345838210872303,1.598171603324656,1.2593333333333334,0.5046308221528565,1.318998706652152,0.8029166666666666,0.586115790349461,1.0146713101649278,0.629125,0.4712008998754969,0.833242104112031,0,4
1.403,-0.52,1.5573333333333332,0.31795649597599307,1.5005858016623281,1.4338333333333335,0.24297688504602283,1.3429990761801085,0.8901666666666667,0.5914438163332095,1.0744141855241698,0.6800416666666665,0.48644866382407886,0.8788227357830686,1,0
0.968,-0.43500000000000005,1.4313333333333331,0.4781300380998167,1.234292900831164,1.3783333333333332,0.30856549817934625,1.2358564829857916,0.9450833333333334,0.5624602544880758,1.0580427723666053,0.710875,0.4799594468829358,0.8859569169204231,0,1
0.801,-0.16699999999999993,1.057333333333333,0.31078341869110926,1.017646450415582,1.2970000000000002,0.39030910827189447,1.1116117735612798,0.9819166666666668,0.5343613789687054,1.0184977304640506,0.736625,0.4668051276217013,0.8791603635667893,0,2
0.771,-0.030000000000000027,0.8466666666666666,0.10614298532326073,0.8943232252077911,1.2020000000000002,0.44323718255579747,1.0142941239723426,1.0205,0.49666350415914323,0.9804211565465044,0.7480416666666666,0.4640321839631632,0.8705075344814461,0,3
0.812,0.041000000000000036,0.7946666666666665,0.021221058723214295,0.8531616126038956,1.1130000000000002,0.46176487523414045,0.9564958028373876,1.0590833333333334,0.4560818224703562,0.9545102093855037,0.7602083333333333,0.4616148384291506,0.8658269317229305,0,4
0.741,-0.07100000000000006,0.7746666666666665,0.03564173583503158,0.7970808063019478,0.916,0.2512226104473899,0.8949255734552768,1.0876666666666666,0.4202227403593886,0.921662484864657,0.7780416666666667,0.45174882201108785,0.8558407771850961,0,5
0.77,0.029000000000000026,0.7743333333333332,0.03569780572155906,0.7835404031509738,0.8105000000000001,0.0811535581475075,0.8592325524680549,1.1221666666666665,0.36850455364975965,0.898329794885479,0.777125,0.4517415875879942,0.8489735150102884,0,6
0.806,0.03600000000000003,0.7723333333333332,0.032562759915802285,0.794770201575487,0.7835000000000001,0.027457239482527165,0.8440232517628964,1.0809166666666667,0.37432520094245414,0.8841252110569437,0.7807916666666666,0.45159793383116736,0.8455356338094654,0,7
2.068,1.262,1.2146666666666666,0.7392275247400714,1.4313851007877436,0.9946666666666667,0.5264703853652813,1.1937308941163547,1.1458333333333333,0.46921381699669557,1.0662597939712601,0.8446250000000001,0.5187705208094128,0.9433327831047083,1,0
1.198,-0.8700000000000001,1.357333333333333,0.645911242612584,1.3146925503938718,1.0658333333333334,0.5189961143078703,1.194950638654539,1.1339166666666667,0.46560858675566597,1.0865275179756817,0.8592916666666667,0.523762930039973,0.9637061604563316,0,1
0.944,-0.254,1.403333333333333,0.5894619015113125,1.1293462751969359,1.0878333333333334,0.5087814527541938,1.1232504561818135,1.1004166666666666,0.46341880888052545,1.0646002075178844,0.8846249999999999,0.511921938045415,0.9621296676198252,0,2
1.184,0.24,1.1086666666666665,0.1427772157360311,1.1566731375984678,1.1616666666666668,0.4796955979229621,1.1406074687012953,1.0388333333333333,0.3869648406235257,1.082969406361287,0.920875,0.5004323619761647,0.9798792942102392,0,3
1.016,-0.16799999999999993,1.0479999999999998,0.12315843454672525,1.086336568799234,1.2026666666666668,0.4490588677074179,1.1050053347866395,1.0065833333333332,0.3695922712526601,1.0726664207672427,0.948375,0.4859667024288444,0.9827689506734202,0,4
1.061,0.04499999999999993,1.0869999999999997,0.08696551040498694,1.0736682843996168,1.2451666666666668,0.41476664121728524,1.092432381990457,1.0143333333333333,0.36968471415354837,1.0708715868030516,0.9797083333333333,0.4668155281466549,0.9890274346195466,0,5
1.213,0.15200000000000014,1.0966666666666665,0.10322951774242295,1.1433341421998084,1.1026666666666667,0.11162377285626948,1.1268802728503264,1.0486666666666666,0.3671941109978725,1.092737496525659,1.0152916666666667,0.4496782887863243,1.006945239849983,0,6
0.903,-0.31000000000000005,1.059,0.15500967711726896,1.0231670710999041,1.0535,0.12535828652307474,1.062914480607376,1.0596666666666668,0.36002710335684157,1.0635471124447884,1.0400833333333332,0.4246963024036848,0.9986296206619844,1,0
0.491,-0.41200000000000003,0.8689999999999998,0.36219884041780204,0.7570835355499521,0.9780000000000002,0.26411664089943515,0.8995103432909829,1.0329166666666667,0.39071855909880354,0.9754629412994363,1.046,0.41554029784177915,0.9580192510090256,0,1
0.158,-0.33299999999999996,0.5173333333333332,0.3731974455075148,0.45754176777497607,0.807,0.40082564788196984,0.6876502452078449,0.9843333333333333,0.46035664698605727,0.8496994118687538,1.036,0.4342778113043586,0.8940177109283036,0,2
0.145,-0.013000000000000012,0.26466666666666655,0.19611816166111454,0.301270883887488,0.6618333333333334,0.4629101064641679,0.5326073180056035,0.9322499999999999,0.518494345546448,0.7412841177350993,1.0272083333333333,0.4504761711756807,0.8340962940540393,0,3
0.181,0.036000000000000004,0.1613333333333332,0.01823001188522057,0.241135441943744,0.5151666666666667,0.4503840213269861,0.43214808428971674,0.8801666666666667,0.5619030704721801,0.6550865611604686,0.9805416666666668,0.4780486585354424,0.7818485905297162,0,4
0.13,-0.05099999999999999,0.15199999999999983,0.026210684844199895,0.18556772097187202,0.3346666666666667,0.3098804070390168,0.34582006020694056,0.7186666666666666,0.458446057763388,0.5743040132896273,0.9322499999999999,0.5034017541556209,0.7297007032873389,0,5
0.173,0.04299999999999998,0.1613333333333332,0.02742869543626315,0.179283860485936,0.21300000000000008,0.1374379860155113,0.29644290014781466,0.63325,0.45650253907489086,0.5125649343219923,0.8835833333333333,0.5184025560748396,0.6851646470243519,0,6
0.126,-0.046999999999999986,0.14299999999999985,0.026057628441628934,0.15264193024296802,0.15216666666666676,0.0224803618001677,0.24774492867701048,0.5650833333333333,0.46683819628984496,0.4530934059647628,0.8327499999999999,0.5307555934702899,0.6404314752624037,1,0
0.177,0.05099999999999999,0.1586666666666665,0.028360771028575527,0.164820965121484,0.1553333333333334,0.02469547866850215,0.22753209191215035,0.4811666666666667,0.43488385771027915,0.41061749735479924,0.7600000000000001,0.4931476540506421,0.6033569572414114,1,0
0.128,-0.04899999999999999,0.14366666666666653,0.028884828774554325,0.14641048256074202,0.15250000000000005,0.026987033923715535,0.19909435136582168,0.4071666666666667,0.4104688745443458,0.3671378823771378,0.7068750000000001,0.48953023733051376,0.5653284006620986,0,1
0.177,0.04899999999999999,0.1606666666666665,0.02829016319032615,0.161705241280371,0.1518333333333334,0.026179508526067454,0.1927816795470155,0.33349999999999996,0.3584929313364309,0.33788590047296274,0.6739166666666666,0.4977439464542825,0.5342621286091307,0,2
0.125,-0.05199999999999999,0.14333333333333317,0.029194748386230738,0.1433526206401855,0.15100000000000005,0.027077666073717848,0.17341548539072538,0.24283333333333332,0.23061098031626712,0.3051342234771223,0.6457499999999999,0.5092341436348096,0.5015211583204002,0,3
0.241,0.11599999999999999,0.18099999999999983,0.05810335618535221,0.19217631032009275,0.1623333333333334,0.04585048164050686,0.19272534670766098,0.18766666666666668,0.10120126960519153,0.29526741986525734,0.6236666666666667,0.5150254250090928,0.48067946565476827,1,0
0.178,-0.063,0.1813333333333332,0.05807179464538047,0.18508815516004637,0.17100000000000007,0.04239339571206587,0.1885181047911864,0.16158333333333333,0.033813548477080194,0.27722627834752545,0.59725,0.5211683571761995,0.4564651084023868,0,1
0.269,0.09100000000000003,0.22933333333333317,0.046608296829375104,0.2270440775800232,0.18633333333333338,0.05855481762132385,0.21151293199370458,0.1708333333333333,0.04580161436885863,0.2759606970632908,0.5775833333333333,0.524403588077356,0.44146789973019585,0,2
1.086,0.8170000000000001,0.5109999999999998,0.5000389984791198,0.6565220387900117,0.3460000000000001,0.366109273305116,0.46136637999550323,0.24925,0.267335038345665,0.400582128284323,0.59075,0.5333357903023112,0.4930304677517802,1,0
0.751,-0.3350000000000001,0.702,0.4106981860198566,0.7037610193950059,0.4416666666666667,0.38748711806544867,0.5441188428539309,0.29675,0.30243981369703327,0.4544925700867348,0.5884583333333333,0.5324881692228649,0.5136680303316378,0,1
0.347,-0.404,0.7279999999999999,0.3700364846876597,0.5253805096975029,0.47866666666666674,0.36088816365553894,0.4877991734670935,0.31483333333333335,0.2980182524408262,0.4379552516118525,0.5167499999999999,0.43074013652942855,0.5003345879051068,0,2
0.165,-0.18199999999999997,0.4209999999999998,0.29992665770151417,0.3451902548487515,0.466,0.37205913508473404,0.3955708381907811,0.31416666666666665,0.29837311398904626,0.39596213597925983,0.47370833333333334,0.4108589601614245,0.4735078208726982,0,3
0.267,0.10200000000000001,0.25966666666666655,0.09122134253196963,0.3060951274243757,0.48083333333333345,0.35985464658201516,0.35883631299341506,0.3259166666666667,0.29301767192545103,0.376121807367066,0.4455,0.40027023480339463,0.4569871952028824,0,4
0.235,-0.03200000000000003,0.2223333333333332,0.05216640042532181,0.27054756371218786,0.47516666666666674,0.36410021514229707,0.3234545092810107,0.33075000000000004,0.29080800445405663,0.3544107600798251,0.40595833333333325,0.36986348588148743,0.4392282195866518,0,5
0.417,0.182,0.3063333333333332,0.09716652372774709,0.3437737818560939,0.36366666666666675,0.20905374109703664,0.35018179234357905,0.35483333333333333,0.28438668723903543,0.3640398739136982,0.381,0.3463723806641574,0.4374499620197197,0,6
0.309,-0.10799999999999998,0.3203333333333332,0.09152777356264497,0.32638689092804696,0.2900000000000001,0.0882247130910611,0.33841556595969935,0.3658333333333334,0.279391817845106,0.35557220100389847,0.3496666666666666,0.31475451672231947,0.42717396505814215,0,7
1.649,1.34,0.7916666666666665,0.7444335654263138,0.9876934454640235,0.5070000000000001,0.5656882533692921,0.7128682613997852,0.4928333333333334,0.4526312633988787,0.5545610931571449,0.3678333333333333,0.37379495270357266,0.5249200478534908,1,0
1.733,0.08400000000000007,1.2303333333333333,0.7990027117183851,1.3603467227320118,0.7683333333333335,0.7178241195910511,1.004334472428418,0.6171666666666668,0.5675076024053624,0.7358593865175842,0.40241666666666664,0.45502956584940824,0.6215664440252116,0,1
1.574,-0.15900000000000003,1.652,0.0795424415013671,1.4671733613660058,0.9861666666666667,0.7334047768229136,1.1670960517345843,0.7334999999999999,0.6107353987388736,0.8648040962841097,0.44754166666666667,0.5140666493048694,0.6977611285031947,0,2
2.464,0.8899999999999999,1.9236666666666664,0.4746475885679092,1.965586680683003,1.3576666666666668,0.8343955097354422,1.5376400369532743,0.9164166666666667,0.7675428869668042,1.1108342353173235,0.543625,0.6540437967318992,0.8390602382229392,0,3
1.665,-0.7989999999999999,1.9009999999999998,0.48969071871947695,1.8152933403415015,1.5656666666666668,0.6972941034216974,1.5740285978237674,0.9646666666666667,0.7968132361685114,1.196090506806966,0.6069583333333334,0.6865508929592824,0.9051354191651041,0,4
1.58,-0.08499999999999996,1.9029999999999998,0.48769560178455357,1.6976466701707507,1.7775,0.3414233442516818,1.5757347127312622,1.0337500000000002,0.8123890833383195,1.2551535057597405,0.66525,0.7078724553501696,0.9591245856318957,0,5
1.643,0.06299999999999994,1.6293333333333333,0.04411726797220988,1.6703233350853752,1.7765000000000002,0.34188345967595796,1.594953366236616,1.14175,0.7988246052795331,1.314822197181319,0.7282916666666667,0.7252897159766218,1.013834618781344,0,6
1.203,-0.43999999999999995,1.4753333333333334,0.23794186965166933,1.4366616675426878,1.6881666666666668,0.41584007342567275,1.4829666901690113,1.22825,0.7372709043246166,1.2976187822303469,0.7712083333333334,0.7214669222684681,1.0289678492788366,0,7
1.436,0.23299999999999987,1.4273333333333333,0.22012799307069525,1.4363308337713439,1.6651666666666667,0.42708192032286835,1.4695476358350081,1.3256666666666668,0.6731561122913113,1.318908200348755,0.8257916666666666,0.7200840518069167,1.0615304213365298,0,8
1.212,-0.22399999999999998,1.2836666666666667,0.13200126262021977,1.324165416885672,1.4565000000000001,0.20879152281642566,1.3959625970250058,1.4070833333333335,0.5821865459132707,1.302460784910485,0.8689166666666667,0.7104675690463755,1.0735679876296074,0,9
1.071,-0.14100000000000001,1.2396666666666665,0.18406611131148576,1.197582708442836,1.3575,0.22991367945383737,1.303116140732147,1.4615833333333332,0.5068079174120265,1.266851433385795,0.9082083333333334,0.693585641191242,1.0733625486192389,0,10
1.594,0.5230000000000001,1.2923333333333333,0.2705962552093659,1.395791354221418,1.3598333333333334,0.23267781730682566,1.3862258148086766,1.5686666666666669,0.35379509563724815,1.3171819820956725,0.96725,0.6889306931760261,1.1150135447296998,1,0
1.561,-0.03300000000000014,1.4086666666666667,0.292893040773133,1.478395677110709,1.3461666666666667,0.2144102764950144,1.4361612962919117,1.5613333333333335,0.3528894581833943,1.354692446388646,1.0270833333333333,0.6748146229612386,1.150692461151324,0,1
1.423,-0.1379999999999999,1.5259999999999998,0.09071383576940566,1.4506978385553544,1.3828333333333334,0.20356759729060167,1.432400925922794,1.5355,0.3505189658984881,1.365201300790393,1.0763333333333334,0.6578697285254465,1.1724770642592182,0,2
1.448,0.02499999999999991,1.4773333333333332,0.073527772530739,1.4493489192776772,1.3848333333333331,0.20425221337030494,1.4368578042305673,1.5249999999999997,0.35114746966843646,1.3779395622072557,1.12925,0.6330793789091537,1.1945188991184807,0,3
1.27,-0.17799999999999994,1.380333333333333,0.09636562319277678,1.3596744596388386,1.3945,0.1956269408849454,1.3891841458789767,1.4255000000000002,0.1955995445244756,1.3613334757138318,1.1709583333333333,0.6063500552426407,1.2005573871890023,0,4
1.404,0.1339999999999999,1.3739999999999997,0.09271461589198819,1.3818372298194193,1.4500000000000002,0.1168811362025626,1.393417247056412,1.4037500000000003,0.18047317856628659,1.3678975563732423,1.1842083333333333,0.6078853566948769,1.216832796213882,0,5
1.313,-0.09099999999999997,1.329,0.06841783393238192,1.3474186149097096,1.4031666666666667,0.10312985342115344,1.3704408907545798,1.3815,0.1730756534529987,1.3594517784696665,1.207625,0.601260401699774,1.2245261725167715,0,6
1.804,0.4910000000000001,1.507,0.26120298620038535,1.5757093074548547,1.4436666666666669,0.189258201055248,1.494314921967557,1.3949166666666668,0.19942437998733745,1.4278438125512563,1.2683333333333333,0.5838909715577613,1.2708840787154299,1,0
1.18,-0.6240000000000001,1.4323333333333332,0.32867055440567255,1.3778546537274274,1.4031666666666667,0.21833223918301348,1.4045106585482552,1.393,0.2015359205519649,1.3897139952356783,1.3106250000000002,0.5352322382975854,1.2636133524181956,1,0
1.425,0.2450000000000001,1.4696666666666667,0.3143888250770566,1.4014273268637139,1.399333333333333,0.2175882962538854,1.4103647561058965,1.3920833333333336,0.20134748721069565,1.3951426113532663,1.358875,0.48709193065892936,1.2765242842247402,0,1
1.238,-0.18700000000000006,1.2809999999999997,0.12803515142334604,1.319713663431857,1.3940000000000001,0.22174489847570772,1.3611176829327831,1.3942499999999998,0.19936358972764195,1.3709668249912252,1.4006666666666667,0.42562206818671433,1.273442341486761,0,2
2.006,0.7679999999999998,1.5563333333333331,0.40049011639905885,1.6628568317159282,1.4943333333333335,0.3346333316731445,1.5453697735234164,1.4721666666666666,0.24009461518831388,1.468664236531037,1.466875,0.3878686815539954,1.3320469541678202,1,0
1.137,-0.8689999999999998,1.4603333333333335,0.47525186305087946,1.3999284158579641,1.4649999999999999,0.3604275239212483,1.428692695373869,1.4340833333333334,0.2548063287116621,1.4176389693724158,1.5013750000000001,0.30925897582840617,1.3164431978343945,1,0
0.719,-0.41800000000000004,1.287333333333333,0.6565381430909648,1.059464207928982,1.2841666666666667,0.42306756749562857,1.225923353838478,1.3639166666666667,0.3233833802254862,1.3101560510074288,1.462625,0.34603503372522454,1.268647742007643,0,1
0.26,-0.45899999999999996,0.7053333333333334,0.4386597010591848,0.659732103964491,1.1308333333333334,0.5986536282915754,0.94994525274177,1.2670000000000001,0.45254552759413685,1.1485935816216706,1.40125,0.41894404005266866,1.1879559226470315,0,2
0.269,0.009000000000000008,0.416,0.26244427980049506,0.4643660519822455,0.9381666666666666,0.6671477847273926,0.7553894662441214,1.16875,0.5308807647331347,1.0132714921414137,1.3468749999999998,0.47630884322090294,1.1144394488352691,0,3
0.108,-0.16100000000000003,0.21233333333333335,0.09046730532813642,0.2861830259911228,0.7498333333333335,0.7227573359480116,0.5704210473172295,1.0719166666666666,0.6107072588897302,0.8739989548888885,1.2487083333333333,0.47883803916734,1.0339242929284476,0,4
0.137,0.029000000000000012,0.17133333333333334,0.0858156939803806,0.2115915129955614,0.4383333333333333,0.4067695498272533,0.44658646236944965,0.9663333333333334,0.6559249310336644,0.760614500290598,1.1850416666666665,0.5208224665533031,0.9621703494941718,0,5
0.073,-0.06400000000000002,0.106,0.03204684071794146,0.1422957564977807,0.261,0.23830988229613795,0.33984747312103547,0.863,0.6929742222675209,0.6548276540920445,1.12225,0.560469775782082,0.8910367215346381,0,6
0.236,0.16299999999999998,0.14866666666666667,0.08212389014978752,0.18914787824889034,0.1805,0.08477912478905944,0.31017676651502535,0.7323333333333332,0.6456222274721216,0.590392630385576,1.063625,0.5769741017848501,0.838633783811867,0,7
0.083,-0.15299999999999997,0.13066666666666668,0.09135826910211467,0.13607393912444518,0.151,0.08234318429596243,0.24526911893930384,0.6409166666666667,0.6540817933746864,0.512332225710872,1.0169583333333334,0.6095833558699114,0.7781830811069177,0,8
0.094,0.010999999999999996,0.13766666666666666,0.08533658847958704,0.11503696956222259,0.12183333333333334,0.06020437414893891,0.20204937067093132,0.5299999999999999,0.6210514544632459,0.44797342175535326,0.9610416666666667,0.6306597290461629,0.7234484346183643,0,9
0.099,0.0050000000000000044,0.09200000000000001,0.008185352771941693,0.1070184847811113,0.12033333333333333,0.06072780801795352,0.1726066933363795,0.4350833333333333,0.5892322367181579,0.3942852030237604,0.9146666666666667,0.6519652342469392,0.6734925598488952,0,10
0.072,-0.02700000000000001,0.08833333333333333,0.01436430761764984,0.08950924239055565,0.1095,0.06291820086428668,0.14386192381169965,0.27391666666666664,0.32634266941175977,0.34470286409702805,0.8730416666666666,0.6730983828319707,0.6253731550609836,0,11
0.119,0.047,0.09666666666666668,0.023586719427136513,0.10425462119527781,0.11716666666666668,0.06033047875382236,0.1367585170083569,0.18908333333333335,0.18196426139285712,0.3099793465436391,0.8115833333333332,0.671745287950766,0.5848633026561049,0,12
0.066,-0.05299999999999999,0.08566666666666667,0.0290229794014067,0.08512731059763891,0.08883333333333333,0.019384701871974653,0.11654179786311206,0.13466666666666668,0.07569356083261641,0.27244406246000236,0.7492916666666666,0.6685384109264461,0.5433542384436164,1,0
0.121,0.05499999999999999,0.102,0.03119294792098233,0.10306365529881945,0.09516666666666666,0.02297317276009899,0.11781556990222289,0.12308333333333332,0.06459166612914728,0.2491449759276943,0.6950416666666667,0.6643053566576574,0.5095658993681271,1,0
0.097,-0.023999999999999994,0.09466666666666668,0.027574142476865206,0.10003182764940972,0.09566666666666668,0.022975349108672008,0.11186826421587348,0.10875,0.045543435810888336,0.22573805655420287,0.63875,0.6549010711882198,0.47656062741867694,0,1
0.324,0.227,0.18066666666666667,0.12470899459675838,0.21201591382470486,0.13316666666666666,0.09625677465334818,0.1724773315827668,0.12675,0.07702434680025456,0.24085527862278705,0.5993333333333334,0.6436275365435361,0.4643557772251828,1,0
0.534,0.21000000000000002,0.31833333333333336,0.2185551036542823,0.37300795691235245,0.2101666666666667,0.183127733199168,0.27576952255911913,0.15983333333333333,0.14073626742848738,0.28595446652697365,0.5630833333333333,0.6204185064844578,0.46992731504716817,0,1
0.858,0.32399999999999995,0.5720000000000001,0.26902044531968256,0.6155039784561762,0.3333333333333333,0.31242129675594454,0.44212108754222795,0.22524999999999998,0.24241554293104003,0.37396147167667004,0.544125,0.6032201496245322,0.5009731298433947,0,2
0.214,-0.644,0.5353333333333333,0.3220020703867193,0.4147519892280881,0.35800000000000004,0.29228684541046207,0.3769436339587342,0.22341666666666668,0.24241004267126448,0.3493520144956439,0.477875,0.5431580210855443,0.47801527945592315,1,0
0.941,0.727,0.6709999999999999,0.39794346332111064,0.677875994614044,0.49466666666666664,0.3460668528863554,0.5381025956848102,0.29491666666666666,0.31337617776066506,0.44037478149631404,0.4679166666666667,0.53179760097785,0.5150540570994493,1,0
1.344,0.40300000000000014,0.8329999999999999,0.5726892700234568,1.010937997307022,0.7025,0.42494034875497555,0.7683589969177216,0.3990833333333333,0.42749278746352914,0.5793940458814965,0.4645416666666667,0.5256813366989764,0.5813697325314934,0,1
1.381,0.03699999999999992,1.222,0.24405532159737692,1.1959689986535111,0.8786666666666667,0.4547006341172919,0.9433992835126583,0.5059166666666667,0.4997636638421945,0.7027180388228047,0.4705,0.5355470993779851,0.6453401539289739,0,2
0.9,-0.481,1.2083333333333333,0.2676645911085969,1.0479844993267555,0.9396666666666665,0.42263396298294287,0.9309994882233273,0.5749166666666666,0.4914992755628353,0.7330691097731425,0.4244166666666667,0.43600896646809817,0.6657129416146561,0,3
2.424,1.524,1.5683333333333334,0.7790791572961837,1.7359922496633777,1.2006666666666665,0.7322495931488581,1.3575710630166622,0.767,0.70231979247996,0.9932123236541975,0.4780416666666667,0.5821224642682985,0.8063759062854836,1,0
2.493,0.06899999999999995,1.939,0.9004615483184153,2.114496124831689,1.5805,0.7087907307520341,1.6819793307261872,0.9692500000000001,0.821450947464857,1.2239488892458594,0.5519583333333333,0.7121553005499914,0.941305833782645,0,1
1.763,-0.73,2.2266666666666666,0.4030264672863689,1.9387480624158444,1.7175,0.6361844858215286,1.7051280933758481,1.1060833333333333,0.8038786043962498,1.306879829361881,0.6145833333333334,0.7504217896082442,1.0070413670800333,0,2
1.364,-0.3989999999999998,1.8733333333333333,0.5725297663295166,1.6513740312079221,1.7208333333333332,0.6338843480215216,1.6076629238398916,1.2116666666666667,0.739958639302758,1.3156675479215916,0.6602083333333333,0.7616998712357639,1.0355980577136308,0,3
1.777,0.4129999999999998,1.6346666666666667,0.2345087063060373,1.7141870156039611,1.7868333333333333,0.6116500361045274,1.6560449455999224,1.3327499999999999,0.6992620948347822,1.3866417713182697,0.72975,0.7849264296735073,1.0949102130965405,0,4
1.257,-0.52,1.466,0.274596066978386,1.4855935078019806,1.8463333333333332,0.5183796549505679,1.5420321039999445,1.393,0.6538569484917243,1.3666968834231512,0.7764166666666666,0.7814393585010242,1.1078773960488173,0,5
0.769,-0.4879999999999999,1.2676666666666667,0.5040846489760742,1.1272967539009904,1.5705,0.5854966268049735,1.321165788571389,1.3855833333333332,0.6609434659269395,1.2747435167426664,0.8054166666666666,0.7669807500938288,1.080767204364912,0,6
0.488,-0.281,0.838,0.3891156640383413,0.8076483769504952,1.2363333333333333,0.5224609714291283,1.083118420408135,1.4084166666666667,0.6202712688571809,1.15370605262841,0.8159166666666665,0.7605444226608852,1.033345828015719,0,7
0.646,0.15800000000000003,0.6343333333333333,0.14086281742650544,0.7268241884752475,1.0501666666666665,0.4955794251849727,0.9582274431486679,1.3838333333333335,0.6458010998798785,1.075597429147116,0.839375,0.7454889736157123,1.0023581617744617,0,8
1.396,0.7499999999999999,0.8433333333333333,0.4850993025488004,1.0614120942376237,1.0554999999999999,0.49978665448369197,1.0833053165347628,1.3881666666666665,0.6456839690427416,1.124890132355252,0.893625,0.7362050643259186,1.0338495088325048,0,9
0.934,-0.46199999999999986,0.992,0.37834904519504076,0.997706047118812,0.9149999999999999,0.35346626430255124,1.0406466546676878,1.3509166666666665,0.6588937641412634,1.0955224196852134,0.9284166666666667,0.716486045658384,1.0258615481259046,0,10
2.184,1.25,1.5046666666666668,0.632045357022209,1.590853023559406,1.0695,0.6284691718771903,1.3673190390483483,1.4579166666666667,0.682832663959258,1.2629805089644113,1.0164166666666665,0.7361558741289052,1.1185126242758323,0,11
2.9,0.7159999999999997,2.0060000000000002,0.9950135677466901,2.245426511779703,1.4246666666666667,0.9464076640997096,1.8052278850345345,1.4975833333333333,0.7541564171411335,1.514829661431425,1.1322916666666667,0.8044594987598364,1.2610316143337656,0,12
2.604,-0.2959999999999998,2.562666666666667,0.35978512105606825,2.4247132558898516,1.7773333333333332,0.9214854674202244,2.0334484893103815,1.5068333333333335,0.7680286255713192,1.6823943289035135,1.2380416666666667,0.8247561156865213,1.3684690851870644,0,13
2.926,0.32200000000000006,2.81,0.1788742575106772,2.675356627944926,2.1573333333333333,0.8268974946549724,2.2884632066502726,1.6037499999999998,0.8699135928877699,1.8737182783029729,1.3549166666666668,0.857668929572258,1.4930715583720995,0,14
3.314,0.3879999999999999,2.948,0.3555108999735394,2.994678313972463,2.477,0.8442660718043831,2.581473719035909,1.76625,0.9942949192083982,2.095300081640977,1.4889583333333334,0.9027289293733397,1.6387458337023315,0,15
2.263,-1.0510000000000002,2.8343333333333334,0.5314624477169855,2.6288391569862313,2.6984999999999997,0.4323192107690842,2.490481227882792,1.80675,1.0046169894315664,2.1211000690808266,1.56975,0.8804274283106696,1.688686167006145,1,0
1.074,-1.1889999999999998,2.217,1.1207082582010348,1.8514195784931156,2.5135,0.7878374832413114,2.0857723056305657,1.7915,1.0150555291572603,1.9600077507606994,1.59225,0.859457526077022,1.6395112736456534,0,1
1.683,0.609,1.6733333333333331,0.5945589401676936,1.7672097892465577,2.3106666666666666,0.8242498812051294,1.9706945040218327,1.8676666666666668,0.9643822642060303,1.917391173720592,1.6266249999999998,0.8451935622144172,1.6429903717540013,0,2
1.773,0.08999999999999986,1.51,0.38025912217854557,1.770104894623279,2.172166666666667,0.8348517033980765,1.9142103600155949,1.9747500000000002,0.8633046575909222,1.8951771469943473,1.6915833333333332,0.7900122682958609,1.6533911420136813,0,3
1.281,-0.492,1.579,0.2619694638693564,1.5255524473116395,1.898,0.8074399048845696,1.7332931142968533,2.0276666666666667,0.7908772268050113,1.8006883551490631,1.70575,0.7789383103329481,1.6235998506525868,0,4
1.207,-0.07399999999999984,1.4203333333333334,0.3076513177825369,1.3662762236558197,1.5468333333333335,0.44549137664680893,1.582923653069181,2.0119166666666666,0.8063311363919595,1.7093516851261303,1.7000416666666667,0.782199767610088,1.59027186260038,0,5
1.022,-0.18500000000000005,1.1700000000000002,0.133405397192162,1.1941381118279097,1.34,0.3156542412197279,1.4226597521922721,2.01925,0.7959702055867516,1.6036052720298026,1.6850833333333333,0.7919382341235123,1.5448101135923498,0,6
1.14,0.11799999999999988,1.123,0.09366429415737121,1.167069055913955,1.351,0.3055179209146367,1.34189982299448,1.93225,0.8325407033456506,1.5322813840252176,1.6950833333333335,0.7830592690471009,1.5124253045049618,0,7
0.582,-0.5579999999999999,0.9146666666666667,0.29407708739943017,0.8745345279569774,1.1675,0.38621483658710215,1.1247855878532,1.7390833333333333,0.8561668760802233,1.386084248021338,1.6183333333333334,0.7986249958885404,1.437991280144565,0,8
1.17,0.588,0.964,0.3311615919758792,1.0222672639784887,1.067,0.25242186910012754,1.1377039913237144,1.6195833333333332,0.8239401410664524,1.3528405175565168,1.5632083333333335,0.7810938249697006,1.4165519777329996,1,0
0.52,-0.6499999999999999,0.7573333333333334,0.35872180493152667,0.7711336319892443,0.9401666666666667,0.30837536650431163,0.961217136659796,1.4190833333333337,0.7679729467694142,1.2247112071632065,1.5114166666666666,0.808015923038685,1.3448278195143597,1,0
0.191,-0.329,0.6270000000000001,0.49819373741547485,0.4810668159946222,0.7708333333333334,0.39836787855783307,0.7411550976141401,1.1588333333333334,0.5714674624211447,1.0656787137534824,1.4625416666666666,0.8516199897161045,1.2525215939532108,0,1
0.118,-0.07300000000000001,0.2763333333333334,0.21415492834238709,0.2995334079973111,0.6201666666666666,0.4517496725695198,0.5631107840101001,0.9800833333333333,0.5285535077984661,0.919881988560639,1.3934166666666667,0.8913870928364188,1.161759866436954,0,2
0.06,-0.057999999999999996,0.12300000000000007,0.06564297372910374,0.17976670399865555,0.44016666666666665,0.41702489933656045,0.4193648457215,0.8955833333333333,0.5896922862173504,0.7875924518590022,1.3435416666666666,0.9319176572678168,1.0736190771219976,0,3
0.123,0.063,0.1003333333333334,0.0350190424388384,0.1513833519993278,0.36366666666666664,0.4277647328458347,0.33468917551535715,0.7655833333333334,0.5720113569014571,0.6853474592653095,1.316625,0.9581925381766396,0.9975695509522378,0,4
0.06,-0.063,0.08100000000000007,0.03637306695894445,0.10569167599966389,0.17866666666666667,0.1741283051851948,0.25620655393954084,0.6228333333333332,0.5079008194758567,0.5891401578398773,1.2987916666666668,0.9780617913780412,0.9225639868760588,0,5
0.122,0.062,0.10166666666666674,0.036087855759703476,0.11384583799983194,0.11233333333333333,0.048796174713478475,0.21786182424252917,0.52625,0.4808426552323681,0.517272441249127,1.2769583333333334,0.9988944531947248,0.8585188679259741,0,6
0.061,-0.061,0.08100000000000007,0.035510561809127386,0.08742291899991597,0.09066666666666667,0.033272611359319394,0.17304416017323512,0.43075,0.44588015613656656,0.4470766810569536,1.2213333333333334,1.02870322194527,0.7947173584918962,0,7
0.121,0.06,0.1013333333333334,0.03493326972004143,0.10421145949995798,0.09116666666666666,0.0337841185569242,0.15817440012373937,0.35566666666666663,0.4118272659376776,0.3969110378174222,1.1874583333333333,1.0517052397092466,0.7408199698125445,0,8
0.061,-0.06,0.08100000000000007,0.03464101615137547,0.08260572974997898,0.09133333333333334,0.033601587264120575,0.13041028580267097,0.26575,0.3357824309118883,0.34523241661474185,1.099,1.0535229924648886,0.686434372227541,0,9
0.168,0.10700000000000001,0.11666666666666674,0.05363145843004034,0.12530286487498948,0.09883333333333333,0.045128335518477884,0.14115020414476498,0.23124999999999998,0.3212908976443267,0.31796589098170464,0.9851666666666666,0.9965181412282975,0.6449596224493378,1,0
0.132,-0.036000000000000004,0.1203333333333334,0.05444569159569139,0.12865143243749474,0.11083333333333333,0.04221571587298167,0.13853586010340357,0.14475000000000002,0.12588531938383588,0.2893557539075962,0.8821666666666667,0.9485175924506647,0.6039228526533909,0,1
0.105,-0.02700000000000001,0.1350000000000001,0.03160696125855485,0.11682571621874738,0.10799999999999998,0.04188555837041747,0.1289541857881454,0.11016666666666668,0.04341519075030856,0.2609933302295045,0.7646250000000001,0.8543473895064706,0.5640090244411196,0,2
0.193,0.08800000000000001,0.14333333333333342,0.045081407845508875,0.1549128581093737,0.13,0.046656189300045225,0.1472529898486753,0.11033333333333332,0.04375621168031975,0.25053281788650383,0.6345833333333334,0.6662516769971003,0.5343283024858301,0,3
0.882,0.6890000000000001,0.39333333333333337,0.4254789458167499,0.5184564290546868,0.2568333333333333,0.3097698608106805,0.35718070703476806,0.17400000000000002,0.22720235274071363,0.347681615134734,0.5770416666666667,0.5725423454372959,0.5621420382869636,1,0
1.034,0.15200000000000002,0.7030000000000002,0.4481640324702542,0.7762282145273434,0.41900000000000004,0.4213397678833577,0.5505576478819771,0.2551666666666667,0.33239867446770144,0.45326905896015957,0.5753750000000001,0.5710891815302307,0.5998906752240066,0,1
1.178,0.1439999999999999,1.0313333333333334,0.14801801692135982,0.9771141072636716,0.5873333333333334,0.496124849878202,0.7298268913442694,0.34308333333333335,0.4217688850831082,0.5647661268124426,0.5543333333333333,0.5367771512880618,0.6461394212060861,0,2
0.883,-0.29499999999999993,1.031666666666667,0.14751384115848915,0.9300570536318358,0.7125,0.45095221476338465,0.773590636674478,0.4116666666666667,0.43814782340155534,0.613725184225913,0.5172500000000001,0.47625589121085177,0.6650882675095993,0,3
0.585,-0.29800000000000004,0.8820000000000001,0.29650126475278105,0.7575285268159179,0.7925000000000001,0.3537200870745141,0.7197075976246272,0.45025000000000004,0.43064246402112627,0.6093059251142341,0.48825,0.44808503172073616,0.6586812061088313,0,4
0.107,-0.478,0.5250000000000001,0.3914639191547531,0.4322642634079589,0.7781666666666666,0.3833710561149192,0.5446482840175909,0.4540833333333334,0.4270523617742617,0.532028090481275,0.4424166666666666,0.42713798978648543,0.6145467096201248,0,5
0.167,0.06000000000000001,0.2863333333333335,0.2603868916311506,0.29963213170397945,0.659,0.449979110626262,0.43674877429827924,0.4579166666666667,0.42398616150945345,0.47586992271492495,0.4067916666666667,0.41208673413405883,0.5787429728505149,0,6
0.105,-0.06200000000000001,0.1263333333333335,0.03523256069792141,0.20231606585198972,0.5041666666666667,0.45494105845336524,0.34196341021305665,0.4615833333333333,0.4204167755353256,0.41881301152801337,0.36366666666666664,0.38530650325328597,0.5408435350224737,0,7
0.166,0.06100000000000001,0.14600000000000016,0.035510561809120475,0.18415803292599486,0.33549999999999996,0.323873895212321,0.2916881501521833,0.46141666666666664,0.4205441190417615,0.37991870206216516,0.3463333333333333,0.3844135755946301,0.5108560522206759,0,8
0.098,-0.068,0.12300000000000015,0.03740320841852188,0.14107901646299742,0.20466666666666666,0.18890067937058372,0.23634867868013093,0.45858333333333334,0.4230721963605485,0.3365465940526013,0.30166666666666664,0.34478457882727365,0.47782756804302184,0,9
0.118,0.01999999999999999,0.1273333333333335,0.03494757979220758,0.1295395082314987,0.12683333333333333,0.03139055059517141,0.2025347704858078,0.45966666666666667,0.4221000168709182,0.30292404112143184,0.28491666666666665,0.3434788667211667,0.4490413625995801,0,10
0.06,-0.057999999999999996,0.09200000000000015,0.029461839725302506,0.09476975411574935,0.11900000000000001,0.041549969915769425,0.1618105503470056,0.44858333333333333,0.4313826519741465,0.2655511117181346,0.2794583333333333,0.3460673444346591,0.41791805359161377,0,11
0.405,0.34500000000000003,0.1943333333333335,0.18473314086360537,0.24988487705787468,0.15866666666666668,0.1254458714612324,0.23129325024786113,0.4088333333333333,0.40922206315117265,0.28700478683842157,0.29141666666666666,0.34520314330105184,0.41688460930428467,1,0
0.123,-0.28200000000000003,0.19600000000000017,0.18371989549311019,0.18644243852893733,0.16166666666666668,0.12411392615926725,0.20035232160561509,0.33291666666666664,0.3647909633882159,0.2617732811709721,0.2940416666666667,0.34360271284633553,0.39337384055994196,1,0
0.32,0.197,0.28266666666666684,0.14465937001567714,0.25322121926446867,0.18733333333333335,0.14008521216269784,0.23453737257543933,0.2614166666666667,0.25017283419608743,0.27073123791389947,0.30225,0.34168676858503894,0.38750393331514665,0,1
0.497,0.177,0.3133333333333335,0.18708910533040815,0.3751106096322343,0.2538333333333333,0.17860505778579766,0.3095266946967424,0.22925000000000004,0.1771409941774858,0.3055418166963765,0.32045833333333335,0.33985495360926055,0.396263618649935,0,2
0.434,-0.063,0.4170000000000002,0.08971621926942268,0.4045553048161171,0.3065,0.17712453246233706,0.34509049621195886,0.2166666666666667,0.15333642948127787,0.3253046141277032,0.33345833333333336,0.3378951444208505,0.39928252915794016,0,3
1.022,0.5880000000000001,0.6510000000000001,0.32283587161280414,0.7132776524080586,0.4668333333333334,0.3012649443042922,0.5384932115799705,0.29291666666666666,0.27392748155583274,0.4324885196465181,0.3735,0.36039579691608736,0.449099926825305,0,4
2.379,1.357,1.2783333333333335,0.9975150792511016,1.5461388262040292,0.7958333333333334,0.8314944177002445,1.0643522939856933,0.47725,0.6573737175651758,0.7319518243162846,0.4675833333333333,0.5410614299823006,0.6034919326792806,0,5
2.469,0.08999999999999986,1.9566666666666668,0.8106949693524257,2.0075694131020145,1.1868333333333334,0.9885758274743869,1.465680209989781,0.6742500000000001,0.8589810162999183,0.9991900051907023,0.5679166666666666,0.6702351253018638,0.7527325780649382,0,6
2.614,0.14500000000000002,2.4873333333333334,0.11856784274553368,2.310784706551007,1.5691666666666666,1.029052266246311,1.793771578564129,0.87825,1.0054963609174252,1.2476223120844405,0.6698333333333334,0.7832258637348409,0.9016339718197431,0,7
1.294,-1.3199999999999998,2.125666666666667,0.7238841988421424,1.8023923532755035,1.702,0.9071989858900871,1.650979698974378,0.9779166666666667,0.9800792600910442,1.2547573409945267,0.7182499999999999,0.784447811881209,0.9330232540741636,0,8
1.104,-0.18999999999999995,1.6706666666666667,0.822455672564383,1.4531961766377517,1.8136666666666665,0.746995760809035,1.4946997849816985,1.0600833333333333,0.9420255215934096,1.2315639039184458,0.7598750000000001,0.7769613785096732,0.9467013937482307,0,9
1.286,0.18199999999999994,1.2280000000000002,0.10746162105607632,1.3695980883188759,1.8576666666666666,0.6971503902793638,1.4350712749869277,1.16225,0.8886735902455983,1.2399386879309926,0.8054166666666666,0.7743179280006294,0.9738452822483723,0,10
1.262,-0.02400000000000002,1.2173333333333336,0.09888039913619438,1.315799044159438,1.6715,0.6789956553616543,1.385622339276377,1.2336666666666667,0.8561258757633228,1.243332735941609,0.82125,0.7798176068799674,0.9968976596685026,0,11
1.782,0.52,1.4433333333333334,0.29353932161353163,1.548899522079719,1.5570000000000002,0.5661657001267406,1.4988730994831263,1.3719166666666667,0.7920169257068067,1.3262046227198232,0.8524166666666667,0.8032846112472627,1.0597058468950225,0,12
1.673,-0.10899999999999999,1.5723333333333336,0.2742267917861636,1.6109497610398595,1.4001666666666666,0.2650829429945825,1.5486236424879474,1.4846666666666666,0.7218518273205803,1.379557757686004,0.8730416666666668,0.8182235518469881,1.1087693791434208,0,13
1.999,0.32600000000000007,1.8180000000000003,0.16595481312694052,1.80497488051993,1.5176666666666667,0.35095222846801977,1.6773026017771053,1.6098333333333332,0.662833015216205,1.4748565641958495,0.9195416666666666,0.8499118613723711,1.1799878288119472,0,14
1.377,-0.6220000000000001,1.683,0.31112055541220385,1.590987440259965,1.5631666666666668,0.30069347626223814,1.5915018584122183,1.6884166666666667,0.558435063097733,1.4598017081657189,0.9525416666666667,0.851731432419289,1.1957488025069916,1,0
1.335,-0.04200000000000004,1.5703333333333334,0.37182971012727306,1.4629937201299825,1.5713333333333332,0.29220586350494265,1.5182156131515845,1.7145000000000001,0.5311201713017834,1.440601445370993,1.0037083333333334,0.8354579311432411,1.2068888983064323,0,1
1.795,0.45999999999999996,1.5023333333333335,0.2543252510729756,1.6289968600649911,1.6601666666666668,0.25842323166981174,1.5972968665368459,1.6658333333333333,0.4898491109669906,1.4951242999293017,1.0715416666666666,0.8306466302076726,1.2539377864419177,0,2
1.797,0.0020000000000000018,1.6423333333333334,0.2661603526698362,1.7129984300324956,1.6626666666666667,0.2599058804003272,1.6543549046691757,1.6098333333333334,0.42361750185608205,1.5415667153247938,1.1420416666666666,0.8167325930946971,1.2973827635265645,0,3
1.521,-0.276,1.7043333333333335,0.1587744731791964,1.6169992150162478,1.6373333333333333,0.26603283005424194,1.6162535033351255,1.51875,0.2818697716709232,1.5384026052748254,1.1985,0.7928114529949727,1.3152721424444394,0,4
0.235,-1.286,1.1843333333333335,0.8336482071793434,0.9259996075081238,1.3433333333333335,0.578098146223173,1.2216096452393754,1.4305,0.4649536633804595,1.3378791275402369,1.2042083333333333,0.7849979218563832,1.2288503710488843,1,0
0.878,0.643,0.8780000000000001,0.643000000000001,0.901999803754062,1.2601666666666667,0.6074354012293564,1.1234354608852681,1.4116666666666668,0.4835849710675725,1.2671284925340465,1.235875,0.7539921757465101,1.2007823413649736,0,1
0.175,-0.7030000000000001,0.4293333333333335,0.3897131423667112,0.538499901877031,1.0668333333333333,0.7473431385024346,0.8524539006323344,1.3190833333333332,0.6017467691998232,1.0991087244518853,1.2406666666666666,0.7465229351825856,1.1187197540557758,0,2
0.225,0.05000000000000002,0.4260000000000001,0.39224099734729817,0.3817499509385155,0.8051666666666667,0.7155765274704511,0.6731813575945246,1.2326666666666666,0.6800559246165436,0.9646304591515953,1.2331666666666667,0.7561259767747851,1.0472221737313139,0,3
0.16,-0.065,0.18666666666666684,0.03403429642783076,0.27087497546925776,0.5323333333333333,0.5560804498151947,0.5265581125675176,1.0975,0.7209112289318304,0.8408411577436575,1.2347083333333333,0.7537981784540073,0.9762443998328089,0,4
0.174,0.013999999999999985,0.18633333333333346,0.03421013495058818,0.22243748773462887,0.30783333333333335,0.2809508260651128,0.4258272232625126,0.9725833333333332,0.7416961468434541,0.7382502103984795,1.228625,0.7620450638563482,0.9120648478461842,0,5
0.19,0.016000000000000014,0.17466666666666683,0.015011106999069079,0.20621874386731442,0.30033333333333334,0.28386945356390364,0.35844801661608044,0.8218333333333333,0.6965788910921393,0.6539040241833288,1.2158333333333333,0.7772843286315707,0.8542996600184896,0,6
0.157,-0.033,0.17366666666666683,0.016502525059441803,0.18160937193365723,0.18016666666666667,0.024959300203917033,0.3008914404400575,0.7201666666666666,0.6972154790611205,0.5774572512320475,1.2042916666666665,0.7913279691190908,0.7985156872170105,0,7
0.123,-0.034,0.15666666666666682,0.033501243758069225,0.1523046859668286,0.17149999999999999,0.034367135464024146,0.2500653146000411,0.6191666666666666,0.687775046909612,0.5075407510425017,1.1668333333333334,0.8210514291293585,0.7444744322396496,0,8
0.21,0.087,0.16333333333333347,0.04384442191815905,0.18115234298341432,0.169,0.02995997329776157,0.23861808185717223,0.4870833333333333,0.5861167209746407,0.46176525088211684,1.0764583333333333,0.800951715375102,0.7017164776604777,1,0
0.174,-0.036000000000000004,0.16900000000000012,0.04371498598883671,0.17757617149170715,0.17133333333333334,0.029662546530418672,0.22015577275512302,0.3518333333333334,0.42011791274125104,0.41749367382332964,0.9808333333333333,0.7635968471173357,0.6594991594476396,0,1
0.164,-0.009999999999999981,0.18266666666666678,0.024193663082250905,0.17078808574585358,0.16966666666666666,0.0297635123375796,0.2041112662536593,0.23875,0.20368564237347755,0.3784946470812789,0.87875,0.6965980220671211,0.6198592266918285,0,2
0.113,-0.051000000000000004,0.15033333333333349,0.032715949219571765,0.14189404287292678,0.15683333333333335,0.035323740836288184,0.17807947589547093,0.22858333333333333,0.20690905263088752,0.3376493167610821,0.8295416666666667,0.7076153449786646,0.5793104885564823,0,3
0.442,0.329,0.23966666666666683,0.1770715486274891,0.2919470214364634,0.20433333333333334,0.12167278523428833,0.2534853399253364,0.19225,0.08468564867151081,0.35370326802860796,0.8019583333333333,0.7093520913430458,0.5683256494719637,1,0
0.456,0.014000000000000012,0.3370000000000002,0.19411594473407776,0.3739735107182317,0.25983333333333336,0.1498404707235974,0.3113466713752403,0.21566666666666667,0.1134478921903339,0.36944122679343755,0.767375,0.7049463632078677,0.5593395975142066,0,1
0.511,0.05499999999999999,0.46966666666666684,0.036473734842161536,0.44248675535911586,0.31,0.17762995242920765,0.36839047955374304,0.23950000000000002,0.14202848625925787,0.39121949959444713,0.7360833333333333,0.6986760720270786,0.5554724297130701,0,2
1.671,1.1600000000000001,0.8793333333333336,0.6861547444515228,1.0567433776795578,0.5595,0.5688735360341546,0.7405646282526737,0.36541666666666667,0.43427106288654654,0.5881088073491476,0.7314583333333333,0.6917848358109406,0.6447146353360246,1,0
1.173,-0.498,1.1183333333333334,0.5819289761932581,1.114871688839779,0.7276666666666668,0.5776447581919784,0.8641175916090527,0.4486666666666667,0.48681606258204263,0.6780920677569711,0.710625,0.6693626308076499,0.6869774645091427,0,1
0.993,-0.18000000000000005,1.2790000000000001,0.3512093392835669,1.0539358444198894,0.8743333333333333,0.4963642479738737,0.900941136863609,0.5155833333333334,0.5029499267202283,0.7265394419482063,0.6687083333333333,0.6144181750571663,0.7114592673484113,0,2
0.707,-0.28600000000000003,0.9576666666666668,0.23500070921879007,0.8804679222099447,0.9184999999999999,0.46071064671874307,0.8455293834740064,0.5614166666666667,0.49224854371331855,0.7235333739561746,0.6407916666666668,0.5957752697967986,0.7111025259605384,0,3
0.266,-0.44099999999999995,0.6553333333333334,0.36624354374287005,0.5732339611049724,0.8868333333333333,0.5034093430466593,0.6799495596242903,0.5733333333333334,0.4823006103955113,0.6531436241167631,0.59625,0.5814052130305759,0.6754943238836952,0,4
0.288,0.021999999999999964,0.42033333333333345,0.24850419178222447,0.4306169805524862,0.8496666666666667,0.5433539055410103,0.5679639711602074,0.5798333333333333,0.477460104631953,0.5969676819449533,0.5334583333333333,0.5249482773003247,0.6444947779729996,0,5
0.234,-0.053999999999999965,0.2626666666666668,0.02715388247262809,0.3323084902762431,0.6101666666666666,0.40901413993487945,0.4725456936858624,0.5848333333333334,0.4731182503221396,0.5411265001072683,0.4683333333333333,0.45346364282301355,0.6116551957351596,0,6
0.28,0.04600000000000001,0.2673333333333335,0.029143323992593548,0.30615424513812156,0.4613333333333333,0.3148915157108384,0.4175326383470446,0.5945,0.4648510025217311,0.5009531923984578,0.416625,0.3952250665897449,0.5851227800763468,0,7
0.243,-0.03700000000000003,0.25233333333333346,0.024378952671051023,0.27457712256906075,0.3363333333333333,0.18277490710343475,0.36766617024788906,0.6053333333333334,0.4539976638572964,0.4612680858756182,0.4169583333333334,0.39506856632924875,0.557752957670239,0,8
0.272,0.029000000000000026,0.2650000000000002,0.01946792233403343,0.2732885612845304,0.26383333333333336,0.021169947252396005,0.3403329787484922,0.5911666666666667,0.4621370975908566,0.43214991881783077,0.3917083333333333,0.38351764078996436,0.5348927210566199,0,9
0.254,-0.018000000000000016,0.25633333333333347,0.014640127504134936,0.2636442806422652,0.26183333333333336,0.021488756750199147,0.31566641339178014,0.5743333333333333,0.47110013089929975,0.40474223899970296,0.395,0.38191246436164045,0.5124213033720904,0,10
0.255,0.0010000000000000009,0.26033333333333347,0.010115993937192253,0.2593221403211326,0.25633333333333336,0.017258814173321146,0.2983331524227001,0.553,0.47994223137222414,0.3817049714612871,0.39625,0.3813805870438501,0.4918275991023231,0,11
0.266,0.01100000000000001,0.25833333333333347,0.006658328118778695,0.2626610701605663,0.26166666666666666,0.01351542328857036,0.2890951088733572,0.4359166666666667,0.33052752830846255,0.36390420662108913,0.40066666666666667,0.3791328397078341,0.4737613911741373,0,12
0.236,-0.030000000000000027,0.25233333333333346,0.015176736583908463,0.24933053508028313,0.25433333333333336,0.013515423288570394,0.27392507776668373,0.3578333333333334,0.23841210819364472,0.3442266363716908,0.40325000000000005,0.3777298609139681,0.4547404798802063,1,0
0.284,0.04799999999999999,0.2620000000000002,0.024248711306046118,0.2666652675401415,0.26116666666666666,0.016642315544095097,0.27680362697620264,0.29875,0.12981394027959456,0.33496100000681533,0.4071666666666666,0.37590547686383957,0.44108124148978983,1,0
0.231,-0.052999999999999964,0.25033333333333346,0.02926317367165347,0.24883263377007075,0.2543333333333333,0.01947990417505257,0.2637168764115733,0.25908333333333333,0.020020254895125968,0.3189670000057668,0.41025,0.37406326481887425,0.4242747421706067,1,0
0.437,0.206,0.31733333333333347,0.10696884281573331,0.3429163168850354,0.2848333333333333,0.07704911853272058,0.31322634029398094,0.2733333333333334,0.055250394212269786,0.33712592308180267,0.42333333333333334,0.36903701554258544,0.42529276279695816,1,0
1.09,0.653,0.5860000000000002,0.4484651602967644,0.7164581584425177,0.424,0.3349274548316435,0.5351616716385579,0.34016666666666673,0.242469804430595,0.45295270414614075,0.46,0.39003890552877635,0.4784693417732015,0,1
0.786,-0.30400000000000005,0.7710000000000002,0.32675832047554937,0.7512290792212588,0.5106666666666667,0.35267416501165666,0.6068297654561128,0.3861666666666667,0.27116108373684095,0.5041907496621191,0.4855,0.3905331918199045,0.5030717944313454,0,2
1.3,0.514,1.0586666666666669,0.2584285845902772,1.0256145396106295,0.6880000000000001,0.4429036012497556,0.8048784038972234,0.4711666666666667,0.3748856391277837,0.626622942021793,0.5328333333333334,0.417765761981588,0.5668260508768378,0,3
1.087,-0.21300000000000008,1.0576666666666668,0.25825246045940015,1.0563072698053149,0.8218333333333333,0.4169735802981637,0.8854845742123025,0.5415,0.40606325078288946,0.6974501817107479,0.5734166666666667,0.4224906396356126,0.6084399668066909,0,4
1.012,-0.07499999999999996,1.1330000000000002,0.14940883508012653,1.0341536349026574,0.952,0.30158050334861247,0.9216318387230733,0.6031666666666667,0.4174454419079227,0.745842461447556,0.5971666666666667,0.43072281681788716,0.6407247694621556,0,5
1.117,0.10499999999999998,1.072,0.05408326913196575,1.0755768174513287,1.0653333333333332,0.16714504679071143,0.9774513133736238,0.6750833333333333,0.42607200806977413,0.8029436212248551,0.6247083333333333,0.44228177907466215,0.6788267879051831,0,6
0.875,-0.242,1.0013333333333334,0.12135210477504799,0.9752884087256644,1.0294999999999999,0.18308549915272498,0.9481795095525885,0.72675,0.40769577004071844,0.8140292179594928,0.639875,0.44444878538036975,0.6945206448727685,0,7
0.831,-0.04400000000000004,0.9410000000000002,0.1540000000000036,0.9031442043628322,1.0370000000000001,0.17168226466354192,0.9146996496804204,0.7738333333333333,0.381426707682271,0.8166401075041861,0.6048749999999999,0.3893812608541233,0.7054389932829471,0,8
0.943,0.11199999999999999,0.8830000000000001,0.05642694391867518,0.9230721021814161,0.9774999999999999,0.11471660734175518,0.9227854640574431,0.8327499999999999,0.3435176652861384,0.8360800909650806,0.5952916666666667,0.3774379855963274,0.7244438738203113,0,9
0.822,-0.121,0.8653333333333334,0.06741167060186765,0.8725360510907081,0.9333333333333332,0.11513933587905179,0.8939896171838879,0.8775833333333334,0.297400390760075,0.8339139231242989,0.5881666666666666,0.37116580926994536,0.7322483639146864,0,10
1.002,0.18000000000000005,0.9223333333333334,0.09176237427908303,0.937268025545354,0.9316666666666666,0.1138378964434476,0.9248497265599199,0.9418333333333333,0.21758794808425802,0.8597733195667145,0.6004583333333333,0.3800505663342886,0.7538284948015115,0,11
1.388,0.3859999999999999,1.0706666666666667,0.2891804511604026,1.1626340127726769,0.9768333333333334,0.21281298519279573,1.0571783761142284,1.0210833333333333,0.18820465569226683,0.941038962710297,0.6472083333333333,0.4052905537648435,0.8045622152173906,0,12
1.643,0.2550000000000001,1.3443333333333334,0.32272330770078117,1.4028170063863383,1.1048333333333333,0.335127090320477,1.2245559829387345,1.0671666666666666,0.2604502511677334,1.0490329684471744,0.7036666666666668,0.44546308749304875,0.8716372379999994,0,13
1.441,-0.20199999999999996,1.4906666666666668,0.13455977606005654,1.421908503193169,1.2065,0.32788946308169553,1.2863971306705246,1.12175,0.2647678657376582,1.1093355886860707,0.7539583333333333,0.458088227610535,0.9171862589599995,0,14
1.155,-0.28600000000000003,1.4130000000000003,0.24520195757782903,1.2884542515965847,1.2418333333333333,0.30439672578178173,1.2488550933360891,1.1096666666666666,0.2591424084915277,1.1163608827343676,0.7904166666666668,0.45352377979614117,0.9362113582431996,0,15
2.029,0.8739999999999999,1.541666666666667,0.44561119076312733,1.6587271257982923,1.4430000000000003,0.36437617924337845,1.4717536380972065,1.1881666666666666,0.3704316482977766,1.2567669007752342,0.8648333333333333,0.503563101409792,1.0236344495837435,1,0
0.811,-1.218,1.3316666666666668,0.6279246239265769,1.2348635628991462,1.4111666666666667,0.41538243422979415,1.2829668843551476,1.1714166666666666,0.3834376702538479,1.1881873775790444,0.8872916666666667,0.487744808468942,1.006623693617044,1,0
0.8,-0.01100000000000001,1.2133333333333336,0.7064094657727439,1.0174317814495732,1.3131666666666666,0.48540227303409816,1.1449763459679627,1.145,0.3981644246927528,1.1284662425668837,0.9100416666666667,0.4693068412370346,0.9900937981276805,0,1
0.93,0.13,0.8470000000000004,0.0720902212508841,0.9737158907247867,1.1943333333333335,0.475683788526232,1.083554532834259,1.1495833333333334,0.3950784636300037,1.0979329744796709,0.9381666666666667,0.44809060289833824,0.9852862942774662,0,2
0.317,-0.613,0.6823333333333337,0.3229958720066486,0.6453579453623933,1.0070000000000001,0.5709083989573127,0.8645389520244707,1.1067500000000001,0.4559346294850154,0.9777894399443369,0.9402916666666666,0.4448737465420026,0.931823390735269,0,3
0.162,-0.155,0.46966666666666695,0.40612354442132015,0.4036789726811967,0.8415,0.6568807349892383,0.6638135371603362,1.0416666666666667,0.5309980882234623,0.8522833722605927,0.9372083333333334,0.4501919377300093,0.8702375194764475,0,4
0.209,0.046999999999999986,0.2293333333333336,0.07947536305885491,0.3063394863405983,0.5381666666666667,0.34504922354161044,0.533866812257383,0.9905833333333334,0.5811677051550214,0.7533166996051169,0.9340833333333333,0.45515624805656213,0.8173385179183317,0,5
0.158,-0.05099999999999999,0.17633333333333365,0.028360771028605274,0.23216974317029915,0.42933333333333334,0.3447652341328344,0.42647629446955926,0.9202500000000001,0.6287808007998877,0.6617295150504836,0.9310416666666668,0.46027416018741596,0.7645914364848652,0,6
0.273,0.11500000000000002,0.21333333333333362,0.05762233363320904,0.2525848715851496,0.34149999999999997,0.2949825418562959,0.3826259246211138,0.8273333333333334,0.6357213988609319,0.6019249742734861,0.9242083333333334,0.46906122518389176,0.725264121566076,0,7
0.234,-0.03900000000000001,0.22166666666666698,0.05848361593931095,0.2432924357925748,0.2255,0.0625483812740284,0.34016137472936697,0.7099166666666666,0.6005187845572062,0.5453211320775652,0.8885416666666667,0.48806601292347085,0.6859629918407899,0,8
0.193,-0.04100000000000001,0.23333333333333364,0.04000416644971854,0.2181462178962874,0.20483333333333334,0.04400643892281982,0.29811526766383356,0.6059166666666665,0.5696712701730798,0.49111788098870895,0.8638333333333333,0.5080827274873784,0.6465259524935267,0,9
0.171,-0.021999999999999992,0.19933333333333367,0.03197394772837565,0.19457310894814372,0.20633333333333334,0.042377667074390404,0.2617966197598811,0.5239166666666667,0.5540553727386915,0.4418689762212153,0.8167916666666667,0.518109941259462,0.6084838762940447,0,10
0.272,0.101,0.21200000000000033,0.05311308689959118,0.23328655447407187,0.21683333333333335,0.050245066092780524,0.264711871257058,0.3775,0.28883512125905386,0.41573528757179756,0.7828333333333332,0.5262740785912797,0.5815651661905211,1,0
0.532,0.26,0.32500000000000034,0.1862444630049526,0.38264327723703595,0.2791666666666667,0.13052113494246034,0.3410799080407557,0.35425,0.26061888754551105,0.43362216640690565,0.7628333333333334,0.5263071236510068,0.5775999528952795,0,1
0.604,0.07199999999999995,0.4693333333333336,0.17464630924624777,0.49332163861851797,0.33433333333333337,0.18568647410801897,0.4161999343148255,0.33791666666666664,0.2350289956322071,0.4598341408058433,0.7414583333333334,0.5216949782797587,0.5797119566636573,0,2
0.419,-0.185,0.5183333333333336,0.0932541330630222,0.456160819309259,0.3651666666666667,0.18099438296993647,0.4169999530820182,0.2953333333333334,0.1482861688721956,0.453551965297252,0.7224583333333334,0.5249137385999852,0.5668550001305647,0,3
1.919,1.5,0.980666666666667,0.8178681637851754,1.1875804096546294,0.6528333333333333,0.6406307568847036,0.846142823630013,0.42883333333333334,0.4921043557719255,0.6790055090976748,0.7677916666666667,0.5789007558683325,0.6750266001201195,1,0
0.856,-1.0630000000000002,1.0646666666666669,0.7714637602203581,1.0217902048273146,0.767,0.5971512371250701,0.8489591597357236,0.48666666666666664,0.49863164274995603,0.7062354307749555,0.7641666666666667,0.5780276559252955,0.6895044721105099,0,1
1.145,0.28900000000000003,1.3066666666666669,0.5496310883977847,1.0833951024136574,0.9125,0.5574559175396758,0.9335422569540883,0.5646666666666667,0.5238202907197288,0.7737376721941931,0.777625,0.5831701081159759,0.7259441143416692,0,2
0.563,-0.5820000000000001,0.854666666666667,0.29100229094172936,0.8231975512068287,0.9176666666666667,0.5533525699467462,0.8276730406814916,0.5984166666666667,0.5080462502806674,0.741316491856625,0.7593333333333333,0.5827110303808701,0.7129085851943356,0,3
0.17,-0.3929999999999999,0.6260000000000002,0.49054357604600457,0.49659877560341437,0.8453333333333334,0.6261343838719197,0.6397664576296369,0.5898333333333333,0.5148681796579068,0.6534216469556058,0.7085833333333333,0.5786031843392632,0.6694758983787887,0,4
0.112,-0.05800000000000001,0.28166666666666695,0.2453616378599895,0.3042993878017072,0.7941666666666668,0.6783112609021528,0.4889760411640264,0.5796666666666667,0.5236626834715362,0.5701260089624357,0.6447916666666668,0.5550201703476665,0.6248778265084857,0,5
0.166,0.054000000000000006,0.14933333333333362,0.03239341496874116,0.2351496939008536,0.502,0.42841708649399296,0.3966971722600188,0.5774166666666667,0.5255297687845971,0.5079527768143687,0.5916666666666667,0.5361963192279693,0.5881676003878068,0,6
0.114,-0.052000000000000005,0.13066666666666696,0.030615900008608594,0.1745748469504268,0.37833333333333335,0.41259503955654625,0.31592655161429917,0.5726666666666667,0.5297775405056793,0.4473446573044658,0.5482916666666667,0.5307221068602137,0.5502341923567823,0,7
0.165,0.051000000000000004,0.14833333333333362,0.029737742572984022,0.16978742347521342,0.215,0.17253405460952095,0.2728046797244994,0.5637500000000001,0.5361601058367859,0.4039070177191634,0.470625,0.4317790107571626,0.5194154569682398,0,8
0.205,0.03999999999999998,0.16133333333333363,0.045610671266020926,0.18739371173760672,0.15533333333333335,0.03598703470234488,0.2534319140889281,0.5365000000000001,0.5461374285920123,0.3733059380700613,0.445375,0.4287170763122671,0.4942622204107806,0,9
0.154,-0.05099999999999999,0.17466666666666697,0.026839026311268957,0.17069685586880334,0.15266666666666664,0.03526849396653863,0.22502279577780582,0.49900000000000005,0.556433611167018,0.33956656298235954,0.4184583333333334,0.42575324341144066,0.4670412427779182,0,10
0.156,0.0020000000000000018,0.17166666666666697,0.02888482877458332,0.16334842793440169,0.16,0.029168476134366586,0.205301996984147,0.4770833333333333,0.564984868394859,0.3113255532927658,0.3862083333333333,0.4144856402995065,0.44215794335568476,0,11
0.196,0.04000000000000001,0.16866666666666696,0.023692474191966663,0.17967421396720085,0.165,0.03275362575351191,0.202644283560105,0.3335000000000001,0.3389525308680013,0.2935831604784941,0.3811666666666667,0.4160968393416899,0.42246530788723,0,12
0.318,0.122,0.22333333333333363,0.08438799282680472,0.24883710698360043,0.19899999999999998,0.06202580108310698,0.2356030596857893,0.2886666666666667,0.2964779106698455,0.2973395973279565,0.38766666666666666,0.4137360707406151,0.41410808325625165,0,13
1.097,0.7789999999999999,0.5370000000000003,0.4887954582440415,0.6729185534918002,0.35433333333333333,0.36870403668344603,0.4817164712041352,0.2846666666666667,0.283932557079498,0.42036427466211707,0.4246666666666667,0.4361620826239252,0.4687394365957515,1,0
1.578,0.4810000000000001,0.997666666666667,0.6358461553971483,1.1254592767459002,0.5831666666666667,0.6067264347847952,0.7949403365743823,0.36925,0.46672789912130486,0.5984620785602529,0.48383333333333334,0.4912499290113153,0.5574802816680915,0,1
1.726,0.1479999999999999,1.4670000000000003,0.32886319344067605,1.42572963837295,0.8451666666666666,0.7142275314398546,1.060957383267416,0.4989166666666667,0.6026828592119435,0.7719294510894448,0.5443749999999999,0.5501410738046703,0.6509618591346442,0,2
2.492,0.766,1.9320000000000004,0.4905874030180532,1.958864819186475,1.2345,0.8807078403193662,1.4698267023338685,0.69725,0.8172090113195166,1.0365556893833763,0.6384583333333333,0.6739094236111284,0.7982449104038727,0,3
1.875,-0.617,2.031,0.4061292897588124,1.9169324095932376,1.5143333333333333,0.7402903934718249,1.585590501667049,0.8396666666666667,0.8637978860119947,1.165547121785934,0.7085416666666666,0.7119557252457094,0.8843853175715629,0,4
1.587,-0.28800000000000003,1.9846666666666668,0.46235952821730714,1.7519662047966187,1.7258333333333333,0.4573451286136866,1.5859932154764635,0.9624166666666668,0.8559268722303695,1.2303860261265593,0.7675416666666667,0.724042274718617,0.9405944921658379,0,5
2.17,0.583,1.8773333333333335,0.291507003918141,1.9609831023983093,1.9046666666666667,0.3621566880048879,1.7528522967689026,1.1295,0.8814296754292282,1.3749420221070887,0.8466250000000001,0.7697736433241403,1.0389469327925709,0,6
3.092,0.9220000000000002,2.283,0.7588366095543868,2.526491551199155,2.157,0.5615699422155742,2.135465926263502,1.3700833333333333,0.9930779936717722,1.6391047879367675,0.9532916666666665,0.8919528394223667,1.2031911781691653,0,7
1.455,-1.637,2.2390000000000003,0.8206783779288918,1.9907457755995774,2.1118333333333337,0.6118180829843703,1.9410470901882155,1.4785000000000001,0.9162941667390448,1.610780974408034,0.98875,0.8943753832071607,1.2233358839156323,1,0
2.284,0.8289999999999997,2.2770000000000006,0.8185224492950678,2.1373728877997884,2.0771666666666664,0.591525288273181,2.039033635848725,1.6558333333333335,0.8398053706699311,1.7143531321914134,1.0664583333333333,0.9232739467769576,1.3081890132023817,0,1
2.113,-0.17099999999999982,1.9506666666666668,0.43769205308450665,2.125186443899894,2.1168333333333336,0.5831779888393164,2.0601668827490895,1.8155833333333333,0.7090102523086581,1.7756834195465805,1.0745416666666667,0.9318717479944029,1.3725738921461912,0,2
1.871,-0.242,2.0893333333333337,0.20751465811679523,1.998093221949947,2.1641666666666666,0.5416181003868592,2.0061192019636356,1.945,0.529921263448207,1.7903475088471066,1.1168333333333333,0.9444693318687372,1.412447980774496,0,3
1.581,-0.29000000000000004,1.8550000000000004,0.26636065775560347,1.7895466109749734,2.0660000000000003,0.5914355417118616,1.8846565728311684,1.9853333333333332,0.4750935474071155,1.7581401997937056,1.135,0.9492159235733545,1.4259321423125364,0,4
1.527,-0.05400000000000005,1.659666666666667,0.18500090089870264,1.6582733054874867,1.8051666666666666,0.34018254903311756,1.7824689805936915,1.9810833333333333,0.4792783321797138,1.7225801690562126,1.1751666666666667,0.9443426361722489,1.4340175709275336,0,5
1.373,-0.15399999999999991,1.493666666666667,0.10793207740672826,1.5156366527437433,1.7914999999999999,0.3582321872752402,1.665477843281208,1.9516666666666669,0.506422269604639,1.6687986045860261,1.2252916666666667,0.9202902887566015,1.429136165253331,0,6
2.245,0.8720000000000001,1.7150000000000005,0.465407348459388,1.8803183263718717,1.7850000000000001,0.3477079234069923,1.8310556023437201,1.9310833333333335,0.48711571489428285,1.757444973111253,1.3141666666666667,0.9110505959636905,1.4944052720330645,1,0
1.398,-0.8470000000000002,1.6720000000000004,0.49638996766654975,1.6391591631859357,1.6658333333333335,0.33510739572063963,1.7073254302455143,1.8913333333333335,0.5109857378072533,1.7021457464787526,1.3655,0.8776401659390731,1.4866928502704193,1,0
1.174,-0.22399999999999998,1.605666666666667,0.5648932052462056,1.4065795815929678,1.5496666666666667,0.36886944393195437,1.5549467358896532,1.8569166666666668,0.5460523548547549,1.6208925547127906,1.4096666666666664,0.8376832786694011,1.4616774222487858,0,1
0.266,-0.9079999999999999,0.9460000000000003,0.5994530840691368,0.8362897907964839,1.3305,0.6385824144149306,1.186676239921181,1.6982499999999998,0.7013492354027339,1.412447546295438,1.413875,0.8313885353666655,1.366023228468883,0,2
0.829,0.563,0.7563333333333336,0.45834084842323763,0.8326448953982419,1.2141666666666666,0.6588819064647843,1.0844830285151292,1.5096666666666667,0.5875287742792354,1.322686385326909,1.439875,0.8011468579751636,1.3230613701913723,0,3
0.168,-0.6609999999999999,0.42100000000000026,0.3567197779770567,0.5003224476991209,1.0133333333333334,0.7743202610462085,0.8226307346536638,1.4024166666666664,0.704281769326781,1.1450423260458462,1.4404583333333336,0.8001743820359818,1.2306564605760624,0,4
0.216,0.04799999999999999,0.40433333333333366,0.36855438314220873,0.35816122384956045,0.6751666666666667,0.5348750944535255,0.6493076676097599,1.2300833333333332,0.7217498254977703,1.0021127374234082,1.4429583333333333,0.7960700471237031,1.1494839437299773,0,5
0.181,-0.035,0.1883333333333336,0.024826061575176292,0.2695806119247802,0.4723333333333333,0.42551647049987107,0.5155054768641142,1.0690833333333334,0.722378200911072,0.8757877008967301,1.4423333333333332,0.7970968337152264,1.0720052282315793,0,6
0.219,0.038000000000000006,0.20533333333333362,0.021126602503346553,0.2442903059623901,0.31316666666666665,0.25501326762870097,0.43078962633151013,0.9314166666666667,0.7130140197950142,0.7747434392203101,1.4382083333333335,0.8033995150590397,1.003764809973053,0,7
0.163,-0.055999999999999994,0.18766666666666695,0.028589042189874885,0.20364515298119507,0.296,0.26218924463066895,0.3542783045225072,0.81325,0.7130742821180587,0.680629063955647,1.3992916666666666,0.8423247581475951,0.9365036251752088,0,8
0.215,0.05199999999999999,0.1990000000000003,0.03124099870364404,0.20932257649059755,0.19366666666666665,0.02590495448108928,0.3144845032303623,0.7039166666666667,0.6940161719799478,0.608993823347086,1.3425,0.8750641218741076,0.8787833351611921,1,0
0.164,-0.05099999999999999,0.18066666666666698,0.02973774257294021,0.18666128824529876,0.19299999999999998,0.026735743864733597,0.27148893087883025,0.6031666666666666,0.675565330039604,0.540533235139842,1.2774166666666666,0.9029441177116909,0.8216006683482968,0,1
0.199,0.035,0.19266666666666699,0.026083200212673973,0.1928306441226494,0.19016666666666668,0.024628574190709924,0.250777807770593,0.4326666666666667,0.4409869784375948,0.4879896605029432,1.181875,0.8900605408085153,0.7717926148804332,0,2
0.181,-0.018000000000000016,0.18133333333333365,0.01750238079046561,0.1869153220613247,0.19016666666666668,0.024628574190709924,0.2308412912647093,0.33125,0.32294219156207216,0.44076048196402884,1.1112916666666666,0.8998197635549338,0.7245292056899986,0,3
0.182,0.0010000000000000009,0.18733333333333366,0.010115993937050727,0.18445766103066236,0.18400000000000002,0.020199009876739695,0.21688663661764948,0.24858333333333335,0.1851905447877759,0.400951177046486,1.05275,0.9131306040211329,0.6811268692347987,0,4
0.196,0.014000000000000012,0.1863333333333336,0.008386497083672607,0.19022883051533118,0.1895,0.01767201177004574,0.2109190261554639,0.24275,0.185693846277845,0.369420226731642,0.9704999999999999,0.8968782574550747,0.6423167196960149,0,5
0.448,0.252,0.27533333333333365,0.14969747270189387,0.3191144152576656,0.22833333333333336,0.10833774349997952,0.2786564472539028,0.211,0.07725165488080947,0.38150942261908166,0.8603333333333333,0.7796863174528507,0.6267713821203337,1,0
0.636,0.188,0.42666666666666697,0.22077439465058882,0.4775572076288328,0.307,0.19162880785518863,0.3807546051813592,0.25,0.14339075664391496,0.42066181913922296,0.8262083333333332,0.7703950414738762,0.627509671550707,0,1
0.661,0.025000000000000022,0.581666666666667,0.11643166808619393,0.5692786038144164,0.38400000000000006,0.22877325018454606,0.4608247179866851,0.28708333333333336,0.1852352108356792,0.4576369238870348,0.7585833333333333,0.705354608114532,0.6301888978266506,0,2
0.604,-0.05700000000000005,0.6336666666666669,0.028571547618802987,0.5866393019072083,0.45449999999999996,0.21865749472634363,0.5017319414190609,0.32233333333333336,0.20264269196313411,0.4801543202121064,0.6957083333333333,0.6439568902102646,0.6280937860005186,0,3
0.601,-0.0030000000000000027,0.6220000000000003,0.033808283008757135,0.5938196509536041,0.5243333333333333,0.17720120390862967,0.5300942438707578,0.3541666666666667,0.21458663574982753,0.49874596325639775,0.6427916666666667,0.5933730389946922,0.6259262831204772,0,4
0.617,0.016000000000000014,0.6073333333333336,0.008504900548129685,0.6054098254768021,0.5944999999999999,0.07516049494249744,0.5549244599076841,0.39199999999999996,0.21781601911205462,0.5169388919861827,0.602625,0.5587180834187577,0.6252121804708389,0,5
0.677,0.06000000000000005,0.6316666666666669,0.040066611203513784,0.6412049127384011,0.6326666666666666,0.031142682393588205,0.5898031856483458,0.43050000000000005,0.22441661743690636,0.5415636778344624,0.5672083333333334,0.5233991725639038,0.6293552060331719,0,6
0.225,-0.45200000000000007,0.5063333333333336,0.24548183911103033,0.43310245636920053,0.5641666666666667,0.16904249958713877,0.4855737040345327,0.4355833333333334,0.21844261086708525,0.49286157355223736,0.519375,0.49841782825430575,0.5970067895505181,1,0
0.124,-0.101,0.3420000000000003,0.294480899210799,0.27855122818460026,0.47466666666666674,0.23629868105147706,0.38226693145323765,0.42933333333333334,0.22674227794142235,0.4361136391595855,0.43100000000000005,0.34292628184874996,0.5591662463864767,0,1
0.854,0.73,0.40100000000000025,0.3955464574484274,0.5662756140923001,0.5163333333333333,0.28140196635181447,0.517047808180884,0.4854166666666666,0.24242354308612155,0.5004038485196493,0.4083333333333334,0.29014788832843313,0.5827529466755587,1,0
0.279,-0.575,0.4190000000000003,0.38461019227264454,0.42263780704615006,0.4626666666666667,0.2925109684553173,0.44903414870063146,0.49350000000000005,0.23281342510494374,0.46634171797816476,0.37104166666666666,0.24077582558970798,0.5584527109415139,0,1
0.19,-0.08900000000000002,0.4410000000000003,0.3604261366771291,0.306318903523075,0.3915,0.2993170559791087,0.3750243919290225,0.49300000000000005,0.23351581608884805,0.42382760751998555,0.36787499999999995,0.2427094008498007,0.5289764940661928,0,2
0.296,0.10599999999999998,0.2550000000000003,0.05692978130996899,0.30115945176153747,0.328,0.26509243670840704,0.35244599423501605,0.48033333333333333,0.24020534144895792,0.40416182174768006,0.34566666666666673,0.2221998056326515,0.5103383745408975,0,3
0.292,-0.0040000000000000036,0.25933333333333364,0.060077727431505086,0.29657972588076875,0.33916666666666667,0.26126952877568305,0.33517571016786857,0.45166666666666666,0.24046558375306326,0.38690615686342156,0.35083333333333333,0.21931190151226912,0.4928713045776257,0,4
0.218,-0.07399999999999998,0.268666666666667,0.04392417709342093,0.25728986294038436,0.35483333333333333,0.24828243326233831,0.3016969358341918,0.41475,0.23940954830203928,0.360920594269049,0.3509166666666667,0.21925881404457057,0.4708816002114157,0,5
0.233,0.015000000000000013,0.24766666666666695,0.03911947511578143,0.24514493147019217,0.25133333333333335,0.0438710230866269,0.28206923988156557,0.3838333333333333,0.23668806988153673,0.34124050284304147,0.35308333333333325,0.21775852534933857,0.45185107219450243,0,6
0.194,-0.03900000000000001,0.2150000000000003,0.019672315572930605,0.2195724657350961,0.23716666666666666,0.04677784375820812,0.256906599915404,0.34991666666666665,0.23185122907642164,0.31858811779026586,0.35204166666666664,0.2184863898192095,0.43122298641894224,0,7
0.137,-0.056999999999999995,0.1880000000000003,0.04828043081830377,0.17828623286754805,0.2283333333333333,0.06046707092845922,0.22264757136814572,0.3099166666666667,0.22281360262595415,0.2906514842840711,0.3509583333333333,0.21952646253612088,0.4076851475054269,0,8
0.282,0.14499999999999996,0.20433333333333362,0.07305021104236671,0.230143116433774,0.22599999999999998,0.05753259945457573,0.23960540812010406,0.27699999999999997,0.190485504101316,0.28932048670190635,0.35375,0.21814399911027985,0.39763033570499273,1,0
1.09,0.808,0.5030000000000003,0.513500730281857,0.660071558216887,0.359,0.36126333885408424,0.48257529151436007,0.34908333333333336,0.30076340998845535,0.4125019502862285,0.39233333333333337,0.26083705836113935,0.45301990884859333,1,0
1.657,0.567,1.009666666666667,0.6910110949422831,1.1585357791084436,0.5988333333333333,0.628069874032076,0.8181252082245429,0.4768333333333333,0.47282397903608864,0.6039631887037318,0.45308333333333334,0.363453114812167,0.5493383161407059,0,1
1.595,-0.062000000000000055,1.4473333333333336,0.3110085743726889,1.376767889554222,0.8258333333333333,0.7101688296923966,1.040089434446102,0.5385833333333333,0.5658037659075412,0.7564303904416192,0.5119999999999999,0.42655821764851487,0.6329912508494495,0,2
0.773,-0.822,1.341666666666667,0.4934544896272934,1.074883944777111,0.9223333333333333,0.6433355785798484,0.9637781674615015,0.57975,0.5631651017403208,0.7589795611429085,0.536625,0.42372887275791715,0.6441919507814936,0,3
1.9,1.1269999999999998,1.422666666666667,0.5829290980327988,1.4874419723885555,1.2161666666666666,0.6148916706759563,1.2312701196153581,0.72225,0.6630634310805921,0.9345211671209226,0.607625,0.5000584150659403,0.7446565947189742,0,4
2.041,0.14100000000000001,1.5713333333333335,0.6949621092788671,1.7642209861942777,1.5093333333333334,0.486304705577346,1.4626215140109702,0.8676666666666667,0.7471062153199501,1.1047486798715498,0.674,0.5776523702622232,0.8483640671414563,0,5
1.482,-0.5589999999999999,1.807666666666667,0.29071349011239866,1.6231104930971387,1.5746666666666667,0.4431156357731798,1.4681582242935503,0.9668333333333333,0.7427130650323174,1.162787344506696,0.7092499999999999,0.6005899454775238,0.8990549417701398,0,6
2.757,1.2750000000000001,2.0933333333333337,0.6391090152183205,2.190055246548569,1.758,0.6589725335702566,1.8363987316382504,1.178416666666667,0.8620580510228617,1.4080508299672045,0.7965833333333334,0.7314129218976377,1.0476905464285287,0,7
2.641,-0.1160000000000001,2.2933333333333334,0.7050250586563086,2.4155276232742846,1.9323333333333332,0.7405391729454087,2.066284808313036,1.3790833333333332,0.9013483292301935,1.5977353176645577,0.8814583333333332,0.8208184133860682,1.1751553027142463,0,8
2.046,-0.5950000000000002,2.4813333333333336,0.38144505939038115,2.230763811637142,2.1445,0.47765458230818186,2.0604891487950256,1.5334166666666667,0.8361843487841153,1.6666991149469332,0.9416666666666665,0.8517650557195492,1.2448228784971067,0,9
1.876,-0.16999999999999993,2.187666666666667,0.4016943282314696,2.053381905818571,2.1405,0.4802052686091685,2.0077779634250184,1.6783333333333335,0.7139277189455436,1.6988992511089434,0.9941249999999999,0.8694853706547384,1.2953170482173382,0,10
1.541,-0.33499999999999996,1.821,0.2569533031505891,1.7971909529092855,2.057166666666667,0.54052175411048,1.8744128310178703,1.78325,0.5675821326228708,1.6746070586306443,1.030125,0.873660729718449,1.3149716843599513,0,11
1.477,-0.06399999999999983,1.6313333333333333,0.2142903015381985,1.6370954764546428,2.0563333333333333,0.5415886507919735,1.7608663078699074,1.8155000000000001,0.53465001296515,1.6442059726874683,1.0822916666666667,0.86077995366016,1.3279339496111553,0,12
1.476,-0.001000000000000112,1.4980000000000002,0.037242448899056375,1.5565477382273214,1.8428333333333333,0.45584006698256574,1.679475934192791,1.8004166666666668,0.5420302672416545,1.6183281307355502,1.138625,0.8393110431621353,1.339779233642263,0,13
1.782,0.30600000000000005,1.5783333333333334,0.17638121593109654,1.6692738691136606,1.6996666666666667,0.23773991391154717,1.708768524423422,1.8159999999999998,0.5382626935546676,1.6435084183146964,1.1772916666666666,0.8469697124694474,1.375156894950882,0,14
1.07,-0.712,1.4426666666666668,0.357168494317923,1.3696369345568304,1.5370000000000001,0.28297420377130317,1.5262632317310159,1.8407499999999999,0.49066839848590804,1.5552763539585892,1.21025,0.8256154621277065,1.3507443433548114,1,0
0.653,-0.41700000000000004,1.1683333333333334,0.5708873210479739,1.0113184672784152,1.3331666666666668,0.4043807199492446,1.27675945123644,1.7368333333333332,0.5974160775347184,1.4164646071957292,1.2295416666666665,0.805913631102676,1.2949247958864267,0,1
0.599,-0.05400000000000005,0.7740000000000001,0.25776151768640626,0.8051592336392076,1.1761666666666666,0.482810694441071,1.0831138937403142,1.6166666666666665,0.6711477730972016,1.2907008214733093,1.2421666666666666,0.7929220405051427,1.2392508122155126,0,2
0.481,-0.118,0.5776666666666669,0.08796211305632128,0.6430796168196038,1.0101666666666667,0.5278164137905045,0.911081352671653,1.53325,0.7472942860747698,1.1661314643235694,1.2500416666666667,0.7839629804462348,1.1785907472382717,0,3
0.156,-0.32499999999999996,0.41200000000000014,0.22941883096206353,0.3995398084098019,0.7901666666666668,0.568357428619235,0.695343823336895,1.3164999999999998,0.7372197772713377,1.010726623658405,1.2474583333333333,0.7876053403205491,1.0967834874592102,0,4
0.198,0.04200000000000001,0.2783333333333335,0.17676632409294865,0.29876990420490096,0.5261666666666668,0.3358281802747776,0.5532455880977822,1.1129166666666668,0.6727022113472773,0.8856917584801888,1.246,0.7895952733218282,1.0248808084624734,0,5
0.169,-0.028999999999999998,0.17433333333333348,0.021501937897163655,0.23388495210245047,0.37600000000000006,0.2282174401749386,0.44346113435555873,0.9565,0.6539774113419033,0.7754314879447751,1.2449583333333334,0.7910585906496297,0.9564103437854755,0,6
0.183,0.013999999999999985,0.1833333333333335,0.014502873278542832,0.20844247605122523,0.2976666666666667,0.19189545764990962,0.36904366739682765,0.8154166666666667,0.6192751566928653,0.6842881821071174,1.246875,0.7883083325539009,0.8945375162826374,0,7
0.185,0.0020000000000000018,0.17900000000000016,0.008717797887089571,0.19672123802561262,0.22866666666666666,0.12445507891069847,0.31645976242630547,0.7024166666666667,0.5981976654666087,0.6074746156290993,1.2428333333333332,0.7937005604824426,0.8377745149800265,0,8
0.165,-0.01999999999999999,0.17766666666666683,0.011015141094578792,0.1808606190128063,0.17600000000000002,0.015388307249384746,0.2731855445902182,0.5930833333333333,0.5625943893869731,0.5394015978400071,1.2042916666666668,0.823349705361482,0.7839525537816244,0,9
0.198,0.033,0.18266666666666684,0.016623276853059758,0.18943030950640316,0.18300000000000002,0.01395707705794715,0.25170396042158444,0.48658333333333337,0.4974552439134343,0.4868782750953906,1.1435,0.8421192727667596,0.7370763494790945,1,0
0.11,-0.08800000000000001,0.15766666666666682,0.04445597072760311,0.14971515475320157,0.16833333333333333,0.030942958272733488,0.21121711458684603,0.34725000000000006,0.2943134151948255,0.42889700200379205,1.081625,0.8618276238673649,0.686910241520767,1,0
0.162,0.052000000000000005,0.15666666666666682,0.044241760061434106,0.15585757737660078,0.16716666666666669,0.03104459158481755,0.19715508184774716,0.27158333333333334,0.18975316901575298,0.38783592477243944,1.0561666666666667,0.8801700263939448,0.6449174221991056,0,1
0.108,-0.054000000000000006,0.12666666666666682,0.030615900008550183,0.13192878868830038,0.15466666666666665,0.03776594585957183,0.1716822013198194,0.22616666666666665,0.15153687420040785,0.34478424403821795,0.9815,0.8814821017196961,0.6019640284231772,0,2
0.352,0.244,0.20733333333333345,0.12816135663035655,0.24196439434415018,0.1825,0.09000388880488149,0.22320157237129956,0.20558333333333334,0.10631980772724152,0.34589436034003057,0.9111250000000001,0.8603869863638958,0.581966906149323,1,0
0.426,0.07400000000000001,0.29533333333333345,0.16640112179109046,0.3339821971720751,0.22599999999999998,0.1327674658943279,0.281143980265214,0.20099999999999998,0.09381800563764024,0.3582183049031028,0.867125,0.8569180526240782,0.5694895536573772,0,1
0.483,0.056999999999999995,0.42033333333333345,0.06568358496103226,0.40849109858603755,0.2735,0.16725041106078506,0.3388171287608671,0.22825000000000004,0.1226259093192365,0.3774154887641639,0.7723749999999999,0.7589913107424929,0.5625703893647871,0,2
0.475,-0.008000000000000007,0.46133333333333343,0.030859898466020348,0.4417455492930188,0.3343333333333333,0.1621908341018946,0.3777265205434765,0.2513333333333333,0.14109463834498756,0.3924284904927541,0.6821250000000001,0.647763732591497,0.5555647582156041,0,3
0.875,0.4,0.6110000000000001,0.2286656948473023,0.6583727746465093,0.45316666666666666,0.24876608825695762,0.5198046575310546,0.31016666666666665,0.22555581181257514,0.46667026118617655,0.6333333333333333,0.5812528198466732,0.5811195775583557,0,4
0.593,-0.28200000000000003,0.6476666666666667,0.20552696497864423,0.6256863873232547,0.5339999999999999,0.18473332130398631,0.5407176125221819,0.3443333333333333,0.23538067169176405,0.48610560561907246,0.579875,0.5174973482393718,0.5820700113536873,0,5
0.744,0.15100000000000002,0.7373333333333335,0.1411181538050038,0.6848431936616273,0.5993333333333334,0.17663370761739838,0.5987982946587013,0.39091666666666663,0.2554409586055817,0.5257816662930613,0.5466666666666666,0.4771377220437517,0.5950244104453923,0,6
0.45,-0.294,0.5956666666666668,0.1470181394703828,0.5674215968308136,0.6033333333333333,0.17213792919246063,0.5562844961847866,0.4146666666666667,0.24558550939387178,0.5141229484018212,0.503875,0.43419423749004804,0.583422457609761,0,7
0.648,0.198,0.6140000000000002,0.14991997865527984,0.6077107984154069,0.6308333333333334,0.16194741945047664,0.5824889258462761,0.45216666666666666,0.24384415042599353,0.5347194178784641,0.46937500000000004,0.38353309618540654,0.5885886610009801,0,8
1.638,0.9899999999999999,0.9120000000000003,0.6364809502255342,1.1228553992077033,0.8246666666666668,0.4232746941014415,0.8840635184616258,0.5795,0.3987043789804497,0.7044548920510081,0.46337500000000004,0.3626641532375061,0.6725415681209017,1,0
1.268,-0.3699999999999999,1.1846666666666668,0.5002332789142799,1.1954276996038518,0.8901666666666667,0.4613191592234913,0.9937596560440185,0.6716666666666667,0.4206495698393906,0.7911541394277761,0.47162499999999996,0.37895024481253115,0.7201782426712295,0,1
2.012,0.744,1.6393333333333338,0.3720017921103757,1.6037138498019259,1.1266666666666667,0.6162280962976853,1.2846854686028704,0.8303333333333333,0.5328379138389511,0.9789765795158105,0.52825,0.4919252550151681,0.8235239832575312,0,2
2.893,0.8809999999999998,2.0576666666666665,0.813461943383543,2.2483569249009627,1.4848333333333332,0.9058128761872783,1.7442039061449073,1.0420833333333333,0.7752309284492229,1.2734417211287627,0.6238333333333334,0.6894720517504147,0.9890820645969287,0,3
2.274,-0.6189999999999998,2.3930000000000002,0.452394739138285,2.2611784624504816,1.788833333333333,0.7873871771032789,1.8955742186749338,1.1960833333333334,0.8237542063165708,1.42737376403203,0.6985416666666667,0.7661946045891006,1.0918754994291744,0,4
2.238,-0.03600000000000003,2.4683333333333333,0.3682123481543364,2.249589231225241,2.053833333333333,0.5619239865557181,1.993410156196381,1.3423333333333334,0.8412498637939466,1.5520854926424872,0.7852916666666667,0.8181956011044459,1.1835654594748406,0,5
2.243,0.004999999999999893,2.251666666666667,0.01950213663501028,2.2462946156126202,2.1546666666666665,0.5254817472250306,2.064721540140272,1.4896666666666667,0.8302881573540742,1.6583800322359508,0.8704999999999999,0.8598018983160161,1.2683202227168535,0,6
2.077,-0.16599999999999993,2.186,0.09442986815620015,2.16164730780631,2.2895,0.3135058213175705,2.0682296715287656,1.5898333333333332,0.8218553105718492,1.7227831041996506,0.9500000000000001,0.8800893729319907,1.3330146048995053,0,7
2.867,0.79,2.395666666666667,0.4165397139929522,2.514323653903155,2.432,0.35386212004113216,2.2964497653776896,1.7793333333333334,0.8332009834294948,1.8988164727843198,1.0618333333333332,0.9464178995452848,1.455733436507545,1,0
2.737,-0.1299999999999999,2.560333333333334,0.42359571921034594,2.6256618269515775,2.406,0.3170299670378254,2.422321260984064,1.9454166666666666,0.8062634870847484,2.0277677846636553,1.1681666666666668,0.9861484440099203,1.5582347615869414,0,1
2.22,-0.5169999999999999,2.608,0.34224698683844795,2.4228309134757886,2.397,0.32225021334361376,2.3645151864171883,2.092916666666667,0.65565504488167,2.0573419716384773,1.2537916666666666,0.984472755785581,1.6111759806599861,0,2
2.037,-0.18300000000000027,2.3313333333333337,0.3630376472672367,2.2299154567378943,2.3635,0.3512296969221204,2.2709394188694203,2.2086666666666663,0.47513487718241426,2.05421243754025,1.3304166666666666,0.970188189573757,1.6452419022071874,0,3
1.638,-0.399,1.965,0.2976054434985989,1.933957728368947,2.2626666666666666,0.4620903230610559,2.0900995849067288,2.208666666666667,0.47513487718241426,1.99017975484175,1.3940833333333333,0.9361578702179526,1.6446625500306125,0,4
1.145,-0.4929999999999999,1.6066666666666667,0.4468247232789738,1.5394788641844737,2.1073333333333335,0.6538460573152297,1.8200711320762348,2.1984166666666667,0.4980468138517455,1.8601521002507113,1.4350416666666668,0.9007426153224735,1.6046895460281634,0,5
1.405,0.26,1.3960000000000001,0.24662319436743688,1.4722394320922367,1.8636666666666668,0.5826682303564098,1.7014793800544534,2.1478333333333333,0.547109068955478,1.7901287002121402,1.4890833333333333,0.8554309321681928,1.5887143823459104,0,6
1.646,0.24099999999999988,1.398666666666667,0.25056003937845295,1.5591197160461183,1.6818333333333335,0.39592899195016007,1.6856281286103239,2.0439166666666666,0.509865482854113,1.767955054025657,1.543,0.8207214217832451,1.5932972317582377,0,7
2.141,0.4950000000000001,1.7306666666666668,0.3752337049537682,1.8500598580230592,1.6686666666666667,0.37522508800274784,1.8157343775788026,2.0328333333333335,0.5058389670696177,1.8253465841755558,1.6144583333333333,0.7934456491710091,1.6371134532175788,0,8
2.554,0.4129999999999998,2.1136666666666666,0.4546166883577099,2.2020299290115295,1.7548333333333332,0.5113837763037364,2.0266674125562876,2.0591666666666666,0.5253400341827649,1.9374471096870087,1.70075,0.7774992940021948,1.7104643769601726,0,9
2.812,0.258,2.502333333333333,0.3384705797160672,2.507014964505765,1.9505,0.660576339267464,2.2510481518259198,2.1065833333333335,0.5674333694698221,2.0719937081966995,1.798125,0.7635291807014365,1.798587226803359,0,10
2.881,0.06899999999999995,2.749,0.1723629890666703,2.694007482252882,2.2398333333333333,0.6158770710674905,2.431034394161371,2.1735833333333336,0.6095277543585114,2.1964562146279762,1.881708333333333,0.7678670899013849,1.8851802486590903,0,11
2.717,-0.1639999999999997,2.8033333333333332,0.08234277948509135,2.7055037411264413,2.4585000000000004,0.4775716700140458,2.512738852972408,2.1610833333333335,0.5953887131084752,2.27653987391598,1.9702083333333336,0.7345577184038468,1.951725828766363,0,12
2.141,-0.5760000000000001,2.5796666666666668,0.3886455111452215,2.4232518705632207,2.541,0.32869012762783856,2.4065277521231483,2.1114166666666665,0.5671689596477187,2.2556875856212137,2.0284166666666668,0.686974837629611,1.9668677624650541,0,13
1.528,-0.613,2.1286666666666667,0.594595941235164,1.9756259352816103,2.438833333333333,0.518406565030451,2.155519822945106,2.05375,0.5898510019873254,2.1437356493717963,2.0733333333333333,0.6102419097421902,1.9317583414678499,0,14
1.483,-0.04499999999999993,1.7173333333333336,0.3675953391071909,1.7293129676408052,2.260333333333333,0.6407663120566426,1.963371302103647,2.0075833333333333,0.6125256890098302,2.0420840110069047,2.108125,0.5458522106482335,1.895857674150422,0,15
1.532,0.04899999999999993,1.5143333333333338,0.02720906711614132,1.6306564838204025,2.047,0.6333994000628698,1.8401223586454623,1.99875,0.6190694079165755,1.9636095477750732,2.103708333333333,0.550232794936095,1.8667490602183883,0,16
1.766,0.23399999999999999,1.5936666666666668,0.1512426306744587,1.6983282419102013,1.8611666666666666,0.48624578832795007,1.818944541889616,2.0505,0.5647898241421695,1.9332080788866004,2.124458333333333,0.5262127177058349,1.8586891354009174,0,17
1.496,-0.27,1.598,0.1466015006744385,1.5971641209551006,1.6576666666666666,0.2586879716312087,1.7266746727782971,2.0580833333333337,0.555875469758097,1.865945297519431,2.102958333333333,0.5413314888283332,1.829674004568844,0,18
1.368,-0.1279999999999999,1.5433333333333337,0.2031780828074984,1.4825820604775504,1.5288333333333333,0.13061763535858653,1.6241961948416408,2.0349166666666667,0.5798851701898039,1.7893383286702877,2.039416666666667,0.5340172539686617,1.7927400842033365,0,19
1.829,0.46099999999999985,1.5643333333333336,0.23797548893390397,1.6557910302387753,1.579,0.17905529872082016,1.682711567744029,2.0089166666666665,0.5816880542217107,1.7954401242594742,2.020875,0.5332430160165561,1.7956408774670696,1,0
1.189,-0.6399999999999999,1.4620000000000004,0.3301923681734593,1.4223955151193877,1.53,0.2403256124511118,1.5416511198171634,1.8951666666666667,0.5986233955476247,1.7021416436041705,1.977166666666667,0.5571288717255131,1.747109607269704,1,0
0.834,-0.3550000000000001,1.284,0.5042568789813355,1.1281977575596938,1.4136666666666666,0.3720197127393498,1.339465085583688,1.7303333333333333,0.5955364782863399,1.5685813907419903,1.9184583333333334,0.6004517125114802,1.6740608386881277,0,1
0.098,-0.736,0.7070000000000002,0.556477313104494,0.6130988787798469,1.1356666666666666,0.605826597853435,0.9847607754169201,1.4984166666666665,0.6464135262892459,1.3423380998586072,1.836,0.7045880696024345,1.5479759715930776,0,2
0.115,0.017,0.34900000000000014,0.42010831936537135,0.36404943938992346,0.9055,0.6970207313990023,0.7362576967263714,1.2815833333333333,0.6368281426989038,1.1535168537265137,1.7213333333333332,0.7518538633830754,1.4333378938656316,0,3
0.075,-0.04000000000000001,0.09600000000000015,0.020074859899804343,0.21952471969496173,0.6900000000000001,0.7247581665631644,0.5473269262331225,1.1094166666666667,0.6621316071231746,0.9875911839224346,1.6104166666666668,0.7908474220274947,1.3246708623563812,0,4
0.115,0.04000000000000001,0.10166666666666681,0.023094010767515195,0.16726235984748086,0.4043333333333334,0.48374442287913305,0.42380494730937324,0.9916666666666667,0.7051674634547139,0.8533463863959062,1.522708333333333,0.8357544094834395,1.2278971933678708,0,5
0.065,-0.05,0.08500000000000014,0.026457513110584824,0.11613117992374043,0.217,0.3029607235269917,0.32128924807812376,0.8735,0.7335849086382726,0.7320623269503822,1.4405416666666666,0.8788220861232204,1.1348654178984414,0,6
0.123,0.057999999999999996,0.10100000000000015,0.03143246729095211,0.11956558996187022,0.09849999999999999,0.023746578700898253,0.2646351771986598,0.7560833333333332,0.7313625463765762,0.6383604304964773,1.3774166666666667,0.917578141047145,1.0539161844665663,1,0
0.066,-0.056999999999999995,0.08466666666666682,0.0332014055926869,0.09278279498093511,0.09316666666666668,0.027220702905410156,0.20788226942761415,0.6144166666666667,0.6808586101164493,0.5503049796508654,1.3324583333333333,0.9551263963324502,0.974882889709241,1,0
0.121,0.05499999999999999,0.10333333333333349,0.03234707611717183,0.10689139749046755,0.09416666666666666,0.028273073173332393,0.18305876387686723,0.49983333333333335,0.633028196030559,0.48425805970457847,1.2789583333333334,0.9863371625303409,0.9065722585325018,0,1
0.064,-0.056999999999999995,0.08366666666666682,0.03234707611717171,0.08544569874523378,0.09233333333333334,0.0300643753745958,0.14904197419776233,0.39116666666666666,0.5801651541247662,0.41960297359618176,1.2130416666666666,1.0132368914466172,0.8391664778499017,0,2
0.119,0.05499999999999999,0.10133333333333348,0.032347076117171816,0.10222284937261689,0.09299999999999999,0.03070504844480688,0.14045855299840165,0.24866666666666667,0.36500842663582456,0.37335636227369223,1.1287916666666666,1.0167808099977635,0.7815531596219096,0,3
0.065,-0.05399999999999999,0.08266666666666682,0.03146956201363629,0.08361142468630844,0.09299999999999999,0.03070504844480688,0.11889896642742975,0.155,0.21527318796021644,0.32591692192389343,1.0250833333333333,0.9917200217043486,0.7242289068521569,0,4
0.102,0.03699999999999999,0.09533333333333349,0.027610384519779964,0.09280571234315421,0.08949999999999998,0.02764597619904073,0.11407069030530696,0.09399999999999999,0.025016358284686582,0.2914681647048329,0.9121666666666667,0.9318916090482255,0.6744505943039844,0,5
0.169,0.06700000000000002,0.11200000000000015,0.05271622141235826,0.1309028561715771,0.10666666666666667,0.039550811201094806,0.129764778789505,0.09991666666666667,0.033129109236402145,0.27262690859639704,0.7991666666666667,0.8429565292142447,0.6340145467596656,0,6
0.081,-0.08800000000000001,0.1173333333333335,0.04596012764701719,0.10595142808578856,0.09999999999999999,0.04001999500247294,0.11583198484964642,0.09708333333333334,0.0331757258833683,0.2431458457354129,0.6893333333333334,0.7486625562884818,0.5897733830188925,1,0
0.193,0.112,0.1476666666666668,0.058968918366628764,0.14947571404289428,0.12150000000000001,0.05017469481718873,0.13787998917831887,0.10691666666666667,0.04227498364794225,0.23543110023765706,0.6081666666666666,0.6875380569176831,0.5580315123773811,1,0
0.452,0.259,0.24200000000000013,0.19029188106694628,0.3007378570214472,0.17700000000000002,0.14375673897246763,0.2276285636987992,0.135,0.1083814811420974,0.26874939250878677,0.5633333333333334,0.6594579900036911,0.5495489913871906,0,1
0.357,-0.09500000000000003,0.33400000000000013,0.13102289876199835,0.3288689285107236,0.22566666666666668,0.14763152328234308,0.264591831213428,0.15933333333333333,0.12302648150509854,0.2823264090458965,0.5164166666666666,0.630607361935725,0.5341450720762154,0,2
1.008,0.651,0.6056666666666668,0.351653712241646,0.6684344642553618,0.3766666666666667,0.33731923554203885,0.4769941651524485,0.2330833333333333,0.2730529280472199,0.3939684999619124,0.4945833333333334,0.6023545768331825,0.5720534663101182,0,3
1.585,0.577,0.9833333333333334,0.6143714945644293,1.1267172321276808,0.6126666666666667,0.5747502646077391,0.7935672608231775,0.35966666666666663,0.4697793163397192,0.5772041153523875,0.48704166666666665,0.5866728945033389,0.6530891890053088,0,4
2.115,0.5300000000000002,1.5693333333333335,0.5536662653018792,1.6208586160638405,0.9516666666666668,0.7663549221259477,1.1711194720165554,0.5258333333333333,0.6822766478800452,0.8137880976058663,0.5128333333333334,0.643784440474527,0.7700420538848841,0,5
2.136,0.020999999999999908,1.9453333333333334,0.3122344204813605,1.8784293080319203,1.2755,0.7917526760295804,1.4467996228689683,0.6985,0.8057800850446425,1.0172053133588101,0.5448333333333334,0.7043753734101335,0.8793186895740934,0,6
1.898,-0.2380000000000002,2.0496666666666665,0.1317662070992827,1.8882146540159601,1.5165,0.7064318084571237,1.5757140163349774,0.84675,0.8518077167786409,1.1527121882266855,0.5477083333333334,0.7099634086815073,0.9608131944081659,0,7
1.841,-0.05699999999999994,1.9583333333333333,0.15648109576984404,1.8646073270079802,1.7638333333333334,0.42167447950601616,1.651510011667841,0.9947500000000001,0.8578987146193067,1.2586026208071954,0.574875,0.7470737297005523,1.0312281388555127,0,8
1.967,0.1260000000000001,1.902,0.0630951662173718,1.9158036635039901,1.9236666666666666,0.20285922869485154,1.741650008334172,1.1501666666666666,0.8503639684205122,1.3675868329907037,0.6220833333333334,0.7982077705256536,1.1060898877470717,0,9
2.959,0.992,2.255666666666667,0.6123539281602846,2.437401831751995,2.1526666666666667,0.4119061381755201,2.089464291667266,1.3826666666666665,0.9349196692116332,1.612419627915211,0.7412916666666667,0.9207648276045418,1.254322696727306,1,0
1.532,-1.427,2.1526666666666667,0.7313934189841546,1.9847009158759976,2.0555,0.48486977633175254,1.9301887797623327,1.5035833333333333,0.8403103818701687,1.600047377466717,0.8003333333333335,0.9242834435701904,1.2765368809891215,1,0
1.173,-0.359,1.888,0.9447227106405339,1.5788504579379987,1.8949999999999998,0.5988752791692135,1.7138491284016664,1.58525,0.7433927293160731,1.5343477809333759,0.8460833333333332,0.9139364413571537,1.2682539305099918,0,1
1.214,0.040999999999999925,1.3063333333333333,0.196505301031123,1.3964252289689993,1.781,0.6601566480768054,1.5710350917154758,1.64875,0.6663430900342283,1.4850635069436258,0.8918750000000001,0.9031825523259875,1.2639136160691926,0,2
1.198,-0.016000000000000014,1.195,0.02066397831975152,1.2972126144844998,1.6738333333333335,0.6994876458284802,1.4644536369396257,1.7188333333333334,0.5526598219410186,1.4408998904907602,0.9390833333333334,0.8875587876018544,1.2586405267836571,0,3
1.068,-0.1299999999999999,1.16,0.08007496487666564,1.18260630724225,1.524,0.7201113802739146,1.35118116924259,1.7238333333333333,0.5458739170663248,1.3835306765691047,0.9784583333333333,0.8705798157433404,1.2433892846409647,0,4
1.869,0.8009999999999999,1.3783333333333332,0.4298724617061809,1.525803153621125,1.3423333333333334,0.3015245705853317,1.49912940660185,1.7475000000000003,0.5454638559811434,1.4582182647892423,1.0535833333333333,0.8661997418341925,1.2934381418696876,1,0
2.167,0.2979999999999998,1.7013333333333331,0.568361094141155,1.8464015768105624,1.4481666666666666,0.45419881843380977,1.6899495761441785,1.7518333333333331,0.5488448751420535,1.5672616086678204,1.1388333333333334,0.8710939981558746,1.3633230905201126,0,1
1.956,-0.21099999999999985,1.9973333333333334,0.15323946402063027,1.9012007884052813,1.5786666666666667,0.47148262604964475,1.7659639829601277,1.7368333333333332,0.5397758513466206,1.6270675150266172,1.2176666666666667,0.8550578758274151,1.4107372432785035,0,2
1.909,-0.04699999999999993,2.0106666666666664,0.13741300278114152,1.9051003942026408,1.6945,0.4488014037411234,1.8068314164000912,1.7377500000000001,0.5400836845930784,1.6704417434840606,1.29225,0.8328374887147517,1.4505982638162231,0,3
1.568,-0.34099999999999997,1.811,0.21175221368381802,1.7365501971013204,1.7561666666666664,0.3882748596892022,1.738593868857208,1.7149999999999999,0.5410879612578544,1.6546814752557437,1.354875,0.7920526614299452,1.4599904027109254,0,4
1.356,-0.21199999999999997,1.611,0.27899641574758255,1.5462750985506601,1.8041666666666665,0.2920694552100062,1.6292813348980058,1.6640833333333334,0.5439589654198246,1.6087304790625523,1.407125,0.7458224122753168,1.4516711704940513,0,5
1.275,-0.08100000000000018,1.3996666666666666,0.15130212600400544,1.41063754927533,1.7051666666666667,0.35875641689964166,1.5280580963557182,1.52375,0.3684192584542787,1.5573873284375441,1.4532083333333332,0.6986729644346364,1.4375374768545273,0,6
0.981,-0.29399999999999993,1.2039999999999997,0.19732460566284984,1.195818774637665,1.5075,0.3795327390357809,1.3717557831112273,1.4778333333333336,0.40025783356898115,1.4687123548317682,1.4907083333333333,0.643819612811367,1.401014478706165,0,7
1.024,0.04300000000000004,1.093333333333333,0.15879021800266177,1.1099093873188326,1.3521666666666665,0.3487333747530745,1.2723969879365908,1.4654166666666668,0.41269192963744733,1.4002950694730347,1.5253333333333332,0.5911882409452026,1.3708533204096718,0,8
0.922,-0.10199999999999998,0.9756666666666666,0.05120872321522236,1.0159546936594164,1.1876666666666666,0.25325612858659047,1.1722835628118506,1.4410833333333333,0.43676984959490117,1.3267112126310294,1.5449166666666667,0.5611069739647538,1.3349450547768982,0,9
0.921,-0.0010000000000000009,0.9556666666666666,0.05918051481132382,0.9684773468297082,1.0798333333333334,0.1883522409387986,1.1004882591513219,1.4180000000000001,0.4576074141166713,1.2642941029954866,1.5684166666666668,0.5194569000547511,1.3018294503947463,0,10
0.811,-0.10999999999999999,0.8846666666666666,0.06379916404886156,0.8897386734148541,0.9889999999999999,0.1574052095707135,1.01777732796523,1.3965833333333333,0.4808982992717125,1.1945565486884886,1.5602083333333334,0.5301440312222505,1.2625630943631667,0,11
0.724,-0.08700000000000008,0.8186666666666665,0.09872351965632997,0.8068693367074271,0.8971666666666667,0.11109530443122517,0.9338409485465928,1.3011666666666668,0.49210435577192246,1.1221632335056442,1.524333333333333,0.556852698239158,1.2194780468141133,0,12
0.652,-0.07199999999999995,0.729,0.07961783719745671,0.7294346683537136,0.8423333333333334,0.13910379817483925,0.8533149632475663,1.1749166666666666,0.4415175191280323,1.0498304283509297,1.463375,0.5693188006197663,1.1740798030689843,0,13
1.267,0.6149999999999999,0.8809999999999999,0.3362186788386395,0.9982173341768568,0.8828333333333335,0.2164471452033187,0.9715106880339759,1.1175,0.36966114704735553,1.0832411316815558,1.4271666666666667,0.5520524287221003,1.1815134188234655,1,0
1.04,-0.22699999999999987,0.9863333333333332,0.3109924972299705,1.0191086670884284,0.9025000000000002,0.22587319451409,0.9910790628814113,1.0450833333333334,0.2729879978491735,1.0765886498843933,1.391416666666667,0.5480028496170475,1.1701923453175882,0,1
0.285,-0.7550000000000001,0.8639999999999999,0.5141138006317282,0.6520543335442142,0.7965,0.33723626732603895,0.7893421877724367,0.9381666666666666,0.2995235104851326,0.9548057806714098,1.3265833333333334,0.5834014142465941,1.099376957692181,1,0
0.172,-0.11299999999999999,0.49899999999999983,0.47191418711456584,0.41202716677210705,0.6900000000000001,0.4219900472759983,0.6129587055517405,0.8395,0.3414491842932855,0.8343741221065775,1.2517916666666666,0.6120846047776365,1.0251868010768066,0,1
0.685,0.5130000000000001,0.3806666666666665,0.26954838774018874,0.5485135833860535,0.6835,0.42166183132932394,0.6335419325369576,0.7903333333333333,0.3144496876459109,0.8113934879363348,1.1570416666666667,0.5025208175801749,0.997971856990662,0,2
0.103,-0.5820000000000001,0.3199999999999999,0.3179764142196745,0.32575679169302674,0.592,0.484715999323314,0.48195852324068394,0.7171666666666666,0.36425486415504654,0.7024098744076679,1.0975,0.5394622926742789,0.9263741084314091,0,3
0.223,0.12000000000000001,0.3369999999999999,0.30729139265524824,0.27437839584651336,0.418,0.36704986037321746,0.4079703737433457,0.6504166666666668,0.37611469680340986,0.6286545091141804,1.0579166666666666,0.5677911370938408,0.8701041797568964,0,4
0.089,-0.134,0.1383333333333332,0.07365686209265133,0.18168919792325666,0.2595,0.22102103972246154,0.3168359812452469,0.5810000000000001,0.39768557703520546,0.5456307384812296,1.0110416666666666,0.5998767611961529,0.8076158453763447,0,5
0.147,0.057999999999999996,0.15299999999999986,0.06720119046566421,0.16434459896162834,0.23650000000000002,0.22498155479949428,0.26831141517517637,0.5165000000000001,0.40028682897961054,0.48430293256104034,0.9672499999999999,0.6235309169141686,0.7547665777462371,0,6
0.088,-0.059,0.10799999999999983,0.03377869150814775,0.12617229948081415,0.2225,0.23229270328617257,0.21679386798226882,0.45625000000000004,0.4062966057182717,0.42333325062857263,0.9264166666666668,0.6482451842016086,0.7014252515265382,0,7
0.189,0.101,0.14133333333333317,0.050737888538407334,0.15758614974040708,0.13983333333333334,0.05659122429020415,0.20885276284447774,0.4116666666666667,0.4035892000837604,0.3872819813010999,0.8564166666666667,0.6325525182985162,0.6604312314044152,0,8
0.162,-0.026999999999999996,0.1463333333333332,0.0522908532473494,0.15979307487020356,0.14966666666666667,0.05397653811300075,0.19546625917462696,0.37083333333333335,0.4018470612136762,0.35262321494708454,0.772875,0.5823455803901988,0.6205567328920619,0,9
0.147,-0.015000000000000013,0.16599999999999984,0.02128379665385004,0.1533965374351018,0.137,0.040580783629662893,0.18161875655330495,0.2775,0.28900220194192416,0.3209888741859946,0.6975000000000001,0.5379303332944315,0.5826721942606969,0,10
0.117,-0.029999999999999985,0.14199999999999985,0.022912878474833993,0.1351982687175509,0.14166666666666666,0.03521174046627342,0.1631562546809321,0.20058333333333334,0.1629570263113894,0.28960597046507236,0.6228333333333333,0.48413676352565765,0.5454184187198412,0,11
0.218,0.10099999999999999,0.16066666666666654,0.051868423277903745,0.17659913435877544,0.1535,0.04723875527570099,0.17882589620066577,0.19499999999999998,0.16093702890489725,0.2785896673165997,0.5665833333333333,0.446510423138152,0.5192249452222539,1,0
0.147,-0.07100000000000001,0.1606666666666665,0.051868423277903745,0.1617995671793877,0.16333333333333333,0.035579020035187384,0.16973278300047556,0.19291666666666665,0.1614229105815359,0.25834510311404585,0.5162083333333334,0.42105013428297,0.4894469496044736,0,1
0.217,0.07,0.19399999999999987,0.04070626487412415,0.18939978358969384,0.168,0.041036569057337303,0.18323770214319685,0.15391666666666667,0.04937142775732316,0.25198431801957727,0.47212499999999996,0.39257425910652916,0.46765119363611574,0,2
0.156,-0.061,0.1733333333333332,0.038083242158930594,0.1726998917948469,0.167,0.041284379612604206,0.1754555015308549,0.15833333333333333,0.046700853278910985,0.23721749986271923,0.43775000000000003,0.38205716053103916,0.4427190981452265,0,3
0.147,-0.009000000000000008,0.1733333333333332,0.038083242158930594,0.15984994589742346,0.167,0.041284379612604206,0.16732535823632494,0.152,0.04205623940316091,0.22333788449922395,0.40120833333333333,0.36511201130214566,0.41906157029360835,0,4
0.156,0.009000000000000008,0.15299999999999983,0.005196152422944941,0.15792497294871172,0.1735,0.03432054778114171,0.16408954159737496,0.15758333333333333,0.03708579324505192,0.2129782099608818,0.36929166666666674,0.3508072032335943,0.3980166446701197,0,5
0.19,0.034,0.1643333333333332,0.022678918257619238,0.17396248647435586,0.1688333333333333,0.02846342682574048,0.1714925297124107,0.16116666666666665,0.03803546988937598,0.20944310073613073,0.3388333333333333,0.33205613284852215,0.3813753130965101,0,6
0.964,0.774,0.43666666666666654,0.4570003646971575,0.5689812432371779,0.305,0.3239185082702099,0.39792323550886477,0.23416666666666666,0.2318215745444126,0.32552877754595677,0.34520833333333334,0.3428097430463913,0.4279852880487893,1,0
1.962,0.998,1.0386666666666666,0.8883565350315902,1.2654906216185888,0.5958333333333333,0.7422960101379136,0.8448023110777605,0.3819166666666667,0.5487639761456276,0.5772935810004249,0.39679166666666665,0.4713347355871527,0.5507064650048862,0,1
2.529,0.567,1.8183333333333334,0.7923296872724953,1.8972453108092944,0.9913333333333334,1.0353912625991524,1.326001650769829,0.5791666666666666,0.8206025317725515,0.8775561070003596,0.47500000000000003,0.6407869482468218,0.7089699478044953,0,2
1.886,-0.643,2.125666666666666,0.3513578422823791,1.8916226554046471,1.2811666666666666,0.9943525364108383,1.4860011791213064,0.7240833333333333,0.8881189988175072,1.0327013213079965,0.5007916666666666,0.6849840987787287,0.8031323519801357,0,3
2.466,0.5800000000000003,2.2936666666666663,0.35445215944232694,2.1788113277023236,1.6661666666666666,0.9156598531478097,1.7660008422295046,0.9198333333333334,0.9946317576537247,1.2532088103375356,0.5602083333333333,0.7879043187974712,0.9361617638217249,0,4
2.968,0.5019999999999998,2.44,0.5414683739610238,2.5734056638511618,2.129166666666667,0.6959386227726334,2.109429173021075,1.149,1.126314343334046,1.5170228395163763,0.672,0.9254852546214535,1.098708822715987,0,5
2.753,-0.21499999999999986,2.7289999999999996,0.2518590875866786,2.663202831925581,2.4273333333333333,0.42890263075279744,2.293306552157911,1.3661666666666665,1.1660851234586251,1.7071731718984724,0.7795416666666667,1.0108761580352241,1.231052116898708,0,6
1.954,-0.7990000000000002,2.558333333333333,0.5342942385365279,2.3086014159627903,2.426,0.4306474195905554,2.196361822969936,1.5109166666666667,1.1172544642465245,1.745146530067938,0.8324166666666667,1.038526126052085,1.2888879475468116,0,7
1.066,-0.8879999999999999,1.9243333333333332,0.8438911857184731,1.6873007079813953,2.182166666666667,0.6941972102123936,1.873401302121383,1.58675,1.0455088474039809,1.6406624485190244,0.8725416666666667,1.0276653989025062,1.2710569117430668,0,8
1.585,0.5189999999999999,1.5349999999999995,0.4461064895291239,1.6361503539906976,2.132,0.7298413526239819,1.791000930086702,1.7065833333333333,0.9428573070805313,1.632098994900713,0.9292916666666667,1.0278430551472781,1.2961723588036216,0,9
1.198,-0.387,1.2829999999999997,0.2697387625092087,1.4170751769953487,1.9206666666666667,0.7945025277912396,1.621572092919073,1.7934166666666664,0.8280671314829635,1.5653145341467571,0.9754999999999999,1.0132487569586548,1.2883185700993318,0,10
1.047,-0.15100000000000002,1.2766666666666664,0.2774929428532061,1.2320375884976742,1.6005,0.6644572973487479,1.4574086377993378,1.8648333333333333,0.7050232534312515,1.4855738365857176,1.0130000000000001,0.9977895133962256,1.2690130844913854,0,11
1.588,0.5410000000000001,1.2776666666666665,0.2791600496728226,1.4100187942488371,1.4063333333333334,0.3614452471214258,1.4947204555709557,1.9168333333333332,0.6536835255038558,1.5013317078802226,1.0755,0.9842163070841863,1.2945320377320746,0,12
1.56,-0.028000000000000025,1.3983333333333332,0.30458551070813,1.4850093971244185,1.3406666666666667,0.2649586131203673,1.5133717539792542,1.883333333333333,0.6614135459664231,1.5103575989755729,1.132625,0.9702133253770168,1.3157694747135087,0,13
1.901,0.34099999999999997,1.6829999999999998,0.18931191193371316,1.6930046985622091,1.4798333333333333,0.3076825745255468,1.624122681413753,1.8309999999999997,0.629769654859471,1.570456429902408,1.2050833333333333,0.9594496120021172,1.362587916736428,0,14
2.875,0.974,2.1119999999999997,0.6824199586764711,2.2840023492811046,1.6948333333333334,0.6529047148448761,1.9815162010098235,1.9134166666666665,0.6985770548158236,1.7711554406866528,1.31875,0.9897628284198887,1.483580883397514,0,15
2.138,-0.7370000000000001,2.3046666666666664,0.5079393008355717,2.2110011746405522,1.8515,0.6218857612134262,2.0262258578641594,1.8860833333333333,0.6811909968888483,1.8275930651963985,1.4029583333333333,0.9688245445840051,1.5359344127257128,0,16
2.144,0.006000000000000227,2.3856666666666664,0.42378571629224254,2.177500587320276,2.034333333333333,0.4840407696327546,2.0598756127601137,1.8174166666666665,0.5987584819415662,1.8762710551661834,1.483208333333333,0.9459004901779254,1.5845796597076558,0,17
2.028,-0.1160000000000001,2.103333333333333,0.0653095194694466,2.1027502936601383,2.107666666666667,0.4335982779793636,2.0507682948286527,1.757,0.5281921138098415,1.8996139697560015,1.5615833333333333,0.9075207467584975,1.6200532869310433,0,18
1.863,-0.16500000000000004,2.0116666666666663,0.1412102451429439,1.9828751468300692,2.158166666666667,0.370042925437941,1.9971202105918948,1.7494166666666668,0.5257542561680194,1.8939810513320015,1.6301666666666668,0.862572475425873,1.63948902397656,0,19
1.957,0.09400000000000008,1.949333333333333,0.08276674050203055,1.9699375734150346,2.1675,0.36289654173056385,1.985657293279925,1.8236666666666668,0.48151924974894517,1.9036762742040012,1.7052083333333334,0.8051794819718181,1.6648899020584353,0,20
1.834,-0.123,1.8846666666666663,0.06429878174064141,1.9019687867075175,1.994,0.1330578821415802,1.9423266380570894,1.8444166666666668,0.47562847577673056,1.8929568474033858,1.7755,0.7336986112661743,1.6784187098937606,0,21
1.676,-0.15800000000000014,1.822333333333333,0.14086281742649773,1.7889843933537586,1.917,0.16330094917055005,1.866233312897921,1.88425,0.4348370907070189,1.859578870879788,1.8388333333333333,0.6484787326247996,1.67822521310226,0,22
1.399,-0.2769999999999999,1.636333333333333,0.22019612470098396,1.5939921966768793,1.7928333333333333,0.22699199692207003,1.7327380806413721,1.9135833333333334,0.3818699108176466,1.7887205830521284,1.8892083333333334,0.5550544806136377,1.6558871960540793,0,23
1.417,0.018000000000000016,1.497333333333333,0.15499139761074335,1.5054960983384396,1.6909999999999998,0.23721467070989147,1.6425272004581228,1.899333333333333,0.39797494972178743,1.7315328010441087,1.9080833333333331,0.5293304151527634,1.636776220369753,0,24
1.023,-0.39400000000000013,1.2796666666666663,0.22246198177066592,1.2642480491692196,1.5510000000000002,0.3407033900623855,1.4655194288986593,1.8545833333333335,0.46426940813856377,1.6225277547296304,1.8689583333333333,0.5590408306754691,1.5876741227401727,0,25
1.5,0.4770000000000001,1.313333333333333,0.254837856946985,1.3821240245846098,1.4748333333333334,0.2768937822824278,1.4753710206418995,1.8211666666666666,0.4749336476782508,1.603677330925072,1.8260833333333333,0.5455141106585015,1.5806601929209592,0,26
0.96,-0.54,1.1609999999999996,0.29526767516949604,1.171062012292305,1.3291666666666666,0.280032438597153,1.3281221576013569,1.6615833333333334,0.40526342910469604,1.5046500492442918,1.7874999999999999,0.5731397887001948,1.5310073774872826,0,27
0.202,-0.758,0.887333333333333,0.652043965797808,0.6865310061461525,1.0835,0.4858373184513528,1.006372969715255,1.50025,0.5557707383772238,1.3042423493605546,1.6931666666666665,0.6391274396065079,1.4246867872883,0,28
0.801,0.599,0.6543333333333331,0.3997178171327035,0.7437655030730763,0.9838333333333334,0.46922379166733186,0.9476949783680393,1.3883333333333334,0.5495390354789668,1.2268204494589308,1.602875,0.6032602951426949,1.374791844305236,0,29
0.241,-0.56,0.41466666666666646,0.3351422583520823,0.49238275153653815,0.7878333333333333,0.4968957301755242,0.7457821274057423,1.2394166666666668,0.6002280564060397,1.0751557649267875,1.4982083333333334,0.6128771051479177,1.2840884967608173,0,30
0.204,-0.037000000000000005,0.4153333333333331,0.3345090930502994,0.3481913757682691,0.6513333333333333,0.5307148638079275,0.5909872338612445,1.1011666666666666,0.6336679419112693,0.9411318010918971,1.4252916666666666,0.6586827090731037,1.197681417019952,0,31
0.133,-0.07099999999999998,0.19266666666666635,0.05488472768752934,0.24059568788413455,0.4235,0.35924295400188444,0.4601337384723175,0.9491666666666667,0.6284565267865472,0.8168038316931436,1.3864166666666664,0.7065994447792311,1.1125069036583557,0,32
0.143,0.009999999999999981,0.1599999999999997,0.038431757701163964,0.19179784394206728,0.2873333333333334,0.2549028573136568,0.3695240989087982,0.80825,0.6010005483282971,0.7131417037403524,1.3263333333333334,0.7490142314005646,1.0349463513656871,0,33
0.139,-0.003999999999999976,0.13833333333333306,0.00503322295694799,0.16539892197103365,0.2768333333333333,0.2603600711834794,0.3036600706491416,0.6801666666666667,0.5617553387428249,0.6248122108572212,1.2822083333333334,0.787126749594711,0.9632706432564322,0,34
0.065,-0.07400000000000001,0.11566666666666638,0.043924177093423035,0.11519946098551682,0.15416666666666667,0.06128104655328811,0.23547147903510113,0.569,0.538066572427281,0.5386872553407256,1.2412916666666667,0.8245201228417733,0.8914089917959176,0,35
0.134,0.069,0.11266666666666637,0.04135617648349996,0.12459973049275841,0.13633333333333333,0.04412557837203085,0.2064796278822151,0.46208333333333335,0.47840824299932744,0.4764276775959986,1.1807083333333332,0.8509321987585475,0.8308162724522442,0,36
0.065,-0.069,0.0879999999999997,0.039837168574098046,0.0947998652463792,0.11316666666666668,0.037482884983231976,0.16605687705872507,0.38225,0.4556899115128098,0.4131311118119988,1.1184166666666666,0.8763011650591686,0.7695509706560647,0,37
0.131,0.066,0.10999999999999971,0.03900000000001366,0.1128999326231896,0.11283333333333334,0.03727957438955274,0.15604062647051792,0.26816666666666666,0.29260082437383866,0.36972632537938355,1.0446666666666666,0.8820382357218763,0.7184668930035796,0,38
0.07,-0.061,0.08866666666666638,0.03674688195390783,0.0914499663115948,0.10066666666666668,0.03737735499826299,0.13145759033608423,0.19400000000000003,0.1991792249115645,0.3236145830133245,0.9277916666666667,0.8120244148806836,0.6665895415632933,0,39
0.159,0.089,0.1199999999999997,0.04550824101194253,0.1252249831557974,0.104,0.04207612149425745,0.13932685024006017,0.19041666666666668,0.19940888023144684,0.29828926254973614,0.8453333333333334,0.7837777894201923,0.6259823782382298,1,0
0.501,0.34199999999999997,0.24333333333333304,0.22753974011880684,0.31311249157789867,0.17666666666666667,0.16325276924654697,0.24266203588575724,0.16541666666666666,0.11814971883425786,0.32947552984977674,0.776875,0.7356933619559743,0.6159837879791714,1,0
1.186,0.6849999999999999,0.615333333333333,0.5229592080968968,0.7495562457889493,0.35200000000000004,0.439486063487797,0.5121871684898265,0.24416666666666664,0.3183782294217126,0.4612485252575034,0.7417916666666667,0.6922288500178959,0.6615850849408377,0,1
0.459,-0.7269999999999999,0.715333333333333,0.40814989076726854,0.6042781228944747,0.4176666666666667,0.41688063839265393,0.49699083463559035,0.2654166666666667,0.3239153812995484,0.46090259829481056,0.6832916666666667,0.651482822301264,0.6453782781455707,0,2
0.585,0.12599999999999995,0.7433333333333331,0.3885026812434288,0.5946390614472373,0.49333333333333335,0.3950740015068908,0.5221363104539931,0.3030833333333333,0.33326305698580294,0.47999450624945506,0.626125,0.5923711610057509,0.6405480158939251,0,3
0.298,-0.287,0.4473333333333331,0.14385525132345292,0.44631953072361863,0.5313333333333333,0.35516118406530134,0.45809736460999506,0.316,0.3294767201046478,0.4519953514418466,0.562125,0.5365421748891501,0.6131441746224111,0,4
0.196,-0.10199999999999998,0.35966666666666636,0.20169862005808062,0.32115976536180935,0.5375,0.34764507762946995,0.3832124032928536,0.32075000000000004,0.3270952391193622,0.412611451220024,0.5004583333333333,0.48558552545996325,0.5797726406526182,0,5
0.066,-0.13,0.1866666666666664,0.11628126819627602,0.19357988268090467,0.465,0.3984289146133851,0.292580288066324,0.32083333333333336,0.3270242785908809,0.3592866125707896,0.4449166666666666,0.45351697314161554,0.5386708294004088,0,6
0.17,0.10400000000000001,0.1439999999999997,0.06878953408768673,0.18178994134045234,0.2956666666666667,0.19435500165075892,0.25755734861880286,0.3238333333333333,0.3253151851619856,0.33016559525220657,0.3929583333333333,0.40627828106688546,0.5091771630483761,0,7
0.35,0.17999999999999997,0.19533333333333305,0.14368484030451598,0.26589497067022616,0.2775,0.18064523243086103,0.2839695347277163,0.3475833333333333,0.31493879876843395,0.3332170421364825,0.3649166666666666,0.38348787370053666,0.4964429900045061,0,8
0.352,0.0020000000000000018,0.29066666666666635,0.10450518328453422,0.30894748533511307,0.23866666666666667,0.11411339389688843,0.30340681051979734,0.36599999999999994,0.30749604579868217,0.33610672796163904,0.31708333333333333,0.2977661639706457,0.48488755080414564,0,9
0.386,0.03400000000000003,0.3626666666666664,0.02023198787400701,0.34747374266755654,0.25333333333333335,0.12806664931459102,0.3270048646569981,0.39233333333333337,0.29303345553129756,0.34378261596754073,0.29316666666666663,0.26514699231978517,0.47697654673981404,0,10
1.116,0.7300000000000001,0.6179999999999998,0.43161556969136344,0.7317368713337783,0.40666666666666673,0.369281825529861,0.5524320461835701,0.47208333333333324,0.34869665335447736,0.4625852904340729,0.33125,0.3128343428828634,0.5280984230006289,0,11
1.436,0.31999999999999984,0.9793333333333331,0.5381759315812374,1.083868435666889,0.6350000000000001,0.5123479286578607,0.8048800329882644,0.5499999999999999,0.44649442631154845,0.6123413995980617,0.35770833333333335,0.37497298211849484,0.6007305491605787,0,12
1.554,0.1180000000000001,1.3686666666666663,0.2266303892538071,1.3189342178334447,0.8656666666666667,0.5694901813610727,1.0189143092773316,0.5806666666666667,0.5031866332473407,0.7572119535060522,0.41241666666666665,0.4462193764103645,0.6769921052277323,0,13
1.883,0.32899999999999996,1.6243333333333332,0.23165131843641992,1.6009671089167223,1.1211666666666666,0.6322924692471577,1.2657959351980939,0.6993333333333335,0.6250420107092965,0.9304101145051211,0.482375,0.5349233031168001,0.7734727368095138,0,14
2.261,0.3780000000000001,1.899333333333333,0.35378289010822883,1.9309835544583613,1.4393333333333331,0.647949277850256,1.5501399537129243,0.839,0.7680614322021176,1.1351162507351025,0.5710416666666668,0.64044987443723,0.8924749178647527,0,15
2.207,-0.05400000000000027,2.1169999999999995,0.20444070044880341,2.0689917772291806,1.7428333333333335,0.45306044482681196,1.7378142526520888,0.9980833333333333,0.8401382416909248,1.3000214429297021,0.6570416666666666,0.7147418189483671,0.9976369244355725,0,16
2.167,-0.040000000000000036,2.2116666666666664,0.047173438854196,2.1179958886145904,1.9180000000000001,0.35474385125045144,1.8604387518943493,1.1623333333333334,0.8614705538505177,1.4334027594020555,0.7415416666666667,0.7686783111383396,1.0911859704807267,0,17
1.631,-0.5359999999999998,2.0016666666666665,0.32162918607199037,1.8744979443072953,1.9505,0.30754625668344987,1.794884822781678,1.29275,0.7964150499696648,1.4638023348786624,0.8067916666666667,0.7751906345716089,1.1343710928422686,0,18
2.086,0.45499999999999985,1.961333333333333,0.2889296338787891,1.9802489721536476,2.0391666666666666,0.2395415760711892,1.8780605877011984,1.4524166666666665,0.7409945967577924,1.5595250525896374,0.8881249999999999,0.8034202599701057,1.210501405414887,0,19
1.555,-0.5309999999999999,1.7573333333333327,0.28715907322132733,1.7676244860768238,1.9845,0.30951558926813777,1.785757562643713,1.5528333333333333,0.6546339481424764,1.5588288906527699,0.9502083333333333,0.7945690097353921,1.238061292981696,0,20
1.747,0.19200000000000017,1.7959999999999994,0.268869856994045,1.7573122430384118,1.8988333333333334,0.28806972535597875,1.774683973316938,1.6690833333333333,0.5349199529467992,1.5877782920908055,1.0175416666666666,0.7905909170920215,1.2787763895431605,0,21
1.514,-0.2330000000000001,1.605333333333333,0.12438783434617717,1.6356561215192058,1.7833333333333332,0.2785711159949445,1.7002028380835272,1.7630833333333333,0.359197200417651,1.576427785615297,1.0777083333333335,0.7700236291781906,1.2975942783797079,0,22
2.301,0.7870000000000001,1.8539999999999999,0.40426352791217524,1.968328060759603,1.8056666666666665,0.318055131489289,1.8718591700596623,1.8618333333333332,0.326533816523392,1.6879004339821746,1.1669583333333333,0.7829370833274367,1.3778667361093313,1,0
2.487,0.18599999999999994,2.1006666666666667,0.5165097611210564,2.2276640303798017,1.9483333333333333,0.4043214892466998,2.0476136928997586,1.9494166666666664,0.34249312092184614,1.8108388287541477,1.2497083333333334,0.8138328254338366,1.4665973972205848,0,1
2.32,-0.16700000000000026,2.369333333333333,0.10234419052066439,2.2738320151899005,1.9873333333333332,0.4306825590462995,2.125438352071256,2.0132499999999998,0.33335733625699876,1.889171316638125,1.2969583333333332,0.8423913414212231,1.534869605442938,0,2
2.117,-0.20299999999999985,2.3079999999999994,0.1852916619818521,2.1954160075949503,2.081,0.37541923232567986,2.1230273943366114,2.03275,0.3318863784216161,1.9242218833091826,1.3660416666666668,0.8386606029163745,1.581440037007503,0,3
2.25,0.133,2.2289999999999996,0.10311643903857992,2.222708003797475,2.164833333333333,0.34045112228728175,2.159305281669008,2.031833333333333,0.3312131511808514,1.9743415935693083,1.4354166666666668,0.8401069764524377,1.6349248340469027,0,4
2.044,-0.20599999999999996,2.137,0.10444615837835987,2.133354001898738,2.2531666666666665,0.15731168636395043,2.126360915477863,2.01825,0.32668782012523806,1.9850582714817224,1.5081666666666667,0.8124725903960862,1.6676508473231504,0,5
2.087,0.04300000000000015,2.1269999999999993,0.1086692228738084,2.1101770009493688,2.2175,0.16818174692874124,2.1151149396270448,2.0115833333333333,0.32418301742669514,2.000741614330688,1.5869583333333335,0.7702862527865101,1.7011987795372985,0,6
1.618,-0.4690000000000001,1.916333333333333,0.2592572724791557,1.8640885004746846,2.0726666666666667,0.24590052189182032,1.9730820997336034,2.0105,0.3255891164140332,1.941858289049044,1.651625,0.6988850631697164,1.6945428771743147,0,7
1.418,-0.20000000000000018,1.7076666666666664,0.3433953018509887,1.6410442502373424,1.9223333333333332,0.32684838483105516,1.814487214095431,1.9548333333333332,0.3660925946789779,1.8612647061184218,1.703625,0.6265363595056621,1.6724194470003697,0,8
1.684,0.266,1.573333333333333,0.138511130719996,1.662522125118671,1.8501666666666667,0.32305071841224786,1.7772051529253077,1.9655833333333332,0.3550107446090572,1.8339932128694336,1.7592083333333335,0.5564849292202576,1.67334589124034,0,9
0.651,-1.033,1.2509999999999994,0.5363664791912326,1.1567610625593354,1.5836666666666668,0.5241773236860492,1.4554322520895056,1.87425,0.5193184563357133,1.651994257043367,1.7716666666666665,0.526130308430597,1.591558219941113,0,10
1.006,0.355,1.1136666666666661,0.5248488671354189,1.0813805312796676,1.4106666666666667,0.5130355413289308,1.3270230372067897,1.8319166666666666,0.56962355325622,1.5526105251905413,1.7975,0.46703775101116307,1.544713562345824,0,11
0.29,-0.716,0.6489999999999996,0.3580041899196155,0.6856902656398338,1.1111666666666669,0.5614789102599211,1.0307307408619928,1.6643333333333332,0.699976536403294,1.3583627520843042,1.7630833333333333,0.5436008699377709,1.4443364773581582,0,12
0.144,-0.146,0.47999999999999954,0.46134152208532064,0.4148451328199169,0.8655,0.6152579133989271,0.7773791006157091,1.4690833333333335,0.7726460389564898,1.1715377133021037,1.7092500000000002,0.6338782800451859,1.3403095591695056,0,13
0.14,-0.003999999999999976,0.19133333333333288,0.08547124272721311,0.27742256640995844,0.6525,0.606892329824658,0.595270786154078,1.2874166666666667,0.8097794827025835,1.0128396035633185,1.6503333333333332,0.7100696026304109,1.2442847944359452,0,14
0.13,-0.010000000000000009,0.13799999999999957,0.007211102550993074,0.20371128320497922,0.39349999999999996,0.36003319291421065,0.46233627582434145,1.1218333333333332,0.8276781141277477,0.8770181260920388,1.5772916666666665,0.772511740682789,1.1551420108810695,0,15
0.217,0.087,0.16233333333333289,0.04760602202804002,0.2103556416024896,0.32116666666666666,0.341049214434908,0.39224019701738677,0.9524166666666667,0.7826006131463067,0.7754768759240328,1.492125,0.8058122185234833,1.080090650010584,0,16
0.123,-0.094,0.1566666666666662,0.05236729259121805,0.1666778208012448,0.17400000000000002,0.06617854637268028,0.31531442644099056,0.7923333333333334,0.733977871023045,0.6750958180895662,1.4052916666666668,0.8371058568542623,1.0035233980097373,0,17
0.148,0.024999999999999994,0.1626666666666662,0.04868606919165103,0.1573389104006224,0.15033333333333332,0.033933267845399635,0.2675103046007075,0.63075,0.6289711837596439,0.5940041537680945,1.3211666666666666,0.8584084700474905,0.9350815261689583,0,18
0.115,-0.03299999999999999,0.12866666666666624,0.01721433511159484,0.1361694552003112,0.1455,0.03694725970895487,0.22393593185764823,0.5055,0.560416809169754,0.5203112070345415,1.258,0.8898211349332579,0.8694750040754416,0,19
0.153,0.03799999999999999,0.13866666666666622,0.020647840887954134,0.14458472760015562,0.14766666666666667,0.03694139502871581,0.20366852275546302,0.40008333333333335,0.487384943687577,0.46380179056768894,1.1774583333333333,0.8990509962402453,0.8121570037494064,0,20
0.107,-0.046,0.12499999999999956,0.02457641145490855,0.1257923638000778,0.14383333333333334,0.040191624334774335,0.17604894482533073,0.26866666666666666,0.27686502564291615,0.4089092074034291,1.117125,0.9209331898771967,0.7557444434494539,0,21
0.237,0.13,0.1656666666666662,0.06591914238925006,0.1813961819000389,0.14716666666666664,0.04761687375991444,0.1934635320180934,0.23416666666666666,0.24931500094655382,0.38246163703367075,1.0542083333333334,0.9275865354763937,0.7142448879734976,1,0
0.339,0.10200000000000004,0.22766666666666624,0.11628126819627539,0.26019809095001944,0.18316666666666667,0.08919286219573669,0.23504538001292388,0.17858333333333332,0.07503145804914438,0.37577523133618296,1.00525,0.9332545787166809,0.6842252969356178,0,1
0.441,0.10199999999999998,0.3389999999999995,0.102000000000003,0.35059904547500975,0.23199999999999998,0.1346922417958847,0.29388955715208853,0.19116666666666668,0.10290139440118243,0.38580981113061635,0.9277500000000001,0.8975191532411883,0.6647672731807684,0,2
0.356,-0.08500000000000002,0.37866666666666626,0.05464735431229844,0.35329952273750487,0.27216666666666667,0.12862101953672964,0.31163539796577755,0.20883333333333332,0.11187479473491921,0.3812236863412908,0.8389583333333334,0.8401308634692692,0.640065891326307,0,3
0.765,0.40900000000000003,0.5206666666666663,0.21582477460508018,0.5591497613687524,0.3741666666666667,0.22314875457117817,0.4411681414041268,0.2609166666666667,0.19299244372084517,0.44026619613493834,0.7741666666666668,0.7786580243217021,0.6500606200202025,0,4
0.612,-0.15300000000000002,0.5776666666666662,0.20665026816661422,0.5855748806843761,0.4583333333333333,0.1957852565099528,0.48997724386009056,0.3010833333333333,0.2124461250779031,0.4666867813449478,0.7114583333333333,0.724533191796269,0.6470157704185863,0,5
0.363,-0.249,0.5799999999999996,0.20290145391297776,0.47428744034218806,0.4793333333333334,0.17269240477411865,0.4536980313286361,0.31325000000000003,0.21137090407839718,0.4507349688303405,0.6328333333333334,0.6487365424032097,0.6242945087850994,0,6
0.172,-0.191,0.3823333333333329,0.22063620132093886,0.32314372017109405,0.4515,0.20939221571013888,0.3732128795204544,0.3173333333333333,0.20780468685474288,0.40785266593336506,0.5548333333333334,0.5806562753858115,0.5881109480822915,0,7
0.17,-0.001999999999999974,0.23499999999999954,0.11085576214162604,0.24657186008554705,0.40633333333333327,0.2392142693625695,0.31515205680032454,0.31916666666666665,0.20626630330424242,0.3712599480974627,0.47495833333333337,0.4846406538929568,0.5546620722357081,0,8
0.105,-0.06500000000000002,0.14899999999999955,0.03811823710510379,0.1757859300427735,0.3645,0.2697723114035264,0.2551086120002318,0.3183333333333333,0.20718429798935825,0.3302968791593915,0.41191666666666665,0.4241156442647929,0.5186891064568514,0,9
0.16,0.05500000000000001,0.14499999999999955,0.035000000000013125,0.16789296502138676,0.26366666666666666,0.19199027753161824,0.22793472285730845,0.3189166666666667,0.20668573348020972,0.30409735928871584,0.3595,0.36845281687193654,0.4899939779403033,0,10
0.111,-0.049,0.12533333333333288,0.030171730698358767,0.1394464825106934,0.18016666666666667,0.09427495248828127,0.1945248020409346,0.31925,0.20631578840569714,0.27439007324429804,0.2939583333333333,0.24017900555656396,0.4596744597050791,0,11
1.704,1.593,0.6583333333333329,0.9059052562676372,0.9217232412553467,0.4036666666666666,0.63770923363761,0.625803430029239,0.4415,0.4471785285136635,0.49433006197594453,0.3378333333333334,0.3695658635970415,0.5592205029286728,1,0
2.36,0.6559999999999999,1.3916666666666664,1.1565743959353985,1.6408616206276734,0.7683333333333332,1.0009041246126764,1.1212881643065993,0.6099166666666666,0.7089955068883629,0.7813562062873376,0.39425,0.540033754983644,0.7032828626943789,0,1
2.065,-0.29499999999999993,2.0429999999999997,0.3285528876756331,1.8529308103138367,1.0841666666666667,1.0708765412813321,1.3909201173618566,0.74525,0.8201094300596319,0.9788398668585164,0.46820833333333334,0.6378257891609872,0.8122202336788287,0,2
1.594,-0.47099999999999986,2.006333333333333,0.3863551906385244,1.7234654051569183,1.3323333333333334,0.9659736366312844,1.4489429409727546,0.8484166666666666,0.844205646890869,1.0734798873418216,0.528625,0.673459324648874,0.8747626149845225,0,3
1.707,0.11299999999999999,1.7886666666666662,0.24589089721527113,1.7152327025784593,1.5901666666666667,0.7788025209683574,1.5226735292662534,0.9269166666666666,0.8788305719775741,1.1709445200584645,0.5939166666666666,0.7091580382315368,0.9413416057857608,0,4
0.855,-0.8520000000000001,1.3853333333333329,0.462744349866459,1.2851163512892296,1.7141666666666666,0.5085168302688406,1.3319096637616095,0.9471666666666666,0.8736992236080668,1.1223376708187007,0.6241249999999999,0.70395968958827,0.9344342773229,0,5
0.894,0.039000000000000035,1.1519999999999995,0.48103949941766627,1.0895581756446149,1.5791666666666668,0.6092892307161426,1.2067926169725782,0.9914166666666667,0.8546627679791031,1.0872087983850545,0.6523333333333333,0.7004919803200818,0.931199535137068,0,6
0.865,-0.029000000000000026,0.8713333333333328,0.020256686138969,0.9772790878223074,1.33,0.5261170972321676,1.1091375835518416,1.0491666666666666,0.8168370075906831,1.0530228294027384,0.68325,0.6924418198758939,0.9259035723261027,0,7
0.956,0.09099999999999997,0.9049999999999995,0.04648655719667037,0.9666395439111537,1.1451666666666669,0.3946306712188862,1.0653839882513154,1.1146666666666667,0.7701069976820054,1.0380962402638556,0.7169166666666666,0.684887735431818,0.9283112865400145,0,8
1.842,0.8860000000000001,1.2209999999999994,0.5397230771423424,1.404319771955577,1.1865,0.4588118350696743,1.2872742773223682,1.2594166666666666,0.724999618599693,1.161773741761724,0.788875,0.709190433277389,1.0014063836168134,0,9
1.686,-0.15600000000000014,1.4946666666666661,0.4729749817203143,1.5451598859777884,1.183,0.45410307200018146,1.4011959123731201,1.3865833333333333,0.6439275027422583,1.2424239353368434,0.8527499999999999,0.7184055564082574,1.0561738729274683,0,10
1.237,-0.44899999999999984,1.588333333333333,0.3141024249083911,1.3910799429888943,1.2466666666666668,0.42474918088993263,1.3542827945522287,1.4804166666666667,0.5090700002470355,1.2415894837465598,0.8998333333333334,0.7042958658594155,1.0706399630932708,0,11
0.786,-0.45100000000000007,1.2363333333333328,0.45000037037021656,1.088539971494447,1.2286666666666666,0.4445121670625774,1.1919162818230205,1.4039166666666665,0.5404268444872317,1.1714987939393966,0.9227083333333335,0.690614186583321,1.0478687660458093,0,12
0.99,0.20399999999999996,1.004333333333333,0.22584138977019363,1.0392699857472234,1.2495,0.4266285269411811,1.1342259155878718,1.28975,0.45860423123766975,1.1435759025641048,0.9498333333333333,0.679384546717717,1.0432392647621445,0,13
1.743,0.7530000000000001,1.1729999999999996,0.5040624961252314,1.3911349928736119,1.3806666666666667,0.439142649564659,1.3081613682770512,1.2629166666666667,0.41661830325378646,1.2357949944773194,1.0040833333333332,0.6889035344009656,1.099220123581173,0,14
2.465,0.7219999999999998,1.7326666666666661,0.7375542917869374,1.9280674964368059,1.4845,0.610326715784261,1.638686691626465,1.3355,0.5377940633229947,1.4249034568654242,1.0919583333333331,0.7355702596516908,1.2084825136946793,0,15
2.295,-0.16999999999999993,2.167666666666666,0.37746699634978664,2.111533748218403,1.586,0.6952680058797487,1.8262047797331893,1.3845,0.598123049061131,1.5587644635015128,1.1557083333333333,0.7714281774546562,1.295403912599105,0,16
1.831,-0.46399999999999997,2.196999999999999,0.32816459284937566,1.9712668741092014,1.6849999999999998,0.6777028847511292,1.827574842666564,1.4658333333333333,0.5858074200053589,1.6006468537320493,1.2065,0.7741985477281302,1.3382515995911766,0,17
1.68,-0.15100000000000002,1.9353333333333327,0.320500130005169,1.8256334370546008,1.8339999999999999,0.5205812136449052,1.7854106019046885,1.5313333333333334,0.5594042827107713,1.6128550300809648,1.261375,0.7583235980423032,1.3655914716238826,0,18
1.454,-0.22599999999999998,1.6549999999999994,0.18973929482317925,1.6398167185273005,1.9113333333333333,0.3876094254099983,1.6907218585033488,1.5804166666666666,0.5200817170640043,1.5884157946838933,1.3147916666666666,0.7225601812857589,1.3726641538939721,0,19
1.88,0.42599999999999993,1.671333333333333,0.21313219684817833,1.7599083592636502,1.9341666666666668,0.37966375474447,1.7448013275023917,1.6574166666666665,0.48655009241006447,1.6332749031940634,1.3860416666666666,0.6882624296745016,1.4132510215824545,0,20
1.486,-0.3939999999999999,1.6066666666666662,0.23725373196923738,1.622954179631825,1.771,0.30985545016991767,1.670858091073137,1.62775,0.4851234379000876,1.610617225779592,1.443583333333333,0.6319286501184915,1.4190709398558583,0,21
1.198,-0.28800000000000003,1.5213333333333328,0.3423701700401641,1.4104770898159125,1.5881666666666667,0.25816151275251875,1.535755779337955,1.5870833333333334,0.5000217192252455,1.5471376525827318,1.4868333333333332,0.5730357502062957,1.4013852646673897,0,22
1.136,-0.062000000000000055,1.2733333333333328,0.1867654500525496,1.2732385449079562,1.4723333333333333,0.28221244952458935,1.4215398423842536,1.5786666666666667,0.5072480715198499,1.4838857060315422,1.5295416666666666,0.49951715635476746,1.3801544434939985,0,23
1.263,0.127,1.1989999999999996,0.06350590523721532,1.268119272453978,1.4028333333333334,0.2720047180963391,1.376242744560181,1.6184166666666666,0.4555387336756207,1.4499032897189972,1.5111666666666668,0.5009298021346565,1.3707820880144788,0,24
1.263,0.0,1.2206666666666661,0.07332348418706972,1.265559636226989,1.3709999999999998,0.2759666646535451,1.3438876746858435,1.6411666666666667,0.42723994393896475,1.421148937454536,1.4654583333333335,0.46914964509498774,1.3621595209733206,0,25
0.943,-0.31999999999999995,1.1563333333333328,0.18475208614067545,1.1042798181134945,1.2148333333333334,0.17808022536673973,1.2293483390613167,1.5744999999999998,0.47016505805746817,1.3475875624615306,1.4187083333333332,0.46266670125401776,1.328626759295455,0,26
0.2,-0.7429999999999999,0.8019999999999995,0.5453466787283103,0.6521399090567472,1.0005,0.40970367340310976,0.9352488136152263,1.38575,0.5308953201047201,1.1710356297751412,1.3606249999999998,0.5232401404376543,1.2383366185518188,0,27
0.719,0.5189999999999999,0.6206666666666661,0.3811355839243202,0.6855699545283735,0.9206666666666666,0.41019052483774976,0.8734634382965902,1.2544166666666665,0.4777967347073159,1.1014916867328117,1.3194583333333332,0.5335679720495788,1.1967896890676732,0,28
0.155,-0.564,0.3579999999999995,0.31344377486241404,0.4202849772641868,0.7571666666666667,0.4941183731320548,0.6681881702118502,1.11475,0.5354160871356417,0.9558775810816099,1.2902916666666666,0.5773931280118954,1.1134465139422594,0,29
0.133,-0.021999999999999992,0.33566666666666617,0.33215859665727915,0.2766424886320934,0.5688333333333334,0.477841989225171,0.5152772644370358,0.9858333333333332,0.5719397351173168,0.8292810301459775,1.2585833333333334,0.6194651210777589,1.0350107928268786,0,30
0.129,-0.0040000000000000036,0.13899999999999954,0.014000000000002151,0.2028212443160467,0.3798333333333334,0.3574702318608759,0.4049123317407399,0.8754166666666666,0.600526050957654,0.7215454870465964,1.2279166666666665,0.6568843400720421,0.9625299294007283,0,31
0.137,0.008000000000000007,0.13299999999999954,0.004000000000008807,0.16991062215802336,0.24550000000000005,0.2334367151927941,0.32836595124338563,0.7301666666666665,0.5435445676020554,0.6316154121163507,1.1937916666666666,0.6919614200835592,0.8964875350486701,0,32
0.12,-0.017000000000000015,0.12866666666666618,0.008504900548119958,0.14495531107901166,0.23216666666666672,0.23877890749952838,0.268832822316704,0.6163333333333333,0.5130453344018681,0.5529053487138352,1.1220416666666668,0.7108459430215118,0.8343685322447766,0,33
0.145,0.024999999999999994,0.1339999999999995,0.012767145334806397,0.1449776555395058,0.13650000000000007,0.012292273996360665,0.23345201594050288,0.5285833333333333,0.49422013099306084,0.4901506796809375,1.0578333333333334,0.727101492028549,0.7792190496651945,1,0
0.109,-0.03599999999999999,0.12466666666666619,0.01844812546936457,0.1269888277697529,0.1288333333333334,0.01278149704331488,0.1978942971003592,0.4429999999999999,0.46768190432854556,0.43151211357617786,1.0108333333333333,0.751078335905559,0.7256015256919789,1,0
0.156,0.047,0.1366666666666662,0.024583192089991036,0.14149441388487644,0.13266666666666674,0.017025471114429376,0.18592449792882798,0.35074999999999995,0.39471949188346317,0.3891256345644582,0.9845833333333333,0.7700474811259385,0.6800334036366207,1,0
0.102,-0.054000000000000006,0.12233333333333285,0.02936551265231755,0.12174720694243821,0.12816666666666673,0.021235975764449033,0.16194606994916283,0.254,0.2748864228268804,0.34495246001608,0.9475833333333332,0.7908292244971964,0.633790731345691,1,0
0.491,0.389,0.24966666666666618,0.21073759354546406,0.3063736034712191,0.18716666666666673,0.15029227081479707,0.2559614785351163,0.2163333333333333,0.1896433654537365,0.3674213123212985,0.8954166666666667,0.7772559824915064,0.6223674728380357,1,0
0.35,-0.14100000000000001,0.31433333333333285,0.19693738429595614,0.32818680173560955,0.22550000000000006,0.15882411655665413,0.28282962752508306,0.22883333333333333,0.19337567456938526,0.3647411104257141,0.8072916666666666,0.708409761008944,0.6005780750109929,0,1
0.46,0.11000000000000004,0.4336666666666662,0.07409678355592043,0.39409340086780476,0.2780000000000001,0.1778190091075802,0.3334497339464879,0.20725000000000002,0.141073884575085,0.3793963242063735,0.7308333333333333,0.6362066704587646,0.5893318290101135,0,2
0.227,-0.233,0.3456666666666662,0.11656042781893461,0.31054670043390237,0.29766666666666675,0.16113183008539425,0.30303552424749136,0.21325000000000002,0.1401778902291811,0.35595073586693143,0.664,0.5987572637301027,0.5603452826893044,0,3
0.208,-0.019000000000000017,0.29833333333333284,0.1403293744493046,0.2592733502169512,0.3063333333333334,0.15319094838360514,0.2758825173196367,0.2195,0.13792850585461333,0.33318908419509585,0.6026666666666667,0.5645749972645141,0.5321576600741601,0,4
0.538,0.33000000000000007,0.32433333333333286,0.18528446597956644,0.3986366751084756,0.37900000000000006,0.1396939511933203,0.3507732266568834,0.2535833333333333,0.16197051265495832,0.3646984558573888,0.5644999999999999,0.5346915404962518,0.5326250472682273,1,0
0.428,-0.11000000000000004,0.39133333333333287,0.16802777548171313,0.4133183375542378,0.36850000000000005,0.13173268387155007,0.37283801904063096,0.2778333333333333,0.16469025104083,0.37443715495625207,0.504,0.45568066621836273,0.5242550434867692,0,1
0.254,-0.174,0.40666666666666623,0.14319683422943735,0.3336591687771189,0.3525000000000001,0.1399996428566935,0.3388842993147364,0.289,0.15739700817306182,0.35590836188605945,0.4526666666666666,0.4070447755165953,0.5026346400078276,0,2
0.503,0.249,0.3949999999999995,0.12773801313626118,0.41832958438855944,0.35966666666666675,0.14750276833560924,0.385774499510526,0.3188333333333333,0.16149631762387964,0.37853784467281953,0.4237083333333333,0.37518986256428555,0.5026638688072014,0,3
0.747,0.244,0.5013333333333329,0.2465042257920395,0.5826647921942797,0.4463333333333334,0.19806328954823624,0.4889817853646614,0.37199999999999994,0.18884048102231463,0.4352243301077704,0.4075,0.35068281221440206,0.5222107593026253,0,4
1.411,0.664,0.8869999999999996,0.46991062980102816,0.9968323960971399,0.6468333333333334,0.4071173868390647,0.7524155609747581,0.47658333333333336,0.34296579695182255,0.5853436639373442,0.4136666666666667,0.3672887345029065,0.5933138985584153,0,5
1.279,-0.13200000000000012,1.1456666666666662,0.3515072308407495,1.13791619804857,0.7703333333333333,0.4743415084795644,0.902868257839113,0.5746666666666667,0.3910355327573158,0.6920600233315989,0.4143333333333333,0.3689083386409604,0.6481687866737421,0,6
0.91,-0.3689999999999999,1.1999999999999995,0.2596747966206935,1.023958099024285,0.8506666666666667,0.444655672027996,0.9049058984565093,0.6095833333333334,0.401453599341508,0.7255892505113529,0.4129583333333333,0.36690829077655446,0.6691152837398427,0,7
1.411,0.501,1.1999999999999995,0.2596747966206935,1.2174790495121424,1.0435,0.3803807303216112,1.049504213183221,0.698,0.4526578077412336,0.831037058124991,0.46341666666666664,0.4162947238453096,0.7284660610406554,0,8
1.538,0.127,1.286333333333333,0.33204266794093157,1.377739524756071,1.2160000000000002,0.3153727952756903,1.189074437988015,0.7878333333333334,0.5050657622948046,0.9398005876442231,0.4975416666666667,0.46845666860693996,0.7932287761574031,0,9
0.737,-0.801,1.2286666666666661,0.43050474252130116,1.0573697623780356,1.2143333333333335,0.3183593357617601,1.059910312848582,0.8303333333333334,0.4740905807837634,0.9086004972374196,0.5217916666666668,0.46500490686205753,0.7887304740648109,1,0
1.24,0.503,1.1716666666666662,0.40484853134639365,1.1486848811890178,1.1858333333333333,0.3045885202476763,1.1113645091775586,0.9163333333333332,0.44355553784337043,0.9595850361239705,0.5679166666666666,0.4794418781174081,0.824832036139626,0,1
0.708,-0.532,0.8949999999999996,0.2991304063447895,0.9283424405945089,1.0906666666666667,0.35473238739459495,0.996117506555399,0.9305,0.4329617871024133,0.920879645951052,0.5920416666666667,0.47088681176345104,0.815485473248456,0,2
0.746,0.038000000000000034,0.8979999999999996,0.29678948768445096,0.8371712202972544,1.0633333333333335,0.3770536654995797,0.9246553618252851,0.957,0.4084473928516117,0.8939750850355055,0.6174166666666666,0.46161709303242277,0.8099266353885795,0,3
0.83,0.08399999999999996,0.761333333333333,0.062428625912575864,0.8335856101486272,0.9665000000000002,0.34297507198046057,0.8976109727323465,1.0050000000000001,0.3476406190306386,0.8841327642608123,0.647,0.45098163464004076,0.8115325045574932,0,4
1.214,0.384,0.9299999999999997,0.2495115227800088,1.0237928050743137,0.9125000000000001,0.2471062524502405,0.9880078376659618,1.0642500000000001,0.31318659120258635,0.9348815697591489,0.6915416666666667,0.45203462537313077,0.8437299041928937,0,5
1.452,0.238,1.1653333333333329,0.3138428481474956,1.2378964025371568,1.0316666666666667,0.30995591084325025,1.1205770269042583,1.123,0.314386559971818,1.0144382513346644,0.7474999999999999,0.4598441134728674,0.8923915118574623,0,6
1.244,-0.20799999999999996,1.303333333333333,0.12961995731110182,1.2409482012685784,1.0323333333333333,0.31049745033843495,1.1558407335030416,1.1090833333333334,0.3040037255553289,1.0497554434370238,0.7928333333333333,0.45256848308742564,0.9205201909088654,0,7
1.879,0.635,1.5249999999999997,0.32373291460708514,1.5599741006342893,1.2275,0.415970071038774,1.3624576667878867,1.1590833333333335,0.3754392477990053,1.177331529062097,0.866875,0.47920925015568994,0.9971985756361562,0,8
1.321,-0.558,1.481333333333333,0.3465347505421811,1.4404870503171447,1.3233333333333335,0.3426226301146343,1.3506126191342047,1.1933333333333334,0.36934815635936835,1.1994343707448514,0.9014583333333334,0.48085060313597205,1.0231026895852637,0,9
0.64,-0.6809999999999999,1.2799999999999996,0.6205167201615106,1.0402435251585724,1.2916666666666667,0.40112375480226725,1.1475804422387177,1.1290833333333332,0.39426120975205753,1.1133675444764126,0.9135416666666666,0.4699097026272012,0.9924544744184427,0,10
0.945,0.30499999999999994,0.9686666666666662,0.34111630470168397,0.9926217625792861,1.2468333333333332,0.42581376993548403,1.0897003158847984,1.0796666666666666,0.37504310863331186,1.0874648453261953,0.93375,0.4598788356494103,0.9886581164649674,0,11
1.009,0.06399999999999995,0.8646666666666661,0.1971809659509056,1.000810881289643,1.173,0.4215091932568049,1.0666430827748559,1.1023333333333332,0.3603834658030901,1.0753933306606267,0.9663333333333334,0.43463744678171046,0.99028546714777,0,12
1.68,0.671,1.211333333333333,0.40713675016305256,1.3404054406448216,1.2456666666666667,0.4708875308039801,1.2418879162677543,1.139,0.3962611627335101,1.1684097413282226,1.0276666666666665,0.4267618892836199,1.0454626297759484,0,13
1.09,-0.5899999999999999,1.2596666666666663,0.3662653864799837,1.2152027203224107,1.1141666666666667,0.35441298885152195,1.1984913687626817,1.1708333333333334,0.37315992996748365,1.1563467042008038,1.0506666666666666,0.4139054362350473,1.0490256193938725,0,14
1.024,-0.06600000000000006,1.2646666666666662,0.3611998523440061,1.1196013601612054,1.0646666666666669,0.3402032725690171,1.148636691973344,1.194,0.3524418714160911,1.1359856727852955,1.0755000000000001,0.3922346236629263,1.0470235698423629,0,15
0.96,-0.06400000000000006,1.0246666666666664,0.06500256405198263,1.0398006800806026,1.118,0.28008498710213364,1.094740494266674,1.2048333333333334,0.3420818172557164,1.10891095389525,1.1049166666666668,0.35239638213938174,1.040061684254974,0,16
0.999,0.039000000000000035,0.994333333333333,0.03225419869307146,1.0194003400403013,1.127,0.27422034935431466,1.0673860673333386,1.1869166666666666,0.34715086014148594,1.0920015763729038,1.1255833333333334,0.32935231785332875,1.036776749514576,0,17
0.657,-0.34199999999999997,0.8719999999999996,0.18721378154398502,0.8382001700201507,1.0683333333333334,0.33535334598997063,0.950132905238099,1.1206666666666665,0.3672409002111328,1.0250782569309187,1.1218333333333332,0.3343251042956789,1.00639460955341,0,18
1.034,0.377,0.8966666666666664,0.20829386292767305,0.9361000850100754,0.9606666666666669,0.1547897498759811,0.974094932312928,1.1031666666666666,0.36583027195516843,1.0264508327877004,1.1061249999999998,0.32896151651496214,1.008603040789137,1,0
1.237,0.20300000000000007,0.9759999999999996,0.29431785538767236,1.0865500425050376,0.9851666666666669,0.18752644257989012,1.0492106659378058,1.0496666666666667,0.27859985424957406,1.0588430123588235,1.1043749999999999,0.3281124956209476,1.0268747975260062,0,1
1.506,0.2689999999999999,1.2589999999999997,0.23676781875921893,1.296275021252519,1.0655,0.28526110846030567,1.1797219042412899,1.0650833333333334,0.29932695967433964,1.1276363950728507,1.1292083333333334,0.33523839397822447,1.0652048137239256,0,2
0.198,-1.308,0.9803333333333332,0.6907418717099263,0.7471375106262594,0.9385,0.4585894678249841,0.8992299316009214,1.02825,0.37421678816624443,0.984615411215489,1.0786666666666667,0.37943237544551905,0.9958284286260116,1,0
0.764,0.5660000000000001,0.8226666666666663,0.6559705277932328,0.7555687553131297,0.8993333333333334,0.4624083332582456,0.8605928082863724,1.0131666666666665,0.3814550690408704,0.9506745787207984,1.0464166666666668,0.3715041010560267,0.9772821543359307,0,1
0.133,-0.631,0.3649999999999997,0.34706915737356997,0.44428437765656487,0.8119999999999999,0.5571150689040837,0.6527091487759803,0.9401666666666667,0.4583880518301194,0.8248784896868294,1.02125,0.4116637769070633,0.9097395819890562,0,2
0.162,0.028999999999999998,0.3529999999999997,0.3562316661949073,0.3031421888282824,0.6666666666666669,0.5997284941260239,0.512506534839986,0.8136666666666666,0.44491865105950923,0.7228971835811634,0.9763333333333334,0.4442767123105217,0.8499204154299318,0,3
0.111,-0.051000000000000004,0.13533333333333306,0.025579940057270843,0.2070710944141412,0.4790000000000001,0.5604541015997665,0.39779038202856143,0.7320833333333333,0.4781582960282234,0.6287591553379075,0.9514583333333332,0.4755651081623271,0.7908067821955372,0,4
0.144,0.03299999999999999,0.1389999999999997,0.02586503431275958,0.1755355472070706,0.25200000000000006,0.25253356212591055,0.3252788443061153,0.6587500000000001,0.4964494160811164,0.5541808237474602,0.9263750000000001,0.5020135813596697,0.7390622396198943,0,5
0.121,-0.022999999999999993,0.12533333333333305,0.016921386862003507,0.1482677736035353,0.23916666666666675,0.2577296387043364,0.2669134602186538,0.5888333333333334,0.5090852461806346,0.4875376200940048,0.8968333333333333,0.5281140083325737,0.6896172604503028,0,6
0.132,0.01100000000000001,0.13233333333333303,0.01150362261783539,0.14013388680176764,0.1338333333333334,0.017814787864793614,0.22836675729903844,0.5165833333333333,0.5071009328137901,0.43283952469492715,0.85175,0.5457502414905123,0.6450078796142786,0,7
0.132,0.0,0.12833333333333305,0.006350852961105336,0.13606694340088382,0.13366666666666674,0.017828815627169335,0.20083339807074174,0.47283333333333327,0.5164462188550782,0.3865565208957076,0.79675,0.5491311912625132,0.6039672492451363,0,8
0.117,-0.015,0.1269999999999997,0.008660254037858769,0.1265334717004419,0.12616666666666673,0.012056809970617694,0.17688099862195839,0.39641666666666664,0.4931825143131633,0.3450862869117526,0.7497916666666667,0.5573478329410219,0.5650098693055254,0,9
0.145,0.027999999999999983,0.13133333333333305,0.01401189970466444,0.13576673585022095,0.13183333333333339,0.011478966271733471,0.1677721418728274,0.30541666666666667,0.41917417910011384,0.3143037812330214,0.6775416666666666,0.5154154912526234,0.5314090797610833,1,0
0.294,0.149,0.18533333333333304,0.09514375088955392,0.21488336792511048,0.1568333333333334,0.06790998944682314,0.2038372441948767,0.20441666666666666,0.18317773700247028,0.31118012258178734,0.63475,0.5021319980625168,0.5124163533801966,1,0
0.347,0.05299999999999999,0.26199999999999973,0.10473299384625666,0.28094168396255526,0.1945000000000001,0.0994238401994261,0.24474088871062621,0.21683333333333332,0.18769745158990853,0.31669087295382004,0.6225416666666667,0.5055490325135207,0.49918304510978095,0,1
0.482,0.135,0.374333333333333,0.09693468591445062,0.3814708419812776,0.2528333333333334,0.14680519972626233,0.31252920622187585,0.19333333333333333,0.11748449285169084,0.34212304634554,0.60325,0.5015270810668877,0.4978084015009985,0,2
0.367,-0.11499999999999999,0.39866666666666634,0.0728583099813134,0.3742354209906388,0.2920000000000001,0.13927526700746679,0.32809229015848274,0.21283333333333332,0.12569286761670181,0.3459502699846877,0.5765,0.4960357630865578,0.48734372938091863,0,3
0.32,-0.046999999999999986,0.3896666666666664,0.08334466589610376,0.34711771049531936,0.3258333333333334,0.10979875530564033,0.3257802072560591,0.226,0.12813558160300328,0.34195792075627424,0.5198333333333333,0.438881846699442,0.47395623103044515,0,4
0.16,-0.16,0.28233333333333305,0.10851881557284582,0.2535588552476597,0.3283333333333334,0.104920287202561,0.27841443375432795,0.2300833333333333,0.12487700009019978,0.31396439448607816,0.4810833333333333,0.42725360727269424,0.4488397325480095,0,5
0.102,-0.05800000000000001,0.1939999999999997,0.11290704141018008,0.17777942762382984,0.2963333333333334,0.14067361752179347,0.22801030982451997,0.22658333333333336,0.12805713095291266,0.2813544876420661,0.4426666666666667,0.4176578240270469,0.4210925539441688,0,6
0.344,0.242,0.2019999999999997,0.1263487237766971,0.2608897138119149,0.2958333333333334,0.14046268780949564,0.2611502213032285,0.24516666666666667,0.12752171532252987,0.29099225877405593,0.417,0.40315958648394556,0.4149251496286353,0,7
0.356,0.01200000000000001,0.26733333333333303,0.14330852498484986,0.30844485690595747,0.27483333333333343,0.11398669513003613,0.28825015807373466,0.2638333333333333,0.12583382500410537,0.3009934497318935,0.3902083333333333,0.3836968888800438,0.4102111376583445,0,8
0.963,0.607,0.554333333333333,0.35396657092631345,0.6357224284529788,0.3741666666666667,0.306868321380145,0.48103582719552473,0.33308333333333334,0.2312186915743297,0.4028406113116022,0.40295833333333336,0.39777352953294204,0.45443424664567694,0,9
0.557,-0.4059999999999999,0.6253333333333331,0.30921567446255505,0.5963612142264894,0.4136666666666667,0.31367924168913064,0.5027398765682319,0.36975,0.22871106225981142,0.4265574403405865,0.3830833333333334,0.3762042595818513,0.4626395069140228,0,10
0.652,0.09499999999999997,0.7239999999999998,0.21236054247434794,0.6241806071132447,0.4956666666666667,0.2980219231309471,0.5453856261201657,0.4120000000000001,0.23024255984428102,0.4612409110574194,0.35870833333333335,0.3351874853903579,0.47778834636090095,0,11
0.393,-0.259,0.5339999999999997,0.13102289876200876,0.5085903035566224,0.5441666666666668,0.23897231359860127,0.5018468758001184,0.42025,0.2273859854160921,0.4507423093562779,0.3123333333333333,0.23006117648905575,0.4710052786520289,0,12
0.794,0.401,0.6129999999999997,0.2033248632115598,0.6512951517783112,0.6191666666666668,0.2341532973645008,0.5853191970000846,0.4575,0.2498037411467643,0.5035511848399274,0.33716666666666667,0.24860282041608656,0.49684485635986664,0,13
1.306,0.512,0.8309999999999996,0.4576232074534674,0.9786475758891556,0.7775000000000002,0.324408846981709,0.7912279978572032,0.5261666666666667,0.35021962806044693,0.6270048487107078,0.35975,0.3068556168057055,0.5615772678510773,0,14
1.183,-0.123,1.0943333333333332,0.26726827969912975,1.080823787944578,0.8141666666666668,0.3600441176670835,0.9031628556122882,0.5941666666666667,0.39309953246506374,0.7125425642936759,0.4035,0.3455352495703514,0.6112910864229912,0,15
1.302,0.119,1.2636666666666665,0.069888005647121,1.191411893972289,0.9383333333333335,0.38144497200339245,1.0171163254373488,0.676,0.4312033901030604,0.8032283236331104,0.451,0.3867875498198531,0.666547799509152,0,16
1.629,0.32699999999999996,1.371333333333333,0.230942272729208,1.4102059469861445,1.1011666666666668,0.4389639696679775,1.191940232455249,0.7984166666666667,0.4774385173808196,0.9302701199972472,0.51425,0.44803806612345537,0.7435439755484199,0,17
1.732,0.10299999999999998,1.5543333333333331,0.22451354821776728,1.5711029734930722,1.3243333333333334,0.3349857708420903,1.3462430231823208,0.93425,0.49291307089034614,1.053613178459209,0.5804166666666667,0.504662342274653,0.8226204575045464,0,18
0.799,-0.9329999999999999,1.3866666666666665,0.5115333159563821,1.185051486746536,1.3251666666666668,0.33340510893906444,1.1898878737016576,0.9721666666666667,0.45976690405096754,1.0144419202347155,0.6086666666666667,0.49674135222919286,0.8207308209041827,1,0
0.371,-0.42800000000000005,0.967333333333333,0.6959398920404923,0.778025743373268,1.1693333333333336,0.5138399231926896,0.9559199097868983,0.9734166666666667,0.4579562222692875,0.9154508555832208,0.618625,0.48910697793995905,0.7847523552318482,0,1
0.517,0.14600000000000002,0.562333333333333,0.2175714442047312,0.6475128716866341,1.0583333333333333,0.5782012337125102,0.830514221276356,0.9362499999999999,0.4765972427723305,0.854150723955033,0.6346666666666666,0.4786546968750795,0.7633321668133003,0,2
0.541,0.02400000000000002,0.47633333333333305,0.09200724609144932,0.5942564358433171,0.9315000000000001,0.5972141157072578,0.7477958723402544,0.9349166666666667,0.4777756145711016,0.8059736895004125,0.6523333333333333,0.4663848631545676,0.7455455934682362,0,3
0.924,0.383,0.6606666666666664,0.2283688536848499,0.7591282179216585,0.8140000000000001,0.49275470571066254,0.7981399088144674,0.9575833333333333,0.46951395725858014,0.824131583423426,0.6847916666666668,0.45654524792816753,0.7598219459907773,0,4
1.048,0.124,0.8376666666666664,0.2642959200088648,0.9035641089608293,0.7000000000000001,0.263852989370978,0.869528506296048,1.0121666666666667,0.4346937967922963,0.8585728782813604,0.7162083333333333,0.45442203896020356,0.7828761903115152,0,5
1.23,0.18199999999999994,1.067333333333333,0.15391339556169936,1.0667820544804147,0.7718333333333334,0.34299586975161706,0.9725203616400343,1.0485,0.43301889524173026,0.9157155123919203,0.753,0.4589527777167368,0.8186460950865941,0,6
1.123,-0.10699999999999998,1.1336666666666664,0.09146766277396683,1.0948910272402075,0.8971666666666668,0.3022021950063707,1.015514544028596,1.03325,0.42629612520364457,0.9476054335623941,0.7797083333333333,0.4611424828539973,0.8429944074796667,0,7
1.409,0.28600000000000003,1.2539999999999998,0.1445025951324014,1.2519455136201039,1.0458333333333334,0.29714199748044506,1.1279389600204257,1.0520833333333333,0.4383355830107091,1.0185892130143335,0.823125,0.4695717116599979,0.8882748548812934,0,8
1.409,0.0,1.3136666666666665,0.16512217698822892,1.3304727568100518,1.1905000000000001,0.1964329402111633,1.2082421143003041,1.061,0.4449204218938333,1.0786524110121283,0.8684999999999999,0.4714522429592424,0.92993286649079,0,9
1.268,-0.14100000000000001,1.3619999999999999,0.08140638795572876,1.299236378405026,1.2478333333333336,0.1470991728959386,1.2253157959287886,1.0309166666666667,0.41416519724146994,1.1077828093179547,0.9146666666666666,0.45294309717155284,0.9569782371715267,0,10
1.378,0.10999999999999988,1.3516666666666666,0.07409678355591394,1.338618189202513,1.3028333333333333,0.11580227401337735,1.2689398542348491,1.0014166666666666,0.3699345048502414,1.1493546848075002,0.9678333333333334,0.42758326589725093,0.9906599781978046,0,11
1.306,-0.07199999999999984,1.3173333333333332,0.05586889414810345,1.3223090946012566,1.3155000000000001,0.11026649536465138,1.2795284673106067,1.0436666666666667,0.3736484330425547,1.1734539640678847,1.0079166666666668,0.4113424381817083,1.0158871799419802,0,12
1.442,0.1359999999999999,1.375333333333333,0.06803920438491268,1.3821545473006283,1.368666666666667,0.06749716043412059,1.3259489052218618,1.1329166666666666,0.32282093497883646,1.2147687388266717,1.0531666666666666,0.3959551650801144,1.0499762055466217,1,0
0.993,-0.44899999999999995,1.2469999999999997,0.23024117789830456,1.187577273650314,1.2993333333333335,0.16336176623270623,1.2308206465870442,1.1725833333333333,0.2641777839167314,1.180650471314876,1.0544166666666668,0.39570541487616306,1.045418109102892,1,0
1.109,0.11599999999999999,1.1813333333333331,0.23307581027067592,1.148288636825157,1.2493333333333334,0.168899575685285,1.1960147475621743,1.2199166666666665,0.17734120083938412,1.1696273218818183,1.0774166666666667,0.3813171584944959,1.0505046603746606,0,1
0.83,-0.279,0.9773333333333332,0.14015824390071493,0.9891443184125785,1.1763333333333335,0.23922931815868484,1.091439105401553,1.2120833333333334,0.19298631997365262,1.1173769646692309,1.0848333333333333,0.37435041322810864,1.0328642875446878,0,2
0.916,0.08600000000000008,0.9516666666666665,0.14287873646324115,0.9525721592062892,1.0993333333333333,0.23566218760477722,1.0413136467153952,1.2010833333333333,0.2064793444802001,1.0863958931816569,1.106625,0.3465139199788781,1.0235151445411128,0,3
0.638,-0.278,0.7946666666666665,0.14232825908206867,0.7952860796031447,0.9880000000000001,0.2732873945135459,0.9260811762252823,1.15175,0.2621575255105642,1.017411909615248,1.100125,0.35401514491061653,0.9926739329778238,0,4
0.488,-0.15000000000000002,0.6806666666666664,0.21716660271167978,0.6416430398015723,0.8290000000000001,0.2304899130113991,0.8009151258752016,1.0988333333333333,0.32503533607436313,0.9359639235205944,1.0660416666666668,0.37224039441183926,0.9523000183395979,0,5
0.209,-0.279,0.44499999999999984,0.21770852073357033,0.42532151990078615,0.6983333333333334,0.3227039923314691,0.6317965184822869,0.9988333333333334,0.39746099484634717,0.8241233199020415,1.0254583333333334,0.41010390827168114,0.8928360168724301,0,6
0.169,-0.03999999999999998,0.2886666666666665,0.173782431026076,0.2971607599503931,0.5416666666666667,0.3114383834190461,0.49956894177306205,0.8955000000000001,0.4400393577438762,0.7233351168401889,0.9782500000000001,0.4409386480048497,0.8349291355226357,0,7
0.203,0.034,0.19366666666666651,0.021571586249808615,0.25008037997519655,0.4371666666666667,0.30033542359613313,0.41483495840933005,0.8067500000000001,0.4647836495716029,0.6432835604032369,0.9188333333333333,0.44549080570872723,0.7843748046808249,0,8
0.177,-0.026000000000000023,0.18299999999999986,0.017776388834620117,0.21354018998759827,0.31400000000000006,0.19919437743069454,0.34688211314952144,0.7066666666666667,0.4598735662871978,0.5715476280335081,0.8540416666666667,0.4350388767401808,0.7357848203063588,0,9
0.22,0.04300000000000001,0.19999999999999984,0.02165640782769836,0.21677009499379912,0.24433333333333343,0.12093910313322405,0.31063008082108673,0.6161666666666666,0.4375221206529057,0.5174633775668145,0.8299166666666666,0.45387049643728505,0.6945220346818501,0,10
0.174,-0.04600000000000001,0.19033333333333316,0.02573583752926908,0.19538504749689956,0.19200000000000006,0.02131666015120338,0.2715929148722048,0.5105,0.3674490688269995,0.4646228579411507,0.8217083333333334,0.4641949065122104,0.6528802719073022,1,0
0.194,0.020000000000000018,0.19599999999999984,0.023065125189332868,0.19469252374844978,0.18950000000000009,0.01974588564744313,0.24942351062300344,0.44391666666666674,0.3436929015939552,0.4229885721040506,0.80825,0.4778935892107062,0.616169850154718,0,1
0.18,-0.014000000000000012,0.18266666666666653,0.010263202878874599,0.18734626187422487,0.19133333333333338,0.017884816651801846,0.22958822187357386,0.3665,0.2787584487101425,0.3856057148572736,0.7932083333333333,0.4921398686982333,0.5812762621423406,0,2
0.185,0.0050000000000000044,0.18633333333333316,0.007094598884569673,0.18617313093711244,0.18833333333333338,0.017025471114438112,0.21684872990969561,0.31275000000000003,0.2408715708347015,0.3547432971869238,0.7624166666666666,0.5065095317929335,0.5495741611709535,0,3
0.183,-0.0020000000000000018,0.18266666666666653,0.002516611478345349,0.18458656546855623,0.18933333333333338,0.01639105447091697,0.20717766422121114,0.25166666666666665,0.14965434922660245,0.3283212514658586,0.726375,0.5159913895894288,0.5202482282772772,0,4
0.21,0.026999999999999996,0.19266666666666651,0.01504437879518237,0.1972932827342781,0.18766666666666673,0.012754084313213784,0.2079840458722937,0.216,0.08716650732944407,0.3101179820095727,0.683875,0.5147113427002968,0.49542837001509504,1,0
0.602,0.392,0.3316666666666665,0.23450444203326476,0.399646641367139,0.25900000000000006,0.1683852725151518,0.32056003276592404,0.2255,0.11966126433325074,0.3550229078542538,0.6621666666666667,0.5063037983581384,0.5039541004138874,1,0
0.826,0.22399999999999998,0.5459999999999998,0.31179480431848017,0.6128233206835695,0.3643333333333334,0.2801647134574029,0.46497145197566003,0.27691666666666664,0.21021869925190975,0.42748092203052246,0.6378750000000001,0.482332224716527,0.5297177723807764,0,1
1.031,0.20499999999999996,0.8196666666666665,0.21457011286134986,0.8219116603417846,0.5061666666666667,0.3693851197147345,0.6266938942683286,0.34874999999999995,0.29866159779926943,0.5203300109489035,0.6221249999999999,0.4617914372546694,0.5698203505903143,0,2
0.356,-0.6749999999999999,0.7376666666666666,0.3460611699300175,0.5889558301708924,0.5346666666666667,0.3454722371865339,0.5493527816202346,0.3615,0.2951186202190781,0.49504847080291836,0.584125,0.4434936706082276,0.5527147225430892,0,3
0.784,0.42800000000000005,0.7236666666666665,0.3415206191920665,0.6864779150854462,0.6348333333333334,0.30823784106866053,0.6163948440144533,0.4120833333333333,0.3121489907468136,0.539502552217854,0.5593750000000001,0.4127744739011141,0.571217544739642,0,4
0.602,-0.18200000000000005,0.5806666666666666,0.2147960272754891,0.6442389575427231,0.7001666666666667,0.23239485077485875,0.6122820314388953,0.4439166666666667,0.31025193819141034,0.549117544184338,0.5300416666666666,0.38121778314816224,0.5736801411604707,0,5
0.458,-0.14399999999999996,0.6146666666666666,0.16336870365321696,0.5511194787713616,0.6761666666666667,0.2512324952442833,0.5682014510277823,0.4675833333333334,0.2983958500605272,0.5350994604636706,0.48904166666666665,0.328083960511514,0.5644257298676331,0,6
1.331,0.873,0.7969999999999998,0.46802884526490357,0.9410597393856808,0.7603333333333334,0.3686302573944099,0.786143893591273,0.5623333333333332,0.37445119437612595,0.6575456973154136,0.503125,0.35666685375180385,0.6257516714782224,1,0
0.574,-0.757,0.7876666666666665,0.47410160655004363,0.7575298696928403,0.6841666666666667,0.3481645683677029,0.725531352565195,0.5951666666666666,0.3546280595300808,0.6446925131130422,0.4808333333333334,0.3330929713101508,0.6216115377599646,1,0
1.324,0.7500000000000001,1.0763333333333331,0.4350475069843892,1.04076493484642,0.8455,0.387715230549436,0.896522394689425,0.6900833333333334,0.3859136639983287,0.7492013572494973,0.5014166666666667,0.368941837841872,0.6778026147391675,0,1
2.556,1.232,1.4846666666666664,1.0007204071734181,1.79838246742321,1.1408333333333334,0.7937648056361967,1.3706588533495891,0.8878333333333334,0.6319863107454969,1.027170379211113,0.56975,0.5543536188955588,0.8280584055600341,0,2
2.295,-0.2610000000000001,2.058333333333333,0.6492028445203635,2.0466912337116048,1.423,0.8619006903350308,1.6347563238211351,1.0615833333333333,0.7104329612456387,1.2222210901017112,0.6387916666666666,0.6569200189002299,0.9454137331152314,0,3
1.076,-1.2189999999999999,1.9756666666666665,0.7899875526445536,1.5613456168558024,1.526,0.7536436823857827,1.4751116598722394,1.1010833333333332,0.6955790861947472,1.199725537778371,0.6632916666666666,0.6619968789606321,0.9558606344660129,0,4
0.794,-0.28200000000000003,1.388333333333333,0.7977558105920204,1.1776728084279013,1.4364999999999999,0.811126562257705,1.280508328480171,1.0984166666666668,0.6967898415830541,1.1373062242740062,0.6876666666666665,0.6552782791977776,0.942911783708732,0,5
0.851,0.05699999999999994,0.9069999999999997,0.14910734388352032,1.0143364042139507,1.4826666666666668,0.7583860934027399,1.1577916632001222,1.0834166666666667,0.7003016828265527,1.093259112847236,0.7160833333333333,0.6465373936975884,0.9355588410120335,0,6
1.143,0.29200000000000004,0.9293333333333331,0.18722268381083448,1.0786682021069753,1.4525000000000003,0.7694784597375046,1.153565473714373,1.149,0.6617777709940265,1.1009115570245842,0.7552500000000001,0.642563835434808,0.9521541337310708,0,7
1.062,-0.08099999999999996,1.0186666666666664,0.15074592310683457,1.0703341010534877,1.2035,0.5519524436036154,1.1274039097959807,1.1721666666666666,0.652641601957816,1.0949251636361867,0.792125,0.6332634119488029,0.9609418030325853,0,8
1.137,0.07499999999999996,1.1139999999999997,0.045133136385568144,1.1036670505267439,1.0105000000000002,0.15020885459919472,1.130145649854272,1.21675,0.6279581811496132,1.1013982153844657,0.8303333333333334,0.6248510547160068,0.9750264587899785,0,9
0.769,-0.368,0.9893333333333331,0.19446422121647894,0.936333525263372,0.9593333333333334,0.1738604804625497,1.0269611784673371,1.2426666666666668,0.5995729288165869,1.05026002840224,0.8551250000000001,0.6092879174120753,0.9585443420867803,1,0
1.252,0.483,1.0526666666666664,0.2523020676358631,1.094166762631686,1.0356666666666667,0.18681291889660287,1.0912579846195265,1.2360833333333332,0.5989482385183593,1.0812969471095877,0.8992083333333333,0.5975352985146659,0.9820207947198379,1,0
1.388,0.1359999999999999,1.136333333333333,0.3253065221192647,1.241083381315843,1.1251666666666669,0.20807250338924851,1.176041417585376,1.3039166666666666,0.5621094132144067,1.1284820321696512,0.9495416666666666,0.5850666241635578,1.0144991311422509,0,1
1.154,-0.23399999999999999,1.2646666666666662,0.11751311983490068,1.1975416906579215,1.127,0.20830938529025084,1.16974386970384,1.28975,0.563697230950996,1.1324078733743201,0.9899166666666667,0.5630323117352752,1.025659200650871,0,2
1.261,0.10699999999999998,1.2676666666666663,0.11714236352973131,1.2292708453289607,1.1601666666666668,0.21170490468260034,1.1958170497884573,1.1818333333333333,0.3992021209028542,1.1521912774705785,1.0348333333333335,0.5383176423432252,1.0444864645988012,0,3
1.469,0.20800000000000018,1.2946666666666664,0.1601759449272323,1.3491354226644803,1.2155,0.24517972999414592,1.2738693212774694,1.113,0.2214526421772322,1.2009310809366434,1.0872916666666665,0.5152956499758715,1.0784475474308972,0,4
1.589,0.11999999999999988,1.4396666666666664,0.1659558174133457,1.4690677113322401,1.3521666666666665,0.16039877389390822,1.3639066580553352,1.15575,0.25984790131572316,1.2606339915617752,1.1284166666666666,0.5142657844942122,1.1192917436364254,0,5
1.348,-0.24099999999999988,1.4686666666666663,0.12050034578096322,1.40853385566612,1.3681666666666665,0.15302733960527806,1.3593618986109537,1.2019166666666667,0.23803187652587138,1.274074915936887,1.1501666666666666,0.5119528397664437,1.1375884041455113,0,6
1.358,0.010000000000000009,1.4316666666666664,0.13634637264456897,1.38326692783306,1.3631666666666666,0.15273953864886822,1.3589727847221098,1.2441666666666666,0.21384991905257011,1.2869864673312121,1.1637916666666668,0.5129937688549994,1.1552213318138704,0,7
1.104,-0.254,1.2699999999999998,0.14384714109080593,1.24363346391653,1.3548333333333336,0.16712081458235262,1.2861234176586498,1.2409166666666667,0.21581450719345646,1.2588347031264102,1.1949583333333333,0.4836669244847931,1.1511236252687609,0,8
1.359,0.2549999999999999,1.2736666666666665,0.1469364942188684,1.301316731958265,1.3711666666666666,0.1607848458862622,1.3069452983276069,1.2656666666666667,0.21039285043735248,1.2742447487992703,1.2189166666666666,0.47661495868318976,1.16775373524726,0,9
1.532,0.17300000000000004,1.3316666666666663,0.2153052097217613,1.4166583659791325,1.3816666666666668,0.17023121531220148,1.3712466416625764,1.2985833333333334,0.2191497861917302,1.3138994028301518,1.2576666666666667,0.4618544535152642,1.1968934364274793,0,10
1.19,-0.3420000000000001,1.360333333333333,0.17100389859103118,1.3033291829895663,1.3151666666666668,0.14973899514378028,1.3194618869018404,1.3336666666666668,0.14919623035290475,1.2948379562408978,1.2881666666666667,0.4298081135725025,1.1963419615132809,1,0
0.733,-0.45699999999999996,1.1516666666666662,0.40087695535329965,1.0181645914947832,1.2126666666666668,0.2781766824639854,1.151901347787029,1.2904166666666668,0.22893804574137772,1.2084013475884519,1.26325,0.44430602947302694,1.1592746045922184,0,1
1.263,0.5299999999999999,1.0619999999999996,0.2872507615307537,1.1405822957473917,1.1968333333333334,0.27085746559153384,1.1836438198478778,1.28,0.2269293041696281,1.2168011402671515,1.2919583333333333,0.4193957847610797,1.167572636224841,0,2
1.044,-0.21899999999999986,1.013333333333333,0.2663274926351599,1.0922911478736959,1.1868333333333334,0.2760285613241299,1.1437455856056271,1.2708333333333333,0.23457459884702997,1.1902163494568205,1.2802916666666666,0.42234979106718196,1.157686825326854,0,3
0.729,-0.31500000000000006,1.0119999999999996,0.26843434951585055,0.910645573936848,1.0818333333333332,0.3145723552168386,1.0252468468611622,1.2265,0.28206688439575894,1.1192599880019252,1.2041666666666668,0.33880450521447036,1.1233918793007056,0,4
1.182,0.45299999999999996,0.9849999999999995,0.23219173111891342,1.046322786968424,1.0235,0.23737965371952618,1.0700334620436873,1.2025833333333333,0.271609498539674,1.1289122975400905,1.1577916666666666,0.24663773454491475,1.1280805289566491,0,5
0.152,-1.03,0.6876666666666663,0.5162425140700158,0.5991613934842119,0.8505000000000001,0.4084021302588932,0.8077381871740623,1.0828333333333333,0.38064725578064834,0.978618097918538,1.1192916666666666,0.32089866735488826,1.0499940866401172,1,0
0.081,-0.071,0.47166666666666623,0.6161901762713603,0.34008069674210595,0.7418333333333332,0.5179642523057635,0.6000987051243303,0.9772499999999998,0.46645649217361673,0.8405230059310705,1.0895833333333333,0.379902724009901,0.9724745597089078,0,1
0.193,0.112,0.14199999999999954,0.05666568626599366,0.266540348371053,0.5635000000000001,0.4858439049736054,0.48378478937452163,0.8801666666666668,0.5000339685431152,0.740904081941675,1.0621666666666665,0.41954423165959326,0.9101165949321952,0,2
0.13,-0.063,0.13466666666666624,0.05614564393903894,0.1982701741855265,0.41116666666666674,0.4467730594683035,0.38270342098180116,0.7989999999999999,0.5380069279716229,0.6469188385660327,1.0199583333333333,0.46005873719196366,0.8477072673376196,0,3
0.125,-0.0050000000000000044,0.1493333333333329,0.03789898855285419,0.16163508709276325,0.31050000000000005,0.4285093931292539,0.309073872129858,0.6961666666666666,0.5391698725959762,0.5666236326327969,0.9809166666666668,0.4947833884128212,0.7898906859506101,0,4
0.064,-0.061,0.10633333333333289,0.03674688195383762,0.11281754354638163,0.12416666666666674,0.0469698484846179,0.23905276580704143,0.5738333333333333,0.4971900740129281,0.4892969199200589,0.9362083333333334,0.5274650599734078,0.7318194310745613,0,5
0.129,0.065,0.10599999999999955,0.036428011200118286,0.12090877177319082,0.1203333333333334,0.045147166762355743,0.20760911843360103,0.48541666666666666,0.4713214418156295,0.43386662454774216,0.9095416666666666,0.5518981458618918,0.6835938765885964,0,6
0.062,-0.067,0.08499999999999956,0.03811823710503801,0.09145438588659541,0.11716666666666675,0.048962911133509576,0.16600651316685788,0.4295,0.4790185989936416,0.3766563746173203,0.8599583333333333,0.5728514094587157,0.6338663664615086,0,7
0.127,0.065,0.10599999999999955,0.03811823710503862,0.1092271929432977,0.10616666666666674,0.0334868133250679,0.1548617951191842,0.3348333333333333,0.40601048650438737,0.33824770159927103,0.8074166666666667,0.5800972869431789,0.5933170571445879,0,8
0.063,-0.064,0.08399999999999956,0.037242448899017025,0.08611359647164885,0.09500000000000008,0.03508275929856811,0.1286155679422744,0.2530833333333333,0.3443134033071975,0.2959019013532293,0.7619583333333334,0.5943296171659087,0.550891692573021,0,9
0.127,0.064,0.10566666666666623,0.036950417228081144,0.10655679823582442,0.09533333333333342,0.03543256505910818,0.12815397710162457,0.20291666666666666,0.31090321742638233,0.2699169934527325,0.7147083333333333,0.5979961086951053,0.5169803571671793,0,10
0.09,-0.037000000000000005,0.0933333333333329,0.032129944496205536,0.09827839911791221,0.09966666666666674,0.03228415504032805,0.1172528407868747,0.11191666666666666,0.04050018705551908,0.24223745599846597,0.65725,0.5885447971572467,0.48282192859380496,0,11
0.177,0.087,0.13133333333333289,0.043661577311514224,0.1376391995589561,0.10766666666666674,0.044603437834632734,0.1343234577049105,0.114,0.04329602123246792,0.23220092430639427,0.5984166666666667,0.5612975585866707,0.4583561743063006,0,12
0.136,-0.04099999999999998,0.1343333333333329,0.043523939772604915,0.13681959977947805,0.12000000000000009,0.0393751190474555,0.13480246978922178,0.11858333333333332,0.042386658135498134,0.21740078210541056,0.5479166666666667,0.5452168229777631,0.43256768036179655,0,13
0.139,0.0030000000000000027,0.15066666666666625,0.022854612955142708,0.13790979988973903,0.12200000000000007,0.040099875311542986,0.1360017641351584,0.11408333333333333,0.03618000033525818,0.2053391233199628,0.497125,0.5227882863945007,0.40908226593285285,0,14
0.1,-0.03900000000000001,0.12499999999999956,0.02170253441411825,0.11895489994486952,0.12816666666666673,0.03103170421791184,0.12571554581082744,0.11158333333333333,0.03601630523028605,0.1891331043476608,0.45529166666666665,0.5121771499891502,0.38435568465822467,0,15
0.353,0.253,0.1973333333333329,0.1362142919569363,0.23597744997243475,0.16583333333333342,0.096799621211387,0.19065396129344817,0.13058333333333333,0.07864703465880145,0.21434339598648222,0.413375,0.4748039240616504,0.3818472298855667,1,0
0.302,-0.05099999999999999,0.2516666666666662,0.1337996013945094,0.2689887249862174,0.20116666666666674,0.10212818742476554,0.22246711520960583,0.15041666666666667,0.08957927756860613,0.22782902737317728,0.36212500000000003,0.4108917462956714,0.3754594514947214,0,1
0.505,0.203,0.38666666666666627,0.10560460848528297,0.3869943624931087,0.2558333333333334,0.1587141035531124,0.30319079657828985,0.18175,0.1354313814849613,0.27047071546961154,0.33358333333333334,0.37292159295587424,0.3858226953751437,0,2
1.184,0.6789999999999999,0.6636666666666662,0.4619116077057714,0.7854971812465543,0.43050000000000005,0.3975005660373348,0.5548505689844927,0.27525,0.31435594330459854,0.41101368232044055,0.35237500000000005,0.4039921235241579,0.44967687974513215,0,3
0.857,-0.32699999999999996,0.8486666666666661,0.33957669727666956,0.8212485906232772,0.5501666666666667,0.4002606234276217,0.6411789778460661,0.3360833333333333,0.35149846975831683,0.47962696196344967,0.33545833333333336,0.3713876422245288,0.4822627293655216,0,4
0.985,0.128,1.0086666666666662,0.16477965084721852,0.9031242953116385,0.6976666666666668,0.3624735392641351,0.739413555604333,0.41291666666666665,0.3855033211349467,0.557376660122919,0.33299999999999996,0.36665882732066746,0.5224817110162799,0,5
0.799,-0.18599999999999994,0.8803333333333329,0.09517002329163826,0.8510621476558193,0.7720000000000001,0.32101588745730625,0.7564382540030951,0.46891666666666665,0.3889871365794182,0.5945494816424699,0.3359166666666667,0.3702071002850194,0.5446031741349776,0,6
0.862,0.06299999999999994,0.8819999999999996,0.09459915433024568,0.8565310738279097,0.8653333333333335,0.22369145416548356,0.7865987528593537,0.53325,0.3844349158771433,0.635695715235936,0.32258333333333333,0.34318621091517054,0.5699949202041794,0,7
1.808,0.9460000000000001,1.156333333333333,0.5652382978296246,1.3322655369139549,1.0825000000000002,0.38105157131286327,1.078427680613824,0.6691666666666666,0.5136399222188437,0.8160502205842536,0.39158333333333334,0.45549618589216784,0.669035326587845,1,0
2.393,0.5849999999999997,1.6876666666666662,0.7725608929614107,1.8626327684569772,1.284,0.6617395257954614,1.4540197718670171,0.85725,0.6852283129797678,1.058657878955907,0.4879166666666667,0.6064311077161124,0.8069525004608176,0,1
1.941,-0.45199999999999974,2.047333333333333,0.30665344174382436,1.9018163842284888,1.4646666666666668,0.6697721005436617,1.5931569799050123,1.0074166666666666,0.7105021858239509,1.1944028206549981,0.56075,0.6710022516647205,0.8976763004239522,0,2
1.569,-0.3720000000000001,1.967666666666666,0.41264674157605197,1.7354081921142444,1.562,0.6272058673194968,1.5862549856464372,1.1298333333333332,0.6650418761023259,1.2520331559388445,0.6207083333333333,0.6947115434647558,0.951382196390036,0,3
1.241,-0.32799999999999985,1.5836666666666661,0.3502304003557263,1.4882040960571223,1.6356666666666666,0.5394900060859968,1.4876107040331694,1.2038333333333333,0.6185219674695699,1.2503357473328685,0.6672083333333333,0.6974330561090565,0.9745516206788332,0,4
1.364,0.123,1.391333333333333,0.16569952725741852,1.4261020480285613,1.7193333333333334,0.4215422477838595,1.4522933600236925,1.2923333333333333,0.5499278189550048,1.267822555435504,0.721375,0.6990284445602648,1.0057074910245265,0,5
1.353,-0.01100000000000012,1.319333333333333,0.06806124692754235,1.3895510240142808,1.6435000000000002,0.4427919375959799,1.4239238285883518,1.3630000000000002,0.4908700994616153,1.2809267776761957,0.7723749999999999,0.698581034638443,1.0334908917425645,0,6
1.509,0.15599999999999992,1.408666666666666,0.08706510973594442,1.4492755120071403,1.4961666666666666,0.24755639088229767,1.4482313061345369,1.3900833333333333,0.48905854981946323,1.3160149657260116,0.8326666666666668,0.6970464813062652,1.0715316204031593,0,7
2.555,1.0460000000000003,1.8056666666666663,0.6536125253797795,2.0021377560035702,1.5985000000000003,0.48308167011386627,1.7644509329532407,1.5315833333333335,0.5611309129919247,1.5066280479220098,0.9338333333333333,0.7632291619318442,1.1902090907709066,1,0
2.078,-0.4770000000000003,2.047333333333333,0.5236738807056671,2.040068878001785,1.6833333333333336,0.5201363923690294,1.8540363806808862,1.6226666666666667,0.5529927392805154,1.5945314251647775,1.0177916666666667,0.7740217376549035,1.2612323635092342,0,1
2.664,0.5860000000000003,2.432333333333333,0.3116638146037076,2.3520344390008923,1.9204999999999999,0.5968700863672112,2.0854545576292045,1.7780833333333337,0.5624545974942518,1.7590650520625042,1.1235,0.819008732766522,1.3734537744284954,0,2
2.122,-0.5420000000000003,2.288,0.32636789057749,2.237017219500446,2.0468333333333333,0.5322440856098531,2.095896112592289,1.8830833333333334,0.48866021999550546,1.814901197899042,1.2081666666666668,0.8125287776397536,1.4333374724742156,0,3
2.3,0.17799999999999994,2.3619999999999997,0.2762679858398375,2.268508609750223,2.2046666666666668,0.41222307876521,2.154211508994492,1.9240833333333331,0.5022392509068858,1.889531782837651,1.296625,0.8109486560973427,1.5026704746762785,0,4
1.011,-1.289,1.8109999999999997,0.6985134214888061,1.6397543048751113,2.1216666666666666,0.5914716110403514,1.82757964928178,1.8089166666666665,0.5418289663610418,1.754373047016474,1.3330833333333332,0.77539044395692,1.4633368367021764,1,0
1.073,0.062000000000000055,1.461333333333333,0.7269679039224018,1.3563771524375556,1.874666666666667,0.6775047355308074,1.6119854637727,1.7365833333333331,0.5792398558508017,1.649546424398555,1.3719999999999999,0.7352538159799261,1.4321098897660023,0,1
0.842,-0.23099999999999998,0.9753333333333329,0.11955891155965268,1.0991885762187779,1.6686666666666665,0.7830074499432748,1.3919896169805002,1.6760000000000002,0.6338094063962457,1.5253085129526234,1.4029166666666664,0.6938780068612903,1.3849010985847223,0,2
1.003,0.16099999999999992,0.9726666666666665,0.11844970803395355,1.0510942881093888,1.3918333333333333,0.6415772491810089,1.280849726414643,1.6561666666666668,0.6521183430431408,1.4449533571137583,1.43,0.6631197019621984,1.3543490106979448,0,3
0.632,-0.3709999999999999,0.8256666666666663,0.18603852647591113,0.8415471440546944,1.1435,0.588607424350054,1.0954640902961736,1.5951666666666666,0.7132987176534522,1.3198836098654878,1.4437499999999999,0.6417916667254733,1.2965610898421092,0,4
0.611,-0.02100000000000002,0.7486666666666664,0.22050925906484742,0.7262735720273472,0.862,0.2014467671619608,0.9570457787829812,1.5333333333333332,0.7663849416500029,1.2108245929631052,1.4481666666666666,0.6353832576154105,1.2417162026547406,0,5
1.167,0.556,0.8033333333333331,0.31511955403200265,0.9466367860136736,0.8879999999999999,0.23223780915261233,1.0170326991307008,1.5048333333333332,0.7736963032721365,1.2040823478918583,1.4474583333333335,0.6356999551447322,1.2357389064423612,1,0
1.907,0.74,1.228333333333333,0.6501733102283803,1.4268183930068368,1.0270000000000001,0.48122385643274673,1.2713090708076433,1.4508333333333334,0.7140512883709706,1.3122235251392647,1.491208333333333,0.6293969494107328,1.2894397939269724,0,1
0.88,-1.0270000000000001,1.3179999999999998,0.5298896111455637,1.1534091965034183,1.0333333333333334,0.47854473841708,1.1595064791483167,1.351,0.7020407913556552,1.2457275981947624,1.4868333333333332,0.6334207109824003,1.2566846104128147,1,0
0.289,-0.591,1.025333333333333,0.8187321499326438,0.7212045982517091,0.9143333333333334,0.568009037486792,0.9107903422487976,1.1530833333333332,0.6292345217272631,1.0985387369340298,1.4655833333333332,0.6652542447402554,1.1792698415797895,0,1
0.689,0.39999999999999997,0.619333333333333,0.3015963085538804,0.7051022991258545,0.9238333333333334,0.5627953150717158,0.8474216730348555,1.0336666666666667,0.5609040321956503,1.0355327774057175,1.4583750000000002,0.6729712063418594,1.1400482542534065,0,2
0.21,-0.479,0.3959999999999997,0.25680147974650236,0.45755114956292725,0.8570000000000001,0.6274688836906618,0.6653011950248968,0.8594999999999998,0.4443140781024252,0.9085277347279147,1.3917916666666665,0.7146381863004804,1.065644393913134,0,3
0.131,-0.07899999999999999,0.34333333333333305,0.301950879007375,0.2942755747814636,0.6843333333333333,0.6664351931483453,0.5126437107320692,0.7861666666666666,0.4875534158770116,0.7889080832313125,1.2975416666666666,0.7259255548827875,0.9908728424000833,0,4
0.247,0.11599999999999999,0.19599999999999965,0.05925369186803949,0.2706377873907318,0.4076666666666666,0.3025753900545665,0.4367455076657637,0.7173333333333333,0.5014853090086737,0.7055376088880336,1.2269583333333334,0.742800018681759,0.9313630150080767,0,5
0.203,-0.043999999999999984,0.19366666666666635,0.05856051001593048,0.2368188936953659,0.29483333333333334,0.20008040050607986,0.36996107690411695,0.6640833333333332,0.5206056714553978,0.628224130597567,1.1700416666666666,0.7673795885811745,0.8730939738074307,0,6
0.172,-0.031000000000000028,0.207333333333333,0.037687309977311255,0.20440944684768295,0.2753333333333333,0.206365371772188,0.3134007692172264,0.5948333333333333,0.5266590812649101,0.5580358028133259,1.1255,0.7936563707188435,0.8170064559028363,0,7
0.132,-0.03999999999999998,0.16899999999999968,0.03559494346100961,0.16820472342384146,0.1825,0.04615083964574137,0.2615719780123046,0.5531666666666667,0.5429772862038937,0.49249183314973727,1.0741666666666667,0.8170572151040713,0.7622059394306094,0,8
0.188,0.055999999999999994,0.16399999999999967,0.02884441020358108,0.17810236171192073,0.17883333333333332,0.04436853239260466,0.24055141286593185,0.5179166666666667,0.5525279850310176,0.4456469357420854,1.025625,0.8341981212126888,0.7162694642761608,0,9
0.125,-0.063,0.148333333333333,0.03453018003610362,0.15155118085596037,0.17783333333333332,0.04570959053277125,0.2075367234756656,0.4310833333333333,0.5222984967401141,0.3963166379356107,0.9679583333333333,0.8470679085331135,0.668967907134068,0,10
0.19,0.065,0.16766666666666633,0.036963946398156665,0.17077559042798018,0.16833333333333333,0.032463312626311476,0.20252623105404688,0.288,0.24024040989281872,0.36457561671474753,0.8694166666666666,0.7900610827605353,0.6306504745633426,1,0
0.121,-0.069,0.14533333333333298,0.03873413653775851,0.1458877952139901,0.15466666666666665,0.03220972937908149,0.17923302218146206,0.22475,0.15500388558184694,0.32710244491247864,0.787875,0.7603316388832915,0.5898784365982752,1,0
0.193,0.07200000000000001,0.16799999999999968,0.040730823708740135,0.16944389760699505,0.15816666666666668,0.03544808410441469,0.18316644441533003,0.21675,0.1538595138430375,0.30647129954132807,0.6849166666666666,0.6552801536061805,0.5581281616704132,1,0
0.152,-0.04100000000000001,0.15533333333333302,0.036115555281980016,0.16072194880349752,0.1615,0.0333751404492473,0.17426174601095,0.17200000000000001,0.0399340365195363,0.2827064842272776,0.6028333333333333,0.587296878238255,0.5256379087367802,0,1
0.314,0.162,0.21966666666666632,0.08422786553941626,0.23736097440174875,0.1825,0.07138277103059908,0.21418696143639288,0.18066666666666667,0.056697496070129444,0.2875208712692349,0.5200833333333333,0.4649363599898088,0.5087068760378378,1,0
0.192,-0.122,0.21933333333333302,0.08438799282674037,0.21468048720087438,0.19366666666666665,0.06559471523433558,0.20784782959742348,0.18574999999999997,0.05453293416924429,0.2728253526124296,0.4859583333333333,0.45733181552648045,0.4833703259548108,0,1
0.202,0.010000000000000009,0.23599999999999968,0.06773477688745058,0.20834024360043718,0.19566666666666666,0.06564348152462338,0.20617702114101677,0.18200000000000002,0.0513950828919539,0.26192914451820964,0.44966666666666666,0.44305801628804137,0.46086069987842593,0,2
0.33,0.128,0.24133333333333304,0.07695020034623733,0.2691701218002186,0.2305,0.07312386751264476,0.24155501510072627,0.19258333333333333,0.06686140119465872,0.2724015838231005,0.4283333333333334,0.4356095845420762,0.45039184388815184,0,3
0.769,0.439,0.43366666666666637,0.2973757443594328,0.5190850609001093,0.3265,0.2280418821181903,0.39225358221480444,0.24233333333333332,0.17870917630884334,0.3488013401580081,0.41858333333333336,0.4246692745579975,0.4758804963770997,0,4
1.222,0.45299999999999996,0.7736666666666663,0.4460183105359329,0.8705425304500547,0.5048333333333334,0.4100411767940786,0.6293239872962889,0.33316666666666667,0.33027146777197824,0.48313959551831454,0.4431666666666667,0.4536489417146627,0.5355700566669318,0,5
0.448,-0.774,0.8129999999999997,0.38887144405316615,0.6592712652250273,0.5271666666666667,0.40112063854490554,0.5775171337830636,0.35483333333333333,0.32840546815661537,0.47773350390011227,0.436375,0.4522450098265721,0.5285644521335773,0,6
0.75,0.302,0.8066666666666663,0.3900991327000459,0.7046356326125136,0.6201666666666666,0.3714600472011391,0.6267979527021883,0.40691666666666665,0.3380603653285522,0.5196206571462488,0.41900000000000004,0.43043910845431926,0.546279295962891,0,7
1.257,0.5069999999999999,0.8183333333333329,0.40880598495292114,0.9808178163062568,0.7959999999999999,0.38343239299778187,0.806855680501563,0.4958333333333333,0.4087506093036108,0.6330636329699029,0.3919166666666667,0.34464132794476166,0.6031369522858597,0,8
1.653,0.39600000000000013,1.2199999999999995,0.45263561503708044,1.3169089081531284,1.0165,0.43833172369793744,1.0486112003582593,0.6235,0.5081872417990082,0.7899769202053024,0.4241249999999999,0.420098054030238,0.687125996102991,0,9
1.439,-0.21399999999999997,1.4496666666666662,0.1982153710823915,1.3779544540765643,1.1281666666666668,0.44790776580304054,1.1601508573987567,0.7273333333333333,0.5386119084078977,0.889826624789102,0.4720416666666667,0.4669839843791859,0.7472759164147517,0,10
1.194,-0.2450000000000001,1.4286666666666665,0.22967440722320392,1.285977227038282,1.1235,0.44687929018920175,1.169822040999112,0.8141666666666666,0.521136840053181,0.9366225286677017,0.4930833333333333,0.4880854270083919,0.7830138431015716,0,11
1.91,0.716,1.5143333333333329,0.36389604742746295,1.597988613519141,1.3671666666666666,0.4011350977746413,1.3813014578565086,0.9471666666666666,0.5819899770041924,1.0863729088726708,0.5639166666666667,0.5628471811027893,0.873172735653446,0,12
2.149,0.2390000000000001,1.7509999999999994,0.4969577446825815,1.8734943067595706,1.6003333333333334,0.3764878041406795,1.6006438984689346,1.11025,0.6238304147471823,1.2498539998153368,0.648,0.6407102716313414,0.9752389168011704,0,13
1.093,-1.056,1.7173333333333327,0.5537367003669986,1.4832471533797853,1.5729999999999997,0.41078997066628103,1.4556027846206676,1.1845,0.5551437979151352,1.2257226152283618,0.68325,0.6409613872925534,0.9846598034570767,1,0
0.511,-0.582,1.2509999999999997,0.830351732701267,0.9971235766898927,1.3826666666666665,0.5912402782851243,1.1857162747290482,1.1995833333333332,0.5317836980532173,1.1157652898086137,0.6960833333333333,0.6339730426765592,0.9467670191805106,0,1
1.282,0.771,0.9619999999999996,0.4018469858042928,1.1395617883449463,1.3564999999999998,0.5917224856298808,1.2132259105207488,1.2423333333333333,0.5143568505395579,1.1413398606072884,0.7423333333333334,0.6345659020605866,0.9735856576460699,0,2
0.731,-0.551,0.8413333333333329,0.39716537277729597,0.9352808941724731,1.2793333333333334,0.6449485767614899,1.0754470789433919,1.2014166666666666,0.5352273023225917,1.0782106512830902,0.7672916666666666,0.6211549886522134,0.9541788050343842,0,3
0.915,0.18400000000000005,0.9759999999999995,0.2805191615558472,0.9251404470862366,1.1135,0.5744192719608258,1.029605056388137,1.2403333333333333,0.4905817202489588,1.053101320316461,0.7975833333333333,0.6092899585773458,0.9510445006316336,0,4
2.548,1.633,1.3979999999999997,1.0001694856373076,1.7365702235431182,1.18,0.7223273496137365,1.4634321831343835,1.3901666666666666,0.5914189152650893,1.283085732575467,0.8985416666666667,0.6885825377047258,1.078800940581103,1,0
2.614,0.06599999999999984,2.025666666666666,0.9624314694217616,2.175285111771559,1.4334999999999998,0.9243373301993186,1.792165845095988,1.5032500000000002,0.6858385875567357,1.4878417737177028,0.9995416666666666,0.7547328337645817,1.2016168653346149,0,1
2.216,-0.3979999999999997,2.459333333333333,0.2133010392223441,2.1956425558857795,1.717666666666667,0.8424717601597517,1.9132613179257056,1.5501666666666667,0.715623927814467,1.5998661162226715,1.0868333333333333,0.7697079438596026,1.2827675161078458,0,2
2.173,-0.04300000000000015,2.334333333333333,0.24315084481311552,2.1843212779428898,1.8661666666666668,0.828734316090911,1.9874723699469325,1.6113333333333335,0.7363275374615844,1.6880405598807222,1.1693333333333333,0.7758257125359291,1.3539861148192183,0,3
2.34,0.16699999999999982,2.243,0.08671216754296004,2.262160638971445,2.134333333333333,0.6226455385423307,2.0881945499620946,1.7068333333333332,0.7514413826208594,1.788342012206765,1.2605000000000002,0.7796277818682888,1.432867225633681,0,4
2.686,0.3460000000000001,2.399666666666666,0.2616530782034328,2.474080319485722,2.4295,0.2159905090507487,2.258996107115782,1.7714999999999999,0.8021910336979908,1.9264432410980319,1.3593333333333335,0.8043794079189605,1.5331178475829865,0,5
1.809,-0.877,2.278333333333333,0.44174011967822413,2.141540159742861,2.3063333333333333,0.32038019081502,2.130425790796987,1.743166666666667,0.7936040727229297,1.908375050159873,1.4267083333333332,0.7693077339353567,1.5551884197763477,1,0
1.415,-0.3939999999999999,1.9699999999999995,0.6506158620876058,1.7782700798714306,2.1065,0.4412331583188219,1.9260184219978478,1.7700000000000002,0.7748441485521144,1.8324711962891234,1.47725,0.7238517293527431,1.54397334619424,0,1
2.233,0.8180000000000001,1.8189999999999997,0.40909167676695457,2.0056350399357155,2.1093333333333333,0.4421305991069485,2.013727444284177,1.9135,0.6732822587889826,1.8940910122446428,1.5565416666666667,0.6964254683532298,1.5990954784987008,0,2
1.562,-0.671,1.7366666666666664,0.43607606370142793,1.7838175199678576,2.0075,0.4920767216603554,1.8846624602029833,1.9368333333333332,0.6539826010103301,1.8430000872839285,1.5895833333333333,0.6759469953921767,1.5961278402188048,0,3
1.554,-0.008000000000000007,1.7829999999999995,0.3897319591719397,1.6689087599839287,1.8765,0.4904768088299417,1.7901874715735595,2.0054166666666666,0.5510905647949835,1.7985385353940935,1.6034166666666667,0.6714797362779352,1.5927576130013006,0,4
1.372,-0.18199999999999994,1.4959999999999998,0.1074616210560707,1.5204543799919645,1.6575,0.3207184123183511,1.6707053368382567,2.0435000000000003,0.48010538615826276,1.7329172222565408,1.6419166666666667,0.6273944682897525,1.5750970039611967,0,5
0.671,-0.7010000000000001,1.1989999999999996,0.4662284847582768,1.0957271899959822,1.4678333333333333,0.4997380980740523,1.3850752405987548,1.8870833333333332,0.5932311305405501,1.5695453419093806,1.638625,0.6324641809758027,1.502769243644301,0,6
0.297,-0.37400000000000005,0.7799999999999998,0.5457261217863766,0.696363594997991,1.2815,0.6940359500775194,1.074196600427682,1.694,0.7021873616842506,1.3737691354617836,1.598625,0.685761132991467,1.406307704152757,0,7
0.243,-0.05399999999999999,0.4036666666666664,0.2330865361476993,0.4696817974989955,0.9498333333333333,0.6199262590556014,0.8367118574483442,1.5295833333333333,0.7938548594540362,1.1998046530830475,1.539875,0.7392151132760024,1.3132430878205363,0,8
0.213,-0.03,0.2509999999999997,0.042567593307580046,0.34134089874949775,0.725,0.5977320469909629,0.6585084696059601,1.36625,0.8491457873544567,1.0479885526087327,1.4887916666666667,0.7872873062206912,1.2252236407948933,0,9
0.127,-0.086,0.19433333333333302,0.060210741012986416,0.23417044937474887,0.4871666666666667,0.47273519719466,0.5066489068614001,1.1818333333333333,0.858697304412949,0.906298006053543,1.4443333333333335,0.8334325911901761,1.1373657495313019,0,10
0.18,0.05299999999999999,0.17333333333333303,0.0433858655939114,0.20708522468737445,0.28850000000000003,0.1959609655008058,0.4133206477581429,0.973,0.7585145770757282,0.7945598512760749,1.3722500000000002,0.8655989758291777,1.0607764895687977,0,11
0.135,-0.044999999999999984,0.14733333333333307,0.028571547618793245,0.17104261234368723,0.1991666666666667,0.06538628806313242,0.33380046268438784,0.8335,0.7445934216982936,0.6930891049259095,1.2883333333333333,0.8844417382766352,0.9867143704032939,0,12
0.159,0.023999999999999994,0.15799999999999972,0.022516660498387114,0.16502130617184363,0.17616666666666667,0.04526551299471819,0.2838574733459913,0.7288333333333333,0.7436983544584814,0.6109215503219233,1.2494166666666666,0.9134822487824152,0.9204972207710304,0,13
0.148,-0.01100000000000001,0.14733333333333307,0.012013880860611609,0.15651065308592182,0.16033333333333333,0.03183499123095606,0.2450410523899938,0.5550833333333334,0.5874862409736472,0.5397028502723966,1.2342916666666668,0.9291116598392649,0.8586974431093479,0,14
0.14,-0.00799999999999998,0.14899999999999972,0.009539392014150331,0.14825532654296092,0.14816666666666667,0.019072668053397388,0.21502932313570985,0.4365833333333333,0.5033024498853752,0.4782101040766433,1.1867083333333335,0.9554323619118226,0.8012016476606001,0,15
0.16,0.01999999999999999,0.14933333333333304,0.010066445913676196,0.15412766327148048,0.15366666666666665,0.016305418322602728,0.19930665938264988,0.3204166666666667,0.3633666964109703,0.4292547034494674,1.1629166666666666,0.97419861900711,0.7499055158477521,0,16
0.125,-0.035,0.14166666666666639,0.017559422921411032,0.13956383163574024,0.1445,0.013809417077068448,0.17807618527332136,0.2165,0.15230501692930473,0.3824462875341647,1.1300000000000001,0.996041120156932,0.699913074579932,1,0
0.177,0.05199999999999999,0.15399999999999972,0.026514147167118734,0.1582819158178701,0.1515,0.018030529665220847,0.17776870376665813,0.17533333333333334,0.05206522715600178,0.35083916637506246,1.0312083333333333,0.9664255512011724,0.6580800286135374,1,0
0.122,-0.05499999999999999,0.14133333333333303,0.03092463958291148,0.14014095790893505,0.14533333333333334,0.021030137105475414,0.16183478840475582,0.16075,0.03730494727147435,0.315633140778899,0.927375,0.9218171945767705,0.6151936263244544,1,0
0.174,0.05199999999999999,0.15766666666666637,0.03092463958291123,0.15707047895446752,0.14966666666666664,0.024138489320483188,0.16531056314625414,0.155,0.027505371376586173,0.29384342681291453,0.8422916666666667,0.8914438449073413,0.5798981362184982,1,0
0.12,-0.05399999999999999,0.13866666666666635,0.030615900008540954,0.13853523947723376,0.14633333333333332,0.026956755492363888,0.1523646879616101,0.14725000000000002,0.022283809859105372,0.26709828422631227,0.7567499999999999,0.8559957969218196,0.5431062853210183,1,0
0.206,0.086,0.16666666666666638,0.043466462167203714,0.17226761973861687,0.154,0.03648013157882523,0.16768906282972149,0.15383333333333335,0.026940450605109897,0.257698548191495,0.6678333333333333,0.7928939655336674,0.5161377824953369,1,0
0.254,0.048000000000000015,0.19333333333333305,0.06789207121109893,0.21313380986930844,0.1755,0.0510676022543485,0.19234933059265819,0.16,0.03916863309078093,0.25712954077741884,0.5665,0.6695708554251568,0.49516675989571,0,1
0.96,0.706,0.473333333333333,0.4221484730913197,0.5865669049346542,0.306,0.3244367426787662,0.4116780932804701,0.22875,0.2334586297788095,0.36526345758089285,0.531125,0.6217954586448005,0.5323534191040532,1,0
0.637,-0.32299999999999995,0.6169999999999997,0.3534246737283621,0.6117834524673271,0.3918333333333333,0.33400503988214664,0.47605578091462153,0.26858333333333334,0.2597717383793374,0.4070690794915247,0.49870833333333336,0.5933411277170771,0.5407251455757289,0,1
0.536,-0.10099999999999998,0.7109999999999997,0.2214746035101973,0.5738917262336636,0.45216666666666666,0.31915163585147766,0.4931827006533011,0.30091666666666667,0.267432390209843,0.42690460572359784,0.428,0.4648920398282215,0.5403471339296706,0,2
0.177,-0.35900000000000004,0.44999999999999973,0.24175814360637232,0.3754458631168318,0.46166666666666667,0.3079380890157536,0.40284478618092934,0.304,0.26561558004690294,0.38845774330458277,0.3702916666666667,0.3993464747359742,0.511279363215297,0,3
0.171,-0.005999999999999978,0.2946666666666664,0.20902232735603346,0.2732229315584159,0.45583333333333337,0.3140212837797371,0.33660341870066385,0.30491666666666667,0.26509190801868326,0.3550027058731085,0.3126666666666667,0.31115781913008184,0.4840570141580733,0,4
0.275,0.10400000000000001,0.20766666666666642,0.05838949677238944,0.274111465779208,0.45933333333333337,0.31142810834392287,0.3190024419290456,0.3174166666666667,0.2593104346438216,0.34269459727724566,0.26695833333333335,0.21426628681773044,0.4673324530254275,0,5
0.529,0.254,0.32499999999999973,0.1841629713053073,0.401555732889604,0.3875,0.2040409272670748,0.3790017442350325,0.34675000000000006,0.26187891893360554,0.3713569669269002,0.26104166666666667,0.20435550421126536,0.47226585678339333,0,6
0.511,-0.018000000000000016,0.4383333333333331,0.14173684536256848,0.456277866444802,0.36650000000000005,0.17805589010197828,0.4167155315964518,0.3791666666666667,0.2555282703923624,0.39284051047660784,0.26995833333333336,0.21056703552376535,0.4753645882407219,0,7
0.814,0.30299999999999994,0.6179999999999998,0.1699794105178599,0.635138933222401,0.4128333333333334,0.25185902141212707,0.5302253797117513,0.43249999999999994,0.2748710441445324,0.4576342780955912,0.29375,0.23787597243282274,0.5024554211814641,0,8
1.37,0.5560000000000002,0.8983333333333331,0.43566539147989736,1.0025694666112006,0.6116666666666667,0.4337066596983193,0.7701609855083938,0.5366666666666666,0.36706906294280656,0.5979982353116541,0.34195833333333336,0.3228588975909058,0.5718589874869471,0,9
1.257,-0.11300000000000021,1.1469999999999996,0.29386901844188784,1.1297847333056001,0.7926666666666667,0.43959284191928466,0.9092578467917098,0.6242500000000001,0.40447791826457996,0.6993831221867842,0.3890416666666667,0.36921544072080575,0.6266702684879913,0,10
1.553,0.29600000000000004,1.3933333333333329,0.14937313457691023,1.3413923666528,1.0056666666666667,0.44813465238326805,1.0931841762797927,0.7324999999999999,0.46558867918134406,0.8307087956965097,0.44625,0.4357858718303625,0.700776647008952,0,11
1.919,0.3660000000000001,1.5763333333333331,0.33161624407337414,1.6301961833264,1.2373333333333334,0.5077545338711135,1.3291315544855662,0.8124166666666667,0.5771313791398697,0.9981382117432005,0.5205833333333333,0.5236751330047373,0.7982345152482359,0,12
2.017,0.09799999999999986,1.8296666666666663,0.2445594678873246,1.8235980916632,1.4883333333333333,0.44528358005508234,1.5256653960611186,0.9274166666666667,0.6691539377633894,1.1548861791673235,0.598,0.5997136998094376,0.895735754028377,0,13
2.03,0.0129999999999999,1.9886666666666664,0.0606822324352951,1.9267990458315998,1.691,0.3416495280254366,1.6697609971865135,1.0519166666666666,0.7262554594798227,1.289519074680043,0.6764166666666666,0.6584779496269574,0.9864768937061069,0,14
2.09,0.06000000000000005,2.045666666666666,0.038940124978370856,2.0083995229158,1.811,0.33268062762956785,1.7898292837046523,1.2113333333333334,0.7267043081715941,1.4126699862677286,0.7576666666666666,0.7078651718012904,1.0747587422096183,0,15
1.73,-0.3599999999999999,1.9499999999999995,0.1928730152198537,1.8691997614579,1.889833333333333,0.20772040503202763,1.7727352026461802,1.3412499999999998,0.6601151586861757,1.4614899883803858,0.8230833333333333,0.7226221525543721,1.1271780428328488,0,16
1.128,-0.6020000000000001,1.6493333333333329,0.48604663699415895,1.4985998807289498,1.819,0.36126666051547457,1.5885251447472717,1.4123333333333334,0.575343744419304,1.410183836321865,0.864875,0.7093763527089161,1.1272437994062208,0,17
0.951,-0.17699999999999994,1.2696666666666663,0.40836544091454696,1.224799940364475,1.6576666666666666,0.4979601054970873,1.4063751033909084,1.4475,0.5273376527425296,1.3395401691954243,0.897125,0.6941752887576272,1.1131442954537232,0,18
1.881,0.93,1.3199999999999996,0.4938349926848025,1.5528999701822375,1.635,0.48114363759692774,1.5419822167077917,1.5616666666666668,0.4485751854145481,1.4228416816268974,0.9704166666666666,0.7015974267878688,1.1745727518174254,0,19
1.626,-0.2550000000000001,1.4859999999999995,0.4805465638208213,1.5894499850911186,1.5676666666666665,0.44144067174046236,1.5659872976484226,1.6293333333333333,0.38181440835075986,1.4540968075304517,1.0309166666666667,0.6924800996460434,1.2106869316720315,0,20
1.455,-0.17099999999999982,1.654,0.21437583819077743,1.5222249925455593,1.4618333333333335,0.3597240145815554,1.5342766411774447,1.6364166666666666,0.3773280362889766,1.4542357602180744,1.0865416666666665,0.6693597836197912,1.230231977138269,0,21
1.348,-0.10699999999999998,1.476333333333333,0.14022244233121892,1.4351124962727797,1.3981666666666666,0.33577695970192967,1.481054743698175,1.644,0.36984984668228166,1.4378917971076015,1.1341249999999998,0.644159196668162,1.2396534189672075,0,22
1.624,0.276,1.4756666666666665,0.13915578799795592,1.52955624813639,1.4808333333333332,0.31646131938464606,1.5218962454986964,1.649916666666667,0.3688282325846453,1.4665238283218167,1.1912083333333332,0.6231336641570534,1.270401145449831,0,23
1.358,-0.266,1.4433333333333331,0.15654179420631448,1.443778124068195,1.5486666666666666,0.20371319708519298,1.4750687467847832,1.6031666666666666,0.36717096174876607,1.449827854733845,1.2077916666666668,0.6220079671771757,1.2774090538138445,0,24
1.463,0.10499999999999998,1.4816666666666665,0.13397885405291404,1.4533890620340975,1.479,0.12269311309117681,1.4716205334177022,1.5569999999999997,0.3445381625517625,1.451854338620946,1.2422083333333334,0.6118205178109766,1.292256329508737,0,25
1.428,-0.03500000000000014,1.416333333333333,0.05346338310780709,1.4406945310170487,1.446,0.09972562358794483,1.4591575238697871,1.5068333333333335,0.3116646896712535,1.4481844403715696,1.279375,0.5938853507055109,1.303115823148038,0,26
1.555,0.127,1.482,0.065597256040163,1.4978472655085242,1.4626666666666666,0.10941602563916789,1.4865410884784194,1.46225,0.2534970414028545,1.464617603391328,1.3367916666666666,0.5474730074082002,1.323266557296195,0,27
2.315,0.76,1.7659999999999998,0.479669678007687,1.906423632754262,1.6238333333333335,0.3513786656396064,1.7232436346274422,1.5110000000000001,0.3482217162044371,1.595445664408047,1.4261249999999999,0.5233672177020811,1.4026052327124996,1,0
1.175,-1.14,1.6816666666666664,0.5804595880277382,1.5407118163771312,1.5490000000000002,0.3962791945081195,1.5666025961624588,1.5149166666666665,0.3437579640950704,1.5307617160375782,1.4636250000000002,0.466449569714623,1.3843968140954999,1,0
1.324,0.14900000000000002,1.6046666666666665,0.6196614667165707,1.4323559081885655,1.5433333333333332,0.39978427516183107,1.4972875686874707,1.546,0.30252242591553047,1.498952221262566,1.4967499999999998,0.42343658731652084,1.37956506896786,0,1
0.754,-0.5700000000000001,1.0843333333333331,0.29561856053592594,1.0931779540942828,1.4251666666666667,0.5161299900864812,1.284919691919622,1.4520833333333334,0.35877479853050814,1.3843441872221713,1.506875,0.4011603075969819,1.3295198634504313,0,2
