value,value_diff,value_rolling_mean_3,value_volatility_3,value_ewm_3,value_rolling_mean_6,value_volatility_6,value_ewm_6,value_rolling_mean_12,value_volatility_12,value_ewm_12,value_rolling_mean_24,value_volatility_24,value_ewm_24,drift_flag,time_since_last_spike
0.544,0.0,0.455,0.0,0.544,0.37133333333333335,0.0,0.544,0.4096666666666667,0.0,0.544,0.5057083333333333,0.0,0.544,0,1
0.397,-0.14700000000000002,0.455,0.0,0.47050000000000003,0.37133333333333335,0.0,0.502,0.4096666666666667,0.0,0.5213846153846154,0.5057083333333333,0.0,0.53224,1,0
0.424,0.02699999999999997,0.455,0.07824960063795855,0.44725000000000004,0.37133333333333335,0.0,0.47971428571428576,0.4096666666666667,0.0,0.5064023668639054,0.5057083333333333,0.0,0.5235808000000001,1,0
0.288,-0.136,0.36966666666666664,0.07200231477760512,0.367625,0.37133333333333335,0.0,0.42493877551020415,0.4096666666666667,0.0,0.4728020027309969,0.5057083333333333,0.0,0.5047343360000001,1,0
0.35,0.062,0.3539999999999999,0.06808817812219678,0.3588125,0.37133333333333335,0.0,0.40352769679300293,0.4096666666666667,0.0,0.4539093869262282,0.5057083333333333,0.0,0.4923555891200001,1,0
0.225,-0.12499999999999997,0.2876666666666667,0.06250066666311108,0.29190625,0.37133333333333335,0.11140855742117241,0.35251978342357354,0.4096666666666667,0.0,0.4186925581683469,0.5057083333333333,0.0,0.47096714199040013,0,1
0.245,0.01999999999999999,0.2733333333333333,0.06714412359494555,0.26845312499999996,0.3215,0.08161556224152353,0.32179984530255257,0.4096666666666667,0.0,0.3919706261424474,0.5057083333333333,0.0,0.45288977063116814,0,2
0.475,0.22999999999999998,0.315,0.138924439894498,0.37172656249999997,0.33449999999999996,0.10015338236924402,0.3655713180732518,0.4096666666666667,0.0,0.4047443759666863,0.5057083333333333,0.0,0.4546585889806747,1,0
0.468,-0.006999999999999951,0.39599999999999996,0.13081666560496025,0.41986328125,0.3418333333333334,0.1092179777631259,0.3948366557666084,0.4096666666666667,0.0,0.4144760104333499,0.5057083333333333,0.0,0.45572590186222073,0,1
0.53,0.062,0.49099999999999994,0.033955853692699,0.47493164062500004,0.3821666666666667,0.12836731151919736,0.433454754119006,0.4096666666666667,0.0,0.43224893190514224,0.5057083333333333,0.0,0.4616678297132431,0,2
0.468,-0.062,0.48866666666666664,0.03579571668975652,0.47146582031250006,0.4018333333333333,0.13145556917326348,0.44332482437071863,0.4096666666666667,0.0,0.4377490962274281,0.5057083333333333,0.0,0.46217440333618365,0,3
0.502,0.033999999999999975,0.5,0.0310483493925197,0.48673291015625003,0.44799999999999995,0.10235037860213307,0.46008916026479907,0.4096666666666667,0.1095738300983599,0.44763385065397765,0.5057083333333333,0.0,0.465360451069289,0,4
0.565,0.06299999999999994,0.5116666666666666,0.04921720566360209,0.525866455078125,0.5013333333333333,0.03947488653139651,0.49006368590342786,0.4114166666666666,0.11205393046802656,0.4656901813225965,0.5057083333333333,0.0,0.47333161498374593,0,5
0.522,-0.04299999999999993,0.5296666666666666,0.03219213154379971,0.5239332275390625,0.5091666666666667,0.03783340675470065,0.49918834707387705,0.42183333333333334,0.11632074256776025,0.4743532303498893,0.5057083333333333,0.0,0.4772250857850463,0,6
0.556,0.03400000000000003,0.5476666666666666,0.0226789182575647,0.5399666137695313,0.5238333333333333,0.03567865842021848,0.5154202479099121,0.43283333333333335,0.12261531369088915,0.48691427183452174,0.5057083333333333,0.0,0.4835270789222426,0,7
0.753,0.19699999999999995,0.6103333333333333,0.12471701300677983,0.6464833068847656,0.5609999999999999,0.10055446285471349,0.5833001770785087,0.4715833333333334,0.1442507024298847,0.5278505377061338,0.5057083333333333,0.0,0.5050849126084632,0,8
2.178,1.4249999999999998,1.1623333333333334,0.8850911440825364,1.4122416534423827,0.846,0.6586723009205714,1.0389286979132204,0.6239166666666667,0.5087865168191563,0.781719685751344,0.5057083333333333,0.0,0.6389181195997862,1,0
0.592,-1.5859999999999999,1.1743333333333335,0.8729205767613301,1.0021208267211914,0.8609999999999999,0.6502424163340929,0.9112347842237288,0.6545,0.4934259638671052,0.7525320417895988,0.5057083333333333,0.0,0.6351646700318032,1,0
0.529,-0.06299999999999994,1.0996666666666666,0.9343951697934515,0.7655604133605958,0.8549999999999999,0.653676984450271,0.8020248458740921,0.6781666666666667,0.4785869035425272,0.7181424968988912,0.5057083333333333,0.0,0.626671496429259,0,1
0.354,-0.17500000000000004,0.4916666666666667,0.12331396244275383,0.5597802066802979,0.827,0.67407358648741,0.6740177470529228,0.6680833333333333,0.4844947618317707,0.6621205742990618,0.5057083333333333,0.0,0.6048577767149184,0,2
0.274,-0.07999999999999996,0.38566666666666666,0.13041600106326248,0.416890103340149,0.7799999999999999,0.7058314246333892,0.5597269621806592,0.6519166666666666,0.4949030131492861,0.6024097167145908,0.5057083333333333,0.0,0.578389154577725,0,3
0.335,0.061,0.321,0.04179712908800714,0.3759450516700745,0.7103333333333333,0.7292688576009991,0.49551925870047087,0.6356666666666667,0.502414413033944,0.5612697602969614,0.5057083333333333,0.0,0.5589180222115071,0,4
0.288,-0.04700000000000004,0.299,0.03195309061733356,0.3319725258350372,0.3953333333333333,0.13276696376232466,0.4362280419289078,0.6206666666666667,0.5104973213950443,0.5192282587128135,0.5057083333333333,0.0,0.5372445804345866,0,5
0.275,-0.012999999999999956,0.29933333333333334,0.03156474826975283,0.3034862629175186,0.34249999999999997,0.09714885485686266,0.390162887092077,0.6017499999999999,0.5194220783279678,0.48165468044930376,0.5057083333333333,0.38000222873106904,0.5162650139998196,0,6
0.279,0.0040000000000000036,0.2806666666666667,0.006658328118443855,0.29124313145875935,0.30083333333333334,0.03470686771615141,0.35840206220862647,0.5779166666666666,0.5277562209845365,0.45047703730325706,0.49466666666666664,0.3826818029627756,0.4972838128798341,0,7
1.448,1.169,0.6673333333333332,0.6760801234567785,0.8696215657293797,0.4831666666666667,0.4732261263568046,0.6697157587204474,0.6550833333333334,0.5835825809496705,0.6039421084873713,0.5384583333333333,0.4284209611206439,0.5733411078494474,1,0
0.52,-0.9279999999999999,0.749,0.6172284828165333,0.6948107828646899,0.5241666666666667,0.4620032106670542,0.6269398276574625,0.6520833333333332,0.5842304119458557,0.5910279379508526,0.5424583333333334,0.4277534823548099,0.5690738192214916,1,0
1.01,0.49,0.9926666666666666,0.46424275259106934,0.852405391432345,0.6366666666666667,0.488169506080282,0.7363855911839017,0.6734999999999999,0.5929121504757835,0.655485178266106,0.5725416666666666,0.43441644807985674,0.6043479136837723,0,1
0.89,-0.12,0.8066666666666666,0.2554081700598728,0.8712026957161725,0.7370000000000001,0.4634125591737883,0.7802754222742154,0.5661666666666667,0.3707608475292477,0.691564381609782,0.5950416666666667,0.43636895828372485,0.6272000805890705,0,2
0.226,-0.664,0.7086666666666667,0.4222858431599773,0.5486013478580862,0.7288333333333333,0.4735045582321954,0.621911015910154,0.5356666666666666,0.3832851616636302,0.619939092131354,0.5950833333333333,0.4363321348285707,0.5951040741419449,0,3
0.75,0.524,0.622,0.35001714243733784,0.6493006739290431,0.8073333333333333,0.4200374586470432,0.6585078685072528,0.5540833333333334,0.3882134975718512,0.6399484625726842,0.6161249999999999,0.4308579219569294,0.6074957482105894,0,4
0.977,0.22699999999999998,0.6509999999999999,0.3851636016032663,0.8131503369645215,0.7288333333333333,0.3044722756946296,0.7495056203623235,0.606,0.400486976294883,0.6918025452538097,0.6370416666666666,0.43586500494560454,0.6370560883537423,0,5
0.301,-0.6759999999999999,0.676,0.3440218016347214,0.5570751684822608,0.6923333333333334,0.3449502379571096,0.6213611574016596,0.6082500000000001,0.39852321136917485,0.6316790767532235,0.6300833333333333,0.43999445813374266,0.6101716012854429,0,6
2.446,2.145,1.2413333333333334,1.0966587132437025,1.5015375842411305,0.9316666666666666,0.8032067396795588,1.1426865410011855,0.7841666666666667,0.6521522177770427,0.9108053726373431,0.7099166666666666,0.5743527106507673,0.7570378731826075,1,0
2.349,-0.09699999999999998,1.6986666666666668,1.2113861206623315,1.9252687921205653,1.1748333333333332,0.9877269696969232,1.487347529286561,0.9559166666666666,0.7702935046677556,1.1320660845392903,0.7882916666666667,0.6616156429967259,0.8843948433279989,0,1
1.233,-1.116,2.0093333333333336,0.6740714601088913,1.5791343960602826,1.342666666666667,0.8731681777679868,1.414676806633258,1.03575,0.7424480545037234,1.1475943792255534,0.8187500000000001,0.664681960561329,0.9122832558617591,0,2
1.216,-0.017000000000000126,1.5993333333333333,0.6492860181255502,1.3975671980301412,1.4203333333333334,0.829543408548743,1.3579120047380415,1.1138333333333332,0.70389666510896,1.1581183208831605,0.845875,0.6671551747336695,0.9365805953928185,0,3
1.894,0.6779999999999999,1.4476666666666667,0.3866294522321495,1.6457835990150707,1.5731666666666666,0.8158895554342307,1.5110800033843153,1.151,0.7342647528464972,1.2713308869011357,0.9030416666666667,0.6963397146425053,1.0131741477613931,0,4
1.644,-0.25,1.5846666666666664,0.34287218220983195,1.6448917995075352,1.797,0.5318608840665008,1.549057145274511,1.2446666666666666,0.7179642094565761,1.3286645966086534,0.948375,0.7080808608024811,1.0636402159404819,0,5
3.171,1.527,2.236333333333333,0.8190398850686901,2.4079458997537673,1.9178333333333335,0.7474557957944177,2.0124693894817938,1.4247500000000002,0.901349001623274,1.6121008125150145,1.049125,0.8389948081147333,1.2322289986652435,1,0
1.764,-1.4069999999999998,2.193,0.849095401000382,2.0859729498768838,1.8203333333333334,0.7175198022819065,1.9414781353441384,1.4975833333333333,0.8894434887596682,1.6354699182819352,1.031875,0.8187883047793723,1.2747706787720239,0,1
1.884,0.11999999999999988,2.273,0.7800019230745523,1.9849864749384418,1.9288333333333334,0.6576675198507725,1.9250558109600988,1.63575,0.7980385186648119,1.6737053154693298,1.0857083333333335,0.8309921508113929,1.323509024470262,0,2
1.499,-0.3849999999999998,1.7156666666666667,0.196998307945353,1.741993237469221,1.976,0.6043029041796834,1.8033255792572134,1.6981666666666666,0.750328271592851,1.6468275746278944,1.126125,0.8263140950604994,1.3375483025126411,0,3
0.772,-0.7270000000000001,1.3849999999999998,0.5646972640273709,1.2569966187346107,1.789,0.7821749164988607,1.5086611280408668,1.6810833333333333,0.7703080208395192,1.5122387169928337,1.1435416666666667,0.8136400218431535,1.29230443831163,0,4
0.32,-0.452,0.8636666666666667,0.5948212616688567,0.7884983093673054,1.5683333333333334,0.9903293728182894,1.1690436628863334,1.6826666666666668,0.7672268046001585,1.3288173759170132,1.1454583333333332,0.8115541172004042,1.2145200832466998,0,5
0.498,0.178,0.53,0.22769277546728747,0.6432491546836527,1.1228333333333333,0.6767588689235381,0.9773169020616667,1.5203333333333333,0.7965572893091339,1.2009993180836265,1.15225,0.8051333807944898,1.157198476586964,0,6
0.637,0.139,0.48500000000000004,0.15889933920566346,0.6401245773418264,0.9349999999999999,0.616970663808256,0.8800835014726192,1.3776666666666666,0.7879133931794251,1.1142301922246072,1.1667916666666667,0.7918880563820744,1.1155825984600072,0,7
1.033,0.3959999999999999,0.7226666666666667,0.2775974303435287,0.8365622886709132,0.7931666666666667,0.42227167400462334,0.9237739296232994,1.361,0.7933482555255634,1.1017332395746675,1.1983750000000002,0.769575309900659,1.1089759905832066,0,8
0.606,-0.42699999999999994,0.7586666666666666,0.23808471881523677,0.7212811443354565,0.6443333333333333,0.24310052790289643,0.8329813783023567,1.3101666666666667,0.822491097861008,1.025466587332411,1.212,0.7553537610602239,1.0687379113365503,0,9
0.637,0.031000000000000028,0.7586666666666666,0.23808471881523677,0.6791405721677283,0.6218333333333333,0.23503482011537552,0.7769866987873977,1.2054166666666666,0.8214194431075709,0.9657024969735785,1.1782083333333333,0.7624442376854257,1.0341988784296263,0,10
0.524,-0.11299999999999999,0.589,0.058386642307952,0.6015702860838641,0.6558333333333334,0.19377246106365814,0.7047047848481411,1.1120833333333333,0.8306333244560864,0.897748266669951,1.1783750000000002,0.7622945232765292,0.9933829681552562,0,11
0.232,-0.29200000000000004,0.46433333333333343,0.20898883542746932,0.41678514304193204,0.6115,0.2571651220519615,0.5696462748915294,0.8671666666666668,0.5563736209244707,0.7953254564130354,1.1459583333333334,0.7859415001554927,0.9324723307028357,0,12
0.222,-0.010000000000000009,0.326,0.17154591222176144,0.319392571520966,0.5423333333333333,0.3010067551844426,0.4703187677796639,0.7386666666666667,0.5062204574245811,0.7071215400417993,1.1181249999999998,0.8069476742100712,0.8756345442466089,0,13
0.209,-0.013000000000000012,0.221,0.011532562594500985,0.264196285760483,0.405,0.2050463362267181,0.39565626269975995,0.5990833333333333,0.3758392931060096,0.6304874569584455,1.1174166666666667,0.8077718638687353,0.8223037807068801,0,14
0.214,0.0050000000000000044,0.215,0.006557438524002504,0.2390981428802415,0.33966666666666673,0.1900996230050629,0.3437544733569714,0.492,0.2619236529983514,0.5664124635802231,1.0950833333333334,0.8255851635772292,0.7736394782503297,0,15
0.238,0.023999999999999994,0.22033333333333335,0.015502687938851609,0.23854907144012075,0.2731666666666667,0.12335706978794145,0.31353890954069386,0.44749999999999995,0.2553067673496852,0.5158874691832658,1.0642916666666666,0.8437618394231078,0.7307883199903034,0,16
0.19,-0.04799999999999999,0.214,0.02399999999991813,0.2142745357200604,0.21750000000000003,0.017271363582543515,0.27824207824335273,0.4366666666666667,0.2638247811550613,0.46575093546276336,1.0596666666666668,0.8484190241736154,0.6875252543910791,1,0
0.275,0.08500000000000002,0.23433333333333337,0.042618462352945606,0.2446372678600302,0.22466666666666665,0.029255198968167598,0.27731577017382336,0.41808333333333336,0.26694720565321794,0.4364046376992613,0.9692083333333333,0.8090020142484013,0.6545232340397928,1,0
0.29,0.014999999999999958,0.25166666666666665,0.053928965624508995,0.2673186339300151,0.236,0.03942080668885915,0.2809398358384453,0.38916666666666666,0.2597753691639053,0.4138808472839903,0.8834166666666666,0.7642555864691308,0.6253613753166094,0,1
0.268,-0.021999999999999964,0.2776666666666667,0.011239810199888666,0.26765931696500755,0.24583333333333335,0.03869065347945244,0.2772427398846038,0.3254166666666667,0.16340327043201944,0.3914376400095303,0.8432083333333332,0.770423936327699,0.5967724652912807,0,2
0.293,0.024999999999999967,0.2836666666666667,0.01365039681948961,0.2803296584825038,0.259,0.039130550724470935,0.2817448142032884,0.29933333333333334,0.13746624930131252,0.3762933877003718,0.8047499999999999,0.774034559951944,0.5724706680679783,0,3
0.258,-0.034999999999999976,0.27299999999999996,0.018027756377213985,0.2691648292412519,0.2623333333333333,0.0378135778083357,0.27496058157377745,0.26775,0.08717080933432317,0.35809440497723766,0.7365833333333334,0.7454478616863511,0.54731301462254,0,4
0.343,0.08500000000000002,0.298,0.042720018726543504,0.30608241462062596,0.28783333333333333,0.030076014806936238,0.2944004154098411,0.25266666666666665,0.04354169022763952,0.35577218882689343,0.6823750000000001,0.7235752304566779,0.5309679734527368,1,0
0.788,0.445,0.463,0.2846489065497996,0.547041207310313,0.37333333333333335,0.20526243364694624,0.43542886814988646,0.299,0.1598999687304563,0.4222687751612175,0.5830833333333333,0.4944560398683777,0.5515305355765179,1,0
1.833,1.045,0.988,0.7648692698755765,1.1900206036551566,0.6305,0.6225010040152548,0.8347349058213475,0.43324999999999997,0.4682849025967,0.6393043482133379,0.5859583333333334,0.5017675262134037,0.6540480927303964,0,1
0.407,-1.426,1.0093333333333334,0.7383158763925713,0.7985103018275783,0.6536666666666666,0.6087468001284827,0.712524932729534,0.44975000000000004,0.4631249831309047,0.6035652177189782,0.5244166666666666,0.41946870294888894,0.6342842453119648,1,0
0.332,-0.07499999999999996,0.8573333333333334,0.8457838573378723,0.5652551509137892,0.6601666666666667,0.6043176041343383,0.6038035233782386,0.4595833333333333,0.4588977819105525,0.5617859534545201,0.47579166666666667,0.36578729613600963,0.6101015056870077,0,1
0.29,-0.04200000000000004,0.34299999999999997,0.05927056605091901,0.42762757545689456,0.6655,0.6001855546412294,0.5141453738415991,0.4639166666666667,0.45685614571633887,0.5199727298461323,0.4557083333333333,0.3620297224366203,0.5844933852320471,0,2
0.245,-0.044999999999999984,0.289,0.043508619835571416,0.3363137877284473,0.6491666666666667,0.6119357537083994,0.4372466956011422,0.46849999999999997,0.4541260337675603,0.4776692329467273,0.4525833333333333,0.3635724814605231,0.5573339144134832,0,3
0.282,0.03699999999999998,0.2723333333333333,0.02400694343996309,0.3091568938642236,0.5648333333333333,0.6237292414715434,0.39289049685795874,0.4690833333333333,0.4538593010521167,0.4475662740318461,0.4435833333333333,0.3650697273084986,0.5353072012604047,0,4
0.238,-0.043999999999999984,0.25499999999999995,0.023643180834994042,0.2735784469321118,0.299,0.06286493458200927,0.34863606918425627,0.46475,0.4559679265036092,0.41532530879617746,0.42695833333333333,0.3649637836906523,0.5115226251595723,0,5
0.276,0.038000000000000034,0.26533333333333337,0.023860706890819032,0.27478922346605594,0.2771666666666666,0.0339553628557697,0.32788290656018304,0.46541666666666665,0.45565985286741273,0.3938906459044579,0.3954166666666667,0.342318935531163,0.4926808151468065,0,6
0.232,-0.04400000000000001,0.24866666666666667,0.023860706890818498,0.25339461173302796,0.2605,0.02502598649404907,0.30048779040013074,0.46033333333333326,0.4580919584802195,0.36898439268838745,0.3798333333333333,0.34082529844184273,0.471826349935062,0,7
0.286,0.053999999999999965,0.26466666666666666,0.02872861523515495,0.26969730586651397,0.25983333333333336,0.02411983968991074,0.2963484217143791,0.4626666666666666,0.4570377611877555,0.35621756304402014,0.3652083333333333,0.33681758437606507,0.4569602419402571,1,0
0.311,0.025000000000000022,0.2763333333333333,0.04037738641033611,0.29034865293325696,0.2708333333333333,0.03026824518644889,0.3005345869388422,0.45999999999999996,0.45789200791135415,0.34926101488340167,0.35633333333333334,0.3352541756918782,0.44528342258503656,0,1
0.831,0.52,0.476,0.30769302884530314,0.5606743264666285,0.36233333333333334,0.23152076940669258,0.4520961335277444,0.4635833333333334,0.46085088464576973,0.4233747049013399,0.38129166666666664,0.3476625649361334,0.47614074877823365,1,0
1.739,0.9080000000000001,0.9603333333333334,0.7227318543784623,1.1498371632333142,0.6124999999999999,0.5953589673465918,0.8197829525198175,0.45575000000000004,0.4355631934111814,0.6257785964549799,0.44449999999999995,0.4424292623390921,0.5771694888759751,0,1
0.285,-1.4540000000000002,0.9516666666666667,0.7344721460568336,0.7174185816166571,0.614,0.5943520842059865,0.6669878232284411,0.4455833333333334,0.4382202556069757,0.5733511200772907,0.44766666666666666,0.4409398723346448,0.5537959297658971,1,0
1.047,0.762,1.0236666666666665,0.7272807802584439,0.8822092908083286,0.7498333333333332,0.5826032669550237,0.7755627308774579,0.5051666666666667,0.46890643248332936,0.6462201785269384,0.482375,0.45432853583971694,0.5932522553846253,0,1
3.004,1.957,1.4453333333333334,1.4025841626559639,1.9431046454041643,1.2028333333333334,1.0326669195179377,1.4122590934838986,0.7313333333333333,0.8529446676429877,1.0089555356766402,0.597625,0.6829483278244854,0.7861120749538553,0,2
1.593,-1.411,1.8813333333333333,1.0098585709560186,1.7680523227020821,1.4165,0.939675209846466,1.463899352488499,0.8436666666666667,0.8716329850378892,1.0988085301879265,0.6560833333333334,0.7061906330056549,0.8506631089575468,0,3
2.36,0.7669999999999999,2.3190000000000004,0.7063929501346963,2.064026161351041,1.6713333333333333,0.956314732013821,1.7199281089203562,1.0168333333333333,0.9525631292211114,1.2928379870820916,0.7429583333333333,0.781503371667414,0.9714100602409431,0,4
4.16,1.8000000000000003,2.704333333333334,1.3176859767536928,3.1120130806755206,2.0748333333333333,1.3989066325765513,2.4170915063716834,1.3436666666666666,1.2782166791228629,1.7339398352233082,0.9042083333333334,1.0403627703068674,1.2264972554216678,0,5
6.7,2.54,4.406666666666667,2.1804892417375816,4.90600654033776,3.144,2.05497727481352,3.640779647408345,1.8789999999999998,1.9559612842422385,2.4979490913427993,1.1722083333333333,1.565342328976016,1.6643774749879345,0,6
4.216,-2.484,5.025333333333334,1.450574139206037,4.5610032701688805,3.672166666666667,1.7995928891465056,3.8051283195773893,2.211,1.988830218083896,2.7622646157515995,1.3356666666666666,1.6708138518507176,1.8685072769889,0,7
3.48,-0.7360000000000002,4.7986666666666675,1.6872241502934147,4.0205016350844405,3.7515,1.7745642563739417,3.7122345139838493,2.4771666666666667,1.920333817255992,2.8726854440975074,1.4699166666666665,1.709455568471936,1.997426694829788,0,8
1.641,-1.839,3.112333333333334,1.3262881788409842,2.8307508175422202,3.7595000000000005,1.7629574867250772,3.1204532242741783,2.5879999999999996,1.8196900335446744,2.683195375774814,1.524,1.6927031378961515,1.9689125592434051,0,9
3.646,2.005,2.922333333333334,1.1127669717121076,3.23837540877111,3.9738333333333338,1.6320995578293218,3.270609445910127,2.8225833333333337,1.752814695300278,2.8313191641171502,1.6430833333333332,1.738583354260055,2.1030795545039327,0,10
2.341,-1.3049999999999997,2.5426666666666673,1.017599299003952,2.789687704385555,3.670666666666666,1.7549228663011565,3.0050067470786623,2.87275,1.7274132592352702,2.7558854465606655,1.66425,1.7440797311750549,2.1221131901436183,0,11
2.514,0.1729999999999996,2.8336666666666672,0.7087992193374191,2.651843852192777,2.9730000000000003,0.9632607123723042,2.8647191050561878,3.0585,1.5327259435991218,2.718672300935948,1.752041666666667,1.7310231324696175,2.153464134932129,0,12
1.982,-0.5319999999999998,2.279000000000001,0.2713650677592855,2.3169219260963887,2.6006666666666667,0.8055551295018017,2.6125136464687055,3.136416666666667,1.4422710915480321,2.605338100791956,1.8207916666666668,1.7047385360955722,2.1397470041375586,0,13
3.809,1.8270000000000002,2.7683333333333344,0.9396788458475244,3.0629609630481944,2.6555,0.8846917542285551,2.9543668903347897,3.2034999999999996,1.454223847968393,2.7905168545162704,1.9674166666666666,1.7186286979592986,2.273287243806554,1,0
1.849,-1.9600000000000002,2.5466666666666673,1.095233460652721,2.4559804815240973,2.6901666666666664,0.8399308106425581,2.6385477788105645,3.224833333333333,1.4301282735432785,2.645668107667613,2.0342499999999997,1.6794777720936114,2.2393442643020296,1,0
1.146,-0.7030000000000001,2.2680000000000007,1.3800590567073576,1.8009902407620486,2.2735,0.8895600598048438,2.2121055562932606,3.123666666666667,1.5358956719619712,2.4149499372572114,2.07025,1.6492732589260928,2.1518767231578675,0,1
1.016,-0.1299999999999999,1.3370000000000006,0.4481439500874704,1.4084951203810243,2.0526666666666666,1.0237901477679219,1.8703611116380432,2.8616666666666664,1.6094401812337409,2.1997268699868715,2.102666666666667,1.619063542182081,2.061006585305238,0,2
0.926,-0.08999999999999997,1.0293333333333339,0.11060440015358429,1.1672475601905121,1.788,1.0841577376009435,1.6005436511700308,2.3805,1.157152500360652,2.0037688899888915,2.12975,1.5923958501196427,1.970206058480819,0,3
0.518,-0.40800000000000003,0.8200000000000006,0.26538274246830873,0.8426237800952561,1.5440000000000003,1.1912210542128592,1.2912454651214504,2.0723333333333334,1.1155620950349592,1.7751890607598313,2.1416666666666666,1.5785868657611535,1.8540295738023536,0,4
0.321,-0.197,0.5883333333333339,0.30857143959435684,0.581811890047628,0.9626666666666667,0.535322581876256,1.0140324750867502,1.8090833333333334,1.1258654415267582,1.5514676667967804,2.143125,1.576813195423246,1.7313872078981654,0,5
0.298,-0.02300000000000002,0.3790000000000006,0.1209255969594538,0.43990594502381397,0.7041666666666666,0.37097515640088374,0.8094517679191073,1.697166666666667,1.2078575949576877,1.3586264872895835,2.142583333333333,1.5774720259813235,1.6167162312663124,0,6
0.23,-0.06799999999999998,0.2830000000000006,0.04731807265728569,0.334952972511907,0.5515,0.33996691015449304,0.6438941199422196,1.4124999999999999,1.104960920740474,1.184991643091186,2.117541666666667,1.6037495190732043,1.5057789327650075,0,7
0.23,0.0,0.25266666666666726,0.03925981830489633,0.2824764862559535,0.42050000000000004,0.2692669678961622,0.5256386571015854,1.2365833333333334,1.1117209802278574,1.038069851846388,2.0546666666666664,1.6481996677974229,1.403716618143807,0,8
0.222,-0.008000000000000007,0.22733333333333394,0.0046188021535298095,0.25223824312797677,0.3031666666666667,0.11295382537417321,0.43888475507256103,1.0455833333333333,1.0683450632835931,0.9125206438700206,2.0520416666666668,1.6511881224075313,1.3091792886923024,0,9
0.243,0.02099999999999999,0.23166666666666727,0.010598742063728841,0.24761912156398838,0.25733333333333336,0.04160608929783116,0.38291768219468647,0.9006666666666668,1.0475177007255456,0.8095174678900174,2.0185416666666667,1.680363572956412,1.223884945596918,0,10
0.207,-0.036000000000000004,0.22400000000000056,0.01808314132002831,0.22730956078199419,0.2383333333333333,0.031525650931567666,0.33265548728191896,0.6004999999999999,0.5232587574735158,0.7168224728300148,1.9020000000000001,1.7058452960081234,1.1425341499491646,0,11
0.252,0.04500000000000001,0.23400000000000057,0.023811761799583935,0.23965478039099708,0.2306666666666667,0.015769168229777832,0.3096110623442278,0.46741666666666665,0.35187328771314985,0.6453113231638586,1.846125,1.73806462361719,1.0712914179532314,1,0
0.208,-0.04400000000000001,0.22233333333333394,0.02569695182961293,0.22382739019549852,0.22699999999999998,0.018308467985944613,0.280579330245877,0.38925000000000004,0.2853170883580083,0.5780326580617265,1.756458333333333,1.7656923997011251,1.002228104516973,1,0
0.29,0.08199999999999999,0.2500000000000006,0.04103656905736807,0.25691369509774925,0.237,0.03173641441613062,0.2832709501756264,0.32875,0.206392443924412,0.5337199414368455,1.5952083333333336,1.7125604014525118,0.9452498561556152,1,0
0.297,0.007000000000000006,0.26500000000000057,0.04948737212663602,0.2769568475488746,0.24949999999999997,0.03866135020912249,0.28719353583973317,0.2763333333333334,0.08523052519046859,0.49730148890810005,1.3284166666666668,1.3412199481350409,0.893389867663166,0,1
0.488,0.191,0.3583333333333339,0.11234915813362187,0.3824784237744373,0.29033333333333333,0.10422027953646636,0.34456681131409517,0.2738333333333333,0.07759549346489963,0.4958704906145462,1.1730833333333333,1.200780757480828,0.8609586782501127,0,2
0.324,-0.16399999999999998,0.36966666666666725,0.10336504889629561,0.35323921188721863,0.30983333333333335,0.09614242906573163,0.338690579510068,0.27408333333333335,0.07776591720534487,0.4694288766738468,1.0415833333333333,1.1062505383606316,0.8180019839901038,0,3
0.27,-0.05399999999999999,0.3606666666666673,0.11353119982336828,0.3116196059436093,0.31283333333333335,0.09423888086484923,0.3190646996500486,0.27175,0.0774022844389254,0.4387475110317165,0.9844583333333334,1.1093456347409671,0.7741618252708955,0,4
1.86,1.59,0.8180000000000006,0.9028023039403481,1.0858098029718046,0.5881666666666666,0.6280587286764352,0.7593319283214633,0.40758333333333335,0.46370924635111144,0.6574017401037602,0.9100416666666667,0.9747855719243503,0.8610288792492239,1,0
2.241,0.381,1.4570000000000007,1.0454745334057647,1.6634049014859023,0.9133333333333334,0.8922828400606283,1.1826656630867594,0.5751666666666667,0.6979293834210054,0.9010322416262586,0.905875,0.9685971618565278,0.971426568909286,0,1
0.97,-1.2710000000000001,1.6903333333333341,0.6522655389742242,1.3167024507429512,1.0255,0.8400832696822348,1.1219040450619708,0.6375000000000001,0.6969218685829075,0.9116426659914496,0.8415416666666666,0.9064231173980627,0.9713124433965432,0,2
0.942,-0.028000000000000025,1.384333333333334,0.7420271782982986,1.1293512253714755,1.1011666666666666,0.8015501024057456,1.0705028893299793,0.69575,0.6901300437401111,0.9163130250696881,0.7982083333333333,0.873803429251118,0.9689674479248198,0,3
0.966,0.02400000000000002,0.9593333333333339,0.01514375558883665,1.0476756126857376,1.2081666666666668,0.715262306197287,1.0406449209499853,0.7589999999999999,0.6758984592915771,0.9239571750589669,0.67975,0.5966484836513684,0.9687300520908343,0,4
1.073,0.10699999999999998,0.9936666666666673,0.0697447728029453,1.0603378063428688,1.3420000000000003,0.5636747288995626,1.0498892292499895,0.8274166666666667,0.6613074458062514,0.9468868404345105,0.6474166666666666,0.5497100355536587,0.9770716479235676,0,5
0.871,-0.20199999999999996,0.9700000000000005,0.10105938848024511,0.9656689031714344,1.1771666666666667,0.5251938372321799,0.9987780208928496,0.8826666666666667,0.6318943141399712,0.9352119419061243,0.6359583333333333,0.5416728901537672,0.9685859160896821,0,6
0.693,-0.17800000000000005,0.8790000000000006,0.19012627382873998,0.8293344515857172,0.9191666666666666,0.12840158358314996,0.9114128720663212,0.9162499999999999,0.607781378906474,0.8979485662282591,0.6225,0.5358006605315878,0.9465390428025077,0,7
0.812,0.1190000000000001,0.7920000000000006,0.09066973034040055,0.8206672257928587,0.8928333333333334,0.13204153386969025,0.8830091943330866,0.9591666666666666,0.5775084152607389,0.8847257098854501,0.61775,0.5334934293226428,0.9357759193783071,0,8
0.878,0.06599999999999995,0.7943333333333339,0.09375677753279647,0.8493336128964293,0.8821666666666667,0.1298420835733181,0.8815779959522048,0.9916666666666667,0.5592682448494373,0.8836909852876885,0.63275,0.5356235902523165,0.9311538458280425,0,9
1.991,1.113,1.2270000000000005,0.662465848176343,1.4201668064482147,1.053,0.4757465711910013,1.198555711394432,1.1305833333333335,0.5848002702295941,1.0540462183203518,0.7023333333333334,0.5981849842334039,1.015941538161799,1,0
1.432,-0.5590000000000002,1.4336666666666673,0.5565018718147632,1.4260834032241072,1.1128333333333333,0.5006864953907397,1.2652540795674514,1.2274166666666666,0.5222010163865557,1.1121929539633746,0.7495833333333333,0.6095375236633279,1.0492262151088552,0,1
1.847,0.41500000000000004,1.756666666666667,0.29024185317306594,1.6365417016120536,1.2754999999999999,0.5612823710041097,1.4314671996910366,1.2263333333333335,0.5207809403950842,1.2252401918151632,0.8169583333333335,0.6382972919972428,1.1130481179001468,0,2
2.013,0.16599999999999993,1.7640000000000005,0.29926075586351475,1.8247708508060267,1.4954999999999998,0.5457819161533254,1.5976194283507406,1.2073333333333334,0.4832000025085292,1.3464340084589843,0.89125,0.6699861289933375,1.1850442684681353,0,3
1.787,-0.22599999999999998,1.882333333333334,0.11706977976119946,1.8058854254030132,1.6580000000000001,0.4356034894258722,1.6517281631076717,1.2754166666666666,0.5038368167162737,1.4142133917729867,0.9564583333333333,0.6781270228047028,1.2332007269906844,0,4
2.528,0.7410000000000001,2.1093333333333337,0.37977668877030374,2.1669427127015064,1.933,0.3587483797872774,1.9020915450769083,1.4075833333333332,0.6060714716829022,1.5855651776540656,1.0516666666666667,0.7318785636183485,1.3367846688314298,1,0
2.934,0.40600000000000014,2.416333333333334,0.5815963663343648,2.5504713563507533,2.0901666666666663,0.5466133612222297,2.1969225321977914,1.5715833333333336,0.7294299715074323,1.7930166887842094,1.1652916666666666,0.8032468070095352,1.4645618953249155,0,1
2.774,-0.16000000000000014,2.7453333333333343,0.20451242831020625,2.6622356781753767,2.3138333333333336,0.4956238156774394,2.361801808712708,1.7133333333333332,0.7867570184374628,1.9439371982020233,1.270375,0.8425774541870598,1.5693169436989223,0,2
5.026,2.252,3.5780000000000007,1.2565540179395416,3.844117839087688,2.843666666666666,1.156009457862117,3.1230012919376486,2.0595833333333338,1.1921874058242943,2.418100706170943,1.471125,1.1099825816298823,1.8458515882030087,0,3
3.4,-1.626,3.7333333333333343,1.1624153015739855,3.6220589195438437,3.0748333333333338,1.0936782738386395,3.2021437799554633,2.2851666666666666,1.1659148443357363,2.5691621359907977,1.6007083333333334,1.1470170947199128,1.9701834611467681,0,4
2.905,-0.4950000000000001,3.7770000000000006,1.1096202052954907,3.263529459771922,3.2611666666666665,0.9102383021311873,3.117245557111045,2.4595833333333332,1.0787977701070202,2.620829499684521,1.7093750000000003,1.1416621678214538,2.0449687842550266,0,5
2.812,-0.09299999999999997,3.039,0.31607435833994124,3.0377647298859607,3.3085,0.871027381888767,3.0300325407936035,2.6207499999999997,0.9588319717239305,2.6502403458869024,1.8062083333333332,1.1320818060457067,2.1063312815146245,0,6
3.921,1.109,3.2126666666666672,0.6151945491739497,3.47938236494298,3.4729999999999994,0.8793165527840361,3.284594671995431,2.7815833333333333,1.0043814431446518,2.8457418311350713,1.9560833333333332,1.164946608840626,2.251504778993455,0,7
4.106,0.18500000000000005,3.613000000000001,0.6998264070467809,3.79269118247149,3.6950000000000003,0.834550417889777,3.519281908568165,3.0044166666666663,0.973907355901365,3.0396277032681374,2.1159166666666667,1.18650853957852,2.3998643966739786,0,8
3.218,-0.8879999999999999,3.7483333333333335,0.4685043578594977,3.505345591235745,3.3936666666666664,0.5279260049160933,3.433201363262975,3.1186666666666665,0.9036702267906579,3.0670695950730393,2.1725,1.2059943038296508,2.46531524494006,0,9
1.291,-1.927,2.8716666666666675,1.4391026138998355,2.3981727956178727,3.0421666666666667,1.0073115539229487,2.821143830902125,3.0585,1.0025986689144821,2.7938281189079563,2.132916666666667,1.2191668187266487,2.3713700253448553,0,10
1.214,-0.07699999999999996,1.9076666666666673,1.1354348652975819,1.8060863978089363,2.760333333333333,1.258585025600839,2.361959879215804,3.0107500000000003,1.0793664913861618,2.550777639075963,2.1430833333333332,1.2100307188578763,2.278780423317267,0,11
1.356,0.14200000000000013,1.2870000000000006,0.07108445681021718,1.5810431989044682,2.5176666666666665,1.381038836045773,2.0745427708684314,2.9130833333333332,1.1757410396954948,2.3669656946027375,2.1603333333333334,1.195021690422274,2.2049579894518856,0,12
1.008,-0.3480000000000001,1.1926666666666674,0.1749780938670233,1.294521599452234,2.0321666666666665,1.2986014656801608,1.7698162649060225,2.7525833333333334,1.2977539659198145,2.1578940492792396,2.1620833333333334,1.1932260588573445,2.1092013502957347,0,13
1.427,0.41900000000000004,1.2636666666666674,0.22424168509297498,1.360760799726117,1.5856666666666666,0.8125389016328143,1.671868760647159,2.6403333333333334,1.3528196367945622,2.0454488109285873,2.176833333333333,1.1813065230706528,2.054625242272076,0,14
2.606,1.1789999999999998,1.6803333333333341,0.8285736740527893,1.9833803998630586,1.483666666666667,0.5683733514747678,1.9387634004622563,2.4386666666666668,1.1262597256836326,2.1316874554011123,2.249125,1.1506088109646841,2.09873522289031,1,0
3.619,1.0130000000000003,2.5506666666666677,1.0970470971354602,2.801190199931529,1.8716666666666668,1.0231818346054924,2.418831000330183,2.456916666666667,1.144873907970444,2.360504769954787,2.3710416666666667,1.1334445184698168,2.220356405059085,0,1
1.738,-1.8810000000000002,2.654333333333334,0.9414310029595054,2.2695950999657644,1.9590000000000003,0.9771472765146484,2.2243078573787023,2.359666666666667,1.1528884936488355,2.2647348053463583,2.4096249999999997,1.0931092794131472,2.1817678926543587,0,2
1.669,-0.06899999999999995,2.3420000000000005,1.1064524391043686,1.9692975499828822,2.0111666666666665,0.9463875351391001,2.065648469556216,2.264416666666667,1.1593185661753158,2.173083296831534,2.4425833333333333,1.0562238282496368,2.14074646124201,0,3
1.52,-0.14900000000000002,1.6423333333333339,0.11141962723568441,1.744648774991441,2.0965000000000003,0.8566746757083432,1.9097489068258686,2.0643333333333334,1.049402542864129,2.0726089434728365,2.4229583333333333,1.0692742552642955,2.091086744342649,0,4
0.452,-1.068,1.2136666666666673,0.6638164907060825,1.0983243874957205,1.9340000000000002,1.0739804467493785,1.493249219161335,1.7598333333333331,0.9260019471149128,1.8232844906308616,2.382125,1.1259711291572496,1.9599598047952371,0,5
0.358,-0.09400000000000003,0.7766666666666673,0.6454590098010394,0.7281621937478602,1.5593333333333337,1.1795856334606065,1.1688922994009536,1.5214999999999999,0.883666380896816,1.597856107456883,2.3200833333333333,1.1956078285584049,1.8318030204116182,0,6
0.356,-0.0020000000000000018,0.3886666666666672,0.054857390872497254,0.54208109687393,1.0155,0.6911392768465643,0.9366373567149668,1.4435833333333334,0.9449356359353849,1.4068013216942854,2.2510416666666666,1.2602090399117765,1.7137387787786889,0,7
0.291,-0.065,0.3350000000000006,0.03811823710515169,0.416540548436965,0.7743333333333333,0.6391077113184113,0.7521695405106905,1.366666666666667,1.001212113874828,1.2351395798951645,2.188708333333333,1.3197512110462222,1.5999196764763939,0,8
0.34,0.049000000000000044,0.32900000000000057,0.0338673884438195,0.37827027421848247,0.5528333333333334,0.47668371764374023,0.6344068146504933,1.282,1.0442305562209235,1.0974257983728315,2.097541666666667,1.36991313527114,1.4991261023582823,0,9
0.294,-0.04600000000000004,0.30833333333333396,0.027465129406902062,0.33613513710924126,0.34850000000000003,0.058664299194567206,0.5371477247503523,1.2225,1.0809582028754123,0.9738218293923958,1.9875416666666668,1.4053612557125554,1.4027160141696198,0,10
0.27,-0.023999999999999966,0.30133333333333395,0.035571524191941366,0.30306756855462064,0.31816666666666665,0.03778050643726553,0.4608198033931088,1.1260833333333333,1.1122074249260392,0.8655415479474118,1.8832083333333334,1.4370275474400094,1.3120987330360503,0,11
0.223,-0.047000000000000014,0.2623333333333339,0.03611555528214729,0.26303378427731033,0.2956666666666667,0.04810266797856628,0.39287128813793487,0.9275000000000001,1.0339351571016986,0.7666890021093484,1.6830833333333335,1.3090663754608922,1.2249708343931665,0,12
0.318,0.095,0.2703333333333339,0.04750087718493043,0.29051689213865517,0.2893333333333334,0.04046562327032867,0.37147949152709636,0.6524166666666668,0.6014005560255864,0.6976599248617564,1.5546666666666666,1.2842512508704509,1.152413167641713,1,0
0.25,-0.068,0.26366666666666727,0.048952357791406116,0.2702584460693276,0.28250000000000003,0.043477580429337075,0.33677106537649737,0.5284166666666666,0.5024887983072341,0.628789167190717,1.4440416666666664,1.2772078064266206,1.080220114230376,0,1
0.273,0.02300000000000002,0.28033333333333393,0.03458805188700067,0.2716292230346638,0.27133333333333337,0.03312803445204833,0.3185507609832124,0.41208333333333336,0.35411232381660196,0.574052372238299,1.3382500000000002,1.2640583107766339,1.015642505091946,0,2
0.234,-0.03900000000000001,0.2523333333333339,0.019604421270158157,0.2528146115173319,0.26133333333333336,0.033962724664786045,0.2943934007022946,0.30491666666666667,0.06450434563707237,0.521736622663176,1.184625,1.1559440641085643,0.9531111046845903,0,3
0.461,0.227,0.32266666666666727,0.12137682370756735,0.35690730575866597,0.2931666666666667,0.08885812662135174,0.3419952862159247,0.3056666666666667,0.06639459634826252,0.5123925268688413,1.03275,0.9817546514543095,0.9137422163098231,1,0
0.275,-0.186,0.32333333333333397,0.12097244865397196,0.31595365287933297,0.30183333333333334,0.08298775009997687,0.3228537758685176,0.29875,0.06475004387507768,0.47587059965825035,0.910125,0.874924906715601,0.8626428390050374,1,0
0.241,-0.03400000000000003,0.32566666666666727,0.11842860014936378,0.2784768264396665,0.289,0.08589062812664429,0.29946698276322686,0.2891666666666667,0.06401254611880693,0.43973666124928873,0.866375,0.8812806300566478,0.8129114118846343,0,1
0.723,0.482,0.41300000000000053,0.2690055761503925,0.5007384132198333,0.3678333333333333,0.19309729844473858,0.42047641625944776,0.32516666666666666,0.14068975108589934,0.48331563644170583,0.8459166666666668,0.8785547874166713,0.8057184989338636,1,0
2.008,1.2850000000000001,0.9906666666666673,0.9134037077510352,1.2543692066099166,0.657,0.6878781868906666,0.8740545830424626,0.46416666666666667,0.5061068578029323,0.7178824616045203,0.8730833333333333,0.904704752063233,0.9019010190191545,0,1
2.058,0.04999999999999982,1.5963333333333338,0.7567419198996043,1.656184603304958,0.961,0.8479691032107195,1.2123247021731876,0.6111666666666666,0.6788777950456667,0.9240543905884403,0.9168333333333334,0.936347513835897,0.9943889374976222,0,2
1.526,-0.5319999999999998,1.8640000000000005,0.29378223227418965,1.5910923016524792,1.1384999999999998,0.8337200369428532,1.301946215837991,0.7158333333333333,0.7172352008465137,1.0166614074209879,0.9209583333333334,0.9389072963993212,1.0369178224978126,0,3
0.981,-0.545,1.5216666666666672,0.5385130762881611,1.2860461508262395,1.2561666666666667,0.7309646822293534,1.2102472970271365,0.779,0.703125360605972,1.0111750370485282,0.8532500000000001,0.8680260590157612,1.0324443966979877,0,4
2.492,1.5110000000000001,1.666333333333334,0.7652126066220676,1.8890230754131196,1.6313333333333333,0.6817282938727577,1.5764623550193833,0.9601666666666665,0.8402504857409389,1.2389942621179855,0.8062916666666666,0.7316746413516737,1.1492088449621487,1,0
1.751,-0.7410000000000001,1.741333333333334,0.7555463806632517,1.8200115377065598,1.8026666666666669,0.5170855506264526,1.6263302535852737,1.08525,0.8366361352029194,1.3177643756382953,0.8068333333333334,0.7323988380459197,1.1973521373651768,0,1
3.325,1.5740000000000003,2.5226666666666673,0.7874479877003562,2.57250576885328,2.0221666666666667,0.8152475493165635,2.111664466846624,1.3395833333333333,1.012650209583596,1.626569856309327,0.8758333333333334,0.880240909053319,1.3675639663759627,0,2
1.606,-1.719,2.227333333333334,0.9533678898165912,2.08925288442664,1.9468333333333334,0.8319859173487628,1.9671889048904456,1.4539166666666665,0.952120261534354,1.623405263030969,0.8794166666666667,0.8831474797645588,1.3866388490658856,1,0
2.526,0.9199999999999997,2.4856666666666674,0.8602094706136059,2.30762644221332,2.1135,0.8309836941841857,2.1268492177788896,1.6260000000000001,0.9429156908228881,1.7622659917954353,0.9658333333333333,0.9391985791165208,1.4777877411406148,0,1
1.666,-0.8599999999999999,1.9326666666666672,0.5147167505855424,1.98681322110666,2.2276666666666665,0.6770768543279732,1.995178012699207,1.7419166666666666,0.841813460046319,1.7474558392115223,1.0203333333333333,0.9403433076445448,1.4928447218493657,0,2
1.716,0.050000000000000044,1.9693333333333338,0.48273526216067913,1.85140661055333,2.098333333333333,0.6904684400221801,1.915412866213719,1.8648333333333333,0.6981643246703659,1.7426164793328265,1.077,0.9395464678329595,1.5106971441014165,0,3
1.942,0.22599999999999998,1.7746666666666673,0.14705554506151622,1.8967033052766649,2.1301666666666663,0.6754928324317461,1.9230091901526567,1.9664166666666667,0.5984912026897083,1.773290867127776,1.1457916666666665,0.9399363521082116,1.5452013725733031,0,4
4.518,2.5759999999999996,2.725333333333334,1.5566018544680393,3.2073516526383323,2.329,1.1241321986314583,2.664435135823326,2.1755833333333334,0.9498300765097026,2.1955538106465795,1.319875,1.1480648486645384,1.783025262767439,1,0
5.936,1.4180000000000001,4.132000000000001,2.0247854207298133,4.571675826319166,3.0506666666666664,1.770947166537349,3.5991679541595185,2.49875,1.4396216753653792,2.771007070547106,1.5549583333333334,1.4632463455459652,2.115263241746044,0,1
3.044,-2.892,4.499333333333333,1.4460903613997778,3.8078379131595828,3.137,1.7527873801462626,3.4405485386853703,2.62525,1.4128193685612542,2.813005982770628,1.6705416666666666,1.4668891360013678,2.1895621824063607,0,2
2.806,-0.238,3.928666666666667,1.7424698945271158,3.3069189565797914,3.327,1.6180505554524554,3.259248956203836,2.7773333333333334,1.31454121504828,2.8119281392674544,1.7781666666666665,1.4507338372929288,2.238877207813852,0,3
5.233,2.4269999999999996,3.694333333333334,1.3378274677002775,4.269959478289896,3.9131666666666667,1.5534738384236368,3.823177825859883,3.0057500000000004,1.4872487793971065,3.1844007332263073,1.9829583333333334,1.5770596602860174,2.478407031188744,0,4
2.867,-2.3659999999999997,3.635333333333334,1.3839560445813792,3.568479739144948,4.067333333333333,1.3515004501170793,3.5499841613284877,3.0987500000000003,1.435652029567054,3.135569851191491,2.092,1.5421148381080583,2.509494468693644,0,5
2.814,-0.052999999999999936,3.6380000000000003,1.381564692658293,3.191239869572474,3.783333333333333,1.4153851301559826,3.339702972377491,3.0561666666666665,1.4359095206576051,3.0860975663928,2.197875,1.4984080338377677,2.5338549111981528,0,6
2.349,-0.46499999999999986,2.676666666666667,0.2850023391716921,2.770119934786237,3.1854999999999998,1.0291244336813694,3.0566449802696365,3.118083333333333,1.3827277033151368,2.9726979407939074,2.286,1.4388984615353146,2.5190665183023007,0,7
2.705,0.35599999999999987,2.6226666666666674,0.24318785605645726,2.7375599673931186,3.129,1.0475867505844083,2.956174985906883,3.1330000000000005,1.3767121571470071,2.9315136422102293,2.3795,1.3871300368496222,2.533941196838117,0,8
2.432,-0.27300000000000013,2.4953333333333343,0.18625878055365863,2.584779983696559,3.066666666666667,1.08123608276207,2.806410704219202,3.1968333333333327,1.3190601222312073,2.8546653895625016,2.469375,1.312729642436109,2.525785901091068,0,9
2.113,-0.31899999999999995,2.4166666666666674,0.2962977106447768,2.3488899918482797,2.546666666666667,0.2964582039118928,2.6082933601565728,3.2299166666666665,1.2830294022233857,2.7405630219375015,2.547375,1.2274096376019952,2.4927630290037825,0,10
3.952,1.839,2.832333333333334,0.9826903547574569,3.15044499592414,2.7274999999999996,0.6504739041652625,2.9922095429689803,3.397416666666667,1.2297009583511342,2.9269379416394243,2.6819166666666665,1.1952893743381965,2.60950198668348,1,0
2.127,-1.8250000000000002,2.7306666666666666,1.0577288562449907,2.63872249796207,2.613,0.6913809369660107,2.7450068164064145,3.198166666666667,1.2253256957258598,2.8038705660025895,2.686875,1.1926160981676774,2.570901827748802,1,0
3.346,1.2190000000000003,3.141666666666667,0.929500044826969,2.9923612489810347,2.779166666666667,0.7337523878439278,2.9167191545760103,2.9823333333333335,0.878157609930467,2.8872750943098833,2.7405416666666667,1.1920661996195354,2.632909681528898,0,1
2.709,-0.637,2.727333333333334,0.6097067601177932,2.8506806244905176,2.779833333333333,0.733673337846392,2.85737082469715,2.9544166666666665,0.8813380796300948,2.8598481567237473,2.7898333333333336,1.1637845559868987,2.6389969070065864,0,2
2.275,-0.43400000000000016,2.7766666666666673,0.5386968844659641,2.5628403122452585,2.7536666666666663,0.751151560383566,2.6909791604979643,2.9101666666666666,0.9025422511724965,2.769871517227786,2.84375,1.1048210655832562,2.6098771544460595,0,3
1.284,-0.9909999999999999,2.0893333333333337,0.7304179169032847,1.9234201561226292,2.6155000000000004,0.9440412596915448,2.2889851146414033,2.5810833333333334,0.66808552233342,2.5412758991927418,2.793416666666667,1.1482078631943997,2.5038069820903748,0,4
0.76,-0.524,1.4396666666666673,0.7694025820942713,1.3417100780613147,2.0835,0.9396354080173851,1.8521322247438594,2.4055,0.8406903548437298,2.2672334531630893,2.752125,1.2037983477129885,2.364302423523145,0,5
0.722,-0.038000000000000034,0.9220000000000006,0.31407642382069545,1.0318550390306573,1.8493333333333333,1.089711827350086,1.529237303388471,2.2311666666666667,0.9571243705005449,2.029505229599537,2.643666666666667,1.2656138798044303,2.2329182296412933,0,6
0.362,-0.36,0.6146666666666672,0.21963909791594408,0.6969275195153286,1.352,0.9407939200483793,1.195740930991765,2.065583333333333,1.0965998241119812,1.7729659635073005,2.591833333333333,1.333606997277836,2.08324477126999,0,7
0.389,0.027000000000000024,0.49100000000000055,0.20050685773807345,0.5429637597576643,0.9653333333333335,0.7230932627722803,0.965243522136975,1.8725833333333333,1.174847491714513,1.5600481229677159,2.5027916666666665,1.4074882648106555,1.947705189568391,0,8
0.32,-0.069,0.3570000000000006,0.0347706773013654,0.43148187987883213,0.6395000000000001,0.36838661756366076,0.7808882300978393,1.696583333333333,1.2398236280971109,1.3692714886649904,2.446708333333333,1.467805296860845,1.8174887744029198,0,9
0.286,-0.03400000000000003,0.3316666666666673,0.05248174285719706,0.358740939939416,0.47316666666666657,0.2107723100093113,0.6394915929270281,1.5443333333333333,1.2949893178452625,1.2026143365626842,2.3871249999999997,1.5266035991419133,1.6949696724506862,0,10
0.31,0.02400000000000002,0.3053333333333339,0.017473789895980883,0.334370469969708,0.3981666666666666,0.16292626143952696,0.54535113780502,1.2408333333333335,1.089968459371301,1.065289054014579,2.319125,1.58261290036171,1.5841720986546313,0,11
0.219,-0.091,0.2716666666666672,0.04716283847828497,0.276685234984854,0.3143333333333333,0.05964785550764553,0.45210795557501426,1.0818333333333332,1.0881102746031648,0.935090738012336,2.14,1.566117853303123,1.474958330762261,0,12
0.322,0.10300000000000001,0.28366666666666723,0.056323470536969115,0.29934261749242697,0.3076666666666667,0.05533413654030348,0.414934253982153,0.8298333333333333,0.8373481771025568,0.8407690860104381,1.9060833333333334,1.3830492121354196,1.38272166430128,0,13
0.243,-0.07900000000000001,0.2613333333333339,0.0538918670425211,0.2711713087462135,0.28333333333333327,0.04318178628381311,0.36581018141582355,0.6243333333333333,0.6044542742813347,0.7488046112396014,1.789375,1.4009169299302568,1.2915439311571777,0,14
0.243,0.0,0.2693333333333339,0.045610671265930665,0.2570856543731067,0.2705,0.04151505750922456,0.3307215581541597,0.455,0.31560101394007817,0.6709885172027396,1.6825833333333335,1.4176390635464136,1.2076604166646034,0,15
0.322,0.07900000000000001,0.2693333333333339,0.045610671265930665,0.28954282718655333,0.2765,0.04650483845788772,0.32822968439582834,0.37483333333333335,0.17811428064504664,0.6172979760946258,1.4779583333333333,1.224104410123604,1.1368075833314353,0,16
0.228,-0.094,0.2643333333333339,0.05050082507572309,0.25877141359327666,0.2628333333333333,0.046739348162558675,0.29959263171130596,0.33049999999999996,0.134364835767825,0.5574059797723757,1.368,1.2123765020028614,1.0641029766649206,1,0
0.253,0.024999999999999994,0.2676666666666673,0.048686069191595134,0.25588570679663836,0.2685,0.04220308045622048,0.2862804512223614,0.29141666666666666,0.054769696885916916,0.5105742905766256,1.2612916666666667,1.1921069210569504,0.999214738531727,0,1
0.272,0.019000000000000017,0.2510000000000006,0.022068076490610062,0.2639428533983192,0.26016666666666666,0.0335822373683004,0.28220032230168673,0.28391666666666665,0.05019680962944978,0.4738705535648371,1.17475,1.185080743901113,0.9410375594491889,0,2
0.459,0.187,0.3280000000000006,0.11384638773362814,0.3614714266991596,0.2961666666666667,0.08614271104777778,0.33271451592977624,0.28975,0.06531062143888079,0.4715827760933237,1.0811666666666666,1.1470571293405627,0.9024745546932538,1,0
0.33,-0.129,0.3536666666666673,0.09572007800523874,0.3457357133495798,0.3106666666666667,0.08265510671858674,0.33193893994984014,0.29058333333333336,0.06579369731263116,0.4498008105405047,0.9935833333333334,1.1193441758717328,0.8566765903177935,0,1
0.331,0.0010000000000000009,0.37333333333333396,0.07419119444603271,0.3383678566747899,0.31216666666666665,0.08298292997153671,0.331670671392743,0.2943333333333334,0.06678368517883784,0.4315237627650424,0.9193333333333333,1.1008105972484505,0.8146224630923702,0,2
0.251,-0.08000000000000002,0.3040000000000006,0.045902069670065423,0.294683928337395,0.316,0.07874007874008196,0.30862190813767354,0.2894166666666667,0.06769108754731938,0.4037508761858051,0.7651249999999999,0.8980633420334809,0.7695326660449806,0,3
0.293,0.04199999999999998,0.29166666666666724,0.04001666319583435,0.29384196416869746,0.3226666666666667,0.07388279005736711,0.30415850581262394,0.2955833333333333,0.06396086635004207,0.3867122798495274,0.6887083333333334,0.8540939505986871,0.7314100527613822,0,4
0.295,0.0020000000000000018,0.2796666666666673,0.024846193538021342,0.29442098208434875,0.3265,0.07127902917404479,0.30154178986616,0.29333333333333333,0.06341971780184871,0.37260269833421544,0.5615833333333333,0.6421400305545331,0.6964972485404716,0,5
1.377,1.082,0.6550000000000006,0.625271141185963,0.8357104910421744,0.4795,0.44066846948697685,0.6088155641901143,0.3878333333333333,0.31750156286898473,0.5271253601289515,0.5060833333333333,0.4873837802752152,0.7509374686572339,1,0
0.7,-0.677,0.7906666666666672,0.5466683943062103,0.7678552455210872,0.5411666666666667,0.44145143183215685,0.6348682601357959,0.42591666666666667,0.32584811250680557,0.5537214585706512,0.44045833333333334,0.3140663152302641,0.7468624711646552,0,1
1.757,1.057,1.2780000000000007,0.5354091893122473,1.2624276227605435,0.7788333333333334,0.6433606816294123,0.9554773286684255,0.5455,0.5006658293984901,0.7388412341751665,0.4601666666666666,0.3776968725528829,0.8276734734714828,0,2
1.932,0.17500000000000004,1.4630000000000003,0.6665455723354544,1.5972138113802719,1.059,0.7279821426381253,1.2344838061917325,0.6875,0.6279068402239342,0.9224041212251408,0.509,0.4800463745713817,0.9160195955937642,0,3
4.722,2.7900000000000005,2.803666666666667,1.6636280634003915,3.1596069056901364,1.7971666666666668,1.5627707978672576,2.230917004422666,1.0599166666666666,1.3059655750950476,1.50695733334435,0.6756666666666667,0.9854938583915851,1.2204980279462632,0,4
3.539,-1.1830000000000003,3.3976666666666677,1.4003593586409664,3.349303452845068,2.3378333333333337,1.4989875805578465,2.6046550031590474,1.3321666666666665,1.4584115788532872,1.8195792820606038,0.8080416666666667,1.1424095998548758,1.4059781857105622,0,5
3.582,0.042999999999999705,3.947666666666667,0.6709369071182031,3.465651726422534,2.7053333333333334,1.4865551677171847,2.8838964308278907,1.5924166666666666,1.563305847952482,2.0907209309743573,0.9410833333333334,1.2702574171391794,1.5800599308537173,0,6
1.595,-1.9869999999999999,2.9053333333333344,1.1349856093067157,2.530325863211267,2.8545,1.274927880313236,2.5156403077342073,1.6978333333333335,1.5122570628839624,2.0144561723629177,0.9942083333333334,1.2698145697961827,1.58125513638542,0,7
1.321,-0.274,2.166000000000001,1.2339209861251248,1.9256629316056335,2.7818333333333336,1.3596057394210526,2.1743145055244337,1.780333333333333,1.4569030249959771,1.9077706073840075,1.0373333333333334,1.2622696489524987,1.5604347254745863,0,8
1.927,0.6060000000000001,1.6143333333333343,0.3034622436701666,1.9263314658028168,2.781,1.3602321860623652,2.1036532182317385,1.92,1.3749975206589233,1.9107289754787757,1.1047083333333334,1.2649113211456038,1.5897599474366195,0,9
1.719,-0.20799999999999996,1.6556666666666677,0.30792423310504763,1.8226657329014084,2.2805,1.0107936980412962,1.993752298736956,2.0388333333333333,1.279936634321712,1.8812322100205026,1.1672083333333332,1.2562736471204328,1.60009915164169,0,10
1.395,-0.32400000000000007,1.6803333333333343,0.2680994840228749,1.6088328664507041,1.9231666666666667,0.8417463790635894,1.82268021338354,2.1305,1.1791117226732413,1.806427254632733,1.2119166666666665,1.2439187697744174,1.5836912195103547,0,11
1.629,0.23399999999999999,1.581000000000001,0.16724831837719045,1.618916433225352,1.5976666666666668,0.2199042215753553,1.7673430095596716,2.1515,1.1666500994494702,1.7791307539200047,1.2696666666666667,1.2290646378681511,1.5873159219495263,0,12
2.151,0.5219999999999998,1.7250000000000008,0.3870348821488814,1.884958216612676,1.6903333333333332,0.3150991378386543,1.8769592925426224,2.272416666666667,1.0740532793905992,1.8363414071630808,1.3491666666666664,1.2214534345416619,1.6324106481935643,0,13
2.212,0.06100000000000039,1.9973333333333343,0.32044084217423485,2.048479108306338,1.8388333333333333,0.3161812244056623,1.9726852089590161,2.3103333333333333,1.0621692497674364,1.8941350368302992,1.4279166666666667,1.21324910222838,1.6787777963380792,0,14
2.001,-0.2110000000000003,2.121333333333334,0.10858330135584104,2.024739554153169,1.8511666666666666,0.32170322762860776,1.98077514925644,2.3160833333333333,1.0601197581005437,1.9105758003948685,1.5017916666666666,1.1907803790925862,1.7045555726310329,0,15
2.038,0.03699999999999992,2.0836666666666677,0.11266913212292548,2.031369777076584,1.904333333333333,0.32185193283039953,1.997125106611743,2.0924166666666664,0.741679109531309,1.9301795234110426,1.5761666666666667,1.1648532531822515,1.7312311268205505,0,16
1.528,-0.5099999999999998,1.8556666666666677,0.2843700640597247,1.779684888538292,1.9264999999999999,0.2818515566747813,1.8630893618655309,1.9248333333333332,0.5984768292519932,1.8683057505785745,1.6285,1.1314486673979165,1.7149726366749065,0,17
1.375,-0.15300000000000002,1.647000000000001,0.3471498235632527,1.5773424442691462,1.8841666666666665,0.34701436089398946,1.7236352584753791,1.740916666666667,0.3148059888344968,1.7924125581818706,1.6666666666666667,1.1054336417134607,1.6877748257409142,0,18
2.524,1.149,1.809000000000001,0.6239158597118672,2.0506712221345733,1.9463333333333335,0.4282740555609973,1.952310898910985,1.8183333333333334,0.38259148242511487,1.9049644723077366,1.7580833333333334,1.0805271626735546,1.7546728396816413,1,0
1.562,-0.962,1.8203333333333342,0.6165243980033003,1.8063356110672868,1.838,0.42983950493177936,1.8407934992221322,1.8384166666666666,0.35975558832815624,1.8522007073373157,1.809375,1.0382287932695342,1.7392590125071101,1,0
1.265,-0.29700000000000015,1.7836666666666676,0.6581203030854857,1.5356678055336435,1.7153333333333336,0.47650547391049297,1.6762810708729516,1.78325,0.39405863084756704,1.7618621369777288,1.851625,0.9916413189428842,1.7013182915065412,0,1
0.805,-0.45999999999999985,1.2106666666666677,0.3814135987787123,1.1703339027668218,1.5098333333333336,0.5668331030088689,1.4273436220521083,1.7070833333333333,0.48536143202460413,1.6146525774426936,1.8729583333333333,0.9617081035580785,1.629612828186018,0,2
1.179,0.374,1.0830000000000009,0.24456491980657086,1.174666951383411,1.4516666666666669,0.5822919084674478,1.3563883014657918,1.6890833333333333,0.5017171347814804,1.5476291039899717,1.9097916666666668,0.9144102865242986,1.5935638019311367,0,3
1.15,-0.029000000000000137,1.0446666666666675,0.2080632916526304,1.1623334756917054,1.4141666666666666,0.5953161904959939,1.2974202153327083,1.6491666666666667,0.5254263780853448,1.4864553956838222,1.9003333333333332,0.9213088830414125,1.5580786977766459,0,4
1.104,-0.04599999999999982,1.144333333333334,0.037819747927877144,1.1331667378458528,1.1775,0.2451177268171257,1.2421572966662202,1.5619166666666666,0.5214334191496223,1.4276161040401574,1.9171666666666667,0.9019104682581435,1.5217524019545141,0,5
0.863,-0.2410000000000001,1.0390000000000008,0.15414603465543392,0.9980833689229264,1.061,0.18441800345951773,1.1338266404758715,1.4494999999999998,0.5139019184807418,1.3407520880339794,1.8799166666666665,0.9269278343781289,1.469052209798153,0,6
0.628,-0.235,0.865000000000001,0.23800630243754745,0.8130416844614632,0.9548333333333333,0.22284291926525515,0.989304743197051,1.3350833333333334,0.5324610883492484,1.2310979206441364,1.8255833333333333,0.9613220478643696,1.401768033014301,0,7
0.625,-0.0030000000000000027,0.7053333333333343,0.13655157755707453,0.7190208422307316,0.9248333333333334,0.2566066380019444,0.8852176737121793,1.2173333333333332,0.5189507479403848,1.1378520866988846,1.6548749999999999,0.7691893142048688,1.339626590373157,0,8
0.859,0.23399999999999999,0.704000000000001,0.13424231821595012,0.7890104211153658,0.8715,0.22445556353094503,0.8777269097944138,1.1615833333333332,0.5184768704113243,1.094951765668287,1.5432083333333333,0.6721873431383262,1.3011764631433045,0,9
0.37,-0.489,0.6180000000000009,0.2445751418276026,0.5795052105576829,0.7415000000000002,0.25473181976344006,0.7326620784245812,1.0778333333333334,0.5603480790517408,0.9834207247962429,1.4093749999999998,0.5588068665741626,1.2266823460918403,0,10
0.971,0.601,0.7333333333333343,0.31960027117217205,0.7752526052788414,0.7193333333333333,0.22034397352017665,0.8007586274461294,0.9484166666666667,0.3265412290085753,0.9815098440583594,1.383375,0.564284449739128,1.2062277584044931,1,0
0.356,-0.615,0.5656666666666675,0.3510987515405387,0.5656263026394207,0.6348333333333334,0.2495142614494411,0.6736847338900924,0.8479166666666668,0.3054342537001051,0.8852775603570734,1.3431666666666668,0.6020399139351256,1.1382095377321337,1,0
0.288,-0.068,0.5383333333333342,0.37623972854195603,0.4268131513197103,0.5781666666666666,0.28714694263853807,0.5634890956357803,0.7665000000000001,0.3142371715758768,0.7933887049175236,1.274875,0.6254383723507012,1.070192774713563,0,1
0.273,-0.014999999999999958,0.3056666666666676,0.044230457077938955,0.34990657565985517,0.5195,0.31066042554530987,0.4804922111684145,0.7221666666666667,0.34439270220685636,0.7133289041609815,1.214625,0.649962126823053,1.0064173527364781,0,2
0.275,0.0020000000000000018,0.27866666666666756,0.008144527814627626,0.3124532878299276,0.42216666666666663,0.27211278299017744,0.4217801508345818,0.6468333333333333,0.3340971098167209,0.6458936881362151,1.1679583333333334,0.676129038312417,0.94790396451756,0,3
0.309,0.033999999999999975,0.28566666666666757,0.02023198787374299,0.3107266439149638,0.4120000000000001,0.2755692290514177,0.3895572505961299,0.57675,0.3059774575772895,0.5940638899614127,1.1129583333333333,0.6905294426973281,0.8967916473561552,0,4
0.254,-0.05499999999999999,0.27933333333333427,0.027754879450706437,0.2823633219574819,0.29250000000000004,0.036037480488962347,0.3508266075686642,0.5059166666666667,0.2689729483976122,0.5417463684288877,1.0339166666666666,0.674937930586899,0.8453683155676629,0,5
0.332,0.07800000000000001,0.2983333333333342,0.0400790884791977,0.307181660978741,0.28850000000000003,0.02801963597180249,0.34544757683476013,0.46166666666666667,0.24772651098021775,0.509477696362905,0.9555833333333333,0.6404817423774378,0.8042988503222499,1,0
0.305,-0.027000000000000024,0.2970000000000009,0.0396106046405507,0.30609083048937047,0.29133333333333333,0.028807406454920637,0.33389112631054296,0.43474999999999997,0.24554878241494563,0.4780195892301503,0.8849166666666667,0.6130997448225265,0.7643549422964699,0,1
0.263,-0.04199999999999998,0.3000000000000009,0.03477067730128411,0.28454541524468524,0.2896666666666667,0.03032930376152737,0.31363651879324494,0.4045833333333333,0.24226561618993028,0.4449396524255118,0.8109583333333332,0.5737520657662264,0.7242465469127524,0,2
0.311,0.04799999999999999,0.29300000000000087,0.02615339366105271,0.29777270762234265,0.2956666666666667,0.030408332191342164,0.31288322770946064,0.3589166666666666,0.19606513682650414,0.4243335520523562,0.76025,0.5612679938047089,0.6911868231597322,0,3
0.26,-0.05099999999999999,0.2780000000000009,0.028618176042331963,0.27888635381117133,0.28750000000000003,0.032611347718122984,0.2977737340781862,0.34975,0.19806111315819286,0.3990514671212244,0.7137916666666667,0.5542732005041366,0.6566918773069538,0,4
0.616,0.356,0.3956666666666675,0.19251060576841977,0.44744317690558566,0.34783333333333327,0.1343628172771737,0.38869552434156157,0.32016666666666665,0.09813981986142142,0.4324281644871899,0.6342916666666666,0.398205483242076,0.6534365271223975,1,0
2.673,2.057,1.183000000000001,1.302597021338524,1.5602215884527928,0.738,0.9573960517988329,1.0413539459582584,0.51325,0.6870961458459589,0.777131523796853,0.6805833333333333,0.5473776946311455,0.8150016049526058,1,0
0.298,-2.375,1.1956666666666675,1.2892502989463794,0.9291107942263964,0.7368333333333333,0.9580332805631859,0.8289671042558988,0.5140833333333333,0.6868041216498042,0.7034189816742603,0.6402916666666666,0.537998664873617,0.7736414765563973,1,0
0.269,-0.02899999999999997,1.080000000000001,1.3796546669366196,0.5990553971131982,0.7378333333333335,0.9574427223947447,0.6689765030399277,0.51375,0.6869327246403579,0.6365852921859125,0.6179583333333333,0.5419745284538295,0.7332701584318855,0,1
0.43,0.16099999999999998,0.3323333333333342,0.08581569398032234,0.5145276985565991,0.7576666666666667,0.9480187058632653,0.600697502171377,0.5266666666666667,0.6834839006328166,0.604802939541926,0.58675,0.5296891007735179,0.7090085457573346,0,2
0.289,-0.14100000000000001,0.3293333333333342,0.08775154319625562,0.40176384927829956,0.7624999999999998,0.9450432265245827,0.511641072979555,0.525,0.6840870492189561,0.5562178719200912,0.550875,0.5189302803552346,0.675407862096748,0,3
0.201,-0.08799999999999997,0.30666666666666753,0.1155176754151684,0.3013819246391498,0.6933333333333334,0.9726920718637837,0.42288648069968215,0.5205833333333333,0.6861637040735151,0.5015689685477694,0.51325,0.5097368673276836,0.6374552331290081,0,4
0.229,0.027999999999999997,0.23966666666666755,0.04495924080012765,0.2651909623195749,0.286,0.0795638108689658,0.3674903433569158,0.512,0.6893738924824259,0.45963528107888185,0.4868333333333333,0.5072454741192766,0.6047788144786874,0,5
0.242,0.012999999999999984,0.2240000000000009,0.020952326839529085,0.2535954811597875,0.27666666666666667,0.08114349429658055,0.33163595954065417,0.50675,0.6913307490235497,0.4261529301436693,0.47075,0.5086922918878207,0.5757565093203925,0,6
0.252,0.010000000000000009,0.2410000000000009,0.011532562594260547,0.25279774057989374,0.2738333333333333,0.08175919927848604,0.3088828282433244,0.5058333333333334,0.6916905289786723,0.39936017166002785,0.4552083333333334,0.5094721035300747,0.549855988574761,0,7
0.314,0.062,0.26933333333333426,0.039004273270040746,0.28339887028994687,0.2545,0.04100121949396715,0.3103448773166603,0.5060833333333333,0.69161424591424,0.3862278375584851,0.43249999999999994,0.5027938465951128,0.5309875094887802,0,8
0.77,0.456,0.44533333333333425,0.2828733521088985,0.5266994351449734,0.33466666666666667,0.21651574230678786,0.44167491236904305,0.5485833333333333,0.6907869633887761,0.44526970870333354,0.4491666666666667,0.5072419598151342,0.5501085087296778,1,0
1.252,0.482,0.7786666666666676,0.4690600530138188,0.8893497175724867,0.5098333333333334,0.4180738770440696,0.6731963659778879,0.6015833333333334,0.720201671040622,0.5693820612105129,0.460875,0.5228148157060356,0.6062598280313036,0,1
2.993,1.7409999999999999,1.6716666666666675,1.169411105357449,1.9411748587862432,0.9704999999999999,1.0665735323923964,1.3359974042699199,0.62825,0.8048245573923707,0.9422463594858186,0.57075,0.7341848629898845,0.7971990417887993,0,2
0.678,-2.315,1.641000000000001,1.205527685289723,1.3095874293931216,1.0431666666666666,1.0208875386969227,1.1479981459070856,0.6599166666666666,0.7980968793247384,0.9015930734110773,0.5870000000000001,0.7319672123804435,0.7876631184456954,1,0
0.942,0.2639999999999999,1.5376666666666674,1.2672491204705294,1.1257937146965609,1.1581666666666666,0.9503680164371388,1.0891415327907754,0.7159999999999999,0.7917504198121618,0.9078095236555269,0.614875,0.7322279469566463,0.8000100689700398,0,1
0.802,-0.1399999999999999,0.8073333333333342,0.13208078336127094,0.9638968573482805,1.2394999999999998,0.8821046990011986,1.0071010948505539,0.747,0.7868015806241966,0.8915311354008305,0.6368333333333334,0.7294893190901867,0.8001692634524367,0,2
1.472,0.6699999999999999,1.072000000000001,0.35341194094143846,1.2179484286741402,1.3564999999999998,0.8534676912455418,1.1399293534646813,0.8455833333333334,0.7982287731236145,0.9808340376468566,0.6852916666666666,0.7452233093490158,0.8539157223762417,0,3
1.89,0.4179999999999999,1.3880000000000008,0.5488424181857632,1.55397421433707,1.4628333333333332,0.8772567279118824,1.3542352524747723,0.9863333333333334,0.8227698599391257,1.120705724162725,0.7534583333333335,0.7781532753433181,0.9368024645861424,0,4
2.412,0.522,1.9246666666666676,0.4709578891295184,1.982987107168535,1.3659999999999999,0.6857323092869371,1.6564537517676943,1.16825,0.8794781639751474,1.3193663819838441,0.840125,0.8423539642495632,1.054818267419251,0,5
0.717,-1.6949999999999998,1.673000000000001,0.8680858252500138,1.3499935535842675,1.3724999999999998,0.6780483021142341,1.3880383941197816,1.2078333333333333,0.8439725149912237,1.2266946309094064,0.8572916666666667,0.835141564629023,1.0277928060257109,1,0
0.955,0.238,1.3613333333333342,0.9176526212752457,1.1524967767921337,1.3746666666666665,0.6764163412179383,1.2643131386569868,1.2664166666666667,0.7945444044268802,1.1848954569233439,0.8861249999999999,0.8256229433374629,1.021969381543654,0,1
0.785,-0.16999999999999993,0.8190000000000007,0.1225887433657517,0.9687483883960668,1.3718333333333332,0.6793241984992602,1.1273665276121334,1.3056666666666668,0.75380770797735,1.123373078935137,0.905875,0.8168901960430806,1.0030118310201617,0,2
0.969,0.18399999999999994,0.9030000000000008,0.10243046421838808,0.9688741941980334,1.288,0.6953387663578058,1.082118948294381,1.32225,0.7430644319303711,1.0996233744835775,0.9354166666666667,0.8052546406149315,1.0002908845385488,0,3
1.851,0.882,1.2016666666666673,0.5698151747131073,1.4099370970990166,1.2815,0.6887367421591469,1.3017992487817005,1.3721666666666668,0.7578878345091539,1.215219778409181,0.986875,0.8232153457235726,1.0683476137754648,0,4
1.992,0.14100000000000001,1.6040000000000008,0.5544267309572991,1.7009685485495083,1.2115,0.5602091573689197,1.4989994634155002,1.28875,0.6024137999445577,1.3347244278846917,0.9584999999999999,0.7727606075116261,1.1422398046734277,0,5
1.149,-0.843,1.6640000000000008,0.4515406958403612,1.4249842742747543,1.2835,0.5094003337258383,1.3989996167253573,1.3279999999999998,0.5736608120420397,1.3061514389793545,0.9939583333333334,0.7605636056165219,1.1427806202995534,0,6
3.403,2.254,2.1813333333333342,1.1388653710308927,2.4139921371373774,1.6915000000000002,0.9677838085027032,1.9715711548038266,1.5330833333333331,0.8130678668233118,1.628743525290223,1.1245416666666666,0.8888972151255565,1.3235981706755893,1,0
0.938,-2.465,1.8300000000000007,1.3663370740779883,1.6759960685686885,1.7169999999999999,0.9407599056082253,1.676265110574162,1.5444166666666668,0.8028343493051646,1.5224752906301886,1.1457083333333333,0.8776162615495628,1.2927503170215422,1,0
1.83,0.8920000000000001,2.057000000000001,1.2480797250175963,1.7529980342843443,1.8605,0.8665861180517476,1.72018936469583,1.57425,0.8065417900461908,1.5697867843793902,1.2099166666666665,0.8685369465579635,1.335730291659819,0,1
1.106,-0.724,1.291333333333334,0.47400140646767014,1.4294990171421722,1.7363333333333333,0.9199492739638766,1.54470668906845,1.5089166666666667,0.8103840232578132,1.4984349713979455,1.247625,0.8420719174336797,1.3173518683270338,0,2
1.38,0.2739999999999998,1.4386666666666674,0.3655479904654519,1.404749508571086,1.6343333333333334,0.9198605691444022,1.4976476350488928,1.4229166666666666,0.7589617858787407,1.4802142065674924,1.2955833333333333,0.813839099398735,1.3223637188608712,0,3
1.101,-0.2789999999999999,1.1956666666666675,0.15965692385026387,1.252874754285543,1.6263333333333332,0.9251193796838674,1.3843197393206377,1.4549166666666666,0.7341833383034712,1.4218735594032628,1.331375,0.7838246150599715,1.3046546213520016,0,4
0.799,-0.30199999999999994,1.093333333333334,0.29057586502207733,1.0259373771427716,1.1923333333333332,0.3679753614940304,1.2170855280861697,1.4419166666666667,0.7451393351500669,1.326046857956607,1.3541666666666667,0.7586220154456631,1.2642022516438416,0,5
0.31,-0.48900000000000005,0.7366666666666674,0.39916704940829856,0.6679686885713858,1.0876666666666668,0.514805853372572,0.957918234347264,1.4023333333333332,0.7942093075773095,1.1697319567325135,1.3539999999999999,0.7588608739992831,1.1878660715123341,0,6
0.337,0.027000000000000024,0.4820000000000008,0.27486178344759526,0.5024843442856929,0.8388333333333334,0.4395586043597161,0.78051302453376,1.3496666666666666,0.8448950804506452,1.0416193480044345,1.3359583333333331,0.7782485061462309,1.1197967857913476,0,7
0.276,-0.061,0.3076666666666674,0.030566866593181453,0.38924217214284645,0.7005,0.46832584810150557,0.6363664460955429,1.2184166666666667,0.8814776291013099,0.9238317560037522,1.2952916666666667,0.8077666192854737,1.05229304292804,0,8
0.248,-0.028000000000000025,0.28700000000000075,0.045508241011842414,0.31862108607142325,0.5118333333333334,0.35386744222471317,0.5254046043539593,1.0730833333333332,0.8860970045740804,0.8198576396954826,1.1809166666666668,0.7491399658313499,0.9879495994937968,0,9
0.448,0.2,0.32400000000000073,0.10829589096541054,0.38331054303571166,0.403,0.20591260281972493,0.5032890031099709,1.0146666666666666,0.9035718347790989,0.7626487720500238,1.1713333333333333,0.7572801254527918,0.944753631534293,0,10
0.236,-0.21200000000000002,0.31066666666666737,0.11908540352757498,0.3096552715178558,0.3091666666666667,0.0777751031285734,0.42692071650712204,0.75075,0.5263272616572732,0.6816258840423278,1.1419166666666667,0.7799489903424651,0.8880533410115496,1,0
0.223,-0.012999999999999984,0.30233333333333406,0.126318380821341,0.2663276357589279,0.2946666666666667,0.08533151039715746,0.3686576546479443,0.6911666666666666,0.5433966964354654,0.6110680557281235,1.1177916666666667,0.7996267052529086,0.8348490737306257,0,1
0.216,-0.007000000000000006,0.22500000000000075,0.010148891564681411,0.24116381787946395,0.2745,0.0875939495627037,0.3250411818913888,0.5566666666666668,0.4220985092548415,0.5502883548468738,1.0654583333333332,0.8163625568798222,0.7853411478321756,0,2
0.236,0.01999999999999999,0.22500000000000075,0.010148891564681411,0.23858190893973197,0.2678333333333333,0.0889683464309646,0.2996008442081348,0.48416666666666663,0.39287097889843464,0.501936300255047,0.9965416666666665,0.81353880638403,0.7413938560056016,0,3
0.249,0.013000000000000012,0.23366666666666744,0.016623276852805898,0.24379095446986598,0.268,0.08892468723584843,0.2851434601486677,0.38991666666666663,0.2769990017485722,0.4630230232927321,0.9064166666666668,0.7684767494809143,0.7020023475251536,0,4
0.308,0.059,0.26433333333333403,0.03837099599078926,0.275895477234933,0.24466666666666667,0.033079701731727806,0.2916739001061912,0.32383333333333336,0.16311726586799816,0.4391733274015426,0.8893750000000001,0.7773436827343199,0.6704821597231413,0,5
0.3,-0.008000000000000007,0.2856666666666674,0.032005207909420914,0.2879477386174665,0.25533333333333336,0.03943433360233314,0.29405278579013655,0.28225,0.06516709292280042,0.41776204626284374,0.8620833333333332,0.7863850653557015,0.6408435869452901,0,6
0.327,0.027000000000000024,0.3116666666666674,0.01386842937485622,0.3074738693087332,0.27266666666666667,0.04486275366782718,0.30346627556438327,0.2836666666666667,0.06600459120860427,0.40379865453009856,0.843,0.7938586556921764,0.6157360999896668,0,7
0.296,-0.031000000000000028,0.30766666666666737,0.01686218649301915,0.3017369346543666,0.286,0.03558089374922314,0.30133305397455945,0.28025,0.06402432066310854,0.3872142461408526,0.8149583333333333,0.8010679545167322,0.5901572119904935,0,8
0.624,0.328,0.41566666666666735,0.18108653548324855,0.4628684673271833,0.3506666666666667,0.13636959582935018,0.39352360998182817,0.30925,0.11799239189652594,0.4236428236576445,0.7638333333333333,0.7706484940939503,0.5928646350312541,1,0
2.054,1.4299999999999997,0.991333333333334,0.9347948081441875,1.2584342336635916,0.6515,0.6987113137770091,0.8679454357013057,0.45974999999999994,0.5153764952131501,0.6744670046333915,0.7664166666666667,0.7750359271709893,0.7097554642287538,1,0
0.335,-1.7189999999999999,1.004333333333334,0.9204511574946975,0.7967171168317958,0.656,0.6961387792674635,0.7156753112152184,0.4503333333333333,0.5166414852123594,0.6222413116128697,0.7325,0.7753764303199125,0.6797750270904536,1,0
0.449,0.11399999999999999,0.9460000000000006,0.9612476267851041,0.6228585584158979,0.6808333333333333,0.683441121580097,0.6394823651537274,0.46808333333333324,0.5122486005719168,0.5955888021339666,0.6094166666666666,0.5280403407404335,0.6613130249232173,0,1
0.315,-0.134,0.36633333333333407,0.07228646715205832,0.4689292792079489,0.6788333333333333,0.6847000559855833,0.5467731179669482,0.47574999999999995,0.5089247354606029,0.5524212941133563,0.5834583333333333,0.5264959621767327,0.6336079829293599,0,2
0.317,0.0020000000000000018,0.36033333333333406,0.07679409699531324,0.39296463960397443,0.6823333333333333,0.6824015435699577,0.4811236556906773,0.48416666666666663,0.5050589224551165,0.5162026334805322,0.5204166666666666,0.45670396811583663,0.6082793442950112,0,3
0.258,-0.059,0.2966666666666674,0.03350124375788566,0.3254823198019872,0.6213333333333333,0.7046544306726956,0.41737403977905524,0.486,0.5041152465639083,0.4764791514066042,0.4850833333333333,0.4419963522047623,0.5802569967514103,0,4
0.237,-0.02100000000000002,0.2706666666666674,0.04147690120205644,0.28124115990099363,0.3185,0.07432294396748283,0.3658385998421823,0.48500000000000004,0.5046397454890776,0.43963620503635736,0.43745833333333334,0.4010601146707405,0.5527964370112974,0,5
0.283,0.045999999999999985,0.2593333333333341,0.023028967265709018,0.2821205799504968,0.30983333333333335,0.07504243244098795,0.34217042845870166,0.48291666666666666,0.505487785723018,0.4155383273384562,0.403375,0.37620655895398375,0.5312127220503936,0,6
0.251,-0.03199999999999997,0.25700000000000073,0.023579652244928317,0.2665602899752484,0.2768333333333333,0.03381370530805757,0.31612173461335835,0.4788333333333333,0.5072943978210427,0.3902247385171552,0.3805416666666666,0.3676841720312639,0.5087957042863621,0,7
0.448,0.197,0.3273333333333341,0.10571817882145639,0.35728014498762417,0.299,0.07824321056803299,0.3538012390095417,0.4889166666666666,0.5052003128073204,0.39911324028374673,0.38629166666666664,0.36761209224169444,0.5039320479434531,1,0
0.499,0.05099999999999999,0.39933333333333404,0.1309669169421262,0.4281400724938121,0.3293333333333333,0.11381154012955053,0.3952865992925298,0.5058333333333334,0.5015386930298288,0.41448043408624724,0.3930416666666667,0.368154561016292,0.5035374841079769,0,1
2.493,1.9939999999999998,1.1466666666666674,1.166237683036065,1.460570036246906,0.7018333333333334,0.8841484980853958,0.9946332852089498,0.6615833333333333,0.7634087977121105,0.7342526749960554,0.4854166666666666,0.5637105267519952,0.6626944853793388,1,0
2.596,0.1030000000000002,1.8626666666666674,1.1820923539780352,2.0282850181234533,1.095,1.1272009581259215,1.452166632292107,0.70675,0.8628381418846275,1.0206753403812776,0.58325,0.7064049368334046,0.8173589265489918,0,1
2.779,0.18299999999999983,2.6226666666666674,0.14485279884536592,2.4036425090617266,1.5110000000000001,1.2240168299496523,1.8312618802086478,0.9104166666666665,1.0378144393898494,1.2911868264764657,0.6803750000000001,0.8354589893143078,0.9742902124250724,0,2
2.733,-0.04599999999999982,2.7026666666666674,0.09519628844307106,2.568321254530863,1.924666666666667,1.1287204555011237,2.088901343006177,1.10075,1.1489849373963275,1.5130042377877786,0.7844166666666667,0.9280605732042655,1.1149869954310667,0,3
2.471,-0.262,2.661000000000001,0.1661445154075295,2.5196606272654316,2.2618333333333336,0.8724559396706889,2.198072387861555,1.2804166666666668,1.1830104478393144,1.6603882012050435,0.8780833333333334,0.9808742735843918,1.2234680357965815,0,4
3.397,0.9259999999999997,2.867000000000001,0.4773216944577354,2.9583303136327155,2.7448333333333337,0.3426907741195643,2.5406231341868253,1.5370833333333334,1.2847309911794664,1.9275592471734981,1.0106249999999999,1.0957150062858492,1.397350592932855,1,0
1.81,-1.5869999999999997,2.5593333333333335,0.7971789845030635,2.3841651568163575,2.631,0.513795679234459,2.331873667276304,1.6664166666666667,1.2207886763990918,1.909473209146806,1.0762083333333332,1.0944391050717,1.4303625454982265,1,0
2.068,0.258,2.4250000000000003,0.8516037811095025,2.226082578408179,2.5429999999999997,0.5637747777259983,2.2564811909116456,1.819,1.1374705590595637,1.9338619462011437,1.152,1.0976425726944556,1.4813735418583684,0,1
4.877,2.8089999999999997,2.9183333333333343,1.701153236288059,3.5515412892040894,2.892666666666667,1.117807616124826,3.005200850651175,2.2018333333333335,1.330261890369599,2.3866524160163527,1.3423749999999999,1.318831953975216,1.753023658509699,1,0
4.368,-0.5089999999999995,3.771000000000001,1.496638566922558,3.959770644602045,3.1651666666666665,1.2611936277458222,3.3945720361794107,2.544916666666667,1.312167426840267,2.6914751212446064,1.5118749999999999,1.435310035058325,1.9622217658289232,0,1
2.752,-1.6160000000000005,3.9990000000000006,1.1095165613905946,3.355885322301022,3.2119999999999997,1.2352105893328478,3.210980025842436,2.736916666666666,1.1339020687498333,2.7007866410531283,1.6129166666666668,1.4336271699151213,2.0254040245626093,0,2
2.888,0.13600000000000012,3.3360000000000007,0.8963213709379054,3.121942661150511,3.127166666666667,1.2374406517755376,3.118700018458883,2.936,0.8884111456056611,2.729588696275724,1.7209166666666667,1.427725918060413,2.0944117025976006,0,3
3.396,0.508,3.0120000000000005,0.3394348243772351,3.2589713305752555,3.3915000000000006,1.0558794912299425,3.197928584613488,3.0112500000000004,0.8857158507003347,2.8321135122333048,1.8364166666666666,1.447122209215862,2.1985387663897926,0,4
2.058,-1.338,2.7806666666666673,0.6754267786617116,2.6584856652876274,3.3898333333333333,1.0583913107479053,2.872234703295349,2.966416666666666,0.9215377916912312,2.7130191257358733,1.8365833333333332,1.4471485881663584,2.1872956650786093,0,5
1.824,-0.23399999999999976,2.4260000000000006,0.8481532880323001,2.2412428326438136,2.8810000000000002,0.9260304530629647,2.572739073782392,2.8868333333333336,0.9786604790903396,2.576246952545739,1.8986249999999998,1.411451975572611,2.1582320118723204,0,6
1.255,-0.5690000000000002,1.7123333333333337,0.41298224336323675,1.7481214163219068,2.3621666666666665,0.7880660928289349,2.1962421955588516,2.763666666666667,1.0868099552303883,2.3729781906156253,1.9322083333333333,1.3847978342222618,2.085973450922535,0,7
1.484,0.2290000000000001,1.5210000000000006,0.28629879496777055,1.6160607081609535,2.1508333333333334,0.8314417397909865,1.9927444253991797,2.681416666666667,1.1466721381564315,2.2362123151362985,1.9809166666666667,1.3454413181479565,2.0378155748487323,0,8
1.216,-0.268,1.318333333333334,0.14479065347366113,1.4160303540804766,1.8721666666666665,0.814990163539819,1.7708174467137,2.4996666666666667,1.194777144174772,2.0792565743460987,2.0183750000000003,1.3091266193286206,1.9720703288608339,0,9
1.967,0.7510000000000001,1.5556666666666672,0.38059471007008366,1.6915151770402383,1.6340000000000001,0.3654120961325626,1.8268696047954998,2.51275,1.1873751130501722,2.0619863321390066,2.089583333333333,1.2545519178147846,1.9716647025519671,1,0
0.963,-1.004,1.3820000000000006,0.5221790880531285,1.3272575885201192,1.4515,0.38425447297330484,1.5800497177110713,2.4206666666666665,1.2652928754268953,1.8929115118099287,2.1198333333333337,1.2161034590808493,1.8909715263478097,1,0
0.923,-0.039999999999999925,1.284333333333334,0.5915448700929877,1.1251287942600596,1.3013333333333332,0.3856198473453592,1.3923212269364795,2.0911666666666666,1.0667374076921168,1.7436943561468627,2.1465,1.1805721162805478,1.813533804239985,0,1
0.946,0.02299999999999991,0.9440000000000005,0.020074859899753786,1.0355643971300297,1.2498333333333334,0.41272626117883254,1.2648008763831995,1.8059999999999998,0.8349639077665142,1.6209721475088839,2.1754583333333333,1.1398782535740453,1.7441310999007862,0,2
0.868,-0.07799999999999996,0.912333333333334,0.04007908847925472,0.9517821985650148,1.1471666666666667,0.4193888013128837,1.1514291974165711,1.649,0.8178659592333747,1.5051302786613634,2.192958333333333,1.1151603697954477,1.6740406119087232,0,3
0.873,0.0050000000000000044,0.8956666666666672,0.0436615773114972,0.9123910992825074,1.09,0.43133652755127344,1.0718779981546935,1.4810833333333333,0.7438630688181234,1.407879466559615,2.2085416666666666,1.0928496447428135,1.6099573629560253,0,4
0.837,-0.03600000000000003,0.8593333333333341,0.019502136634935083,0.8746955496412536,0.9016666666666667,0.04963735152741454,1.004769998681924,1.2678333333333334,0.4561584320732398,1.3200518563196741,2.1395416666666667,1.1258873593812544,1.5481207739195433,0,5
0.816,-0.02100000000000002,0.8420000000000005,0.028827070610699577,0.8453477748206268,0.8771666666666667,0.04958796897087032,0.9508357133442314,1.1643333333333332,0.39773548389792523,1.2425054168858782,2.065375,1.152817071823174,1.48955111200598,0,6
0.779,-0.03699999999999992,0.8106666666666672,0.029365512652215566,0.8121738874103135,0.8531666666666666,0.05722732447577707,0.9017397952458795,1.07725,0.35193597687389605,1.171196891211128,1.9820416666666665,1.1711298698698833,1.4327070230455015,0,7
0.796,0.017000000000000015,0.7970000000000006,0.018520259177290978,0.8040869437051568,0.8281666666666666,0.03814402530745472,0.8715284251756282,1.039,0.35578313108358317,1.1134742925632621,1.9013333333333335,1.1838030706772678,1.3817704612018613,0,8
0.827,0.030999999999999917,0.8006666666666673,0.024337899114906816,0.8155434718525784,0.8213333333333334,0.03289174161785463,0.8588060179825916,0.98425,0.3307493214450568,1.0694013244766063,1.8328333333333333,1.196898552479506,1.3373888243057124,0,9
0.864,0.03700000000000003,0.8290000000000006,0.03404408906101313,0.8397717359262892,0.8198333333333333,0.030155707032926648,0.8602900128447082,0.9549166666666666,0.3238648591151854,1.0378011207109745,1.7272916666666667,1.1642072308868707,1.2995177183612554,0,10
0.876,0.01200000000000001,0.8556666666666674,0.025540817005876366,0.8578858679631446,0.8263333333333334,0.037824154539866914,0.864778580603363,0.8639999999999999,0.05760208329567649,1.012908640601594,1.688375,1.1768641756989116,1.265636300892355,0,11
0.898,0.02200000000000002,0.8793333333333339,0.017243356208342327,0.8779429339815723,0.84,0.04703615630543314,0.8742704147166879,0.8585833333333334,0.05000083332640962,0.9952303882013487,1.6396249999999999,1.1846620069252554,1.2362253968209667,0,12
1.072,0.17400000000000004,0.9486666666666673,0.1073747332165632,0.9749714669907862,0.8888333333333334,0.09680581938425017,0.9307645819404914,0.871,0.07807222763105182,1.0070410977088335,1.4810833333333333,0.9672260612820502,1.2230873650752894,0,13
0.838,-0.2340000000000001,0.9360000000000005,0.12154011683388628,0.9064857334953931,0.8958333333333334,0.09003203133694199,0.9042604156717796,0.8620000000000001,0.074796694141837,0.9810347749843976,1.3339999999999999,0.7540374803278216,1.1922803758692662,1,0
0.888,0.050000000000000044,0.9326666666666673,0.12322878451615128,0.8972428667476966,0.906,0.08394283769321534,0.8996145826226998,0.8636666666666667,0.07516446613725815,0.9667217326791058,1.2563333333333333,0.695344435555481,1.167937945799725,0,1
0.825,-0.06300000000000006,0.8503333333333338,0.03326158945882829,0.8611214333738483,0.8995000000000001,0.08919136729521224,0.8782961304447855,0.8596666666666666,0.07589626093717983,0.9449183891900126,1.1703750000000002,0.606736445361933,1.1405029101357471,0,2
1.75,0.925,1.1543333333333339,0.5168233095878407,1.305560716686924,1.0451666666666666,0.3564437777078693,1.1273543788891325,0.93575,0.26732313609358815,1.0687770985453953,1.1017916666666667,0.4030665042943374,1.1892626773248876,1,0
1.088,-0.6619999999999999,1.2210000000000005,0.4766266883001791,1.196780358343462,1.0768333333333333,0.3491191296200441,1.1161102706350947,0.9584166666666668,0.2677775393980282,1.0717344679999499,1.0613750000000002,0.34786876742217765,1.1811616631388966,0,1
0.935,-0.15300000000000002,1.2576666666666674,0.43318164011570204,1.065890179171731,1.054,0.35394519349751075,1.0643644790250677,0.9714166666666667,0.2619998120517521,1.0506983959999576,1.0243333333333333,0.3082020323645224,1.1614687300877848,0,2
0.551,-0.384,0.8580000000000005,0.27665682713425704,0.8084450895858655,1.0061666666666669,0.40472480362174085,0.9176889135893341,0.951,0.28541198292994274,0.9738217196922718,0.995,0.31861944043966595,1.112631231680762,0,3
0.822,0.2709999999999999,0.7693333333333339,0.19734318669091933,0.8152225447929327,0.9951666666666666,0.4094481245123204,0.8903492239923816,0.9505833333333333,0.2856130434802699,0.9504645320473069,0.9674166666666667,0.30270302804630916,1.0893807331463012,0,4
0.552,-0.2699999999999999,0.6416666666666672,0.15617404820688477,0.6836112723964664,0.9496666666666668,0.44570333930391004,0.7936780171374154,0.9245833333333334,0.3075686053057089,0.8891622963477213,0.9397500000000001,0.3092681754526722,1.0463902744945972,0,5
0.818,0.2659999999999999,0.7306666666666671,0.15474279735524632,0.7508056361982332,0.7943333333333333,0.21226838357761965,0.8006271550981537,0.9197500000000001,0.30885451856232515,0.8782142507557641,0.8918749999999999,0.21913353334161625,1.0281190525350294,0,6
0.607,-0.21099999999999997,0.6590000000000006,0.1404172354093084,0.6789028180991166,0.7141666666666667,0.16467108631042368,0.7453051107843955,0.8955000000000001,0.3218674204756337,0.8364889814087235,0.8770416666666668,0.2260495288487729,0.9944295283322272,0,7
0.585,-0.02200000000000002,0.6700000000000005,0.12864291663357605,0.6319514090495583,0.6558333333333333,0.1289052623699074,0.6995036505602825,0.8549166666666667,0.3282292597708179,0.7977983688843044,0.8629583333333333,0.23346901464027298,0.9616751660656491,0,8
2.33,1.745,1.1740000000000006,1.0011857969428033,1.4809757045247791,0.9523333333333334,0.6851938898345901,1.1653597504002018,0.97925,0.5372622730101211,1.0335216967482577,0.9206250000000001,0.37988462922542404,1.0711411527803971,1,0
0.866,-1.464,1.260333333333334,0.936952684682279,1.1734878522623895,0.9596666666666667,0.6837539518471951,1.0798283931430013,0.9774166666666666,0.5376393617782604,1.0077491280177564,0.9205416666666667,0.37989689438361773,1.0547298605579654,1,0
1.08,0.21400000000000008,1.4253333333333338,0.7907372087699749,1.1267439261311947,1.0476666666666665,0.6541286315906505,1.0798774236735724,0.9986666666666667,0.5361046935293929,1.0188646467842555,0.9291666666666666,0.38111845319049775,1.0567514717133282,0,1
0.692,-0.3880000000000001,0.8793333333333339,0.1943433387933013,0.9093719630655973,1.0266666666666666,0.6649101192391772,0.9690553026239803,0.9105,0.48596230680616137,0.9685777780482162,0.9231249999999999,0.38378303568326155,1.027571353976262,0,2
1.355,0.663,1.0423333333333338,0.33310108575825564,1.1321859815327986,1.1513333333333333,0.6401498782837168,1.0793252161599858,0.93275,0.5007164185626269,1.028027350656183,0.9455833333333333,0.39290400605111336,1.0537656456581612,0,3
0.954,-0.401,1.000333333333334,0.33391965101402543,1.0430929907663993,1.2128333333333332,0.5906729777691356,1.0435180115428468,0.9343333333333333,0.500754219032441,1.0166385274783085,0.952875,0.39129865303826955,1.0457843940055083,0,4
0.635,-0.31899999999999995,0.981333333333334,0.3607774013617378,0.8390464953831996,0.9303333333333333,0.26512839656788206,0.926798579673462,0.9413333333333335,0.49546770068718343,0.957924907866261,0.9461666666666667,0.3954629281440053,1.0129216424850676,0,5
0.457,-0.178,0.6820000000000005,0.25181143738915746,0.6480232476915998,0.8621666666666666,0.3296940500928941,0.7925704140524729,0.9109166666666666,0.5143050842612502,0.8808595374252978,0.9307499999999999,0.4073440218953898,0.9684479110862623,0,6
0.601,0.14399999999999996,0.5643333333333339,0.09449514978731077,0.6245116238458,0.7823333333333333,0.32434775576016456,0.7378360100374807,0.915,0.5113826178295308,0.837804223975252,0.9197916666666668,0.4127199260016886,0.9390520781993613,0,7
2.162,1.561,1.073333333333334,0.9455582125566512,1.3932558119229,1.0273333333333332,0.6420556569851688,1.144740007169629,1.027,0.6231668388890016,1.0415266510559826,0.973375,0.4840959132866838,1.0368879119434125,1,0
2.375,0.21300000000000008,1.7126666666666672,0.9686043223800587,1.88412790596145,1.1973333333333334,0.8481293926439866,1.4962428622640207,1.1743333333333332,0.7168063429778888,1.24667639704737,1.0349166666666667,0.5617518341655904,1.1439368789879396,0,1
0.913,-1.462,1.8166666666666673,0.7898115809060622,1.398563952980725,1.1905000000000001,0.8506434623271907,1.3296020444743006,1.2016666666666667,0.6983057852380797,1.19534156673239,1.0282916666666668,0.5622328528262116,1.1254619286689045,0,2
1.348,0.43500000000000005,1.545333333333334,0.7507105522991746,1.3732819764903625,1.3093333333333332,0.8061599510436239,1.3348586031959289,1.1198333333333335,0.6054192887177586,1.2188274795427916,1.0495416666666666,0.5643618157334621,1.1432649743753922,0,3
1.865,0.5169999999999999,1.375333333333334,0.47658822198343415,1.6191409882451813,1.5439999999999998,0.7072979570166964,1.4863275737113777,1.2030833333333335,0.6352904072273978,1.3182386365362082,1.09025,0.58698576014133,1.201003776425361,0,4
2.173,0.30800000000000005,1.795333333333334,0.41688887408197084,1.8960704941225908,1.8060000000000003,0.5649566355039949,1.6825196955081272,1.2941666666666667,0.6918727987838307,1.449740384761407,1.1464166666666666,0.6238373475769814,1.278763474311332,0,5
1.654,-0.5190000000000001,1.897333333333334,0.2610063856179268,1.7750352470612953,1.7213333333333332,0.5383748384412667,1.6743712110772337,1.3743333333333334,0.6711809583025132,1.4811649409519598,1.1424166666666666,0.6200954987227624,1.3087823963664256,0,6
1.439,-0.21499999999999986,1.7553333333333339,0.37734643675717033,1.6070176235306477,1.5653333333333332,0.43718493417163773,1.6071222936265954,1.3813333333333333,0.6713989917035974,1.4746780269593507,1.1570416666666665,0.6228891644842472,1.3191998046571114,0,7
1.899,0.45999999999999996,1.6640000000000006,0.2301629857296767,1.7530088117653237,1.7296666666666667,0.30964990984442425,1.6905159240189969,1.4600833333333334,0.6721396578814338,1.539958330504066,1.1972083333333334,0.6388260278358885,1.3655838202845425,0,8
2.245,0.3460000000000001,1.8610000000000007,0.4043414398747678,1.999004405882662,1.879166666666667,0.3050287964547951,1.848939945727855,1.59425,0.6528825768014568,1.6484262796572866,1.2677916666666667,0.6576302634503655,1.4359371146617792,0,9
1.243,-1.002,1.7956666666666674,0.5089295956547757,1.6210022029413311,1.7755,0.40130773727900343,1.675814246948468,1.65975,0.5614403756896598,1.586053005863858,1.2853333333333332,0.6508016238633616,1.420502145488837,1,0
0.956,-0.28700000000000014,1.4813333333333338,0.6767439200564213,1.2885011014706655,1.5726666666666669,0.46302598919138377,1.47015303353462,1.6893333333333336,0.5073262055008391,1.4891217741924951,1.3021666666666667,0.636066900136515,1.38334197384973,0,1
0.344,-0.612,0.8476666666666673,0.4591865996883275,0.8162505507353328,1.3543333333333332,0.6766025913833456,1.1483950239533,1.5378333333333332,0.6136522309957504,1.3129491935474957,1.2824166666666668,0.658709866637655,1.3001946159417515,0,2
0.395,0.051000000000000045,0.5650000000000005,0.3395747340424392,0.6056252753676664,1.1803333333333332,0.7772324405650202,0.9331393028237858,1.3728333333333333,0.6339472064817875,1.1717262406940347,1.2735833333333333,0.6694942228972208,1.2277790466664114,0,3
0.288,-0.10700000000000004,0.3423333333333339,0.05351946686323916,0.44681263768383317,0.9118333333333334,0.7573209139239827,0.7488137877312756,1.32075,0.6976352426721169,1.0357683575103371,1.2612083333333335,0.6853329866103279,1.1525967229330984,0,4
0.243,-0.044999999999999984,0.30866666666666726,0.07807901980253823,0.3449063188419166,0.5781666666666666,0.4170560713700915,0.6042955626651968,1.2286666666666666,0.7635261897435112,0.913803994816439,1.17425,0.6761663192620196,1.0798289850984506,0,5
0.235,-0.008000000000000007,0.2553333333333339,0.028571547618651022,0.2899531594209583,0.41016666666666673,0.27426076399414856,0.4987825447608548,1.0928333333333333,0.7847257579253514,0.8093726109985254,1.1479583333333332,0.7005030167310309,1.0122426662905746,0,6
0.247,0.01200000000000001,0.24166666666666725,0.006110100925906444,0.2684765797104791,0.292,0.06481357882409253,0.42684467482918204,0.9323333333333332,0.739366477383706,0.7228537477679831,1.11325,0.72425069224502,0.9510232529873287,0,7
0.23,-0.016999999999999987,0.23733333333333392,0.008736894947562157,0.24923828985523955,0.27299999999999996,0.06321075857784632,0.3706033391637015,0.8136666666666666,0.7271850250149978,0.6470300942652164,1.094,0.7418597078201213,0.8933413927483425,0,8
0.242,0.011999999999999983,0.23966666666666725,0.008736894947562942,0.24561914492761977,0.24749999999999997,0.02075331298821132,0.3338595279740725,0.7139166666666665,0.715614098434897,0.5847177720705676,1.047625,0.7594148669978686,0.8412340813284751,0,9
0.21,-0.032,0.22733333333333391,0.01616580753704182,0.2278095724638099,0.23450000000000001,0.013457340004124328,0.2984710914100518,0.5731666666666667,0.6212100849929696,0.5270688840597111,1.0166250000000001,0.7783521507981931,0.7907353548221971,1,0
0.374,0.164,0.27533333333333393,0.08693292433436806,0.300904786231905,0.2563333333333333,0.05904800307083523,0.3200507795786084,0.41724999999999995,0.3299920453586766,0.5035198249736017,1.00575,0.7857045716508481,0.7573965264364213,1,0
0.547,0.17300000000000004,0.3770000000000006,0.16852002848324063,0.4239523931159525,0.30833333333333335,0.13056901112688876,0.38489341398472027,0.35925,0.21158412253544415,0.5102090826699707,1.0095,0.7831823597960128,0.7405648043215076,0,1
0.307,-0.24000000000000005,0.40933333333333394,0.12383995047368904,0.36547619655797625,0.3183333333333333,0.12718595310274497,0.36263815284622875,0.3051666666666667,0.0972184357127147,0.4789461468745906,0.9972499999999999,0.7920981631085879,0.7058796199757871,0,2
0.258,-0.04899999999999999,0.3706666666666672,0.15466199705592037,0.31173809827898813,0.323,0.12376429210393035,0.33274153774730625,0.298,0.09726533531813099,0.4449544319708074,0.9179166666666667,0.7652634054429519,0.6700492503777241,0,3
0.287,0.02899999999999997,0.2840000000000006,0.02463736998934075,0.299369049139494,0.3305,0.11915158412705652,0.3196725269623616,0.289,0.09234618661223211,0.42065375012914474,0.8309166666666666,0.7090334459926629,0.6394053103475061,0,4
0.286,-0.0010000000000000009,0.2770000000000006,0.016462077632900023,0.29268452456974703,0.3431666666666667,0.1072220437533894,0.3100518049731154,0.28883333333333333,0.0923499602139501,0.39993778857081475,0.8047916666666666,0.7173795902095863,0.6111328855197057,0,5
0.311,0.025000000000000022,0.29466666666666724,0.014153915830082691,0.30184226228487354,0.33266666666666667,0.10668208221933853,0.3103227178379396,0.29450000000000004,0.09136291270633193,0.3862550518676125,0.7615833333333333,0.714462943126827,0.5871222546781293,0,6
0.278,-0.032999999999999974,0.29166666666666724,0.017214335111326463,0.2899211311424368,0.28783333333333333,0.019467066205607942,0.30108765559852824,0.2980833333333333,0.0896442041257344,0.36960042850336444,0.6954583333333333,0.6805337406047164,0.562392474303879,0,7
0.266,-0.01200000000000001,0.2850000000000006,0.023302360395283432,0.2779605655712184,0.28099999999999997,0.01856879102114159,0.29106261114180587,0.2996666666666667,0.08882396618987452,0.3536619010413084,0.616,0.6079788325834733,0.5386810763595686,0,8
2.557,2.291,1.0336666666666672,1.319259009191648,1.4174802827856092,0.6641666666666667,0.927412619423876,0.9384732936727185,0.4935833333333333,0.655483368949739,0.6926369931887995,0.653625,0.6965049899942961,0.7001465902508032,1,0
1.057,-1.5,1.293333333333334,1.1636409812881852,1.2372401413928045,0.7925,0.9180106208535873,0.9723380669090846,0.5615,0.6691266356568517,0.7486928403905226,0.6377083333333333,0.6819906590694399,0.7286948630307389,0,1
1.357,0.30000000000000004,1.6570000000000007,0.7937253933193767,1.2971200706964021,0.971,0.9038431279818361,1.0822414763636319,0.6570833333333334,0.6957447884145903,0.8422785572535192,0.615125,0.6464566505860655,0.7789592739882798,0,2
1.467,0.1100000000000001,1.2936666666666674,0.21221058723195427,1.382060035348201,1.1636666666666666,0.8570128742712428,1.19217248311688,0.7481666666666666,0.726194543598007,0.9383895484452855,0.5827083333333333,0.5769417481835573,0.8340025320692175,0,3
1.011,-0.4560000000000002,1.278333333333334,0.23796078108236826,1.1965300176741005,1.2858333333333334,0.7512268410185152,1.1404089165120572,0.7868333333333334,0.726862226952054,0.9495603871460108,0.5730416666666667,0.567259888232104,0.8481623295036801,0,4
1.425,0.41400000000000015,1.3010000000000004,0.2520238083991225,1.3107650088370502,1.479,0.5616290590772451,1.2217206546514694,0.8799999999999999,0.7314041290558881,1.0227049429697015,0.5925833333333334,0.588699297025942,0.8943093431433857,0,5
1.015,-0.41000000000000014,1.1503333333333339,0.23787671877115277,1.162882504418525,1.2219999999999998,0.2163580365967272,1.1626576104653352,0.9430833333333334,0.7050505408490354,1.021519567128209,0.6205416666666667,0.5923027999968056,0.9039645956919149,0,6
0.79,-0.22499999999999987,1.0766666666666673,0.3219601424607239,0.9764412522092625,1.1775,0.2762504298639019,1.0561840074752396,0.985,0.6768888723081121,0.9859011721854076,0.637,0.5912501861384009,0.8948474280365618,0,7
0.743,-0.04700000000000004,0.8493333333333339,0.14538340116164652,0.8597206261046313,1.0751666666666666,0.3083208826314832,0.966702862482314,1.0230833333333333,0.6461440112957293,0.9485317610799603,0.6559583333333333,0.5868513980606974,0.8826996337936369,0,8
0.988,0.245,0.8403333333333339,0.13002435669261433,0.9238603130523156,0.9953333333333334,0.2413020237516804,0.9727877589159385,1.0795000000000001,0.6066672743919718,0.9546037978368895,0.6869999999999999,0.5837534470617881,0.891123663090146,0,9
0.925,-0.06299999999999994,0.885333333333334,0.1272255215486598,0.9244301565261579,0.981,0.24273524671952734,0.9591341135113847,1.1334166666666665,0.5555571255028342,0.950049367400445,0.71575,0.5774821096419525,0.8938337700429344,0,10
1.408,0.4829999999999999,1.1070000000000007,0.2625699906691482,1.166215078263079,0.9781666666666666,0.23653618468779028,1.0873815096509891,1.2285833333333331,0.48704908439095007,1.0205033108772996,0.764125,0.5850859700858523,0.9349670684394996,1,0
1.194,-0.21399999999999997,1.1756666666666673,0.24202134892056604,1.1801075391315394,1.008,0.25283749721904364,1.1178439354649923,1.115,0.25064933853711463,1.047195109203869,0.8042916666666667,0.5798902054374754,0.9556897029643396,0,1
1.431,0.2370000000000001,1.3443333333333338,0.1306994006617151,1.3055537695657697,1.1148333333333333,0.2766076041374442,1.2073170967607088,1.1461666666666668,0.26558882552251034,1.1062420154801968,0.8538333333333333,0.5805528599433514,0.9937145267271925,0,2
1.265,-0.16600000000000015,1.296666666666667,0.12163195851967214,1.2852768847828848,1.2018333333333333,0.21044468790315757,1.223797926257649,1.1384999999999998,0.2602231559817325,1.1306663207909358,0.8977916666666667,0.5695199335494271,1.0154173645890172,0,3
0.836,-0.42899999999999994,1.177333333333334,0.30703474287664995,1.0606384423914423,1.1764999999999999,0.24726241121527273,1.1129985187554636,1.0859166666666666,0.2514125397658545,1.0853330406692534,0.9170416666666666,0.5587519072366364,1.001063975421896,0,4
1.027,0.19099999999999995,1.042666666666667,0.21492867033816057,1.0438192211957211,1.1935,0.2293719686447991,1.0884275133967596,1.0872499999999998,0.251021232350794,1.0763587267201375,0.9370416666666667,0.5534965911812596,1.0031388573881443,0,5
1.258,0.2310000000000001,1.0403333333333338,0.2113157195604002,1.1509096105978607,1.1685,0.20854615796027173,1.1368767952833996,1.0733333333333335,0.2346921904163546,1.1043035379939625,0.9766666666666667,0.5403148572152494,1.0235277487970929,0,6
2.74,1.4820000000000002,1.6750000000000007,0.9295208443063557,1.9454548052989304,1.4261666666666668,0.6764712607839733,1.5949119966309997,1.2170833333333333,0.5336232001112506,1.355949147533353,1.0800833333333333,0.6273063821622166,1.1608455288933255,1,0
1.833,-0.9070000000000003,1.943666666666667,0.7471722246800501,1.8892274026494653,1.4931666666666665,0.6966524001728975,1.662937140450714,1.304,0.5426023154459211,1.4293415863743755,1.1445,0.6216779538160168,1.2146178865818595,0,1
3.633,1.8,2.7353333333333336,0.9000090740283344,2.7611137013247324,1.8878333333333333,1.0971671552988909,2.2258122431790817,1.5448333333333333,0.834053718929787,1.7683659577013948,1.2839583333333333,0.7767816255812053,1.4080884556553108,0,2
3.033,-0.6000000000000001,2.833,0.9165151389911719,2.8970568506623664,2.254,1.0411017241365015,2.456437316556487,1.7152500000000002,0.9149354795930605,1.9629250411319494,1.397375,0.8257208083007659,1.538081379202886,0,3
2.833,-0.19999999999999973,3.1663333333333337,0.4163331998932373,2.8650284253311833,2.555,0.8608797825480613,2.5640266546832047,1.87425,0.9307706606502348,2.0967827271116497,1.5038333333333336,0.8397142198477371,1.6416748688666551,0,4
3.715,0.8819999999999997,3.193666666666667,0.4624298144944185,3.2900142126655916,2.9644999999999997,0.6874328330826215,2.8928761819165745,2.0665,1.05559655688577,2.345739230632934,1.6475416666666665,0.9107840854792755,1.8075408793573229,0,5
1.921,-1.7939999999999998,2.8230000000000004,0.8970418050459003,2.6055071063327957,2.828,0.8111125692528743,2.615197272797553,2.127083333333333,1.0212734882874368,2.2803947336124826,1.6210416666666667,0.8922357594057302,1.8166176090087371,1,0
1.792,-0.129,2.4760000000000004,1.0749423240341804,2.198753553166398,2.8211666666666666,0.8212805651339044,2.3799980519982524,2.1571666666666665,1.0040773089878308,2.2052570822874853,1.6516666666666666,0.8846153999321416,1.8146482002880382,0,1
1.267,-0.5250000000000001,1.6600000000000001,0.346405831359694,1.732876776583199,2.426833333333333,0.9160651541602611,2.0619986085701805,2.1573333333333333,1.0039159085875435,2.0609098388586413,1.6479166666666665,0.8861083414310152,1.770836344264995,0,2
1.58,0.31300000000000017,1.5463333333333338,0.264114242958106,1.6564383882915994,2.1846666666666668,0.9158272034978332,1.9242847204072717,2.219333333333333,0.9355398376759748,1.9869237098034658,1.6526250000000002,0.8854051792946214,1.7555694367237955,0,3
4.11,2.5300000000000002,2.3190000000000004,1.558926874487705,2.8832191941458,2.3975000000000004,1.2007065836414808,2.5487748002909085,2.47625,0.999475783052842,2.3135508313721633,1.78175,1.0055827750072623,1.943923881785892,1,0
0.977,-3.1330000000000005,2.2223333333333337,1.6623376111167485,1.9301095970728999,1.9411666666666667,1.1172336222414094,2.099696285922078,2.4528333333333334,1.033331226781822,2.107927626545677,1.7630833333333333,1.016590932080553,1.8665699712430206,1,0
0.627,-0.35,1.9046666666666672,1.9178754738859705,1.27855479853645,1.7255,1.2400491522516326,1.6789259185157699,2.2767500000000003,1.1530452269770457,1.8800926070771111,1.7469166666666667,1.031973580579704,1.767404373543579,0,1
0.708,0.08099999999999996,0.7706666666666666,0.18322208746035065,0.993277399268225,1.5448333333333333,1.3056531571082184,1.4015185132255499,2.183,1.2352121643301173,1.6997706675267863,1.7435,1.0354095178069491,1.6826520236600928,0,2
1.261,0.5529999999999999,0.8653333333333334,0.34504250945836945,1.1271386996341124,1.5438333333333334,1.3059107805155215,1.3613703665896786,1.9853333333333334,1.1701576687339925,1.6322674879072807,1.7650833333333333,1.018914636381226,1.6489198617672856,0,3
0.414,-0.847,0.7943333333333333,0.4300492219889818,0.7705693498170562,1.3495,1.383881317165598,1.0906931189926277,1.7670833333333331,1.20082717387439,1.44484172053693,1.7411666666666668,1.0443666966642757,1.5501262728259029,0,4
0.298,-0.11599999999999999,0.6576666666666667,0.5257112642252663,0.534284674908528,0.7141666666666667,0.35750212120580777,0.8642093707090197,1.5558333333333334,1.2191037567397507,1.2684045327620177,1.7150416666666664,1.07311742050365,1.4499561709998308,0,5
0.288,-0.010000000000000009,0.3333333333333333,0.07003808487762693,0.411142337454264,0.5993333333333334,0.3667302369135266,0.6995781219350141,1.27025,1.0580883383811515,1.1175730661832457,1.6683750000000002,1.110743378670731,1.3569996773198443,0,6
0.208,-0.07999999999999999,0.26466666666666666,0.04932882862308044,0.309571168727132,0.5295,0.39889133858732034,0.5591272299535816,1.1275,1.077683922290595,0.9776387483089002,1.6272916666666666,1.1467046349987156,1.2650797031342569,0,7
0.251,0.04300000000000001,0.249,0.0400374824382329,0.280285584363566,0.45333333333333337,0.40161258280418755,0.4710908785382726,0.9990833333333332,1.0831029043978952,0.8658481716459925,1.578125,1.1802920903226717,1.1839533268835165,0,8
0.224,-0.026999999999999996,0.22766666666666668,0.021733231083412505,0.252142792181783,0.2805,0.07416670411972401,0.4004934846701947,0.9121666666666667,1.1013442887781493,0.7671022990850705,1.53475,1.2110274204341862,1.1071570607328352,0,9
0.22,-0.0040000000000000036,0.2316666666666667,0.016862186493009506,0.2360713960908915,0.24816666666666667,0.03760008865214482,0.3489239176215676,0.7988333333333334,1.096337359602696,0.6829327146104444,1.5090833333333336,1.2328125467248943,1.0361844958742084,0,10
0.281,0.061000000000000026,0.2416666666666667,0.03412232895517385,0.25853569804544574,0.24533333333333332,0.033512186837762956,0.32951708401540547,0.47974999999999995,0.34431331529715015,0.6210969123626837,1.478,1.2547061322321136,0.9757697362042718,0,11
0.272,-0.009000000000000008,0.2576666666666667,0.03292921701658264,0.2652678490227229,0.24266666666666667,0.02987752778676838,0.31308363143957535,0.421,0.3102128301666547,0.567389695076117,1.4369166666666666,1.2781464132184501,0.9194681573079301,0,12
0.519,0.247,0.35733333333333334,0.14007973919637992,0.3921339245113614,0.29450000000000004,0.11269560772267381,0.37191687959969666,0.412,0.30521944415602825,0.5599451266028683,1.344375,1.2599715252993686,0.8874307047232957,1,0
0.286,-0.23300000000000004,0.359,0.13874076545843508,0.33906696225568067,0.30033333333333334,0.11088492533545523,0.34736919971406904,0.3768333333333333,0.29204104111746954,0.5177997225101194,1.2799166666666666,1.2733870587724987,0.8393162483454321,1,0
0.26,-0.025999999999999968,0.355,0.14262187770462312,0.29953348112784034,0.30633333333333335,0.106828211005565,0.322406571224335,0.29341666666666666,0.08871144062056305,0.47813822673933176,1.139375,1.1854923325994873,0.7929709484777976,0,1
0.296,0.035999999999999976,0.2806666666666667,0.01858314648613999,0.29776674056392016,0.319,0.09874411374853152,0.31486183658881073,0.28358333333333335,0.08026825290392478,0.45011696108712684,1.0253333333333334,1.1255404756466287,0.7532132725995738,0,2
0.27,-0.025999999999999968,0.2753333333333334,0.018583146486139106,0.2838833702819601,0.31716666666666665,0.09968834769745955,0.30204416899200764,0.28125000000000006,0.08021802676573281,0.42240665938141503,0.9185416666666667,1.0666182634511443,0.7145562107916079,0,3
0.277,0.007000000000000006,0.281,0.01345362404677662,0.28044168514098006,0.318,0.09925522656254897,0.2948886921371483,0.2803333333333333,0.0801967278105607,0.40003640409196656,0.7752916666666666,0.8911501351656719,0.6795517139282793,0,4
0.544,0.267,0.36366666666666675,0.15621246215755594,0.4122208425704901,0.32216666666666666,0.10938814682884807,0.3660633515265345,0.30833333333333335,0.10686723567404571,0.42218464961627944,0.7179166666666666,0.8578856676973788,0.6687075768140169,1,0
2.196,1.6520000000000001,1.0056666666666667,1.0394673315373264,1.304110421285245,0.6405,0.7696434888959856,0.8889023939475247,0.4704166666666667,0.553531876118073,0.6950793189060827,0.73475,0.8834599594775068,0.7908909706688957,1,0
0.549,-1.6470000000000002,1.0963333333333334,0.9523425504162515,0.9265552106426225,0.6886666666666668,0.7498569641382627,0.7917874242482319,0.49750000000000005,0.5483052401387771,0.6726055775359161,0.7048333333333333,0.8767843256030449,0.771539693015384,1,0
0.888,0.33899999999999997,1.211,0.8697120213036025,0.9072776053213112,0.7873333333333333,0.7264383433345548,0.81927673160588,0.5531666666666667,0.5514710630063366,0.705743180991929,0.676,0.8579284453795094,0.7808565175741533,0,1
1.464,0.576,0.967,0.4625872890601256,1.1856388026606557,0.9863333333333335,0.7198890655279144,1.0034833797184857,0.65175,0.6018337319468695,0.8223980762239399,0.5657500000000001,0.4874875472211052,0.835507996168221,0,2
0.712,-0.752,1.0213333333333334,0.39333107343983126,0.9488194013303278,1.0588333333333335,0.6529577066446604,0.9202024140846327,0.6884166666666668,0.5898789488042692,0.8054137568048723,0.5547083333333334,0.4807218737768579,0.8256273564747634,0,3
0.516,-0.19599999999999995,0.8973333333333334,0.5004371422399913,0.732409700665164,1.0541666666666667,0.6574576538961687,0.8047160100604519,0.6881666666666667,0.5899579081030601,0.7608885634502766,0.5500833333333334,0.4805300440018323,0.8008571679567823,0,4
0.444,-0.07200000000000001,0.5573333333333333,0.13869871424540084,0.588204850332582,0.7621666666666668,0.3789957343647189,0.7016542929003229,0.7013333333333334,0.5818741403014234,0.7121364767656186,0.5390833333333334,0.47977901767073816,0.7723085945202397,0,5
0.682,0.23800000000000004,0.5473333333333333,0.12205463257626609,0.635102425166291,0.7843333333333334,0.3677573475359162,0.6960387806430878,0.7365,0.5652924424176842,0.7075000957247543,0.5149583333333334,0.4558611038622287,0.7650839069586206,0,6
0.777,0.09499999999999997,0.6343333333333333,0.17154105436695852,0.7060512125831455,0.7658333333333335,0.36427485044489766,0.7191705576022056,0.7765833333333334,0.548007209364217,0.7181923886901768,0.5300833333333334,0.4583807906919304,0.766037194401931,0,7
1.16,0.3829999999999999,0.8730000000000001,0.25304742638484945,0.9330256062915727,0.7151666666666667,0.2513996154862856,0.8451218268587183,0.85075,0.5332408845063327,0.7861627904301496,0.5660000000000001,0.47294498255266043,0.7975542188497765,0,8
0.949,-0.21099999999999997,0.9620000000000001,0.19183065448461653,0.9410128031457863,0.7546666666666667,0.268817906149595,0.8748013048990845,0.9067500000000002,0.5018725164095735,0.8112146688255112,0.5935416666666667,0.47529258532683205,0.8096698813417944,0,9
1.004,0.05500000000000005,1.0376666666666667,0.10945470905050227,0.9725064015728931,0.836,0.2556677531484686,0.9117152177850603,0.9450833333333334,0.4890503707712734,0.8408739505446634,0.6267083333333333,0.47499212617424896,0.8252162908344509,0,10
1.718,0.714,1.2236666666666667,0.4289875678074263,1.3452532007864466,1.0483333333333336,0.3689382965573703,1.1420822984179002,0.90525,0.38664527435599555,0.9758164196916383,0.6878333333333334,0.5170692213912393,0.8966389875676949,0,11
0.97,-0.748,1.2306666666666668,0.4223852901479066,1.1576266003932232,1.0963333333333334,0.3282344690410414,1.0929159274413573,0.9403333333333332,0.37012880640844226,0.9749215858929248,0.7189166666666668,0.5103528972291062,0.9025078685622794,1,0
0.742,-0.22799999999999998,1.1433333333333335,0.5105656993309782,0.9498133001966116,1.0905,0.3352800322118627,0.9926542338866838,0.9281666666666667,0.37438066027491806,0.9390874957555517,0.7406666666666668,0.4991664065712687,0.8896672390772971,0,1
0.75,0.008000000000000007,0.8206666666666669,0.12938830446887015,0.8499066500983058,1.022166666666667,0.3592093632780944,0.9233244527762028,0.8686666666666666,0.33627811361576093,0.9099971117931592,0.7602083333333334,0.48947496087015363,0.8784938599511134,0,2
2.033,1.283,1.175,0.7430605628076338,1.4414533250491528,1.2028333333333332,0.5414323287971037,1.2403746091258592,0.9787499999999999,0.4699729440955329,1.082766786901904,0.8335833333333333,0.5422541451856432,0.9708543511550244,1,0
2.466,0.4330000000000003,1.749666666666667,0.8923969595047564,1.9537266625245766,1.4465000000000001,0.7301451225612547,1.5905532922327565,1.14125,0.6112967029936556,1.2955718966093035,0.9147083333333333,0.6314503993854595,1.0904660030626225,0,1
2.508,0.041999999999999815,2.335666666666667,0.26295690394689497,2.230863331262288,1.578166666666667,0.8502485322931508,1.8526809230233976,1.31325,0.683397944099925,1.4820992971309492,1.0072916666666667,0.6949621496835295,1.2038687228176128,0,2
3.787,1.279,2.9203333333333332,0.7508490749367271,3.008931665631144,2.0476666666666667,1.1662854996383432,2.405343516445284,1.572,0.9560764518688795,1.8366994052646493,1.15425,0.8786941026813347,1.4105192249922038,0,3
4.093,0.30600000000000005,3.4626666666666672,0.8408033856576349,3.5509658328155718,2.6061666666666667,1.2172262594385086,2.887531083175203,1.8483333333333334,1.1623643094481144,2.1838225736854726,1.3124583333333335,1.0437665480767517,1.6251176869928274,0,4
2.347,-1.746,3.4090000000000003,0.932358300225835,2.948982916407786,2.8723333333333336,0.8491105149900482,2.7330936308394302,1.9472499999999997,1.1488907792855143,2.2089267931184766,1.399,1.0396723564160262,1.6828682720334012,1,0
2.711,0.3639999999999999,3.050333333333333,0.9211348073617347,2.829991458203893,2.985333333333333,0.7549671957553292,2.726781164885307,2.0940833333333333,1.1219925828901942,2.286168824946403,1.5004166666666665,1.0441709803628354,1.7651188102707291,0,1
2.8,0.08899999999999997,2.6193333333333335,0.2400090276080008,2.8149957291019465,3.041,0.7205450714563243,2.7477008320609335,2.24375,1.0824541245790442,2.3652197749546486,1.5944166666666668,1.0558091855216478,1.847909305449071,0,2
2.885,0.08499999999999996,2.798666666666667,0.08700766249784474,2.849997864550973,3.1038333333333337,0.6800712952820951,2.7869291657578095,2.3409999999999997,1.0833480931395476,2.4451859634231643,1.623125,1.0819222552033714,1.9308765610131453,0,3
4.079,1.194,3.2546666666666666,0.7151575583976866,3.4644989322754864,3.1525,0.745990281438036,3.156092261255578,2.6000833333333335,1.0973350742373627,2.69654196905037,1.7702083333333334,1.1662119271633147,2.1027264361320936,0,4
2.31,-1.7689999999999997,3.0913333333333335,0.9023692887800092,2.8872494661377432,2.855333333333333,0.6446588762024955,2.914351615182556,2.73075,0.9377136726198382,2.6370739738118516,1.8294583333333332,1.155515807246748,2.119308321241526,1,0
1.714,-0.5960000000000001,2.7010000000000005,1.2300272354708268,2.3006247330688714,2.749833333333333,0.7817138649574176,2.571394010844683,2.811083333333333,0.7807540013384906,2.495062593225413,1.8398750000000001,1.1532025845821534,2.086883655542204,0,1
1.254,-0.45999999999999996,1.7593333333333334,0.5294575840738666,1.7773123665344357,2.507,0.9937387986790064,2.1949957220319165,2.746166666666667,0.8776968655969959,2.3041298865753492,1.8624583333333333,1.1353233586177949,2.020252963098828,0,2
1.148,-0.1060000000000001,1.372,0.3008853602287766,1.4626561832672178,2.231666666666667,1.1174762040717732,1.8958540871656546,2.6363333333333334,0.9910853860411047,2.1262637501791417,1.8887916666666664,1.1097770625775207,1.9504727260509218,0,3
1.112,-0.03599999999999981,1.1713333333333338,0.07381959992666785,1.287328091633609,1.9361666666666666,1.1442598335459726,1.6718957765468963,2.52,1.0849999581064103,1.9702231732285045,1.9166249999999998,1.0799417783219702,1.8833949079668482,0,4
1.266,0.15399999999999991,1.1753333333333336,0.08055639846302289,1.2766640458168044,1.4673333333333334,0.46587838184085506,1.5559255546763544,2.3099166666666666,1.061177772642981,1.8618811465779654,1.9409583333333333,1.057254667982609,1.8340033153295003,0,5
1.234,-0.03200000000000003,1.2040000000000004,0.08126499861564064,1.2553320229084022,1.288,0.2175352844942297,1.4639468247688245,2.0716666666666668,0.9382834746428617,1.7652840471044322,1.96,1.0393434382381495,1.7860030501031403,0,6
0.55,-0.6839999999999999,1.016666666666667,0.40446178229015994,0.9026660114542011,1.094,0.2734812607839593,1.2028191605491605,1.921916666666667,1.0293287714316415,1.5783172706268271,1.9345833333333333,1.0668522540089889,1.6871228060948893,1,0
0.285,-0.26500000000000007,0.689666666666667,0.489673700879812,0.5938330057271005,0.9325000000000001,0.41142374749154026,0.9405851146779718,1.7197499999999997,1.0963195556870362,1.3793453828380846,1.9069166666666666,1.1015675754071594,1.5749529816072982,0,1
0.856,0.571,0.563666666666667,0.28574522451535594,0.7249165028635502,0.8838333333333334,0.397881598803776,0.9164179390556941,1.5577499999999997,1.0653756593120323,1.2988307085553024,1.9007500000000002,1.1072415882645534,1.5174367430787146,0,2
0.203,-0.653,0.44800000000000034,0.355709150852206,0.46395825143177516,0.7323333333333334,0.4615862505173305,0.7125842421826387,1.33425,1.0427065415629577,1.1302413687775634,1.8376249999999998,1.160040359586496,1.4122818036324174,0,3
0.162,-0.04100000000000001,0.4070000000000003,0.3893854131833874,0.3129791257158876,0.5483333333333333,0.42488900511386063,0.5552744587018847,1.0078333333333334,0.6411317880880433,0.9812811581963998,1.8039583333333333,1.1974374261282945,1.312259259341824,0,4
0.216,0.05399999999999999,0.19366666666666696,0.028183919765176618,0.2644895628579438,0.37866666666666665,0.2721173766348723,0.4583388990727748,0.8333333333333334,0.5297948716820576,0.8635455953969537,1.7820416666666665,1.222275585489647,1.224558518594478,0,5
0.169,-0.046999999999999986,0.18233333333333365,0.029365512652257137,0.2167447814289719,0.31516666666666665,0.26857059903616487,0.37567064219483914,0.7045833333333333,0.48188596507196085,0.7566924268743455,1.7578333333333334,1.2490649256166784,1.14011383710692,0,6
0.203,0.034,0.19600000000000029,0.024269322198952895,0.20987239071448596,0.30150000000000005,0.27247073237318115,0.3263361729963137,0.6170000000000001,0.4682687650950446,0.6715089765859846,1.6815833333333332,1.2868229470682633,1.0651447301383665,0,7
0.173,-0.030000000000000027,0.18166666666666698,0.01858314648626203,0.191436195357243,0.18766666666666668,0.022339800058269323,0.28252583785450974,0.5357500000000001,0.4520647831692044,0.5948152878804485,1.5860416666666666,1.31094793048743,0.9937731517272972,0,8
0.221,0.048000000000000015,0.1990000000000003,0.02424871130589416,0.20621809767862148,0.19066666666666665,0.025757846700442042,0.2649470270389355,0.4615,0.4209118888577748,0.5373052435911487,1.49075,1.32407215257228,0.9319512995891135,0,9
0.289,0.06799999999999998,0.227666666666667,0.05828664798502339,0.24760904883931073,0.21183333333333332,0.04353580901560965,0.2718193050278111,0.38008333333333333,0.3373461826813792,0.49910443688481815,1.3449999999999998,1.2508162204701792,0.8805151956219844,0,10
0.277,-0.011999999999999955,0.2623333333333336,0.03629508690346606,0.26230452441965535,0.222,0.05115857699327701,0.2732995035912936,0.30033333333333334,0.20381780336785701,0.464934523517923,1.1860000000000002,1.122242010635309,0.8322339799722257,0,11
0.563,0.2859999999999999,0.37633333333333363,0.1617693831765781,0.41265226220982765,0.2876666666666667,0.14190513262966997,0.35607107399378113,0.30141666666666667,0.20529466996284382,0.480021519899781,1.1116666666666666,1.1008775419268206,0.8106952615744476,1,0
0.249,-0.31399999999999995,0.36300000000000027,0.1737699628819583,0.3308261311049138,0.2953333333333333,0.1375931199829566,0.3254793385669865,0.29841666666666666,0.20581874564919375,0.44447974760750697,1.0090833333333333,1.0592899146071406,0.7657596406484919,1,0
0.228,-0.02099999999999999,0.3466666666666669,0.18764416679803944,0.27941306555245693,0.3045,0.1294013137490408,0.29762809897641895,0.24608333333333332,0.10752121002882187,0.4111751710525059,0.9019166666666667,0.9985917003750673,0.7227388693966126,0,1
0.29,0.06199999999999997,0.25566666666666693,0.031533051443368904,0.2847065327762285,0.316,0.123424470831265,0.2954486421260135,0.25333333333333335,0.10728495051060065,0.39253283704442804,0.7937916666666666,0.9111984931070596,0.6881197598448836,0,2
0.227,-0.06299999999999997,0.2483333333333336,0.036087855759661384,0.25585326638811423,0.30566666666666664,0.12862296321669925,0.2758918872328668,0.25875,0.10384002118644539,0.3670662467299007,0.6332916666666667,0.5900226583096926,0.6512301790572929,0,3
0.258,0.031,0.2583333333333336,0.03150132272350097,0.2569266331940571,0.3025,0.12969926753832375,0.2707799194520477,0.26225000000000004,0.10297230430823079,0.3502868241560698,0.5477916666666667,0.47369784711597973,0.6197717647327095,0,4
0.719,0.46099999999999997,0.40133333333333354,0.27554370494230246,0.4879633165970285,0.3285,0.19269950700502034,0.39884279960860547,0.3080833333333333,0.16274713142750089,0.40701192813205905,0.5063333333333333,0.40587968517847106,0.6277100235540928,1,0
0.505,-0.21399999999999997,0.4940000000000002,0.2306967706752689,0.49648165829851426,0.37116666666666664,0.19978730356718086,0.429173428291861,0.33325,0.16827635549352526,0.42208701611174226,0.47512499999999996,0.3733865362259029,0.6178932216697653,0,1
1.855,1.35,1.0263333333333335,0.7255793087825292,1.175740829149257,0.6423333333333333,0.622840482520723,0.8365524487799006,0.47341666666666665,0.46375629539139746,0.6425351674791666,0.5045833333333333,0.44901195071406846,0.7168617639361842,1,0
1.62,-0.23499999999999988,1.3266666666666669,0.7212200311509199,1.3978704145746286,0.864,0.7037795109265274,1.0603946062713576,0.59,0.5603252302336253,0.7929143724823717,0.52575,0.48907705892345077,0.7891128228212895,0,1
1.128,-0.4920000000000002,1.5343333333333335,0.37099371063851555,1.2629352072873141,1.0141666666666664,0.6332700582426505,1.0797104330509697,0.6599166666666667,0.5715839965845062,0.8444660074850837,0.52,0.48073575856723255,0.8162237969955863,0,2
1.285,0.15700000000000003,1.3443333333333338,0.2513092384559987,1.2739676036436571,1.1853333333333333,0.5159320368678915,1.138364595036407,0.7439166666666667,0.5841250579570568,0.912240467871994,0.522125,0.4841298166275459,0.8537258932359395,0,3
3.124,1.8390000000000002,1.845666666666667,1.1098487884992874,2.1989838018218286,1.5861666666666665,0.8840686436395392,1.7056889964545765,0.9573333333333333,0.896393210526937,1.2525111651224565,0.6293749999999999,0.7188061849495556,1.0353478217770644,1,0
2.909,-0.2150000000000003,2.4393333333333334,1.0054453407984631,2.553991900910914,1.9868333333333332,0.8397202907317756,2.0494921403246975,1.179,1.0249772503018617,1.5073556012574634,0.7387083333333333,0.8514667385659019,1.1852399960348994,0,1
1.536,-1.3729999999999998,2.523,0.8615004352871825,2.044995950455457,1.9336666666666666,0.859600062044354,1.902780100231927,1.288,0.9833540932580057,1.5117624318332383,0.7670416666666666,0.866716666966257,1.2133007963521076,0,2
4.243,2.7070000000000003,2.896000000000001,1.3535468222414793,3.1439979752277285,2.370833333333333,1.2475982392848513,2.5714143573085195,1.6174166666666665,1.2457445716834532,1.931952826935817,0.935375,1.1104567337851092,1.455676732643939,1,0
0.933,-3.3100000000000005,2.237333333333334,1.7629311765730782,2.038498987613864,2.3383333333333334,1.2883244415389552,2.1032959695060853,1.6762500000000002,1.1895112155075227,1.778267776637999,0.9675000000000001,1.0981952388390204,1.413862594032424,1,0
1.937,1.004,2.371000000000001,1.6971423039922153,1.9877494938069322,2.4469999999999996,1.2066155974460113,2.0557828353614895,1.8161666666666667,1.1031337043608866,1.8026881186936916,1.0392083333333333,1.103167809347113,1.4557135865098303,0,1
2.595,0.6580000000000001,1.8216666666666672,0.8369810830200025,2.2913747469034664,2.3588333333333336,1.1658937201420467,2.209844882401064,1.9725000000000001,1.0658103617777084,1.9245822542792776,1.1402916666666667,1.1307657843505743,1.546856499589044,0,2
3.308,0.7129999999999996,2.6133333333333337,0.6856838435702995,2.799687373451733,2.425333333333333,1.2139391527859464,2.523603487429331,2.2060833333333334,1.0211730739545082,2.1374157536209273,1.2696666666666667,1.1946848471701523,1.6877479796219204,0,3
3.063,-0.24499999999999966,2.988666666666667,0.3622655563717597,2.9313436867258664,2.6798333333333333,1.1485055361933016,2.6777167767352363,2.30675,1.042731563556204,2.2798133299869385,1.3900833333333333,1.224613795968085,1.7977681412521667,0,4
4.165,1.1019999999999999,3.5120000000000005,0.5786302791938994,3.5481718433629332,2.6668333333333334,1.127523022676993,3.102654840525169,2.5188333333333333,1.144230414918361,2.5698420484504867,1.5544166666666666,1.3216901536740149,1.9871466899519934,0,5
2.834,-1.331,3.3540000000000005,0.7116185776102314,3.1910859216814664,2.9836666666666667,0.7451184245921347,3.0258963146608346,2.661,1.0584839930940695,2.610481733304258,1.6604583333333336,1.3178386448426003,2.054894954755834,0,6
2.566,-0.26800000000000024,3.188333333333334,0.8563669384868509,2.878542960840733,3.0885,0.5981641079168817,2.894497367614882,2.76775,0.967807937839661,2.603638389718987,1.7558333333333334,1.296010690598241,2.095783358375367,0,7
3.01,0.44399999999999995,2.803333333333334,0.22358294508602347,2.9442714804203662,3.157666666666667,0.5518908104568021,2.9274981197249157,2.7582500000000003,0.964547102860387,2.6661555605314504,1.8577916666666667,1.294342135374492,2.1689206897053377,0,8
2.679,-0.33099999999999996,2.7516666666666674,0.23074733656824623,2.811635740210183,3.0528333333333335,0.5768013233919158,2.8564986569463686,2.7390833333333333,0.9635638827086705,2.6681316281419964,1.9590416666666666,1.2575429970751524,2.209727034528911,0,9
3.272,0.593,2.987,0.297168302481956,3.041817870105091,3.087666666666667,0.5838063605911344,2.975213326390263,2.8837499999999996,0.894348836254117,2.761034454581689,2.085875,1.228534026089987,2.2947088717665984,0,10
2.118,-1.154,2.689666666666667,0.5770739409584695,2.5799089350525453,2.7464999999999997,0.3963300392349757,2.730295233135902,2.7066666666666666,0.8068439449578548,2.662106076953737,2.1620416666666666,1.167502666570522,2.2805721620252704,1,0
1.454,-0.6639999999999999,2.281333333333334,0.9199398531063524,2.0169544675262725,2.5164999999999997,0.6528227171292342,2.36563945223993,2.750083333333333,0.7110574018937439,2.476243603576239,2.2131666666666665,1.1042338152948332,2.214446389063249,0,1
2.68,1.2260000000000002,2.084000000000001,0.6137067703716517,2.3484772337631363,2.5355000000000003,0.6562017220337023,2.45545675159995,2.812,0.6646552079496164,2.507590741487587,2.314083333333333,1.0256594873826186,2.251690677938189,0,2
2.443,-0.2370000000000001,2.192333333333334,0.6503032625885689,2.395738616881568,2.4410000000000003,0.6136494113090926,2.45189767971425,2.7993333333333332,0.6705885248771948,2.4976537043356504,2.3859166666666667,0.9678296614710638,2.266995423703134,0,3
0.942,-1.5010000000000001,2.0216666666666674,0.9424979221904609,1.668869308440784,2.1515,0.8450234907977378,2.0204983426530356,2.6021666666666667,0.8350845175879829,2.258322365207089,2.404125,0.9344391162384671,2.1609957898068832,0,4
1.131,0.18900000000000006,1.5053333333333339,0.8175232922267921,1.399934654220392,1.7946666666666669,0.7200337955031411,1.7663559590378826,2.4411666666666667,0.9200760673427891,2.0848881551752294,2.373958333333333,0.9641515070896243,2.0785961266223327,0,5
1.571,0.43999999999999995,1.2146666666666672,0.3227388004769976,1.4854673271101961,1.7035000000000002,0.7053874821684831,1.7105399707413447,2.225,0.7708786014553921,2.005828438994425,2.371916666666667,0.965867842101497,2.037988436492546,0,6
2.309,0.7380000000000002,1.670333333333334,0.5952489675197545,1.8972336635550981,1.846,0.7308077722629891,1.8815285505295318,2.18125,0.7477237123430038,2.0524702176106673,2.421125,0.9291237252051721,2.0596693615731425,0,7
1.598,-0.7110000000000001,1.8260000000000007,0.4185080644384301,1.7476168317775491,1.6656666666666669,0.6068323217056409,1.80052039323538,2.1005833333333332,0.7546257902651727,1.9825517225936415,2.4341666666666666,0.9145657875244134,2.022735812647291,0,8
0.713,-0.8850000000000001,1.540000000000001,0.7995792643634523,1.2303084158887745,1.3773333333333333,0.5737137497625946,1.4898002808824142,1.9091666666666667,0.7933087021895703,1.7872360729638506,2.3337083333333335,0.9664422193829294,1.917956947635508,0,9
0.291,-0.422,0.8673333333333341,0.6670279854198992,0.7606542079443872,1.2688333333333335,0.7163391422131394,1.1472859149160102,1.7101666666666668,0.8776691065578555,1.5570459078924888,2.224625,1.0433716171727807,1.7878003918246674,0,10
0.306,0.015000000000000013,0.4366666666666674,0.23942918229264948,0.5333271039721936,1.1313333333333333,0.819795258992546,0.906918510654293,1.463,0.8131084015844853,1.3645773066782596,2.173375,1.1069393688474325,1.669256360478694,0,11
0.287,-0.019000000000000017,0.29466666666666735,0.01001665280051172,0.4101635519860968,0.9173333333333334,0.8491333621208476,0.7297989361816378,1.3104166666666668,0.849982294824519,1.198796182573912,2.0085416666666664,1.0795575172129634,1.5586758516403987,0,12
0.206,-0.08099999999999999,0.2663333333333341,0.05310681061150106,0.30808177599304837,0.5668333333333333,0.5361519995921422,0.5801420972725985,1.2064166666666667,0.9053626554474136,1.0460583083317716,1.97825,1.1204728524348466,1.4504617835091669,0,13
0.21,0.0040000000000000036,0.23433333333333406,0.045654499595611214,0.2590408879965242,0.33549999999999996,0.18985757820004023,0.47438721233757036,1.0005833333333334,0.8162824219743108,0.9174339532038067,1.9062916666666665,1.1772536381864325,1.3512248408284335,0,14
0.182,-0.027999999999999997,0.19933333333333406,0.015143755588541195,0.2205204439982621,0.24699999999999997,0.053464006583718374,0.3908480088125503,0.8121666666666666,0.7066559962030332,0.8042902680955287,1.80575,1.2182053175274588,1.2576868535621588,0,15
0.205,0.022999999999999993,0.19900000000000073,0.01493318452280482,0.21276022199913103,0.23266666666666666,0.05076875679638482,0.3377485777232502,0.7507499999999999,0.7261054425056791,0.7120917653116012,1.6764583333333334,1.216499074470839,1.173471905277186,0,16
0.178,-0.026999999999999996,0.18833333333333405,0.014571661995991156,0.1953801109995655,0.2113333333333333,0.0394140414909503,0.2921061269451787,0.6713333333333332,0.7328207437185761,0.6299238014175087,1.5562500000000001,1.2160715171331866,1.0938341528550113,0,17
0.214,0.036000000000000004,0.19900000000000073,0.01873499399498536,0.20469005549978275,0.19916666666666663,0.015237016330314952,0.2697900906751276,0.55825,0.684476458855436,0.5659355242763535,1.3916250000000001,1.11039972483473,1.0234474206266104,1,0
0.295,0.08099999999999999,0.22900000000000076,0.05992495306625029,0.24984502774989137,0.21399999999999997,0.04237452064606396,0.27699292191080543,0.39041666666666663,0.4067327597806605,0.5242531359261453,1.2858333333333334,1.0877229773073283,0.9651716269764816,0,1
0.241,-0.05399999999999999,0.2500000000000007,0.0412431812545106,0.24542251387494568,0.21916666666666665,0.04365966865025886,0.2667092299362896,0.2773333333333334,0.14471309128024107,0.480675730399046,1.1889583333333331,1.07217505381094,0.9072378968183631,0,2
0.231,-0.009999999999999981,0.25566666666666743,0.03442867022302456,0.23821125693747286,0.22733333333333336,0.039722369851891294,0.25650659281163546,0.23716666666666666,0.046064842309230886,0.4422640795684235,1.0731666666666666,1.0155223828872146,0.8531388650728942,0,3
0.278,0.047000000000000014,0.2500000000000007,0.024758836806126724,0.2581056284687364,0.23949999999999996,0.042589904906959394,0.2626475662940253,0.23608333333333334,0.0448197568720003,0.416992682711743,0.9731249999999999,0.9675823889198399,0.8071277558670626,0,4
0.304,0.025999999999999968,0.27100000000000074,0.036999999999899,0.28105281423436823,0.2605,0.03688224505075526,0.27446254735287523,0.23591666666666666,0.04453896829714749,0.39960919306378256,0.8494583333333333,0.84258453216314,0.7668775353976977,0,5
0.634,0.33,0.40533333333333416,0.19845738417435257,0.4575264071171841,0.3305,0.15148696313539442,0.3771875338234823,0.2648333333333333,0.12345321773733388,0.435669317207816,0.7876250000000001,0.7987567411432197,0.7562473325658818,1,0
0.29,-0.34400000000000003,0.40933333333333405,0.19469292060402865,0.37376320355859205,0.3296666666666667,0.1517348564656487,0.3522768098739159,0.2718333333333333,0.12218899915768239,0.41325865302199816,0.739125,0.7918444243608094,0.7189475459606113,1,0
0.882,0.5920000000000001,0.6020000000000008,0.29729446681698307,0.6278816017792961,0.43649999999999994,0.2622393944471062,0.5036262927670828,0.3278333333333333,0.21214910422683145,0.48537270640322916,0.6642083333333334,0.6769535967120981,0.7319917422837624,1,0
0.481,-0.401,0.5510000000000007,0.302144005401388,0.554440800889648,0.4781666666666667,0.2421490587771339,0.4971616376907735,0.35274999999999995,0.21101965655964378,0.48469998234119394,0.5824583333333333,0.5614110312547208,0.7119124029010614,0,1
0.569,0.08799999999999997,0.6440000000000007,0.21075815523958844,0.561720400444824,0.5266666666666667,0.22237415917019707,0.5176868840648382,0.3830833333333333,0.2139912735405808,0.49766921582716406,0.5669166666666666,0.556163403941732,0.7004794106689766,0,2
4.075,3.5060000000000002,1.7083333333333341,2.0500656900044283,2.318360200222412,1.1551666666666667,1.4434865315155025,1.534062060046313,0.7078333333333333,1.0798296863464887,1.0480277980076005,0.6895833333333333,0.902692490211398,0.9704410578154585,1,0
3.076,-0.9990000000000001,2.573333333333334,1.8062431545429696,2.697180100111206,1.562166666666667,1.6026452404280425,1.974615757175938,0.9463333333333334,1.2616046299947725,1.3600235213910465,0.7522916666666667,1.0122155844941092,1.138885773190222,0,1
3.813,0.7370000000000001,3.6546666666666674,0.5179790858068921,3.2550900500556033,2.1493333333333333,1.686511982366761,2.499868397982813,1.2394999999999998,1.4853922347006852,1.7374045181001163,0.8149583333333333,1.1499658399148263,1.3528149113350043,0,2
1.979,-1.834,2.956000000000001,0.9228699800080216,2.6170450250278017,2.3321666666666667,1.5775883387838103,2.3510488557020093,1.3843333333333334,1.4637569553182075,1.7745730537770217,0.8308333333333334,1.1637922146330835,1.402909718428204,0,3
1.868,-0.11099999999999999,2.553333333333334,1.092314209984168,2.242522512513901,2.5633333333333335,1.3350602483283904,2.2130348969300067,1.5207500000000003,1.422190060498885,1.7889464301190183,0.8789583333333333,1.1824390591583085,1.4401169409539478,0,4
3.851,1.9829999999999999,2.566000000000001,1.1142257401442508,3.0467612562569504,3.1103333333333336,0.9795300233615436,2.6810249263785764,1.8185,1.509685307364661,2.1061854408699388,1.0272916666666667,1.32068820923581,1.6329875856776321,1,0
3.624,-0.22699999999999987,3.1143333333333345,1.0853074833121443,3.3353806281284752,3.035166666666667,0.9051813998678196,2.950446375984697,2.095166666666667,1.5111173971200222,2.3396953730437944,1.1655416666666667,1.412381860520566,1.7922685788234216,0,1
2.137,-1.487,3.2040000000000006,0.9309935552945613,2.7361903140642374,2.8786666666666663,0.9751768386639753,2.7180331257033554,2.220416666666667,1.4395935321745477,2.3085114694985953,1.242625,1.4128326407087903,1.819847092517548,0,2
2.629,0.492,2.7966666666666673,0.7575462582135417,2.682595157032119,2.6813333333333333,0.861459381901819,2.692595089788111,2.4153333333333333,1.3066698361124216,2.3578173972680423,1.3435833333333334,1.4220779626602962,1.8845793251161445,0,3
3.591,0.9620000000000002,2.7856666666666676,0.7395521167120938,3.1367975785160596,2.9499999999999997,0.8499049358604752,2.9492822069915077,2.6410833333333334,1.2504824856709102,2.5475377976883435,1.4844583333333334,1.4715062374601269,2.0210929791068533,0,4
3.223,-0.3680000000000003,3.1476666666666677,0.48540429884101827,3.1798987892580297,3.1758333333333333,0.6647545160934719,3.02748729070822,2.8695833333333334,1.0551557798244628,2.6514550595824447,1.6111666666666666,1.4853401503759476,2.117245540778305,0,5
5.088,1.8650000000000002,3.9673333333333343,0.987813916349302,4.133949394629015,3.382,1.0153813076869205,3.6162052076487288,3.2461666666666673,0.9617124719935153,3.0263081273389916,1.8146250000000002,1.6132736314037404,2.3549058975160406,0,6
2.314,-2.774,3.5416666666666674,1.4141889312723894,3.2239746973145076,3.1636666666666664,1.0909664828337606,3.244146576891949,3.0994166666666665,0.9580919920088649,2.916722261594531,1.9036250000000001,1.5775837554420955,2.3516334257147573,1,0
2.558,0.24399999999999977,3.3200000000000007,1.535985677016556,2.8909873486572537,3.233833333333333,1.023160479429628,3.0481046977799635,3.05625,0.9708274938047813,2.8615342213492188,2.001291666666667,1.5405555880679995,2.368142751657577,0,1
3.368,0.81,2.7466666666666675,0.5517475268030996,3.129493674328627,3.3569999999999998,0.979330791918645,3.1395033555571166,3.0191666666666666,0.9475126128528061,2.9394520334493386,2.1293333333333333,1.5201423465002193,2.4481313315249706,0,2
2.203,-1.165,2.709666666666667,0.5971250566952764,2.666246837164313,3.125666666666666,1.072502991448819,2.8719309682550835,3.0378333333333334,0.9271452601040105,2.8261517206109787,2.2110833333333333,1.4659673143241194,2.428520825002973,0,3
3.569,1.366,3.046666666666667,0.7375163275028825,3.1176234185821565,3.1833333333333336,1.087973467813745,3.071093548753631,3.1795833333333334,0.8596031281229656,2.940436071286213,2.350166666666667,1.4277883677871912,2.519759159002735,0,4
2.951,-0.6179999999999999,2.907666666666667,0.6840302137576514,3.034311709291078,2.827166666666667,0.562765818672975,3.0367811062525933,3.104583333333333,0.8345953247296596,2.942061291088334,2.4615416666666667,1.3618521907654884,2.5542584262825163,0,5
3.582,0.6309999999999998,3.367333333333334,0.3606138285387024,3.308155854645539,3.0384999999999995,0.5695593911085993,3.192557933037567,3.1010833333333334,0.8323039718246881,3.040513400151667,2.598125,1.2989874422025824,2.6364777521799154,0,6
1.349,-2.2329999999999997,2.627333333333334,1.151148267311095,2.3285779273227694,2.8369999999999997,0.8946402628990029,2.6658270950268337,3.035416666666667,0.9394690433076193,2.7802805693591033,2.6279166666666667,1.2595840899718258,2.533479532005522,1,0
0.843,-0.506,1.924666666666667,1.4574204380800113,1.5857889636613847,2.416166666666667,1.151813946202537,2.1450193535905955,2.886583333333333,1.1315445163245867,2.482237404842318,2.650958333333333,1.2193731275845674,2.3982411694450803,0,1
0.975,0.132,1.0556666666666672,0.2624677757998642,1.2803944818306923,2.2115,1.2971944726986746,1.810728109707568,2.668583333333333,1.231111209682562,2.250354727174269,2.6548333333333334,1.213641508084218,2.2843818758894736,0,2
0.767,-0.20799999999999996,0.8616666666666672,0.10524891131658638,1.0236972409153462,1.7444999999999997,1.2123372055661699,1.5125200783625485,2.4639166666666665,1.330685500603036,2.0221463076089967,2.66675,1.192590284614347,2.1629913258183158,0,3
1.022,0.255,0.921333333333334,0.1357067917730244,1.022848620457673,1.423,1.0765684372114888,1.3723714845446775,2.125083333333333,1.0993211507217735,1.8682776448999203,2.685625,1.1611153488180568,2.0717120197528507,0,4
0.701,-0.32100000000000006,0.8300000000000005,0.1695199103350198,0.8619243102288365,0.9428333333333332,0.2330840334871764,1.1805510603890552,1.9906666666666666,1.170434521746933,1.6886964687614712,2.5450416666666666,1.1894900068723915,1.9620550581726226,0,5
1.032,0.33100000000000007,0.9183333333333339,0.18828258903394923,0.9469621551144183,0.89,0.13990854155477495,1.1381079002778967,1.8635,1.1859865475245042,1.5876662427981678,2.459875,1.222536326925372,1.887650653518813,1,0
1.209,0.17700000000000005,0.9806666666666674,0.257861073707001,1.0779810775572092,0.9510000000000001,0.1871352452104749,1.1583627859127832,1.6835833333333337,1.0974604949057576,1.5294098977522959,2.351375,1.212738432406093,1.8333586012373078,0,1
0.895,-0.31400000000000006,1.045333333333334,0.15742405576444718,0.9864905387786046,0.9376666666666665,0.18793154782167668,1.083116275651988,1.5745833333333332,1.1061034357627062,1.4318083750211734,2.3062083333333336,1.2469144170334234,1.7582899131383232,0,2
0.652,-0.243,0.9186666666666672,0.2792531706773032,0.8192452693893023,0.9185,0.21300962419567893,0.9599401968942772,1.3315,0.9352929050205722,1.3118378557871466,2.2555416666666663,1.2894735352803526,1.6697867200872574,0,3
0.684,0.03200000000000003,0.7436666666666673,0.13203156188323303,0.7516226346946512,0.8621666666666666,0.22454524414168897,0.8811001406387694,1.1425833333333333,0.7971941087148724,1.215247416435278,2.1235833333333334,1.2811239941573966,1.5909237824802769,0,4
0.573,-0.1110000000000001,0.6363333333333339,0.057134344603971446,0.6623113173473256,0.8408333333333334,0.24779622004108656,0.7930715290276924,0.8918333333333334,0.235462343383222,1.1164401215990816,1.9964583333333332,1.2771335083648885,1.5094898798818548,0,5
0.591,0.018000000000000016,0.6160000000000004,0.05957348403435797,0.6266556586736628,0.7673333333333332,0.2451421356410402,0.7353368064483516,0.8286666666666666,0.20079086059124537,1.0356031798146075,1.9320416666666669,1.3083441735450492,1.4360106894913065,0,6
0.441,-0.14999999999999997,0.5350000000000005,0.0819023809177206,0.5338278293368314,0.6393333333333333,0.15072712651228173,0.6512405760345369,0.7951666666666667,0.229643927272934,0.9441257675354371,1.8408749999999998,1.3336540947956554,1.356409834332002,0,7
0.472,0.030999999999999972,0.5013333333333339,0.07918543637137156,0.5029139146684156,0.5688333333333333,0.09633984983717261,0.6000289828818121,0.75325,0.2395283718249139,0.8714910340684467,1.7109166666666666,1.3074054265128943,1.2856570475854419,0,8
0.415,-0.056999999999999995,0.4426666666666672,0.028536526300938947,0.4589569573342078,0.5293333333333333,0.1037239927241944,0.5471635592012943,0.7239166666666668,0.2584940506905866,0.8012616442117627,1.5939166666666666,1.2917560315042218,1.2160044837786064,0,9
0.456,0.041000000000000036,0.44766666666666716,0.02939954648160768,0.4574784786671039,0.49133333333333334,0.07291821903096994,0.5211168280009245,0.6767500000000001,0.2506791230383497,0.7481444681791838,1.4009166666666666,1.074827262832282,1.1552041250763179,0,10
0.454,-0.0020000000000000018,0.44166666666666715,0.023115651263249656,0.455739239333552,0.47150000000000003,0.06156216370451681,0.5019405914292318,0.6561666666666667,0.25852477754765396,0.702891473074694,1.3234166666666665,1.0731832744595438,1.0991077950702124,0,11
0.482,0.02799999999999997,0.4640000000000006,0.015620499351524477,0.468869619666776,0.4533333333333333,0.023661501783451732,0.4962432795923084,0.6103333333333334,0.2333667941376065,0.6689081695247411,1.2369166666666667,1.0528186976611524,1.0497391714645954,0,12
0.536,0.05400000000000005,0.49066666666666725,0.04168133075280195,0.502434809833388,0.46916666666666673,0.03994204134303081,0.5076023425659346,0.55425,0.13765577952402536,0.6484607588286271,1.1189166666666666,0.9580191936293946,1.0086400377474278,0,13
0.484,-0.052000000000000046,0.5006666666666671,0.030615900008403082,0.49321740491669397,0.4711666666666667,0.040409982264885916,0.5008588161185247,0.52,0.08696289699951884,0.6231591036242229,1.0472916666666667,0.9374845380367438,0.9666688347276337,0,14
0.544,0.06000000000000005,0.521333333333334,0.03257811126085513,0.518608702458347,0.49266666666666675,0.038836409033901675,0.513184868656089,0.511,0.07708790731722408,0.6109807799897271,0.92125,0.7725505611707316,0.932855327949423,0,15
0.491,-0.05300000000000005,0.5063333333333339,0.032807519463143954,0.5048043512291736,0.4985,0.034628023333448985,0.5068463347543493,0.49491666666666667,0.05455182412307584,0.592522198452846,0.8187500000000001,0.6440453163910218,0.8975069017134693,0,16
0.51,0.019000000000000017,0.5150000000000005,0.02685144316403282,0.5074021756145868,0.5078333333333334,0.026925205043761634,0.5077473819673923,0.48966666666666664,0.04911458463884137,0.5798264756139466,0.69075,0.2643145770708966,0.8665063495763918,0,17
0.495,-0.015000000000000013,0.49866666666666726,0.010016652800438113,0.5012010878072934,0.5100000000000001,0.024875690944815024,0.5041052728338516,0.4816666666666667,0.037570136431994056,0.5667762485964164,0.6551666666666667,0.2266454167362071,0.8367858416102805,0,18
0.507,0.01200000000000001,0.5040000000000006,0.007937253932640782,0.5041005439036468,0.5051666666666667,0.021386132578112192,0.5049323377384655,0.4871666666666667,0.03586802408160565,0.5575799026585062,0.6411666666666667,0.22490919262566586,0.8104029742814581,0,19
0.551,0.04400000000000004,0.5176666666666673,0.029484459183180416,0.5275502719518235,0.5163333333333333,0.02526394004601529,0.5180945269560467,0.4937500000000001,0.0398591269347873,0.556567609941813,0.6235,0.21393111447174512,0.7896507363389416,0,20
0.59,0.038999999999999924,0.5493333333333338,0.04152509281536654,0.5587751359759117,0.524,0.0387298334618422,0.5386389478257477,0.5083333333333334,0.04043700675315853,0.5617110545661494,0.616125,0.21180945343683275,0.7736786774318263,0,21
0.518,-0.07199999999999995,0.5530000000000005,0.03604164258176216,0.5383875679879558,0.5285000000000001,0.035568244263416454,0.5327421055898198,0.5135,0.036953287466055355,0.554986276940588,0.595125,0.19406012347139062,0.7532243832372802,1,0
0.538,0.020000000000000018,0.5486666666666672,0.037166292972595466,0.5381937839939779,0.5331666666666667,0.03447559523269689,0.5342443611355856,0.5205000000000001,0.032323647409004536,0.552373003565113,0.5883333333333333,0.19304328567686505,0.7360064325782978,0,1
0.394,-0.14400000000000002,0.48333333333333384,0.0780085465402633,0.46609689199698895,0.5163333333333333,0.06656325312549445,0.4941745436682754,0.5131666666666667,0.04802240638655029,0.5280079260935571,0.56175,0.17208143926386252,0.708645917972034,1,0
0.815,0.42099999999999993,0.5823333333333339,0.21397273969673092,0.6405484459984945,0.5676666666666667,0.1381718736452863,0.5858389597630538,0.5364166666666667,0.09975557248809556,0.5721605528483944,0.5453333333333333,0.11791878806917062,0.7171542445342713,1,0
2.704,1.8890000000000002,1.304333333333334,1.23028871950178,1.6722742229992473,0.9265,0.8816497603924047,1.1910278284021814,0.7214166666666667,0.6320552994122862,0.9001358524101799,0.6207083333333333,0.45305882900151534,0.8761019049715297,1,0
2.82,0.11599999999999966,2.1130000000000004,1.1255962864188924,2.246137111499624,1.2981666666666667,1.1427882422682925,1.656448448858701,0.9110833333333334,0.8704923850466731,1.1954995674239983,0.7110416666666666,0.6379687520742545,1.0316137525738074,0,1
1.211,-1.6089999999999998,2.2450000000000006,0.8973466442796797,1.728568555749812,1.4136666666666668,1.0815471634037297,1.5291774634705009,0.9710833333333334,0.8636922282569863,1.1978842493587678,0.733,0.64601622001443,1.045964652367903,0,2
2.594,1.3829999999999998,2.2083333333333335,0.8710765370122966,2.161284277874906,1.7563333333333333,1.0742991513850582,1.8334124739075006,1.14475,0.9660108342136668,1.4126712879189574,0.8172083333333333,0.7479329764884247,1.1698074801784708,0,3
2.34,-0.254,2.048333333333334,0.7361890608623127,2.2506421389374527,2.0806666666666667,0.8513701114478113,1.978151767076786,1.2985,0.9994418897109992,1.555337243623733,0.8900833333333334,0.8077492032569968,1.2634228817641933,0,4
1.098,-1.2419999999999998,2.010666666666667,0.8005306573350791,1.6743210694687263,2.1278333333333337,0.7713013462108431,1.7266798336262759,1.3477499999999998,0.9710512695948759,1.4849776676816202,0.9174583333333334,0.8029868145090285,1.2501890512230578,0,5
2.691,1.5929999999999997,2.0430000000000006,0.8370000000000004,2.182660534734363,2.1256666666666666,0.7693749844299974,2.0021998811616255,1.5260833333333332,1.0072565312257706,1.6705195649613709,1.0099166666666666,0.8740702347994206,1.365453927125213,1,0
2.654,-0.03699999999999992,2.1476666666666673,0.9092262278076533,2.4183302673671814,2.098,0.7419075414092998,2.1884284865440184,1.6980833333333332,1.0091021624406649,1.8218242472750061,1.1032083333333333,0.9257705593845509,1.4685376129551961,0,1
4.281,1.6269999999999998,3.2086666666666672,0.9288521590292725,3.3496651336835903,2.609666666666666,1.0158776829257856,2.786306061817156,2.0116666666666663,1.1793683466032563,2.2001589784634668,1.2625833333333334,1.1186569554863404,1.6935346039187804,0,2
2.227,-2.054,3.0540000000000003,1.0838491592468051,2.7883325668417953,2.5484999999999998,1.0279861380388338,2.6265043298693973,2.1524166666666664,1.0844753619174858,2.204288366392164,1.3364583333333335,1.1214772857870239,1.7362118356052783,0,3
2.225,-0.0019999999999997797,2.911,1.1864552246081626,2.5066662834208975,2.529333333333333,1.033707244178284,2.5117888070495695,2.305,0.9327775726291886,2.2074747715626004,1.4090833333333332,1.1201743232607826,1.775314888756856,0,4
3.058,0.8329999999999997,2.503333333333334,0.4803564648605621,2.7823331417104487,2.856,0.7659321118741521,2.6678491478925497,2.4919166666666666,0.8256385361792673,2.3383248067068156,1.5141666666666664,1.1525362077370616,1.8779296976563076,0,5
2.184,-0.8739999999999997,2.4890000000000003,0.49319468772484054,2.483166570855224,2.7714999999999996,0.8142207931513404,2.529606534208964,2.448583333333333,0.8271401396414404,2.314582528751921,1.585,1.1386267472553144,1.9024153218438031,0,6
1.357,-0.8270000000000002,2.1996666666666673,0.8506082137702026,1.9200832854276122,2.555333333333333,1.0021390455753447,2.1945760958635456,2.3266666666666667,0.8739153623813131,2.1672621397131637,1.618875,1.1182204928600505,1.8587820960962989,0,7
0.867,-0.49,1.469333333333334,0.665647304008159,1.393541642713806,1.9863333333333333,0.7682956896056742,1.8152686399025326,2.2979999999999996,0.9183513884822487,1.9672218105265231,1.6345416666666666,1.1042785557200634,1.779439528408595,0,8
2.746,1.879,1.6566666666666672,0.9746847353546333,2.069770821356903,2.0728333333333335,0.82772831694141,2.081191885644666,2.3106666666666666,0.923837090453166,2.087033839676289,1.7277083333333332,1.0995916427461163,1.8567643661359077,1,0
1.291,-1.455,1.6346666666666672,0.9855152628616827,1.6803854106784515,1.9171666666666665,0.8795893170489612,1.8554227754604757,2.2232499999999997,0.9693195481179765,1.964567095110706,1.7608749999999997,1.0724633291592331,1.8115032168450351,0,1
1.916,0.625,1.9843333333333337,0.7299029615869043,1.7981927053392257,1.7268333333333334,0.6854964381137632,1.8727305539003398,2.2914166666666667,0.9099370066442004,1.9570952343244437,1.8195833333333333,1.038879535078923,1.8198629594974325,0,2
1.49,-0.42599999999999993,1.5656666666666672,0.31929662280289023,1.6440963526696128,1.6111666666666666,0.6505909365082297,1.7633789670716713,2.191333333333333,0.9278636590022112,1.8852344290437602,1.8587083333333332,1.0061940550655613,1.793473922737638,0,3
1.672,0.18199999999999994,1.692666666666667,0.21375063352732301,1.6580481763348063,1.6636666666666666,0.6385773771961044,1.7372706907654796,2.1095,0.9266521854111579,1.852429132267797,1.9037916666666668,0.9704832493757136,1.783756008918627,0,4
2.009,0.33699999999999997,1.7236666666666671,0.26332932486400396,1.833524088167403,1.8539999999999999,0.5111011641544078,1.814907636261057,1.9201666666666668,0.6259574242468093,1.8765169580727512,1.9659166666666668,0.9245513561424974,1.8017755282051369,0,5
1.374,-0.6349999999999998,1.6850000000000005,0.31769954359425595,1.6037620440837017,1.6253333333333335,0.2922763532457862,1.688934025900755,1.8490833333333334,0.6362937369619263,1.7992066568307896,2.00075,0.8832397995325305,1.767553485948726,1,0
1.107,-0.2670000000000001,1.4966666666666673,0.46334256585525435,1.355381022041851,1.5946666666666667,0.34011037424144436,1.522667161357682,1.7559166666666666,0.6577358489315452,1.692713325010668,2.0304583333333333,0.8376610801182849,1.714709207072828,0,1
0.654,-0.45299999999999996,1.0450000000000006,0.3639821424190953,1.0046905110209254,1.3843333333333332,0.4678746270815009,1.2744765438269159,1.555583333333333,0.5874427567212371,1.5329112750090268,2.02375,0.848394096795979,1.6298524705070019,0,2
0.876,0.22199999999999998,0.8790000000000006,0.22651490017213766,0.9403452555104628,1.282,0.5057544858921036,1.1606261027335114,1.446583333333333,0.5815600427585598,1.431848001930715,1.9475833333333332,0.8665304589175659,1.5695442728664417,0,3
0.871,-0.0050000000000000044,0.8003333333333339,0.12675304072615506,0.9056726277552314,1.1485,0.48761162824525106,1.077875787666794,1.4060833333333331,0.6048231083748761,1.345563693941374,1.866375,0.8725218727792807,1.5136607310371264,0,4
0.256,-0.615,0.6676666666666673,0.3565225565561392,0.5808363138776157,0.8563333333333333,0.38281936558467,0.84305413404771,1.3551666666666666,0.6758759748158962,1.1779385102580857,1.8265833333333334,0.9239697396073895,1.4130478725541564,0,5
0.249,-0.007000000000000006,0.4586666666666672,0.3571082935655851,0.41491815693880785,0.6688333333333333,0.3528996552373601,0.6733243814626501,1.1470833333333332,0.5873279180605487,1.0350248932953032,1.7288750000000002,0.9624758974960729,1.319924042749824,0,6
0.162,-0.087,0.22233333333333394,0.052367292591106715,0.28845907846940394,0.5113333333333333,0.32825092028301506,0.52723170104475,1.0530000000000002,0.6493319644065011,0.9007133712498719,1.6381249999999998,1.004127278979764,1.2272901193298382,0,7
0.203,0.04100000000000001,0.20466666666666725,0.04352393977252594,0.24572953923470198,0.43616666666666665,0.34045817168434317,0.43459407217482143,0.91025,0.6303788363141115,0.7933728525960455,1.600833333333333,1.0410011764044085,1.1453469097834512,0,8
0.17,-0.033,0.17833333333333393,0.021733231083350072,0.207864769617351,0.3185,0.2734510925192621,0.35899576583915815,0.80025,0.6351672829048531,0.6974693368120385,1.4957916666666666,1.053332805047106,1.0673191570007752,0,9
0.197,0.026999999999999996,0.1900000000000006,0.01757839583093508,0.2024323848086755,0.2061666666666667,0.03916843967588938,0.3127112613136844,0.6773333333333333,0.5924120699361783,0.620474054225571,1.3934166666666667,1.0552685179268517,0.9976936244407132,0,10
0.189,-0.008000000000000007,0.18533333333333393,0.013868429374746765,0.19571619240433774,0.19499999999999998,0.030770115371526092,0.2773651866526317,0.5256666666666666,0.4316535507543003,0.5540934304985601,1.2229166666666667,0.885324893283061,0.9329981344854562,0,11
0.163,-0.025999999999999995,0.1830000000000006,0.01777638883432152,0.17935809620216886,0.18066666666666667,0.01794064287152427,0.24468941903759409,0.42475,0.3489230509074361,0.49392521042185855,1.1369166666666668,0.8837946799069791,0.8713982837266198,0,12
0.256,0.093,0.2026666666666673,0.04798263574797086,0.21767904810108443,0.19633333333333333,0.03305550886983445,0.2479210135982815,0.3538333333333333,0.2766490501876068,0.4573213318954188,1.054875,0.8696748174136544,0.8221664210284902,1,0
0.245,-0.01100000000000001,0.22133333333333394,0.05081666393342415,0.2313395240505422,0.20333333333333337,0.0387126163755921,0.2470864382844868,0.31975,0.2610618613557974,0.4246565116038159,0.9376666666666665,0.7720489208799387,0.775993107346211,0,1
0.268,0.02300000000000002,0.2563333333333339,0.011503622617366954,0.2496697620252711,0.21966666666666668,0.04233989450440207,0.2530617416317763,0.26908333333333334,0.1935658019821115,0.40055550981861343,0.8578333333333333,0.7357786568554778,0.7353536587585141,0,2
0.442,0.174,0.31833333333333397,0.10771412782603401,0.34583488101263554,0.2605,0.09785448380108888,0.3070441011655545,0.23333333333333336,0.07651777373250045,0.40693158523113443,0.8197083333333333,0.732487749069037,0.711885366057833,0,3
0.347,-0.09500000000000003,0.3523333333333339,0.08712251909422393,0.34641744050631773,0.28683333333333333,0.09600711779157027,0.31846007226111034,0.2409166666666667,0.08318703825321434,0.39771134134942143,0.7980416666666668,0.7386924687620617,0.6826945367732065,0,4
0.38,0.03300000000000003,0.38966666666666727,0.0482320778458036,0.36320872025315887,0.323,0.07947829892478878,0.33604290875793597,0.25183333333333335,0.09242671134312497,0.39498651960335657,0.6994583333333333,0.6149337171185746,0.6584789738313499,0,5
0.215,-0.165,0.3140000000000006,0.08730979326507325,0.2891043601265794,0.31616666666666665,0.08772551890211133,0.30145922054138286,0.25625000000000003,0.08894444128989736,0.36729628581822477,0.654625,0.6091275880127678,0.6230006559248419,0,6
0.271,0.05600000000000002,0.28866666666666724,0.08390669421043234,0.2800521800632897,0.3205,0.0840731824066275,0.29275658610098776,0.26191666666666663,0.08739612882354501,0.35248147261542095,0.5860833333333334,0.5507776255019933,0.5948406034508545,0,7
0.277,0.006000000000000005,0.25433333333333397,0.034195516275131455,0.27852609003164486,0.322,0.08302288841023345,0.2882547043578484,0.2708333333333333,0.0824861788239582,0.34086893836689464,0.5355416666666667,0.5189599950374456,0.5694133551747862,0,8
0.351,0.07399999999999995,0.29966666666666725,0.04455707949723668,0.3147630450158224,0.30683333333333335,0.0624897324897828,0.3061819316841774,0.2836666666666667,0.08193271444897919,0.34242756323352624,0.4805000000000001,0.45987503028350074,0.5519402867608033,0,9
0.219,-0.13199999999999998,0.28233333333333394,0.06616141876745812,0.2668815225079112,0.28550000000000003,0.0676690475769962,0.281272808345841,0.2861666666666667,0.07919347233588334,0.32343870735144525,0.4059166666666667,0.32722295506096416,0.525305063819939,0,10
0.424,0.205,0.3313333333333339,0.10390540569827574,0.3454407612539556,0.29283333333333333,0.08102448189679773,0.322052005961315,0.30791666666666667,0.07812514242416499,0.33890967545122286,0.36633333333333334,0.2543755639526343,0.517200658714344,1,0
1.725,1.3010000000000002,0.789333333333334,0.8167682249777634,1.0352203806269777,0.5445000000000001,0.5827266082821171,0.7228942899723678,0.4303333333333333,0.4148097775067016,0.5521543407664193,0.39208333333333334,0.34702047510905837,0.6138246060171965,1,0
3.051,1.326,1.7333333333333343,1.3135198260145646,2.043110190313489,1.0078333333333334,1.1504368590525298,1.3880673499802627,0.6641666666666667,0.856533588295751,0.9365921344946626,0.49195833333333333,0.6437516047538665,0.8087986375358207,0,1
2.61,-0.4410000000000003,2.4620000000000006,0.6752754993334229,2.3265550951567446,1.3966666666666667,1.2444434365075232,1.7371909642716163,0.8593333333333334,1.0109575418953844,1.1940394984185607,0.5642083333333333,0.773048790808837,0.952894746532955,0,2
1.189,-1.4209999999999998,2.283333333333334,0.9730335725622914,1.7577775475783723,1.5363333333333333,1.146809777891109,1.5805649744797259,0.9215833333333334,1.0059097608482102,1.1932641909695514,0.5774583333333333,0.7812178886154261,0.9717831668103186,0,3
1.129,-0.06000000000000005,1.6426666666666676,0.8382722310403299,1.4433887737891862,1.688,0.9867522485406302,1.4515464103426614,0.9867500000000001,0.9905147536875628,1.1833773923588513,0.6138333333333333,0.7859095902570232,0.9843605134654931,0,4
2.25,1.121,1.5226666666666675,0.6306031504308645,1.846694386894593,1.9923333333333335,0.7785673167213345,1.6796760073876154,1.1425833333333333,1.0325854979642441,1.347473178149797,0.6972083333333333,0.849120874232852,1.0856116723882536,0,5
1.319,-0.931,1.5660000000000007,0.5999308293461826,1.5828471934472965,1.924666666666667,0.8228333164539815,1.5766257195625824,1.2345833333333334,0.9907620995369136,1.3430926892036745,0.7454166666666667,0.8502568367298139,1.1042827385971934,0,6
0.482,-0.837,1.350333333333334,0.8844163800684215,1.0324235967236484,1.4965,0.7871433795694326,1.2638755139732731,1.2521666666666669,0.9738342059129295,1.2106168908646477,0.7570416666666667,0.844405449654246,1.054500119509418,0,7
0.443,-0.03899999999999998,0.7480000000000007,0.4948848350879158,0.7377117983618242,1.1353333333333333,0.6611059420899585,1.0293396528380523,1.266,0.9598005474623861,1.092521984577779,0.7684166666666666,0.8379678273717537,1.0055801099486645,0,8
0.688,0.24499999999999994,0.5376666666666674,0.1316447239099452,0.7128558991809121,1.0518333333333334,0.6842074003302296,0.9318140377414659,1.2940833333333333,0.9352094037101445,1.0302878331042744,0.788875,0.8293600630187273,0.9801737011527714,0,9
0.997,0.30900000000000005,0.7093333333333341,0.27761544145332895,0.854927949590456,1.0298333333333334,0.6833515688623616,0.9504385983867614,1.3589166666666666,0.8791936862141316,1.0251666280113092,0.8225416666666666,0.8203005800721218,0.9815198050605496,0,10
2.712,1.7150000000000003,1.4656666666666673,1.0903578923148727,1.7834639747952281,1.1068333333333333,0.8532468380642566,1.453741855990544,1.5495833333333333,0.9057049949507799,1.284679454471108,0.92875,0.8929889356147862,1.1199582206557057,1,0
0.66,-2.052,1.4563333333333341,1.1004164363245994,1.221731987397614,0.997,0.8628343989433802,1.2269584685646744,1.4608333333333332,0.938537821520394,1.1885749230140146,0.9455833333333333,0.883513387446447,1.0831615630032492,1,0
2.16,1.5,1.844000000000001,1.0618700485464312,1.690865993698807,1.2766666666666666,0.9317166235860843,1.4935417632604817,1.3865833333333333,0.8303029521953099,1.3380249348580124,1.025375,0.903733695505097,1.1693086379629893,0,1
1.17,-0.9900000000000002,1.3300000000000007,0.7626925986267321,1.4304329968494036,1.3978333333333335,0.8448394916590097,1.4011012594717727,1.2665833333333334,0.7361319617782671,1.3121749448798565,1.0629583333333334,0.8895112228520253,1.1693639469259502,0,2
0.94,-0.22999999999999998,1.423333333333334,0.6482540654198254,1.1852164984247018,1.4398333333333333,0.807952081912445,1.2693580424798376,1.2458333333333333,0.7420036551408822,1.2549172610521862,1.0837083333333333,0.8801553953294451,1.1510148311718742,0,3
0.788,-0.1519999999999999,0.9660000000000007,0.1923226455724737,0.9866082492123509,1.405,0.8349177204970484,1.1318271731998841,1.2174166666666666,0.7533280654817192,1.1830838362749267,1.1020833333333333,0.8686344063436894,1.1219736446781243,0,4
0.813,0.02499999999999991,0.8470000000000008,0.08150460109708353,0.8998041246061754,1.0885,0.5525612183278744,1.0407336951427744,1.0976666666666668,0.6854181647768507,1.1261478614633995,1.120125,0.8574087510075599,1.0972557531038745,0,5
2.576,1.7630000000000001,1.392333333333334,1.0251616132753563,1.7379020623030876,1.4078333333333333,0.7673096941044433,1.4793812108162674,1.2024166666666667,0.8074983206662371,1.3492020366228765,1.2185,0.8840741165073536,1.2155552928555646,1,0
1.987,-0.589,1.7920000000000007,0.8975305008744829,1.8624510311515439,1.3790000000000002,0.7360043478132363,1.6244151505830482,1.3278333333333332,0.8022926051275988,1.447324800219357,1.29,0.8734400753442613,1.2772708694271195,0,1
1.372,-0.615,1.9783333333333342,0.6020467866647362,1.617225515575772,1.4126666666666667,0.7291199261209738,1.5522965361307488,1.4052499999999999,0.7524208354613582,1.4357363694163792,1.335625,0.8464051765118671,1.28484919987295,0,2
1.958,0.5859999999999999,1.772333333333334,0.34700192122426826,1.787612757787886,1.5823333333333334,0.7154485772343501,1.6682118115219635,1.5110833333333336,0.7313862874809424,1.5160846202753977,1.4025833333333333,0.8285005269692979,1.338701263883114,0,3
0.837,-1.121,1.389000000000001,0.5606933208091549,1.3123063788939429,1.5905000000000002,0.7047679760034427,1.4307227225156882,1.4977500000000001,0.7429767064744632,1.4116100633099518,1.4283333333333335,0.7992007783141668,1.2985651627724648,0,4
0.932,0.09500000000000008,1.2423333333333342,0.6216030351706228,1.1221531894469714,1.6103333333333332,0.6797419118067208,1.2882305160826344,1.3494166666666667,0.650440055002396,1.3378238997238054,1.4494999999999998,0.7778876637351331,1.2692399497506677,0,5
0.566,-0.3660000000000001,0.7783333333333341,0.18992191377860523,0.8440765947234856,1.2753333333333334,0.5991686462646831,1.0818789400590245,1.3415833333333333,0.6599934515285821,1.2190817613047584,1.4012083333333332,0.7958100592241326,1.2129807537706143,0,6
0.673,0.1070000000000001,0.7236666666666673,0.18818696377094685,0.7585382973617428,1.0563333333333333,0.522223196216571,0.9650563857564461,1.2176666666666667,0.6313361492369485,1.135069182642488,1.302125,0.72648853562276,1.1697822934689652,0,7
0.555,-0.118,0.5980000000000008,0.06518435395088026,0.6567691486808714,0.9201666666666667,0.5299107157499743,0.8478974183974616,1.1664166666666667,0.6598742935842694,1.045827769928259,1.2165000000000001,0.6855898127191978,1.120599709991448,0,8
0.555,0.0,0.5943333333333342,0.06812733176432899,0.6058845743404357,0.6863333333333334,0.16260832287016555,0.7642124417124726,1.1343333333333334,0.680907727473656,0.9703158053239115,1.1900833333333334,0.6987829741253954,1.0753517331921323,0,9
0.278,-0.277,0.46266666666666745,0.1599260245655042,0.4419422871702179,0.5931666666666667,0.21173702242793344,0.6252946012231947,1.0918333333333334,0.7193225137501844,0.8638056814279251,1.154625,0.7231824481144893,1.0115635945367618,0,10
0.208,-0.07000000000000003,0.3470000000000008,0.18350204358532993,0.3249711435851089,0.4725,0.18457816772299876,0.5060675723022819,1.0414166666666669,0.7606567088955992,0.7629124996697828,1.0695416666666666,0.7086836529281114,0.9472785069738209,0,11
0.184,-0.023999999999999994,0.22333333333333408,0.048839874419627734,0.2544855717925545,0.4088333333333334,0.2100070633732246,0.4140482659302014,0.8420833333333334,0.6228962350961642,0.6738490381821238,1.0222499999999999,0.7288951287363961,0.8862162264159152,0,12
0.249,0.065,0.21366666666666742,0.03286842456408515,0.25174278589627724,0.33816666666666667,0.17106421796110655,0.3668916185215724,0.69725,0.5271872403270425,0.6084876476925662,1.0125416666666667,0.7378997798786247,0.8352389283026421,0,13
0.174,-0.07500000000000001,0.20233333333333406,0.04072263907613183,0.21287139294813862,0.27466666666666667,0.1428673044004275,0.3117797275154089,0.5974166666666666,0.5005535950476815,0.5416433942014022,1.0013333333333334,0.7488881420314768,0.7823398140384308,0,14
0.193,0.019000000000000017,0.20533333333333406,0.03899145205458389,0.2029356964740693,0.21433333333333335,0.04073655197293803,0.27784266251100637,0.4503333333333334,0.27116862695089083,0.488005948939648,0.9807083333333334,0.7645454733350373,0.7351926289153563,0,15
0.223,0.03,0.1966666666666674,0.024704925284745754,0.21296784823703466,0.20516666666666664,0.027621851253017072,0.26217333036500456,0.39916666666666667,0.2485612539590679,0.44723580294893295,0.9484583333333334,0.7799966543499376,0.6942172186021278,0,16
0.173,-0.05000000000000002,0.19633333333333405,0.025166114784067654,0.19298392411851734,0.19933333333333333,0.030454337402802744,0.23669523597500325,0.33591666666666664,0.19041650918369554,0.40504567941832786,0.8426666666666667,0.698312603891421,0.6525198411139576,0,17
0.21,0.037000000000000005,0.20200000000000073,0.02594224354198309,0.20149196205925868,0.20366666666666666,0.02967602848502117,0.2290680256964309,0.30625,0.1786815984828073,0.3750386518155082,0.8239166666666667,0.7093841123401151,0.617118253824841,0,18
0.246,0.036000000000000004,0.20966666666666742,0.036501141534545666,0.22374598102962934,0.20316666666666663,0.02877093440685901,0.23390573264030778,0.27066666666666667,0.13655790202719217,0.35518655153619927,0.7441666666666666,0.658404571452946,0.5874287935188538,0,19
0.252,0.006000000000000005,0.23600000000000074,0.022715633383019112,0.23787299051481467,0.2161666666666667,0.030524853261627596,0.23907552331450554,0.24541666666666664,0.10312433654519415,0.3393116974537071,0.7059166666666666,0.6592552396564512,0.5605944900373455,0,20
0.282,0.02999999999999997,0.26000000000000073,0.019287301521774634,0.2599364952574073,0.23099999999999998,0.03777830064967665,0.2513396595103611,0.22266666666666665,0.0384550111012286,0.33049451323005985,0.6785000000000001,0.6627699450035373,0.5383069308343579,0,21
0.251,-0.030999999999999972,0.26166666666666744,0.01761628034873399,0.2554682476287037,0.23566666666666666,0.03831796793469176,0.2512426139359722,0.22041666666666668,0.03560760473774186,0.31826458811774294,0.656125,0.6679567359394979,0.5153223763676092,0,22
0.272,0.02100000000000002,0.2683333333333341,0.015821925714818177,0.26373412381435185,0.2521666666666667,0.02490314571784476,0.25717329566855157,0.22575,0.038272052466620174,0.3111469591765517,0.6335833333333334,0.6715514106168199,0.4958565862582005,0,23
0.376,0.10399999999999998,0.29966666666666747,0.06693529213595305,0.31986706190717595,0.2798333333333333,0.0491219570726213,0.29112378262039396,0.24175,0.05549139982513632,0.32112435007246687,0.5419166666666667,0.530146404444016,0.48626805935754447,1,0
0.743,0.367,0.4636666666666674,0.24743551348447576,0.531433530953588,0.3626666666666667,0.19197673470148713,0.4202312733002814,0.2829166666666667,0.15513481429411058,0.38602829621516427,0.49008333333333337,0.4349891469577195,0.5068066146089409,0,1
1.455,0.7120000000000001,0.8580000000000009,0.548615530221297,0.993216765476794,0.5631666666666667,0.47413475580961895,0.7158794809287725,0.38966666666666666,0.3680297254134319,0.5504854814128313,0.4935416666666667,0.4425694717429464,0.5826620854402257,0,2
0.469,-0.9860000000000001,0.8890000000000008,0.5089557937581565,0.7311083827383971,0.5943333333333333,0.4578216537764976,0.6453424863776946,0.4126666666666667,0.3632145204679944,0.5379492535031649,0.4315,0.31405773493030653,0.5735691186050077,1,0
0.307,-0.16199999999999998,0.7436666666666674,0.6213351215997112,0.5190541913691985,0.6036666666666667,0.4499251789649556,0.5486732045554962,0.4196666666666667,0.36002230570628235,0.5024185991180626,0.4094166666666667,0.30273448212361925,0.5522435891166071,0,1
0.234,-0.07299999999999998,0.3366666666666674,0.12027607132478901,0.37652709568459924,0.5973333333333334,0.45575724532545536,0.45876657468249726,0.42475,0.35663761209895345,0.46112343002297607,0.38033333333333336,0.2832486488960508,0.5267841019872785,0,2
0.959,0.725,0.5000000000000008,0.3991779052001666,0.6677635478422996,0.6945,0.4612460297931913,0.601690410487498,0.4871666666666667,0.38038851749550917,0.5377198254040567,0.3967083333333334,0.3049756197193106,0.5613613738282962,0,3
3.089,2.13,1.427333333333334,1.484000786163313,1.87838177392115,1.0855,1.0842261295504665,1.3123502932053557,0.7240833333333333,0.8328194673226134,0.9302244676495864,0.49737499999999996,0.6279061001870933,0.7635724639220325,0,4
2.084,-1.005,2.044000000000001,1.065563231347629,1.981190886960575,1.1903333333333332,1.155185122249526,1.5328216380038255,0.8767499999999999,0.9033420901398249,1.1077283957034962,0.5610833333333333,0.706638331739829,0.8692066668082699,0,5
1.563,-0.5210000000000001,2.245333333333334,0.7756870073253358,1.7720954434802874,1.3726666666666665,1.1037526292909356,1.5414440271455896,0.9834999999999999,0.9023585761769017,1.1777701809798815,0.6030833333333333,0.735622535335035,0.9247101334636083,0,6
0.707,-0.856,1.451333333333334,0.6952584651288551,1.2395477217401436,1.4393333333333331,1.0365470884946109,1.3030314479611353,1.0214999999999999,0.8779795503934565,1.105343999290669,0.6209583333333333,0.7325857408888152,0.9072933227865196,0,7
3.724,3.0170000000000003,1.9980000000000009,1.5548282863390417,2.4817738608700717,2.0210000000000004,1.1923930560012472,1.9947367485436682,1.3091666666666668,1.137303815915947,1.5082141532459508,0.7674583333333334,0.9620386406036328,1.1326298569635982,1,0
1.099,-2.625,1.8433333333333344,1.640456135754118,1.790386930435036,2.0443333333333333,1.1685871241232553,1.7388119632454775,1.3694166666666667,1.101976279099044,1.4452581296696507,0.8055833333333334,0.9560228720506906,1.1299394684065103,1,0
0.823,-0.276,1.8820000000000008,1.60117675476507,1.306693465217518,1.6666666666666667,1.1289387346825588,1.4771514023181982,1.3760833333333335,1.0980772003273689,1.3495261097204736,0.8295,0.9486448916400572,1.1053843109339894,0,1
0.875,0.052000000000000046,0.9323333333333341,0.14666060593537097,1.090846732608759,1.4651666666666667,1.147298464509848,1.3051081445129988,1.32775,1.1070161471270437,1.2765220928404006,0.8587083333333334,0.9383203994912628,1.0869535660592704,0,2
0.719,-0.15600000000000003,0.8056666666666673,0.0794313120458782,0.9049233663043794,1.3245,1.184055699703349,1.1376486746521421,1.3485833333333332,1.091631344559255,1.1907494631726465,0.8806249999999999,0.9281833970063539,1.0575172807745288,0,3
0.885,0.16600000000000004,0.8263333333333341,0.09308777220091671,0.8949616831521897,1.3541666666666667,1.1676054841711965,1.0654633390372443,1.39675,1.0535835924897656,1.1437110842230085,0.9082083333333334,0.9175664875408023,1.0437158983125665,0,4
0.783,-0.10199999999999998,0.7956666666666674,0.08372176140842731,0.8389808415760949,0.864,0.13042545763762062,0.984759527883746,1.4425000000000001,1.009500641631569,1.0882170712656225,0.933625,0.9046736530253633,1.0228586264475612,0,5
0.967,0.18399999999999994,0.8783333333333342,0.0921809814079346,0.9029904207880475,0.842,0.08664179130178794,0.9796853770598185,1.4431666666666665,1.0091548969611208,1.0695682910709112,0.9651666666666667,0.891447170600148,1.0183899363317563,1,0
0.801,-0.16599999999999993,0.8503333333333339,0.10143635114361052,0.8519952103940238,0.8383333333333334,0.08806058520501217,0.9286324121855847,1.2525000000000002,0.8774806395170649,1.0282500924446172,0.9882916666666667,0.8790931829307729,1.000998741425216,0,1
0.991,0.18999999999999995,0.9196666666666674,0.10346658075596284,0.9214976051970118,0.8576666666666667,0.10816037475272255,0.9464517229897034,1.1614166666666668,0.839216675708892,1.0225193089915992,1.0190833333333333,0.8650116318226022,1.0001988421111987,0,2
1.079,0.08799999999999997,0.9570000000000007,0.14208448191128056,1.000248802598506,0.9176666666666667,0.11545850625506081,0.9843226592783596,1.1210833333333332,0.829738891934013,1.0312086460698147,1.0522916666666666,0.8506639084532288,1.006502934742303,0,3
0.662,-0.4169999999999999,0.9106666666666673,0.21980066727225853,0.8311244012992529,0.8805000000000001,0.1566291799122466,0.892230470913114,1.1173333333333335,0.8318793983104391,0.9744073159052278,1.0694166666666667,0.8378723009824462,0.9789426999629187,1,0
0.885,0.22299999999999998,0.8753333333333342,0.20866799786582013,0.8580622006496265,0.8975,0.14929400523793,0.8901646220807957,0.88075,0.13479420340924406,0.9606523442275005,1.0949583333333333,0.8216941396030321,0.9714272839658852,0,1
1.162,0.2769999999999999,0.9030000000000008,0.250485528524098,1.0100311003248132,0.93,0.18451883372702998,0.9678318729148541,0.8860000000000001,0.14491439479288173,0.9916289066540389,1.1277083333333333,0.8073311092281361,0.9866731012486144,0,2
1.017,-0.14500000000000002,1.021333333333334,0.13855083303008567,1.0135155501624067,0.9659999999999999,0.17515022123875165,0.9818799092248958,0.9021666666666667,0.14803490579366294,0.9955321517841867,1.139125,0.8035829716907277,0.9890992531487253,0,3
1.112,0.0950000000000002,1.0970000000000006,0.07365459931326578,1.0627577750812034,0.9861666666666666,0.18527753956335477,1.0190570780177826,0.9219166666666667,0.15945045302444974,1.0134502822789273,1.1248333333333334,0.800766082473887,0.9989313128968274,0,4
0.7,-0.41200000000000014,0.9430000000000008,0.21573826735189333,0.8813788875406017,0.9229999999999999,0.21022464175253883,0.9278979128698447,0.9203333333333333,0.16172666802825203,0.965227161928323,1.1344583333333333,0.793899236797972,0.9750168078650812,0,5
0.883,0.18300000000000005,0.898333333333334,0.2064275498409312,0.8821894437703008,0.9598333333333332,0.17106187964198885,0.9150699377641749,0.9201666666666667,0.16176741627936775,0.9525768293239656,1.1584583333333334,0.7763086555122165,0.9676554632358747,0,6
1.311,0.42799999999999994,0.9646666666666673,0.31357986755104417,1.0965947218851504,1.0308333333333333,0.216232667898842,1.0281928126886963,0.9641666666666667,0.19034888223917196,1.007718855581817,1.2033333333333334,0.7512709038785478,0.9951230261770048,0,7
1.757,0.44599999999999995,1.3170000000000006,0.4370308913566621,1.426797360942575,1.13,0.3701059307819655,1.236423437634783,1.03,0.29773813998210746,1.1229928777999991,1.2365833333333334,0.7576192066723483,1.0560731840828443,0,8
0.536,-1.2209999999999999,1.201333333333334,0.6178432918898864,0.9813986804712875,1.0498333333333334,0.44416186989278017,1.0363024554534164,1.0079166666666668,0.3248595384115645,1.0326862812153839,1.1302083333333333,0.6590339424633886,1.0144673293562168,1,0
0.733,0.19699999999999995,1.0086666666666673,0.6555183699434598,0.8571993402356437,0.9866666666666665,0.4602124147246035,0.9496446110381546,0.9864166666666666,0.3344761055016042,0.9865806994899401,1.0739166666666666,0.6311307255661216,0.9919499430077194,0,1
2.048,1.315,1.1056666666666675,0.8220075019933403,1.4525996701178219,1.2113333333333334,0.6000628855933788,1.2634604364558246,1.0671666666666668,0.4543484512480703,1.1498759764914879,1.094125,0.6547927858424377,1.0764339475671019,1,0
0.612,-1.436,1.131000000000001,0.796446482822291,1.032299835058911,1.1661666666666666,0.6386759480884278,1.077328883182732,1.063,0.4586111444548494,1.0671258262620282,1.0901666666666665,0.657516253174324,1.0392792317617339,1,0
0.744,0.132,1.1346666666666674,0.7937186739225248,0.8881499175294555,1.0716666666666668,0.6547062445606053,0.982092059416237,1.05125,0.46534310411293245,1.0174141606832547,0.9659999999999999,0.3461761300891107,1.0156568932207952,0,1
0.71,-0.03400000000000003,0.6886666666666673,0.06853709457898831,0.7990749587647277,0.8971666666666667,0.5694946590325932,0.9043514710115979,1.0135833333333333,0.47378043597763353,0.9701196744242925,0.9497916666666666,0.34877512116680853,0.9912043417631317,0,2
0.437,-0.27299999999999996,0.630333333333334,0.16829240426510317,0.6180374793823639,0.8806666666666666,0.5833179807503361,0.7708224792939985,0.96525,0.5021363677510193,0.8881012629744013,0.9337083333333333,0.3634666995292154,0.9468679944220811,0,3
0.182,-0.255,0.44300000000000067,0.2640511314120708,0.40001873969118196,0.7888333333333334,0.6506963705651421,0.6025874852099989,0.8877499999999999,0.5471762430050269,0.779470299439878,0.9048333333333333,0.3945329287702763,0.8856785548683147,0,4
0.236,0.05399999999999999,0.28500000000000075,0.13437633720262648,0.318009369845591,0.4868333333333333,0.24080233941273468,0.4978482037214278,0.8490833333333333,0.5772195829748868,0.6958594841414352,0.8847083333333333,0.4161509424284074,0.8337042704788495,0,5
0.179,-0.056999999999999995,0.19900000000000073,0.032078029864590706,0.24850468492279548,0.4146666666666667,0.25991357537967347,0.40674871694387704,0.7904166666666667,0.6083933324500709,0.6163426404273682,0.8552916666666666,0.4403769609705037,0.7813279288405416,0,6
0.206,0.026999999999999996,0.20700000000000074,0.028513154858654466,0.22725234246139775,0.325,0.21195093771903364,0.3493919406741979,0.6983333333333333,0.6060566030170876,0.5532130034385423,0.8312500000000002,0.4598163385715914,0.7353016945332983,0,7
0.187,-0.01899999999999999,0.1906666666666674,0.013868429374909999,0.20712617123069887,0.2378333333333333,0.09984671585306915,0.3029942433387128,0.5675,0.520107418974901,0.49687254137107423,0.79875,0.4770468257027146,0.6914375589706344,0,8
0.247,0.06,0.21333333333333407,0.030664855018848115,0.22706308561534944,0.2061666666666667,0.029143895872776365,0.28699588809908055,0.5434166666666667,0.5283247035907448,0.45843061192937046,0.7756666666666666,0.4901565558832757,0.6558825542529837,1,0
0.273,0.026000000000000023,0.23566666666666744,0.04410593308532404,0.2500315428076747,0.22133333333333335,0.036740531659781056,0.2829970629279147,0.5050833333333333,0.5300040237125764,0.42990282547869807,0.74575,0.4982863896264363,0.625251949912745,0,1
0.243,-0.030000000000000027,0.2543333333333341,0.016289055630304996,0.24651577140383735,0.2225,0.037404545178049135,0.2715693306627962,0.3546666666666667,0.21459066036330152,0.40114854463582145,0.7109166666666668,0.5031740918078537,0.5946717939197255,0,2
0.299,0.055999999999999994,0.2716666666666674,0.028023799409203125,0.27275788570191867,0.24250000000000002,0.041365444515645014,0.27940666475914017,0.3285833333333333,0.19891864866795458,0.3854333839226181,0.6957916666666667,0.5101162680056867,0.5710180504061475,0,3
0.257,-0.04199999999999998,0.26633333333333403,0.0291433239924211,0.26487894285095936,0.251,0.03741657386743187,0.273004760542243,0.288,0.15016475800087375,0.36567440178067684,0.669625,0.5160609007286454,0.5458966063736558,0,4
0.312,0.05499999999999999,0.28933333333333405,0.028746014216362914,0.28843947142547965,0.2718333333333333,0.028357832544886913,0.28414625753017353,0.2548333333333333,0.07219649114285151,0.35741680150672656,0.6342083333333334,0.5099314514176572,0.5271848778637633,0,5
0.979,0.667,0.5160000000000008,0.40191168184066894,0.6337197357127398,0.3938333333333333,0.28781411825455155,0.48267589823583823,0.3,0.21827588881131613,0.45304498589030706,0.632625,0.5087488329224853,0.5633300876346623,1,0
0.261,-0.718,0.5173333333333341,0.40062742458964096,0.4473598678563699,0.3918333333333333,0.2888615008384554,0.41933992731131303,0.3065833333333333,0.21556794260463283,0.4234996034456444,0.5971666666666666,0.5035143162479665,0.5391436806238894,1,0
0.246,-0.015000000000000013,0.49533333333333407,0.4189347602352046,0.34667993392818497,0.39233333333333337,0.2885547897135741,0.369814233793795,0.30741666666666667,0.21528942816309923,0.3961919721463145,0.57825,0.5079912914351026,0.5156921861739783,0,1
0.219,-0.026999999999999996,0.24200000000000074,0.021283796653649576,0.28283996696409247,0.379,0.29549483921039665,0.32672445270985356,0.31074999999999997,0.21342195720728502,0.3689316687391892,0.5505833333333333,0.5087532003246463,0.49195681128006,0,2
0.382,0.163,0.28233333333333405,0.08736322643611225,0.33241998348204627,0.3998333333333333,0.28951919913305413,0.34251746622132395,0.32541666666666663,0.2116087549028194,0.37094218124085243,0.511875,0.48307496155177665,0.48316026637765525,0,3
0.215,-0.167,0.27200000000000074,0.09528378665856035,0.2737099917410231,0.38366666666666666,0.29798903782965724,0.30608390444380285,0.32775,0.2100926743563139,0.3469510764345674,0.447625,0.40679220339028055,0.4617074450674428,0,4
0.278,0.06300000000000003,0.2916666666666674,0.08433465084606365,0.27585499587051154,0.2668333333333333,0.06136910188884792,0.29805993174557344,0.3303333333333333,0.20919818065147014,0.336343218521557,0.43687499999999996,0.4077630719254452,0.4470108494620474,0,5
0.193,-0.08500000000000002,0.22866666666666738,0.044117267972157835,0.23442749793525577,0.2555,0.06852371852123194,0.2680428083896953,0.32366666666666666,0.21244093653332888,0.3142904156720867,0.414375,0.4056053782016155,0.42668998150508364,0,6
0.188,-0.0050000000000000044,0.21966666666666743,0.0505799696849172,0.2112137489676279,0.24583333333333335,0.07400382872962454,0.24517343456406807,0.31908333333333333,0.2149183601164821,0.29486112095330413,0.336875,0.2108189646819113,0.40759478298467694,0,7
2.278,2.09,0.8863333333333342,1.2052212798209838,1.244606874483814,0.589,0.8306363825405073,0.82598102468862,0.484,0.6044283550294794,0.5999594100374113,0.4062916666666667,0.4471577368967859,0.5572272003459029,1,0
1.959,-0.31899999999999995,1.4750000000000008,1.1259293938786745,1.601803437241907,0.8518333333333334,0.9868481983905373,1.1497007319204429,0.6258333333333334,0.7324532666858642,0.8090425777239634,0.4569166666666667,0.5451046103564646,0.6693690243182306,0,1
2.38,0.4209999999999998,2.2056666666666676,0.2196231621057661,1.9909017186209534,1.2126666666666668,1.0970760532737247,1.501214808514602,0.7981666666666666,0.8802680204794409,1.0507283349971996,0.5265,0.6708914251559756,0.8062195023727722,0,2
1.245,-1.1349999999999998,1.8613333333333337,0.5737685363744984,1.6179508593104768,1.3738333333333335,0.9989469288539076,1.42801057751043,0.8203333333333332,0.8885459351028985,1.080616283459169,0.5601666666666667,0.6863014084120738,0.8413219421829504,0,3
1.182,-0.06300000000000017,1.602333333333334,0.6742153464089445,1.3999754296552385,1.5386666666666668,0.8329330505308669,1.3577218410788785,0.8970833333333333,0.8755213987658869,1.0962137783116046,0.6018333333333333,0.6926703630761524,0.8685761868083144,0,4
1.53,0.3480000000000001,1.3190000000000006,0.18542653531789494,1.4649877148276191,1.7623333333333333,0.5185559436229206,1.4069441721991989,1.0040833333333332,0.8671374493473404,1.1629501201098194,0.6557499999999999,0.7130190710297764,0.9214900918636493,0,5
3.161,1.631,1.9576666666666673,1.0565435785301687,2.31299385741381,1.9095000000000002,0.7622216869126673,1.908102980142285,1.24925,1.0262843062586176,1.4703424093236932,0.7799999999999999,0.8690721188866202,1.1006508845145575,1,0
1.504,-1.657,2.065000000000001,0.9492528640989196,1.908496928706905,1.8336666666666668,0.7787663748947165,1.792644985815918,1.3427499999999999,0.9905793644492761,1.4755205001969713,0.8340833333333334,0.872180820734992,1.132918813753393,1,0
1.753,0.2489999999999999,2.139333333333334,0.8935056425861763,1.8307484643534524,1.729166666666667,0.7314220168047016,1.78131784701137,1.4709166666666667,0.9289821857899944,1.5182096540128218,0.8993333333333333,0.8802073701649786,1.1825253086531216,0,1
2.076,0.3230000000000002,1.7776666666666674,0.2867966759454055,1.9533742321767262,1.8676666666666666,0.6993816316337301,1.8655127478652642,1.62075,0.8616454791955829,1.6040235533954645,0.9755416666666666,0.9002225801659136,1.254003283960872,0,2
1.924,-0.15200000000000014,1.9176666666666673,0.1615931104141961,1.9386871160883632,1.9913333333333336,0.614320329035805,1.8822233913323316,1.765,0.7367345642643771,1.6532506990269316,1.0443333333333333,0.9072569583121382,1.3076030212440022,0,3
1.749,-0.17499999999999982,1.916333333333334,0.16363475588436135,1.8438435580441817,2.0278333333333336,0.587341609854657,1.84415956523738,1.8950833333333337,0.5461287657575655,1.6679813607150957,1.1070833333333334,0.9014859190907183,1.342914779544482,0,4
1.396,-0.3530000000000002,1.6896666666666675,0.26895414726925765,1.6199217790220908,1.733666666666667,0.25329561122660066,1.716113975169557,1.8215833333333336,0.5492519637625094,1.6261380744512348,1.1527916666666667,0.8864168211383956,1.3471615971809234,0,5
1.397,0.001000000000000112,1.514000000000001,0.20351658409082876,1.5084608895110454,1.7158333333333335,0.27549331510339237,1.624938553692541,1.77475,0.5603182740031076,1.5908860629971988,1.2002916666666668,0.8666513505474935,1.3511486694064496,0,6
2.486,1.0890000000000002,1.7596666666666672,0.6290233170029025,1.9972304447555227,1.8380000000000003,0.4199309467043262,1.8709561097803866,1.7835833333333335,0.5714522899568897,1.7285958994591684,1.290875,0.8832253300804109,1.4419367758539336,1,0
2.143,-0.3430000000000004,2.008666666666667,0.5567893078475331,2.070115222377761,1.8491666666666668,0.4283323086887777,1.948682935557419,1.8584166666666668,0.5530118292887923,1.7923503764654503,1.3393750000000002,0.8972033268900688,1.498021833785619,0,1
4.025,1.8820000000000006,2.8846666666666674,1.002338432533313,3.0475576111888807,2.1993333333333336,0.9909887318565545,2.5419163825410136,2.0953333333333335,0.7935554438249699,2.1358349339323044,1.4962083333333334,1.0209493867779733,1.7001800870827697,0,2
1.766,-2.2590000000000003,2.644666666666667,1.2101745053228223,2.40677880559444,2.202166666666667,0.9894668092799588,2.3202259875292954,2.115,0.7810977124301663,2.078937251788873,1.5595416666666668,0.9865897777155179,1.7054456801161482,1,0
1.176,-0.5900000000000001,2.3223333333333342,1.5037720350283605,1.7913894027972201,2.1655,1.0286174701996826,1.9933042768066396,1.9495833333333332,0.7489691653239562,1.9400238284367388,1.5994166666666665,0.948663999558312,1.6630900257068564,0,1
1.843,0.667,1.5950000000000006,0.3649013565335154,1.81719470139861,2.239833333333334,0.9767835823081091,1.9503601977190281,1.9778333333333336,0.736931085137835,1.9250970856003173,1.6602916666666667,0.9133657050885405,1.6774828236503079,0,2
1.015,-0.8280000000000001,1.3446666666666671,0.43901290793475767,1.4160973506993049,1.9946666666666666,1.08162001953859,1.683114426942163,1.9163333333333334,0.7865258862217903,1.7850821493541147,1.693625,0.871987126575299,1.6244841977582833,0,3
0.983,-0.03199999999999992,1.2803333333333338,0.48754623712354883,1.1995486753496525,1.8013333333333332,1.151234931135543,1.4830817335301165,1.8252500000000003,0.828520930223362,1.6616848956073278,1.7229999999999999,0.8332388352217763,1.5731654619376207,0,4
1.045,0.061999999999999944,1.014333333333334,0.031005375877909733,1.1222743376748263,1.3046666666666669,0.39344360036306736,1.357915523950083,1.752,0.8573515243840416,1.5668102962831234,1.7585,0.7817799645958459,1.530912224982611,0,5
1.287,0.242,1.1050000000000006,0.1606362350156326,1.2046371688374131,1.2248333333333334,0.32349121574882406,1.3376539456786307,1.7134999999999998,0.8678079490092495,1.523762558393412,1.8042916666666666,0.7151361973757905,1.511399246984002,0,6
1.078,-0.20899999999999985,1.1366666666666674,0.1312338878999286,1.1413185844187066,1.2085000000000001,0.3288791571382799,1.263467104056165,1.687,0.8831052650114328,1.455183703255964,1.7542916666666668,0.7224883016454291,1.476727307225282,0,7
0.502,-0.5760000000000001,0.9556666666666672,0.40654684026976556,0.8216592922093533,0.985,0.2598638104853831,1.045905074325832,1.6124166666666666,0.9454194315303424,1.3085400566012002,1.6935833333333334,0.7645297455848667,1.3987491226472595,1,0
0.341,-0.16099999999999998,0.640333333333334,0.3874846233508226,0.5813296461046766,0.8726666666666668,0.3676327878014264,0.8445036245184514,1.4336666666666666,0.9677495293283053,1.1596877402010157,1.608625,0.7975155886441575,1.3141291928354788,0,1
0.273,-0.068,0.3720000000000007,0.11760527199064813,0.4271648230523383,0.7543333333333336,0.4334003537915576,0.6812168746560366,1.2778333333333334,0.9933650645735218,1.0232742417085516,1.5681250000000002,0.8403162092461034,1.2308388574086406,0,2
0.268,-0.0050000000000000044,0.2940000000000007,0.040779897008133455,0.3475824115261692,0.6248333333333335,0.44510466933817483,0.5631549104685976,0.96475,0.535222999403908,0.9070782045226207,1.5300416666666667,0.8784236117424601,1.1538117488159494,0,3
0.196,-0.07200000000000001,0.24566666666666737,0.04308518693619751,0.2717912057630846,0.4430000000000002,0.3279158428621244,0.4582535074775697,0.8339166666666666,0.5129829801063531,0.7976815576729868,1.4744583333333334,0.9196635480797679,1.0771868089106733,0,4
0.264,0.068,0.24266666666666734,0.040463975747905334,0.2678956028815423,0.3073333333333335,0.10585587686398282,0.4027525053411213,0.7579166666666666,0.5251094186121203,0.7155767026463734,1.3537499999999998,0.877844655466122,1.0121318641978194,0,5
0.205,-0.059000000000000025,0.22166666666666734,0.036936883102489534,0.23644780144077115,0.2578333333333335,0.05273107875477403,0.34625178952937236,0.6214166666666666,0.4197253340705255,0.6370264407007775,1.299625,0.9077157576792031,0.9475613150619939,0,6
0.298,0.093,0.2556666666666673,0.04705670338354706,0.2672239007203856,0.2506666666666668,0.04072182052219799,0.3324655639495517,0.5616666666666666,0.40951331054699547,0.5848685267468118,1.239,0.9245515011403465,0.8955964098570344,1,0
0.313,0.015000000000000013,0.27200000000000063,0.05850640990518791,0.29011195036019277,0.25733333333333347,0.047773074703667276,0.32690397424967976,0.5058333333333334,0.3921522972550752,0.5430425995549946,1.1655416666666667,0.9251955365203074,0.8489886970684716,0,1
0.267,-0.045999999999999985,0.29266666666666735,0.023459184413088564,0.2785559751800964,0.2571666666666668,0.04773014421350697,0.3097885530354856,0.44100000000000006,0.35770963338745954,0.5005745073157647,1.0965,0.9279573640880353,0.8024296013029939,0,2
0.38,0.11299999999999999,0.3200000000000007,0.05682429058064949,0.3292779875900482,0.2878333333333335,0.05847193058761179,0.32984896645391826,0.3654166666666667,0.238740809754917,0.48202458311333934,1.0394583333333334,0.9281805005852382,0.7686352331987544,0,3
0.275,-0.10499999999999998,0.307333333333334,0.06305817419912635,0.3021389937950241,0.2896666666666668,0.057743109256798,0.31417783318137016,0.29850000000000004,0.08181742423897487,0.4501746472497487,0.99275,0.9376161377339485,0.7291444145428541,0,4
0.306,0.030999999999999972,0.320333333333334,0.053947505348509166,0.30406949689751206,0.30650000000000016,0.04017337426674561,0.3118413094152644,0.2821666666666667,0.051414241630445064,0.4279939322882489,0.9472916666666666,0.9435931547370734,0.6952928613794258,0,5
0.254,-0.05199999999999999,0.278333333333334,0.026159765544194632,0.27903474844875603,0.2991666666666668,0.0456745735244743,0.29531522101090313,0.27491666666666664,0.0484101009996618,0.4012256350131337,0.8542916666666667,0.8940362544524452,0.6599894324690718,0,6
0.238,-0.016000000000000014,0.2660000000000007,0.035552777669175764,0.25851737422437804,0.2866666666666668,0.05107510809232301,0.2789394435792165,0.272,0.04957638734143273,0.37611399885726693,0.7749166666666668,0.8585061807109106,0.6262302778715461,0,7
0.286,0.04799999999999999,0.25933333333333397,0.024440403706304542,0.27225868711218904,0.2898333333333335,0.05019329304441494,0.28095674541372606,0.2735,0.04971646882811425,0.36225030672537967,0.6191249999999999,0.5126762104283005,0.5990118556418225,0,8
0.352,0.066,0.29200000000000065,0.057236352084964,0.3121293435560945,0.2851666666666668,0.040498971180049304,0.3012548181526615,0.28650000000000003,0.04797442500494389,0.36067333645993666,0.5602083333333333,0.45291202516186724,0.5792509071904767,0,9
0.408,0.055999999999999994,0.3486666666666673,0.061068267810112015,0.36006467177804724,0.30733333333333346,0.06361970344667361,0.3317534415376153,0.2985,0.0586553880343829,0.36795436161994644,0.5282083333333334,0.4342592873194309,0.5655508346152386,0,10
0.48,0.07200000000000001,0.41333333333333394,0.06416645021604257,0.4200323358890236,0.33633333333333343,0.0948718433817062,0.3741096010982966,0.32141666666666663,0.07118664115406256,0.38519215213995467,0.47141666666666665,0.33189874263442154,0.5587067678460195,0,11
0.475,-0.0050000000000000044,0.454333333333334,0.040203648258933716,0.44751616794451177,0.3731666666666668,0.09931045597842844,0.4029354293559262,0.33616666666666667,0.08321476413297285,0.3990087441184232,0.4489166666666667,0.31109804363514426,0.552010226418338,0,12
0.404,-0.07099999999999995,0.4530000000000007,0.04250882261360249,0.4257580839722559,0.40083333333333343,0.0740281477996286,0.4032395923970902,0.34375,0.0850380930685571,0.3997766296386658,0.4247916666666667,0.289586658827725,0.5401694083048709,0,13
0.447,0.04299999999999998,0.4420000000000006,0.035763109484420845,0.436379041986128,0.4276666666666668,0.04904147904217339,0.4157425659979216,0.35874999999999996,0.08613744302519281,0.40704176354040955,0.399875,0.2578948745212636,0.5327158556404813,0,14
0.761,0.314,0.537333333333334,0.1948905675842945,0.598689520993064,0.4958333333333335,0.13381392553334887,0.5143875471413726,0.3905,0.14487392638243662,0.461496876841885,0.3779583333333334,0.1935500113253632,0.5509785871892429,1,0
2.917,2.1559999999999997,1.3750000000000007,1.3446084932053637,1.757844760496532,0.9140000000000001,0.9894123508426514,1.200848247958123,0.6106666666666666,0.739720749931213,0.8392665880969796,0.45458333333333334,0.5388142308461329,0.7402603002141035,1,0
2.004,-0.9129999999999998,1.8940000000000008,1.0822009979666445,1.880922380248266,1.1680000000000001,1.0495076941118557,1.430320177112945,0.7521666666666667,0.8327033558163954,1.0184563437743674,0.5171666666666667,0.6249111704990432,0.8413594761969753,0,1
1.639,-0.365,2.186666666666667,0.6582904627391586,1.759961190124133,1.362,1.002308136253511,1.4899429836521034,0.8675833333333333,0.853111679605194,1.1139245985783108,0.57125,0.6639505121684053,0.9051707181012173,0,2
1.923,0.28400000000000003,1.855333333333334,0.19167768084295664,1.8414805950620665,1.6151666666666669,0.8983879822585874,1.6136735597515024,1.008,0.8783622156139166,1.2383977372585706,0.64,0.7151750773791972,0.9865970606531199,0,3
3.172,1.249,2.2446666666666673,0.8155515516099127,2.5067402975310333,2.0693333333333332,0.8782957740230002,2.058909685536787,1.2485,1.042473064836256,1.5358750084495598,0.761,0.876881579432377,1.1614292958008705,0,4
2.352,-0.8200000000000003,2.482333333333334,0.6346182579577561,2.429370148765517,2.3345000000000002,0.6005499979185722,2.1426497753834193,1.4151666666666667,1.045984428298256,1.6614326994573199,0.8508333333333332,0.9255683408712634,1.2566749521368008,0,5
1.994,-0.3579999999999999,2.5060000000000007,0.6039105894087334,2.2116850743827583,2.1806666666666668,0.5362736863455657,2.1001784109881565,1.5473333333333332,1.0066128924027944,1.712596899540809,0.9229166666666666,0.9450400919338366,1.315660955965857,0,6
2.105,0.11099999999999999,2.150333333333334,0.18325483167801007,2.158342537191379,2.1975000000000002,0.5311801012839201,2.101556007848683,1.6827500000000002,0.9581091345125395,1.7729666073037615,1.0020833333333334,0.9617198777130491,1.3788080794885884,0,7
2.017,-0.08800000000000008,2.0386666666666673,0.05858611894754147,2.0876712685956895,2.2605,0.4706602808820778,2.077397148463345,1.81125,0.881765803271019,1.8105102061801057,1.0737083333333333,0.9709703116030324,1.4298634331295013,0,8
1.435,-0.5819999999999999,1.852333333333334,0.36408973252940646,1.7613356342978448,2.1791666666666667,0.5719193707741171,1.8938551060452464,1.8971666666666664,0.7760770619343219,1.7527394052293204,1.1204583333333333,0.9596969167927167,1.4302743584791413,0,9
2.641,1.206,2.031000000000001,0.6031218782302645,2.2011678171489226,2.090666666666667,0.4039894388058444,2.1073250757466044,2.08,0.6518797992937619,1.8893948813478865,1.219375,0.9897791941947799,1.5271324098008099,1,0
2.453,-0.18800000000000017,2.176333333333334,0.648858484828037,2.327083908574461,2.1075000000000004,0.4188860226839691,2.206089339819003,2.2209999999999996,0.507687806718766,1.9761033611405194,1.30575,1.003699038990057,1.601201817016745,0,1
1.871,-0.5819999999999999,2.3216666666666677,0.40144904201322545,2.0990419542872303,2.087,0.4284520976725338,2.110349528442145,2.1338333333333335,0.46535652672945216,1.9599336132727472,1.37225,0.9851373442096901,1.6227856716554054,0,2
1.577,-0.29400000000000004,1.9670000000000007,0.4458205917182402,1.8380209771436151,1.9989999999999999,0.47564020015132596,1.9579639488872465,2.0982499999999997,0.4917627153229702,1.9010207496923246,1.4252083333333332,0.9591464039839604,1.619122817922973,0,3
1.423,-0.15399999999999991,1.6236666666666675,0.22761663676746913,1.6305104885718076,1.9000000000000004,0.5298705502290085,1.8051171063480331,2.08025,0.5135704120973295,1.8274790958935054,1.4739166666666665,0.9261997585583922,1.6034329924891353,0,4
1.382,-0.04100000000000015,1.4606666666666674,0.10281212639243201,1.5062552442859038,1.8911666666666669,0.5395266134924753,1.6842265045343094,2.0351666666666666,0.551010284235545,1.7589438503714276,1.5215833333333333,0.8884986318732184,1.5857183530900045,0,5
1.506,0.12400000000000011,1.437000000000001,0.06317436188834835,1.506127622142952,1.702,0.4066556282654773,1.6333046460959353,1.8963333333333334,0.43652206719880554,1.7200294118527464,1.5724166666666666,0.8487444904945948,1.579340884842804,0,6
1.501,-0.0050000000000001155,1.463000000000001,0.0701925922017423,1.503563811071476,1.5433333333333337,0.17446680677611706,1.5955033186399539,1.8254166666666667,0.4247323132030239,1.6863325792600163,1.6202916666666667,0.8083563828328869,1.5730736140553798,0,7
1.365,-0.1359999999999999,1.4573333333333343,0.08000208330620767,1.4342819055357379,1.4590000000000003,0.08241116429214754,1.529645227599967,1.773,0.4405539900872788,1.6368967978353983,1.6601666666666668,0.7685809434709328,1.5564277249309495,0,8
1.366,0.001000000000000112,1.4106666666666676,0.07823255929172461,1.400140952767869,1.4238333333333335,0.06521170651542249,1.482889448285691,1.7114166666666666,0.44157578538958464,1.5952203673991832,1.6970833333333335,0.7297264476540506,1.5411935069364737,0,9
1.29,-0.07600000000000007,1.3403333333333343,0.04359281286328004,1.3450704763839345,1.4016666666666666,0.08511795736889687,1.427778177346922,1.6508333333333332,0.44569125745262445,1.5482633877993088,1.7310416666666668,0.6881629280771475,1.521098026381556,0,10
0.578,-0.7120000000000001,1.078000000000001,0.4346768914952791,0.9615352381919673,1.2676666666666667,0.3482899175495206,1.1849844123906585,1.579416666666667,0.541733825673451,1.3989920973686458,1.7382916666666663,0.6743522804798757,1.4456501842710316,1,0
0.661,0.08300000000000007,0.8430000000000009,0.3893314783060801,0.8112676190959837,1.1268333333333336,0.3996915894369686,1.035274580279042,1.4144166666666667,0.48785811244540533,1.2854548516196234,1.7472083333333333,0.6577460841630965,1.3828781695293493,0,1
0.8,0.139,0.6796666666666676,0.11217100041156108,0.8056338095479918,1.0100000000000002,0.36977993455565206,0.9680532716278871,1.2766666666666666,0.39187343349453346,1.210769489831989,1.7488333333333335,0.6552470935633302,1.3362479159670015,0,2
0.677,-0.123,0.7126666666666677,0.07605480480108112,0.7413169047739959,0.8953333333333336,0.34341209452587385,0.8848951940199193,1.1771666666666667,0.3786072163105603,1.1286511067809137,1.6555000000000002,0.6409967781238997,1.2835080826896414,0,3
1.134,0.45699999999999985,0.8703333333333343,0.23647903360199,0.937658452386998,0.8566666666666668,0.28848685700850785,0.9560679957285138,1.14025,0.35706126925222137,1.1294740134300039,1.6192499999999999,0.6450190593746233,1.27154743607447,0,4
0.483,-0.6509999999999999,0.7646666666666676,0.3342369419039893,0.710329226193499,0.7221666666666667,0.22778535217753948,0.8209057112346527,1.0619166666666666,0.39089837282699913,1.030016472902311,1.5710833333333334,0.6853794199385942,1.2084636411885126,1,0
0.37,-0.11299999999999999,0.6623333333333342,0.4123643211206933,0.5401646130967495,0.6875000000000001,0.26662989329776704,0.692075508024752,0.9775833333333334,0.4233810787916673,0.9284754770711862,1.506375,0.7229888935643426,1.1413865498934317,0,1
0.854,0.484,0.5690000000000008,0.253201500785435,0.6970823065483747,0.7196666666666668,0.27432438219495847,0.7383396485891086,0.92325,0.38991726978005947,0.9170177113679268,1.4097916666666663,0.6409844316882171,1.1183956259019572,0,2
0.242,-0.612,0.48866666666666747,0.3227961172835412,0.46954115327418733,0.6266666666666668,0.33048066004933563,0.596528320420792,0.8183333333333334,0.389709293362812,0.8131688326959381,1.3218750000000001,0.650761447810579,1.0482839758298006,0,3
0.184,-0.057999999999999996,0.4266666666666676,0.37121601976925706,0.32677057663709363,0.5445000000000001,0.37389824819056977,0.47866308601485136,0.7199166666666666,0.3882256743730812,0.7163736276657937,1.2464583333333332,0.6739495516642208,0.9791412577634165,0,4
0.234,0.05000000000000002,0.2200000000000009,0.0314324672909298,0.2803852883185468,0.39450000000000013,0.2501597489604896,0.40875934715346524,0.6255833333333333,0.3528863990097529,0.6421623003325947,1.1685,0.6785182705559657,0.9195299571423432,0,5
0.271,0.037000000000000005,0.22966666666666757,0.043661577311507445,0.2756926441592734,0.3591666666666668,0.25013149874944063,0.3693995336810466,0.5406666666666666,0.2965815335799186,0.5850604079737339,1.09575,0.677188384938526,0.8676475605709558,0,6
0.267,-0.0040000000000000036,0.25733333333333425,0.020305992547246816,0.2713463220796367,0.34200000000000014,0.2527599651843119,0.34014252405789047,0.51475,0.306446829141565,0.5361280375162364,1.0470833333333334,0.6935205659259972,0.8195957557252794,0,7
0.292,0.024999999999999967,0.27666666666666756,0.013428824718824551,0.2816731610398183,0.2483333333333335,0.03782415453966058,0.3263875171842075,0.484,0.3089407121704329,0.49856987789835383,0.9492083333333333,0.62072888285828,0.7773880952672572,0,8
0.263,-0.02899999999999997,0.2740000000000009,0.015716233645360785,0.27233658051990917,0.2518333333333335,0.03809155636936048,0.30827679798871965,0.43925,0.2976945124238664,0.46232835822168405,0.8579583333333334,0.5465963838922213,0.7362370476458766,0,9
0.295,0.03199999999999997,0.2833333333333342,0.017672954855624385,0.28366829025995455,0.2703333333333335,0.022196095752189917,0.30448342713479976,0.4074166666666666,0.29029215952002363,0.4365855338798865,0.7922916666666665,0.5132519068912751,0.7009380838342064,0,10
0.253,-0.04199999999999998,0.27033333333333426,0.0219393102291045,0.2683341451299773,0.27350000000000013,0.01663430190821827,0.289773876524857,0.334,0.18045548431176364,0.40834160559067323,0.7371249999999999,0.49610923696298315,0.66510303712747,1,0
0.274,0.02100000000000002,0.2740000000000009,0.02099999999989452,0.2711670725649886,0.2740000000000002,0.016589153081871297,0.28526705466061214,0.3165833333333333,0.17476345485119765,0.3876736662690312,0.68925,0.4822912930007556,0.6338147941572725,0,1
0.291,0.01699999999999996,0.27266666666666756,0.019035055380242485,0.2810835362824943,0.27800000000000014,0.017435595773411562,0.28690503904329434,0.31,0.1740548502889316,0.3728007945353341,0.6437916666666667,0.4652730828950447,0.6063896106246907,0,2
0.442,0.15100000000000002,0.3356666666666676,0.09247882640544883,0.36154176814124717,0.30300000000000016,0.06995712972938571,0.33121788503092453,0.27566666666666667,0.0607443724791889,0.3834468261452827,0.5994583333333333,0.42880845821948493,0.5932384417747154,1,0
0.258,-0.184,0.3303333333333342,0.09810368664494275,0.3097708840706236,0.30216666666666686,0.07055612423199532,0.31029848930780324,0.277,0.06011050430069918,0.3641473144306238,0.5476666666666666,0.38834113943761056,0.5664193664327382,1,0
0.186,-0.07200000000000001,0.29533333333333417,0.13202020047450688,0.2478854420353118,0.2840000000000002,0.08526898615542393,0.27478463521985946,0.2771666666666667,0.05983132857291008,0.3367400352874509,0.49854166666666666,0.35345831550140744,0.5359858171181191,0,1
0.207,0.02099999999999999,0.2170000000000009,0.03702701716308446,0.2274427210176559,0.2763333333333335,0.09051997937825912,0.2554175965856139,0.27491666666666664,0.06206808334167109,0.3167800298586123,0.45025000000000004,0.30574189882258984,0.5096669517486696,0,2
0.205,-0.0020000000000000018,0.19933333333333422,0.011590225766938975,0.21622136050882795,0.2648333333333335,0.0951407728928051,0.24101256898972423,0.2694166666666667,0.06528741815777872,0.29958310218805656,0.4050416666666667,0.25159603217417253,0.48529359560877605,0,3
0.181,-0.023999999999999994,0.19766666666666755,0.014468356275977227,0.19861068025441397,0.24650000000000016,0.09958463736929225,0.2238661207069459,0.26225000000000004,0.07011824428656141,0.2813395480052786,0.3885,0.2527781292135173,0.46095010796007396,0,4
0.407,0.22599999999999998,0.2643333333333342,0.12413433583553289,0.30280534012720695,0.2406666666666668,0.08593175586847993,0.27619008621924707,0.2718333333333333,0.08149047164981095,0.3006719252352357,0.3779166666666667,0.24610212031426767,0.45663409932326804,1,0
2.412,2.005,1.0000000000000009,1.2280378658657063,1.3574026700636035,0.5996666666666668,0.8919667407850161,0.886421490156605,0.45091666666666663,0.6229280504686049,0.6254916290451995,0.44508333333333333,0.47749763638536863,0.6130633713774066,1,0
2.043,-0.3689999999999998,1.6206666666666676,1.0671365111049915,1.7002013350318017,0.9091666666666668,1.031055074507006,1.2168724929690036,0.5965833333333334,0.7701373500089436,0.8435698399613227,0.502,0.57732125033377,0.7274583016672141,0,1
1.789,-0.2540000000000002,2.081333333333334,0.3132639994211519,1.744600667515901,1.1728333333333334,1.0177741235984785,1.3803374949778597,0.7245833333333334,0.8329262172205547,0.9890206338134269,0.5292916666666666,0.6222317811657847,0.8123816375338371,0,2
2.406,0.6170000000000002,2.0793333333333344,0.31010052133676824,2.0753003337579505,1.539666666666667,0.9955821747433286,1.6733839249841855,0.9022499999999999,0.9475700142038004,1.207017459380592,0.6094166666666666,0.730419052841323,0.9398711065311302,0,3
1.407,-0.9990000000000001,1.8673333333333344,0.504085640872,1.7411501668789753,1.7440000000000004,0.758555469296736,1.597274232131561,0.9952500000000001,0.9368290932715574,1.2377840040912702,0.652625,0.7461433486530072,0.9772414180086397,0,4
3.373,1.9660000000000002,2.3953333333333346,0.9830434035856892,2.5570750834394875,2.2383333333333337,0.674820173577127,2.1046244515225436,1.2395,1.1396111378248954,1.566278772692613,0.7575833333333333,0.9301773050556402,1.1689021045679486,1,0
2.237,-1.1360000000000001,2.339000000000001,0.9869609921369754,2.397037541719744,2.209166666666667,0.6695743175082683,2.1424460368018168,1.4044166666666669,1.127795231118371,1.6694666538168266,0.8407083333333333,0.9703719358269665,1.2543499362025128,0,1
2.01,-0.2270000000000003,2.540000000000001,0.7302732365354787,2.203518770859872,2.203666666666667,0.6713454153166337,2.104604312001298,1.5564166666666666,1.0700928981196287,1.7218563993834686,0.9167916666666667,0.9880667984445186,1.314801941306312,0,2
1.944,-0.06599999999999984,2.0636666666666676,0.15369558657728477,2.073759385429936,2.2295000000000003,0.6549805340618887,2.0587173657152125,1.7011666666666665,0.9850681410056095,1.756032337939858,0.9880416666666667,0.9982912130307912,1.365137786001807,0,3
2.12,0.17600000000000016,2.0246666666666675,0.08891194145521482,2.096879692714968,2.1818333333333335,0.6499542804433733,2.0762266897965804,1.8607500000000001,0.8689207647734917,1.8120273628721875,1.0650833333333332,1.0118041104734705,1.4255267631216624,0,4
1.884,-0.2360000000000002,1.9826666666666675,0.12265942007581579,1.990439846357484,2.2613333333333334,0.5590383409630005,2.0213047784261287,2.002666666666667,0.6903591072548405,1.8231000762764664,1.1324583333333333,1.0101858623289444,1.4622046220719294,0,5
1.354,-0.5299999999999998,1.7860000000000007,0.39229070853131537,1.672219923178742,1.9248333333333336,0.30681487360729487,1.8306462703043775,2.081583333333333,0.5259134837824996,1.7509308337723946,1.1767083333333332,0.9949143060833295,1.4535482523061751,0,6
2.019,0.665,1.7523333333333344,0.35150865328372016,1.845609961589371,1.8885000000000003,0.273560048252652,1.884461621645984,2.0488333333333335,0.515602530731738,1.7921722439612569,1.249875,0.9893512284628083,1.4987843921216812,1,0
1.303,-0.7160000000000002,1.5586666666666675,0.39947507223021334,1.5743049807946856,1.7706666666666668,0.35182817776104675,1.7183297297471314,1.9871666666666667,0.5588060052604615,1.716914975659525,1.291875,0.9682225899531838,1.4831216407519467,1,0
1.302,-0.0009999999999998899,1.541333333333334,0.4136717700464151,1.4381524903973428,1.6636666666666666,0.38466227611589054,1.5993783783908082,1.9465833333333336,0.5912486722388862,1.6530819024811365,1.3355833333333333,0.9426248235491222,1.468631909491791,0,1
0.745,-0.557,1.1166666666666676,0.3218731634251807,1.0915762451986715,1.4345,0.4605278493207425,1.3552702702791488,1.8081666666666667,0.6638834554530233,1.5133769944071154,1.3552083333333333,0.9242868451414035,1.4107413567324478,0,2
1.595,0.85,1.2140000000000009,0.43177887859412484,1.3432881225993358,1.3863333333333336,0.4171856501207282,1.4237644787708206,1.8238333333333336,0.6557240042098303,1.5259343798829437,1.4095416666666667,0.8969308043286411,1.425482048193852,1,0
2.506,0.9109999999999998,1.615333333333334,0.8806760660613722,1.9246440612996678,1.5783333333333334,0.6167079265476135,1.732974627693443,1.7515833333333333,0.498407182629799,1.6767137060547985,1.4955416666666668,0.8990751760011229,1.5119234843383438,0,1
0.879,-1.6269999999999998,1.6600000000000008,0.8154452771339111,1.401822030649834,1.3883333333333336,0.6292731256510599,1.4889818769238878,1.6384166666666664,0.5312591318288276,1.5539885205079065,1.5214166666666669,0.8703891641682187,1.4612896055912763,1,0
0.966,0.08699999999999997,1.4503333333333341,0.9152684487806481,1.183911015324917,1.3321666666666667,0.6530051811943409,1.3395584835170629,1.5514166666666667,0.5500281742095101,1.4635287481220747,1.5539166666666666,0.8320764448924923,1.4216664371439742,0,1
1.46,0.494,1.1016666666666675,0.31335975065941857,1.3219555076624585,1.3585,0.6547288751842152,1.3739703453693306,1.5110833333333333,0.5361949201775856,1.4629858637956017,1.6061249999999998,0.7816731393230372,1.4247331221724564,0,2
1.272,-0.18799999999999994,1.2326666666666675,0.24933778962149594,1.2969777538312293,1.4463333333333335,0.5879049809847295,1.3448359609780933,1.4404166666666667,0.5035339581097805,1.4336034232116628,1.6505833333333335,0.7269456003010842,1.41251447239866,0,3
0.824,-0.44800000000000006,1.1853333333333342,0.3267374073064382,1.0604888769156147,1.3178333333333334,0.6315512383541448,1.1960256864129237,1.352083333333333,0.511555641394394,1.3398182811790993,1.6773749999999998,0.6808142703059158,1.3654333146067672,0,4
0.593,-0.23099999999999998,0.8963333333333342,0.3452308406462733,0.8267444384578073,0.9990000000000002,0.31559467676116437,1.0237326331520884,1.2886666666666666,0.5564926420053247,1.2249231609976994,1.685125,0.6666353094980552,1.3036386494382257,0,5
0.411,-0.182,0.6093333333333342,0.20698389631401698,0.6188722192289037,0.9210000000000002,0.3982059768511555,0.8486661665372061,1.1546666666666667,0.5582411230957084,1.0997042131518995,1.60175,0.6962469108510048,1.2322275574831678,0,6
0.426,0.015000000000000013,0.4766666666666676,0.10102639919016902,0.5224361096144519,0.8310000000000001,0.44435121244347026,0.7279044046694328,1.0815833333333333,0.5933589222435838,0.9960574111285303,1.534375,0.7291512524250676,1.1677293528845145,0,7
0.335,-0.09099999999999997,0.39066666666666755,0.048788659884558855,0.4287180548072259,0.6435000000000001,0.35402754130149255,0.6156460033353093,1.001,0.6254963120304095,0.8943562709549102,1.4737916666666668,0.7665221843221314,1.1011110046537533,0,8
0.22,-0.11500000000000002,0.3270000000000009,0.10323274674248317,0.32435902740361294,0.4681666666666668,0.21286936526105582,0.5026042880966495,0.95725,0.6623071417401502,0.7906091523464625,1.3827083333333334,0.7806816129492875,1.0306221242814533,0,9
0.267,0.047000000000000014,0.2740000000000009,0.057818682101873776,0.29567951370180645,0.3753333333333335,0.13319859859114058,0.4352887772118925,0.8465833333333332,0.6569843582382344,0.7100538981393144,1.335208333333333,0.8131455818725449,0.9695323543389371,0,10
0.233,-0.034,0.2400000000000009,0.024269322198970752,0.2643397568509032,0.3153333333333335,0.08943079260882776,0.37749198372278037,0.6571666666666666,0.41997723603534465,0.6366609907332661,1.204375,0.7180645370353725,0.9106097659918222,0,11
0.235,0.001999999999999974,0.2450000000000009,0.019078784028272528,0.2496698784254516,0.2860000000000002,0.08015984031905367,0.33677998837341455,0.6035,0.4300785340546009,0.5748669921589175,1.1209583333333333,0.709119385249218,0.8565609847124765,0,12
0.214,-0.02099999999999999,0.22733333333333425,0.011590225767031306,0.2318349392127258,0.2506666666666668,0.04521356728508016,0.3016999916952961,0.5408333333333333,0.42723441156378283,0.5193489933652379,1.046125,0.7059786492953352,0.8051561059354785,0,13
0.232,0.018000000000000016,0.2270000000000009,0.011357816691487065,0.2319174696063629,0.23350000000000015,0.018382056467534307,0.2817857083537829,0.43849999999999995,0.32088896408685846,0.475141455924432,0.9747916666666666,0.6977551569554801,0.7593036174606402,0,14
0.324,0.092,0.2566666666666676,0.05900282479111345,0.27795873480318145,0.25083333333333346,0.03973621354183702,0.29384693453841637,0.3595,0.18492332563429265,0.4518889242437502,0.8999583333333333,0.6651400296613983,0.7244793280637891,1,0
0.267,-0.056999999999999995,0.27433333333333426,0.04643633634699098,0.27247936740159073,0.2508333333333335,0.03973621354183702,0.2861763818131545,0.3130833333333333,0.11405936120634022,0.4234444743600963,0.8325833333333333,0.6426443953233965,0.6878809818186861,0,1
0.289,0.021999999999999964,0.2933333333333343,0.028746014216425288,0.2807396837007954,0.2601666666666668,0.04125732258208924,0.28698312986653896,0.28775,0.0723817217008153,0.40276070907392764,0.7882083333333334,0.6418438100108694,0.6559705032731913,0,2
0.28,-0.008999999999999952,0.27866666666666756,0.011060440015247391,0.2803698418503977,0.2676666666666668,0.039832984656470956,0.2849879499046707,0.2768333333333333,0.061103240999285456,0.38387444613947724,0.71575,0.5931706441180913,0.625892863011336,0,3
0.273,-0.007000000000000006,0.28066666666666756,0.0080208062768584,0.27668492092519886,0.27750000000000014,0.030004999583004316,0.28156282136047905,0.26408333333333334,0.03917665894472587,0.36681683904109613,0.6728333333333333,0.5860532448481912,0.597661433970429,0,4
0.307,0.033999999999999975,0.2866666666666676,0.017953644012592734,0.29184246046259943,0.29000000000000015,0.021743964679336276,0.28883058668605643,0.26175,0.035201045955687335,0.35761424841938905,0.631375,0.5746937038639467,0.5744085192527948,0,5
0.259,-0.04799999999999999,0.27966666666666756,0.024684678108715306,0.2754212302312997,0.2791666666666668,0.01711626906316834,0.2803075619186117,0.265,0.032708075177682656,0.3424428255856369,0.611125,0.5790617082457737,0.5491758377125712,1,0
0.434,0.175,0.3333333333333342,0.09042307964967256,0.35471061511564983,0.30700000000000016,0.0642526264052794,0.32421968708472265,0.27891666666666665,0.0587760902739326,0.3565285447263081,0.56275,0.5405064653918824,0.5399617706955655,1,0
0.293,-0.14100000000000001,0.3286666666666676,0.09279188182880556,0.3238553075578249,0.3076666666666668,0.06404893962153534,0.3152997764890876,0.28391666666666665,0.0570413858262609,0.34675492246072226,0.4705416666666667,0.34965038179979735,0.5202048290399203,1,0
0.328,0.03500000000000003,0.3516666666666676,0.07341888948582019,0.3259276537789124,0.3156666666666668,0.06288932076786302,0.3189284117779197,0.2916666666666667,0.05610109921689552,0.3438695497744573,0.4475833333333334,0.3396099958413364,0.5048284427167267,0,1
0.209,-0.11900000000000002,0.2766666666666676,0.06115826463635867,0.2674638268894562,0.3050000000000001,0.07569676347094627,0.2875202941270855,0.29125,0.056745244093962185,0.3231203882706946,0.41604166666666664,0.3241707117589569,0.48116216729938854,0,2
0.152,-0.056999999999999995,0.22966666666666757,0.08980163324422756,0.20973191344472808,0.27916666666666684,0.09803145753605205,0.24880021009077538,0.28458333333333335,0.06793507372804493,0.2967941746905878,0.3615416666666667,0.24007027579196452,0.45482919391543747,0,3
0.213,0.061,0.19133333333333424,0.034122328955255306,0.21136595672236402,0.27150000000000013,0.10165579176798549,0.23857157863626813,0.2753333333333333,0.0696162642091268,0.2839027631997281,0.3174166666666667,0.14325074297296927,0.43548285840220247,0,4
0.17,-0.04299999999999998,0.17833333333333426,0.031342197327734085,0.19068297836118203,0.22750000000000015,0.06920910344727457,0.2189796990259058,0.26725,0.076009718278244,0.26637926116900074,0.29016666666666663,0.09763760263988436,0.4142442297300263,0,5
0.225,0.05499999999999999,0.20266666666666758,0.028919428302279476,0.20784148918059103,0.2161666666666668,0.06147330043719875,0.22069978501850415,0.26191666666666663,0.07658798663615903,0.26001322098915447,0.2748333333333333,0.07406147074737171,0.3991046913516242,0,6
0.745,0.52,0.38000000000000095,0.3172932397640987,0.4764207445902955,0.2856666666666668,0.22674714257657766,0.3704998464417887,0.3006666666666667,0.1594155994040229,0.3346265716062076,0.28875,0.11869297257680848,0.42677631604349425,1,0
3.056,2.311,1.3420000000000007,1.5069661575496647,1.7662103722951477,0.7601666666666668,1.1467378805405566,1.1377856046012775,0.5325833333333333,0.8104554789335084,0.7532994067437142,0.3983333333333334,0.5776509903623955,0.6371142107600147,1,0
1.184,-1.872,1.6616666666666677,1.2273159060866663,1.475105186147574,0.9321666666666668,1.114208493356001,1.1509897175723411,0.6056666666666667,0.8276242376754609,0.8195610364754504,0.43370833333333336,0.5991981220704415,0.6808650738992136,0,1
2.412,1.228,2.2173333333333343,0.9510611617205994,1.943552593073787,1.2986666666666669,1.1894599895190479,1.5112783696945293,0.7850833333333332,0.9672340563157283,1.064551646248458,0.5250416666666666,0.7200738778019549,0.8193558679872766,0,2
0.947,-1.4649999999999999,1.5143333333333342,0.7863817987042517,1.4452762965368935,1.4281666666666668,1.0791881053211505,1.350055978353235,0.8278333333333334,0.9616267309600838,1.0464667775948493,0.5533750000000001,0.7228519490306314,0.8295673985482945,0,3
3.156,2.209,2.1716666666666673,1.123939648439068,2.3006381482684466,1.916666666666667,1.0889664212760006,1.866039984538025,1.0664166666666668,1.1529895890354989,1.3710103502725648,0.6751666666666667,0.892793937307342,1.0156820066644312,1,0
2.414,-0.742,2.1723333333333343,1.1241540523137104,2.3573190741342236,2.1948333333333334,0.9316133139165967,2.022599988955732,1.24025,1.1882508248376173,1.531470296384478,0.7659583333333334,0.9547324450685961,1.1275474461312767,0,1
3.297,0.883,2.9556666666666676,0.4743651898414745,2.8271595370671116,2.2350000000000003,0.9801020355044657,2.386714277825523,1.4975833333333333,1.2757685354564166,1.803090250786866,0.8944166666666665,1.0768371527873577,1.3011036504407745,0,2
1.962,-1.3350000000000002,2.5576666666666674,0.6789965635651899,2.3945797685335557,2.364666666666667,0.8569769347343398,2.265367341303945,1.6484166666666666,1.2073833057358794,1.8275379045119635,0.9664999999999999,1.0884079717842357,1.3539753584055125,0,3
2.166,0.20399999999999996,2.475000000000001,0.719143240251901,2.280289884266778,2.3236666666666665,0.8601382834560176,2.236976672359961,1.8111666666666666,1.125131897991871,1.8796089961255076,1.04325,1.1059356554126645,1.4189373297330716,0,4
1.608,-0.5579999999999998,1.9120000000000008,0.28234022030168,1.944144942133389,2.4338333333333337,0.6698263705369217,2.057269051685686,1.931,1.0045653967580397,1.8378229967215836,1.0991250000000001,1.0988651186169485,1.434062343354426,0,5
1.697,0.08899999999999997,1.8236666666666672,0.2997904823928441,1.8205724710666944,2.190666666666667,0.6180542586752905,1.9543350369183474,2.0536666666666665,0.8562297199544839,1.8161579203028784,1.1577916666666666,1.0912926909490588,1.455097355886072,0,6
1.515,-0.18200000000000016,1.6066666666666676,0.09100732571245793,1.667786235533347,2.040833333333333,0.6605910737110072,1.8288107406559624,2.1178333333333335,0.7741604054285738,1.769825932563974,1.20925,1.077127470152219,1.4598895674151864,0,7
1.58,0.06500000000000017,1.5973333333333342,0.09222978549976883,1.6238931177666736,1.7546666666666668,0.25493816243681194,1.7577219576114018,1.9948333333333335,0.7273943326363742,1.7406219429387473,1.2637083333333334,1.0606478118570273,1.4694984020219717,0,8
1.799,0.21899999999999986,1.6313333333333342,0.1487962813155406,1.7114465588833367,1.7275000000000003,0.2364392099462172,1.769515684008144,2.0460833333333333,0.685532899327674,1.7496031824866325,1.3258750000000001,1.0457552009038207,1.495858529860214,0,9
2.481,0.6819999999999999,1.9533333333333343,0.46990885641083063,2.096223279441668,1.78,0.3573401740638629,1.9727969171486741,2.051833333333333,0.6891608643631019,1.8621257697963813,1.4184583333333334,1.045555021285935,1.574669847471397,0,10
0.673,-1.8079999999999998,1.651000000000001,0.9130410724605986,1.3846116397208341,1.6241666666666668,0.5811404018536802,1.60142636939191,2.0290000000000004,0.7322839737300134,1.6791833436738612,1.428416666666667,1.0368730548548641,1.5025362596736853,1,0
1.952,1.279,1.7020000000000008,0.9295649520071205,1.668305819860417,1.6666666666666667,0.5966495342046765,1.7015902638513642,1.9286666666666665,0.6405705316829735,1.7211551369548057,1.4975416666666665,1.0129106136436152,1.5384933588997907,1,0
1.993,0.04100000000000015,1.5393333333333343,0.750546689642512,1.8306529099302087,1.7463333333333333,0.6042124350480204,1.7848501884652601,1.8935833333333332,0.6228568284829832,1.7629774235771434,1.5669166666666667,0.9859857974401177,1.5748538901878075,0,1
0.527,-1.4660000000000002,1.4906666666666677,0.8348115555820566,1.1788264549651044,1.5708333333333335,0.7873587280691415,1.4254644203323288,1.66275,0.5661689636977183,1.5728270507191213,1.5801666666666667,0.9689335090332762,1.4910255789727829,0,2
0.464,-0.063,0.9946666666666676,0.8651556700001055,0.8214132274825522,1.3483333333333336,0.8917007719334183,1.1507603002373776,1.5379166666666668,0.652719549734849,1.4022382736854104,1.5931666666666666,0.9508634824825499,1.4088635326549603,0,3
0.867,0.40299999999999997,0.6193333333333343,0.21678637718576796,0.844206613741276,1.0793333333333335,0.7057242143122563,1.0696859287409841,1.4296666666666669,0.6467748425609187,1.319893923887655,1.6204166666666666,0.9184080705535929,1.3655144500425636,0,4
1.11,0.2430000000000001,0.8136666666666675,0.32628566216328114,0.9771033068706381,1.1521666666666668,0.6773830280326281,1.0812042348149888,1.3881666666666668,0.6502595053072493,1.287602550981862,1.6595833333333332,0.8727738845904998,1.3450732940391585,0,5
0.354,-0.7560000000000001,0.7770000000000009,0.38595206956304484,0.665551653435319,0.8858333333333336,0.6108968543597598,0.8734315962964205,1.2762499999999999,0.7054998389278894,1.1439713892923449,1.664958333333333,0.863907023940942,1.2657874305160257,0,6
0.443,0.08900000000000002,0.6356666666666676,0.4131880120881174,0.5542758267176595,0.6275000000000002,0.29524278145279076,0.750451140211729,1.1869166666666666,0.7395679891707497,1.0361296370935227,1.6523750000000001,0.8799400084541351,1.1999644360747437,0,7
0.884,0.441,0.5603333333333342,0.2838139061662235,0.7191379133588298,0.6870000000000003,0.30668941944576594,0.7886079572940922,1.1289166666666668,0.733202496937345,1.012725077540673,1.561875,0.8400942655440529,1.1746872811887643,0,8
0.226,-0.658,0.5176666666666675,0.33529439800469346,0.4725689566794149,0.6473333333333335,0.3531694588531789,0.6278628266386374,0.9978333333333333,0.743058646080616,0.8916904502267233,1.5219583333333333,0.8806118169213099,1.0987922986936633,0,9
0.25,0.023999999999999994,0.45333333333333425,0.37316126987313347,0.36128447833970745,0.5445000000000002,0.36600969932500366,0.5199020190275981,0.8119166666666668,0.604392175259706,0.7929688424995351,1.431875,0.8960521778528207,1.0308889147981704,0,10
0.201,-0.04899999999999999,0.22566666666666757,0.024501700621156895,0.2811422391698537,0.3930000000000002,0.2570229561731366,0.4287871564482844,0.7725833333333333,0.6291079482935091,0.7018967128842221,1.4007916666666667,0.9260406592241142,0.9644978016143168,0,11
0.241,0.03999999999999998,0.23066666666666755,0.026083200212566264,0.26107111958492685,0.3741666666666668,0.26448396296683957,0.375133683177346,0.63,0.5223323567510438,0.6309895262866495,1.2793333333333334,0.8756113226802152,0.9066179774851714,0,12
0.221,-0.01999999999999999,0.2210000000000009,0.019999999999886272,0.24103555979246344,0.33716666666666684,0.2684275817918945,0.3310954879838186,0.48233333333333334,0.30880836462216454,0.5679142145502419,1.1879583333333332,0.8664320881672117,0.8517685392863578,0,13
0.197,-0.023999999999999994,0.21966666666666756,0.022030282189041062,0.21901777989623172,0.22266666666666682,0.021096603201536827,0.2927824914170133,0.45483333333333337,0.31899468030143685,0.5108504892348201,1.0587916666666668,0.7632803906233551,0.7993870561434492,0,14
0.284,0.08699999999999997,0.23400000000000087,0.04493328387727181,0.2515088899481158,0.2323333333333335,0.03290997822307373,0.29027320815500945,0.43983333333333335,0.3227345752481689,0.4759504139679247,0.9888750000000001,0.7537421605331716,0.7581560916519733,1,0
0.275,-0.008999999999999952,0.2520000000000009,0.04784349485557632,0.2632544449740579,0.23650000000000015,0.03693101677420432,0.28590943439643535,0.3905,0.2956083096384182,0.4450349656651671,0.9100833333333335,0.7235758375965979,0.7195036043198155,0,1
0.252,-0.02300000000000002,0.2703333333333342,0.01650252505918277,0.25762722248702896,0.24500000000000013,0.0327597313782736,0.27622102456888237,0.319,0.19102165512654154,0.4153372786397568,0.8535833333333334,0.7196405453368704,0.6821033159742302,0,2
0.285,0.032999999999999974,0.27066666666666755,0.016921386861866738,0.2713136112435145,0.25233333333333346,0.03640695904141653,0.2787293032634874,0.31325,0.1909107954469639,0.39528538961825577,0.7947500000000001,0.7052646897503727,0.6503350506962919,0,3
0.248,-0.03699999999999998,0.26166666666666755,0.020305992547248818,0.25965680562175725,0.25683333333333347,0.03329514479084638,0.2699495023310624,0.297,0.18712416879031238,0.3726260989077549,0.7419583333333334,0.6963709955230692,0.6181482466405885,0,4
0.298,0.04999999999999999,0.27700000000000086,0.025942243542061764,0.2788284028108786,0.2736666666666668,0.01978551658773629,0.27796393023647314,0.24816666666666665,0.03300918145936253,0.36114516061425417,0.6885416666666666,0.6782251119917521,0.5925363869093414,1,0
0.245,-0.05299999999999999,0.26366666666666755,0.029771350881828185,0.2619142014054393,0.26716666666666683,0.021994696329877453,0.2685456644546237,0.24975,0.03229726979753381,0.34327667436590736,0.6237916666666666,0.6407449454696617,0.5647334759565941,1,0
0.405,0.16000000000000003,0.3160000000000009,0.08150460109709012,0.33345710070271967,0.2888333333333335,0.060891433442182466,0.30753261746758837,0.26266666666666666,0.05524710331097371,0.35277257061730627,0.5372916666666667,0.5048381987172219,0.5519547978800665,1,0
0.864,0.45899999999999996,0.5046666666666676,0.32131033804303555,0.5987285503513599,0.3908333333333334,0.23898737763037764,0.46652329819113453,0.3179166666666667,0.17958105707623148,0.43142294436848994,0.5452500000000001,0.5085622744133831,0.5769184140496612,0,1
0.269,-0.595,0.5126666666666676,0.3117696799455165,0.43386427517567994,0.38816666666666677,0.24048901568812805,0.41008807013652465,0.32025,0.17867040503780773,0.40643479908103,0.47512499999999996,0.41325676958603624,0.5522849409256883,1,0
0.258,-0.01100000000000001,0.46366666666666756,0.34674245966326306,0.34593213758783997,0.3898333333333335,0.2393553146822621,0.3666343358118033,0.32333333333333336,0.17711441260249197,0.38359867614548687,0.4028333333333334,0.2592413122382394,0.5287421456516332,0,1
0.153,-0.10500000000000001,0.22666666666666757,0.06403384521742246,0.24946606879391997,0.3656666666666668,0.25714094708281,0.3055959541512881,0.3196666666666667,0.18039266933976497,0.3481219567384889,0.38725000000000004,0.26267110365558266,0.49868277399950256,0,2
0.18,0.026999999999999996,0.19700000000000087,0.05452522352081998,0.21473303439695998,0.3548333333333335,0.26450513542584453,0.26971139582234865,0.311,0.1847086157364713,0.3222570403171829,0.3754166666666667,0.26544563296080154,0.4731881520795424,0,3
0.186,0.006000000000000005,0.1730000000000009,0.017578395831113158,0.20036651719847998,0.3183333333333335,0.2712229095534594,0.24579385415882046,0.3035833333333333,0.18804228650801458,0.30129441872992396,0.3470416666666667,0.2463218960004665,0.45021309991317904,0,4
0.154,-0.032,0.17333333333333423,0.01700980109609253,0.17718325859924,0.20000000000000015,0.051080328894557644,0.21956703868487176,0.2954166666666667,0.192560006389221,0.2786337389253203,0.30720833333333336,0.1879629887635233,0.4265160519201247,0,5
0.201,0.047000000000000014,0.18033333333333423,0.02400694343994369,0.18909162929962,0.18866666666666684,0.03876940374370924,0.2142621704891941,0.2884166666666667,0.19449022332679805,0.2666900867829633,0.30083333333333334,0.18889925234426064,0.40847476776651476,0,6
0.331,0.13,0.22866666666666755,0.09168605855487967,0.26004581464981,0.2008333333333335,0.06645123525294964,0.24761583606371007,0.29533333333333334,0.19439806084582437,0.2765839195855843,0.2961666666666667,0.18660389731391558,0.4022767863451936,0,7
0.323,-0.008000000000000007,0.2850000000000009,0.0728560224003183,0.29152290732490505,0.22916666666666682,0.07732895102510533,0.26915416861693575,0.2974166666666667,0.1945631275603663,0.28372485503395595,0.27279166666666665,0.13877444294422958,0.3959346434375781,0,8
0.511,0.188,0.38833333333333425,0.10630772941479548,0.4012614536624525,0.2843333333333335,0.13315504746964604,0.33825297758352557,0.31958333333333333,0.20301744588419976,0.3186902619518089,0.2846666666666667,0.14657114807923136,0.40513987196257184,0,9
1.083,0.572,0.6390000000000009,0.3958383508453885,0.7421307268312263,0.4338333333333335,0.3413938585660925,0.5510378411310897,0.3760833333333333,0.30008770182713107,0.43627637549768444,0.319375,0.218824291732346,0.4593686822055661,0,10
2.141,1.058,1.2450000000000008,0.8269873034091872,1.4415653634156131,0.7650000000000002,0.7430789998378247,1.005312743665064,0.4825,0.5824363406494315,0.6985415484980406,0.40020833333333333,0.42980389655369977,0.5938991876291209,0,11
2.075,-0.06599999999999984,1.7663333333333344,0.5927034109344524,1.7582826817078065,1.0773333333333335,0.845402073966377,1.3109376740464742,0.633,0.7354790646547755,0.9103043871906498,0.476625,0.5472561448202011,0.7123872526187912,0,12
2.053,-0.02200000000000024,2.0896666666666674,0.04579665198827742,1.9056413408539032,1.3643333333333336,0.8335731921473089,1.5229554814617674,0.7825833333333333,0.8288818819605314,1.086103712238242,0.5529583333333333,0.6313555106254265,0.819636272409288,0,13
3.973,1.92,2.7003333333333344,1.102216554644929,2.9393206704269517,1.9726666666666668,1.1810648867300475,2.2229682010441194,1.1009166666666665,1.210704036976635,1.5302416026631278,0.7102916666666667,0.9358537826691865,1.0719053706165451,0,14
2.646,-1.327,2.8906666666666676,0.9831054538213784,2.792660335213476,2.3285000000000005,0.9520268378569989,2.343834429317228,1.3064166666666666,1.2488641718365432,1.7018967407149543,0.8087083333333333,1.0103097880123786,1.1978329409672215,0,15
3.618,0.972,3.412333333333334,0.6869907811123379,3.205330167606738,2.751,0.8452547544971284,2.707881735226591,1.5924166666666666,1.3572301645988323,1.996681857528038,0.948,1.153789936423134,1.3914463056898436,0,16
1.915,-1.7029999999999998,2.726333333333334,0.8543373650574679,2.560165083803369,2.7133333333333334,0.8821067206787776,2.4813440965904223,1.7391666666666667,1.280603610045126,1.98411541790834,1.0172916666666667,1.1600929302793177,1.4333306012346563,0,17
1.183,-0.732,2.2386666666666675,1.2493503645228328,1.8715825419016845,2.5646666666666667,1.0669959075210484,2.1103886404217302,1.821,1.2023615399401608,1.8608668920762876,1.0547083333333334,1.1498840576399385,1.4133041531358839,0,18
1.391,0.20799999999999996,1.4963333333333342,0.37719667725648437,1.6312912709508423,2.4543333333333335,1.160607714374958,1.9048490288726645,1.9093333333333333,1.1189919435353284,1.7885796779107048,1.1023333333333334,1.1386346769426219,1.4115198208850133,0,19
1.089,-0.30200000000000005,1.221000000000001,0.15454449197560532,1.360145635475421,1.9736666666666667,0.9906154989029089,1.6717493063376176,1.9731666666666667,1.0392816429309886,1.6809520351552119,1.1352916666666666,1.1257152500856331,1.3857182352142123,0,20
1.089,0.0,1.1896666666666675,0.17435978129526067,1.2245728177377107,1.714166666666667,0.9831741283550215,1.50524950452687,2.021333333333333,0.9768757558790391,1.5898824912851794,1.1704583333333332,1.109763859690592,1.3619807763970755,0,21
1.826,0.7370000000000001,1.3346666666666678,0.42550714839275244,1.5252864088688554,1.4155,0.3703704901851474,1.5968925032334784,2.08325,0.9346282805090341,1.6262082618566902,1.2296666666666667,1.1050460807494449,1.3991023142853094,0,22
1.089,-0.7370000000000001,1.3346666666666673,0.42550714839275244,1.3071432044344276,1.2778333333333334,0.29300540381817447,1.4517803594524847,1.9955833333333333,0.9770922965926032,1.543560836955661,1.2390416666666668,1.1027610202367608,1.3742941291424848,1,0
3.886,2.797,2.267000000000001,1.449711350579833,2.596571602217214,1.7283333333333335,1.0959105194616285,2.1472716853232034,2.1465,1.119896951428203,1.9039360928086364,1.38975,1.2066874978184303,1.5752305988110862,1,0
1.517,-2.369,2.164000000000001,1.5065719365499952,2.0567858011086066,1.7493333333333334,1.089341207641874,1.9671940609451455,2.1018333333333334,1.1345582907684895,1.8444074631457692,1.4422083333333335,1.1824710302239294,1.5705721509061992,1,0
2.923,1.4060000000000001,2.775333333333334,1.1913833695890412,2.4898929005543033,2.055,1.1237599387769586,2.2402814721036752,2.0143333333333335,1.010878226038522,2.0103447765079587,1.5576249999999998,1.1863434803044486,1.6787663788337033,0,1
1.209,-1.714,1.883000000000001,0.9137373802138127,1.8494464502771517,2.0749999999999997,1.1040237316289871,1.9456296229311967,1.8945833333333333,1.014356084001825,1.8870609647375034,1.6005,1.1525023813990307,1.641185068527007,0,2
1.089,-0.1200000000000001,1.7403333333333346,1.025975308344862,1.4692232251385757,1.9521666666666668,1.1759259188684716,1.700878302093712,1.6838333333333335,0.8771811084204335,1.7642823547778876,1.6381249999999998,1.1185562632833619,1.5970102630448466,0,3
0.578,-0.511,0.9586666666666676,0.3350825768871495,1.0236116125692878,1.8670000000000002,1.265998894154332,1.380055930066937,1.5724166666666666,0.9285560107777662,1.581777377119751,1.6557916666666668,1.0972418773082093,1.515489442001259,0,4
1.149,0.5710000000000001,0.9386666666666675,0.3137838959113938,1.0863058062846438,1.4108333333333334,0.8005499151624793,1.3140399500478122,1.5695833333333333,0.9299031678164966,1.5151962421782508,1.6952916666666666,1.0589902277812742,1.4861702866411584,0,5
