value,value_diff,value_rolling_mean_3,value_volatility_3,value_ewm_3,value_rolling_mean_6,value_volatility_6,value_ewm_6,value_rolling_mean_12,value_volatility_12,value_ewm_12,value_rolling_mean_24,value_volatility_24,value_ewm_24,drift_flag,time_since_last_spike
0.553,0.0,0.669,0.0,0.553,0.5708333333333333,0.0,0.553,0.34,0.0,0.553,0.36233333333333334,0.0,0.553,0,1
0.637,0.08399999999999996,0.669,0.0,0.595,0.5708333333333333,0.0,0.577,0.34,0.0,0.565923076923077,0.36233333333333334,0.0,0.5597200000000001,1,0
0.817,0.17999999999999994,0.669,0.13487772240069892,0.706,0.5708333333333333,0.0,0.6455714285714286,0.34,0.0,0.6045502958579883,0.36233333333333334,0.0,0.5803024000000001,1,0
0.74,-0.07699999999999996,0.7313333333333333,0.09031242070354087,0.723,0.5708333333333333,0.0,0.6725510204081633,0.34,0.0,0.6253887118798361,0.36233333333333334,0.0,0.5930782080000001,1,0
0.475,-0.265,0.6773333333333333,0.17940549972989503,0.599,0.5708333333333333,0.0,0.6161078717201166,0.34,0.0,0.602251986975246,0.36233333333333334,0.0,0.5836319513600001,1,0
0.203,-0.27199999999999996,0.4726666666666666,0.2685076038650179,0.401,0.5708333333333333,0.21835605479735767,0.4980770512286547,0.34,0.0,0.5408286043636698,0.36233333333333334,0.0,0.5531813952512001,0,1
0.102,-0.10100000000000002,0.26,0.19292226413765742,0.2515,0.4956666666666667,0.2911986721581447,0.38491217944903905,0.34,0.0,0.4733165113846436,0.36233333333333334,0.0,0.5170868836311041,0,2
0.182,0.08,0.16233333333333333,0.05329477773040619,0.21675,0.41983333333333334,0.3059054864932413,0.3269372710350279,0.34,0.0,0.4284985865562369,0.36233333333333334,0.0,0.49027993294061584,0,3
0.142,-0.04000000000000001,0.142,0.04000000000000083,0.179375,0.3073333333333333,0.24956094779966403,0.2740980507393056,0.34,0.0,0.3844218809322005,0.36233333333333334,0.0,0.4624175383053666,0,4
0.087,-0.05499999999999999,0.13699999999999998,0.04769696007084798,0.13318750000000001,0.1985,0.1426053996172654,0.2206414648137897,0.34,0.0,0.3386646684810927,0.36233333333333334,0.0,0.4323841352409373,0,5
0.047,-0.039999999999999994,0.09199999999999998,0.04769696007084799,0.09009375,0.12716666666666668,0.05941520568563758,0.17102961772413552,0.34,0.0,0.29379318102246305,0.36233333333333334,0.0,0.4015534044216623,0,6
0.095,0.048,0.07633333333333332,0.025716402029315893,0.092546875,0.10916666666666668,0.046884610125995686,0.14930686980295393,0.34,0.28425276843618663,0.2632096147113149,0.36233333333333334,0.0,0.3770291320679293,0,7
0.083,-0.011999999999999997,0.075,0.024979991993594984,0.0877734375,0.10599999999999998,0.04809157930448896,0.13036204985925282,0.30083333333333334,0.28461579632049855,0.23548505860188182,0.36233333333333334,0.0,0.35350680150249497,0,8
0.158,0.075,0.11199999999999999,0.0402864741569682,0.12288671875,0.102,0.0409780429010458,0.13825860704232346,0.2609166666666667,0.26617508193372313,0.22356428035543846,0.36233333333333334,0.0,0.33786625738229537,0,9
0.141,-0.017000000000000015,0.12733333333333333,0.03932344508475063,0.13194335937499999,0.10183333333333333,0.0407843924395916,0.13904186217308817,0.2045833333333333,0.20145175751544236,0.2108620833776787,0.36233333333333334,0.0,0.32211695679171176,0,10
0.177,0.036000000000000004,0.15866666666666665,0.018009256878988567,0.15447167968749997,0.11683333333333333,0.04979323916624242,0.1498870444093487,0.15766666666666668,0.1104069606940475,0.20565253208880505,0.36233333333333334,0.0,0.3105076002483748,0,11
0.289,0.11199999999999999,0.20233333333333334,0.077183763404834,0.22173583984374998,0.15716666666666665,0.0740281477997837,0.18963360314953476,0.14216666666666666,0.0658867255679062,0.21847521945975812,0.36233333333333334,0.0,0.3087869922285048,0,12
0.855,0.5660000000000001,0.4403333333333333,0.3634519683993105,0.5383679199218749,0.2838333333333333,0.28783357459939696,0.37973828796395337,0.19649999999999998,0.21674387901601527,0.3164021087736415,0.36233333333333334,0.0,0.35248403285022445,0,13
0.972,0.11699999999999999,0.7053333333333333,0.36527021960917283,0.7551839599609375,0.432,0.37835433128219903,0.5489559199742524,0.26899999999999996,0.30839054342299027,0.4172633228084659,0.36233333333333334,0.0,0.4020453102222065,0,14
0.583,-0.389,0.8033333333333333,0.19958039315857995,0.6690919799804687,0.5028333333333334,0.3559159544986241,0.5586827999816089,0.30241666666666667,0.3196274701851668,0.44276127314562497,0.36233333333333334,0.0,0.41652168540443,0,15
0.421,-0.16199999999999998,0.6586666666666666,0.2831860401455788,0.5450459899902343,0.5495,0.3149880950131291,0.5193448571297206,0.32566666666666666,0.31703465062508496,0.439413384969375,0.36233333333333334,0.0,0.4168799505720756,0,16
0.294,-0.127,0.4326666666666667,0.14485279884535693,0.41952299499511714,0.569,0.2899413733843448,0.45496061223551465,0.3429166666666667,0.30838154004807783,0.4170420949740865,0.36233333333333334,0.0,0.4070495545263096,0,17
0.457,0.16300000000000003,0.39066666666666666,0.08562904491662543,0.4382614974975586,0.597,0.26448818499131493,0.45554329445393904,0.3770833333333334,0.29503942982509157,0.4231894649780732,0.36233333333333334,0.0,0.41104559016420483,0,18
0.186,-0.271,0.3123333333333333,0.1364270256706254,0.31213074874877933,0.4855,0.27478482490850914,0.37853092460995647,0.38466666666666666,0.28822066462200713,0.3866987780583696,0.36233333333333334,0.2808797772630887,0.3930419429510685,0,19
0.558,0.37200000000000005,0.4003333333333334,0.19236510425057207,0.4350653743743897,0.4164999999999999,0.15332416639264668,0.4298078032928261,0.42425,0.2753546886207942,0.4130528122032358,0.3625416666666666,0.2810291612853613,0.40623858751498304,1,0
1.699,1.141,0.8143333333333334,0.788398587855999,1.067032687187195,0.6025,0.5526390322805655,0.7924341452091614,0.5526666666666666,0.44621954101975275,0.6108908410950457,0.40679166666666666,0.38899424150948075,0.5096595005137844,1,0
1.909,0.20999999999999996,1.3886666666666667,0.7270009170099672,1.4880163435935976,0.8504999999999999,0.752598897155716,1.1114529608636867,0.7000000000000001,0.5720708792702972,0.8105999424650386,0.4522916666666667,0.48985148407377044,0.6216067404726816,0,1
1.45,-0.4590000000000001,1.686,0.22977597785669357,1.4690081717967987,1.0431666666666668,0.7292476716909467,1.2081806863312048,0.8060833333333334,0.5841733021712795,0.9089691820858019,0.481875,0.5279408162235447,0.6878782012348671,0,2
0.92,-0.5299999999999999,1.4263333333333332,0.49492457337793716,1.1945040858983993,1.1203333333333334,0.6774749195849739,1.125843347379432,0.8586666666666667,0.5613510218187633,0.9106662309956786,0.5004166666666666,0.5354498244399317,0.7064479451360778,0,3
0.61,-0.31000000000000005,0.9933333333333335,0.42477444995354086,0.9022520429491996,1.191,0.5748669411263795,0.9784595338424514,0.83825,0.5659331995594854,0.8644098877655741,0.517375,0.5320550651871518,0.6987321095251915,0,4
0.725,0.11499999999999999,0.7516666666666666,0.15671098663888644,0.8136260214745998,1.2188333333333332,0.5411430186805212,0.9060425241731795,0.8176666666666668,0.5651175796131976,0.8429622127247166,0.5433333333333333,0.5260723761304487,0.7008335407631763,0,5
1.516,0.791,0.9503333333333334,0.4932446992450434,1.1648130107373,1.1883333333333332,0.5130975215947422,1.0803160886951282,0.8954166666666667,0.593372251447503,0.9465064876901448,0.5989166666666667,0.5558647721591433,0.7660468575021222,0,6
1.503,-0.013000000000000123,1.248,0.45297792440691853,1.3339065053686499,1.1206666666666667,0.41677987795317906,1.20108292049652,0.9855833333333334,0.5969256780802072,1.0321208741993533,0.655625,0.5762730189687041,0.8250031089019525,0,7
1.457,-0.04599999999999982,1.492,0.031000000000002775,1.3954532526843249,1.1218333333333332,0.41789444440751644,1.274202086068943,1.0825,0.5681513082717571,1.0974868935532989,0.7127083333333334,0.5852813131987986,0.8755628601897963,0,8
1.143,-0.31400000000000006,1.3676666666666666,0.1959217530886588,1.2692266263421623,1.159,0.40610392758504593,1.2367157757635308,1.1396666666666666,0.5329121253390032,1.1044889099297144,0.7583749999999999,0.5737246584343855,0.8969578313746126,0,9
1.476,0.33299999999999996,1.3586666666666665,0.18701425970586677,1.3726133131710812,1.3033333333333332,0.3158155579870424,1.3050826969739506,1.2471666666666665,0.4460853634845596,1.1616444622482198,0.8159166666666667,0.5735523869531973,0.9432812048646436,0,10
0.916,-0.5599999999999999,1.1783333333333335,0.2816670611437079,1.1443066565855406,1.3351666666666666,0.24826390528360537,1.1939162121242506,1.277,0.40597290549986237,1.1238530065177246,0.8506250000000001,0.5520740193362543,0.9410987084754722,1,0
0.701,-0.21500000000000008,1.031,0.40009373901624584,0.9226533282927702,1.1993333333333334,0.33673055499414795,1.053083008660179,1.1938333333333333,0.41381217375944274,1.05879869782269,0.87325,0.5332608669065385,0.9218908117974345,0,1
0.762,0.061000000000000054,0.793,0.11080162453682534,0.8423266641463851,1.0758333333333334,0.33896042050166697,0.9699164347572706,1.09825,0.36294605785032424,1.0131373596961222,0.8991249999999998,0.510777864804176,0.9090995468536398,0,2
1.06,0.29800000000000004,0.8410000000000001,0.1920963300013815,0.9511633320731926,1.0096666666666667,0.28395962154268845,0.9956545962551933,1.06575,0.3456335750210302,1.0203469966659495,0.9359166666666666,0.4877852268532042,0.9211715831053486,0,3
1.022,-0.038000000000000034,0.9480000000000001,0.16219741058352238,0.9865816660365962,0.9895,0.27680299853867224,1.0031818544679951,1.07425,0.34296729899775885,1.020601304871188,0.9664583333333333,0.4680679046952451,0.9292378564569208,0,4
1.064,0.04200000000000004,1.0486666666666666,0.023180451534281304,1.0252908330182982,0.9208333333333334,0.15727481256280937,1.0205584674771393,1.1120833333333333,0.31061418873326474,1.0272780271986974,0.9751666666666666,0.467848235023381,0.9400188279403672,0,5
2.312,1.2479999999999998,1.466,0.7329583889962649,1.668645416509149,1.1535,0.5889304712782317,1.3895417624836708,1.2443333333333333,0.44121512652989126,1.2249275614758208,1.031,0.5415991619028901,1.0497773217051378,1,0
1.866,-0.44599999999999973,1.7473333333333334,0.6324059877431059,1.7673227082545746,1.3476666666666668,0.6018124846384187,1.5256726874883362,1.2735,0.47134594514008515,1.3235540904795409,1.0844583333333333,0.5585118409212784,1.1150751359687268,0,1
1.328,-0.538,1.8353333333333335,0.49271628076747515,1.5476613541272872,1.442,0.5319548853051359,1.469194776777383,1.2589166666666667,0.46627975573260816,1.3242380765596116,1.12225,0.542112394090088,1.1321091250912287,0,2
1.016,-0.31200000000000006,1.4033333333333335,0.4299782940257951,1.2818306770636436,1.4346666666666668,0.5385367830210551,1.3397105548409878,1.2221666666666666,0.46662713035986125,1.276816834011979,1.1523333333333334,0.5134260597599031,1.1228203950839306,0,3
0.945,-0.07100000000000006,1.0963333333333336,0.20374575660202818,1.1134153385318217,1.4218333333333335,0.5511081261119881,1.2269361106007055,1.2056666666666667,0.47313621589123667,1.2257680903178285,1.1726666666666665,0.49398650453900717,1.1085947634772162,0,4
0.526,-0.41899999999999993,0.8290000000000002,0.2647961480082356,0.8197076692659109,1.3321666666666667,0.6549553928831087,1.0266686504290754,1.1265,0.5023666715928444,1.1181114610381626,1.1868333333333334,0.468687869312381,1.0619871823990388,0,5
0.64,0.11399999999999999,0.7036666666666669,0.21663410011660833,0.7298538346329555,1.0535,0.48947390124500073,0.9161918931636253,1.1035000000000001,0.5189253756124723,1.044555851647676,1.19025,0.4641816782627061,1.0282282078071157,0,6
0.757,0.11699999999999999,0.6410000000000001,0.11550324670761138,0.7434269173164778,0.8686666666666666,0.2900687274882756,0.8707084951168752,1.1081666666666667,0.5152151948163961,1.000316489855726,1.151,0.4590913520915169,1.0065299511825465,0,7
0.988,0.23099999999999998,0.795,0.17708472548472207,0.8657134586582389,0.8119999999999999,0.2023294343391511,0.9042203536549108,1.127,0.5054490352871666,0.9984216452625374,1.112625,0.430583710237323,1.005047555087943,0,8
0.491,-0.497,0.7453333333333335,0.2487053142442531,0.6783567293291195,0.7244999999999999,0.2098444662124806,0.7861573954677934,1.0795833333333333,0.5379500582317239,0.9203567767606086,1.0726666666666667,0.4422535832348426,0.9639237506809075,1,0
0.165,-0.32599999999999996,0.5480000000000002,0.4144502382675142,0.42167836466455977,0.5944999999999999,0.2768369556255107,0.6086838539055668,1.0081666666666667,0.5996389570298769,0.8041480418743611,1.0412083333333333,0.4789177091123789,0.9000098506264349,0,1
0.246,0.08099999999999999,0.3006666666666668,0.16973606962968288,0.3338391823322799,0.5478333333333333,0.3120534676408318,0.5050598956468334,0.9400000000000001,0.6379837558490595,0.7182791123552286,1.0260416666666667,0.49852935713710594,0.8476890625763202,0,2
0.104,-0.14200000000000002,0.17166666666666683,0.07123435500748589,0.21891959116613993,0.45849999999999996,0.35425908598086947,0.3904713540334524,0.7559999999999999,0.5123471834251027,0.6237746335313472,1.0001666666666666,0.52995862567519,0.7881939375702146,0,3
0.138,0.034000000000000016,0.16266666666666682,0.07414400402819184,0.17845979558306996,0.3553333333333333,0.33978090980316683,0.318336681452466,0.612,0.4032242777683623,0.5490400745265246,0.9427500000000001,0.5460458055320363,0.7361784225645975,0,4
0.16,0.021999999999999992,0.13400000000000015,0.028213471959317404,0.16922989779153497,0.2173333333333333,0.14204177789181557,0.2730976296089043,0.5146666666666667,0.35245253280234334,0.4891877553685977,0.8867916666666668,0.5548789119114711,0.6900841487594298,0,5
0.15,-0.010000000000000009,0.1493333333333335,0.011015141094535568,0.1596149488957675,0.1605,0.047200635588954015,0.2379268782920745,0.44250000000000006,0.32830155206899037,0.43700502377342887,0.8323333333333333,0.5605909666450736,0.6468774168586755,0,6
0.031,-0.119,0.11366666666666682,0.07176582287783313,0.09530747444788375,0.13816666666666666,0.07056462758824643,0.1788049130657675,0.36633333333333334,0.30641781734729057,0.37454271242367054,0.786,0.5794348821124733,0.5976072235099815,0,7
0.163,0.132,0.11466666666666682,0.07274842495430756,0.12915373722394188,0.12433333333333334,0.0504724347210229,0.17428922361840538,0.33608333333333335,0.3071394289046548,0.3419976797431058,0.7312916666666666,0.5734080783136583,0.5628386456291831,1,0
0.041,-0.122,0.07833333333333349,0.07349376390778002,0.08507686861197095,0.11383333333333334,0.06100300539045534,0.13620658829886098,0.2861666666666667,0.30188644262772524,0.29569034439801256,0.6948333333333333,0.5887647841154335,0.5210915539788484,0,1
0.186,0.145,0.13000000000000014,0.07792945527847085,0.13553843430598547,0.12183333333333334,0.06759709066718714,0.15043327735632928,0.23858333333333334,0.26348519307485857,0.2788149067983183,0.6733750000000001,0.5978451749917112,0.4942842296605406,1,0
0.134,-0.05199999999999999,0.1203333333333335,0.07345973954032589,0.13476921715299273,0.1175,0.06546067521803647,0.1457380552545209,0.16741666666666666,0.11762997324686851,0.25653569036780777,0.6472083333333333,0.6074634345171425,0.46546149128769737,0,1
0.11,-0.024000000000000007,0.1433333333333335,0.038850139424878846,0.12238460857649636,0.11083333333333333,0.06349619411167827,0.1355271823246578,0.13566666666666669,0.0593132414057683,0.23399173800352965,0.607625,0.6103407325278307,0.4370245719846816,0,2
0.431,0.321,0.22500000000000017,0.17880436236288869,0.2766923042882482,0.1775,0.13388465184628603,0.21994798737475557,0.15783333333333335,0.10408198982561288,0.26430070138760203,0.5830000000000001,0.6047924545192992,0.43654260622590707,1,0
0.649,0.21800000000000003,0.3966666666666668,0.27113526759411544,0.4628461521441241,0.2585,0.23339301617657965,0.34253427669625397,0.19141666666666668,0.17557720826065237,0.3234852088664325,0.5657083333333334,0.5963154606608727,0.4535391977278345,0,1
0.975,0.32599999999999996,0.6850000000000002,0.2737809343252362,0.7189230760720621,0.41416666666666674,0.3443936216985845,0.5232387690687528,0.264,0.28320278632424634,0.4237182536562121,0.5100000000000001,0.4764963615901973,0.4952560619096078,0,2
0.802,-0.17299999999999993,0.8086666666666669,0.16310221743842923,0.7604615380360311,0.5168333333333334,0.35444233193379665,0.6028848350491092,0.3193333333333333,0.31895691739091314,0.4819154454014102,0.4656666666666667,0.3856941417943669,0.5197955769568392,0,3
0.523,-0.279,0.7666666666666669,0.22806212603878934,0.6417307690180156,0.5816666666666667,0.302126904903664,0.5800605964636494,0.34958333333333336,0.3196846338995884,0.48823614610888555,0.43212500000000004,0.3397023393322845,0.5200519308002921,0,4
0.528,0.0050000000000000044,0.6176666666666669,0.15965692385027527,0.5848653845090078,0.6513333333333333,0.20381036937964564,0.5651861403311782,0.3810833333333334,0.3168413593104532,0.49435366209213394,0.4117916666666667,0.3170863247111756,0.5206877763362687,0,5
0.378,-0.15000000000000002,0.4763333333333335,0.08519585279420912,0.4814326922545039,0.6425,0.21605068849693798,0.5117043859508416,0.41,0.2972128101974297,0.4764530986933441,0.3881666666666667,0.2960567904784593,0.5092727542293672,0,6
0.837,0.45899999999999996,0.5810000000000002,0.23404486749339162,0.659216346127252,0.6738333333333334,0.23034184740656133,0.6046459899648868,0.4661666666666666,0.3097144823963831,0.531921852740522,0.401125,0.30888049081917784,0.5354909338910179,0,7
1.65,0.813,0.9550000000000001,0.6441575894142669,1.154608173063626,0.7863333333333333,0.45859553712031204,0.9033185642606334,0.6002500000000001,0.43276156042538866,0.7039338753958262,0.44320833333333337,0.39861106456933926,0.6246516591797364,0,8
1.556,-0.09399999999999986,1.3476666666666668,0.4447407484516489,1.3553040865318131,0.9119999999999999,0.5565856627689945,1.089798974471881,0.7144166666666667,0.49041308345540885,0.8350209714887761,0.4765,0.45529388502277396,0.6991595264453576,0,9
1.532,-0.02400000000000002,1.5793333333333335,0.062364519827646354,1.4436520432659066,1.0801666666666667,0.5678621018052423,1.2161421246227722,0.8309166666666666,0.5058069086003851,0.9422485143366566,0.4991666666666667,0.493780682407525,0.765786764329729,0,10
1.131,-0.401,1.4063333333333337,0.23874742581509215,1.2873260216329534,1.1806666666666665,0.49988625372845313,1.1918158033019801,0.916,0.4570365014267059,0.9712872044387094,0.5258333333333334,0.5103249320108557,0.7950038231833507,0,11
0.426,-0.7050000000000001,1.029666666666667,0.5599199347525796,0.8566630108164767,1.1886666666666665,0.4846226023068543,0.9730112880728429,0.9155833333333333,0.4575208804640568,0.8873968652942926,0.5367083333333333,0.505055010276898,0.7654835173286827,0,12
0.691,0.26499999999999996,0.7493333333333335,0.35610157726880837,0.7738315054082383,1.1643333333333332,0.5088703829725871,0.8924366343377449,0.9190833333333334,0.45545211470348723,0.8571819629413245,0.5552499999999999,0.5020781378647546,0.7595248359423881,0,13
0.547,-0.1439999999999999,0.5546666666666669,0.13266624790553605,0.6604157527041192,0.9805,0.4974345183036666,0.7937404530983891,0.8834166666666667,0.4672800325157051,0.8094616609503515,0.5737083333333334,0.4928250839859894,0.7425228490669971,0,14
0.327,-0.22000000000000003,0.521666666666667,0.18331757508033197,0.4937078763520596,0.7756666666666666,0.46504351050914317,0.6603860379274208,0.8438333333333333,0.494149928174791,0.7352367900349128,0.5815833333333333,0.4870361040689561,0.7092810211416373,0,15
0.246,-0.08100000000000002,0.3733333333333336,0.15575728982405027,0.3698539381760298,0.5613333333333334,0.32068717883112763,0.5419900270910148,0.82075,0.5164654569105447,0.6599695915680032,0.5851666666666667,0.4841070369127123,0.6722185394503063,0,16
0.2,-0.045999999999999985,0.2576666666666669,0.06429878174066131,0.2849269690880149,0.40616666666666673,0.18750084444254558,0.4442785907792963,0.7934166666666665,0.5414429304827024,0.5892050390190796,0.5872499999999999,0.48225694486400666,0.6344410562942818,0,17
0.315,0.11499999999999999,0.2536666666666669,0.05788206400374127,0.29996348454400745,0.38766666666666666,0.19060290309087027,0.4073418505566402,0.7881666666666667,0.546122336167095,0.5470196484007597,0.5990833333333333,0.4713761459964782,0.6088857717907393,0,18
0.439,0.124,0.3180000000000002,0.11952823934116932,0.3694817422720037,0.3456666666666666,0.12781809991807774,0.4163870361118859,0.7549999999999999,0.5549019569421082,0.5304012409544889,0.6105833333333334,0.4635768232067832,0.5952949100474803,0,19
0.852,0.413,0.5353333333333335,0.2811624678603692,0.6107408711360018,0.3965,0.23749589470136323,0.5408478829370613,0.6885,0.48075650612531245,0.5798779731153367,0.644375,0.449600384157735,0.6158313172436819,0,20
0.877,0.025000000000000022,0.722666666666667,0.24598035151884198,0.7438704355680009,0.48816666666666664,0.3025408512361061,0.6368913449550437,0.6319166666666667,0.4030509686545024,0.6255890541745157,0.6731666666666666,0.4410138188376837,0.6367248118641874,0,21
0.99,0.11299999999999999,0.9063333333333335,0.07352777253074516,0.8669352177840004,0.6121666666666666,0.3342426763096951,0.7377795321107455,0.58675,0.313418722246366,0.6816522766092057,0.7088333333333333,0.4299896527234993,0.6649868269150525,0,22
1.444,0.45399999999999996,1.103666666666667,0.30010387090694596,1.1554676088920002,0.8195,0.4056435627493686,0.9395568086505326,0.6128333333333335,0.3706320972543404,0.798936541746251,0.7644166666666666,0.43540165531297126,0.7273078807618483,0,23
1.427,-0.016999999999999904,1.2870000000000001,0.25734995628521007,1.291233804446,1.0048333333333332,0.38240785382450965,1.0788262918932374,0.69625,0.4322783457239301,0.8955616891699046,0.8059166666666666,0.44947949768657935,0.7832832503009005,0,24
1.641,0.21399999999999997,1.5040000000000002,0.11894956914591755,1.466116902223,1.2051666666666667,0.3390925635673356,1.2394473513523123,0.7754166666666666,0.5110441109467292,1.0102445062206886,0.84725,0.4790602440104003,0.8519005902768284,0,25
1.838,0.19700000000000006,1.6353333333333335,0.20555858856621073,1.6520584511115,1.3695000000000002,0.3711165585095885,1.4104623938230803,0.883,0.5885920025404229,1.1375915052636596,0.8832083333333335,0.5197283553990459,0.9307885430546823,0,26
0.953,-0.8850000000000001,1.4773333333333334,0.46464646058410136,1.30252922555575,1.3821666666666668,0.3517359331468247,1.2797588527307715,0.9351666666666668,0.5619732820134508,1.1091928121461736,0.8895000000000001,0.5196164973784281,0.9325654596103077,1,0
0.95,-0.0030000000000000027,1.247,0.5118232116659029,1.126264612777875,1.3755,0.3609148098928622,1.1855420376648367,0.9938333333333333,0.5185575857096004,1.0847016102775315,0.9072916666666667,0.5137996123652357,0.9339602228414831,0,1
0.913,-0.03699999999999992,0.9386666666666669,0.02227853974867451,1.0196323063889374,1.2870000000000001,0.40336534308242306,1.107672884046312,1.05325,0.4564607172185097,1.058285977927142,0.9233333333333333,0.5074131038621433,0.9322834050141644,0,2
0.726,-0.18700000000000006,0.8630000000000003,0.12007914056987587,0.8728161531944687,1.1701666666666666,0.4531531382067959,0.9986234886045086,1.0875000000000001,0.40898132875808313,1.0071650582460432,0.9378333333333333,0.49599576318901056,0.9157807326130313,0,3
0.576,-0.15000000000000002,0.7383333333333336,0.1688381868338247,0.7244080765972343,0.9926666666666667,0.44023887455183625,0.8778739204317919,1.0989166666666665,0.3907381030198043,0.9408319723620365,0.9269583333333333,0.5011373567818693,0.8885982740039888,0,4
0.756,0.18000000000000005,0.6860000000000003,0.09643650760993067,0.7402040382986171,0.8123333333333335,0.15189031129952746,0.8430528003084228,1.0909166666666665,0.39718268256978845,0.9123962843063386,0.8897083333333334,0.4777358265061729,0.8779904120836698,0,5
0.558,-0.19799999999999995,0.6300000000000002,0.10948972554536923,0.6491020191493087,0.7465,0.16385817037914427,0.7616091430774449,1.0643333333333334,0.4226598317007819,0.8578737790284404,0.848125,0.460335918225697,0.8523911791169763,0,6
0.741,0.18299999999999994,0.6850000000000002,0.11024064586167934,0.6950510095746543,0.7116666666666666,0.13083220806310403,0.7557208164838891,1.0435833333333333,0.4326353615466563,0.8398931976394496,0.8151666666666667,0.43696738179596795,0.8434798847876182,0,7
0.493,-0.248,0.5973333333333336,0.12859367532399743,0.5940255047873271,0.6416666666666667,0.11266351080393038,0.6806577260599207,0.9643333333333333,0.439663990158876,0.7865250133872266,0.7885833333333333,0.43632416316578077,0.8154414940046087,1,0
0.123,-0.37,0.45233333333333353,0.31100053590521975,0.35851275239366354,0.5411666666666667,0.2301159852480208,0.5213269471856576,0.8556666666666667,0.47467009276938527,0.684444242096884,0.7759583333333334,0.4513949855403963,0.7600461744842401,0,1
0.123,0.0,0.24633333333333354,0.21361959960016347,0.24075637619683177,0.4656666666666667,0.28432915198176095,0.4075192479897555,0.7291666666666666,0.44786906230470613,0.5980682048512096,0.7522916666666667,0.47052768519634636,0.7090824805255008,0,2
0.132,0.009000000000000008,0.12600000000000022,0.005196152422803691,0.1863781880984159,0.36166666666666675,0.2706877660084904,0.3287994628498253,0.587,0.31493347060782606,0.5263654041048696,0.7349999999999999,0.48577844296775263,0.6629158820834608,0,3
0.158,0.025999999999999995,0.1376666666666669,0.018175074506981383,0.17218909404920796,0.295,0.2617731842645472,0.27999961632130377,0.5207499999999999,0.3145603353022342,0.4696938034733512,0.7279583333333334,0.49311921824828253,0.6225226115167839,0,4
0.074,-0.084,0.12133333333333356,0.04300387579433217,0.12309454702460398,0.18383333333333332,0.1538849137071831,0.22114258308664553,0.44775000000000004,0.30745468993599,0.4088178337082202,0.7207916666666668,0.5016050740994543,0.5786408025954413,0,5
0.068,-0.0059999999999999915,0.10000000000000021,0.050318982501646896,0.095547273512302,0.113,0.03501999428898437,0.17738755934760395,0.37733333333333335,0.28731716188760953,0.3563843208300325,0.7152916666666665,0.5082434780408055,0.537789538387806,0,6
0.058,-0.010000000000000002,0.06666666666666689,0.008082903768722505,0.076773636756151,0.10216666666666667,0.040872566186467424,0.14327682810543138,0.3216666666666667,0.2781893839335581,0.31047904070233523,0.7045833333333333,0.5196240209886434,0.4994063753167815,0,7
0.071,0.01299999999999999,0.06566666666666689,0.006806859285634596,0.0738868183780755,0.09349999999999999,0.04108406016937091,0.12262630578959384,0.27958333333333335,0.27438839702917767,0.2736361113635144,0.68925,0.5330576484037532,0.465133865291439,0,8
0.126,0.05500000000000001,0.08500000000000023,0.036097091295574896,0.09994340918903774,0.09249999999999999,0.04001874560753359,0.12359021842113846,0.22708333333333333,0.23193237977453243,0.2509228634614353,0.659,0.5439094393930574,0.4380031560681239,0,9
0.15,0.023999999999999994,0.11566666666666688,0.04050102879353015,0.12497170459451887,0.09116666666666666,0.037450856688027244,0.13113587030081317,0.19308333333333336,0.20764544008448127,0.23539626908275293,0.6287083333333333,0.5514327961077297,0.414962903582674,0,10
0.108,-0.041999999999999996,0.12800000000000022,0.021071307505729376,0.11648585229725944,0.09683333333333333,0.0369021227935082,0.12452562164343797,0.14033333333333334,0.11596185370694359,0.2157968430700217,0.5919583333333333,0.5556816792221865,0.3904058712960601,0,11
0.125,0.017,0.1276666666666669,0.021126602503344947,0.12074292614862972,0.10633333333333332,0.035296836496592175,0.1246611583167414,0.10966666666666668,0.033702800890695016,0.20182809798232604,0.537,0.5324910287058127,0.36917340159237527,0,12
0.437,0.312,0.22333333333333352,0.18523588565214408,0.2788714630743149,0.16949999999999998,0.13363644712428016,0.213900827369101,0.13583333333333333,0.10056552213568679,0.23800839060042972,0.49574999999999997,0.49776179478524357,0.37459952946498526,1,0
0.694,0.25699999999999995,0.4186666666666669,0.28494268429516467,0.4864357315371574,0.2733333333333334,0.2408332756632007,0.35107201954935785,0.18341666666666667,0.18960794878491602,0.3081609458926713,0.4562916666666667,0.4368352071301107,0.4001515671077865,0,1
1.243,0.5490000000000002,0.7913333333333336,0.4117211839744627,0.8647178657685788,0.45949999999999996,0.4473480747695251,0.6059085853923984,0.27599999999999997,0.3583644665826819,0.45198233883226036,0.4315,0.366179808528425,0.4675794417391636,0,2
0.393,-0.8500000000000001,0.7766666666666668,0.4309876254990779,0.6288589328842894,0.5,0.4241207375264745,0.5450775609945704,0.2955833333333333,0.3577504102871236,0.44290813285806646,0.40816666666666673,0.3489405912643083,0.46161308640003057,1,0
0.329,-0.064,0.6550000000000001,0.5102274002834425,0.47892946644214474,0.5368333333333334,0.3916194155895074,0.48334111499612176,0.31683333333333336,0.3508998389422489,0.42538380472605625,0.38229166666666664,0.3294979684791473,0.45100403948802814,0,1
0.331,0.0020000000000000018,0.35100000000000015,0.036386810797328646,0.4049647332210724,0.5711666666666667,0.35567311771719173,0.43981508214008697,0.33875000000000005,0.3420468136487636,0.41086321938358605,0.35804166666666665,0.30955444546984956,0.4414037163289859,0,2
0.294,-0.03700000000000003,0.3180000000000001,0.020808652046700026,0.3494823666105362,0.5473333333333333,0.37092568887402144,0.3981536301000621,0.35841666666666666,0.33104475345167167,0.39288426255534203,0.34004166666666663,0.2996289704410063,0.42961141902266703,0,3
0.805,0.5110000000000001,0.47666666666666685,0.2849461937512656,0.5772411833052682,0.5658333333333334,0.3822974845152233,0.5143954500714729,0.41958333333333336,0.34077837595004595,0.45628668370067405,0.34958333333333336,0.31090385997109893,0.45964250550085367,0,4
0.89,0.08499999999999996,0.6630000000000003,0.32237710836844524,0.7336205916526342,0.507,0.2670273394242632,0.6217110357653378,0.48325,0.3521219119979475,0.5230118092851856,0.3551666666666667,0.3196013368131535,0.4940711050607854,0,5
0.949,0.05899999999999994,0.8813333333333335,0.07239014665915085,0.841310295826317,0.5996666666666667,0.3122061284899247,0.7152221684038127,0.5498333333333333,0.3588562217362091,0.5885484540105417,0.3714583333333334,0.3397225183775057,0.5304654166559226,0,6
0.844,-0.10499999999999998,0.8943333333333334,0.0526339560866686,0.8426551479131585,0.6854999999999999,0.2931202824780311,0.7520158345741519,0.6111666666666667,0.3388123195499056,0.6278486918550737,0.37575000000000003,0.3452002884275097,0.5555481833234488,0,7
0.559,-0.2849999999999999,0.7840000000000001,0.20180436070610605,0.7008275739565792,0.7235,0.2495057113574773,0.6968684532672513,0.6473333333333334,0.30352454845555904,0.6172565854158316,0.3785,0.34643563929525806,0.5558243286575729,0,8
0.407,-0.15200000000000008,0.6033333333333335,0.2218475452497362,0.5539137869782896,0.7423333333333333,0.2120562818373166,0.6140488951908938,0.6448333333333333,0.30553138012718717,0.5849094184287806,0.39033333333333325,0.3421528601519298,0.5439183823649671,0,9
0.418,0.01100000000000001,0.46133333333333343,0.08476044675043852,0.48595689348914484,0.6778333333333334,0.24541509054389343,0.5580349251363527,0.6218333333333333,0.3118174971279691,0.5592310463628144,0.402625,0.337397303215945,0.5338449117757699,0,10
1.523,1.105,0.7826666666666667,0.6411710640175002,1.0044784467445724,0.7833333333333332,0.42512429554974557,0.8337392322402519,0.6451666666666666,0.36794906597451044,0.7075031930762276,0.46058333333333334,0.4021481358758321,0.6129773188337083,1,0
2.112,0.5890000000000002,1.3510000000000002,0.8599982558121845,1.5582392233722864,0.9771666666666666,0.6951452845748631,1.1989565944573228,0.7884166666666667,0.5502905775106178,0.9235796249106542,0.542,0.5190360630848394,0.7328991333270117,0,1
2.123,0.01100000000000012,1.9193333333333336,0.34327879825781843,1.8406196116861433,1.1903333333333332,0.8293003476827123,1.4629689960409449,0.9379166666666666,0.6489756205441047,1.1081058364628613,0.6273749999999999,0.6007881643959552,0.8441072026608508,0,2
2.081,-0.04200000000000026,2.1053333333333337,0.021779194965185645,1.9608098058430716,1.444,0.8303396895247156,1.6395492828863891,1.08375,0.6951746837371817,1.2577818616224212,0.71125,0.6571695731134296,0.9430586264479828,0,3
2.0,-0.08099999999999996,2.068,0.06252199612934899,1.9804049029215358,1.7095,0.6720335557098329,1.7425352020617064,1.2259166666666665,0.6934248937940816,1.3719692675266641,0.7921666666666667,0.6918800264601463,1.0276139363321442,0,4
1.853,-0.14700000000000002,1.978,0.11558114033006682,1.9167024514607678,1.9486666666666663,0.23132718531696153,1.7740965729012188,1.31325,0.7015409176170048,1.445973995599485,0.8664166666666665,0.7065847385513099,1.0936448214255727,0,5
1.934,0.08099999999999996,1.9290000000000003,0.07362744053679147,1.9253512257303838,2.0171666666666668,0.10810257474578422,1.8197832663580134,1.40025,0.7089761023027249,1.5210549193534104,0.94175,0.7204569956692038,1.160873235711527,0,6
0.905,-1.029,1.564,0.5721459603982186,1.415175612865192,1.8159999999999998,0.4568465825635571,1.5584166188271524,1.3965833333333333,0.7116308361571307,1.4262772394528858,0.9732083333333333,0.7005920464719178,1.140403376854605,1,0
1.384,0.47899999999999987,1.4076666666666668,0.5149080824121272,1.399587806432596,1.6928333333333334,0.4571430483630562,1.5085832991622516,1.4415833333333332,0.6902643048905692,1.4197730487678264,1.026375,0.6801980410145265,1.1598911067062365,0,1
1.378,-0.006000000000000005,1.2223333333333335,0.27483510207638057,1.388793903216298,1.5756666666666668,0.4268436091435216,1.4712737851158941,1.5098333333333331,0.6331957665587152,1.4133464258804684,1.0785833333333334,0.6556490920332745,1.1773398181697374,0,2
1.052,-0.32599999999999985,1.2713333333333334,0.18997192775074523,1.220396951608149,1.4176666666666666,0.4136088329166428,1.3514812750827814,1.563583333333333,0.5534196925124786,1.3577546680527042,1.1042083333333335,0.6413457304874587,1.1673126327161585,0,3
0.899,-0.15300000000000002,1.1096666666666668,0.2446514527513272,1.0596984758040744,1.2586666666666666,0.39577148288711667,1.2222009107734153,1.6036666666666666,0.47472831145505734,1.2871770268138265,1.1127500000000001,0.6369952733426433,1.1458476220988658,0,4
1.33,0.43100000000000005,1.0936666666666668,0.2185001906940472,1.1948492379020372,1.158,0.2329746767354783,1.2530006505524396,1.5875833333333331,0.4809383741156136,1.2937651765347762,1.116375,0.6380154565730255,1.1605798123309568,0,5
1.011,-0.3190000000000002,1.08,0.22363139314506295,1.1029246189510187,1.1756666666666666,0.2131259408581398,1.183857607537457,1.4958333333333336,0.47680162319227487,1.2502628416832722,1.1421249999999998,0.619760985661267,1.1486134273444804,0,6
0.92,-0.09099999999999986,1.0870000000000002,0.21530675790602044,1.0114623094755093,1.0983333333333334,0.20649132346582336,1.108469719669612,1.3955833333333334,0.4590883175744439,1.1994531737319996,1.1667500000000002,0.5973855538929603,1.1303243531569218,0,7
0.836,-0.08400000000000007,0.9223333333333334,0.08752333022306415,0.9237311547377547,1.008,0.17597613474559726,1.0306212283354372,1.2918333333333334,0.4298574464196524,1.1435373008501535,1.1877916666666666,0.5751479945020317,1.106778404904368,0,8
0.665,-0.17099999999999993,0.807,0.12994999038092525,0.7943655773688774,0.9434999999999999,0.2216255851656134,0.926158020239598,1.180583333333333,0.4017521756083726,1.0699161776424375,1.20325,0.5547033088684113,1.0714361325120185,0,9
0.523,-0.14200000000000002,0.6746666666666669,0.1567237484663262,0.6586827886844386,0.8808333333333332,0.28173279302677423,0.8109700144568558,1.06975,0.38237490527206186,0.9857752272359087,1.1915,0.5663700587762914,1.0275612419110571,0,10
0.494,-0.029000000000000026,0.5606666666666668,0.09151138362704729,0.5763413943422193,0.7414999999999999,0.2136696047639917,0.7204071531834684,0.94975,0.3045229130056631,0.9101174999688458,1.175,0.5811119775351232,0.9848763425581726,0,11
0.418,-0.07600000000000001,0.4783333333333335,0.05422484055612207,0.4971706971711096,0.6426666666666666,0.20084189469995306,0.6340051094167631,0.9091666666666667,0.34126338357593694,0.8344071153582542,1.152875,0.5998956657474762,0.9395262351535189,0,12
0.572,0.15399999999999997,0.4946666666666668,0.07700216447176539,0.5345853485855547,0.5846666666666666,0.14804278660801745,0.6162893638691165,0.8415,0.31828189335298945,0.7940367899185228,1.1415416666666667,0.6084924335327972,0.9101241363412375,0,13
0.869,0.29700000000000004,0.6196666666666668,0.22924731914100205,0.7017926742927774,0.5901666666666666,0.15942323126403815,0.6884924027636546,0.7990833333333334,0.27063408988163473,0.8055695914695192,1.1544583333333334,0.5988020634833209,0.9068342054339386,0,14
0.465,-0.40399999999999997,0.6353333333333334,0.20931395876371073,0.5833963371463887,0.5568333333333332,0.16154184184497516,0.6246374305454676,0.7501666666666668,0.27379515678475397,0.7531742697049778,1.156875,0.5957636175896253,0.8714874689992235,1,0
0.067,-0.398,0.4670000000000001,0.40100374063093663,0.3251981685731944,0.4808333333333332,0.25869473644948193,0.4653124503896197,0.6808333333333333,0.3318654802321222,0.6476089974426735,1.14225,0.6185623760329084,0.8071284714792857,0,1
0.1,0.033,0.21066666666666678,0.220876285131151,0.21259908428659718,0.41516666666666663,0.3011985502399818,0.3609374645640141,0.5783333333333333,0.3017158004520552,0.5633614593745699,1.0829583333333332,0.6479797688177468,0.7505581937609429,0,2
0.125,0.024999999999999994,0.09733333333333345,0.0290918086982884,0.1687995421432986,0.36633333333333323,0.32356864289771164,0.2935267604028672,0.5045000000000001,0.2945336838276585,0.4959212348554053,1.0001666666666666,0.6376396465407237,0.7005135382600675,0,3
0.252,0.127,0.1590000000000001,0.08150460109714244,0.2103997710716493,0.31299999999999994,0.30893041287642775,0.2816619717163337,0.44883333333333336,0.2710554566985524,0.4583948910314968,0.9222083333333333,0.6080824442935107,0.6646324551992621,0,4
0.104,-0.14800000000000002,0.16033333333333344,0.08007704623259802,0.15719988553582465,0.18549999999999991,0.1511274296744309,0.23090140836880982,0.3878333333333333,0.2580594833942306,0.40387260010357423,0.8398333333333333,0.5774151295940017,0.6197818587833211,0,5
0.135,0.031000000000000014,0.16366666666666677,0.07805340052385695,0.14609994276791233,0.13049999999999992,0.06399609363078364,0.2035010059777213,0.3436666666666666,0.2515834700934119,0.36250758470302435,0.762125,0.53868869065053,0.5809993100806555,0,6
0.181,0.045999999999999985,0.1400000000000001,0.038742741255677324,0.16354997138395616,0.14949999999999994,0.058016376998223845,0.1970721471269438,0.31516666666666665,0.24877694767998493,0.3345833409025591,0.6924583333333333,0.49806067197783693,0.5489993652742031,0,7
0.146,-0.035,0.1540000000000001,0.024020824299018653,0.15477498569197806,0.1571666666666666,0.052988363502439934,0.18248010509067414,0.2861666666666667,0.24630610420713747,0.3055705192252423,0.6179583333333333,0.43386368117253127,0.5167594160522669,0,8
0.03,-0.11599999999999999,0.1190000000000001,0.07903796556088988,0.09238749284598903,0.14133333333333326,0.07439265196688917,0.13891436077905295,0.2538333333333333,0.2528078081839803,0.26317505472905117,0.5815,0.44530731938252754,0.4778186627680856,0,9
0.082,0.052000000000000005,0.08600000000000012,0.05810335618537452,0.08719374642299452,0.11299999999999992,0.05315637308921686,0.12265311484218068,0.213,0.23574215498371084,0.23530196938612022,0.52725,0.4219895166635226,0.44615316974663877,0,10
0.097,0.015,0.06966666666666678,0.03516153201067718,0.09209687321149726,0.11183333333333327,0.05346930583677596,0.11532365345870049,0.14866666666666667,0.114722062024494,0.21402474332671712,0.47387500000000005,0.3894642153009702,0.41822091616690765,0,11
0.048,-0.049,0.07566666666666678,0.025106440076957545,0.07004843660574864,0.09733333333333326,0.05756966793952069,0.09608832389907179,0.11391666666666667,0.060564703692280036,0.18848247512260677,0.4320416666666667,0.3784312560818817,0.3886032428735551,0,12
0.201,0.15300000000000002,0.11533333333333345,0.07813023315809162,0.1355242183028743,0.10066666666666658,0.06364170540350626,0.126063088499337,0.12508333333333332,0.06341416293389358,0.19040824818066726,0.4029583333333333,0.3676520660443339,0.37359498344367065,1,0
0.156,-0.04500000000000001,0.13500000000000012,0.07863205453251475,0.14576210915143717,0.10233333333333326,0.06517872863647065,0.1346164917852407,0.12975,0.06346097583984818,0.18511467153748767,0.35404166666666664,0.31298138285606303,0.356187384768177,0,1
0.614,0.45799999999999996,0.32366666666666677,0.25244075212480493,0.3798810545757186,0.19966666666666658,0.2102233732644083,0.2715832084180291,0.17049999999999998,0.15340054521652652,0.2510970297624896,0.33749999999999997,0.2860857274983526,0.3768123939867229,1,0
0.492,-0.122,0.4206666666666668,0.237186284032903,0.43594052728785926,0.26799999999999996,0.2300286938623095,0.3345594345843065,0.1905,0.17857236882869426,0.28815902518364506,0.31966666666666665,0.26038160401638544,0.3860274024677851,0,1
0.313,-0.179,0.47300000000000014,0.15139682955730435,0.37447026364392966,0.30399999999999994,0.21427739031451762,0.3283995961316475,0.20791666666666667,0.17955827533818805,0.29198071361693045,0.297875,0.236037453273473,0.38018521027036234,0,2
0.502,0.189,0.4356666666666668,0.10635005093246035,0.43823513182196483,0.3796666666666666,0.18378755851979436,0.37799971152260536,0.23850000000000002,0.19646813297002538,0.3242913730604796,0.29108333333333336,0.22719402102257596,0.38993039344873337,0,3
1.721,1.219,0.8453333333333335,0.7642148476268541,1.0796175659109823,0.6329999999999999,0.5569696580604732,0.7617140796590038,0.36683333333333334,0.46918339762406436,0.5391696233588674,0.34099999999999997,0.3682077627124935,0.49641596197283466,1,0
1.952,0.23099999999999987,1.3916666666666668,0.7790830079865266,1.5158087829554912,0.9323333333333332,0.7107327674074604,1.1017957711850026,0.5173333333333333,0.6476283071657881,0.7565281428421187,0.40175,0.4935060239269371,0.612862685015008,0,1
1.8,-0.1519999999999999,1.8243333333333336,0.11740670054700161,1.6579043914777456,1.13,0.7671742957112162,1.3012826937035733,0.6648333333333333,0.7236468040209236,0.917062274712562,0.45933333333333337,0.5701589150454438,0.7078336702138074,0,2
0.655,-1.145,1.469,0.7090296185632874,1.156452195738873,1.1571666666666667,0.7425543526683196,1.1166304955025523,0.7125833333333333,0.7002176880128499,0.8767450016798601,0.46279166666666666,0.5711229197753791,0.7036069765967028,0,3
0.982,0.32699999999999996,1.1456666666666668,0.5897849890708774,1.0692260978694366,1.2686666666666666,0.6325199338097316,1.0781646396446802,0.7863333333333333,0.6756630862054003,0.892938078344497,0.4675,0.5750694476019552,0.7258784184689666,0,4
0.858,-0.124,0.8316666666666669,0.16508280750379686,0.9636130489347183,1.3279999999999998,0.5585971714930184,1.0152604568890573,0.8538333333333333,0.6343967547396837,0.8875629893684206,0.483875,0.5805642167603935,0.7364481449914494,0,5
0.523,-0.33499999999999996,0.7876666666666668,0.23744543232779977,0.7433065244673591,1.1283333333333332,0.6024166885691888,0.8746146120636125,0.8806666666666666,0.6106383148109457,0.8314763756194328,0.502875,0.5737497797669373,0.7193722933921335,0,6
1.601,1.0779999999999998,0.9940000000000001,0.551718225183836,1.1721532622336794,1.0698333333333334,0.5174906440378098,1.0821532943311518,1.0010833333333333,0.5970691231999757,0.9498646255241354,0.5654166666666667,0.608670605333543,0.7899025099207628,1,0
2.079,0.4780000000000002,1.4010000000000005,0.7970470500541366,1.6255766311168398,1.1163333333333332,0.6018776176820892,1.3669666388079655,1.1231666666666669,0.657448626867299,1.1235777600588839,0.6468333333333334,0.6743408160803291,0.8930303091271019,0,1
1.895,-0.18400000000000016,1.8583333333333336,0.24110025577202054,1.76028831555842,1.3229999999999997,0.6242611632962606,1.5178333134342612,1.2400833333333334,0.6597483622678811,1.2422581046652095,0.7152916666666668,0.7147047720785724,0.9731878843969337,0,2
1.887,-0.008000000000000007,1.9536666666666669,0.10861552989022108,1.82364415777921,1.4738333333333333,0.6346370353727139,1.623309509595901,1.37125,0.6135224860663956,1.3414491654859466,0.7895833333333333,0.7405998694751887,1.046292853645179,0,3
1.065,-0.8220000000000001,1.6156666666666668,0.4769080973660797,1.444322078889605,1.508333333333333,0.5990948728429141,1.463792506854215,1.4181666666666668,0.560218112286039,1.2989185246419548,0.8283333333333333,0.7291020484825489,1.0477894253535647,0,4
1.173,0.1080000000000001,1.375,0.4466810942943536,1.3086610394448024,1.6166666666666665,0.41610655686574727,1.3807089334672966,1.3724999999999998,0.5556045847052149,1.279546443927808,0.8696666666666667,0.7188552897045632,1.0578062713252796,0,5
1.874,0.7010000000000001,1.3706666666666667,0.4392315258873555,1.5913305197224012,1.6621666666666668,0.4287835895491657,1.5216492381909261,1.3659999999999999,0.5486210813567873,1.3710008371696836,0.9416666666666668,0.729678110489506,1.1231017696192573,0,6
2.04,0.16599999999999993,1.6956666666666669,0.4601894537397982,1.8156652598612006,1.6556666666666668,0.4214335851194911,1.6697494558506616,1.386,0.569844954989752,1.4739237852974245,1.0254166666666666,0.7358153074424764,1.1964536280497169,0,7
2.048,0.008000000000000007,1.9873333333333336,0.09823102021934396,1.9318326299306003,1.6811666666666667,0.4428938548531322,1.7778210398933298,1.5020833333333332,0.5488943363018441,1.5622432029439746,1.1073333333333333,0.7356555589739499,1.2645773378057397,0,8
2.047,-0.0009999999999998899,2.0450000000000004,0.004358898943509474,1.9894163149653004,1.7078333333333333,0.4621633549586849,1.8547293142095214,1.5908333333333333,0.5432280340425155,1.6368211717218246,1.1885833333333335,0.7268488220702614,1.3271711507812807,0,9
2.514,0.46699999999999964,2.203,0.2693343646844926,2.25170815748265,1.949333333333333,0.43696941159155195,2.043092367292515,1.7288333333333334,0.55043186901218,1.7717717606876977,1.2913333333333334,0.732877869098591,1.4221174587187781,0,10
1.897,-0.6169999999999998,2.1526666666666667,0.3217861608791352,2.074354078741325,2.07,0.23125483778723507,2.001351690923225,1.8433333333333335,0.39882220539377033,1.7910376436588211,1.362,0.7043863811240547,1.460108062021276,1,0
1.834,-0.06299999999999994,2.0816666666666666,0.3757343920022929,1.9541770393706626,2.0633333333333335,0.23849835778610104,1.9535369220880179,1.8627500000000001,0.3915572929168385,1.7976472369420795,1.4319166666666667,0.6614447899446528,1.490019417059574,0,1
1.71,-0.12400000000000011,1.813666666666667,0.09514375088955208,1.8320885196853314,2.0083333333333333,0.2794842869763291,1.8839549443485843,1.832,0.3874989736056778,1.784163046643298,1.4775833333333335,0.6400069236491421,1.507617863694808,0,2
1.424,-0.28600000000000003,1.656,0.21026649756915622,1.6280442598426657,1.904333333333333,0.3648378635320998,1.7525392459632745,1.79275,0.40403850514073897,1.7287533471597138,1.5164166666666665,0.6049185296684422,1.5009284345992235,0,3
1.023,-0.401,1.3856666666666666,0.34510046846292985,1.3255221299213327,1.7336666666666662,0.49943274488830536,1.544099461402339,1.72075,0.4589654621586954,1.6201759091351426,1.5460000000000003,0.5591356683776952,1.4626941598312857,0,4
0.738,-0.2849999999999999,1.0616666666666668,0.3446307202402798,1.0317610649606663,1.4376666666666666,0.4698726068485662,1.3137853295730992,1.6935,0.5084755290437909,1.484456538498967,1.5558333333333334,0.5417828593326525,1.404718627044783,0,5
0.711,-0.027000000000000024,0.8240000000000002,0.17286700089953813,0.8713805324803332,1.24,0.4871398156587087,1.141560949695071,1.6550000000000002,0.5657352416425577,1.3654632248837413,1.51375,0.5670334128641327,1.3492211368812004,0,6
0.645,-0.06599999999999995,0.6980000000000001,0.04784349485563373,0.7581902662401666,1.0418333333333332,0.4363702174377479,0.9996863926393363,1.5525833333333334,0.6300713463689259,1.2546227287477811,1.4592916666666664,0.58557311051108,1.2928834459307046,0,7
0.591,-0.05400000000000005,0.6490000000000001,0.06009991680527597,0.6745951331200832,0.8553333333333332,0.316292691453134,0.8829188518852402,1.4318333333333333,0.6659913776855635,1.1525269243250456,1.4089166666666666,0.606613903184085,1.2367327702562483,0,8
0.838,0.247,0.6913333333333336,0.1298550473926,0.7562975665600415,0.7576666666666666,0.15484917392956102,0.870084894203743,1.331,0.6557409410873943,1.1041381667365768,1.4165416666666666,0.597811587241815,1.2048341486357486,0,9
0.545,-0.2929999999999999,0.6580000000000003,0.15757220567092753,0.6506487832800207,0.6779999999999999,0.10642931926870904,0.7772034958598164,1.2058333333333333,0.6499718641929234,1.018116910315565,1.3983333333333334,0.6179387662548598,1.1520474167448889,1,0
0.573,0.027999999999999914,0.6520000000000001,0.16168797110484467,0.6118243916400103,0.6505,0.10910866143437381,0.7188596398998689,1.0440833333333333,0.5241719805097516,0.9496373856516318,1.3864583333333333,0.6313664256244512,1.1057236234052978,0,1
0.152,-0.42099999999999993,0.4233333333333335,0.23539824411693175,0.3819121958200052,0.5573333333333332,0.22462650481781418,0.5568997427856206,0.8986666666666666,0.5078396907638787,0.8269239417052269,1.3710000000000002,0.6574302409679138,1.029425733532874,0,2
0.171,0.019000000000000017,0.2986666666666668,0.23776949622130814,0.2764560979100026,0.4783333333333333,0.26698589226149666,0.44664267341830044,0.7600833333333333,0.4533811277167342,0.7260125660582688,1.3114166666666667,0.699155696827106,0.9607516748502442,0,3
0.201,0.03,0.17466666666666683,0.02470492528494567,0.2387280489550013,0.4133333333333333,0.2811680399097087,0.3764590524416432,0.6343333333333333,0.3669994632974373,0.6452414020493044,1.2331666666666667,0.7144385857116219,0.8999715408622246,0,4
0.086,-0.11500000000000002,0.1526666666666668,0.05965176722725626,0.16236402447750065,0.2879999999999999,0.21346287733468067,0.29347075174403087,0.5228333333333334,0.30293768736201115,0.5592042632724883,1.1577916666666668,0.7366590845730864,0.8348538175932467,0,5
0.091,0.0050000000000000044,0.12600000000000014,0.06500000000001113,0.1266820122387503,0.21233333333333324,0.18233997550363884,0.23562196553145062,0.44516666666666665,0.2817819380408581,0.48717283815364393,1.0829583333333332,0.7504558312853228,0.775345512185787,0,6
0.076,-0.015,0.08433333333333348,0.0076376261583562845,0.10134100611937516,0.12949999999999992,0.05211045960266507,0.19001568966532187,0.38999999999999996,0.28403328870206496,0.42391547843769867,1.04175,0.778128146929205,0.719397871210924,0,7
0.073,-0.0030000000000000027,0.08000000000000014,0.009643650761069569,0.08717050305968757,0.11633333333333325,0.05517849822773051,0.1565826354752299,0.3368333333333333,0.27813529517888236,0.3699284817549758,0.9959166666666667,0.8020883566565833,0.6676860415140501,0,8
0.094,0.021000000000000005,0.08100000000000014,0.01135781669166557,0.09058525152984379,0.10349999999999993,0.04846751489400913,0.13870188248230708,0.29091666666666666,0.26793026851753887,0.3274779461003641,0.92175,0.7996564071932507,0.6217911581929261,0,9
0.081,-0.012999999999999998,0.08266666666666682,0.010598742063792728,0.08579262576492189,0.08349999999999992,0.008312640976308457,0.12221563034450507,0.24841666666666665,0.2561946910007533,0.28955826208492347,0.840125,0.7802962822181578,0.578527865537492,0,10
0.162,0.081,0.11233333333333347,0.0435009578438773,0.12389631288246095,0.09616666666666658,0.033283128859343515,0.1335825931032179,0.1920833333333333,0.17678207351186212,0.2699339140718583,0.7615416666666666,0.7476489515207964,0.5452056362944927,1,0
0.17,0.008000000000000007,0.13766666666666683,0.04923751956927536,0.1469481564412305,0.10933333333333327,0.04454959782834926,0.1439875665022985,0.16083333333333333,0.13750691442670612,0.25455946575311084,0.6833333333333332,0.7042491324664245,0.5151891853909334,0,1
0.151,-0.019000000000000017,0.16100000000000014,0.009539392014244199,0.14897407822061526,0.12183333333333328,0.043842521217052025,0.14599111893021322,0.12566666666666668,0.04608753200229593,0.23862724025263224,0.584875,0.5936848316639292,0.4860540505596587,0,2
0.167,0.016000000000000014,0.16266666666666682,0.010214368964099461,0.15798703911030765,0.13749999999999993,0.03948037487158633,0.15199365637872372,0.12691666666666665,0.04705984262490505,0.22760766482915035,0.5127916666666666,0.5289391334398127,0.46052972651488605,0,3
0.169,0.0020000000000000018,0.16233333333333347,0.00986576572470472,0.16349351955515384,0.14999999999999994,0.034513765369790964,0.15685261169908837,0.12675,0.04689276935929313,0.21859110100928106,0.44341666666666674,0.45166136956089736,0.4372073483936952,0,4
0.179,0.009999999999999981,0.17166666666666683,0.006429100507438994,0.17124675977757692,0.16633333333333325,0.009330952077234387,0.16318043692792025,0.12491666666666666,0.04407113739758934,0.21250016239246858,0.37962499999999993,0.36474956417413296,0.4165507605221996,0,5
0.49,0.311,0.2793333333333335,0.18251118687174955,0.3306233798887884,0.22099999999999995,0.1320954200568701,0.25655745494851445,0.15858333333333333,0.11262767166307043,0.25519244510131955,0.34070833333333334,0.290807493349825,0.4224266996804236,1,0
0.902,0.41200000000000003,0.5236666666666668,0.362673866350106,0.6163116899443942,0.34299999999999997,0.3030188112972542,0.44096961067751034,0.22616666666666665,0.23985330112509998,0.3547012997011165,0.3356666666666667,0.27928506033717404,0.46079256370598976,0,1
0.952,0.04999999999999993,0.7813333333333334,0.2535376369167591,0.784155844972197,0.4764999999999999,0.37045526045664534,0.5869782933410788,0.29916666666666664,0.3123462045793948,0.4465934074394063,0.3445833333333333,0.29562680890766696,0.5000891586095105,0,2
0.89,-0.061999999999999944,0.9146666666666668,0.032883633213717185,0.8370779224860985,0.5969999999999999,0.3672209144370741,0.6735559238150562,0.36725,0.34581527517658334,0.5148098062948823,0.35204166666666664,0.3073005155935483,0.5312820259207497,0,3
0.957,0.06699999999999995,0.9330000000000002,0.03732291521305564,0.8970389612430492,0.7283333333333332,0.3216150908565511,0.7545399455821831,0.43916666666666665,0.3725276886190879,0.5828390668649004,0.36504166666666665,0.3262479024309311,0.5653394638470898,0,4
1.383,0.42600000000000005,1.0766666666666669,0.2673992021927781,1.1400194806215245,0.9289999999999999,0.28368997162395604,0.9340999611301307,0.5476666666666666,0.4418778797428784,0.7059407488856849,0.3980416666666667,0.3848835486410081,0.6307523067393226,0,5
0.956,-0.42700000000000005,1.098666666666667,0.24624039744390888,1.0480097403107622,1.0066666666666666,0.18666297615399702,0.9403571150929505,0.6138333333333333,0.4383105651420605,0.7444114029032719,0.4029583333333333,0.3914458682290895,0.6567721222001768,1,0
1.068,0.1120000000000001,1.1356666666666668,0.22139632637723278,1.058004870155381,1.0343333333333333,0.18023836069679414,0.976826510780679,0.6886666666666666,0.4322621959651421,0.7941942639950763,0.42474999999999996,0.4136263016193564,0.6896703524241626,0,1
1.432,0.3639999999999999,1.1520000000000001,0.2488694436848381,1.2450024350776905,1.1143333333333334,0.2346867415655765,1.1068760791290564,0.7954166666666667,0.44538736119826317,0.8923182233804492,0.4605416666666666,0.46141671999696315,0.7490567242302296,0,2
1.934,0.502,1.478,0.43482870190455514,1.5895012175388452,1.2883333333333333,0.3782225094658801,1.3431971993778973,0.9426666666666668,0.5066236425113967,1.0525769582449955,0.5347916666666667,0.5453515801888674,0.8438521862918112,0,3
1.92,-0.014000000000000012,1.7620000000000002,0.28587409816211107,1.7547506087694225,1.4488333333333332,0.4122913613776886,1.507997999555641,1.0885833333333335,0.5156163934084284,1.1860266569765348,0.6076666666666667,0.6078969926091016,0.9299440113884664,0,4
1.801,-0.119,1.885,0.07308214556237523,1.777875304384711,1.5184999999999997,0.4337020866908542,1.591712856825458,1.22375,0.4656782199603651,1.2806379405186061,0.6743333333333333,0.6477852345839082,0.9996284904773891,0,5
2.046,0.24499999999999988,1.9223333333333332,0.1225166655330346,1.9119376521923555,1.7001666666666664,0.37531875341723586,1.7215091834467557,1.3534166666666667,0.45938327399268875,1.3983859496695896,0.7559999999999999,0.6924015547667982,1.083338211239198,0,6
1.993,-0.052999999999999714,1.9466666666666665,0.12890435730933786,1.9524688260961778,1.8543333333333332,0.22263572639329038,1.7990779881762542,1.4443333333333335,0.4697642219693017,1.4898650343358066,0.8352499999999999,0.7212268683654088,1.1561111543400622,0,7
2.321,0.32800000000000007,2.12,0.1760766878379982,2.1367344130480888,2.0025,0.1763663800161514,1.948198562983039,1.5584166666666668,0.5042938281909803,1.617731952130298,0.9287916666666667,0.7628567578326976,1.2493022619928573,0,8
2.308,-0.013000000000000345,2.2073333333333336,0.18573188561292595,2.2223672065240443,2.064833333333333,0.2101669970919988,2.0509989735593135,1.6765833333333333,0.49954241940787897,1.7239270364179444,1.0219166666666666,0.7897870333013923,1.3339980810334287,0,9
2.524,0.2160000000000002,2.3843333333333336,0.12112940738455154,2.373183603262022,2.1655,0.2645394110524963,2.186142123970938,1.8071666666666666,0.4991501565539942,1.8470151846613376,1.1231666666666666,0.8208094979251018,1.4291982345507546,0,10
2.558,0.03399999999999981,2.4633333333333334,0.1355925268343814,2.465591801631011,2.2916666666666665,0.23477364985591623,2.292387231407813,1.905083333333333,0.5230540487165601,1.9563974639442088,1.226375,0.8395842041567746,1.5195023757866941,0,11
2.325,-0.23299999999999965,2.4690000000000003,0.12586103447850336,2.3952959008155057,2.3381666666666665,0.20168234098866564,2.301705165291295,2.0191666666666666,0.4399206195612443,2.0131055464143306,1.3165,0.8364490160922768,1.5839421857237586,0,12
2.007,-0.31800000000000006,2.296666666666667,0.2765905517788574,2.201147950407753,2.3405,0.19691495626285405,2.217503689493782,2.0974166666666667,0.3234452204099759,2.012166231581357,1.3930416666666667,0.8106251199814414,1.617786810865858,0,13
2.189,0.18199999999999994,2.173666666666667,0.1595535437818078,2.1950739752038766,2.3185000000000002,0.20666180101799575,2.209359778209844,2.1605,0.24654687918600945,2.0393714267226866,1.4779583333333335,0.7810645733571723,1.6634838659965894,0,14
1.213,-0.976,1.8030000000000002,0.5189951830219631,1.7040369876019383,2.136,0.49713740555303354,1.9246855558641744,2.100416666666667,0.36578345763413783,1.9122373610730425,1.5215416666666668,0.7324000438799554,1.6274451567168624,0,15
0.931,-0.28200000000000003,1.4443333333333337,0.6601343297642801,1.3175184938009692,1.8705,0.6502718662221215,1.640775397045839,2.0180000000000002,0.4977447319478284,1.7612777670618052,1.5532916666666665,0.6862818206238882,1.5717295441795136,0,16
1.193,0.262,1.1123333333333336,0.15735734280082472,1.2552592469004846,1.643,0.5983443824420852,1.5128395693184564,1.9673333333333334,0.5500395578060842,1.673850418283066,1.5955416666666666,0.6266159616589694,1.5414311806451526,0,17
1.151,-0.04200000000000004,1.091666666666667,0.1407172105086521,1.2031296234502422,1.4473333333333336,0.5171667687184344,1.409456835227469,1.8927500000000002,0.5970715085847206,1.5934118923933636,1.6230833333333334,0.5893284252041648,1.5101966861935403,0,18
0.558,-0.593,0.9673333333333337,0.3551145355140179,0.8805648117251211,1.2058333333333335,0.5413059824781784,1.1661834537339064,1.7731666666666666,0.7084774755299784,1.434117755102077,1.60875,0.6113987704614207,1.434020951298057,0,19
0.564,0.005999999999999894,0.757666666666667,0.34064986912273626,0.7222824058625605,0.935,0.30668876731957256,0.9941310383813617,1.6267500000000001,0.7643209850460843,1.3002534850863727,1.5925833333333335,0.6342233810744028,1.3644192751942126,0,20
0.686,0.12200000000000011,0.602666666666667,0.07223111056420091,0.7041412029312804,0.8471666666666667,0.28590866840070706,0.9060935988438299,1.4915833333333335,0.7762216715174423,1.2057529489192385,1.5840833333333333,0.6453189246355259,1.3101457331786757,0,21
0.458,-0.22800000000000004,0.5693333333333336,0.11409352888458626,0.5810706014656402,0.7683333333333332,0.3212019095003411,0.7780668563170214,1.319416666666667,0.7552504049932204,1.0907140337008943,1.5632916666666665,0.6738111901174796,1.2419740745243817,0,22
0.496,0.03799999999999998,0.546666666666667,0.12215290963926317,0.5385353007328201,0.6521666666666667,0.2564015730580941,0.6974763259407296,1.1475833333333334,0.6785037627460924,0.9992195669776798,1.5263333333333333,0.7076083212002826,1.182296148562431,0,23
0.477,-0.019000000000000017,0.4770000000000003,0.019000000000128282,0.50776765036641,0.5398333333333334,0.08348033700617773,0.634483089957664,0.9935833333333334,0.5910561361331137,0.9188780951349598,1.506375,0.7307702792854639,1.1258724566774365,0,24
0.375,-0.10199999999999998,0.44933333333333364,0.06507175526553971,0.441383825183205,0.5093333333333333,0.10592764826363776,0.5603450642554743,0.8575833333333334,0.5201836141443158,0.8352045420372737,1.4775,0.7618742906691413,1.0658026601432418,0,25
0.137,-0.238,0.329666666666667,0.17447444894120934,0.2891919125916025,0.43816666666666665,0.17964344314965927,0.43938933161105304,0.6865833333333334,0.3531905121585066,0.7277884586469239,1.4235416666666667,0.8096000074737203,0.9914984473317824,0,26
0.034,-0.10300000000000001,0.18200000000000027,0.1748971126119748,0.16159595629580126,0.3295,0.1961823131681295,0.3235638082936093,0.5883333333333333,0.35740131081138676,0.6210517727012433,1.344375,0.8494305413423846,0.9148985715452398,0,27
0.104,0.06999999999999999,0.09166666666666697,0.05259594407689071,0.13279797814790062,0.2705,0.20292338455682712,0.2608312916382924,0.5194166666666666,0.36497284041750955,0.5415053461318213,1.2687083333333333,0.8763813185935159,0.8500266858216207,0,28
0.229,0.125,0.12233333333333363,0.09878427675161325,0.1808989890739503,0.226,0.1702233826476195,0.25173663688449455,0.4390833333333333,0.30427901619561365,0.4934276005730796,1.2032083333333332,0.8934474013941563,0.8003445509558911,0,29
0.032,-0.197,0.12166666666666696,0.09968115836676117,0.10644949453697515,0.15183333333333332,0.13153770055259614,0.18895474063178183,0.3458333333333334,0.22823187305630405,0.42243873894645195,1.1192916666666666,0.9053496311978843,0.7388769868794198,0,30
0.142,0.10999999999999999,0.1343333333333336,0.09872351965635788,0.12422474726848756,0.113,0.07450637556610665,0.17553910045127274,0.31116666666666665,0.224641060495643,0.3792943175700747,1.0421666666666667,0.906524834388071,0.6911268279290663,0,31
0.11,-0.03199999999999999,0.09466666666666695,0.05658032638063695,0.11711237363424379,0.10849999999999999,0.07357649081056888,0.15681364317948052,0.2733333333333333,0.2162630272832093,0.337864422559294,0.9500416666666668,0.8829530234767123,0.6446366816947411,0,32
0.213,0.103,0.1550000000000003,0.05271622141244461,0.1650561868171219,0.13833333333333334,0.07361702701593181,0.17286688798534322,0.23391666666666666,0.17298684045238302,0.31865451139632567,0.86275,0.8456343772576903,0.6101057471591618,0,33
0.245,0.032,0.18933333333333366,0.0705431310145723,0.20502809340856093,0.16183333333333336,0.08244129224281038,0.19347634856095944,0.21616666666666665,0.15819943301435024,0.3073230481045833,0.7677916666666667,0.7760741772686363,0.5808972873864288,0,34
0.104,-0.14100000000000001,0.18733333333333366,0.07392112914004438,0.15451404670428046,0.141,0.07773287592774225,0.16791167754354247,0.1835,0.1337456881208155,0.27604257916541663,0.6655416666666666,0.6864384439400546,0.5427455043955145,0,35
0.156,0.052000000000000005,0.16833333333333364,0.07130451131127102,0.15525702335214023,0.16166666666666665,0.056556756154012816,0.16450834110253032,0.15675,0.09666918753244609,0.25757449006304484,0.5751666666666667,0.5951746303226587,0.5118058640438734,0,36
0.117,-0.03899999999999999,0.12566666666666695,0.027061657993170157,0.13612851167607012,0.1575,0.05915657190877269,0.15093452935895021,0.13525,0.06822039817586956,0.23594764543796104,0.49641666666666673,0.5174472387862746,0.48022139492036353,0,37
0.328,0.21100000000000002,0.2003333333333336,0.11226902214475318,0.23206425583803508,0.19383333333333333,0.08531217185527815,0.20152466382782158,0.15116666666666667,0.08806178960184839,0.2501095461398132,0.41887500000000005,0.3716887796437331,0.46804368332673446,1,0
0.911,0.583,0.45200000000000023,0.4112675528169041,0.5715321279190175,0.31016666666666665,0.30631710149233377,0.40423190273415827,0.22424999999999998,0.23057797931601323,0.3517850005798419,0.40629166666666666,0.34799181389256273,0.5034801886605957,0,1
1.527,0.6159999999999999,0.9220000000000003,0.5995756832961152,1.0492660639595086,0.5238333333333333,0.5782156748711201,0.7250227876672559,0.3428333333333333,0.4368046855670556,0.5325873081829432,0.43112500000000004,0.403847185099819,0.5853617735677481,0,2
0.684,-0.8429999999999999,1.040666666666667,0.436202170252896,0.8666330319797544,0.6204999999999999,0.5412935432831233,0.7133019911908971,0.38075,0.4456829539645267,0.5558815684624905,0.40991666666666665,0.3743879546402558,0.5932528316823282,0,3
0.779,0.09499999999999997,0.996666666666667,0.4617318846834563,0.8228165159898773,0.7243333333333334,0.49186732628490915,0.7320728508506408,0.44300000000000006,0.44471052893478397,0.5902074810067227,0.39441666666666664,0.34922758453064046,0.608112605147742,0,4
0.187,-0.5920000000000001,0.5500000000000004,0.31793552805561803,0.5049082579949387,0.7359999999999999,0.47512608852808597,0.5763377506076005,0.44675,0.4421238257238893,0.5281755608518424,0.3789583333333333,0.3498822757500903,0.5744235967359227,0,5
0.287,0.09999999999999998,0.417666666666667,0.3168932522685493,0.3959541289974693,0.7291666666666666,0.4824066403633611,0.4936698218625718,0.4615,0.43272046404116454,0.49107162841309737,0.36741666666666667,0.34807694260180294,0.5514297089970489,0,6
0.461,0.17400000000000004,0.311666666666667,0.13865544826417292,0.4284770644987347,0.6541666666666667,0.4834626838409197,0.48433558704469415,0.4821666666666667,0.42563745420750176,0.48644522404185164,0.35804166666666665,0.3421020034976495,0.544195332277285,0,7
0.38,-0.08100000000000002,0.3760000000000003,0.08706893820419082,0.40423853224936734,0.463,0.22923437787556686,0.4545254193176387,0.49341666666666667,0.4205527657593985,0.47006903572772063,0.3547916666666666,0.341481042718679,0.5310597056951022,0,8
0.692,0.31199999999999994,0.5110000000000002,0.16189811611011648,0.5481192661246836,0.4643333333333333,0.2307948584060417,0.522375299512599,0.5424166666666667,0.405024007892986,0.504212261000379,0.3629583333333333,0.34729907912679986,0.543934929239494,0,9
0.8,0.1080000000000001,0.6240000000000002,0.21810089408345953,0.6740596330623418,0.46783333333333327,0.23660719910151684,0.6016966425089992,0.5960833333333334,0.39161192718704574,0.5497180670003207,0.3764166666666667,0.35800387618337753,0.5644201349003346,0,10
0.616,-0.18400000000000005,0.702666666666667,0.09246260505381369,0.645029816531171,0.5393333333333333,0.19612614987977747,0.6057833160778565,0.6376666666666667,0.361447175401968,0.5599152874618099,0.38645833333333335,0.3613268999440709,0.5685465241083079,0,11
0.735,0.119,0.7170000000000002,0.09331130692474603,0.6900149082655855,0.614,0.16339522636845422,0.6427023686270403,0.6715833333333334,0.3486155627708852,0.5868513970830699,0.411375,0.3639855243777228,0.5818628021796433,0,12
1.435,0.7000000000000001,0.928666666666667,0.44251591308487076,1.0625074541327928,0.7763333333333334,0.35383875800520403,0.8690731204478859,0.71525,0.4089303397001414,0.7173357975318284,0.46974999999999995,0.41023739150802446,0.6501137780052718,0,13
1.677,0.242,1.2823333333333335,0.4892047969238812,1.3697537270663964,0.9925,0.4471602620984998,1.09990937174849,0.72775,0.4373072822294518,0.8649764440653933,0.5352916666666666,0.4704928479026431,0.7322646757648501,0,14
1.53,-0.14700000000000002,1.5473333333333337,0.12192757413044417,1.4498768635331982,1.1321666666666668,0.4650434029923078,1.2227924083917785,0.7982499999999999,0.494116498041063,0.9672877603630251,0.5895,0.507186013385539,0.796083501703662,0,15
1.191,-0.33899999999999997,1.4660000000000004,0.2492408473745864,1.3204384317665991,1.1973333333333334,0.4356542971975212,1.2137088631369846,0.8325833333333333,0.5068080967878247,1.0017050279994828,0.6377916666666666,0.5069727699716786,0.8276768215673691,0,16
0.525,-0.666,1.0820000000000003,0.5112895461477802,0.9227192158832995,1.1821666666666666,0.4607986183428355,1.0169349022407033,0.86075,0.4761310218836828,0.9283657929226393,0.6537499999999999,0.49660992040381263,0.8034626758419796,0,17
0.613,0.08799999999999997,0.7763333333333337,0.3617973650171288,0.7678596079416498,1.1618333333333333,0.4864542801401444,0.9015249301719309,0.8879166666666666,0.44894248636167866,0.8798479786268486,0.6747083333333334,0.4830945068371556,0.7882256617746213,0,18
0.496,-0.11699999999999999,0.544666666666667,0.06092892033622724,0.6319298039708249,1.0053333333333334,0.5300847730945172,0.7856606644085221,0.8908333333333335,0.4460209602358357,0.8207944434534873,0.6865,0.4747160249536861,0.7648476088326517,0,19
0.678,0.18200000000000005,0.595666666666667,0.09222978549979473,0.6549649019854125,0.8388333333333334,0.422995705257944,0.7549004745775159,0.9156666666666666,0.42267854394936044,0.7988260675375661,0.7045416666666667,0.4653427889544293,0.7578998001260395,0,20
1.003,0.32499999999999984,0.7256666666666668,0.25683911955412403,0.8289824509927062,0.751,0.28198510598965787,0.8257860532696542,0.9415833333333333,0.4172168519069566,0.830237441762556,0.742,0.45085725110013203,0.7775078161159563,0,21
1.35,0.3470000000000002,1.0103333333333335,0.33606001448154554,1.0894912254963531,0.7775,0.3342350969003684,0.9755614666211816,0.9874166666666667,0.43025562345558166,0.9102009122606243,0.79175,0.4492568017437749,0.8233071908266798,0,22
1.12,-0.22999999999999998,1.1576666666666668,0.17653989162038156,1.1047456127481765,0.8766666666666666,0.33259925836758203,1.0168296190151298,1.0294166666666666,0.4150332863613212,0.9424776949897591,0.8335416666666666,0.42999858231987603,0.8470426155605455,0,23
0.8,-0.32000000000000006,1.0900000000000003,0.27622454633866805,0.9523728063740883,0.9078333333333335,0.31101152175870533,0.9548782992965212,1.0348333333333335,0.4112483950415394,0.9205580496067193,0.8532083333333333,0.41645198889904783,0.843279206315702,0,24
0.792,-0.008000000000000007,0.9040000000000004,0.18710424901643394,0.8721864031870441,0.9571666666666667,0.25013949441594735,0.9083416423546581,0.9812500000000001,0.39597500495038107,0.9007798881287624,0.8482499999999998,0.41644241211564575,0.8391768698104458,0,25
1.054,0.262,0.8820000000000002,0.14901006677403977,0.9630932015935221,1.0198333333333334,0.21010893999700705,0.9499583159676129,0.9293333333333335,0.33216078618462447,0.9243522130320297,0.8285416666666667,0.39348321649934254,0.8563627202256101,0,26
1.123,0.06899999999999995,0.989666666666667,0.17462626759264108,1.0430466007967611,1.0398333333333334,0.2138638975298682,0.9993987971197236,0.8954166666666667,0.2822862693770065,0.9549134110271021,0.8468333333333334,0.39666278161536944,0.8776937026075614,0,27
1.037,-0.08600000000000008,1.0713333333333337,0.04554484969056728,1.0400233003983805,0.9876666666666667,0.1524239701184358,1.0101419979426596,0.8825833333333334,0.2708976520363141,0.9675421170229326,0.8575833333333334,0.39823741189381706,0.8904382063989565,0,28
0.917,-0.11999999999999988,1.025666666666667,0.1034665807559935,0.9785116501991903,0.9538333333333334,0.13912500374363237,0.9835299985304712,0.91525,0.2463837085080541,0.9597664067117122,0.8879999999999999,0.3717926023073029,0.89256314988704,0,29
0.899,-0.018000000000000016,0.9510000000000002,0.07501999733406722,0.9387558250995951,0.9703333333333332,0.12205517877855804,0.959378570378908,0.9390833333333334,0.22760550334188986,0.9504177287560642,0.9135,0.3490731828091683,0.8930780978960768,0,30
0.788,-0.11099999999999999,0.8680000000000003,0.06986415389886116,0.8633779125497976,0.9696666666666666,0.12322932551412333,0.9104132645563627,0.9634166666666667,0.18811140719039698,0.9254303858705158,0.9271250000000001,0.3368096240104908,0.8846718500643908,0,31
0.557,-0.23099999999999998,0.7480000000000003,0.17447349368888151,0.7101889562748989,0.8868333333333333,0.1989677528311198,0.8094380461116877,0.9533333333333335,0.2070873040897277,0.8687487880442827,0.9345,0.32607534472079275,0.8584581020592396,0,32
0.361,-0.19600000000000006,0.568666666666667,0.2137389373355687,0.5355944781374494,0.7598333333333334,0.2537293177121346,0.6813128900797769,0.8998333333333334,0.2672727015048431,0.7906335898836238,0.9207083333333332,0.34332194032736413,0.8186614538945004,0,33
0.466,0.10500000000000004,0.46133333333333365,0.0980832979326172,0.5007972390687248,0.6646666666666667,0.235401500986432,0.6197949214855549,0.8261666666666668,0.2533810760435157,0.7406899606707585,0.9067916666666668,0.35499846652047023,0.7904485375829404,0,34
0.205,-0.261,0.3440000000000003,0.1313278340642441,0.35289861953436236,0.546,0.26084478143140655,0.5012820867753964,0.7499166666666667,0.2916976823335905,0.6582761205675649,0.8896666666666668,0.3787544422660061,0.7436126545763052,0,35
0.26,0.05500000000000002,0.3103333333333336,0.1375875478862062,0.3064493097671812,0.4395,0.2141651232110355,0.43234434769671176,0.7049166666666666,0.32321860273120984,0.597002871249478,0.869875,0.39905435093480884,0.7049236422102009,0,36
0.082,-0.178,0.18233333333333365,0.09113908784566328,0.19422465488359061,0.32183333333333336,0.1747082329676093,0.3322459626405084,0.6457499999999999,0.3677457434399241,0.5177716602880198,0.8135,0.41113448556086024,0.6550897508333848,0,37
0.128,0.046,0.15666666666666698,0.09239769116887943,0.16111232744179532,0.25033333333333335,0.14436712460482234,0.27388997331464887,0.5685833333333333,0.37142806922210586,0.4578067894744783,0.7489583333333334,0.39076452146003005,0.6129225707667141,0,38
0.154,0.025999999999999995,0.12133333333333367,0.036460023770422074,0.15755616372089765,0.21583333333333332,0.13718661256355968,0.2396356952247492,0.48783333333333334,0.3442781204817194,0.41106728340148163,0.691625,0.37166415560989996,0.576208765105377,0,39
0.176,0.021999999999999992,0.15266666666666698,0.024027761721384575,0.16677808186044882,0.16749999999999998,0.06178592072630679,0.22145406801767797,0.41608333333333336,0.3071394289046589,0.3749030859550998,0.6493333333333334,0.37011486661948123,0.5441920638969469,0,40
0.109,-0.06699999999999999,0.14633333333333365,0.03415162270434094,0.13788904093022442,0.1515,0.0625579731129249,0.18932433429834142,0.34875000000000006,0.27413637117318346,0.3339949188850844,0.632,0.3856077078428658,0.5093766987851911,0,41
0.144,0.03499999999999999,0.1430000000000003,0.03351119216032658,0.1409445204651122,0.13216666666666665,0.03349278529271734,0.1763745244988153,0.28583333333333333,0.2170679966082442,0.30476493136430216,0.6124583333333334,0.3982878551747631,0.4801465628823758,0,42
0.111,-0.03299999999999999,0.12133333333333363,0.01965536398390379,0.1259722602325561,0.137,0.026076809620760855,0.15769608892772521,0.22941666666666669,0.1532985550150381,0.2749549419236403,0.5964166666666667,0.4107408912077637,0.45061483785178574,0,43
0.178,0.06699999999999999,0.14433333333333362,0.03350124375810042,0.15198613011627804,0.14533333333333331,0.030276503540932347,0.1634972063769466,0.19783333333333333,0.11356522621851449,0.26003879701231103,0.5755833333333333,0.41901986221125526,0.42880565082364286,1,0
0.061,-0.11699999999999999,0.11666666666666697,0.05870547958529731,0.10649306505813902,0.12983333333333333,0.04511947103705957,0.13421229026924755,0.1728333333333333,0.10722434707687631,0.22941744362580163,0.5363333333333333,0.42135512922894336,0.39938119875775147,1,0
0.119,0.057999999999999996,0.11933333333333364,0.05850071224643123,0.11274653252906951,0.12033333333333333,0.03904698025025801,0.1298659216208911,0.14391666666666666,0.055090765326362263,0.21243014460644752,0.48504166666666665,0.3918960020838168,0.37695070285713134,0,1
0.032,-0.087,0.07066666666666697,0.044298231717980786,0.07237326626453475,0.10749999999999998,0.05349672887193522,0.10190422972920794,0.1295,0.060064359421617086,0.1846716608208402,0.43970833333333337,0.3779319560526748,0.34935464662856086,0,2
0.342,0.31000000000000005,0.16433333333333366,0.15989475705394346,0.20718663313226737,0.14049999999999999,0.11084538781562998,0.17050302123514854,0.13633333333333333,0.07819013345492437,0.20887602069455707,0.420625,0.3704372049701418,0.348766274898276,1,0
0.775,0.433,0.3830000000000003,0.3731929795695593,0.4910933165661337,0.2511666666666667,0.27916691542277045,0.3432164437393918,0.19408333333333336,0.19821313520980074,0.29597201751077906,0.41991666666666666,0.3697117463136961,0.3828649729064139,0,1
0.645,-0.13,0.5873333333333336,0.22218535805344625,0.5680466582830669,0.329,0.3171983606514979,0.4294403169567084,0.23716666666666666,0.2352672883545408,0.3496686302014284,0.40287500000000004,0.34800216297429337,0.4038357750739008,0,2
0.432,-0.21300000000000002,0.6173333333333336,0.17316562399430788,0.5000233291415335,0.39083333333333337,0.28945425660484686,0.4301716549690774,0.26033333333333336,0.23997360966017692,0.36233499478582404,0.3740833333333333,0.31261866152908413,0.4060889130679887,0,3
0.33,-0.10199999999999998,0.4690000000000003,0.16072647572819232,0.41501166457076677,0.426,0.2612684443249853,0.40155118212076957,0.27316666666666667,0.2391700928906767,0.35736038020338956,0.34462499999999996,0.27893100479291816,0.4000018000225496,0,4
0.233,-0.097,0.33166666666666694,0.09951046846105699,0.3240058322853834,0.4595,0.20812760508879644,0.3533937015148354,0.28350000000000003,0.23405651998065788,0.3382280140182527,0.316125,0.25150076713515146,0.3866416560207456,0,5
0.25,0.016999999999999987,0.2710000000000003,0.05179768334593653,0.2870029161426917,0.44416666666666665,0.22147633432641206,0.3238526439391681,0.2923333333333334,0.2302829616455459,0.32465447340005993,0.2890833333333333,0.21887954135367016,0.375710323539086,0,6
0.544,0.29400000000000004,0.34233333333333366,0.17485517817136267,0.41550145807134586,0.4056666666666667,0.16545774888673112,0.38675188852797726,0.32841666666666663,0.23319186728893104,0.3583999390308199,0.2789166666666667,0.1995074187716642,0.38917349765595916,0,7
0.875,0.33099999999999996,0.5563333333333337,0.31268248005498833,0.6452507290356729,0.44399999999999995,0.24127080221195016,0.5262513489485552,0.3865,0.27531915364470677,0.43787687148761684,0.2921666666666667,0.2273902347080549,0.42803961784348243,0,8
1.843,0.968,1.0873333333333337,0.6750291351736872,1.2441253645178365,0.6791666666666667,0.6190791279526916,0.902465249248968,0.535,0.484732541061189,0.654049660489522,0.35391666666666666,0.389987615931217,0.5412364484160038,0,9
1.629,-0.21399999999999997,1.4490000000000005,0.5084840213812049,1.4365626822589181,0.8956666666666666,0.6950291121001088,1.1100466066064056,0.6608333333333334,0.5574612637718079,0.8040420204142109,0.402375,0.46880957592423905,0.6282575325427235,0,10
1.48,-0.14900000000000002,1.650666666666667,0.1824673486773296,1.458281341129459,1.1035000000000001,0.6416350208646651,1.2157475761474326,0.7815,0.5656268445474698,0.9080355557351016,0.45549999999999996,0.5153968500519595,0.6963969299393058,0,11
1.432,-0.04800000000000004,1.5136666666666667,0.10272455078185871,1.4451406705647294,1.3005,0.4909324800825461,1.2775339829624517,0.8723333333333333,0.5760565523584916,0.9886454702373937,0.5043333333333333,0.5504021981334635,0.7552451755441614,0,12
1.494,0.062000000000000055,1.4686666666666668,0.03251666239537544,1.4695703352823646,1.4588333333333334,0.3224304059276459,1.3393814164017512,0.9322499999999999,0.6018281429414576,1.0663923209701023,0.5631666666666667,0.5780657903483112,0.8143455615006284,0,13
1.468,-0.026000000000000023,1.464666666666667,0.031134118476919145,1.4687851676411823,1.5576666666666668,0.15519106503490038,1.3761295831441078,1.0008333333333332,0.612909578580031,1.1281781177439327,0.619,0.5985568877108423,0.8666379165805782,0,14
0.853,-0.615,1.271666666666667,0.3628089488054774,1.160892583820591,1.3926666666666667,0.27284110149804475,1.2266639879600771,1.0359166666666666,0.5889708216778471,1.0858430227064046,0.648125,0.5919162185500677,0.865546883254132,1,0
0.974,0.121,1.0983333333333336,0.32580720270327995,1.0674462919102954,1.2835,0.28987428309527474,1.1544742771143408,1.0895833333333333,0.546618274373248,1.0686364038284961,0.6813750000000001,0.5866318608952243,0.8742231325938015,0,1
1.254,0.28,1.0270000000000004,0.2056866548904013,1.1607231459551477,1.2458333333333333,0.27345231150360766,1.1829101979388148,1.1746666666666667,0.4760762607614512,1.0971538801625735,0.7290833333333332,0.5846146941188808,0.9046052819862973,0,2
1.475,0.22100000000000009,1.2343333333333335,0.2510783410279262,1.317861572977574,1.2530000000000001,0.27979706931989023,1.2663644270991534,1.27675,0.38177507061809773,1.1552840524452546,0.7845416666666667,0.5898070413402123,0.9502368594273936,0,3
1.675,0.19999999999999996,1.4680000000000002,0.2105872740694494,1.4964307864887871,1.2831666666666668,0.31811156323948075,1.3831174479279666,1.3710000000000002,0.3188556242108767,1.2352403520690616,0.8497083333333334,0.5984908905025159,1.008217910673202,0,4
2.173,0.498,1.7743333333333335,0.359445869823724,1.8347153932443936,1.4006666666666667,0.48595829725056283,1.6087981770914048,1.4791666666666667,0.35357211771326214,1.3795110671353599,0.9328333333333333,0.63835642672118,1.1014004778193458,0,5
1.07,-1.103,1.6393333333333338,0.5523643121467335,1.452357696622197,1.4368333333333334,0.44324504133342135,1.454855840779575,1.41475,0.3516705909590012,1.3318939798837661,0.9748749999999999,0.6110851582653395,1.0988884395937983,1,0
1.068,-0.0020000000000000018,1.4370000000000003,0.6373954816281658,1.2601788483110985,1.4525,0.4248956342444574,1.3443256005568394,1.368,0.35783439541979933,1.2912949060554944,1.0144166666666667,0.5833710815943661,1.0964173644262944,0,1
1.194,0.1259999999999999,1.110666666666667,0.07217571151943138,1.2270894241555492,1.4425000000000001,0.4311615706437666,1.301375428969171,1.3441666666666665,0.3592183011467911,1.2763264589700336,1.0628333333333333,0.5452661629019334,1.104223975272191,0,2
1.052,-0.1419999999999999,1.104666666666667,0.07777746031683089,1.1395447120777746,1.372,0.4585005997815047,1.2301253064065507,1.3125,0.367427049036452,1.2418146960515668,1.0924166666666666,0.5232740504592774,1.1000460572504158,0,3
0.967,-0.08500000000000008,1.0710000000000004,0.11468652928745819,1.0532723560388872,1.254,0.45602324502156616,1.1549466474332504,1.2685833333333334,0.37517425244407265,1.1995355120436335,1.1004166666666668,0.5196655209105072,1.0894023726703828,0,4
1.284,0.31700000000000006,1.1010000000000004,0.16408229642469935,1.1686361780194436,1.1058333333333332,0.1134943464083815,1.1918190338808932,1.25325,0.3700076473411167,1.2125300486523054,1.1270416666666667,0.511625158232306,1.1049701828567522,1,0
0.752,-0.532,1.0010000000000003,0.26762473727217984,0.9603180890097218,1.0528333333333333,0.18518360258582725,1.0661564527720666,1.2448333333333335,0.3809275362569461,1.1416792719365663,1.140375,0.49667562789795344,1.076732568228212,1,0
0.641,-0.11099999999999999,0.8923333333333338,0.34370384538631077,0.8006590445048609,0.9816666666666668,0.24917998849559625,0.9446831805514762,1.2170833333333333,0.4132121309346016,1.064651691638633,1.1533333333333335,0.47833185375724324,1.0418739627699551,0,1
0.936,0.29500000000000004,0.7763333333333337,0.14899776284675353,0.8683295222524305,0.9386666666666668,0.22643291869042678,0.942202271822483,1.1905833333333333,0.42075742489712503,1.044859123694228,1.182625,0.439469028685655,1.0334040457483589,0,2
0.739,-0.19700000000000006,0.7720000000000002,0.1502431362825074,0.8036647611262153,0.8865,0.23110755072043554,0.8841444798732021,1.12925,0.4290897606879848,0.997803873895116,1.203,0.4042765949413733,1.0098517220884902,0,3
0.792,0.05300000000000005,0.8223333333333337,0.10194279441597259,0.7978323805631077,0.8573333333333334,0.22995622771881022,0.8578174856237158,1.0556666666666668,0.40183880380374387,0.9661417394497136,1.2133333333333334,0.38960332855763474,0.992423584321411,0,4
0.795,0.0030000000000000027,0.7753333333333337,0.03150132272361598,0.7964161902815539,0.7758333333333334,0.09631908775868453,0.8398696325883686,0.9408333333333334,0.1994291094523804,0.9398122410728346,1.2100000000000002,0.3929517062925936,0.9766296975756982,0,5
0.831,0.03599999999999992,0.8060000000000004,0.021702534414302158,0.8137080951407769,0.789,0.09779775048536915,0.8373354518488347,0.9209166666666667,0.19727943187880514,0.9230718962923985,1.1678333333333335,0.37600493367099275,0.9649793217696423,0,6
0.556,-0.2749999999999999,0.7273333333333336,0.1494668302110456,0.6848540475703885,0.7748333333333334,0.12570030495852094,0.7569538941777392,0.87825,0.21696171635483605,0.8665992968627988,1.123125,0.3825217598243671,0.9322609760280709,1,0
0.422,-0.13400000000000006,0.6030000000000003,0.20851139057616155,0.5534270237851943,0.6891666666666666,0.16339328831584557,0.661252781555528,0.8139166666666666,0.22894956107219697,0.7981994050377529,1.0790416666666667,0.40016317097628773,0.8914400979458252,0,1
0.217,-0.205,0.39833333333333365,0.17073468696588465,0.3852135118925971,0.6021666666666666,0.24840725968993924,0.5343234153968057,0.7443333333333334,0.27271708061763633,0.7087841119550217,1.0284166666666668,0.4293589677512357,0.8374848901101593,0,2
0.119,-0.098,0.252666666666667,0.15461673044447385,0.25210675594629856,0.49,0.29341301947936477,0.4156595824262898,0.6736666666666666,0.31617841146857,0.6180480947311722,0.9711250000000001,0.45547512818078834,0.7800060989013465,0,3
0.177,0.057999999999999996,0.1710000000000003,0.0492747399790808,0.21455337797314927,0.387,0.2726704971206051,0.3474711303044927,0.5814166666666666,0.28150680868024136,0.5501945416956072,0.9173333333333334,0.4702371896104721,0.7317656109892388,0,4
0.042,-0.13499999999999998,0.11266666666666697,0.06772247288263732,0.12827668898657463,0.2555,0.19487508819753682,0.2601936645032091,0.52225,0.31501374428889595,0.4720107660501292,0.8835416666666666,0.5030556179093387,0.6765843621100998,0,5
0.147,0.10499999999999998,0.12200000000000029,0.07088723439383274,0.13763834449328732,0.18733333333333332,0.12920784289919987,0.2278526175022922,0.4810833333333333,0.3300061868106934,0.42200910973472466,0.8490833333333333,0.524458637376526,0.6342176131412918,0,6
0.043,-0.104,0.07733333333333363,0.06033517492590588,0.09031917224664365,0.12416666666666666,0.07112922512346256,0.1750375839302087,0.4066666666666667,0.3185847492022233,0.36370001592938245,0.798625,0.5417770929803724,0.5869202040899885,0,7
0.114,0.07100000000000001,0.10133333333333362,0.05314445722123413,0.10215958612332182,0.10699999999999998,0.05479781017520249,0.15759827423586337,0.3545833333333333,0.3102953016763635,0.3252846288633236,0.7419166666666667,0.5391242428933842,0.5490865877627894,0,8
0.037,-0.07700000000000001,0.06466666666666697,0.042829117821170486,0.06957979306166091,0.09333333333333332,0.061072634351763244,0.12314162445418811,0.2916666666666667,0.2893784352502448,0.28093314749973536,0.6736666666666666,0.5191771639202121,0.5081196607417663,0,9
0.146,0.10899999999999999,0.09900000000000031,0.05602677931138161,0.10778989653083046,0.08816666666666667,0.053409424886101925,0.12967258889584865,0.23758333333333334,0.2438167934902767,0.2601742017305453,0.5892083333333334,0.4200811494240756,0.479150087882425,1,0
0.163,0.017000000000000015,0.11533333333333362,0.0683690963326234,0.13539494826541523,0.10833333333333334,0.055301597324708386,0.1391947063541776,0.18191666666666664,0.15671250941154058,0.24522432454123064,0.5514166666666668,0.41572272497179474,0.45385808085183105,0,1
0.303,0.13999999999999999,0.20400000000000032,0.08615683373944237,0.21919747413270763,0.13433333333333333,0.0976066937595175,0.18599621882441258,0.1608333333333333,0.1126279743494583,0.2541128899964259,0.5195416666666667,0.4035414939245335,0.44178943438368456,0,2
0.103,-0.2,0.18966666666666698,0.10263202878896673,0.1610987370663538,0.14433333333333334,0.08907899116326053,0.16228301344600898,0.13425,0.07757240019961328,0.23086475307389884,0.47408333333333336,0.38529885821908616,0.4146862796329898,1,0
0.145,0.041999999999999996,0.18366666666666695,0.10545773244925814,0.1530493685331769,0.1495,0.08785840881781087,0.15734500960429212,0.12825,0.07325438243174431,0.21765479106252977,0.4362916666666667,0.37034067502735135,0.3931113772623506,0,1
1.254,1.109,0.5006666666666669,0.6527436965098463,0.7035246842665884,0.35233333333333333,0.44699246824377764,0.47067500686020863,0.22283333333333336,0.3328804954370648,0.3770925155144483,0.44825000000000004,0.3922102641496674,0.4619824670813626,1,0
1.104,-0.1499999999999999,0.8343333333333337,0.6016729454889403,0.9037623421332943,0.512,0.5231596314701643,0.6516250049001491,0.3000833333333333,0.4179655180064805,0.4889244362045332,0.44075,0.3769583358363704,0.5133438697148536,0,1
0.359,-0.7450000000000001,0.905666666666667,0.47933113119568727,0.6313811710666472,0.5446666666666666,0.5027296158639004,0.5680178606429637,0.3265,0.410114950626375,0.4689360614038358,0.424375,0.37134395312397817,0.5009963601376654,0,2
0.327,-0.03199999999999997,0.596666666666667,0.43965478882111375,0.4791905855333236,0.5486666666666666,0.5005128036990311,0.49915561474497405,0.34149999999999997,0.4062262021001704,0.44709974426478416,0.41129166666666667,0.3689033665346305,0.4870766513266522,0,3
0.264,-0.063,0.31666666666666693,0.04833563212929985,0.3715952927666618,0.5755,0.4755337001727619,0.4319682962464101,0.35991666666666666,0.3963527947155023,0.41893055283943276,0.38329166666666675,0.3524832995324456,0.46923051922052006,0,4
0.34,0.07600000000000001,0.3103333333333336,0.04064890322430638,0.3557976463833309,0.608,0.4459717479841052,0.40569164017600723,0.37875,0.3889047850286532,0.40678739086413546,0.3666666666666667,0.344291037990512,0.4588920776828785,0,5
0.232,-0.10800000000000001,0.278666666666667,0.05547371750062487,0.29389882319166544,0.4376666666666667,0.329979797361391,0.3560654572685766,0.395,0.3772255173090654,0.37989702303888384,0.3433333333333333,0.33300315531430025,0.4407407114682482,0,6
0.281,0.049000000000000016,0.28433333333333366,0.05407710544527244,0.2874494115958327,0.3005,0.049172146587247244,0.334618183763269,0.40625,0.37108762136087725,0.3646820964175171,0.3219166666666667,0.3189227678985348,0.4279614545507884,0,7
0.384,0.10299999999999998,0.2990000000000003,0.07758221445670219,0.33572470579791636,0.3046666666666667,0.05574106804380775,0.34872727411662074,0.4246666666666667,0.3633206280792213,0.36765408158405294,0.3032916666666667,0.30041514452166995,0.42444453818672534,0,8
0.388,0.0040000000000000036,0.35100000000000026,0.060654760736528764,0.3618623528989582,0.31483333333333335,0.06536181352031492,0.3599480529404434,0.43175,0.3615572694482993,0.370784222878814,0.2962916666666667,0.2961984468688874,0.42152897513178733,0,9
1.052,0.664,0.6080000000000002,0.38452048059889443,0.7069311764494791,0.44616666666666677,0.3028863923431765,0.5576771806717453,0.5108333333333334,0.3860691961843435,0.47558665012822726,0.32254166666666667,0.3334031349017636,0.47196665712124436,1,0
1.942,0.8899999999999999,1.1273333333333335,0.7797341427264399,1.3244655882247396,0.7131666666666666,0.6718947586241949,0.9531979861941038,0.6605833333333333,0.5464635824734321,0.7011887039546538,0.39441666666666664,0.4683062837100557,0.5895693245515448,0,1
1.695,-0.2469999999999999,1.5630000000000004,0.45944858254216153,1.5097327941123697,0.957,0.7256665901087075,1.1651414187100742,0.6973333333333334,0.602005335725876,0.8540827495000918,0.46008333333333334,0.5339076549909871,0.6780037785874211,0,2
1.74,0.04499999999999993,1.7923333333333336,0.13155353789744265,1.6248663970561847,1.2001666666666668,0.6977525110428955,1.329386727650053,0.7503333333333333,0.6656905277889111,0.9903777111154624,0.5252083333333334,0.5902313458862298,0.7629634763004275,0,3
1.182,-0.558,1.5390000000000004,0.3099887094718154,1.4034331985280923,1.3331666666666668,0.5766039946676281,1.2872762340357522,0.8189166666666666,0.6641010955807221,1.019858063251545,0.5727083333333334,0.5955017963807977,0.7964863981963933,0,4
0.593,-0.589,1.1716666666666669,0.5735698155702899,0.9982165992640462,1.3673333333333335,0.5118326549436507,1.088911595739823,0.8410833333333333,0.6504888313391475,0.9541875919820766,0.5912916666666667,0.5885579635424862,0.7802074863406819,0,5
0.335,-0.25799999999999995,0.7033333333333336,0.4341455209182033,0.6666082996320231,1.2478333333333336,0.6618850101540796,0.8735082826713022,0.8470000000000001,0.64506292857223,0.8589279624463725,0.6034583333333333,0.5796820702214578,0.7445908874334275,0,6
0.587,0.25199999999999995,0.5050000000000002,0.14725488107361856,0.6268041498160115,1.022,0.6065126544434164,0.7916487733366444,0.8675833333333335,0.631206270612552,0.8170928913007767,0.6231666666666666,0.570282132058274,0.7319836164387533,0,7
0.682,0.09500000000000008,0.5346666666666668,0.17932187076131784,0.6544020749080057,0.8531666666666666,0.5159323276037909,0.7603205523833174,0.9050833333333334,0.6027388185054398,0.7963093695621956,0.6500416666666666,0.5564887966501253,0.7279849271236531,0,8
0.644,-0.038000000000000034,0.6376666666666669,0.04781561809010086,0.6492010374540029,0.6705,0.278569739921619,0.7270861088452267,0.9353333333333333,0.5771354549265998,0.7728771588603193,0.6707916666666667,0.5460641767639867,0.721266132953761,0,9
1.046,0.402,0.790666666666667,0.2219399318134026,0.8476005187270015,0.6478333333333334,0.2299090399846537,0.8182043634608762,0.9905,0.5506770213275489,0.8148960574971933,0.7075833333333333,0.5400773629499919,0.7472448423174601,0,10
1.298,0.252,0.9960000000000003,0.32985451338431565,1.0728002593635009,0.7653333333333334,0.3467458242959319,0.955288831043483,1.0663333333333334,0.5220796409697962,0.8892197409591636,0.7490416666666667,0.5458290446783638,0.7913052549320634,0,11
0.874,-0.42400000000000004,1.0726666666666669,0.21325415197209346,0.9734001296817505,0.8551666666666667,0.2754504795179443,0.932063450745345,1.0515,0.5250441539874179,0.8868782423500614,0.7811666666666667,0.5285686715836575,0.7979208345374983,0,12
0.916,0.04200000000000004,1.0293333333333334,0.23361792168696502,0.9447000648408752,0.9100000000000001,0.2421206310911957,0.9274738933895321,0.9659999999999999,0.44415722032140414,0.8913585127577442,0.8132916666666667,0.5113730433770983,0.8073671677744985,0,13
1.569,0.6529999999999999,1.119666666666667,0.3897003122058494,1.2568500324204375,1.0578333333333334,0.3299335791741511,1.1107670667068086,0.9554999999999999,0.4264949109789108,0.9956110492565529,0.8264166666666667,0.5269803986674573,0.8682977943525386,0,14
1.58,0.01100000000000012,1.3550000000000002,0.38022493342757274,1.4184250162102188,1.2138333333333333,0.3161217592426471,1.2448336190762919,0.9421666666666667,0.4015089342000054,1.0855170416786217,0.8462500000000001,0.5464783101626841,0.9252339708043356,0,15
0.908,-0.672,1.3523333333333334,0.3848432581367842,1.1632125081051095,1.1908333333333334,0.3352183865283438,1.1485954421973512,0.9193333333333333,0.39435732143539187,1.0582067275742184,0.8691249999999999,0.5365967081281013,0.9238552531399888,1,0
0.762,-0.14600000000000002,1.0833333333333337,0.43627667062695075,0.9626062540525547,1.1015,0.3705097839463882,1.0381396015695366,0.9334166666666667,0.3845392658360092,1.0126364617935695,0.88725,0.5247036637785278,0.9109068328887898,0,1
0.858,0.09599999999999997,0.8426666666666668,0.0741979334842827,0.9103031270262774,1.0988333333333333,0.37252673282150633,0.9866711439782404,0.977,0.33728407234043145,0.988846236902251,0.9119999999999999,0.5077629539374706,0.9066742862576868,0,2
0.763,-0.09499999999999997,0.7943333333333337,0.05513921774325676,0.8366515635131386,1.0733333333333335,0.39225892809044627,0.9227651028416003,0.9916666666666667,0.32227609093427745,0.9541006619942124,0.929625,0.4942053623923892,0.8951803433570719,0,3
0.688,-0.07500000000000007,0.7696666666666668,0.08519585279424348,0.7623257817565693,0.9265,0.32947579577261676,0.8556893591725716,0.9921666666666665,0.3217562130030444,0.9131620986104874,0.9486249999999999,0.47459518791419036,0.8786059158885061,0,4
0.687,-0.0009999999999998899,0.7126666666666669,0.04359281286334578,0.7246628908782846,0.7776666666666667,0.08962291373675321,0.8074923994089798,0.9957500000000001,0.31774063894372007,0.8783679295934893,0.9655416666666667,0.45666037034165874,0.8632774426174257,0,5
0.584,-0.10300000000000009,0.6530000000000002,0.05975784467336188,0.6543314454391422,0.7236666666666668,0.09293582014845206,0.7436374281492713,0.95725,0.338415593075088,0.8330805558098755,0.973875,0.44731598718501614,0.8409352472080316,0,6
0.646,0.062000000000000055,0.6390000000000002,0.05185556864991178,0.6501657227195712,0.7043333333333334,0.09539951083032552,0.7157410201066223,0.9029166666666666,0.33099257292775225,0.8042989318391255,0.984625,0.4355698728452599,0.8253404274313891,0,7
0.378,-0.268,0.5360000000000001,0.14029967925838674,0.5140828613597856,0.6243333333333334,0.13415314631668265,0.6192435857904445,0.8615833333333333,0.3642323080705834,0.7387144807869522,0.9565416666666667,0.4524384156186757,0.7895531932368781,0,8
0.146,-0.232,0.3900000000000002,0.2502159067685484,0.33004143067989283,0.5215,0.21730692579850835,0.48403113270746034,0.7974166666666668,0.4176783143071046,0.6475276375889595,0.8817083333333332,0.43034672362669807,0.7380689377779279,0,9
0.151,0.0050000000000000044,0.22500000000000023,0.132525469250283,0.2405207153399464,0.4320000000000001,0.2439663911279549,0.38887938050532883,0.67925,0.3782688137482998,0.5711387702675811,0.8173749999999999,0.4187310865293967,0.6911034227556937,0,10
0.125,-0.025999999999999995,0.14066666666666688,0.01379613472467719,0.1827603576699732,0.3383333333333334,0.2341714471635361,0.31348527178952057,0.5579999999999999,0.28498548607381385,0.5025020363802609,0.7500833333333333,0.3929925230693434,0.6458151489352383,0,11
0.108,-0.017,0.12800000000000022,0.02165640782789638,0.1453801788349866,0.25900000000000006,0.21406541056414974,0.2547751941353718,0.49133333333333334,0.2892074855479548,0.44180941539868235,0.7053333333333334,0.40270008979244526,0.6027899370204193,0,12
0.056,-0.052,0.09633333333333355,0.035949038003007236,0.1006900894174933,0.1606666666666667,0.11184215067077571,0.1979822815252656,0.43249999999999994,0.3007217076543466,0.382454120721962,0.6829583333333334,0.4235896783205573,0.5590467420587858,0,13
0.096,0.04,0.08666666666666689,0.027227437142369925,0.09834504470874665,0.1136666666666667,0.03531949414508117,0.16884448680376113,0.369,0.28261184431204495,0.3383842559955063,0.673,0.4347870043256099,0.522003002694083,0,14
0.032,-0.064,0.061333333333333566,0.03233161507475043,0.06517252235437332,0.09466666666666669,0.04403483469554976,0.1297460620026865,0.3080833333333333,0.26839030545198,0.29124821661158223,0.6498750000000001,0.45389927176968103,0.48280276247855636,0,15
0.113,0.081,0.08033333333333355,0.042712215270830155,0.08908626117718665,0.08833333333333337,0.036379481396308866,0.12496147285906178,0.2601666666666667,0.24467709085216774,0.26382541405595417,0.6261666666666666,0.46682448677129057,0.45321854148027185,1,0
0.068,-0.045,0.07100000000000023,0.04058324777551014,0.07854313058859333,0.07883333333333338,0.03207751029404196,0.10868676632790128,0.20858333333333332,0.2091860669501242,0.23369842727811507,0.6021666666666666,0.48047464455262845,0.42240105816185014,0,1
0.15,0.08199999999999999,0.11033333333333355,0.04106498914332731,0.11427156529429666,0.08583333333333337,0.04257894628410124,0.12049054737707235,0.17241666666666666,0.17271756152924161,0.22082174615840505,0.5648333333333333,0.47929755364234866,0.4006089735089022,0,2
0.157,0.007000000000000006,0.12500000000000022,0.04948737212671718,0.13563578264714832,0.1026666666666667,0.04804026089296774,0.13092181955505167,0.13166666666666668,0.08747709656958097,0.2110030159801889,0.5172916666666666,0.459595803436276,0.38112025562819,0,3
0.111,-0.046,0.13933333333333356,0.024785748593525423,0.12331789132357415,0.1051666666666667,0.048014234000600384,0.1252298711107512,0.10941666666666666,0.040430542760148465,0.19561793659862137,0.48550000000000004,0.46023746233779667,0.35951063517793486,0,4
0.403,0.29200000000000004,0.2236666666666669,0.15700106156756088,0.2631589456617871,0.16700000000000004,0.11994832220584764,0.204592765079108,0.13083333333333333,0.09406461351195192,0.2275228694296027,0.46412500000000007,0.45119824164204586,0.36298978436370005,1,0
0.825,0.42199999999999993,0.4463333333333335,0.3589670365553639,0.5440794728308935,0.2856666666666667,0.28896205056488766,0.3818519750565057,0.18699999999999997,0.221756213400706,0.31944242797889455,0.433125,0.39390765994738164,0.39995060161460405,0,1
0.919,0.09400000000000008,0.7156666666666669,0.274826005562317,0.7315397364154468,0.42750000000000005,0.36070140005272816,0.5353228393260755,0.2531666666666667,0.3045679005749083,0.41168205444368,0.40558333333333335,0.32779247367367403,0.44147455348543574,0,2
0.529,-0.39,0.7576666666666668,0.2035321432436128,0.6302698682077235,0.49066666666666675,0.3346291479633312,0.5335163138043396,0.28825,0.31051544391397345,0.4297309691446523,0.3897916666666667,0.31124755688466316,0.44847658920660094,0,3
0.292,-0.23700000000000004,0.5800000000000002,0.31659595701778326,0.46113493410386175,0.5131666666666667,0.311442075941362,0.4645116527173854,0.30791666666666667,0.30182037353165697,0.40854158927624423,0.3702083333333333,0.30144189420137874,0.4359584620700729,0,4
0.162,-0.12999999999999998,0.3276666666666669,0.18608152335291273,0.3115674670519309,0.5216666666666666,0.2987063217721799,0.3780797519409896,0.3134166666666666,0.2981870853655284,0.3706121140029759,0.34120833333333334,0.2855332127436586,0.4140417851044671,0,5
0.164,0.0020000000000000018,0.2060000000000002,0.07448489779819702,0.23778373352596543,0.48183333333333334,0.33179838255583016,0.3169141085292783,0.32441666666666663,0.2891600558147493,0.338825634925595,0.31625,0.27296412409597653,0.3940384422961098,0,6
0.233,0.069,0.18633333333333357,0.040426888741792684,0.23539186676298274,0.3831666666666667,0.2953624327274287,0.2929386489494845,0.33441666666666664,0.2831974763412655,0.322544768013965,0.2972916666666667,0.2615857128073571,0.381155366912421,0,7
0.433,0.19999999999999998,0.2766666666666669,0.13971518648071454,0.33419593338149134,0.3021666666666667,0.14979641740263588,0.33295617782106035,0.36483333333333334,0.27133469212674616,0.33953788062720114,0.28670833333333334,0.25001556110991785,0.38530293755942735,0,8
0.442,0.009000000000000008,0.3693333333333335,0.11815385450056377,0.3880979666907457,0.28766666666666674,0.1257245666791685,0.3641115555864717,0.38916666666666666,0.2632910015840884,0.35530128360763175,0.28079166666666666,0.24428884883815782,0.3898387025546732,0,9
0.514,0.07200000000000001,0.46300000000000024,0.044395945760920645,0.45104898334537286,0.3246666666666667,0.15622249091172735,0.40693682541890835,0.41891666666666666,0.2547021284607278,0.3797164707449192,0.27529166666666666,0.2370887706006618,0.39977160635029935,0,10
0.36,-0.15400000000000003,0.4386666666666669,0.07705409355342556,0.40552449167268645,0.35766666666666674,0.13437360851992025,0.3935263038706488,0.43966666666666665,0.236853745948207,0.37668316755339315,0.2745416666666667,0.23677800631681992,0.3965898778422754,0,11
0.795,0.43500000000000005,0.5563333333333336,0.2205682056266032,0.6002622458363432,0.4628333333333334,0.18850720587464279,0.5082330741933205,0.47233333333333327,0.2574717401380154,0.4410396033144096,0.30158333333333337,0.25760365860666995,0.42846268761489337,1,0
0.486,-0.30900000000000005,0.5470000000000003,0.22382359124990875,0.5431311229181717,0.505,0.1514727698300865,0.5018807672809432,0.4440833333333334,0.23266146234519988,0.44795658741988503,0.31554166666666666,0.25816492523810014,0.43306567260570195,1,0
1.373,0.887,0.8846666666666669,0.45024696926613283,0.9580655614590858,0.6616666666666667,0.37833671070445346,0.7507719766292451,0.4819166666666666,0.33243029572400923,0.5902709585860566,0.36754166666666666,0.33296728905361744,0.5082604187972458,1,0
1.606,0.2330000000000001,1.1550000000000002,0.5909678502253768,1.2820327807295429,0.8556666666666667,0.5164086237338273,0.9951228404494608,0.5716666666666667,0.4651778415213098,0.7465369649574325,0.4299583333333334,0.4129882069236066,0.5960795852934662,0,1
1.556,-0.050000000000000044,1.511666666666667,0.12266349633584972,1.4190163903647715,1.0293333333333334,0.5524779331943186,1.1553734574639005,0.677,0.534096688556738,0.871069739579366,0.4924583333333334,0.46425433239220487,0.6728732184699889,0,2
1.517,-0.039000000000000146,1.5596666666666668,0.04461315202196311,1.4680081951823856,1.2221666666666666,0.46751745065469624,1.2586953267599288,0.7899166666666667,0.5580179955282208,0.9704436257979251,0.5516666666666666,0.5006782067023394,0.7404033609923899,0,3
0.683,-0.8339999999999999,1.2520000000000004,0.49315413412036085,1.075504097591193,1.2035000000000002,0.4896940881815908,1.0942109476856634,0.8331666666666667,0.5241822780350942,0.9262215295213212,0.5787916666666667,0.4887938108167465,0.7358110921129988,0,4
0.607,-0.07600000000000007,0.935666666666667,0.5048815042495988,0.8412520487955965,1.2236666666666667,0.45553646030440453,0.9550078197754738,0.8643333333333333,0.4955926357463967,0.8771105249795795,0.599375,0.4786217361386248,0.725506204743959,0,5
0.897,0.29000000000000004,0.7290000000000002,0.15037286989349286,0.8691260243977983,1.1443333333333334,0.46566411356971266,0.9384341569824812,0.903,0.4766178190694778,0.8801704442134903,0.6339166666666667,0.46841071876002016,0.7392257083644423,0,6
1.215,0.31800000000000006,0.9063333333333335,0.3041074371555847,1.0420630121988992,1.0791666666666666,0.41245432070311266,1.0174529692732008,0.9674166666666667,0.46061608118087255,0.9316826835652611,0.6782916666666666,0.47101282906618436,0.7772876516952869,0,7
1.856,0.641,1.3226666666666669,0.4884816612047335,1.4490315060994496,1.1291666666666667,0.4922789520857724,1.2570378351951434,1.07925,0.5016112447992874,1.073885347632144,0.7490833333333334,0.5148912013963386,0.863584639559664,0,8
1.574,-0.28200000000000003,1.5483333333333338,0.32126987616851815,1.511515753049725,1.1386666666666667,0.5017197092667042,1.3475984537108168,1.1804166666666667,0.4644050853870282,1.1508260633810448,0.8100416666666667,0.5226085474239605,0.9204178683948909,0,9
1.197,-0.377,1.5423333333333336,0.33063927977984564,1.3542578765248625,1.2243333333333335,0.44952226492874225,1.3045703240791549,1.2139166666666668,0.448295247340275,1.157929745937807,0.8431250000000001,0.5208495829349202,0.9425444389232998,0,10
2.061,0.8639999999999999,1.610666666666667,0.4331654803113179,1.7076289382624312,1.4666666666666668,0.4420202106993146,1.5206930886279677,1.3451666666666668,0.44636141763319387,1.2968636311781445,0.8946250000000001,0.5770530691064896,1.0320208838094358,0,11
2.416,0.355,1.8913333333333338,0.6269611896547773,2.0618144691312157,1.7198333333333335,0.4835416907223892,1.776495063305691,1.4320833333333332,0.5432962457132019,1.4690384571507378,0.957,0.6553919504355035,1.142739213104681,0,12
2.449,0.03299999999999992,2.308666666666667,0.21511934672021488,2.2554072345656078,1.9255000000000002,0.4882821929990896,1.9686393309326364,1.5023333333333333,0.6172910516314338,1.6198017714352395,1.0370000000000001,0.7153189619961888,1.2472400760563067,0,13
2.063,-0.3859999999999997,2.3093333333333335,0.21396806615318095,2.159203617282804,1.9600000000000002,0.4897003165202165,1.9955995220947402,1.5445833333333334,0.6382915347498606,1.6879861142913566,1.1107916666666666,0.7263857508638033,1.3125008699718024,0,14
2.139,0.07599999999999962,2.217,0.20447982785595037,2.1491018086414018,2.0541666666666667,0.45362381624719283,2.036571087210529,1.5964166666666666,0.6607094614308483,1.7573728659388401,1.1931666666666667,0.7262106932664187,1.378620800374058,0,15
0.931,-1.2079999999999997,1.7110000000000003,0.6765678088706271,1.540050904320701,2.0098333333333334,0.5556705558752119,1.7206936337218064,1.6170833333333334,0.6328313660674437,1.6302385788713263,1.225125,0.6951640602420219,1.3428111363441335,1,0
0.99,0.05899999999999994,1.3533333333333335,0.6810464986572767,1.2650254521603506,1.8313333333333333,0.691392411490513,1.5119240240870047,1.649,0.585116305454813,1.5317403359680453,1.2566666666666666,0.664697228666632,1.3145862454366029,0,1
0.987,-0.0030000000000000027,0.9693333333333336,0.03323151115037803,1.1260127260801753,1.5931666666666666,0.6958219360344043,1.3619457314907177,1.6565,0.5750918503714302,1.4479341304344997,1.27975,0.6441516328372969,1.2883793458016746,0,2
0.799,-0.18799999999999994,0.9253333333333336,0.10941815815182539,0.9625063630400876,1.3181666666666667,0.6107930637021565,1.2011040939219413,1.6218333333333332,0.6152604523634063,1.3480981103676535,1.294625,0.6278813798592152,1.2492289981375406,0,3
0.576,-0.2230000000000001,0.7873333333333337,0.20574822801992348,0.7692531815200438,1.0703333333333334,0.5464151047204556,1.0225029242299581,1.5151666666666668,0.6786617624993964,1.2293137856957066,1.2972083333333333,0.6246491870514659,1.1953706782865374,0,4
0.227,-0.349,0.5340000000000003,0.2883036593593743,0.4981265907600219,0.7516666666666666,0.3009050791639557,0.7952163744499701,1.4029166666666664,0.7728995534330246,1.0751116648194439,1.2916666666666667,0.6338475105785822,1.1179010240236145,0,5
0.1,-0.127,0.3010000000000003,0.24647717947105585,0.299063295380011,0.6131666666666666,0.3821347493576924,0.5965831246071215,1.3114999999999999,0.8594933497019145,0.9250944856164525,1.2627083333333333,0.6722385368024644,1.0364689421017255,0,6
0.081,-0.019000000000000003,0.13600000000000032,0.07937883848991352,0.1900316476900055,0.46166666666666667,0.38304551513712615,0.4492736604336582,1.1464999999999999,0.8919690679512476,0.7952337955216136,1.2458333333333333,0.6972034614563142,0.9600314267335875,0,7
0.149,0.06799999999999999,0.11000000000000028,0.035085609585810036,0.16951582384500274,0.322,0.29609593040094223,0.36348118602404156,0.9575833333333333,0.8370293204740996,0.6958132115952115,1.1948333333333332,0.7314244391219965,0.8951489125949006,0,8
0.397,0.24800000000000003,0.2090000000000003,0.1663249830903568,0.2832579119225014,0.255,0.19469257818417118,0.37305799001717255,0.7865833333333333,0.7036164319665461,0.6498419482728712,1.1444583333333334,0.7434103541854559,0.8552969995873085,0,9
0.108,-0.28900000000000003,0.2180000000000003,0.15636815532584453,0.19562895596125068,0.17700000000000002,0.11965784554302981,0.29732713572655184,0.6236666666666667,0.5998917073989776,0.5664816485385833,1.084125,0.7669440381205763,0.7955132396203238,1,0
0.253,0.14500000000000002,0.252666666666667,0.1445002883503719,0.22431447798062534,0.18133333333333335,0.12227291877871506,0.28466223980467986,0.4665000000000001,0.36968205012120653,0.5182537026095705,1.0314583333333334,0.7792273195799225,0.7521121804506979,0,1
0.103,-0.15000000000000002,0.15466666666666695,0.08519585279425886,0.16365723899031268,0.18183333333333332,0.1218793118895338,0.23275874271762848,0.39749999999999996,0.3519495056758209,0.45436851759271346,1.0072916666666667,0.7992410791095718,0.7001832060146421,0,2
0.111,0.008000000000000007,0.15566666666666695,0.08438799282682946,0.13732861949515635,0.18683333333333332,0.11745027316556678,0.19797053051259178,0.32425,0.30588058424519526,0.4015425918092191,0.986625,0.8162730687864741,0.6530485495334708,0,3
0.137,0.02600000000000001,0.11700000000000028,0.017776388834851855,0.13716430974757818,0.18483333333333332,0.11832229995510675,0.18055037893756556,0.2534166666666667,0.22659714285823512,0.36084373153087773,0.9549583333333334,0.8344407905723543,0.6117646655707931,0,4
0.126,-0.01100000000000001,0.12466666666666697,0.013051181300600626,0.1315821548737891,0.13966666666666666,0.05693387977879457,0.16496455638397542,0.19733333333333336,0.14943489511753333,0.32471392667997345,0.9095833333333334,0.8491642907904362,0.5729034923251297,0,5
0.032,-0.094,0.09833333333333365,0.057709040308614186,0.08179107743689455,0.127,0.0718804563146309,0.12697468313141103,0.152,0.09766547729134284,0.27968101488305447,0.8335833333333333,0.8423740735030647,0.5296312129391194,0,6
0.057,0.025,0.07166666666666696,0.0486860691917243,0.06939553871844728,0.09433333333333334,0.041122580982547965,0.10698191652243644,0.13783333333333334,0.09812592404506228,0.2454223972087384,0.770375,0.8413147481381654,0.4918207159039899,0,7
0.178,0.121,0.0890000000000003,0.07808328886521085,0.12369776935922364,0.10683333333333334,0.05374538739897797,0.12727279751602602,0.14433333333333334,0.0979752597095403,0.23504972071508634,0.7279166666666667,0.8445548308540085,0.46671505863167073,1,0
0.79,0.6120000000000001,0.341666666666667,0.39295334752784616,0.4568488846796118,0.22,0.2843596314528481,0.31662342679716143,0.20341666666666666,0.20814656476685542,0.3204266867589192,0.6749583333333332,0.7957689461016387,0.49257785394113707,1,0
0.327,-0.463,0.4316666666666669,0.3191431235877406,0.39192444233980595,0.25166666666666665,0.28384690709371185,0.31958816199797246,0.21825000000000003,0.21024795967013532,0.3214379657190855,0.5879166666666666,0.7062678341983242,0.47933162562584614,0,1
0.234,-0.093,0.45033333333333364,0.2978125808849246,0.31296222116990297,0.26966666666666667,0.27764053498483665,0.29513440142712316,0.2046666666666667,0.2027826123679942,0.30798597099307234,0.495625,0.5871792417622794,0.4597050955757785,0,2
0.266,0.032,0.275666666666667,0.04724757489374989,0.2894811105849515,0.30866666666666664,0.25291236954065,0.2868102867336594,0.21783333333333335,0.2010575825855663,0.301526590840292,0.42075,0.4841595362292714,0.44420868792971624,0,3
0.2,-0.066,0.23333333333333361,0.03300505011874216,0.24474055529247576,0.3325,0.23016841659967086,0.2620073476668996,0.21341666666666667,0.2007968029143053,0.2859071153264009,0.3399583333333333,0.3183608124189636,0.42467199289533897,0,4
0.381,0.181,0.2823333333333336,0.09159876272821851,0.31287027764623787,0.36633333333333334,0.21748624477577042,0.2960052483334997,0.23658333333333337,0.20292518027065806,0.30053678989156996,0.3170416666666667,0.2927295055265215,0.42117823346371186,0,5
1.613,1.232,0.7313333333333336,0.768890325945995,0.9629351388231189,0.5035,0.5474116367049568,0.672289463095357,0.36175,0.44145588166264776,0.5024542068313285,0.343,0.37191315021702626,0.5165239747866149,1,0
0.841,-0.772,0.9450000000000003,0.622549596417831,0.9019675694115594,0.5891666666666667,0.5544400478560927,0.7204924736395406,0.4204166666666667,0.45543015796923125,0.554538175011124,0.3369166666666667,0.3619828144691666,0.5424820568036858,0,1
0.957,0.11599999999999999,1.1370000000000002,0.41628836159566546,0.9294837847057797,0.7096666666666667,0.5401953967470163,0.7880660525996719,0.4896666666666667,0.46955265622685716,0.6164553788555664,0.34349999999999997,0.37204885139735544,0.5756434922593909,0,2
1.497,0.5400000000000001,1.0983333333333336,0.3500933208922116,1.2132418923528898,0.9148333333333335,0.5708850730809718,0.9906186089997656,0.61175,0.5267124668424631,0.7519237821085563,0.381875,0.43861593703078733,0.6493520128786396,0,3
1.511,0.01399999999999979,1.321666666666667,0.31588816586465546,1.3621209461764447,1.1333333333333333,0.48734450511590527,1.1392990064284039,0.7329166666666667,0.5540276426207259,0.86870473870724,0.435375,0.49374670609798776,0.7182838518483485,0,4
2.291,0.78,1.7663333333333338,0.45442857891349003,1.8265604730882223,1.4516666666666669,0.5203255391259077,1.4683564331631456,0.9090000000000001,0.6825114051661101,1.0875193942907415,0.5266666666666667,0.6163680906636954,0.8441011437004807,0,5
1.166,-1.125,1.6560000000000004,0.5763462500962431,1.496280236544111,1.3771666666666667,0.524589140820382,1.3819688808308184,0.9403333333333332,0.6851772608514374,1.0995933336306274,0.571875,0.6220232983543748,0.8698530522044423,1,0
1.565,0.399,1.6740000000000002,0.5703656721788235,1.5306401182720555,1.4978333333333333,0.45528295231280796,1.4342634863077275,1.0434999999999999,0.6775931334845818,1.1711943592259155,0.630875,0.6468293446396502,0.925464808028087,0,1
1.601,0.03600000000000003,1.4440000000000002,0.2414270076027166,1.5658200591360276,1.6051666666666666,0.3702520312795955,1.4819024902198055,1.1574166666666665,0.6431632704253579,1.23731830396039,0.6810416666666667,0.6740201570438765,0.97950762338584,0,2
1.849,0.248,1.671666666666667,0.15462643154821373,1.7074100295680137,1.663833333333333,0.37750147902580006,1.5867874930141468,1.2893333333333332,0.6049108624542554,1.3314231802741763,0.7535833333333333,0.7027408401436473,1.049067013514973,0,3
1.763,-0.08600000000000008,1.737666666666667,0.12592590413943475,1.7352050147840068,1.7058333333333333,0.3710603275299941,1.6371339235815334,1.4195833333333334,0.5098324962597263,1.3978196140781491,0.8165,0.723270410673991,1.106181652433775,0,4
1.791,0.028000000000000025,1.8010000000000004,0.04386342439892806,1.7631025073920035,1.6224999999999998,0.2496379378219583,1.681095659701095,1.5370833333333334,0.3991856388228712,1.4583089042199724,0.8868333333333335,0.7328801827849093,1.1609671202390732,0,5
2.051,0.26000000000000023,1.8683333333333338,0.15881225813309727,1.9070512536960018,1.7699999999999998,0.176792533779003,1.786782614072211,1.5735833333333333,0.4258895414484266,1.549492149724592,0.9676666666666667,0.750366789537344,1.2321697506199474,0,6
2.543,0.492,2.128333333333334,0.38191796675900475,2.225025626848001,1.9329999999999998,0.3323756910485482,2.0028447243372933,1.7154166666666668,0.4428103345951198,1.702339511305424,1.0679166666666666,0.7940163133066612,1.3370361705703517,0,7
1.904,-0.6390000000000002,2.166000000000001,0.3346625165745316,2.0645128134240007,1.9835,0.29246657928727504,1.9746033745266383,1.7943333333333331,0.3744723156009195,1.7333642018738202,1.142,0.7852092493198176,1.3823932769247236,1,0
1.374,-0.5299999999999998,1.940333333333334,0.5853463362261123,1.7192564067120004,1.9043333333333334,0.3856110302710059,1.8030024103761702,1.7840833333333332,0.38488923042476675,1.6780774015855402,1.1979166666666667,0.7497076483343453,1.3817218147707457,0,1
1.259,-0.11500000000000021,1.512333333333334,0.3440324597088691,1.489128203356,1.8203333333333334,0.46853459495182065,1.647573150268693,1.7630833333333333,0.4073621257740476,1.6136039551877648,1.248,0.7092327759168934,1.371904069589086,0,2
1.255,-0.0040000000000000036,1.2960000000000005,0.06757958271550805,1.372064101678,1.7309999999999999,0.5231600137625199,1.5354093930490664,1.67675,0.39489863486492494,1.5584341159281088,1.292875,0.6716648564186052,1.3625517440219592,0,3
1.147,-0.10799999999999987,1.2203333333333337,0.06354001363972005,1.259532050839,1.5803333333333331,0.5423901424866299,1.424435280749333,1.6751666666666665,0.397164228301623,1.4951365596314765,1.30775,0.6639526076591541,1.3453076045002026,0,4
0.977,-0.17000000000000004,1.1263333333333339,0.1401475413032143,1.1182660254195,1.3193333333333332,0.3160675033385536,1.2965966291066664,1.6261666666666665,0.4453417142198134,1.4154232427650955,1.3348333333333333,0.6348255951297831,1.3158429961401865,0,5
1.606,0.6290000000000001,1.2433333333333338,0.3253772169856639,1.3621330127097502,1.2696666666666667,0.21214868999516964,1.3849975922190474,1.6265833333333333,0.44531836585716567,1.4447427438781577,1.3920000000000001,0.5916941777641544,1.3390555564489717,1,0
2.207,0.6009999999999998,1.5966666666666673,0.6150531142375709,1.784566506354875,1.4084999999999999,0.44206232592248784,1.6198554230136053,1.6564166666666669,0.47272199370595486,1.5620130909738257,1.4728750000000002,0.5630551994331409,1.408491111933054,0,1
2.243,0.03600000000000003,2.018666666666667,0.35783282875294303,2.0137832531774373,1.5724999999999998,0.5458497045890928,1.7978967307240037,1.6964166666666667,0.5019640440461358,1.6667803077470833,1.5579999999999998,0.5145993798472054,1.47525182297841,0,2
2.172,-0.07099999999999973,2.207333333333334,0.03550117368950656,2.0928916265887185,1.7253333333333334,0.5671340817361151,1.904783379088574,1.7281666666666666,0.5202083207424661,1.7445064142475322,1.632625,0.46385443860912745,1.530991677140137,0,3
2.193,0.020999999999999908,2.2026666666666674,0.03647373484210972,2.142945813294359,1.8996666666666666,0.5118779802518043,1.9871309850632672,1.7400000000000002,0.5297471094777201,1.8135054274402196,1.6567916666666667,0.4776900922934865,1.5839523429689262,0,4
1.296,-0.897,1.8870000000000005,0.5119287059737913,1.7194729066471797,1.9528333333333334,0.40155568314577056,1.7896649893309053,1.6360833333333336,0.4776547742180882,1.733889207834032,1.6757499999999999,0.45225754974831,1.5609161555314122,1,0
0.909,-0.387,1.4660000000000004,0.6586645580263158,1.31423645332359,1.8366666666666667,0.5821617186544187,1.5380464209506468,1.5531666666666666,0.5120425822728081,1.6069831758595656,1.6737499999999998,0.4556675227667044,1.5087628630888994,0,1
0.702,-0.20700000000000007,0.9690000000000006,0.30151119382205993,1.008118226661795,1.5858333333333334,0.7024783033422931,1.2991760149647478,1.4971666666666668,0.567195306002716,1.4677549949580941,1.640625,0.4961714125704658,1.4442218340417874,0,2
0.7,-0.0020000000000000018,0.7703333333333339,0.12009301950295784,0.8540591133308975,1.3286666666666667,0.6961901081361808,1.1279828678319628,1.4505833333333333,0.609882769410845,1.3496388418876182,1.6068333333333333,0.5317259564414933,1.3846840873184445,0,3
0.048,-0.6519999999999999,0.4833333333333339,0.3770110520042335,0.45102955666544875,0.9746666666666668,0.7211661851935842,0.8194163341656877,1.3499999999999999,0.7323132712662844,1.149386712366446,1.513375,0.5990970606199604,1.277749360332969,0,4
0.073,0.024999999999999994,0.2736666666666672,0.3694270338420561,0.26201477833272435,0.6213333333333333,0.4857989982149686,0.6061545244040627,1.2605,0.8197841733707051,0.9837887566177621,1.4678333333333333,0.6646127127666255,1.1813694115063316,0,5
0.059,-0.013999999999999999,0.06000000000000059,0.012529964086428473,0.16050738916636217,0.41516666666666663,0.39648930208350774,0.44982466028861623,1.184,0.888589791851008,0.8415135632919526,1.405083333333333,0.7235239797514393,1.0915798585858252,0,6
0.089,0.03,0.07366666666666725,0.015011106999167896,0.12475369458318109,0.27849999999999997,0.3275562547105465,0.34673190020615446,1.0575833333333333,0.9300379716914133,0.7257422458624214,1.342083333333333,0.7700546517401645,1.0113734698989592,0,7
0.098,0.009000000000000008,0.08200000000000059,0.020420577856836018,0.11137684729159054,0.17783333333333332,0.25647254563923033,0.27566564300439605,0.8818333333333334,0.8915594951170296,0.6291665157297412,1.269125,0.8022160780422972,0.9383035923070424,0,8
0.079,-0.019000000000000003,0.08866666666666727,0.009504384953294377,0.09518842364579527,0.07433333333333333,0.018586733620168213,0.21947545928885434,0.7015000000000001,0.8059543749775505,0.544525513309781,1.1989583333333333,0.8302956246273749,0.869559304922479,0,9
0.146,0.06699999999999999,0.10766666666666724,0.0345301800363151,0.12059421182289763,0.09066666666666667,0.030230227697903483,0.19848247092061025,0.5326666666666666,0.6707757155756757,0.48321389587750707,1.1304166666666666,0.8470266623115635,0.8116745605286807,1,0
0.142,-0.0040000000000000036,0.12233333333333392,0.03758102358026289,0.1312971059114488,0.10216666666666667,0.03492515807647963,0.18234462208615018,0.36175,0.42583652966836827,0.4307194503578906,1.050875,0.8464528191222482,0.7581005956863863,0,1
0.167,0.025000000000000022,0.15166666666666725,0.013428824719243329,0.1491485529557244,0.12016666666666669,0.03604118015086479,0.17796044434725014,0.26766666666666666,0.30948471348159823,0.39014722722590744,0.9518749999999999,0.8021348857891683,0.7108125480314755,0,2
0.135,-0.032,0.1480000000000006,0.01682260384146407,0.1420742764778622,0.12783333333333333,0.03283544832444184,0.16568603167660723,0.20316666666666663,0.23547971668425285,0.3508938076526909,0.8781666666666667,0.7920535042679825,0.6647475441889575,0,3
0.124,-0.01100000000000001,0.1420000000000006,0.022338307903842346,0.1330371382389311,0.13216666666666665,0.02967434357601007,0.1537757369118623,0.155,0.17569343134614002,0.3159870680138154,0.8260833333333332,0.7990982372359647,0.621487740653841,0,4
0.119,-0.0050000000000000044,0.12600000000000058,0.00818535277229567,0.12601856911946555,0.13883333333333334,0.017221111075278787,0.14383981207990165,0.10658333333333332,0.03776833289537603,0.28568136524245913,0.7785833333333333,0.8060972493206524,0.5812887214015338,0,5
0.034,-0.08499999999999999,0.09233333333333393,0.05057996968504819,0.08000928455973277,0.12016666666666666,0.04545510605715369,0.11245700862850118,0.10541666666666666,0.03989864051757262,0.2469611552051577,0.7277083333333333,0.8132208363188882,0.5375056236894111,0,6
0.081,0.047,0.07800000000000058,0.0425793377121711,0.0805046422798664,0.11,0.046406896039278715,0.10346929187750084,0.10608333333333332,0.039371097690213144,0.2214286697889796,0.6832916666666667,0.8184190740672564,0.5009851737942582,0,7
0.282,0.20099999999999996,0.1323333333333339,0.13172825563765822,0.18125232113993317,0.12916666666666665,0.08354499785544965,0.1544780656267863,0.12466666666666666,0.061523585031681136,0.23074733597529043,0.6543333333333333,0.8198692720113432,0.4834663598907176,1,0
0.524,0.24200000000000005,0.29566666666666724,0.22181598980537812,0.3526261605699666,0.19399999999999998,0.18195493947678484,0.2600557611619902,0.16091666666666668,0.12935606837037614,0.2758631304406304,0.60925,0.7946234136779647,0.4867090510994602,0,1
0.693,0.16899999999999993,0.4996666666666672,0.20657766900935548,0.5228130802849833,0.28883333333333333,0.26671289182689895,0.38375411511570723,0.2105,0.19856645326851005,0.34003803344976413,0.5461666666666666,0.7187400610528981,0.5032123270115034,0,2
0.524,-0.16899999999999993,0.5803333333333339,0.09757219549307325,0.5234065401424917,0.35633333333333334,0.2663836831839877,0.42382436793979084,0.2475833333333333,0.21281723201475788,0.3683398744574927,0.47454166666666664,0.6213460828798636,0.5048753408505832,0,3
0.235,-0.28900000000000003,0.4840000000000006,0.23160526764304287,0.3792032700712458,0.3898333333333333,0.22754816339989897,0.369874548528422,0.25499999999999995,0.2104933598607177,0.34782604761787844,0.3938333333333333,0.5064503638210746,0.4832853135825365,0,4
0.188,-0.046999999999999986,0.31566666666666726,0.18194596267392,0.2836016350356229,0.4076666666666667,0.20116726042442176,0.3179103918060157,0.2588333333333333,0.20865928440808962,0.3232374249074356,0.3102916666666667,0.33213282821744194,0.4596624884959336,0,5
0.438,0.25,0.2870000000000006,0.13286459272509835,0.36080081751781146,0.43366666666666664,0.19152719563202278,0.3522217084328684,0.2814166666666667,0.21244740882192603,0.34089320569090703,0.27454166666666663,0.2596984838928383,0.45792948941625894,0,6
0.679,0.24100000000000005,0.43500000000000066,0.24551374706929494,0.5199004087589058,0.4595,0.2151452997395027,0.445586934594906,0.32675,0.23518778763903653,0.39290963558461367,0.26495833333333335,0.23865938602166653,0.4756151302629582,0,7
1.336,0.657,0.8176666666666673,0.46478202776499195,0.927950204379453,0.5666666666666667,0.41863094327422473,0.69999066756779,0.42775,0.3647554909549921,0.5380004608792885,0.291375,0.31273114060540025,0.5444459198419216,0,8
0.779,-0.557,0.9313333333333339,0.3540004708094854,0.8534751021897264,0.6091666666666666,0.4263066580135327,0.7225647625484215,0.48275,0.36372595203231967,0.5750773130517057,0.2946666666666667,0.31759704667703975,0.563210246254568,0,9
0.758,-0.02100000000000002,0.9576666666666673,0.32781448005440095,0.8057375510948632,0.6963333333333334,0.3860697691695985,0.7326891161060153,0.5430833333333334,0.341915316026253,0.6032192648899048,0.32425,0.3265624981797479,0.5787934265542025,0,10
1.579,0.821,1.038666666666667,0.46806018131575444,1.1923687755474317,0.9281666666666667,0.43438849739221563,0.9744922257900108,0.6679166666666667,0.4219617514621069,0.7533393779837656,0.387,0.41017281617684137,0.6588099524298663,0,11
1.477,-0.10199999999999987,1.2713333333333339,0.4474755114342417,1.334684387773716,1.1013333333333335,0.4060791384282956,1.1180658755642934,0.7675000000000001,0.4617408757773515,0.8646717813708786,0.44608333333333333,0.45997617298089544,0.724265156235477,0,12
1.475,-0.0020000000000000018,1.5103333333333337,0.059475485145859305,1.404842193886858,1.234,0.36882516183145664,1.2200470539744952,0.8467500000000001,0.49645545895605975,0.9585684303907436,0.5038333333333334,0.4985812625463618,0.7843239437366389,0,13
1.304,-0.17100000000000004,1.4186666666666674,0.09930928120440555,1.3544210969434292,1.2286666666666666,0.3672833601821172,1.2440336099817824,0.8976666666666667,0.5103899281802865,1.0117117487921676,0.5540833333333334,0.5163576378295691,0.8258980282377079,0,14
1.046,-0.258,1.2750000000000004,0.21596527498651946,1.2002105484717145,1.2731666666666668,0.31425175682351697,1.187452578558416,0.9411666666666667,0.49773538667801626,1.0169868643626034,0.594375,0.5154017270221317,0.8435061859786912,0,15
0.554,-0.492,0.9680000000000005,0.38103543142338375,0.8771052742358573,1.2391666666666667,0.3843536999518371,1.0064661275417257,0.9677500000000001,0.4639643648149942,0.945758115999126,0.611375,0.5066235041922201,0.820345691100396,0,16
0.743,0.18899999999999995,0.7810000000000005,0.24819145835424103,0.8100526371179286,1.0998333333333334,0.3880337184661493,0.9311900911012326,1.014,0.4027999729168528,0.9145645596915681,0.6364166666666667,0.4971795158838476,0.8141580358123645,0,17
0.648,-0.09499999999999997,0.6483333333333338,0.09450044091610807,0.7290263185589643,0.9616666666666666,0.3742216811819792,0.8502786365008805,1.0315,0.3793811947225246,0.873554627431327,0.6564583333333334,0.48702530772263064,0.8008653929473754,0,18
1.213,0.5650000000000001,0.8680000000000004,0.3025309901481245,0.9710131592794822,0.9180000000000001,0.31254631656764126,0.9539133117863432,1.0759999999999998,0.3653334715770574,0.925776992441892,0.701375,0.48655191532286846,0.8338361615115853,0,19
1.601,0.3879999999999999,1.1540000000000006,0.47923167674936035,1.286006579639741,0.9674999999999999,0.39779831573298574,1.1387952227045308,1.0980833333333335,0.3896766627797342,1.0296574551431394,0.7629166666666668,0.5034627844859264,0.8952092685906585,0,20
1.538,-0.06299999999999994,1.450666666666667,0.20822183683114368,1.4120032898198707,1.0494999999999999,0.46264057323153157,1.2528537305032361,1.1613333333333333,0.3947418796063456,1.1078640005057334,0.8220416666666668,0.5078576896838499,0.946632527103406,0,21
1.427,-0.11099999999999999,1.5220000000000005,0.08809653795695833,1.4195016449099354,1.195,0.4099136494433921,1.3026098075023116,1.2170833333333333,0.3795496034975542,1.1569618465817744,0.8800833333333333,0.493270356830348,0.9850619249351336,0,22
1.079,-0.3480000000000001,1.3480000000000005,0.23948068815669157,1.2492508224549677,1.2510000000000001,0.3551005491406626,1.2387212910730798,1.1754166666666668,0.3633038944148119,1.1449677163384244,0.9216666666666665,0.4641866815865371,0.9925769709403228,0,23
2.077,0.998,1.527666666666667,0.5065583217491695,1.6631254112274838,1.4891666666666667,0.3489437872590179,1.4782294936236284,1.2254166666666666,0.4414631578025156,1.2883572984402054,0.9964583333333333,0.4998766786324218,1.0793308132650972,1,0
2.274,0.19700000000000006,1.8100000000000005,0.6406816682253369,1.968562705613742,1.6659999999999997,0.4383797440575923,1.7055924954454489,1.292,0.5332423975505451,1.4399946371417123,1.0693750000000002,0.5527974558316222,1.1749043482038894,0,1
2.142,-0.13200000000000012,2.1643333333333334,0.10038094108610662,2.0552813528068707,1.7561666666666669,0.476330732439832,1.8302803538896062,1.3618333333333332,0.5871082962411198,1.5479954621968335,1.12975,0.5879159397175023,1.2522720003475782,0,2
1.625,-0.5169999999999999,2.013666666666667,0.3430048590520737,1.8401406764034354,1.7706666666666668,0.4696384424923781,1.7716288242068614,1.4100833333333334,0.582566961946448,1.5598423141665514,1.175625,0.5815148741975943,1.2820902403197723,0,3
1.331,-0.29400000000000004,1.6993333333333336,0.4105780477976557,1.5855703382017177,1.7546666666666668,0.4850701667456645,1.6457348744334723,1.474833333333333,0.5184146871750325,1.5246358042947743,1.2212916666666667,0.546410617947526,1.2860030210941904,0,4
1.278,-0.052999999999999936,1.411333333333334,0.1869286851538177,1.4317851691008587,1.7878333333333334,0.4337166894029636,1.5406677674524802,1.5194166666666666,0.4705512160962883,1.4866918344032705,1.2667083333333333,0.5001306332972603,1.2853627794066553,0,5
0.897,-0.381,1.168666666666667,0.2367579636112288,1.1643925845504293,1.5911666666666668,0.5326257285061121,1.356762691037486,1.5401666666666667,0.4325896298789266,1.3959700137258442,1.2858333333333334,0.4752186377060437,1.254293757054123,0,6
1.09,0.19300000000000006,1.0883333333333338,0.1905054679880245,1.1271962922752148,1.3938333333333333,0.44038956239523497,1.28054477931249,1.5299166666666666,0.44239255672131633,1.3488977039218681,1.3029583333333334,0.4595469866847285,1.2411502564897932,0,7
0.789,-0.30100000000000005,0.9253333333333339,0.15248715792923934,0.9580981461376075,1.1683333333333334,0.306816992141352,1.1401034137946358,1.46225,0.49006328441056635,1.262759595626196,1.2801666666666667,0.4712524170545015,1.2049782359706098,0,8
0.761,-0.028000000000000025,0.8800000000000004,0.1824033990911452,0.8595490730688038,1.0243333333333333,0.2464318702332684,1.0317881527104542,1.3975,0.5289341770356333,1.1855658116837045,1.2794166666666669,0.4720982687559005,1.1694599770929612,0,9
0.743,-0.018000000000000016,0.7643333333333339,0.023180451534370313,0.8012745365344018,0.9263333333333333,0.21499922480480352,0.9492772519360387,1.3404999999999998,0.5613293474989842,1.117478763732365,1.2787916666666665,0.4728279381106521,1.1353431789255244,0,10
0.288,-0.455,0.5973333333333337,0.2680416634281652,0.5446372682672009,0.7613333333333333,0.2651691284193287,0.7603408942400277,1.2745833333333334,0.6362697338726897,0.9898666462350781,1.225,0.5092245596727568,1.0675557246114824,0,11
0.167,-0.12099999999999997,0.39933333333333376,0.30371093713157327,0.3558186341336005,0.6396666666666667,0.3457118260439848,0.5908149244571627,1.1154166666666667,0.6558887735991008,0.8632717775835277,1.1704166666666669,0.5496432769388327,0.9955112666425638,0,12
0.14,-0.026999999999999996,0.19833333333333378,0.07881835657598502,0.24790931706680025,0.48133333333333334,0.31433527747719686,0.46201066032654475,0.9375833333333334,0.6001300553491157,0.7519991964168311,1.1147916666666666,0.5839597201093117,0.9270703653111587,0,13
0.078,-0.06200000000000001,0.12833333333333377,0.04563259069282995,0.16295465853340013,0.36283333333333334,0.3091274278783206,0.35229332880467484,0.7655833333333334,0.5130100935270236,0.6483070123527033,1.0637083333333335,0.6192462093171216,0.8591447360862661,0,14
0.079,0.0010000000000000009,0.09900000000000046,0.035510561809215455,0.12097732926670007,0.24916666666666668,0.2538908558153804,0.2742095205747678,0.63675,0.4698738950747602,0.5607213181445951,1.0234166666666666,0.6510890486526124,0.7967331571993648,0,15
0.157,0.078,0.10466666666666712,0.04532475409022564,0.13898866463335002,0.1515,0.07706296127193407,0.24072108612483412,0.5389166666666667,0.43295148968936686,0.4986103461223497,1.006875,0.6683480161204756,0.7455545046234157,0,16
0.231,0.07400000000000001,0.1556666666666671,0.07600877142369336,0.184994332316675,0.142,0.058034472514184275,0.2379436329463101,0.45166666666666666,0.3716223237578053,0.4574395236419882,0.9855416666666666,0.6850984682743684,0.7043901442535425,0,17
0.036,-0.195,0.14133333333333378,0.09843949072064173,0.1104971661583375,0.12016666666666669,0.0701296418546842,0.1802454521045072,0.3799166666666667,0.36078385831996695,0.3926026738509131,0.9600416666666667,0.7091748713740551,0.6509189327132592,1,0
0.134,0.098,0.13366666666666713,0.09750042734952157,0.12224858307916875,0.11916666666666668,0.06983241845064708,0.16703246578893371,0.30025,0.2879252191423693,0.3528176471046187,0.9150833333333334,0.7264330315145124,0.6095654180961985,0,1
0.281,0.14700000000000002,0.1503333333333338,0.1233139624427797,0.2016242915395844,0.153,0.09166242414424579,0.19959461842066695,0.2579166666666666,0.24344103573306508,0.34176877831929275,0.8600833333333333,0.7222005572744589,0.5832801846485026,0,2
0.114,-0.16700000000000004,0.1763333333333338,0.09119393254673908,0.1578121457697922,0.15883333333333335,0.08700670472248836,0.17513901315761926,0.204,0.18699392309036916,0.3067274278086323,0.80075,0.7225790915036665,0.5457377698766225,0,3
0.172,0.05799999999999998,0.18900000000000047,0.08478797084496022,0.1649060728848961,0.16133333333333333,0.08715885879625937,0.17424215225544232,0.15641666666666668,0.07860541079378852,0.2860001312226889,0.7484583333333332,0.7206966423970091,0.5158387482864927,0,4
0.108,-0.06399999999999999,0.13133333333333377,0.035345909711582475,0.13645303644244805,0.14083333333333334,0.08179588416703054,0.15531582303960165,0.14141666666666666,0.06761987111564628,0.25861549564996755,0.7080000000000001,0.7285461401042995,0.4832116484235733,0,5
0.482,0.374,0.25400000000000045,0.20002999775035143,0.30922651822122404,0.21516666666666664,0.14539933516583314,0.24865415931400117,0.16766666666666666,0.11960946552185524,0.29298234247304944,0.6415416666666667,0.6685104128594062,0.4831147165496874,1,0
0.359,-0.123,0.3163333333333338,0.1906156691705557,0.334113259110612,0.25266666666666665,0.14924297861764313,0.28018154236714365,0.18591666666666665,0.13115463346289946,0.30313890516950337,0.5617500000000001,0.5725970773969103,0.47318553922571244,0,1
0.346,-0.013000000000000012,0.39566666666666706,0.07504887296514508,0.340056629555306,0.2635,0.1539944804205645,0.2989868159765312,0.20825000000000002,0.13389692439946477,0.30973291975881057,0.48691666666666666,0.4641920439033763,0.46301069608765544,0,2
0.301,-0.044999999999999984,0.33533333333333376,0.03043572462319058,0.320528314777653,0.29466666666666663,0.13549858547847018,0.299562011411808,0.22675,0.12968572151025717,0.3083893936420705,0.43175,0.3968461809118918,0.450049840400643,0,3
0.443,0.14200000000000002,0.36333333333333373,0.07256950691122678,0.3817641573888265,0.33983333333333327,0.13154074147071812,0.34054429386557716,0.2505833333333333,0.14144864685450087,0.3290987176971366,0.39475,0.34771418172677315,0.4494858531685916,0,4
1.033,0.5899999999999999,0.5923333333333337,0.3881769356019723,0.7073820786944132,0.494,0.27226604635907076,0.5383887813325551,0.3174166666666667,0.2659933212877657,0.43739122266680786,0.3845416666666666,0.3234024251968356,0.49616698491510425,1,0
0.97,-0.06299999999999994,0.8153333333333338,0.32398508196109427,0.8386910393472066,0.5753333333333334,0.3338818154177708,0.6617062723803965,0.39525000000000005,0.30928807548362286,0.519331034564222,0.38758333333333334,0.32873114648093976,0.5340736261218959,0,1
1.042,0.07200000000000006,1.0150000000000003,0.0392300904919041,0.9403455196736032,0.6891666666666666,0.36072561132620784,0.7703616231288546,0.47091666666666665,0.3481873733633897,0.5997416446312648,0.38558333333333333,0.32438918073776224,0.5747077360321443,0,2
1.384,0.34199999999999986,1.1320000000000003,0.221187703094007,1.1621727598368015,0.8621666666666666,0.408918288496206,0.9456868736634675,0.5628333333333333,0.4295714213732165,0.7203967762264548,0.410375,0.37530229120352426,0.6394511171495728,0,3
0.793,-0.5909999999999999,1.0730000000000004,0.2967170369223896,0.9775863799184008,0.9441666666666667,0.31164172805750257,0.9020620526167624,0.6194166666666666,0.4093179378459045,0.7315665029608464,0.41170833333333334,0.3766565127847846,0.6517350277776071,0,4
1.017,0.22399999999999987,1.064666666666667,0.29836945777565116,0.9972931899592004,1.0398333333333334,0.19226379447692804,0.9349014661548303,0.6898333333333334,0.39787408545768266,0.7754793486591777,0.42312500000000003,0.3910136562165472,0.6809562255553985,0,5
0.695,-0.32199999999999995,0.8350000000000004,0.16505756571573216,0.8461465949796001,0.9834999999999999,0.23859987426652124,0.866358190110593,0.73875,0.3534407819757588,0.7630979104039195,0.4400833333333333,0.39371496163404657,0.6820797275109666,0,6
0.962,0.267,0.8913333333333338,0.17223917479289216,0.9040732974898,0.9821666666666666,0.23871272832981993,0.8936844215075666,0.77875,0.3488740655829308,0.7936982318802396,0.4732083333333333,0.40307254489642563,0.7044733493100893,0,7
1.629,0.667,1.0953333333333337,0.48106375183891803,1.2665366487449,1.0799999999999998,0.3584142854295846,1.1037745867911188,0.8845833333333334,0.3989954336337767,0.9222061962063566,0.53525,0.46011333669944937,0.7784354813652822,0,8
1.836,0.20700000000000007,1.4756666666666671,0.45673004426393427,1.55126832437245,1.1553333333333333,0.4663417916793072,1.312981847707942,1.00875,0.4453072738927781,1.0627898583284556,0.6085,0.520171292857505,0.8630406428560596,0,9
1.727,-0.10899999999999999,1.7306666666666672,0.10354870029766099,1.6391341621862252,1.311,0.47696918139435346,1.4312727483628156,1.1275833333333334,0.4292489123898606,1.1649760339702318,0.6771666666666666,0.5548524023610255,0.9321573914275749,0,10
1.545,-0.18200000000000016,1.7026666666666672,0.14701813947038947,1.5920670810931126,1.399,0.4602942537116878,1.4637662488305825,1.2194166666666668,0.3850835702293796,1.223441259513273,0.735,0.5703963534245321,0.9811848001133691,0,11
1.104,-0.44099999999999984,1.458666666666667,0.3203472074692323,1.3480335405465564,1.4671666666666667,0.35295405744468533,1.3609758920218447,1.2253333333333332,0.38249571199814664,1.2050656811266158,0.771375,0.5646655656996981,0.9910100161042996,0,12
0.855,-0.2490000000000001,1.1680000000000004,0.3494238114382056,1.1015167702732782,1.4493333333333336,0.38484525028466476,1.2164113514441748,1.21575,0.39082456538591637,1.151209422491752,0.8055,0.5426085946209523,0.9801292148159557,0,13
0.957,0.10199999999999998,0.9720000000000004,0.12517587627016313,1.029258385136639,1.3373333333333335,0.41842020346377423,1.142293822460125,1.2086666666666668,0.39500778665129,1.1213310498007132,0.8397916666666667,0.5240134398514322,0.9782788776306792,0,14
0.825,-0.132,0.8790000000000004,0.06919537556804943,0.9271291925683195,1.1688333333333334,0.3791677289362403,1.051638444614375,1.1620833333333334,0.4052789069569769,1.0757416575236802,0.8624583333333334,0.5103797374987356,0.966016567420225,0,15
0.675,-0.1499999999999999,0.8190000000000004,0.14109571219567069,0.8010645962841598,0.9934999999999999,0.3055197211310579,0.9440274604388392,1.15225,0.4163290056062518,1.0140890948277295,0.8858333333333334,0.4869179617238185,0.9427352420266071,0,16
0.657,-0.018000000000000016,0.7190000000000004,0.09223882046082202,0.7290322981420799,0.8455,0.1699220409481928,0.8620196145991709,1.12225,0.43929781263035866,0.9591523110080787,0.9060416666666667,0.46560175921962355,0.9198764226644786,0,17
1.163,0.506,0.8316666666666671,0.28708419206451763,0.9460161490710399,0.8553333333333333,0.1885583906026618,0.9480140104279792,1.16125,0.41818593624454514,0.9905134939299128,0.9500000000000001,0.43583183833257294,0.9393263088513203,1,0
1.258,0.09499999999999997,1.0260000000000005,0.32307429486110945,1.10200807453552,0.9225,0.250137362263216,1.036581436019985,1.1859166666666667,0.41407431443979636,1.0316652640945416,0.9823333333333334,0.42832257923679423,0.9648202041432148,0,1
1.489,0.2310000000000001,1.303333333333334,0.1676613650586678,1.2955040372677602,1.0111666666666668,0.3421709611680484,1.165843882871418,1.17425,0.4022591035186598,1.1020244542338429,1.0294166666666669,0.418825886483163,1.0067545878117576,0,2
0.847,-0.6420000000000001,1.1980000000000004,0.3251784125676285,1.07125201863388,1.0148333333333335,0.3398872852383067,1.0747456306224414,1.0918333333333334,0.3526014575675879,1.0627899228132516,1.0502916666666666,0.3950953081678309,0.9939742207868171,0,3
0.858,0.01100000000000001,1.064666666666667,0.3675246023511032,0.9646260093169401,1.0453333333333334,0.3102081021937791,1.0128183075874582,1.0194166666666666,0.2947906678963694,1.0312837808419821,1.0735,0.36432892448636645,0.9830962831238718,0,4
0.768,-0.08999999999999997,0.8243333333333337,0.04909514572070313,0.86631300465847,1.0638333333333334,0.2846762488629252,0.9428702197053273,0.9546666666666667,0.2509216948964292,0.9907785837893694,1.0870416666666667,0.34542456285445233,0.9658885804739621,0,5
0.857,0.08899999999999997,0.8276666666666671,0.05167526810125967,0.8616565023292351,1.0128333333333335,0.2907035718161476,0.9183358712180909,0.9340833333333335,0.2476678341258828,0.9701972632063895,1.0797083333333333,0.34847649526707586,0.9571774940360451,0,6
0.531,-0.32599999999999996,0.7186666666666671,0.16850618188463398,0.6963282511646176,0.8916666666666667,0.31828017008080484,0.8076684794414934,0.9070833333333334,0.27339729942582297,0.9026284534823297,1.061416666666667,0.3655870700628001,0.9230832945131615,0,7
0.664,0.133,0.6840000000000005,0.16391766225762283,0.6801641255823088,0.7541666666666665,0.13273946913659848,0.7666203424582096,0.8826666666666666,0.2814977259179361,0.8659163837158174,1.0456666666666667,0.3744938226305038,0.9023566309521087,0,8
0.575,-0.08900000000000008,0.5900000000000004,0.06775691846597179,0.6275820627911544,0.7088333333333333,0.14089061951267717,0.7118716731844354,0.8618333333333333,0.2950771342403795,0.821160016990307,1.0119583333333333,0.3790971516146231,0.8761681004759401,0,9
0.29,-0.285,0.509666666666667,0.1953722941804643,0.4587910313955772,0.6141666666666666,0.19932427515650455,0.5913369094174539,0.8297499999999999,0.3354115856946233,0.7394430912994906,0.9910000000000001,0.4047638065964355,0.8292746524378649,0,10
0.285,-0.0050000000000000044,0.38333333333333375,0.16600702796369254,0.37189551569778856,0.5336666666666666,0.22111324398747786,0.5038120781553242,0.79875,0.3683980369605184,0.6695287695611074,0.9605,0.4295401990602251,0.7857326802428358,0,11
0.046,-0.239,0.20700000000000043,0.13945250087397248,0.20894775784889427,0.3985,0.2315640300219341,0.373008627253803,0.7056666666666668,0.40708148242499714,0.5736012665517063,0.9334583333333334,0.4658736513884138,0.726554065823409,0,12
0.064,0.018000000000000002,0.1316666666666671,0.13309520402080163,0.13647387892444712,0.32066666666666666,0.2553802393817224,0.2847204480384307,0.6061666666666666,0.40572378273745285,0.49520107169759764,0.8960416666666667,0.4984071566907746,0.6735497405575364,0,13
0.149,0.08499999999999999,0.08633333333333378,0.0550121198767956,0.14273693946222354,0.2348333333333333,0.19671442922842697,0.24594317717030764,0.4945,0.31488858058338376,0.4419393683595057,0.834375,0.4953259631622512,0.6315857613129335,0,14
0.119,-0.03,0.11066666666666712,0.04310839052132275,0.13086846973111177,0.15883333333333333,0.10633045973128202,0.20967369797879118,0.4338333333333333,0.3109050814910714,0.39225638861188944,0.7628333333333334,0.46758730100161483,0.5905789004078988,0,15
0.131,0.01200000000000001,0.13300000000000045,0.01509966887072301,0.1309342348655559,0.13233333333333333,0.0847199307522485,0.1871954985562794,0.37325,0.2909277089212746,0.3520630980562141,0.6963333333333334,0.43699235558598043,0.553812588375267,0,16
0.171,0.04000000000000001,0.14033333333333378,0.027227437142316527,0.15096711743277796,0.11333333333333334,0.048804371388900966,0.18256821325448527,0.32349999999999995,0.26737868957036154,0.32420723681679653,0.6390833333333333,0.41015436295287666,0.5231875813052457,0,17
0.128,-0.04300000000000001,0.14333333333333378,0.024006943440154773,0.13948355871638898,0.127,0.03597221149719757,0.16697729518177518,0.26275,0.21228545319065975,0.2940215080757509,0.5984166666666667,0.4104387807622816,0.49157257480082606,0,18
0.124,-0.0040000000000000036,0.14100000000000046,0.026057628441695586,0.13174177935819448,0.137,0.019544820285669444,0.15469806798698227,0.22883333333333333,0.19753150880225956,0.2678643529871738,0.5679583333333333,0.4176305293653426,0.46216676881676,0,19
0.201,0.07700000000000001,0.15100000000000044,0.04334743360344922,0.16637088967909724,0.14566666666666667,0.03289782160973253,0.16792719141927304,0.19025,0.1423012968700893,0.2575775294506855,0.5364583333333334,0.415516543820353,0.4412734273114192,1,0
0.106,-0.09500000000000001,0.1436666666666671,0.05046120622159948,0.13618544483954861,0.1435,0.035342608845402426,0.1502337081566236,0.15116666666666667,0.07596749703696196,0.23425790953519543,0.5065000000000001,0.4197069370924003,0.41445155312650567,1,0
0.164,0.05800000000000001,0.15700000000000044,0.047885279575308144,0.1500927224197743,0.149,0.03557527231096227,0.15416693439758827,0.1406666666666667,0.06255809421262269,0.2234490003759346,0.4852083333333334,0.4237295055109871,0.39441542887638525,0,1
0.037,-0.127,0.10233333333333378,0.06357934675143251,0.09354636120988716,0.12666666666666668,0.0554893383152636,0.12069066742684877,0.12,0.05030633432011828,0.19476453877963695,0.45937500000000003,0.43162663137606516,0.36582219456627446,1,0
0.061,0.024,0.08733333333333376,0.06747098141674633,0.07727318060494358,0.11549999999999999,0.06157515732825303,0.10363619101917769,0.12125000000000001,0.048452647924642135,0.17418537896738512,0.4134583333333333,0.4116747322157798,0.3414364190009725,0,1
0.101,0.04000000000000001,0.06633333333333379,0.03233161507470636,0.08913659030247179,0.11166666666666665,0.061656035119571045,0.10288299358512693,0.12433333333333334,0.04556979329123949,0.16292608989547971,0.36525,0.3745462472170222,0.32220150548089466,0,2
0.268,0.167,0.14333333333333378,0.1098013357538914,0.1785682951512359,0.12283333333333335,0.08332926656742985,0.15005928113223352,0.13425,0.0615661137610341,0.1790913068346367,0.314375,0.28825393583045206,0.3178653850424231,1,0
0.656,0.388,0.3416666666666672,0.2847390618326511,0.41728414757561794,0.2145,0.23164002244862425,0.29461377223730967,0.17900000000000002,0.16227193786413605,0.25246187501392336,0.30641666666666667,0.2752529140021482,0.3449161542390293,0,1
0.757,0.10099999999999998,0.5603333333333338,0.25815563781048384,0.587142073787809,0.3133333333333333,0.31668070144337157,0.42672412302664975,0.23116666666666671,0.23135522994789334,0.33008312501178133,0.30220833333333336,0.2671046007721143,0.377882861899907,0,2
0.935,0.17800000000000005,0.7826666666666672,0.14125980791908616,0.7610710368939045,0.463,0.36800597821231007,0.5719458021618926,0.29483333333333334,0.3062823514143101,0.4231472596253535,0.30916666666666665,0.28155108682574986,0.42245223294791445,0,3
0.651,-0.28400000000000003,0.7810000000000005,0.1435130656072951,0.7060355184469522,0.5613333333333334,0.31396347982952716,0.5945327158299233,0.33841666666666664,0.3173934920376896,0.4582015273752991,0.3005833333333333,0.26688165699535643,0.44073605431208135,0,4
0.405,-0.246,0.6636666666666672,0.26522694684616316,0.5555177592234761,0.612,0.24083023066052,0.5403805113070881,0.3618333333333334,0.3104254656064316,0.45001667700986847,0.29533333333333334,0.26336809530236543,0.43787716996711484,0,5
0.908,0.503,0.6546666666666671,0.2515200455894867,0.731758879611738,0.7186666666666667,0.19545297814734355,0.6454146509336343,0.42074999999999996,0.34255460745829885,0.520475649777581,0.30550000000000005,0.28225089055200275,0.4754869963697457,1,0
1.942,1.0339999999999998,1.0850000000000006,0.7836383094259768,1.336879439805869,0.9330000000000002,0.5306588357881166,1.0158676078097386,0.57375,0.5414631902203846,0.7391717036579531,0.3624583333333333,0.43538828040055444,0.592808036660166,0,1
2.021,0.07899999999999996,1.623666666666667,0.6210429400076414,1.6789397199029343,1.1436666666666666,0.6774185313871078,1.3030482912926704,0.7285,0.6649861926112725,0.9363760569413448,0.4345833333333333,0.5509126748971429,0.7070633937273527,0,2
1.928,-0.09299999999999997,1.9636666666666673,0.0501431284757357,1.8034698599514671,1.3091666666666668,0.7350884073814973,1.4816059223519074,0.8860833333333332,0.7088345695362895,1.0889335866426764,0.5030416666666667,0.6281806358300849,0.8047383222291644,0,3
1.92,-0.008000000000000007,1.956333333333334,0.05614564393908179,1.8617349299757335,1.5206666666666668,0.6889579571110753,1.6068613731085053,1.041,0.7152330834325014,1.2167899579284185,0.581125,0.6829796172717754,0.8939592564508313,0,4
1.978,0.05800000000000005,1.9420000000000004,0.03143246729101692,1.9198674649878669,1.7828333333333333,0.43020200681385307,1.7129009807917894,1.1974166666666666,0.6959569550865434,1.3338991951702004,0.660875,0.7300925082838328,0.9806825159347647,0,5
1.994,0.016000000000000014,1.9640000000000004,0.03893584466787391,1.9569337324939333,1.9638333333333333,0.04015179531062842,1.7932149862798497,1.3412499999999998,0.6640365714189376,1.4354531651440157,0.73775,0.7699005723496715,1.0617479146599837,0,6
1.885,-0.10899999999999999,1.952333333333334,0.05885858759207671,1.9209668662469666,1.9543333333333333,0.05149239426038175,1.8194392759141782,1.4436666666666669,0.6431892600490339,1.504614216660321,0.8113333333333334,0.7922604241726001,1.1276080814871852,1,0
1.954,0.06899999999999995,1.944333333333334,0.05513921774321962,1.9374834331234831,1.9431666666666667,0.040161756269697535,1.857885197081556,1.5434166666666667,0.6193944929354694,1.5737504910202715,0.8872916666666667,0.8113575033167614,1.1937194349682103,0,1
0.88,-1.0739999999999998,1.5730000000000006,0.6011464047967031,1.4087417165617415,1.7684999999999997,0.4370600645220285,1.5784894264868257,1.5388333333333335,0.624488420932516,1.4670196462479221,0.9168333333333334,0.7969222681349027,1.1686218801707535,1,0
0.809,-0.07099999999999995,1.214333333333334,0.6415530635367083,1.1088708582808708,1.5833333333333333,0.5739469197292256,1.358635304633447,1.5520000000000003,0.6054428882306656,1.3657858545174726,0.9452083333333334,0.7795484746155075,1.1398521297570934,0,1
0.611,-0.19800000000000006,0.7666666666666672,0.13940707777346328,0.8599354291404354,1.3555,0.6519658733400081,1.1450252175953193,1.5691666666666666,0.5719589675895116,1.2496649538224769,0.9654999999999999,0.7634143555506876,1.097543959376526,0,2
0.497,-0.11399999999999999,0.6390000000000007,0.15787336697493762,0.6784677145702177,1.106,0.6451567251451381,0.959875155425228,1.5349166666666665,0.6249967939311704,1.1338703455420958,0.9778333333333333,0.7528443263451927,1.0495004426264039,0,3
0.404,-0.09299999999999997,0.5040000000000006,0.10367738422627924,0.5412338572851089,0.8591666666666667,0.5659573894443518,0.8010536824465915,1.4067499999999997,0.6884083255795735,1.021582600074081,0.99025,0.7401911180933947,0.9978604072162915,0,4
0.323,-0.08100000000000002,0.4080000000000006,0.08706893820418221,0.43211692864255447,0.5873333333333334,0.22225810821354858,0.6644669160332797,1.2652500000000002,0.724249470455136,0.9141083539088378,0.9968749999999998,0.733152413865305,0.9438715746389882,0,5
0.366,0.04299999999999998,0.3643333333333339,0.040525712002839755,0.39905846432127723,0.5016666666666667,0.1823706847787368,0.5791906543094855,1.1350833333333334,0.7345996384343503,0.8297839917690166,1.0105833333333332,0.7173295838622995,0.8976418486678691,0,6
0.319,-0.046999999999999986,0.3360000000000006,0.026057628441664097,0.35902923216063864,0.42,0.11418581347960284,0.5048504673639183,1.0016666666666667,0.7243994796109433,0.7512018391891679,1.0213333333333334,0.7042950633306226,0.8513505007744396,0,7
0.843,0.524,0.509333333333334,0.28991780444349546,0.6010146160803194,0.4586666666666666,0.1993335562986457,0.6014646195456559,0.9070833333333334,0.656221755524946,0.7653246331600652,1.0522500000000001,0.677930819222858,0.8506824607124845,1,0
0.965,0.122,0.7090000000000005,0.34321421881968,0.7830073080401596,0.5366666666666667,0.2888145887358625,0.7053318711040399,0.8213333333333334,0.5617041170861352,0.7960439203662091,1.0812916666666668,0.6574951465627897,0.8598278638554858,0,1
0.951,-0.014000000000000012,0.9196666666666672,0.06676326335145835,0.8670036540200798,0.6278333333333332,0.32288475756322943,0.7755227650743143,0.7435,0.45560718726871346,0.819883317232946,1.0935833333333334,0.6519327063610089,0.8671216347470471,0,2
1.531,0.58,1.1490000000000007,0.33089575397699267,1.19900182701004,0.8291666666666666,0.44740336014235027,0.9913734036245102,0.70825,0.3597084994067475,0.9292858838124929,1.1258333333333332,0.6537004144744432,0.9202319039672834,0,3
1.554,0.02300000000000013,1.3453333333333337,0.34169625888109384,1.3765009135050201,1.0271666666666668,0.46400104166549644,1.152123859731793,0.7644166666666666,0.4339282425666359,1.0253957478413402,1.151625,0.6580406233330298,0.9709333516499007,0,4
2.32,0.7659999999999998,1.801666666666667,0.449037117990634,1.84825045675251,1.3606666666666667,0.5619731903451142,1.4858027569512808,0.8903333333333334,0.6251416324370503,1.2245656327888264,1.2211666666666667,0.6902366113950672,1.0788586835179088,0,5
1.703,-0.6169999999999998,1.8590000000000007,0.40612928975881696,1.775625228376255,1.5039999999999998,0.5108847228093628,1.5478591121080578,0.9813333333333333,0.6593282164216062,1.298170920052084,1.27525,0.6741708756429761,1.128789988836476,0,6
0.883,-0.8200000000000001,1.6353333333333337,0.7208857977053887,1.3293126141881275,1.4903333333333333,0.5289641449726683,1.3578993657914697,1.0135,0.6427586143830636,1.2342984708133018,1.2742083333333334,0.6747820246547036,1.109126789729558,0,7
1.318,0.43500000000000005,1.301333333333334,0.4102539863710471,1.3236563070940637,1.5514999999999999,0.4723103852341164,1.346499546993907,1.0896666666666668,0.6176302708863539,1.247175629149717,1.2482083333333331,0.6597877115219426,1.1258366465511933,0,8
0.829,-0.4890000000000001,1.0100000000000005,0.26809886236237973,1.0763281535470317,1.4344999999999999,0.5576446000814491,1.1986425335670763,1.1318333333333335,0.5764287913655518,1.1828409169728373,1.1985416666666666,0.643755353150671,1.1020897148270978,0,9
0.251,-0.578,0.799333333333334,0.5341182765393221,0.6636640767735158,1.2173333333333332,0.7291448872937845,0.9278875239764831,1.12225,0.5910880760397413,1.0394807759000932,1.1286666666666667,0.6520945294681743,1.03400253764093,0,10
0.19,-0.061,0.42333333333333395,0.3526390978512392,0.4268320383867579,0.8623333333333334,0.5901951089823309,0.7170625171260594,1.1115,0.6079570110400295,0.9087914257616174,1.0565833333333332,0.656420127706313,0.9664823346296557,0,11
0.114,-0.076,0.1850000000000006,0.06863672486360839,0.27041601919337893,0.5975,0.48458508024907093,0.5447589408043282,1.05075,0.6704378657401304,0.7865158217982916,0.9789166666666667,0.6529229874466312,0.8982837478592833,0,12
0.104,-0.010000000000000009,0.1360000000000006,0.047031904065248174,0.18720800959668946,0.4676666666666666,0.49699201871525567,0.4188278148602344,0.979,0.7243531283465641,0.6815133876754775,0.9001666666666667,0.6389985824755792,0.8347410480305407,0,13
0.144,0.039999999999999994,0.12066666666666725,0.020816659994726584,0.16560400479834472,0.27199999999999996,0.2782035226232734,0.3403055820430246,0.9117500000000001,0.7635879570696605,0.5988190203407887,0.8276249999999999,0.6209017854491289,0.7794817641880974,0,14
0.036,-0.10799999999999998,0.09466666666666725,0.05460158727854041,0.10080200239917236,0.13983333333333334,0.07433011951197677,0.25336113003073185,0.7871666666666667,0.7752388292805269,0.512231478749898,0.7477083333333333,0.592401412026523,0.7200032230530496,0,15
0.139,0.10300000000000001,0.10633333333333393,0.06096173663320345,0.11990100119958619,0.12116666666666666,0.05133582245045589,0.22068652145052275,0.66925,0.7553555604662432,0.45481125124991373,0.7168333333333333,0.6043952541081123,0.6735229652088057,1,0
0.034,-0.10500000000000001,0.06966666666666727,0.060052754585748054,0.0769505005997931,0.09516666666666666,0.04895065542630359,0.16734751532180195,0.47874999999999995,0.5656264628308555,0.390071058749927,0.6845416666666666,0.61976482069493,0.6223611279921013,1,0
0.21,0.176,0.12766666666666726,0.08854565677285388,0.14347525029989655,0.11116666666666668,0.06823024744689646,0.17953393951557284,0.3543333333333334,0.41636420537211316,0.3623678189422459,0.6678333333333333,0.627194420080181,0.5893722377527333,1,0
0.114,-0.09599999999999999,0.11933333333333392,0.08812112875659305,0.12873762514994827,0.11283333333333334,0.06814225316692075,0.16080995679683774,0.29025,0.38564494386322823,0.3241573852588235,0.651875,0.6365330902631885,0.5513424587325146,0,1
0.122,0.007999999999999993,0.14866666666666725,0.05326662494786045,0.12536881257497412,0.10916666666666668,0.06670657139041639,0.14972139771202697,0.19058333333333335,0.21079479825104014,0.2930562490651583,0.6401249999999999,0.6438681550495886,0.5169950620339134,0,2
0.136,0.014000000000000012,0.1240000000000006,0.011135528725781952,0.13068440628748706,0.12583333333333332,0.05647801932313786,0.14580099836573357,0.13283333333333333,0.06336163641902515,0.2688937492089801,0.6323333333333333,0.6489837987303669,0.48651545707120036,0,3
0.122,-0.014000000000000012,0.12666666666666726,0.008082903768822584,0.12634220314374353,0.123,0.056110605058206815,0.13900071311838114,0.12208333333333332,0.051282565411173445,0.246294710869137,0.6221666666666666,0.6552186934389836,0.45735422050550434,0,4
0.326,0.20400000000000001,0.1946666666666673,0.11395320677074426,0.22617110157187176,0.17166666666666666,0.08344978530029169,0.19242908079884366,0.13341666666666666,0.07648940310839503,0.25855706304311593,0.6224583333333332,0.6550794163051312,0.446845882865064,1,0
0.104,-0.22200000000000003,0.1840000000000006,0.12330450113439766,0.16508555078593587,0.154,0.08491878472987054,0.1671636291420312,0.13258333333333336,0.0767741177188961,0.23477905334417504,0.5916666666666667,0.661597977670712,0.4194182122358589,1,0
0.16,0.05600000000000001,0.1966666666666673,0.115452732030628,0.16254277539296794,0.16166666666666665,0.08263090624375827,0.16511687795859373,0.13725,0.07658046867066004,0.22327458359891733,0.558125,0.6622534200676577,0.3986647552569902,0,1
0.739,0.579,0.33433333333333387,0.3515683906913929,0.45077138769648395,0.2645,0.24593962673794192,0.32908348425613837,0.18683333333333332,0.18999178610634337,0.3026169553529301,0.5492916666666666,0.6581866709684914,0.425891574836431,1,0
0.525,-0.21399999999999997,0.47466666666666724,0.2927632718312455,0.487885693848242,0.3293333333333333,0.2563432594523697,0.3850596316115274,0.22758333333333333,0.20642958664499617,0.3368297314524793,0.507375,0.6240991290060358,0.4338202488495165,0,1
0.403,-0.122,0.5556666666666672,0.17008625262888147,0.445442846924121,0.3761666666666667,0.23572816265067895,0.39018545115109105,0.24958333333333335,0.21016463604142344,0.34700977276748246,0.45941666666666664,0.5830491005251568,0.4313546289415552,0,2
0.763,0.36,0.5636666666666672,0.18308832112763415,0.6042214234620605,0.449,0.2804047075211084,0.49670389367935075,0.31033333333333335,0.24470662707277271,0.41100826926479284,0.3945416666666666,0.43479860197034764,0.4578862586262308,0,3
1.095,0.33199999999999996,0.7536666666666673,0.3460943994538708,0.8496107117310303,0.6141666666666666,0.324883004582673,0.6676456383423934,0.38408333333333333,0.3301598671534558,0.5162377663009785,0.36920833333333336,0.3677973188505183,0.5088553579361323,0,4
1.671,0.5760000000000001,1.176333333333334,0.4594315328025877,1.260305355865515,0.8660000000000001,0.4599682597745183,0.9543183131017097,0.5138333333333334,0.48432236322015026,0.6938934945623665,0.40204166666666663,0.44311785449361085,0.6018269293012418,0,5
1.621,-0.050000000000000044,1.4623333333333342,0.31910082001357337,1.4406526779327575,1.0130000000000001,0.5444439365076985,1.1447987950726497,0.63875,0.5612716284555015,0.8365252646296948,0.4146666666666667,0.4736162147145999,0.6833607749571425,0,6
2.729,1.108,2.007000000000001,0.625769925771446,2.084826338966379,1.3803333333333334,0.8220712053506471,1.5974277107661785,0.8548333333333332,0.798940643299082,1.127675223917434,0.49383333333333335,0.6657207056799572,0.8470119129605711,0,7
1.722,-1.0070000000000001,2.0240000000000005,0.6126328427369863,1.9034131694831895,1.6001666666666667,0.6709099542164105,1.6330197934044133,0.9881666666666667,0.7990316677457818,1.2191098048532134,0.555125,0.7087189491702961,0.9170109599237254,0,8
1.724,0.0020000000000000018,2.058333333333334,0.5808152316643685,1.8137065847415947,1.7603333333333335,0.531256497999475,1.6590141381460093,1.1046666666666667,0.7956179226160495,1.2967852194911804,0.6190416666666667,0.742715433783165,0.9815700831298274,0,9
1.984,0.26,1.8100000000000007,0.15069173832695976,1.8988532923707973,1.9085,0.421142612424817,1.7518672415328638,1.2613333333333334,0.7651765492454344,1.402510570338691,0.6969583333333333,0.7843508242997609,1.0617644764794414,0,10
1.904,-0.08000000000000007,1.8706666666666674,0.133166562369591,1.9014266461853986,1.9473333333333336,0.40530761979842705,1.7953337439520456,1.4066666666666665,0.6998097576982591,1.4796627902865849,0.7719583333333334,0.8107992020312405,1.1291433183610862,0,11
1.695,-0.20899999999999985,1.8610000000000007,0.14922131215078102,1.7982133230926993,1.9596666666666664,0.3943697080997301,1.7666669599657467,1.4863333333333333,0.6707029329311327,1.5127915917809565,0.8365833333333333,0.8203269187483679,1.1744118528921992,0,12
1.791,0.09599999999999986,1.7966666666666675,0.10461516779766787,1.7946066615463496,1.8033333333333335,0.11625087813288239,1.7736192571183906,1.5918333333333334,0.6017673717450698,1.555592885353117,0.9097083333333335,0.824071993434021,1.2237389046608234,0,13
2.465,0.6739999999999999,1.9836666666666674,0.41960139815464625,2.129803330773175,1.9271666666666665,0.28521950611181246,1.9711566122274218,1.7636666666666665,0.5203267038965789,1.695501672221868,1.006625,0.8652390879680759,1.3230397922879575,1,0
2.813,0.3480000000000003,2.356333333333334,0.5195934308027133,2.471401665386588,2.1086666666666667,0.4364679446038005,2.2116832944481586,1.9344999999999999,0.497968326849664,1.8674244918800422,1.1224166666666666,0.9139949536853689,1.442236608904921,0,1
2.035,-0.778,2.4376666666666673,0.3897195572887429,2.253200832693294,2.1171666666666664,0.434044429369467,2.161202353177256,2.0128333333333335,0.42205166278621076,1.8932053392831127,1.1984583333333332,0.9106954809693365,1.4896576801925274,0,2
1.572,-0.4630000000000001,2.140000000000001,0.6271275787270087,1.912600416346647,2.061833333333333,0.48484406427908994,1.99285882369804,2.004583333333333,0.43022942258823416,1.8437891332395568,1.2592083333333333,0.8834304174841567,1.4962450657771253,0,3
1.204,-0.3680000000000001,1.6036666666666675,0.41640405057267865,1.5583002081733235,1.9799999999999998,0.5893216439263025,1.7674705883557427,1.9698333333333335,0.4781952498401634,1.7453600358180865,1.3042916666666666,0.8498429255976689,1.4728654605149554,0,4
1.495,0.29100000000000015,1.4236666666666675,0.19409362002223027,1.5266501040866618,1.930666666666667,0.6199034333399569,1.6896218488255306,1.867,0.430392421359433,1.7068431072306887,1.3609166666666666,0.8130957971618827,1.474636223673759,0,5
1.256,-0.2390000000000001,1.318333333333334,0.1551912798237516,1.391325052043331,1.7291666666666667,0.6078570281461476,1.565729892018236,1.8281666666666665,0.4643483867124162,1.6374826291951983,1.4081666666666666,0.7697651062763095,1.4571453257798581,0,6
1.122,-0.1339999999999999,1.2910000000000006,0.18894708253900258,1.2566625260216655,1.4473333333333336,0.33610335711900685,1.4389499228701685,1.7779999999999998,0.5071698657523652,1.5581776093190138,1.4413333333333334,0.7375867622755008,1.4303336997174696,0,7
1.902,0.7799999999999998,1.4266666666666674,0.4170675404935438,1.5793312630108327,1.4251666666666667,0.29094632952946264,1.5712499449072632,1.7711666666666668,0.5046883526824576,1.6110733617314734,1.51625,0.6853066752414078,1.4680670037400723,1,0
2.611,0.7090000000000003,1.878333333333334,0.7447820710337579,2.0951656315054166,1.5983333333333334,0.5706083303516227,1.8683213892194737,1.8300833333333335,0.5598567119172434,1.7649082291574008,1.6183750000000001,0.6564262806717281,1.5595016434408664,0,1
1.921,-0.6900000000000002,2.1446666666666676,0.4039682330744998,2.0080828157527084,1.7178333333333333,0.5460591237830079,1.8833724208710527,1.8489166666666668,0.558699538430473,1.7889223477485698,1.667625,0.6314463599030237,1.588421511965597,0,2
1.316,-0.605,1.9493333333333343,0.6479647624163936,1.6620414078763543,1.688,0.5652217264047797,1.7212660149078949,1.8093333333333332,0.579611207202855,1.716165063479559,1.7005833333333333,0.5883891729464229,1.5666277910083495,0,3
0.887,-0.42900000000000005,1.3746666666666674,0.5194904554785711,1.2745207039381772,1.6265,0.6371281660702184,1.482904296362782,1.6778333333333333,0.5961035348346995,1.588601207559627,1.72075,0.5489545993740365,1.5122575677276815,0,4
0.563,-0.32400000000000007,0.9220000000000006,0.3777181488888242,0.9187603519690886,1.5333333333333334,0.7555254242357874,1.2200744974019873,1.4903333333333333,0.5593103437324045,1.4308164063966073,1.712416666666667,0.5653975066974615,1.436316962309467,0,5
0.965,0.402,0.8050000000000007,0.21317598363793228,0.9418801759845443,1.3771666666666667,0.7609011543339035,1.147196069572848,1.4011666666666667,0.5497944795075426,1.3591523438740523,1.7069999999999999,0.5721520776856411,1.3986116053247095,0,6
0.965,0.0,0.8310000000000007,0.2320948082142295,0.9534400879922722,1.102833333333333,0.4670838968179774,1.0951400496948915,1.3505833333333335,0.560467898413027,1.2985135217395827,1.6775833333333334,0.5918920962668657,1.3639226768987327,0,7
0.778,-0.18699999999999994,0.9026666666666673,0.1079645003384598,0.8657200439961361,0.9123333333333333,0.24868266257756524,1.0045286069249224,1.3150833333333334,0.5836101529326411,1.2184345183950316,1.6424583333333336,0.6197535259851378,1.3170488627468342,0,8
0.56,-0.21799999999999997,0.7676666666666675,0.20269764017702144,0.7128600219980681,0.7863333333333333,0.18716374292759613,0.8775204335178017,1.2371666666666667,0.6187625235953296,1.1171369001804115,1.5520833333333333,0.6125247761921737,1.2564849537270875,0,9
0.178,-0.38200000000000006,0.5053333333333341,0.30371258342935553,0.445430010999034,0.6681666666666667,0.30043529530777074,0.6776574525127155,1.1473333333333333,0.6899391716709967,0.9726543001526557,1.4877500000000001,0.6720893606475629,1.1702061574289206,0,10
0.191,0.013000000000000012,0.3096666666666674,0.21689244646444744,0.318215005499517,0.6061666666666667,0.35912973514687896,0.538612466080511,1.06975,0.7433265677773376,0.8523997924368625,1.4238749999999998,0.7198134004877496,1.091869664834607,0,11
0.188,-0.0030000000000000027,0.1856666666666674,0.006806859285542379,0.25310750274975846,0.4766666666666666,0.34361354261243493,0.4384374757717936,0.9269166666666667,0.7334789404342889,0.7501844397542683,1.3490416666666667,0.7517014601189267,1.0195600916478382,0,12
0.15,-0.038000000000000006,0.1763333333333341,0.022854612955225766,0.20155375137487924,0.3408333333333333,0.2637759781835105,0.356026768408424,0.7218333333333332,0.5377273444504177,0.6578483720997655,1.2759583333333333,0.7801282212986953,0.9499952843160112,0,13
0.136,-0.013999999999999985,0.15800000000000072,0.026907248094144395,0.16877687568743963,0.23383333333333334,0.16126799641177397,0.2931619774345886,0.5730833333333334,0.40679891354403536,0.57756400716134,1.211,0.8081228920749938,0.8848756615707304,0,14
0.132,-0.0040000000000000036,0.1393333333333341,0.009451631252496429,0.1503884378437198,0.1625,0.026425366601077856,0.2471156981675633,0.47441666666666665,0.3498242307563102,0.5090156983672878,1.141875,0.8270850496459397,0.824645608645072,0,15
0.139,0.007000000000000006,0.1356666666666674,0.003511884584260527,0.1446942189218599,0.156,0.026645825188974154,0.21622549869111662,0.41208333333333336,0.3359925481677299,0.45209020631078195,1.0449583333333334,0.8011750326682776,0.7697939599534662,0,16
0.151,0.011999999999999983,0.1406666666666674,0.009609023536924402,0.14784710946092994,0.14933333333333335,0.020412414523226917,0.19758964192222617,0.37775000000000003,0.3401930267576738,0.40576863610912317,0.9340416666666668,0.7265523996882507,0.7202904431571889,0,17
0.392,0.24100000000000002,0.22733333333333408,0.14273168300462646,0.269923554730465,0.18333333333333335,0.10250788587551693,0.2531354585158758,0.33,0.2862014547958741,0.4036503844000273,0.8655833333333334,0.695026612982284,0.6940272077046139,1,0
0.108,-0.28400000000000003,0.21700000000000075,0.15307187854076867,0.18896177736523248,0.17633333333333334,0.10659205724005899,0.211668184654197,0.25858333333333333,0.21016852905718972,0.3581657098769462,0.8045833333333334,0.6945761871171138,0.6471450310882448,1,0
0.043,-0.065,0.18100000000000074,0.1855990301698795,0.11598088868261625,0.16083333333333336,0.11959835561857877,0.16347727475299786,0.19733333333333333,0.14062932148242904,0.30967867758818524,0.7562083333333334,0.7058864903926437,0.5988134286011852,0,1
0.118,0.075,0.08966666666666741,0.040722639076233295,0.11699044434130812,0.1585,0.12040722569680512,0.15048376768071275,0.1605,0.08313679854751241,0.28018965026692594,0.6988333333333333,0.6991558056540144,0.5603483543130905,0,2
0.037,-0.08099999999999999,0.06600000000000074,0.04513313638558512,0.07699522217065406,0.1415,0.13048946317615606,0.11805983405765197,0.14875000000000002,0.09011015985499815,0.2427758579181681,0.6480416666666666,0.7011948485119627,0.5184804859680432,0,3
0.2,0.163,0.11833333333333407,0.08150051124583924,0.13849761108532704,0.14966666666666667,0.13271724329064422,0.14147131004117997,0.1495,0.09053025611766313,0.2361949566999884,0.609625,0.6993534786096961,0.49300204709059975,0,4
0.036,-0.164,0.09100000000000075,0.09439809320108024,0.08724880554266352,0.09033333333333333,0.06502512334988778,0.11133665002941426,0.13683333333333333,0.09516859043856352,0.2053957325922979,0.531875,0.651517380227984,0.4564418833233518,1,0
0.332,0.29600000000000004,0.1893333333333341,0.14828800805639403,0.20962440277133176,0.12766666666666668,0.1190540493501505,0.17438332144958163,0.152,0.11069368052916714,0.22487331219348283,0.4369166666666666,0.4783895917024962,0.4464865326574836,1,0
2.347,2.015,0.9050000000000007,1.2575480110119057,1.2783122013856658,0.5116666666666666,0.9060248708874761,0.7951309438925582,0.33625,0.6428046677717056,0.5513543410867932,0.4546666666666667,0.5398089570810519,0.598527610044885,1,0
1.194,-1.153,1.2910000000000006,1.0109960435135246,1.236156100692833,0.691,0.9189176241644301,0.9090935313518274,0.42474999999999996,0.683919602531814,0.6502229039965173,0.4495833333333333,0.5318611224964596,0.6461654012412943,0,1
1.095,-0.09899999999999998,1.545333333333334,0.6960261010431532,1.1655780503464164,0.8673333333333333,0.8684454310241185,0.9622096652513052,0.5044166666666666,0.7030212021027974,0.7186501495355145,0.45825,0.5409163119390509,0.6820721691419908,0,2
0.771,-0.32399999999999995,1.0200000000000007,0.2212487288099082,0.9682890251732081,0.9624999999999999,0.8100115431276274,0.907578332322361,0.5560833333333333,0.697447092595344,0.7267039726838969,0.46691666666666665,0.5443231869799994,0.6891863956106314,0,3
0.853,0.08199999999999996,0.906333333333334,0.1684557310789207,0.9106445125866041,1.0986666666666667,0.6816059467659205,0.8919845230874006,0.5944999999999999,0.7002780616557719,0.7461341307325281,0.46225000000000005,0.5403327678384917,0.7022914839617809,0,4
0.548,-0.30499999999999994,0.7240000000000008,0.15783852508180737,0.729322256293302,1.1346666666666667,0.6372775428858817,0.7937032307767148,0.6311666666666667,0.6838148118969771,0.7156519567736777,0.4448750000000001,0.5300704885447713,0.6899481652448384,0,5
0.544,-0.0040000000000000036,0.6483333333333342,0.1772578160006878,0.636661128146651,0.8341666666666666,0.27127360112378646,0.7223594505547963,0.6729166666666666,0.6595019413209197,0.6892439634238812,0.435125,0.5258116138512682,0.6782723120252513,0,6
0.728,0.18399999999999994,0.6066666666666674,0.1050967807943407,0.6823305640733255,0.7565,0.20666180101799336,0.7239710361105688,0.72375,0.6359291162614683,0.6952064305894379,0.44212499999999993,0.5286568964181214,0.6822505270632312,0,7
0.698,-0.030000000000000027,0.6566666666666673,0.09871845487715905,0.6901652820366627,0.6903333333333334,0.12338341325586463,0.7165507400789777,0.7788333333333332,0.5985658364842265,0.6956362104987551,0.46379166666666666,0.5280167964362933,0.6835104848981727,0,8
0.763,0.06500000000000006,0.7296666666666672,0.032532035493243947,0.7265826410183314,0.6890000000000001,0.12237646832623014,0.7298219571992698,0.8257499999999999,0.5704766946080359,0.7059998704220236,0.487625,0.5280776303685448,0.6898696461063188,0,9
0.758,-0.0050000000000000044,0.7396666666666674,0.03617089069035601,0.7422913205091657,0.6731666666666666,0.10123322906371951,0.7378728265709069,0.8859166666666667,0.5149867532865355,0.713999890357097,0.511375,0.5268325212387592,0.6953200744178134,0,10
0.881,0.123,0.8006666666666674,0.0696156112760182,0.8116456602545828,0.7286666666666667,0.10980649646841217,0.7787663046935049,0.9316666666666666,0.48480630308933936,0.7396922149175436,0.5418333333333334,0.5261622056615921,0.7101744684643884,0,11
1.672,0.7909999999999999,1.1036666666666675,0.49601848083850014,1.2418228301272913,0.9166666666666666,0.3752330831185692,1.0339759319239321,0.8754166666666666,0.3151283889387823,0.883124181853306,0.6058333333333333,0.5665204756011619,0.7871205109872373,1,0
1.904,0.23199999999999998,1.4856666666666676,0.5363509423253896,1.5729114150636456,1.1126666666666667,0.5315515653882196,1.2825542370885228,0.9345833333333333,0.42713048002887577,1.0401820000297204,0.6796666666666668,0.6154401512008691,0.8764708701082584,0,1
1.976,0.07200000000000006,1.8506666666666671,0.15886262409180268,1.7744557075318228,1.3256666666666665,0.5854771273642262,1.4806815979203733,1.008,0.5223182589536425,1.184154000025148,0.7562083333333334,0.6580334324245304,0.9644332004995978,0,2
2.065,0.08899999999999997,1.9816666666666674,0.08064944719794045,1.9197278537659113,1.5426666666666666,0.5764379122391812,1.6476297128002666,1.1158333333333332,0.5971541347140294,1.3196687692520483,0.8359583333333335,0.6963632534798947,1.05247854445963,0,3
2.293,0.2280000000000002,2.111333333333334,0.16350025484179945,2.1063639268829557,1.7985,0.4931526132953152,1.8320212234287618,1.2358333333333333,0.6786593513328433,1.469412035520964,0.9151666666666668,0.7497390077287875,1.1517202609028596,0,4
0.922,-1.371,1.7600000000000007,0.7346284775313302,1.514181963441478,1.8053333333333335,0.4779463010283324,1.5720151595919727,1.267,0.6522746214733349,1.3851947992869698,0.9490833333333334,0.729783107544956,1.133342640030631,1,0
1.039,0.11699999999999988,1.4180000000000008,0.760026973205557,1.276590981720739,1.6998333333333333,0.5735626963695125,1.4197251139942662,1.30825,0.6170988023146555,1.3319340609351282,0.9905833333333334,0.7038768986163693,1.1257952288281807,0,1
1.03,-0.008999999999999897,0.9970000000000008,0.06510760324263519,1.1532954908603696,1.5541666666666665,0.6204112883133784,1.308375081424476,1.3334166666666665,0.5971183008010352,1.2854826669451085,1.0285833333333334,0.6788954530941308,1.1181316105219263,0,2
1.194,0.16399999999999992,1.0876666666666672,0.09219725230902327,1.1736477454301848,1.4238333333333333,0.5957192011901801,1.2756964867317686,1.37475,0.5654631448483788,1.2714084104920147,1.0767916666666666,0.6456889127911754,1.1242010816801724,0,3
2.088,0.8940000000000001,1.437333333333334,0.5694289537188408,1.6308238727150925,1.4276666666666669,0.6007231198036798,1.507783204808406,1.4851666666666665,0.5645126350680872,1.3970378858009356,1.1554583333333335,0.6492230124753253,1.2013049951457588,0,4
1.367,-0.7210000000000001,1.5496666666666672,0.4741669888692524,1.4989119363575463,1.2733333333333332,0.42809048887667017,1.4675594320060044,1.5359166666666668,0.5187138742441092,1.3924166726007916,1.2109166666666666,0.6047647704159292,1.2145605955340981,0,5
1.74,0.373,1.7316666666666674,0.3605722303968148,1.619455968178773,1.4096666666666666,0.42405880095414383,1.5453995942900032,1.6075,0.4777741002912265,1.4458910306622081,1.2695833333333333,0.5837234989174284,1.2565957478913703,0,6
1.823,0.08299999999999996,1.6433333333333338,0.24288337393352735,1.7212279840893865,1.5403333333333336,0.40746468149603565,1.624713995921431,1.6200833333333333,0.48160044894522525,1.5039077951757147,1.2477500000000001,0.5505279876785473,1.3019080880600606,0,7
2.401,0.5779999999999998,1.9880000000000004,0.3600680491240515,2.0611139920446933,1.7688333333333333,0.44658052651975894,1.8465099970867365,1.6615,0.527426599804957,1.6419219805332972,1.2980416666666665,0.5984494079206518,1.3898354410152558,0,8
2.109,-0.2919999999999998,2.111,0.2890051902648125,2.0850569960223466,1.9213333333333331,0.358584253232995,1.9215071407762403,1.672583333333333,0.5359646288080337,1.7137801373743282,1.3402916666666667,0.6189347425857663,1.4473686057340354,0,9
2.143,0.03399999999999981,2.217666666666667,0.1596788443511972,2.114028498011173,1.9304999999999997,0.36435353710372836,1.9847908148401716,1.679083333333333,0.5415997277985977,1.7798139623936624,1.3974583333333335,0.6273706330646043,1.5030191172753127,0,10
1.389,-0.7539999999999998,1.8803333333333339,0.4258466077513523,1.7515142490055866,1.9341666666666664,0.35759665360104337,1.8145648677429798,1.6037499999999998,0.5104174984532494,1.719688737410022,1.4197916666666666,0.6165939386216229,1.4938975878932879,1,0
0.784,-0.605,1.4386666666666672,0.6808599953979779,1.2677571245027934,1.7748333333333333,0.5953548241735048,1.520117762673557,1.59225,0.5284115346962064,1.5757366239623263,1.429625,0.6038361289722336,1.4371057808618248,0,1
0.762,-0.02200000000000002,0.9783333333333339,0.35581783728944105,1.0148785622513967,1.5979999999999999,0.7222365263540736,1.3035126876239693,1.5691666666666668,0.5598897348152716,1.4505463741219684,1.4387083333333333,0.5914472654037899,1.3830973183928787,0,2
0.704,-0.05800000000000005,0.7500000000000006,0.04132795663956783,0.8594392811256983,1.3151666666666666,0.6756606890049663,1.1322233483028352,1.5419999999999998,0.5952232583432264,1.3356930857955116,1.4377083333333331,0.5927200731752936,1.3287695329214484,0,3
0.843,0.139,0.7696666666666673,0.06981642595647043,0.8512196405628492,1.1041666666666667,0.5671385780095252,1.0495881059305965,1.5127499999999998,0.6219053019113557,1.259894149519279,1.4437499999999999,0.5855479225180593,1.2899079702877325,0,4
0.554,-0.2889999999999999,0.7003333333333339,0.14453488621552707,0.7026098202814246,0.8393333333333333,0.2866772866249903,0.9079915042361403,1.3849166666666666,0.6499385227337532,1.1512950495932361,1.4350416666666665,0.5975435570200969,1.2310353326647139,0,5
0.219,-0.3350000000000001,0.5386666666666673,0.3122824576138331,0.4608049101407123,0.6443333333333333,0.2304123839264444,0.7111367887401002,1.2892499999999998,0.7321100420267186,1.0078650419635076,1.4125833333333333,0.6331634802747401,1.1500725060515369,0,6
0.144,-0.07500000000000001,0.30566666666666725,0.21830788655780536,0.3024024550703561,0.5376666666666666,0.2925779668168254,0.5490977062429288,1.15625,0.785782195707506,0.8749627278152756,1.381875,0.6764581231615913,1.069586705567414,0,7
0.206,0.062,0.18966666666666723,0.04007908847935132,0.25420122753517804,0.445,0.29535199339093837,0.4510697901735205,1.0214999999999999,0.7995748302009695,0.772045385074464,1.3207916666666666,0.7142542464859324,1.000499769122021,0,8
0.187,-0.01899999999999999,0.1790000000000006,0.031764760348574075,0.22060061376758902,0.35883333333333334,0.27967796957691843,0.3756212786953718,0.8370000000000001,0.7017773539702282,0.6820384027553157,1.24925,0.7388644195214585,0.9354197875922593,0,9
0.056,-0.131,0.14966666666666725,0.08167210866223361,0.13830030688379452,0.22766666666666668,0.17038857551686953,0.28430091335383706,0.6659166666666666,0.6073900137373675,0.5857248023314209,1.16925,0.7603847567257445,0.8650662045848786,0,10
0.068,0.012000000000000004,0.10366666666666725,0.07241776945843971,0.10315015344189726,0.14666666666666667,0.07042064091349984,0.2225006523955979,0.49300000000000005,0.412869779162214,0.5060748327419715,1.0860416666666668,0.7673350540311111,0.8013009082180883,0,11
0.1,0.032,0.07466666666666726,0.022744962812362237,0.10157507672094863,0.12683333333333333,0.062258868176896076,0.18750046599685566,0.38558333333333333,0.31453413121149604,0.44360178155089897,0.9946666666666667,0.7476809169847721,0.7451968355606413,0,12
0.035,-0.065,0.06766666666666726,0.03250128202603314,0.06828753836047433,0.10866666666666668,0.0714693407460021,0.14392890428346833,0.32316666666666666,0.3023651715553528,0.3807399690046068,0.9577083333333332,0.7729253566057072,0.6883810887157901,0,13
0.143,0.10799999999999998,0.09266666666666727,0.05437217425610024,0.10564376918023716,0.09816666666666667,0.05758964027208517,0.14366350305962022,0.27158333333333334,0.2719670629567749,0.3441645891577442,0.9203749999999999,0.7902724798392681,0.6447506016185269,0,14
0.034,-0.10899999999999999,0.07066666666666725,0.06264449962555166,0.06982188459011858,0.07266666666666666,0.04220742430743932,0.11233107361401445,0.21575,0.24227712344638655,0.2964469600565528,0.878875,0.8101667199598099,0.5958905534890448,1,0
0.102,0.06799999999999999,0.09300000000000058,0.05505451843402498,0.08591094229505929,0.08033333333333333,0.042748879127623984,0.1093793382957246,0.154,0.14123481414748223,0.2665320431247754,0.8333749999999999,0.8222730326463309,0.5563793092099212,0,1
0.165,0.06300000000000001,0.10033333333333394,0.06551590137772452,0.12545547114752964,0.09649999999999999,0.054010184224843286,0.12527095592551757,0.12158333333333333,0.0653180447479723,0.25091172879788687,0.75325,0.7876662971412305,0.5250689644731275,0,2
0.15,-0.015000000000000013,0.1390000000000006,0.032908965343844694,0.13772773557376483,0.10483333333333333,0.058341808908090625,0.1323363970896554,0.11583333333333333,0.05866055408928347,0.2353868474443658,0.7025416666666665,0.78560771155156,0.4950634473152773,0,3
0.107,-0.043,0.14066666666666724,0.030105370506534265,0.12236386778688241,0.11683333333333333,0.047503333216398,0.125097426492611,0.11275,0.05801430074481842,0.21563502476061722,0.6345,0.76221547792118,0.46401837153005515,0,4
0.139,0.032000000000000015,0.1320000000000006,0.022338307903741826,0.1306819338934412,0.11616666666666668,0.04708892297205515,0.129069590351865,0.10716666666666667,0.05102732482493112,0.2038450209512915,0.5643333333333332,0.7246346405733344,0.4380169018076508,0,5
0.589,0.44999999999999996,0.27833333333333393,0.26952056198616015,0.3598409669467206,0.20866666666666667,0.18791984106705703,0.2604782788227607,0.14066666666666666,0.1480063471202499,0.2630996331126313,0.4888333333333334,0.6103331710714652,0.4500955496630387,1,0
0.39,-0.19899999999999995,0.3726666666666672,0.2255001847745042,0.37492048347336027,0.25666666666666665,0.19196319091603967,0.2974844848734005,0.16849999999999998,0.16143307084868783,0.2826227664799188,0.41720833333333335,0.5034384362143768,0.44528790568999566,0,1
0.289,-0.10100000000000003,0.42266666666666725,0.15264446709047635,0.33196024173668015,0.2773333333333333,0.18672403880236702,0.2950603463381432,0.18691666666666665,0.16153156648066674,0.28360387932916203,0.33995833333333336,0.3441571278111135,0.432784873234796,0,2
0.289,0.0,0.32266666666666727,0.05831237718817152,0.3104801208683401,0.3005,0.17608605850549655,0.2933288188129594,0.20266666666666666,0.16150053944933224,0.2844340517400602,0.29412499999999997,0.26175881904500026,0.4212820833760123,0,3
0.286,-0.0030000000000000027,0.28800000000000053,0.001732050808225207,0.29824006043417006,0.3303333333333333,0.14997288643840848,0.29123487058068526,0.22358333333333333,0.15388570630848616,0.284674966856974,0.273375,0.2400780330570229,0.41045951670593134,0,4
0.325,0.039000000000000035,0.3000000000000006,0.02170253441426292,0.31162003021708506,0.36133333333333334,0.11841734107244478,0.3008820504147752,0.23875000000000002,0.15419003917834387,0.29087881810974725,0.25516666666666665,0.21685652773941527,0.40362275536945685,0,5
0.882,0.5569999999999999,0.4976666666666672,0.3334131571089171,0.5968100151085425,0.4101666666666666,0.2345492840890111,0.46691575029626803,0.3094166666666666,0.22832252241604467,0.38182053840055535,0.26258333333333334,0.23514693217252966,0.44189293493990034,1,0
0.712,-0.17000000000000004,0.6396666666666673,0.2854581113461927,0.6544050075542712,0.4638333333333333,0.26400107323014343,0.5369398216401915,0.36024999999999996,0.24522461874037968,0.43261737864662375,0.257125,0.2222553002253675,0.46350150014470837,0,1
0.928,0.21600000000000008,0.8406666666666673,0.11377756076369008,0.7912025037771356,0.5703333333333334,0.30506174238450057,0.6486713011715654,0.42383333333333334,0.2855918363148671,0.5088300896240663,0.27270833333333333,0.254716462854843,0.5006613801331317,0,2
1.905,0.977,1.1816666666666673,0.6356668414612603,1.3481012518885678,0.8396666666666667,0.588601279871754,1.0076223579796895,0.5700833333333334,0.5008529921014453,0.7236254604511331,0.3429583333333333,0.4188649755632833,0.6130084697224811,0,3
1.589,-0.31600000000000006,1.4740000000000009,0.4985488942922264,1.468550625944284,1.0568333333333333,0.5838223759557923,1.1737302556997782,0.6935833333333333,0.5559683539609618,0.8567600049971127,0.4031666666666667,0.4872877613062397,0.6910877921446826,0,4
1.482,-0.10699999999999998,1.6586666666666672,0.21993711222377807,1.4752753129721419,1.2496666666666667,0.47462012880478033,1.2618073254998414,0.8055,0.5691974413792878,0.9529507734590953,0.4563333333333333,0.5323655712471282,0.7543607687731081,0,5
1.214,-0.268,1.428333333333334,0.19317435992733326,1.344637656486071,1.305,0.4413714988532897,1.248148089642744,0.8575833333333334,0.576138471097694,0.9931121929269268,0.499125,0.5507336065964997,0.7911319072712595,0,6
0.601,-0.613,1.0990000000000004,0.45161820158182486,0.9728188282430354,1.2865,0.4724314765127315,1.0632486354591029,0.8751666666666665,0.5636554126790807,0.932787240168938,0.5218333333333334,0.5428473775955118,0.7759213546895588,0,7
0.74,0.139,0.8516666666666671,0.3213943579674903,0.8564094141215177,1.2551666666666665,0.5060053030025142,0.9708918824707877,0.91275,0.5353427321904085,0.9031276647583321,0.5498333333333333,0.5357047910821882,0.7730476463143942,0,8
1.006,0.266,0.7823333333333339,0.2057919661535293,0.9312047070607589,1.1053333333333333,0.39630981146909106,0.9809227731934198,0.9725,0.49811471844071536,0.9189541778724348,0.5875833333333333,0.5345484820950759,0.7916838346092426,0,9
0.876,-0.13,0.8740000000000006,0.13301127771734977,0.9036023535303794,0.9865,0.3222544026076292,0.9509448379952998,1.0216666666666667,0.451091873998944,0.9123458428151371,0.6226250000000001,0.5242150913094035,0.7984291278405032,0,10
0.932,0.05600000000000005,0.9380000000000006,0.06520736154761902,0.9178011767651897,0.8948333333333333,0.21273120755231664,0.9455320271394998,1.07225,0.39661227345424627,0.9153695593051161,0.6555,0.517526222818083,0.809114797613263,0,11
1.518,0.586,1.1086666666666674,0.35559715034478995,1.2179005883825949,0.9455,0.3153853198866429,1.1090943050996427,1.12525,0.4111076224940709,1.0080819347966368,0.7173333333333334,0.5285768971794812,0.865825613804202,0,12
1.46,-0.05800000000000005,1.303333333333334,0.3228890418291321,1.3389502941912974,1.0886666666666667,0.3226110144844198,1.2093530750711734,1.1875833333333334,0.39929038381366105,1.0776077909817696,0.7739166666666666,0.5325137203104197,0.9133595646998659,0,13
1.37,-0.08999999999999986,1.4493333333333338,0.0745743476896378,1.3544751470956489,1.1936666666666669,0.28699105677122827,1.2552521964794097,1.2244166666666667,0.39351249450726905,1.122591207753805,0.824125,0.5294034635076691,0.9498907995238767,0,14
2.019,0.649,1.616333333333334,0.3516110540545263,1.6867375735478245,1.3625,0.42112884014277563,1.4734658546281496,1.2339166666666668,0.41236115202207135,1.260500252714758,0.9020000000000001,0.562366815150584,1.0354195355619666,0,15
1.914,-0.1050000000000002,1.7676666666666672,0.34836810033832744,1.8003687867739122,1.5354999999999999,0.3936098321942672,1.5993327533058213,1.261,0.4470190152555035,1.3610386753740258,0.9772916666666666,0.5721798500446369,1.1057059727170093,0,16
1.914,0.0,1.9490000000000005,0.06062177826492467,1.857184393386956,1.6991666666666667,0.2803472251809629,1.6892376809327296,1.297,0.4824277619028008,1.4461096483934064,1.05125,0.573826913003353,1.1703694948996486,0,17
1.869,-0.04499999999999993,1.8990000000000007,0.025980762113564992,1.863092196693478,1.757666666666667,0.2714631957865843,1.740598343523378,1.3515833333333334,0.508531300249388,1.5111697024867285,1.1045833333333335,0.5882971680800573,1.2262599353076769,0,18
1.16,-0.7090000000000001,1.647666666666667,0.42293064837315214,1.5115460983467388,1.7076666666666664,0.35272123081360657,1.5747131025166987,1.3981666666666668,0.4564620532537244,1.4571435944118472,1.1366666666666667,0.5682884040211695,1.2209591404830626,1,0
1.207,0.04700000000000015,1.4120000000000006,0.3964706798743147,1.3592730491733693,1.6805,0.38840223995234485,1.469652216083356,1.437083333333333,0.41309485116690314,1.4186599645023321,1.1749166666666666,0.5388870912366054,1.2198424092444176,0,1
0.74,-0.4670000000000001,1.0356666666666674,0.25713096533349367,1.0496365245866848,1.4673333333333334,0.5003197644173834,1.2611801543452543,1.4149166666666666,0.44428869777397756,1.314250739194281,1.1937083333333334,0.5139367647759846,1.181455016504864,0,2
1.458,0.718,1.1350000000000007,0.3643748070325405,1.2538182622933425,1.391333333333333,0.4511140284525256,1.317414395960896,1.4634166666666666,0.41059988450012375,1.3363660100874686,1.2425416666666667,0.47838932472881573,1.203578615184475,0,3
1.801,0.34299999999999997,1.3330000000000006,0.5414323595796628,1.5274091311466713,1.3724999999999998,0.42662337019905444,1.45558171140064,1.5358333333333334,0.38413346007802407,1.407848162381704,1.3040416666666668,0.44929485613973175,1.251372325969717,0,4
1.74,-0.06099999999999994,1.6663333333333339,0.18298178415715358,1.6337045655733355,1.351,0.3989506235112304,1.5368440795718856,1.5543333333333331,0.38851730588185734,1.458948445092211,1.3397916666666667,0.44838754386440355,1.2904625398921397,0,5
0.514,-1.226,1.3516666666666672,0.726081492212365,1.0738522827866679,1.2433333333333334,0.5273221659163081,1.2446029139799182,1.4755,0.49167810977952175,1.3135717612318707,1.3315416666666666,0.4620539192295215,1.2283455367007685,1,0
0.294,-0.22000000000000003,0.8493333333333339,0.7791439747141305,0.683926141393334,1.0911666666666666,0.6559464663115936,0.9730020814142273,1.3858333333333333,0.5990562021491249,1.1567145671961983,1.305125,0.5024832519380719,1.1535978937647071,0,1
0.263,-0.030999999999999972,0.3570000000000006,0.1368466294798659,0.473463070696667,1.0116666666666667,0.7315667205844363,0.7701443438673052,1.2395,0.6431771281550815,1.0192200183967832,1.2367083333333333,0.5283728491828689,1.0823500622635305,0,2
0.312,0.04899999999999999,0.28966666666666724,0.02478574859335351,0.3927315353483335,0.8206666666666665,0.7412669334771833,0.639245959905218,1.106,0.6565671052043073,0.910416938643432,1.1835,0.5549821775438417,1.020722057282448,0,3
0.102,-0.21000000000000002,0.22566666666666724,0.10986506875860418,0.24736576767416674,0.5375,0.6036077368622775,0.48574711421801287,0.9550000000000001,0.6621881084020547,0.7860451019290579,1.126,0.5929040541194711,0.9472242926998522,0,4
0.177,0.075,0.1970000000000006,0.1064189832689612,0.21218288383708336,0.27699999999999997,0.14035953832925183,0.3975336530128663,0.8140000000000001,0.6291942899816043,0.6923458554784336,1.0827916666666666,0.6232230376920814,0.8856063492838641,0,5
0.139,-0.03799999999999998,0.13933333333333392,0.03750111109464201,0.1755914419185417,0.2145,0.0871108489225123,0.3236668950091902,0.7289166666666667,0.646935356941176,0.6072157238663669,1.0635416666666668,0.645488893190181,0.8258778413411549,0,6
0.129,-0.010000000000000009,0.14833333333333393,0.025324559884284205,0.15229572095927085,0.18699999999999997,0.08293853145553513,0.2680477821494216,0.6390833333333333,0.649354568830163,0.533644074040772,1.0380833333333332,0.6703736736469009,0.7701276140338625,0,7
0.159,0.03,0.14233333333333395,0.015275252316498322,0.1556478604796354,0.16966666666666666,0.07429580517544362,0.23689127296387258,0.5906666666666667,0.6626695780681128,0.47600652418834555,1.0027916666666667,0.6940143451196706,0.7212374049111535,0,8
0.156,-0.0030000000000000027,0.1480000000000006,0.01652271164183904,0.15582393023981772,0.14366666666666666,0.02634894052267572,0.2137794806884804,0.4821666666666667,0.6124349068688983,0.4267747512362924,0.9727916666666667,0.7149784417039794,0.6760184125182613,0,9
0.125,-0.031,0.14666666666666725,0.018823743871310368,0.14041196511990886,0.1475,0.019977487329512482,0.18841391477748598,0.3425,0.45527284526574274,0.38034786643070895,0.9391666666666666,0.7356575684182255,0.6319369395168004,0,10
0.164,0.03900000000000001,0.14833333333333396,0.020599352740625063,0.15220598255995443,0.14533333333333334,0.016548917386569457,0.18143851055534713,0.21116666666666664,0.11750499667003829,0.34706357928752296,0.8827499999999998,0.7412347072988081,0.5945019843554564,1,0
0.125,-0.03900000000000001,0.1380000000000006,0.02251666049838093,0.13860299127997722,0.14300000000000002,0.01849324200892955,0.16531322182524794,0.17875,0.0707031245291417,0.3128999517048271,0.827125,0.746107948390966,0.55694182560702,1,0
0.18,0.05499999999999999,0.1563333333333339,0.02829016319028063,0.1593014956399886,0.1515,0.022133684736184968,0.16950944416089136,0.16925,0.06077099337977904,0.29245380528869985,0.7775416666666667,0.7480009869306845,0.5267864795584584,1,0
0.16,-0.01999999999999999,0.15500000000000058,0.027838821814138864,0.1596507478199943,0.15166666666666667,0.022205104518274486,0.1667924601149224,0.16066666666666665,0.053117936250542265,0.27207629678274603,0.7000833333333335,0.7090952543277583,0.4974435611937817,0,1
0.351,0.19099999999999998,0.23033333333333392,0.10497777542571958,0.25532537390999716,0.18416666666666667,0.08466738844837164,0.21942318579637315,0.16391666666666668,0.06341416293390284,0.2842184049700159,0.6349583333333334,0.6630379672496112,0.4857280762982792,1,0
0.189,-0.16199999999999998,0.23333333333333392,0.10292877796482779,0.22216268695499858,0.19483333333333333,0.07960255439788,0.2107308469974094,0.17116666666666666,0.06060278021426473,0.2695694195900134,0.5630833333333334,0.6097109733426954,0.4619898301944169,1,0
0.189,0.0,0.24300000000000058,0.0935307436087167,0.2055813434774993,0.19899999999999998,0.07830964180738394,0.20452203356957815,0.17216666666666666,0.06080644902003199,0.25717412426847286,0.4930833333333333,0.5464156656888141,0.4401506437788636,0,1
0.417,0.22799999999999998,0.26500000000000057,0.1316358613752329,0.31129067173874964,0.24766666666666667,0.10816592192861571,0.2652300239782701,0.19533333333333333,0.09198550610468376,0.2817627205348617,0.46212500000000006,0.527715364031395,0.43829859227655454,1,0
0.798,0.38100000000000006,0.4680000000000006,0.3076865287918856,0.5546453358693748,0.3506666666666667,0.242129441965795,0.4174500171273358,0.2510833333333333,0.19413793518730257,0.3611838404525753,0.44508333333333333,0.5088829981411314,0.4670747048944302,0,1
0.933,0.135,0.7160000000000005,0.2675948429996367,0.7438226679346874,0.4795,0.3150566615705824,0.5647500122338114,0.3155833333333333,0.27322866159162884,0.44915555730602524,0.453125,0.5152314222543749,0.5043487285028758,0,2
0.989,0.05599999999999994,0.9066666666666673,0.09818519915615499,0.8664113339673437,0.5858333333333333,0.36648078621759567,0.6859642944527224,0.385,0.3291023604235693,0.5322085484897137,0.43358333333333327,0.48337049582270675,0.5431208302226458,0,3
0.592,-0.397,0.8380000000000006,0.214874381907198,0.7292056669836718,0.653,0.31210062479911876,0.659117353180516,0.42391666666666666,0.32311930201294775,0.54140723333745,0.3832083333333334,0.3883211332598801,0.5470311638048342,0,4
0.836,0.244,0.8056666666666672,0.20023070027678982,0.7826028334918359,0.7608333333333333,0.21700637471435466,0.7096552522717972,0.4799166666666667,0.3320858208720203,0.5867291974393808,0.34554166666666664,0.27962179102226403,0.5701486707004475,0,5
2.296,1.46,1.2413333333333338,0.92147996903532,1.5393014167459178,1.074,0.6140902213844476,1.1628966087655694,0.6608333333333333,0.6024581212655272,0.8496939362948607,0.4197916666666666,0.48642117902677967,0.7082167770444117,1,0
2.362,0.06600000000000028,1.831333333333334,0.862615402907539,1.950650708372959,1.3346666666666664,0.7823834524494152,1.5054975776896924,0.8426666666666667,0.7542920019743183,1.082356407634113,0.5059583333333334,0.6262408537328611,0.8405194348808588,0,1
2.623,0.2610000000000001,2.4270000000000005,0.17291905620840048,2.2868253541864796,1.6163333333333334,0.903666900282768,1.8247839840640658,1.0479166666666666,0.8767990811969862,1.3193784987673265,0.6042916666666667,0.7578819157285717,0.9831178800903901,0,2
2.507,-0.1160000000000001,2.497333333333334,0.13076824283187963,2.3969126770932396,1.8693333333333333,0.9054010529409969,2.019702845760047,1.2275833333333335,0.9396523978513965,1.5020894989569686,0.69575,0.8481429458067447,1.105028449683159,0,3
2.437,-0.07000000000000028,2.522333333333334,0.09394324527786717,2.41695633854662,2.176833333333333,0.6666457580054533,2.1389306041143192,1.4149166666666666,0.9378564009419986,1.6459218837328196,0.7930416666666668,0.9088264041999533,1.2115861737085063,0,4
2.01,-0.42700000000000005,2.3180000000000005,0.2690223039080658,2.21347816927331,2.3725,0.21088835909077183,2.102093288653085,1.5666666666666667,0.8660378254738733,1.701933901620078,0.8694166666666666,0.9315412622038852,1.2754592798118258,1,0
2.409,0.399,2.2853333333333334,0.23885630268706937,2.3112390846366546,2.3913333333333333,0.20771198007497058,2.189780920466489,1.7326666666666666,0.815049171225363,1.8107133013708352,0.9640000000000001,0.9686564877728063,1.3661425374268799,0,1
2.208,-0.20099999999999962,2.2090000000000005,0.19950187969040148,2.2596195423183274,2.365666666666667,0.22114218653767762,2.194986371761778,1.8501666666666667,0.7683525272038907,1.8718343319291684,1.050625,0.9835828831590547,1.4334911344327295,0,2
2.252,0.043999999999999595,2.289666666666667,0.10566140891232204,2.2558097711591634,2.3038333333333334,0.1834550807872735,2.2112759798298414,1.9600833333333334,0.717908383409538,1.9303213577862193,1.1378333333333333,0.9938242197240641,1.498971843678111,0,3
2.054,-0.19799999999999995,2.1713333333333336,0.10396794377757333,2.1549048855795814,2.228333333333333,0.1761915624162098,2.1663399855927437,2.048833333333333,0.6495183996740589,1.949348841203724,1.2169166666666666,0.9877963140096312,1.5433740961838622,0,4
1.345,-0.7089999999999999,1.8836666666666673,0.47688817696954455,1.7499524427897906,2.0463333333333336,0.3723464336698627,1.9316714182805312,2.1115833333333334,0.5192987331415544,1.8563720964031512,1.26775,0.9601667088040758,1.5275041684891533,0,5
1.053,-0.29200000000000004,1.4840000000000007,0.5147727654023677,1.4014762213948952,1.8868333333333334,0.5524416409600799,1.6806224416289508,2.1296666666666666,0.4725121130401801,1.7327763892642047,1.3047916666666668,0.9324834992906169,1.4895438350100212,0,6
0.643,-0.4099999999999999,1.0136666666666672,0.35264902287307287,1.0222381106974476,1.5925,0.6753709351163993,1.384158886877822,1.9919166666666666,0.6332280155654588,1.5651184832235578,1.3263749999999999,0.9097052944916201,1.4218203282092194,0,7
0.589,-0.05400000000000005,0.7616666666666673,0.25374265178194283,0.8056190553487238,1.3226666666666667,0.703127489625222,1.1569706334841587,1.844166666666667,0.7373174761295572,1.4149464088814718,1.3434166666666665,0.8909336049368636,1.355194701952482,0,8
0.638,0.049000000000000044,0.623333333333334,0.029838453936688224,0.7218095276743619,1.0536666666666668,0.5732160732801089,1.0086933096315418,1.67875,0.7687009260020203,1.2954161921304763,1.3633333333333333,0.8683857921787809,1.2978191257962834,0,9
0.891,0.253,0.7060000000000005,0.16207714212682428,0.806404763837181,0.8598333333333334,0.2977411067801482,0.9750666497368156,1.5440833333333333,0.7517762551975075,1.2331983164180953,1.3858333333333333,0.8477666140418928,1.265273595732581,0,10
1.056,0.16500000000000004,0.8616666666666672,0.2105381992260137,0.9312023819185905,0.8116666666666665,0.21560303028173725,0.9981904640977254,1.429,0.7070320810517469,1.2059370369691575,1.4219583333333332,0.8122793736129823,1.2485317080739744,0,11
0.762,-0.29400000000000004,0.9030000000000006,0.1473668890897797,0.8466011909592952,0.7631666666666667,0.1802968847946847,0.9307074743555181,1.325,0.705586409887678,1.137639031281595,1.445833333333333,0.7823328362446919,1.2096091714280564,0,12
1.342,0.5800000000000001,1.053333333333334,0.29000919525651814,1.0943005954796476,0.8796666666666667,0.28344640880890976,1.048219624539656,1.2360833333333334,0.618409463989286,1.1690791803151956,1.4843749999999998,0.7516260525195251,1.220200437713812,1,0
0.891,-0.45100000000000007,0.998333333333334,0.3045329757732865,0.9926502977398238,0.93,0.24582514110643938,1.00329973181404,1.1263333333333334,0.542439998078269,1.1262977679590116,1.48825,0.7481653647713685,1.1938644026967071,0,1
0.6,-0.29100000000000004,0.944333333333334,0.37386405728999,0.7963251488699119,0.9236666666666666,0.25516478335904336,0.8880712370100285,0.9886666666666666,0.4284357028950236,1.0453288805807022,1.474375,0.7618726250096713,1.1463552504809706,0,2
0.478,-0.122,0.6563333333333339,0.21218466799778926,0.6371625744349559,0.8548333333333332,0.31453738516536894,0.7709080264357346,0.8573333333333332,0.2920138020814467,0.9580475143375172,1.453083333333333,0.7828776858580718,1.092886830442493,0,3
0.451,-0.02699999999999997,0.5096666666666673,0.07938723658959039,0.544081287217478,0.7540000000000001,0.33354999625243764,0.6795057331683819,0.7828333333333334,0.26945697357103693,0.8800402044394376,1.4472083333333332,0.7901161158015145,1.0415358840070934,0,4
0.804,0.35300000000000004,0.5776666666666673,0.19647476513112777,0.6740406436087389,0.761,0.3341915618324334,0.7150755236917014,0.7620833333333333,0.25601294652396145,0.868341711448755,1.445875,0.791218615010496,1.022533013286526,0,5
0.644,-0.16000000000000003,0.6330000000000006,0.1767568951978922,0.6590203218043695,0.6446666666666666,0.17512700153508032,0.6947682312083581,0.7621666666666668,0.2559708198331649,0.8338276019951004,1.3770416666666667,0.7858862888853377,0.992250372223604,0,6
0.544,-0.09999999999999998,0.6640000000000006,0.1311487704860352,0.6015101609021848,0.5868333333333333,0.1286334585816152,0.6516915937202558,0.7584166666666667,0.25904947169967507,0.7892387401497004,1.3012916666666665,0.7743524351615212,0.9563903424457157,0,7
0.126,-0.41800000000000004,0.4380000000000006,0.2747871903855747,0.3637550804510924,0.5078333333333332,0.2269276683585945,0.5014939955144684,0.71575,0.3164832682637601,0.6872020108959003,1.19725,0.7565914554333678,0.8899591150500585,0,8
0.165,0.03900000000000001,0.27833333333333393,0.23089896780481925,0.2643775402255462,0.45566666666666666,0.2675060123934943,0.405352853938906,0.65525,0.3477810505057906,0.6068632399888386,1.0996666666666666,0.7309154276103633,0.8319623858460539,0,9
0.141,-0.02400000000000002,0.14400000000000054,0.019672315572835136,0.2026887701127731,0.40399999999999997,0.2969087401879604,0.32982346709921856,0.5790000000000001,0.3522075834194718,0.535191972298248,1.004,0.6977725429816874,0.7766853949783695,0,10
0.206,0.065,0.17066666666666722,0.032868424564171356,0.20434438505638652,0.30433333333333334,0.22820049663983763,0.29444533364229897,0.5326666666666666,0.36236980943213426,0.48454705348313293,0.9288333333333334,0.6816717727741868,0.7310305633801001,0,11
0.106,-0.09999999999999999,0.15100000000000055,0.050744457825433825,0.15517219252819325,0.21466666666666664,0.1649844437111229,0.24060380974449927,0.42966666666666664,0.27702094877573563,0.4263090452549586,0.832875,0.6238982158138088,0.6810281183096921,0,12
0.051,-0.055,0.12100000000000055,0.07858116822749038,0.10308609626409662,0.13249999999999998,0.052758885507581836,0.18643129267464234,0.35966666666666663,0.2551125717059571,0.3685691921388111,0.743,0.5702488396572475,0.6306258688449168,0,13
0.114,0.063,0.09033333333333389,0.034297716153271623,0.10854304813204832,0.13049999999999998,0.05327945194915326,0.16573663762474455,0.31916666666666665,0.252048997160671,0.3294047010405325,0.6539166666666667,0.4848722751286248,0.5892957993373235,0,14
0.036,-0.07800000000000001,0.06700000000000056,0.04138840417311337,0.07227152406602416,0.10899999999999999,0.061903150162186116,0.12866902687481754,0.2823333333333334,0.258929731897689,0.28426551626506597,0.5698333333333333,0.3988697800652226,0.5450321353903376,0,15
0.093,0.057,0.08100000000000056,0.04036087214118432,0.08263576203301208,0.10099999999999998,0.06001333185219909,0.11847787633915538,0.2525,0.2583530002289035,0.2548400522242866,0.5176666666666666,0.3741894041056369,0.5088695645591106,0,16
0.057,-0.036,0.062000000000000555,0.02882707061074665,0.06981788101650604,0.07616666666666666,0.032307377898382256,0.10091276881368241,0.19025,0.19581444138405288,0.22440312111285787,0.4761666666666667,0.36740602663239136,0.47271999939438175,0,17
0.079,0.022,0.07633333333333389,0.01814754345167269,0.07440894050825303,0.07166666666666667,0.029035610320240993,0.09465197772405887,0.1431666666666667,0.1353989615465426,0.2020334101724182,0.4526666666666667,0.3742447079776546,0.4412223994428312,0,18
0.33,0.251,0.1553333333333339,0.1516652014581149,0.20220447025412652,0.11816666666666668,0.10728544480342529,0.16189426980289917,0.12533333333333332,0.08095153806540606,0.22172057783819998,0.441875,0.37387655629609984,0.4323246074874047,1,0
0.124,-0.20600000000000002,0.17766666666666722,0.13382949351070056,0.16310223512706326,0.11983333333333335,0.10728544480342528,0.1510673355734994,0.12516666666666668,0.08095209956663135,0.20668664278616922,0.4204583333333333,0.3768632526950444,0.4076586388884123,0,1
0.121,-0.0030000000000000027,0.19166666666666723,0.11980957112572718,0.14205111756353161,0.134,0.09931767214349178,0.1424766682667853,0.1215,0.07997442773107208,0.1935040823575278,0.38837499999999997,0.36772849300159277,0.38472594777733937,0,2
0.15,0.028999999999999998,0.13166666666666724,0.015947831618452427,0.14602555878176582,0.1435,0.09731752154674979,0.14462619161913234,0.12224999999999998,0.08021576018352977,0.18681114661021583,0.350625,0.3418018511283811,0.36594787195515227,0,3
0.15,0.0,0.1403333333333339,0.016743157806415575,0.14801277939088292,0.159,0.0877177291087844,0.14616156544223738,0.11758333333333333,0.0764406583071315,0.18114789328556724,0.325125,0.3324788731437865,0.3486720421987401,0,4
0.68,0.53,0.32666666666666727,0.3059956426704979,0.41400638969544146,0.2591666666666667,0.22059593529045046,0.298686832458741,0.16541666666666668,0.1791385742599345,0.25789437124163384,0.29754166666666665,0.2650768517219984,0.3751782788228409,1,0
0.495,-0.18500000000000005,0.44166666666666715,0.26899504332483776,0.4545031948477207,0.2866666666666667,0.2405723730328746,0.3547763088991007,0.20241666666666666,0.19819708205050984,0.29437216028138247,0.2810416666666667,0.23741130685625375,0.38476401651701364,0,1
0.571,0.07599999999999996,0.5820000000000006,0.09298924669013267,0.5127515974238603,0.36116666666666664,0.24918219572567468,0.4165545063565005,0.24050000000000002,0.22212506714585042,0.33693028946886205,0.2798333333333333,0.23578558178929435,0.39966289519565257,0,2
0.511,-0.05999999999999994,0.5256666666666672,0.04006661120348889,0.5118757987119302,0.42616666666666664,0.22355260380203212,0.44353893311178605,0.2800833333333333,0.2246781367902052,0.363710244935191,0.28120833333333334,0.2370840942653662,0.40856986358000036,0,3
0.675,0.16400000000000003,0.5856666666666672,0.08297790870666534,0.5934378993559651,0.5136666666666667,0.1947261324698568,0.5096706665084186,0.32858333333333334,0.242714744030312,0.41160097648362315,0.29054166666666664,0.248207132848972,0.42988427449360034,0,4
0.482,-0.19300000000000006,0.5560000000000006,0.1040720903989071,0.5377189496779826,0.5690000000000001,0.08940917178903669,0.5017647617917276,0.36400000000000005,0.23016634300989422,0.4224315954861426,0.277125,0.22704650213214178,0.43405353253411233,1,0
0.456,-0.025999999999999968,0.5376666666666672,0.11964252309831812,0.4968594748389913,0.5316666666666666,0.08006913679232588,0.4886891155655197,0.3954166666666667,0.21280313494501674,0.4275959654113515,0.26929166666666665,0.2168528812385374,0.43580924993138337,0,1
0.11,-0.34600000000000003,0.3493333333333339,0.2076760297514645,0.30342973741949564,0.4675,0.19173393022624247,0.3804922254039426,0.3770833333333334,0.22789290081621025,0.37873504765575894,0.2512083333333333,0.2109646537809915,0.40974450993687267,0,2
0.269,0.15900000000000003,0.2783333333333338,0.1731887217267078,0.2862148687097478,0.41716666666666663,0.19864482542132417,0.348637303859959,0.38916666666666666,0.21682956580241397,0.36185273263179607,0.2571666666666667,0.20928733455659262,0.39848494914192284,0,3
0.352,0.08299999999999996,0.24366666666666717,0.1229728967428634,0.3191074343548739,0.3906666666666667,0.1941789552620685,0.349598074185685,0.40841666666666665,0.20049641045680425,0.36033692761151975,0.26495833333333335,0.20918776237519776,0.39476615321056907,0,4
1.275,0.9229999999999999,0.6320000000000005,0.5583986031501139,0.7970537171774369,0.49066666666666664,0.4073640468508091,0.6139986244183464,0.5021666666666667,0.3046466905459643,0.5010543233635937,0.31220833333333337,0.2917492936792212,0.4651848609537235,1,0
1.55,0.27500000000000013,1.0590000000000004,0.6275292821853012,1.1735268585887184,0.6686666666666667,0.593588297279072,0.8814275888702474,0.6188333333333333,0.4080447465064554,0.6624305813076562,0.3682083333333333,0.38466755597943747,0.5519700720774257,0,1
1.58,0.030000000000000027,1.4683333333333337,0.16810215148335741,1.3767634292943591,0.856,0.6835896429876634,1.081019706335891,0.6938333333333334,0.4939732847640732,0.8035951072603245,0.429625,0.45264669133212254,0.6342124663112316,0,2
1.306,-0.274,1.4786666666666672,0.15028417525918575,1.3413817146471796,1.0553333333333332,0.590602291450573,1.145299790239922,0.7614166666666667,0.5191346748253892,0.8808881676818131,0.4819166666666666,0.47874372891038364,0.6879554690063331,0,3
1.016,-0.29000000000000004,1.3006666666666673,0.28203782252267756,1.17869085732359,1.1798333333333333,0.4548144310228814,1.1083569930285158,0.7985000000000001,0.5201888643035878,0.9016746034230727,0.5195,0.48398167410509396,0.7141990314858265,0,4
0.938,-0.07800000000000007,1.0866666666666671,0.19391063233699435,1.058345428661795,1.2775,0.26465959268464195,1.05968356644894,0.8340833333333334,0.5132933696565105,0.9072631259733692,0.5570833333333333,0.4798074719561289,0.7321031089669604,0,5
0.847,-0.09099999999999997,0.9336666666666672,0.08458329228241639,0.9526727143308975,1.2061666666666666,0.31781026834680365,0.9989168331778142,0.8484166666666667,0.5108428789458642,0.8979918758236202,0.5884999999999999,0.47273211459971354,0.7412948602496037,0,6
1.129,0.28200000000000003,0.9713333333333338,0.14392474885624348,1.0408363571654489,1.136,0.26952179874733834,1.0360834522698672,0.9023333333333334,0.5027331360280599,0.9335315872353709,0.6331666666666668,0.47097056740556753,0.7723112714296354,0,7
0.825,-0.30400000000000005,0.9336666666666672,0.16952089350086813,0.9329181785827244,1.0101666666666667,0.18318888248654056,0.9757738944784765,0.9330833333333333,0.483882678931266,0.9168344199683908,0.66425,0.4572230214067868,0.7765263697152647,0,8
1.033,0.20799999999999996,0.9956666666666671,0.15540055769955533,0.9829590892913622,0.9646666666666667,0.11693873039616776,0.9921242103417689,1.01,0.4086663453456663,0.9347060476655614,0.6935416666666666,0.45739707601265933,0.7970442601380434,0,9
1.081,0.04800000000000004,0.9796666666666671,0.1360784087698441,1.0319795446456812,0.9754999999999999,0.1253535001505779,1.0175172931012635,1.0776666666666668,0.33549213060364197,0.9572128095631673,0.7334166666666667,0.44718753158579877,0.819760719327,0,10
1.557,0.476,1.2236666666666671,0.28967107783369295,1.2944897723228406,1.0786666666666667,0.26512009857169916,1.1716552093580455,1.1780833333333331,0.27307523383370863,1.0494877619380647,0.79325,0.45762992928119905,0.8787398617808401,0,11
0.691,-0.866,1.1096666666666672,0.4337111173734575,0.9927448861614203,1.0526666666666666,0.2979944071063541,1.034325149541461,1.1294166666666665,0.3044677795561957,0.9943357985629778,0.8157916666666667,0.437446541247359,0.863720672838373,1,0
1.177,0.4860000000000001,1.141666666666667,0.43407986976285035,1.0848724430807102,1.0606666666666666,0.30108182719431525,1.075089392529615,1.0983333333333334,0.2752662622834781,1.0224379833994428,0.8585833333333333,0.41934285201519006,0.8887830190113032,0,1
1.284,0.10699999999999998,1.050666666666667,0.31604166392001687,1.1844362215403552,1.1371666666666667,0.287220066615596,1.1347781375211536,1.0736666666666668,0.23906154906723434,1.0626782936456824,0.8837499999999999,0.42622715417547397,0.920400377490399,0,2
1.739,0.45500000000000007,1.4000000000000006,0.2984174927848577,1.4617181107701778,1.2548333333333332,0.3689869464719142,1.3074129553722527,1.10975,0.3017705705875387,1.166727786930962,0.9355833333333333,0.4517716734452674,0.9858883472911671,0,3
2.077,0.33799999999999986,1.7000000000000004,0.39793592449036497,1.7693590553850889,1.4208333333333334,0.4819047277903248,1.5272949681230377,1.1981666666666666,0.40839972249419393,1.3067696658646601,0.9983333333333334,0.5008538506492144,1.0731772795078738,0,4
1.702,-0.375,1.8393333333333342,0.2066551072036091,1.7356795276925445,1.445,0.4935929497065374,1.5772106915164554,1.2618333333333334,0.42342903952746636,1.3675743326547125,1.0479583333333333,0.5093988340205046,1.123483097147244,0,5
1.295,-0.40700000000000003,1.6913333333333338,0.39110910668678484,1.5153397638462722,1.5456666666666665,0.3496716555093748,1.4965790653688966,1.2991666666666666,0.4027746569018778,1.3564090507078337,1.0737916666666667,0.5053677076422042,1.1372044493754645,0,6
0.733,-0.5619999999999999,1.2433333333333338,0.4865617466810699,1.124169881923136,1.4716666666666667,0.4696823039743641,1.2784136181206405,1.2661666666666667,0.43306745922826556,1.2604999659835516,1.08425,0.49508086735137663,1.1048680934254274,0,7
0.662,-0.07099999999999995,0.8966666666666673,0.34678860035089465,0.893084940961568,1.368,0.5759979166628995,1.1022954415147432,1.2525833333333334,0.4503732711133449,1.1684230481399283,1.0928333333333333,0.48540638883191534,1.0694386459513932,0,8
0.428,-0.23400000000000004,0.6076666666666672,0.15959427725746209,0.660542470480784,1.1495,0.6509029881633673,0.9096396010819594,1.2021666666666666,0.5074370240072501,1.0545118099645547,1.1060833333333335,0.46114572974057877,1.0181235542752818,0,9
0.255,-0.173,0.4483333333333339,0.20426045464879206,0.457771235240392,0.8458333333333333,0.5486286236304737,0.7225997150585425,1.1333333333333333,0.5766677526701994,0.9315099930469308,1.1055,0.46225816238942935,0.9570736699332593,0,10
0.538,0.28300000000000003,0.40700000000000064,0.14266394078391983,0.497885617620196,0.6518333333333334,0.3580197853005728,0.6698569393275303,1.0484166666666668,0.5835939526033087,0.8709699941166338,1.11325,0.45048536626331287,0.9235477763385985,0,11
0.112,-0.42600000000000005,0.3016666666666673,0.21680021525203988,0.304942808810098,0.4546666666666667,0.23891393150393841,0.5104692423768074,1.0001666666666666,0.6372949700004545,0.7542053796371517,1.0647916666666666,0.4928856450110626,0.8586239542315106,0,12
0.167,0.05500000000000001,0.272333333333334,0.23171174621354598,0.235971404405049,0.36033333333333334,0.21784826523676684,0.412335173126291,0.916,0.6772593165237253,0.6638660904622052,1.0071666666666668,0.5140817619513603,0.8032940378929898,0,13
0.145,-0.02200000000000002,0.14133333333333398,0.02768272626260599,0.19048570220252448,0.27416666666666667,0.17210858975271645,0.33595369509020784,0.8210833333333333,0.7004147418537551,0.5840405380834044,0.947375,0.5278271136996685,0.7506305148615506,0,14
0.2,0.05500000000000002,0.1706666666666673,0.027682726262607437,0.19524285110126224,0.23616666666666672,0.15574262957414364,0.29710978220729134,0.6928333333333333,0.6565879894414685,0.5249573783782653,0.9012916666666667,0.5432119835367887,0.7065800736726267,0,15
0.057,-0.14300000000000002,0.13400000000000065,0.07213182376730137,0.12612142555063113,0.2031666666666667,0.1711670723786236,0.2285069872909224,0.5245,0.5126153085359983,0.45296393555083986,0.8613333333333332,0.5690638129317375,0.6546136677788166,0,16
0.066,0.009000000000000001,0.10766666666666729,0.08008953323206651,0.09606071277531557,0.1245,0.056677155891967895,0.182076419493516,0.3881666666666667,0.3681888925620421,0.3934310223891722,0.8250000000000001,0.5913568774621135,0.6075245743565112,0,17
0.111,0.045,0.07800000000000062,0.028930952282924773,0.10353035638765778,0.12433333333333334,0.05672271737733567,0.16176887106679716,0.28950000000000004,0.23909811603379824,0.34998009586776113,0.7943333333333333,0.6089873752290831,0.5678026084079904,0,18
0.039,-0.07200000000000001,0.07200000000000063,0.036373066958903175,0.0712651781938289,0.103,0.06134818660728665,0.12669205076199797,0.2316666666666667,0.2033288126670903,0.30213700419579786,0.7489166666666667,0.6234173643274064,0.5254983997353512,0,19
0.08,0.041,0.0766666666666673,0.03611555528204156,0.07563258909691445,0.09216666666666666,0.05810134823452163,0.11335146482999854,0.18316666666666667,0.15502424052875685,0.2679620804733674,0.7178750000000002,0.6378451026699216,0.4898585277565231,0,20
0.107,0.026999999999999996,0.07533333333333396,0.03423935357640673,0.09131629454845722,0.07666666666666667,0.028387790802899292,0.1115367605928561,0.15641666666666668,0.13538796665566058,0.24319868347746473,0.6792916666666667,0.645910310045591,0.45922984553600127,0,21
0.114,0.007000000000000006,0.10033333333333395,0.017953644012574876,0.10265814727422862,0.08616666666666667,0.029982772831563767,0.1122405432806115,0.14466666666666667,0.13213377060137235,0.22332196294247014,0.639,0.649910562408735,0.4316114578931212,0,22
0.197,0.083,0.13933333333333398,0.050063293272919765,0.1498290736371143,0.108,0.051984613108134764,0.1364575309147225,0.11625,0.052561868307764735,0.2192724301820901,0.5823333333333334,0.6252095069144709,0.4128425412616715,0,23
0.108,-0.08900000000000001,0.1396666666666673,0.04974267115194333,0.12891453681855716,0.1075,0.051964410898252836,0.12832680779623037,0.11591666666666667,0.05260393751827943,0.20215359476946085,0.5580416666666667,0.632091798449142,0.3884551379607378,0,24
0.129,0.021000000000000005,0.1446666666666673,0.04652239604029858,0.12895726840927857,0.12250000000000001,0.03980326619766818,0.12851914842587883,0.11275000000000002,0.050344495049816425,0.1908991955741592,0.514375,0.6236158804138588,0.3676987269238788,0,25
0.216,0.087,0.15100000000000063,0.05726255320885606,0.17247863420463927,0.14516666666666667,0.04852799879110063,0.1535136774470563,0.11866666666666668,0.05806005250576765,0.19476085779351932,0.469875,0.6041092841315368,0.35556282876996853,0,26
0.215,-0.0010000000000000009,0.1866666666666673,0.04994330118574963,0.19373931710231962,0.16316666666666665,0.05147976948927643,0.17108119817646877,0.11991666666666667,0.06009607207455971,0.19787457197913175,0.406375,0.5417890502769553,0.34431780246837107,0,27
0.466,0.251,0.29900000000000065,0.14462710672622014,0.3298696585511598,0.22183333333333333,0.12797721151310085,0.255343712983192,0.154,0.11345884315870595,0.2391246378284961,0.33925000000000005,0.4094398347265142,0.35405237827090136,0,28
0.282,-0.18400000000000005,0.3210000000000006,0.12996538000559046,0.3059348292755799,0.236,0.12937542270463218,0.26295979498799427,0.17200000000000001,0.11534690759145565,0.24572084739334285,0.28008333333333335,0.28876918971306886,0.3482881880092292,0,29
0.728,0.446,0.4920000000000006,0.22413388855770564,0.51696741463779,0.3393333333333333,0.22149642585529178,0.39582842499142445,0.22341666666666668,0.1954121324666259,0.3199176401020593,0.2564583333333333,0.2162017936551786,0.3786651329684909,1,0
0.51,-0.21799999999999997,0.5066666666666673,0.22301868382117987,0.5134837073188949,0.4028333333333333,0.20297627119116332,0.42844887499387463,0.26266666666666666,0.20218773154640557,0.3491610800863579,0.24716666666666667,0.19893338772973618,0.38917192233101167,0,1
0.34,-0.16999999999999998,0.5260000000000006,0.19449421585229237,0.4267418536594475,0.4235,0.1857285653850855,0.4031777678527676,0.2843333333333334,0.1946228676339529,0.34775168314999516,0.23375,0.1796644819850684,0.38523816854453075,0,2
0.44,0.09999999999999998,0.4300000000000006,0.08544003745316257,0.4333709268297238,0.461,0.15545931943760055,0.41369840560911975,0.3120833333333333,0.19074088007906392,0.3619437318961497,0.23424999999999999,0.18024433899331452,0.3896191150609683,0,3
0.819,0.37899999999999995,0.5330000000000006,0.2526796390689169,0.6261854634148618,0.5198333333333333,0.21363933782585198,0.5294988611493712,0.37083333333333335,0.22893263532129693,0.43226008083520356,0.25775,0.216239852740076,0.4239695858560909,0,4
0.984,0.16500000000000004,0.7476666666666673,0.2789271111479343,0.8050927317074309,0.6368333333333333,0.24696592207563442,0.659356329392408,0.4364166666666667,0.2813365691685272,0.5171431453220954,0.2763333333333333,0.2567424130654552,0.4687720189876037,0,5
1.654,0.6699999999999999,1.1523333333333339,0.44221977944607277,1.2295463658537154,0.7911666666666667,0.48751714499765864,0.9435402352802913,0.56525,0.43129068978000346,0.6920441998879269,0.3405833333333333,0.3780941815803745,0.5635902574685954,0,6
1.56,-0.09399999999999986,1.399333333333334,0.3627469273933742,1.3947731829268577,0.9661666666666667,0.5507567218533678,1.1196715966287796,0.6845,0.49310657155334364,0.8255758614436304,0.398625,0.4503121441554939,0.6433030368711078,0,7
1.563,0.0029999999999998916,1.592333333333334,0.05342596122985925,1.4788865914634288,1.1700000000000002,0.49628661074020614,1.2463368547348423,0.79675,0.5287862817984064,0.9390257289138412,0.4577083333333334,0.5052604562235138,0.7168787939214192,0,8
1.917,0.3540000000000001,1.6800000000000006,0.20525350179717106,1.6979432957317144,1.4161666666666666,0.4226163350684249,1.437954896239173,0.9385833333333333,0.5839435617706004,1.0894833090809426,0.52925,0.5827934416688114,0.8128884904077056,0,9
2.325,0.40800000000000014,1.9350000000000005,0.3813187642904581,2.011471647865857,1.6671666666666667,0.44370865065566034,1.6913963544565522,1.0935,0.6850160582059382,1.2795627999915669,0.62375,0.67885070715784,0.9338574111750892,0,10
1.84,-0.4850000000000001,2.0273333333333343,0.26064599236001196,1.9257358239329285,1.8098333333333334,0.29169121801430126,1.7338545388975373,1.2233333333333334,0.6645686684997393,1.3657839076851719,0.6976666666666667,0.7112857718774961,1.006348818281082,0,11
1.917,0.07699999999999996,2.0273333333333343,0.26064599236001196,1.9213679119664642,1.8536666666666666,0.28322829425512297,1.7861818134982408,1.3224166666666668,0.6725916576042176,1.4505863834259145,0.7729166666666667,0.7414153865157652,1.0792009128185955,0,12
1.746,-0.17100000000000004,1.834333333333334,0.08564072240082478,1.833683955983232,1.8846666666666667,0.253249810792953,1.7747012953558863,1.4254166666666668,0.6301708943299485,1.49603463212962,0.8440416666666667,0.7497788937365174,1.132544839793108,0,13
1.854,0.1080000000000001,1.8390000000000006,0.08648121183240788,1.843841977991616,1.9331666666666667,0.2020073431008546,1.7973580681113472,1.5515833333333333,0.5379089916829187,1.5511062271866018,0.9179583333333333,0.7585742048576158,1.1902612526096594,0,14
1.575,-0.27900000000000014,1.7250000000000005,0.1406804890523262,1.709420988995808,1.8761666666666665,0.25002513207009114,1.7338271915081052,1.6461666666666668,0.40903274670714185,1.554782192234817,0.9791250000000001,0.7494710779870907,1.2210403524008866,0,15
2.088,0.5130000000000001,1.8390000000000004,0.25682873670989737,1.898710494497904,1.8366666666666667,0.17124446463073356,1.8350194225057894,1.7519166666666666,0.3326479051307548,1.6368157011217683,1.061375,0.7586618547037998,1.2903971242088157,1,0
1.747,-0.34099999999999997,1.803333333333334,0.26109832119976395,1.822855247248952,1.8211666666666668,0.17504904074763328,1.8098710160755638,1.8155000000000001,0.2294291334437022,1.6537671317184195,1.1259583333333334,0.7477762092083241,1.3269253542721107,0,1
1.658,-0.08900000000000019,1.8310000000000004,0.22697356674291785,1.740427623624476,1.7780000000000002,0.17858891342969743,1.766479297196831,1.8158333333333336,0.22917592818751034,1.6544183422232779,1.1905416666666666,0.7225443557419107,1.353411325930342,0,2
0.754,-0.9039999999999999,1.3863333333333339,0.5494218173073717,1.247213811812238,1.6126666666666667,0.45672997128135445,1.4771994979977365,1.7486666666666666,0.3796697927346241,1.5158924434196968,1.2165833333333333,0.6932920782737253,1.3054584198559145,0,3
0.856,0.10199999999999998,1.089333333333334,0.49511345501140924,1.051606905906119,1.4463333333333335,0.5275060821134359,1.2997139271412403,1.68975,0.4578971946944989,1.4143705290474358,1.24325,0.6648578305040923,1.2695017462674414,0,4
0.769,-0.08699999999999997,0.7930000000000005,0.05507267925207072,0.9103034529530596,1.312,0.5874122913252672,1.1480813765294573,1.594083333333333,0.5215955344087528,1.3150827553478301,1.2663333333333335,0.636623338688049,1.2294616065660462,0,5
0.629,-0.14,0.7513333333333337,0.1145265616934988,0.7696517264765298,1.0688333333333333,0.4969504670152423,0.9997724118067552,1.45275,0.5351402747283787,1.2095315622173948,1.273125,0.6285319896047624,1.1814246780407625,0,6
0.769,0.14,0.7223333333333338,0.08082903768655661,0.7693258632382649,0.9058333333333334,0.37559947639296243,0.9338374370048252,1.3635,0.5536729425145573,1.141757475722411,1.2934166666666667,0.602463703879954,1.1484307037975015,0,7
0.311,-0.458,0.5696666666666671,0.23469412718117755,0.5401629316191324,0.6813333333333333,0.19547139603192024,0.7558838835748752,1.2296666666666667,0.5998900404291286,1.0139486333035785,1.2760416666666667,0.6250683078614313,1.0814362474937014,1,0
0.172,-0.139,0.4173333333333338,0.3123817109456549,0.35608146580956623,0.5843333333333334,0.27883017531585047,0.5890599168391967,1.0985000000000003,0.6469614994867801,0.8844180743337972,1.2619583333333333,0.6465179965998902,1.0086813476942054,0,1
0.191,0.019000000000000017,0.2246666666666671,0.07536798613028363,0.2735407329047831,0.4735,0.281402025579066,0.4753285120279976,0.9599166666666666,0.6485272067375347,0.777738370590136,1.2557500000000001,0.6563961721267181,0.9432668398786689,0,2
0.241,0.04999999999999999,0.20133333333333378,0.03564173583503778,0.25727036645239154,0.3855,0.25147862732248527,0.40837750859142685,0.84875,0.6478411877500965,0.695163236653192,1.2474583333333333,0.6682978364385188,0.8870854926883753,0,3
0.125,-0.11599999999999999,0.1856666666666671,0.05818361739643395,0.19113518322619577,0.3015,0.23767183257593125,0.32741250613673345,0.6851666666666666,0.5463631548427276,0.6074458156296241,1.2185416666666666,0.7018167095763532,0.8261186532733054,0,4
0.221,0.096,0.1956666666666671,0.06201075175592226,0.2060675916130979,0.2101666666666667,0.06373826689413704,0.29700893295480957,0.5579999999999999,0.44492532570595134,0.5479926132250665,1.18675,0.7296335143189292,0.7777091610114409,0,5
0.163,-0.057999999999999996,0.1696666666666671,0.04834597535818888,0.18453379580654894,0.1855,0.04176002873564148,0.25872066639629254,0.4334166666666666,0.2919085966323712,0.48876298042121014,1.124625,0.7512745583050993,0.7285324281305258,0,6
0.102,-0.06100000000000001,0.16200000000000045,0.059506302187258046,0.14326689790327446,0.1738333333333333,0.05420854791145286,0.21394333314020897,0.3790833333333334,0.2874582841935796,0.42926098343333163,1.0638750000000001,0.773168147103625,0.6784098338800837,0,7
0.142,0.039999999999999994,0.13566666666666713,0.030989245446357613,0.1426334489516372,0.16566666666666666,0.054792943584628565,0.19338809510014926,0.31958333333333333,0.25140169173269755,0.38506698598204986,1.0046666666666668,0.7875592271263698,0.635497047169677,0,8
0.054,-0.088,0.09933333333333377,0.04406056437830299,0.0983167244758186,0.1345,0.05652875374534318,0.15356292507153518,0.25999999999999995,0.217671144786646,0.3341336035232729,0.9270416666666667,0.7855360661560267,0.5889772833961029,0,9
0.071,0.016999999999999994,0.08900000000000045,0.04667976006794857,0.08465836223790929,0.12549999999999997,0.06234340382110731,0.1299735179082394,0.2135,0.18944920163463813,0.2936515106735386,0.833125,0.7448189340807735,0.5475391007244147,0,10
0.142,0.071,0.08900000000000045,0.04667976006794857,0.11332918111895464,0.11233333333333333,0.0436928674576107,0.13340965564874244,0.16125,0.07297088460476417,0.2703205090314557,0.762375,0.7254112364421469,0.5150959726664616,0,11
0.033,-0.10899999999999999,0.08200000000000045,0.055326304774503454,0.07316459055947733,0.09066666666666666,0.04572818241159772,0.10472118260624459,0.13808333333333334,0.06477577876917685,0.23380966148815485,0.683875,0.6963890911727085,0.47652829485314463,1,0
0.258,0.225,0.14433333333333379,0.1125181466845886,0.16558229527973867,0.11666666666666665,0.08279049864971422,0.14851513043303186,0.14525,0.07309287367329323,0.23753125202843872,0.6218750000000001,0.6631621424462623,0.4590460312648931,1,0
0.112,-0.14600000000000002,0.13433333333333378,0.11415048547130491,0.13879114763986933,0.11166666666666668,0.08185515662845155,0.13808223602359418,0.13866666666666666,0.07214925607043346,0.21821875171637123,0.5492916666666666,0.6161039211583309,0.4312823487637017,0,1
1.093,0.981,0.48766666666666714,0.5292922947987574,0.6158955738199346,0.2848333333333333,0.4033040622987427,0.41091588287399583,0.20966666666666667,0.28556939399711684,0.3528004822215449,0.5292083333333334,0.5884502106060657,0.4842197608626056,1,0
0.617,-0.476,0.6073333333333338,0.49057143550489635,0.6164477869099674,0.3758333333333333,0.40698767385102474,0.4697970591957113,0.25066666666666665,0.3068355595527714,0.3934465618797688,0.4679166666666666,0.48687154958685563,0.4948421799935972,0,1
0.793,0.17600000000000005,0.8343333333333338,0.24067682342372476,0.7047238934549838,0.48433333333333334,0.4187866600868132,0.5621407565683653,0.29833333333333334,0.3439884599896664,0.4549163215905736,0.42816666666666664,0.4109222571841056,0.5186948055941095,0,2
0.593,-0.20000000000000007,0.6676666666666672,0.1092031745570371,0.6488619467274919,0.5776666666666667,0.3557390429326923,0.570957683263118,0.33416666666666667,0.3509355893590582,0.476159964422793,0.3837916666666667,0.3197236550205745,0.5246392211465808,0,3
0.44,-0.15299999999999997,0.6086666666666671,0.1770207144187784,0.5444309733637459,0.608,0.32984723736906035,0.5335412023307986,0.36233333333333334,0.34410525169259754,0.47059689297313256,0.37070833333333336,0.31019846090032877,0.5178680834548544,0,4
0.391,-0.04899999999999999,0.47466666666666707,0.10536761045660403,0.46771548668187296,0.6545,0.2577190330573223,0.492815144521999,0.3830833333333334,0.3370461145501235,0.45835121713111215,0.35133333333333333,0.2925915191892182,0.5077186367784661,0,5
0.36,-0.031000000000000028,0.39700000000000046,0.04033608806021353,0.4138577433409365,0.5323333333333334,0.16552663431202833,0.4548679603728564,0.40858333333333335,0.3210826736735181,0.44322026064940256,0.33429166666666665,0.27879281370046105,0.4959011458361888,0,6
0.469,0.10899999999999999,0.4066666666666671,0.056163451935708465,0.44142887167046824,0.5076666666666667,0.16136129234320098,0.45890568598061166,0.44175000000000003,0.303093482428954,0.44718637439564835,0.327625,0.27329802374443585,0.4937490541692937,0,7
0.538,0.06900000000000006,0.4556666666666671,0.08974593769823039,0.4897144358352341,0.46516666666666673,0.08815308654078999,0.4815040614147226,0.47475,0.2887068739931743,0.4611577014117024,0.318,0.26086261584947673,0.49728912983575024,0,8
0.576,0.03799999999999992,0.5276666666666671,0.05424327915359336,0.532857217917617,0.4623333333333333,0.0833658603186461,0.5085029010105161,0.5199999999999999,0.253593447004527,0.4788257473483636,0.3290416666666666,0.26610907851231264,0.5035859994488903,0,9
0.244,-0.33199999999999996,0.45266666666666716,0.18170672341257668,0.3884286089588085,0.4296666666666667,0.12289616213156553,0.43293064357894007,0.5188333333333334,0.2549370094511197,0.4426987092947692,0.3320416666666667,0.2646636058761533,0.48281911949297907,1,0
0.115,-0.129,0.3116666666666671,0.2378325741637058,0.25171430447940424,0.38366666666666666,0.17907614767653476,0.34209331684210004,0.5190833333333332,0.25450288740399624,0.39228352324942006,0.328875,0.26686999155264696,0.45339358993354073,0,1
0.162,0.047,0.1736666666666671,0.06528654787423363,0.20685715223970214,0.3506666666666667,0.20118813748993283,0.2906380834586429,0.4415,0.19963307250144002,0.35685528890335544,0.32558333333333334,0.2684833274180257,0.4300821027388575,0,2
0.213,0.05099999999999999,0.16333333333333377,0.04901360355385633,0.20992857611985105,0.30800000000000005,0.19819687182193743,0.26845577389903064,0.4078333333333333,0.20140363512713927,0.3347237059951469,0.32925,0.26621620014078184,0.4127155345197489,0,3
0.32,0.10700000000000001,0.23166666666666713,0.0806370469036076,0.26496428805992556,0.2716666666666667,0.16476245527021074,0.28318269564216475,0.36841666666666667,0.16150286140631034,0.332458520457432,0.33337500000000003,0.26523112357536205,0.405298291758169,0,4
1.404,1.0839999999999999,0.645666666666667,0.6589114760977642,0.8344821440299628,0.4096666666666667,0.49214415232395886,0.6034162111729747,0.43599999999999994,0.33765232252879956,0.4973110557716732,0.3850833333333334,0.34078131667846256,0.4851944284175155,1,0
1.492,0.08800000000000008,1.0720000000000003,0.6527357811549795,1.1632410720149813,0.6176666666666667,0.6473708880283913,0.8572972936949819,0.5236666666666667,0.45497199381007686,0.6503401241144927,0.443,0.4030135395287397,0.5657388741441143,0,1
2.266,0.774,1.720666666666667,0.47431775565894124,1.7146205360074906,0.9761666666666667,0.8704758277325497,1.2597837812107011,0.6799166666666667,0.6743448616429458,0.8989031819430323,0.5315,0.5429553588824173,0.7017597642125851,0,2
0.856,-1.4100000000000001,1.5380000000000005,0.706124634891038,1.2853102680037454,1.0918333333333334,0.7822967254607854,1.1444169865790723,0.72125,0.6681254815458771,0.892302692413335,0.5649166666666666,0.5369359865227813,0.7140989830755783,0,3
1.044,0.18800000000000006,1.3886666666666672,0.7655856146332265,1.1646551340018727,1.2303333333333333,0.6595130526886238,1.1157264189850515,0.7691666666666667,0.6690083344138193,0.9156407397343604,0.6054583333333333,0.5347500821527029,0.740491064429532,0,4
1.051,0.006999999999999895,0.9836666666666671,0.11061796116967297,1.1078275670009363,1.3521666666666665,0.5077757050772195,1.0972331564178939,0.8119166666666667,0.6692842117222004,0.9364652413136896,0.6433333333333333,0.5326843968680424,0.7653317792751696,0,5
1.066,0.015000000000000124,1.0536666666666672,0.01123981020014427,1.086913783500468,1.2958333333333334,0.5194891400853991,1.0883093974413527,0.85275,0.6685294751100433,0.9563936657269682,0.686375,0.5228679118676846,0.7893852369331561,0,6
1.658,0.5919999999999999,1.2583333333333337,0.3462027344394253,1.372456891750234,1.3235000000000001,0.5361782352912143,1.2510781410295375,0.9705833333333334,0.6760502211486602,1.0643331017689732,0.7447083333333334,0.5503703479726528,0.8588744179785036,0,7
1.2,-0.45799999999999996,1.3080000000000005,0.31042551441529725,1.286228445875117,1.1458333333333335,0.27385720123207913,1.2364843864496695,1.061,0.6215808292352074,1.0852049322660542,0.7900416666666666,0.5407129334954711,0.8861644645402234,0,8
1.308,0.1080000000000001,1.3886666666666672,0.23941874056417398,1.2971142229375585,1.2211666666666667,0.23800539209578314,1.256917418892621,1.1565,0.55541589658725,1.119481096532815,0.7989999999999999,0.5476865177627918,0.9199113073770055,0,9
1.586,0.278,1.3646666666666671,0.1991414907379557,1.4415571114687793,1.3115,0.25922480591178143,1.3509410134947293,1.2709166666666667,0.4796342277446876,1.1912532355277665,0.839375,0.5689889440738396,0.9731984027868451,0,10
1.33,-0.256,1.4080000000000004,0.1545444919756183,1.3857785557343898,1.3579999999999999,0.22605132160640137,1.3449578667819495,1.3550833333333332,0.3747458431653342,1.2125988916004178,0.8617499999999999,0.5775796764159016,1.0017425305638976,0,11
0.676,-0.654,1.1973333333333338,0.46928172064692153,1.030889277867195,1.2930000000000001,0.3492867017222396,1.1538270477013925,1.2944166666666665,0.4220485664283707,1.1300452159695844,0.8652083333333332,0.5761472471185823,0.9756831281187859,0,12
0.712,0.03599999999999992,0.9060000000000005,0.36763568923596357,0.8714446389335975,1.1353333333333335,0.3647435628858549,1.0275907483581377,1.2294166666666666,0.4481116862271434,1.065730567358879,0.8765416666666667,0.5700624663839148,0.954588477869283,0,13
0.8,0.08800000000000008,0.7293333333333338,0.06379132647417889,0.8357223194667988,1.0686666666666669,0.3864684549438255,0.9625648202558126,1.10725,0.3218755052952797,1.024848941611359,0.8935833333333333,0.5609570949001735,0.9422213996397404,0,14
0.836,0.03599999999999992,0.7826666666666671,0.06379132647417897,0.8358611597333994,0.9900000000000002,0.37590211491823383,0.9264034430398662,1.1055833333333334,0.32334317776328814,0.9957952582865346,0.9134166666666667,0.5495705767602387,0.9337236876685613,0,15
0.657,-0.17899999999999994,0.7643333333333339,0.09468016335714297,0.7464305798666997,0.8351666666666668,0.2523271025210488,0.8494310307427616,1.0733333333333335,0.34837449372591656,0.9436729108578369,0.92125,0.5442749664741494,0.9115857926550764,0,16
